dataset_name,dataset_dir,task_type,n_train,n_val,n_test,n_features,n_classes,accuracy,f1,balanced_accuracy,roc_auc,log_loss,fit_seconds,predict_seconds,status,error,n_train_a,n_train_b,n_holdout_c,n_test_d,ttt_loss,ttt_wise_ft,ttt_wise_alpha,ttt_wise_applied,ttt_steps,ttt_lr,ttt_applied,ttt_update_seconds,ttt_split_strategy,ttt_split_reason,ttt_epochs,ttt_chunks_per_epoch,ttt_batch_mode,ttt_val_eval_metric,ttt_val_baseline_metric,ttt_val_best_metric,ttt_val_baseline_accuracy,ttt_val_best_accuracy,ttt_best_epoch,ttt_stopped_early,ttt_oom_fallback,ttt_fallback_reason,ttt_c_selection,ttt_c_source,ttt_c_metric,ttt_c_f_distance_mean,ttt_c_f_distance_std,ttt_c_fallback_reason,ttt_c_label_coverage_ok
Amazon_employee_access,/home/crc00006699/zh/tabiclv2/data184/Amazon_employee_access,binclass,26215,5243,6554,7,2,0.9452242905096124,0.930571897145372,0.580869964641663,0.8358693771164262,0.1653962766696204,31.549978256225582,12.64788007736206,ok,,26215,20972,0,6554,0.2014542445540428,True,0.1,False,30,1e-05,True,31.326555252075195,full_train_epoch_chunks,full train set chunked per epoch | validation=dataset_val_split | c_selection=f_mmd c_source=test c_metric=standardized_l2 | f_mmd_reserved_context=5% source=test | wise_ft_skipped rows=32769>=2000,30,3,epoch_chunk,accuracy,0.9488842265878314,0.9498378790768645,0.9488842265878314,0.9498378790768645,2,True,False,,f_mmd,test,standardized_l2,3.626854706595408,0.7188123557025776,,True
BNG(breast-w),/home/crc00006699/zh/tabiclv2/data184/BNG(breast-w),binclass,31492,6299,7874,9,2,0.9880619761239524,0.9880733760592986,0.987740767303567,0.9991698819002448,0.0328558699416148,68.99707436561584,20.304658889770508,ok,,31492,25193,0,7874,0.0294945631176233,True,0.1,False,66,1e-05,True,68.74145936965942,full_train_epoch_chunks,full train set chunked per epoch | validation=dataset_val_split | c_selection=f_mmd c_source=test c_metric=standardized_l2 | f_mmd_reserved_context=5% source=test | wise_ft_skipped rows=39366>=2000,30,3,epoch_chunk,accuracy,0.98714081600254,0.9882521035084936,0.98714081600254,0.9882521035084936,14,True,False,,f_mmd,test,standardized_l2,4.266356135759504,0.7553151369521889,,True
BNG(tic-tac-toe),/home/crc00006699/zh/tabiclv2/data184/BNG(tic-tac-toe),binclass,31492,6299,7874,9,2,0.8166116332232665,0.8149354946773739,0.7893788148952556,0.8844784184425829,0.4038191149653911,61.823387145996094,20.585874319076535,ok,,31492,25193,0,7874,0.4527328312397003,True,0.1,False,57,1e-05,True,61.50396609306336,full_train_epoch_chunks,full train set chunked per epoch | validation=dataset_val_split | c_selection=f_mmd c_source=test c_metric=standardized_l2 | f_mmd_reserved_context=5% source=test | wise_ft_skipped rows=39366>=2000,30,3,epoch_chunk,accuracy,0.805048420384188,0.8096523257659946,0.805048420384188,0.8096523257659946,11,True,False,,f_mmd,test,standardized_l2,1.8408121454446684,0.1126048979836661,,True
Basketball_c,/home/crc00006699/zh/tabiclv2/data184/Basketball_c,binclass,1072,215,268,11,2,0.7052238805970149,0.7037074294809892,0.6826718639262934,0.7432671863926293,0.5779448627367926,3.345965623855591,0.400592565536499,ok,,1072,857,0,268,0.6099412739276886,True,0.1,True,8,1e-05,True,3.31193470954895,full_train_epoch_chunks,full train set chunked per epoch | validation=dataset_val_split | c_selection=f_mmd c_source=test c_metric=standardized_l2 | f_mmd_reserved_context=5% source=test | wise_ft=alpha0.1 rows=1340<2000,30,1,epoch_chunk,accuracy,0.7581395348837209,0.7581395348837209,0.7581395348837209,0.7581395348837209,0,True,False,,f_mmd,test,standardized_l2,4.580026916701443,1.8472818550739796,,True
Cardiovascular-Disease-dataset,/home/crc00006699/zh/tabiclv2/data184/Cardiovascular-Disease-dataset,binclass,56000,11200,14000,11,2,0.734,0.7335426830883847,0.7339764029310704,0.8007744451508393,0.5421019989156881,98.34176516532898,60.19929385185242,ok,,56000,44800,0,14000,0.5484641790390015,True,0.1,False,75,1e-05,True,97.83914947509766,full_train_epoch_chunks,full train set chunked per epoch | validation=dataset_val_split | c_selection=f_mmd c_source=test c_metric=standardized_l2 | f_mmd_reserved_context=5% source=test | wise_ft_skipped rows=70000>=2000,30,5,epoch_chunk,accuracy,0.7303571428571428,0.7335714285714285,0.7303571428571428,0.7335714285714285,7,True,False,,f_mmd,test,standardized_l2,6.554668299698499,33.66639040487303,,True
Contaminant-detection-in-packaged-cocoa-hazelnut-spread-jars-using-Microwaves-Sensing-and-Machine-Learning-10.0GHz(Urbinati),/home/crc00006699/zh/tabiclv2/data184/Contaminant-detection-in-packaged-cocoa-hazelnut-spread-jars-using-Microwaves-Sensing-and-Machine-Learning-10.0GHz(Urbinati),binclass,1920,384,480,30,2,0.9791666666666666,0.9791724553116606,0.9796996662958845,0.995950361512792,0.0673751966205706,7.530790328979492,0.9323329925537108,ok,,1920,1536,0,480,0.140534833073616,True,0.1,False,12,1e-05,True,7.455628156661987,full_train_epoch_chunks,full train set chunked per epoch | validation=dataset_val_split | c_selection=f_mmd c_source=test c_metric=standardized_l2 | f_mmd_reserved_context=5% source=test | wise_ft_skipped rows=2400>=2000,30,1,epoch_chunk,accuracy,0.9661458333333334,0.96875,0.9661458333333334,0.96875,4,True,False,,f_mmd,test,standardized_l2,3.474111017300537,0.5011058777592405,,True
Contaminant-detection-in-packaged-cocoa-hazelnut-spread-jars-using-Microwaves-Sensing-and-Machine-Learning-11.0GHz(Urbinati),/home/crc00006699/zh/tabiclv2/data184/Contaminant-detection-in-packaged-cocoa-hazelnut-spread-jars-using-Microwaves-Sensing-and-Machine-Learning-11.0GHz(Urbinati),binclass,1920,384,480,30,2,0.9625,0.9625097671511172,0.9631535038932146,0.9924395161290324,0.1094270479263961,5.4486985206604,0.9342315196990968,ok,,1920,1536,0,480,0.0843146853148937,True,0.1,False,10,1e-05,True,5.378470182418823,full_train_epoch_chunks,full train set chunked per epoch | validation=dataset_val_split | c_selection=f_mmd c_source=test c_metric=standardized_l2 | f_mmd_reserved_context=5% source=test | wise_ft_skipped rows=2400>=2000,30,1,epoch_chunk,accuracy,0.9713541666666666,0.9765625,0.9713541666666666,0.9765625,2,True,False,,f_mmd,test,standardized_l2,2.7700159416008105,0.3098385256639133,,True
Contaminant-detection-in-packaged-cocoa-hazelnut-spread-jars-using-Microwaves-Sensing-and-Machine-Learning-9.5GHz(Urbinati),/home/crc00006699/zh/tabiclv2/data184/Contaminant-detection-in-packaged-cocoa-hazelnut-spread-jars-using-Microwaves-Sensing-and-Machine-Learning-9.5GHz(Urbinati),binclass,1920,384,480,30,2,0.9625,0.9625104195609891,0.9630144605116796,0.99389947163515,0.099382805820121,9.201101303100586,0.919928789138794,ok,,1920,1536,0,480,0.1031671464443206,True,0.1,False,18,1e-05,True,9.129693031311035,full_train_epoch_chunks,full train set chunked per epoch | validation=dataset_val_split | c_selection=f_mmd c_source=test c_metric=standardized_l2 | f_mmd_reserved_context=5% source=test | wise_ft_skipped rows=2400>=2000,30,1,epoch_chunk,accuracy,0.9505208333333334,0.9583333333333334,0.9505208333333334,0.9583333333333334,10,True,False,,f_mmd,test,standardized_l2,3.0647206884737748,0.2426838793945971,,True
Customer_Personality_Analysis,/home/crc00006699/zh/tabiclv2/data184/Customer_Personality_Analysis,binclass,1792,359,448,24,2,0.8973214285714286,0.8876877416476654,0.724370274611196,0.9121910134367532,0.2450477720293801,5.652637243270874,0.80810546875,ok,,1792,1433,0,448,0.2160096541047096,True,0.1,False,10,1e-05,True,5.588452577590942,full_train_epoch_chunks,full train set chunked per epoch | validation=dataset_val_split | c_selection=f_mmd c_source=test c_metric=standardized_l2 | f_mmd_reserved_context=5% source=test | wise_ft_skipped rows=2240>=2000,30,1,epoch_chunk,accuracy,0.8746518105849582,0.883008356545961,0.8746518105849582,0.883008356545961,2,True,False,,f_mmd,test,standardized_l2,4.672547501062974,1.1700370204343216,,True
E-CommereShippingData,/home/crc00006699/zh/tabiclv2/data184/E-CommereShippingData,binclass,8799,1760,2200,10,2,0.6781818181818182,0.6660239204726935,0.7285595179932528,0.7268632725730295,0.5041213927973524,10.21282124519348,3.074049472808838,ok,,8799,7039,0,2200,0.5008893609046936,True,0.1,False,10,1e-05,True,10.1219379901886,full_train_epoch_chunks,full train set chunked per epoch | validation=dataset_val_split | c_selection=f_mmd c_source=test c_metric=standardized_l2 | f_mmd_reserved_context=5% source=test | wise_ft_skipped rows=10999>=2000,30,1,epoch_chunk,accuracy,0.6823863636363636,0.6835227272727272,0.6823863636363636,0.6835227272727272,2,True,False,,f_mmd,test,standardized_l2,2.462655441028002,0.413209532243618,,True
FICO-HELOC-cleaned,/home/crc00006699/zh/tabiclv2/data184/FICO-HELOC-cleaned,binclass,7896,1580,1975,23,2,0.7508860759493671,0.7506543811671099,0.7498007223301928,0.8264810234243711,0.5122935712427273,14.04495644569397,3.516809225082397,ok,,7896,6316,0,1975,0.5378931164741516,True,0.1,False,11,1e-05,True,13.87756872177124,full_train_epoch_chunks,full train set chunked per epoch | validation=dataset_val_split | c_selection=f_mmd c_source=test c_metric=standardized_l2 | f_mmd_reserved_context=5% source=test | wise_ft_skipped rows=9871>=2000,30,1,epoch_chunk,accuracy,0.7493670886075949,0.7518987341772152,0.7493670886075949,0.7518987341772152,3,True,False,,f_mmd,test,standardized_l2,4.485100134651286,4.018561708468314,,True
FOREX_audcad-hour-High,/home/crc00006699/zh/tabiclv2/data184/FOREX_audcad-hour-High,binclass,35060,7012,8765,10,2,0.7140901312036508,0.7140077714402996,0.7136164411144799,0.79003047140579,0.5535009629774319,44.97074389457703,24.802358865737915,ok,,35060,28048,0,8765,0.5555899143218994,True,0.1,False,33,1e-05,True,44.67173433303833,full_train_epoch_chunks,full train set chunked per epoch | validation=dataset_val_split | c_selection=f_mmd c_source=test c_metric=standardized_l2 | f_mmd_reserved_context=5% source=test | wise_ft_skipped rows=43825>=2000,30,3,epoch_chunk,accuracy,0.7129207073588134,0.7180547632629778,0.7129207073588134,0.7180547632629778,3,True,False,,f_mmd,test,standardized_l2,5.709728118445561,4.425062077440993,,True
FOREX_audjpy-day-High,/home/crc00006699/zh/tabiclv2/data184/FOREX_audjpy-day-High,binclass,1465,293,367,10,2,0.782016348773842,0.7815679029797274,0.7808394269068426,0.8549432257297427,0.4754834207039657,4.574486255645752,0.4895551204681396,ok,,1465,1172,0,367,0.5924577116966248,True,0.1,True,13,1e-05,True,4.540750741958618,full_train_epoch_chunks,full train set chunked per epoch | validation=dataset_val_split | c_selection=f_mmd c_source=test c_metric=standardized_l2 | f_mmd_reserved_context=5% source=test | wise_ft=alpha0.1 rows=1832<2000,30,1,epoch_chunk,accuracy,0.757679180887372,0.7610921501706485,0.757679180887372,0.7610921501706485,5,True,False,,f_mmd,test,standardized_l2,4.970620801922388,1.6582297571052496,,True
FOREX_audsgd-hour-High,/home/crc00006699/zh/tabiclv2/data184/FOREX_audsgd-hour-High,binclass,35060,7012,8765,10,2,0.7115801483171705,0.7116116964285589,0.7114563113980452,0.7878797851078838,0.5538104307185368,59.97601008415222,24.91838812828064,ok,,35060,28048,0,8765,0.5670973062515259,True,0.1,False,48,1e-05,True,59.63457894325256,full_train_epoch_chunks,full train set chunked per epoch | validation=dataset_val_split | c_selection=f_mmd c_source=test c_metric=standardized_l2 | f_mmd_reserved_context=5% source=test | wise_ft_skipped rows=43825>=2000,30,3,epoch_chunk,accuracy,0.6835424985738734,0.7173416999429549,0.6835424985738734,0.7173416999429549,8,True,False,,f_mmd,test,standardized_l2,4.313698670596081,1.5991679448916338,,True
FOREX_cadjpy-day-High,/home/crc00006699/zh/tabiclv2/data184/FOREX_cadjpy-day-High,binclass,1467,294,367,10,2,0.7247956403269755,0.7242388158431727,0.7249198146828225,0.7930327868852458,0.5528721097449814,3.321946382522583,0.5189626216888428,ok,,1467,1173,0,367,0.5329850614070892,True,0.1,True,8,1e-05,True,3.2889628410339355,full_train_epoch_chunks,full train set chunked per epoch | validation=dataset_val_split | c_selection=f_mmd c_source=test c_metric=standardized_l2 | f_mmd_reserved_context=5% source=test | wise_ft=alpha0.1 rows=1834<2000,30,1,epoch_chunk,accuracy,0.7142857142857143,0.7142857142857143,0.7142857142857143,0.7142857142857143,0,True,False,,f_mmd,test,standardized_l2,5.276405738110375,1.913419578032165,,True
Firm-Teacher_Clave-Direction_Classification,/home/crc00006699/zh/tabiclv2/data184/Firm-Teacher_Clave-Direction_Classification,multiclass,8640,1728,2160,16,4,0.8833333333333333,0.8827900342212819,0.8099954956457909,0.972292192617352,0.3044336116950819,21.451116800308228,3.4248220920562744,ok,,8640,6912,0,2160,0.3047401905059814,True,0.1,False,19,1e-05,True,21.284386157989506,full_train_epoch_chunks,full train set chunked per epoch | validation=dataset_val_split | c_selection=f_mmd c_source=test c_metric=standardized_l2 | f_mmd_reserved_context=5% source=test | wise_ft_skipped rows=10800>=2000,30,1,epoch_chunk,accuracy,0.8657407407407407,0.8692129629629629,0.8657407407407407,0.8692129629629629,11,True,False,,f_mmd,test,standardized_l2,1.274359597653101,0.0032793621499831,,True
GAMETES_Epistasis_2-Way_20atts_0.1H_EDM-1_1,/home/crc00006699/zh/tabiclv2/data184/GAMETES_Epistasis_2-Way_20atts_0.1H_EDM-1_1,binclass,1280,256,320,20,2,0.66875,0.6640120448512223,0.66875,0.7199414062499999,0.6107800374715744,7.532111167907715,0.5413370132446289,ok,,1280,1024,0,320,0.6610768735408783,True,0.1,True,17,1e-05,True,7.467487335205078,full_train_epoch_chunks,full train set chunked per epoch | validation=dataset_val_split | c_selection=f_mmd c_source=test c_metric=standardized_l2 | f_mmd_reserved_context=5% source=test | wise_ft=alpha0.1 rows=1600<2000,30,1,epoch_chunk,accuracy,0.6171875,0.66015625,0.6171875,0.66015625,9,True,False,,f_mmd,test,standardized_l2,2.251024782293219,0.2753977890508877,,True
Gender_Gap_in_Spanish_WP,/home/crc00006699/zh/tabiclv2/data184/Gender_Gap_in_Spanish_WP,multiclass,3796,760,950,13,3,0.6147368421052631,0.5666613381033342,0.429399230055347,0.7077724411155019,0.7909878049580111,5.707674980163574,1.2790086269378662,ok,,3796,3036,0,950,0.8002941608428955,True,0.1,False,10,1e-05,True,5.654852867126465,full_train_epoch_chunks,full train set chunked per epoch | validation=dataset_val_split | c_selection=f_mmd c_source=test c_metric=standardized_l2 | f_mmd_reserved_context=5% source=test | wise_ft_skipped rows=4746>=2000,30,1,epoch_chunk,accuracy,0.6223684210526316,0.6263157894736842,0.6223684210526316,0.6263157894736842,2,True,False,,f_mmd,test,standardized_l2,16.14778049799599,30.14246577788064,,True
HR_Analytics_Job_Change_of_Data_Scientists,/home/crc00006699/zh/tabiclv2/data184/HR_Analytics_Job_Change_of_Data_Scientists,binclass,15326,3066,3832,13,2,0.8006263048016702,0.8038227287013736,0.7510998040061364,0.8091460163382814,0.4309694476566199,33.87370228767395,7.001667261123657,ok,,15326,12260,0,3832,0.387950450181961,True,0.1,False,36,1e-05,True,33.65648174285889,full_train_epoch_chunks,full train set chunked per epoch | validation=dataset_val_split | c_selection=f_mmd c_source=test c_metric=standardized_l2 | f_mmd_reserved_context=5% source=test | wise_ft_skipped rows=19158>=2000,30,2,epoch_chunk,accuracy,0.8056099151989563,0.8072407045009785,0.8056099151989563,0.8072407045009785,10,True,False,,f_mmd,test,standardized_l2,2.5772490099793504,0.3069183235157503,,True
INNHotelsGroup,/home/crc00006699/zh/tabiclv2/data184/INNHotelsGroup,binclass,29020,5804,7255,17,2,0.9051688490696072,0.9046198181015956,0.886879273714908,0.9638504714874662,0.2197490583087991,60.79703879356384,19.787487745285038,ok,,29020,23216,0,7255,0.3113498389720917,True,0.1,False,51,1e-05,True,60.35967803001404,full_train_epoch_chunks,full train set chunked per epoch | validation=dataset_val_split | c_selection=f_mmd c_source=test c_metric=standardized_l2 | f_mmd_reserved_context=5% source=test | wise_ft_skipped rows=36275>=2000,30,3,epoch_chunk,accuracy,0.9019641626464509,0.9057546519641626,0.9019641626464509,0.9057546519641626,9,True,False,,f_mmd,test,standardized_l2,6.15761473627451,9.39666760616813,,True
Intersectional-Bias-Assessment,/home/crc00006699/zh/tabiclv2/data184/Intersectional-Bias-Assessment,binclass,8800,1760,2200,19,2,0.9454545454545454,0.94545499625274,0.9454639072160772,0.9901260464266736,0.1307919394512703,15.71222758293152,3.85583758354187,ok,,8800,7040,0,2200,0.1166453137993812,True,0.1,False,13,1e-05,True,15.555104732513428,full_train_epoch_chunks,full train set chunked per epoch | validation=dataset_val_split | c_selection=f_mmd c_source=test c_metric=standardized_l2 | f_mmd_reserved_context=5% source=test | wise_ft_skipped rows=11000>=2000,30,1,epoch_chunk,accuracy,0.9522727272727272,0.9539772727272728,0.9522727272727272,0.9539772727272728,5,True,False,,f_mmd,test,standardized_l2,2.246525388968858,0.2827963217985475,,True
JapaneseVowels,/home/crc00006699/zh/tabiclv2/data184/JapaneseVowels,multiclass,7968,1594,1993,14,9,0.9994982438534872,0.999498083906782,0.9993540051679586,1.0,0.0009689894463353,12.512909173965454,3.012770414352417,ok,,7968,6374,0,1993,0.0051169290672987,True,0.1,False,13,1e-05,True,12.408549785614014,full_train_epoch_chunks,full train set chunked per epoch | validation=dataset_val_split | c_selection=f_mmd c_source=test c_metric=standardized_l2 | f_mmd_reserved_context=5% source=test | wise_ft_skipped rows=9961>=2000,30,1,epoch_chunk,accuracy,0.9962358845671268,0.9968632371392724,0.9962358845671268,0.9968632371392724,5,True,False,,f_mmd,test,standardized_l2,2.4518382121734565,0.3377310441453976,,True
KDDCup09_upselling,/home/crc00006699/zh/tabiclv2/data184/KDDCup09_upselling,binclass,4102,821,1026,49,2,0.8128654970760234,0.8106894642966972,0.8128654970760234,0.9116594279721396,0.359776063353384,23.42644023895264,2.5483062267303467,ok,,4102,3281,0,1026,0.3345171064138412,True,0.1,False,22,1e-05,True,23.209023237228397,full_train_epoch_chunks,full train set chunked per epoch | validation=dataset_val_split | c_selection=f_mmd c_source=test c_metric=standardized_l2 | f_mmd_reserved_context=5% source=test | wise_ft_skipped rows=5128>=2000,30,1,epoch_chunk,accuracy,0.8014616321559074,0.8124238733252132,0.8014616321559074,0.8124238733252132,14,True,False,,f_mmd,test,standardized_l2,7.833671778281293,21.96172061478189,,True
MIC,/home/crc00006699/zh/tabiclv2/data184/MIC,binclass,1319,264,330,104,2,0.9090909090909092,0.8995772562318263,0.7459413873076113,0.8813690350692248,0.2664889541175661,12.48581838607788,1.4624152183532717,ok,,1319,1055,0,330,0.2660883069038391,True,0.1,True,12,1e-05,True,12.22444772720337,full_train_epoch_chunks,full train set chunked per epoch | validation=dataset_val_split | c_selection=f_mmd c_source=test c_metric=standardized_l2 | f_mmd_reserved_context=5% source=test | wise_ft=alpha0.1 rows=1649<2000,30,1,epoch_chunk,accuracy,0.8712121212121212,0.8787878787878788,0.8712121212121212,0.8787878787878788,4,True,False,,f_mmd,test,standardized_l2,5.712530890529921,2.467797472822383,,True
Marketing_Campaign,/home/crc00006699/zh/tabiclv2/data184/Marketing_Campaign,binclass,1792,359,448,27,2,0.8839285714285714,0.8741572521865889,0.7041955576448466,0.9262153797939436,0.2388477849658185,5.261039733886719,0.7940464019775391,ok,,1792,1433,0,448,0.2153789103031158,True,0.1,False,10,1e-05,True,5.187350034713745,full_train_epoch_chunks,full train set chunked per epoch | validation=dataset_val_split | c_selection=f_mmd c_source=test c_metric=standardized_l2 | f_mmd_reserved_context=5% source=test | wise_ft_skipped rows=2240>=2000,30,1,epoch_chunk,accuracy,0.9080779944289692,0.9108635097493036,0.9080779944289692,0.9108635097493036,2,True,False,,f_mmd,test,standardized_l2,4.276515050841072,2.1214029418271223,,True
National_Health_and_Nutrition_Health_Survey,/home/crc00006699/zh/tabiclv2/data184/National_Health_and_Nutrition_Health_Survey,binclass,1822,365,456,7,2,0.8355263157894737,0.7856376835505693,0.5306520261811939,0.7762080188847956,0.3779973260793976,3.265493631362915,0.5187375545501709,ok,,1822,1457,0,456,0.3902346342802048,True,0.1,False,8,1e-05,True,3.2347536087036133,full_train_epoch_chunks,full train set chunked per epoch | validation=dataset_val_split | c_selection=f_mmd c_source=test c_metric=standardized_l2 | f_mmd_reserved_context=5% source=test | wise_ft_skipped rows=2278>=2000,30,1,epoch_chunk,accuracy,0.8547945205479452,0.8547945205479452,0.8547945205479452,0.8547945205479452,0,True,False,,f_mmd,test,standardized_l2,7.836993826876295,8.426130310236019,,True
PhishingWebsites,/home/crc00006699/zh/tabiclv2/data184/PhishingWebsites,binclass,8844,1769,2211,30,2,0.979194934418815,0.979176484146924,0.9780910658333196,0.9987682156534424,0.0451134050885528,35.00108861923218,4.452686548233032,ok,,8844,7075,0,2211,0.0540725160390138,True,0.1,False,25,1e-05,True,34.733906745910645,full_train_epoch_chunks,full train set chunked per epoch | validation=dataset_val_split | c_selection=f_mmd c_source=test c_metric=standardized_l2 | f_mmd_reserved_context=5% source=test | wise_ft_skipped rows=11055>=2000,30,1,epoch_chunk,accuracy,0.9756924816280385,0.9802148106274732,0.9756924816280385,0.9802148106274732,17,True,False,,f_mmd,test,standardized_l2,3.127134346417661,0.4269832047916642,,True
Pima_Indians_Diabetes_Database,/home/crc00006699/zh/tabiclv2/data184/Pima_Indians_Diabetes_Database,binclass,614,123,154,8,2,0.7272727272727273,0.7179459691252145,0.675,0.8594444444444445,0.4658584971330339,3.00525450706482,0.4747428894042969,ok,,614,491,0,154,0.4685834497213363,True,0.1,True,8,1e-05,True,2.979634523391724,full_train_epoch_chunks,full train set chunked per epoch | validation=dataset_val_split | c_selection=f_mmd c_source=test c_metric=standardized_l2 | f_mmd_reserved_context=5% source=test | wise_ft=alpha0.1 rows=768<2000,30,1,epoch_chunk,accuracy,0.7967479674796748,0.7967479674796748,0.7967479674796748,0.7967479674796748,0,True,False,,f_mmd,test,standardized_l2,4.29744305286492,1.2550670932773182,,True
Pumpkin_Seeds,/home/crc00006699/zh/tabiclv2/data184/Pumpkin_Seeds,binclass,2000,400,500,12,2,0.886,0.885942857142857,0.8854166666666667,0.9485256410256412,0.2939383005615048,5.807374000549316,0.7015583515167236,ok,,2000,1600,0,500,0.2588962614536285,True,0.1,False,15,1e-05,True,5.768739700317383,full_train_epoch_chunks,full train set chunked per epoch | validation=dataset_val_split | c_selection=f_mmd c_source=test c_metric=standardized_l2 | f_mmd_reserved_context=5% source=test | wise_ft_skipped rows=2500>=2000,30,1,epoch_chunk,accuracy,0.865,0.8775,0.865,0.8775,7,True,False,,f_mmd,test,standardized_l2,4.323479325957341,1.5603260508387111,,True
Rain_in_Australia,/home/crc00006699/zh/tabiclv2/data184/Rain_in_Australia,multiclass,116368,23274,29092,18,3,0.8587927952701774,0.8506912384253775,0.7028226640131353,0.9220029547731272,0.346057675731828,527.1981294155121,266.2722856998444,ok,,116368,93094,0,29092,0.4089248478412628,True,0.1,False,270,1e-05,True,525.4266755580902,full_train_epoch_chunks,full train set chunked per epoch | validation=dataset_val_split | c_selection=f_mmd c_source=test c_metric=standardized_l2 | f_mmd_reserved_context=5% source=test | wise_ft_skipped rows=145460>=2000,30,10,epoch_chunk,accuracy,0.8503909942425024,0.8558906934777004,0.8503909942425024,0.8558906934777004,19,True,False,,f_mmd,test,standardized_l2,3.304736242786447,3.445176052859861,,True
Shipping,/home/crc00006699/zh/tabiclv2/data184/Shipping,binclass,8799,1760,2200,9,2,0.6895454545454546,0.6800156414688446,0.7314682480428336,0.7352213144478338,0.4991178701921096,9.219045877456663,3.1330599784851074,ok,,8799,7039,0,2200,0.5291464030742645,True,0.1,False,8,1e-05,True,9.11916995048523,full_train_epoch_chunks,full train set chunked per epoch | validation=dataset_val_split | c_selection=f_mmd c_source=test c_metric=standardized_l2 | f_mmd_reserved_context=5% source=test | wise_ft_skipped rows=10999>=2000,30,1,epoch_chunk,accuracy,0.6761363636363636,0.6761363636363636,0.6761363636363636,0.6761363636363636,0,True,False,,f_mmd,test,standardized_l2,2.5718753578300464,0.4729183355357883,,True
VulNoneVul,/home/crc00006699/zh/tabiclv2/data184/VulNoneVul,binclass,4553,911,1139,16,2,0.9894644424934153,0.9842245601854184,0.5,0.8314477965099083,0.0503382189055053,5.501676797866821,1.650440692901611,ok,,4553,3642,0,1139,0.0213877018541097,True,0.1,False,8,1e-05,True,5.424666881561279,full_train_epoch_chunks,full train set chunked per epoch | validation=dataset_val_split | c_selection=f_mmd c_source=test c_metric=standardized_l2 | f_mmd_reserved_context=5% source=test | wise_ft_skipped rows=5692>=2000,30,1,epoch_chunk,accuracy,0.9890230515916576,0.9890230515916576,0.9890230515916576,0.9890230515916576,0,True,False,,f_mmd,test,standardized_l2,10.160203666004811,10.610619381915178,,True
Waterstress,/home/crc00006699/zh/tabiclv2/data184/Waterstress,binclass,950,190,238,22,2,0.8067226890756303,0.8066544414375919,0.8079179922234005,0.8905620360551433,0.41571927335505,3.858120918273926,1.0054526329040527,ok,,950,760,0,238,0.3888069987297058,True,0.1,True,8,1e-05,True,3.807658910751343,full_train_epoch_chunks,full train set chunked per epoch | validation=dataset_val_split | c_selection=f_mmd c_source=test c_metric=standardized_l2 | f_mmd_reserved_context=5% source=test | wise_ft=alpha0.1 rows=1188<2000,30,1,epoch_chunk,accuracy,0.8263157894736842,0.8263157894736842,0.8263157894736842,0.8263157894736842,0,True,False,,f_mmd,test,standardized_l2,6.664162551711222,1.4893363023500763,,True
abalone,/home/crc00006699/zh/tabiclv2/data184/abalone,multiclass,3341,669,836,8,3,0.6435406698564593,0.6469017480005811,0.6413256710126102,0.8330331471918674,0.7397276363925402,3.807039499282837,1.0264792442321775,ok,,3341,2672,0,836,0.7157543897628784,True,0.1,False,8,1e-05,True,3.762572288513184,full_train_epoch_chunks,full train set chunked per epoch | validation=dataset_val_split | c_selection=f_mmd c_source=test c_metric=standardized_l2 | f_mmd_reserved_context=5% source=test | wise_ft_skipped rows=4177>=2000,30,1,epoch_chunk,accuracy,0.695067264573991,0.695067264573991,0.695067264573991,0.695067264573991,0,True,False,,f_mmd,test,standardized_l2,4.941358578465779,5.413631318904715,,True
ada,/home/crc00006699/zh/tabiclv2/data184/ada,binclass,3317,664,830,48,2,0.8602409638554217,0.8548972085496865,0.7802308937017675,0.9182964588000996,0.3047756415314506,7.116041421890259,2.054150342941284,ok,,3317,2653,0,830,0.3285335153341293,True,0.1,False,8,1e-05,True,6.979510307312012,full_train_epoch_chunks,full train set chunked per epoch | validation=dataset_val_split | c_selection=f_mmd c_source=test c_metric=standardized_l2 | f_mmd_reserved_context=5% source=test | wise_ft_skipped rows=4147>=2000,30,1,epoch_chunk,accuracy,0.8689759036144579,0.8689759036144579,0.8689759036144579,0.8689759036144579,0,True,False,,f_mmd,test,standardized_l2,4.338794762934014,6.53888194018922,,True
ada_prior,/home/crc00006699/zh/tabiclv2/data184/ada_prior,binclass,3649,730,913,14,2,0.8521358159912377,0.8434692831926205,0.7556992589357958,0.8984376003390657,0.3328313430580459,6.848205089569092,1.2545738220214844,ok,,3649,2919,0,913,0.3146801590919494,True,0.1,False,11,1e-05,True,6.777894735336304,full_train_epoch_chunks,full train set chunked per epoch | validation=dataset_val_split | c_selection=f_mmd c_source=test c_metric=standardized_l2 | f_mmd_reserved_context=5% source=test | wise_ft_skipped rows=4562>=2000,30,1,epoch_chunk,accuracy,0.836986301369863,0.8383561643835616,0.836986301369863,0.8383561643835616,3,True,False,,f_mmd,test,standardized_l2,4.223381226452108,2.933874905659921,,True
airlines_seed_0_nrows_2000_nclasses_10_ncols_100_stratify_True,/home/crc00006699/zh/tabiclv2/data184/airlines_seed_0_nrows_2000_nclasses_10_ncols_100_stratify_True,binclass,1600,320,400,7,2,0.5975,0.5853811999920714,0.5789300536491548,0.6772952728008909,0.6305074348895251,2.974108934402466,0.4835834503173828,ok,,1600,1280,0,400,0.6363887786865234,True,0.1,False,8,1e-05,True,2.9395463466644287,full_train_epoch_chunks,full train set chunked per epoch | validation=dataset_val_split | c_selection=f_mmd c_source=test c_metric=standardized_l2 | f_mmd_reserved_context=5% source=test | wise_ft_skipped rows=2000>=2000,30,1,epoch_chunk,accuracy,0.665625,0.665625,0.665625,0.665625,0,True,False,,f_mmd,test,standardized_l2,2.519760960365534,0.4749052057318933,,True
allrep,/home/crc00006699/zh/tabiclv2/data184/allrep,multiclass,3017,604,755,29,4,0.9841059602649008,0.983724380967196,0.775073385518591,0.9966310498500544,0.0379219152879773,8.385756492614746,1.331695795059204,ok,,3017,2413,0,755,0.028272770345211,True,0.1,False,13,1e-05,True,8.277876377105713,full_train_epoch_chunks,full train set chunked per epoch | validation=dataset_val_split | c_selection=f_mmd c_source=test c_metric=standardized_l2 | f_mmd_reserved_context=5% source=test | wise_ft_skipped rows=3772>=2000,30,1,epoch_chunk,accuracy,0.9900662251655628,0.9933774834437086,0.9900662251655628,0.9933774834437086,5,True,False,,f_mmd,test,standardized_l2,5.180888819236119,7.502598832556349,,True
artificial-characters,/home/crc00006699/zh/tabiclv2/data184/artificial-characters,multiclass,8174,1635,2044,7,10,0.9677103718199608,0.9676948321241284,0.9656163240057152,0.9995501421329956,0.0746822281767923,23.86088895797729,2.64031195640564,ok,,8174,6539,0,2044,0.2050766050815582,True,0.1,False,30,1e-05,True,23.788839101791385,full_train_epoch_chunks,full train set chunked per epoch | validation=dataset_val_split | c_selection=f_mmd c_source=test c_metric=standardized_l2 | f_mmd_reserved_context=5% source=test | wise_ft_skipped rows=10218>=2000,30,1,epoch_chunk,accuracy,0.8850152905198777,0.9437308868501528,0.8850152905198777,0.9437308868501528,29,False,False,,f_mmd,test,standardized_l2,3.462708810274597,0.9582121405367794,,True
autoUniv-au7-1100,/home/crc00006699/zh/tabiclv2/data184/autoUniv-au7-1100,multiclass,880,176,220,12,5,0.4136363636363636,0.3930515499107826,0.3966223545403469,0.743032673997545,1.3396180056038234,4.487600326538086,0.7638320922851562,ok,,880,704,0,220,1.3068721294403076,True,0.1,True,12,1e-05,True,4.451538324356079,full_train_epoch_chunks,full train set chunked per epoch | validation=dataset_val_split | c_selection=f_mmd c_source=test c_metric=standardized_l2 | f_mmd_reserved_context=5% source=test | wise_ft=alpha0.1 rows=1100<2000,30,1,epoch_chunk,accuracy,0.5340909090909091,0.5397727272727273,0.5340909090909091,0.5397727272727273,4,True,False,,f_mmd,test,standardized_l2,1.819417358002407,0.0817604692692741,,True
banknote_authentication,/home/crc00006699/zh/tabiclv2/data184/banknote_authentication,binclass,1097,220,275,4,2,0.5454545454545454,0.4458376872169975,0.498499946426658,0.5246705239472838,0.6869621655134925,3.9879324436187744,0.1706094741821289,ok,,1097,877,0,275,0.677539050579071,True,0.1,True,11,1e-05,True,3.964025735855103,full_train_epoch_chunks,full train set chunked per epoch | validation=dataset_val_split | c_selection=f_mmd c_source=test c_metric=standardized_l2 | f_mmd_reserved_context=5% source=test | wise_ft=alpha0.1 rows=1372<2000,30,1,epoch_chunk,accuracy,0.5727272727272728,0.5772727272727273,0.5727272727272728,0.5772727272727273,3,True,False,,f_mmd,test,standardized_l2,4.318591661619124,1.0112856072925065,,True
car-evaluation,/home/crc00006699/zh/tabiclv2/data184/car-evaluation,multiclass,1382,277,346,21,4,0.9855491329479767,0.985510846572902,0.9699959131777314,0.999699930314158,0.024026027147976,6.874346256256104,0.5983819961547852,ok,,1382,1105,0,346,0.0048653963021934,True,0.1,True,15,1e-05,True,6.810909748077393,full_train_epoch_chunks,full train set chunked per epoch | validation=dataset_val_split | c_selection=f_mmd c_source=test c_metric=standardized_l2 | f_mmd_reserved_context=5% source=test | wise_ft=alpha0.1 rows=1728<2000,30,1,epoch_chunk,accuracy,0.9783393501805054,1.0,0.9783393501805054,1.0,7,True,False,,f_mmd,test,standardized_l2,1.2854933727395057,0.0041006102285034,,True
cmc,/home/crc00006699/zh/tabiclv2/data184/cmc,multiclass,1178,236,295,9,3,0.6033898305084746,0.603014989366664,0.5784569217405039,0.7679852704931452,0.8682267566486507,5.113758563995361,0.4085025787353515,ok,,1178,942,0,295,0.9131743907928468,True,0.1,True,14,1e-05,True,5.07559609413147,full_train_epoch_chunks,full train set chunked per epoch | validation=dataset_val_split | c_selection=f_mmd c_source=test c_metric=standardized_l2 | f_mmd_reserved_context=5% source=test | wise_ft=alpha0.1 rows=1473<2000,30,1,epoch_chunk,accuracy,0.5254237288135594,0.538135593220339,0.5254237288135594,0.538135593220339,6,True,False,,f_mmd,test,standardized_l2,3.158996617404455,0.5584780100985502,,True
compass,/home/crc00006699/zh/tabiclv2/data184/compass,binclass,13315,2663,3329,17,2,0.8594172424151397,0.85941632905903,0.8594165078540079,0.9368158422845922,0.3210568193640463,54.337345123291016,6.078750848770142,ok,,13315,10652,0,3329,0.6044396162033081,True,0.1,False,60,1e-05,True,54.12148594856262,full_train_epoch_chunks,full train set chunked per epoch | validation=dataset_val_split | c_selection=f_mmd c_source=test c_metric=standardized_l2 | f_mmd_reserved_context=5% source=test | wise_ft_skipped rows=16644>=2000,30,2,epoch_chunk,accuracy,0.8069846038302666,0.8426586556515209,0.8069846038302666,0.8426586556515209,27,False,False,,f_mmd,test,standardized_l2,5.590307878403356,5.696671443389805,,True
contraceptive_method_choice,/home/crc00006699/zh/tabiclv2/data184/contraceptive_method_choice,multiclass,1178,236,295,9,3,0.6338983050847458,0.6303602641239731,0.6039735960719279,0.7957967046202521,0.822658252416891,4.814729928970337,0.4031291007995605,ok,,1178,942,0,295,0.9141126871109008,True,0.1,True,13,1e-05,True,4.780760765075684,full_train_epoch_chunks,full train set chunked per epoch | validation=dataset_val_split | c_selection=f_mmd c_source=test c_metric=standardized_l2 | f_mmd_reserved_context=5% source=test | wise_ft=alpha0.1 rows=1473<2000,30,1,epoch_chunk,accuracy,0.5423728813559322,0.5508474576271186,0.5423728813559322,0.5508474576271186,5,True,False,,f_mmd,test,standardized_l2,3.188844304160801,0.5644437069734072,,True
credit-g,/home/crc00006699/zh/tabiclv2/data184/credit-g,binclass,800,160,200,20,2,0.79,0.7759999999999999,0.7023809523809523,0.8435714285714286,0.43731134453599,6.376646757125855,0.8093709945678711,ok,,800,640,0,200,0.5491029620170593,True,0.1,True,17,1e-05,True,6.320230722427368,full_train_epoch_chunks,full train set chunked per epoch | validation=dataset_val_split | c_selection=f_mmd c_source=test c_metric=standardized_l2 | f_mmd_reserved_context=5% source=test | wise_ft=alpha0.1 rows=1000<2000,30,1,epoch_chunk,accuracy,0.7375,0.7625,0.7375,0.7625,9,True,False,,f_mmd,test,standardized_l2,2.743756151430304,0.3917983502035507,,True
dabetes_130-us_hospitals,/home/crc00006699/zh/tabiclv2/data184/dabetes_130-us_hospitals,binclass,81412,16283,20354,20,2,0.6445416134420753,0.6419254718351731,0.6380657932433373,0.7037918697494281,0.6184517401947811,157.01615691184998,127.92807412147522,ok,,81412,65129,0,20354,0.6078523695468903,True,0.1,False,84,1e-05,True,155.1931004524231,full_train_epoch_chunks,full train set chunked per epoch | validation=dataset_val_split | c_selection=f_mmd c_source=test c_metric=standardized_l2 | f_mmd_reserved_context=5% source=test | wise_ft_skipped rows=101766>=2000,30,7,epoch_chunk,accuracy,0.6505557943867838,0.6540563778173555,0.6505557943867838,0.6540563778173555,4,True,False,,f_mmd,test,standardized_l2,3.5510443580369984,8.060076499789226,,True
delta_ailerons,/home/crc00006699/zh/tabiclv2/data184/delta_ailerons,binclass,5703,1141,1426,5,2,0.9502103786816268,0.950224306604252,0.9503241297466792,0.9832909782735328,0.1571272291429413,11.05189037322998,1.0820960998535156,ok,,5703,4562,0,1426,0.1678635776042938,True,0.1,False,20,1e-05,True,11.012539386749268,full_train_epoch_chunks,full train set chunked per epoch | validation=dataset_val_split | c_selection=f_mmd c_source=test c_metric=standardized_l2 | f_mmd_reserved_context=5% source=test | wise_ft_skipped rows=7129>=2000,30,1,epoch_chunk,accuracy,0.9404031551270816,0.9430324276950044,0.9404031551270816,0.9430324276950044,12,True,False,,f_mmd,test,standardized_l2,3.689035907319629,1.0709698875803702,,True
dna,/home/crc00006699/zh/tabiclv2/data184/dna,multiclass,2548,510,638,180,3,0.9702194357366772,0.9703712732874086,0.9692349459543346,0.9979400637221684,0.0794804220303597,18.71545147895813,5.492066383361816,ok,,2548,2038,0,638,0.1415639072656631,True,0.1,False,8,1e-05,True,18.09031653404236,full_train_epoch_chunks,full train set chunked per epoch | validation=dataset_val_split | c_selection=f_mmd c_source=test c_metric=standardized_l2 | f_mmd_reserved_context=5% source=test | wise_ft_skipped rows=3186>=2000,30,1,epoch_chunk,accuracy,0.9745098039215686,0.9745098039215686,0.9745098039215686,0.9745098039215686,0,True,False,,f_mmd,test,standardized_l2,1.4325375806702203,0.035832019143852,,True
dry_bean_dataset,/home/crc00006699/zh/tabiclv2/data184/dry_bean_dataset,multiclass,10888,2178,2723,16,7,0.9287550495776716,0.9287435535459648,0.938209693451716,0.9960359833689996,0.1853271246949485,22.057839155197144,4.568423271179199,ok,,10888,8710,0,2723,0.1878236681222915,True,0.1,False,16,1e-05,True,21.893721342086792,full_train_epoch_chunks,full train set chunked per epoch | validation=dataset_val_split | c_selection=f_mmd c_source=test c_metric=standardized_l2 | f_mmd_reserved_context=5% source=test | wise_ft_skipped rows=13611>=2000,30,1,epoch_chunk,accuracy,0.9315886134067952,0.9348025711662076,0.9315886134067952,0.9348025711662076,8,True,False,,f_mmd,test,standardized_l2,6.071756137744036,2.1626882328611163,,True
electricity,/home/crc00006699/zh/tabiclv2/data184/electricity,binclass,36249,7250,9063,8,2,0.9398653867372836,0.939858179584136,0.93834622660126,0.9871528435286824,0.1440617560426095,116.3747057914734,28.7434561252594,ok,,36249,28999,0,9063,0.2934737503528595,True,0.1,False,90,1e-05,True,116.0432994365692,full_train_epoch_chunks,full train set chunked per epoch | validation=dataset_val_split | c_selection=f_mmd c_source=test c_metric=standardized_l2 | f_mmd_reserved_context=5% source=test | wise_ft_skipped rows=45312>=2000,30,3,epoch_chunk,accuracy,0.9124137931034484,0.9369655172413792,0.9124137931034484,0.9369655172413792,28,False,False,,f_mmd,test,standardized_l2,6.1214708007166445,45.34163114899332,,True
eucalyptus,/home/crc00006699/zh/tabiclv2/data184/eucalyptus,multiclass,588,118,148,19,5,0.7432432432432432,0.7468522259543933,0.7285025052466912,0.9444276157829452,0.584774317524021,5.0221381187438965,0.6430387496948242,ok,,588,470,0,148,0.6281364262104034,True,0.1,True,13,1e-05,True,4.974642753601074,full_train_epoch_chunks,full train set chunked per epoch | validation=dataset_val_split | c_selection=f_mmd c_source=test c_metric=standardized_l2 | f_mmd_reserved_context=5% source=test | wise_ft=alpha0.1 rows=736<2000,30,1,epoch_chunk,accuracy,0.7372881355932204,0.7542372881355932,0.7372881355932204,0.7542372881355932,5,True,False,,f_mmd,test,standardized_l2,2.879876383534911,2.4820270165095435,,True
eye_movements_bin,/home/crc00006699/zh/tabiclv2/data184/eye_movements_bin,binclass,6086,1218,1522,20,2,0.8935611038107752,0.8935544868197243,0.8935611038107754,0.9653500736460948,0.2601025916734817,26.307528734207157,2.4431402683258057,ok,,6086,4868,0,1522,0.3468046337366104,True,0.1,False,30,1e-05,True,26.177828073501587,full_train_epoch_chunks,full train set chunked per epoch | validation=dataset_val_split | c_selection=f_mmd c_source=test c_metric=standardized_l2 | f_mmd_reserved_context=5% source=test | wise_ft_skipped rows=7608>=2000,30,1,epoch_chunk,accuracy,0.632183908045977,0.8735632183908046,0.632183908045977,0.8735632183908046,30,False,False,,f_mmd,test,standardized_l2,6.804704470839492,4.178498860938383,,True
golf_play_dataset_extended,/home/crc00006699/zh/tabiclv2/data184/golf_play_dataset_extended,binclass,876,176,219,9,2,0.9406392694063926,0.9408723830749228,0.9145513948228198,0.9796431264136718,0.1519880341820277,3.730734348297119,0.8382582664489746,ok,,876,700,0,219,0.1096211969852447,True,0.1,True,8,1e-05,True,3.6986708641052246,full_train_epoch_chunks,full train set chunked per epoch | validation=dataset_val_split | c_selection=f_mmd c_source=test c_metric=standardized_l2 | f_mmd_reserved_context=5% source=test | wise_ft=alpha0.1 rows=1095<2000,30,1,epoch_chunk,accuracy,0.9204545454545454,0.9204545454545454,0.9204545454545454,0.9204545454545454,0,True,False,,f_mmd,test,standardized_l2,3.242069230095117,0.1752892601920303,,True
hill-valley,/home/crc00006699/zh/tabiclv2/data184/hill-valley,binclass,969,194,243,100,2,0.9753086419753086,0.9753002754267776,0.9752404823194688,0.9992548435171386,0.0892972005867629,16.544922828674316,1.2180819511413574,ok,,969,775,0,243,0.2045084312558174,True,0.1,True,23,1e-05,True,16.401235103607178,full_train_epoch_chunks,full train set chunked per epoch | validation=dataset_val_split | c_selection=f_mmd c_source=test c_metric=standardized_l2 | f_mmd_reserved_context=5% source=test | wise_ft=alpha0.1 rows=1212<2000,30,1,epoch_chunk,accuracy,0.9484536082474226,0.9690721649484536,0.9484536082474226,0.9690721649484536,15,True,False,,f_mmd,test,standardized_l2,13.65825619890966,8.43537543839596,,True
htru,/home/crc00006699/zh/tabiclv2/data184/htru,binclass,14318,2864,3580,8,2,0.9810055865921788,0.9808188814286464,0.9333487084870848,0.9870515892658926,0.0618140708955493,14.1728994846344,5.78063702583313,ok,,14318,11454,0,3580,0.0360611882060766,True,0.1,False,18,1e-05,True,14.06989574432373,full_train_epoch_chunks,full train set chunked per epoch | validation=dataset_val_split | c_selection=f_mmd c_source=test c_metric=standardized_l2 | f_mmd_reserved_context=5% source=test | wise_ft_skipped rows=17898>=2000,30,2,epoch_chunk,accuracy,0.979050279329609,0.9793994413407822,0.979050279329609,0.9793994413407822,1,True,False,,f_mmd,test,standardized_l2,8.946950700716208,3.67533909438668,,True
in_vehicle_coupon_recommendation,/home/crc00006699/zh/tabiclv2/data184/in_vehicle_coupon_recommendation,binclass,10147,2030,2537,21,2,0.7883326763894364,0.7870890377893046,0.7796274833912817,0.8621783545177613,0.4586504271368164,12.165126085281372,4.4860146045684814,ok,,10147,8117,0,2537,0.5008775889873505,True,0.1,False,8,1e-05,True,11.918736696243286,full_train_epoch_chunks,full train set chunked per epoch | validation=dataset_val_split | c_selection=f_mmd c_source=test c_metric=standardized_l2 | f_mmd_reserved_context=5% source=test | wise_ft_skipped rows=12684>=2000,30,1,epoch_chunk,accuracy,0.7689655172413793,0.7689655172413793,0.7689655172413793,0.7689655172413793,0,True,False,,f_mmd,test,standardized_l2,1.6951515820085172,0.095839444744012,,True
jasmine,/home/crc00006699/zh/tabiclv2/data184/jasmine,binclass,2387,478,597,144,2,0.8324958123953099,0.8310358908996495,0.832652465713452,0.889486206819151,0.3719473403573051,28.703923225402832,4.566746234893799,ok,,2387,1909,0,597,0.3733920007944107,True,0.1,False,17,1e-05,True,28.226439476013184,full_train_epoch_chunks,full train set chunked per epoch | validation=dataset_val_split | c_selection=f_mmd c_source=test c_metric=standardized_l2 | f_mmd_reserved_context=5% source=test | wise_ft_skipped rows=2984>=2000,30,1,epoch_chunk,accuracy,0.8451882845188284,0.8493723849372385,0.8451882845188284,0.8493723849372385,9,True,False,,f_mmd,test,standardized_l2,3.7449392328552342,2.496165052757055,,True
jungle_chess_2pcs_raw_endgame_complete,/home/crc00006699/zh/tabiclv2/data184/jungle_chess_2pcs_raw_endgame_complete,multiclass,35855,7171,8964,6,3,0.969098616688978,0.968929373343746,0.9483886274193212,0.9978269124196136,0.0967222707173392,103.85845732688904,26.869500398635864,ok,,35855,28684,0,8964,0.1810170337557792,True,0.1,False,90,1e-05,True,103.67646646499634,full_train_epoch_chunks,full train set chunked per epoch | validation=dataset_val_split | c_selection=f_mmd c_source=test c_metric=standardized_l2 | f_mmd_reserved_context=5% source=test | wise_ft_skipped rows=44819>=2000,30,3,epoch_chunk,accuracy,0.8899735043926927,0.9633245014642308,0.8899735043926927,0.9633245014642308,29,False,False,,f_mmd,test,standardized_l2,1.92503797877294,0.1182629266496289,,True
kdd_ipums_la_97-small,/home/crc00006699/zh/tabiclv2/data184/kdd_ipums_la_97-small,binclass,4150,830,1038,20,2,0.884393063583815,0.8837699735365804,0.884393063583815,0.9490999068165028,0.2580545646124923,21.505196571350098,1.8008275032043457,ok,,4150,3320,0,1038,0.2378888428211212,True,0.1,False,20,1e-05,True,21.38489151000977,full_train_epoch_chunks,full train set chunked per epoch | validation=dataset_val_split | c_selection=f_mmd c_source=test c_metric=standardized_l2 | f_mmd_reserved_context=5% source=test | wise_ft_skipped rows=5188>=2000,30,1,epoch_chunk,accuracy,0.880722891566265,0.8879518072289156,0.880722891566265,0.8879518072289156,12,True,False,,f_mmd,test,standardized_l2,3.345398383764992,0.6661016526204045,,True
law-school-admission-bianry,/home/crc00006699/zh/tabiclv2/data184/law-school-admission-bianry,binclass,16640,3328,4160,11,2,1.0,1.0,1.0,1.0,6.781481732274945e-07,15.908873081207275,7.875914812088013,ok,,16640,13312,0,4160,8.32034032782758e-07,True,0.1,False,16,1e-05,True,15.703219652175903,full_train_epoch_chunks,full train set chunked per epoch | validation=dataset_val_split | c_selection=f_mmd c_source=test c_metric=standardized_l2 | f_mmd_reserved_context=5% source=test | wise_ft_skipped rows=20800>=2000,30,2,epoch_chunk,accuracy,1.0,1.0,1.0,1.0,0,True,False,,f_mmd,test,standardized_l2,3.31833245002201,0.8464428013944479,,True
led7,/home/crc00006699/zh/tabiclv2/data184/led7,multiclass,2560,512,640,7,10,0.740625,0.7363906987718676,0.7386482164741988,0.95963709597863,0.7802993800463855,3.3515608310699463,0.7555117607116699,ok,,2560,2048,0,640,0.7402790188789368,True,0.1,False,8,1e-05,True,3.311532497406006,full_train_epoch_chunks,full train set chunked per epoch | validation=dataset_val_split | c_selection=f_mmd c_source=test c_metric=standardized_l2 | f_mmd_reserved_context=5% source=test | wise_ft_skipped rows=3200>=2000,30,1,epoch_chunk,accuracy,0.728515625,0.728515625,0.728515625,0.728515625,0,True,False,,f_mmd,test,standardized_l2,2.027332511650197,0.1355588945793369,,True
mammography,/home/crc00006699/zh/tabiclv2/data184/mammography,binclass,8946,1790,2237,6,2,0.9892713455520786,0.9885863407758956,0.8255500792114064,0.9888575954937512,0.0320160332190687,9.48089599609375,2.191331386566162,ok,,8946,7156,0,2237,0.0355797875672578,True,0.1,False,11,1e-05,True,9.409340381622314,full_train_epoch_chunks,full train set chunked per epoch | validation=dataset_val_split | c_selection=f_mmd c_source=test c_metric=standardized_l2 | f_mmd_reserved_context=5% source=test | wise_ft_skipped rows=11183>=2000,30,1,epoch_chunk,accuracy,0.988268156424581,0.988826815642458,0.988268156424581,0.988826815642458,3,True,False,,f_mmd,test,standardized_l2,8.315249255577932,13.625643987045803,,True
mfeat-factors,/home/crc00006699/zh/tabiclv2/data184/mfeat-factors,multiclass,1600,320,400,216,10,0.9825,0.9824984372558212,0.9825,0.9998402777777776,0.0725376911492734,24.911332845687863,4.323434114456177,ok,,1600,1280,0,400,0.0165154365822672,True,0.1,False,13,1e-05,True,24.539461135864254,full_train_epoch_chunks,full train set chunked per epoch | validation=dataset_val_split | c_selection=f_mmd c_source=test c_metric=standardized_l2 | f_mmd_reserved_context=5% source=test | wise_ft_skipped rows=2000>=2000,30,1,epoch_chunk,accuracy,0.98125,0.984375,0.98125,0.984375,5,True,False,,f_mmd,test,standardized_l2,2.0588483748197186,0.2102549834776735,,True
mfeat-karhunen,/home/crc00006699/zh/tabiclv2/data184/mfeat-karhunen,multiclass,1600,320,400,64,10,0.975,0.975015727207024,0.975,0.9997013888888888,0.0924843266085736,6.1012656688690186,1.2243709564208984,ok,,1600,1280,0,400,0.027256891131401,True,0.1,False,8,1e-05,True,5.977069616317749,full_train_epoch_chunks,full train set chunked per epoch | validation=dataset_val_split | c_selection=f_mmd c_source=test c_metric=standardized_l2 | f_mmd_reserved_context=5% source=test | wise_ft_skipped rows=2000>=2000,30,1,epoch_chunk,accuracy,0.98125,0.98125,0.98125,0.98125,0,True,False,,f_mmd,test,standardized_l2,1.7423473684625956,0.081358236381311,,True
mfeat-pixel,/home/crc00006699/zh/tabiclv2/data184/mfeat-pixel,multiclass,1600,320,400,240,10,0.975,0.97494801061037,0.975,0.9996041666666666,0.116216362570895,23.6350679397583,4.911320924758911,ok,,1600,1280,0,400,0.0100653348490595,True,0.1,False,11,1e-05,True,22.98230290412903,full_train_epoch_chunks,full train set chunked per epoch | validation=dataset_val_split | c_selection=f_mmd c_source=test c_metric=standardized_l2 | f_mmd_reserved_context=5% source=test | wise_ft_skipped rows=2000>=2000,30,1,epoch_chunk,accuracy,0.978125,0.98125,0.978125,0.98125,3,True,False,,f_mmd,test,standardized_l2,1.7238650669662638,0.0898627304730348,,True
mice_protein_expression,/home/crc00006699/zh/tabiclv2/data184/mice_protein_expression,multiclass,864,173,216,75,8,1.0,1.0,1.0,1.0,1.755597617952433e-06,7.045472860336304,1.2068445682525637,ok,,864,691,0,216,5.191219088374055e-06,True,0.1,True,8,1e-05,True,6.6267991065979,full_train_epoch_chunks,full train set chunked per epoch | validation=dataset_val_split | c_selection=f_mmd c_source=test c_metric=standardized_l2 | f_mmd_reserved_context=5% source=test | wise_ft=alpha0.1 rows=1080<2000,30,1,epoch_chunk,accuracy,1.0,1.0,1.0,1.0,0,True,False,,f_mmd,test,standardized_l2,3.20523906295369,0.9839110698146576,,True
mobile_c36_oversampling,/home/crc00006699/zh/tabiclv2/data184/mobile_c36_oversampling,binclass,41408,8282,10352,6,2,0.9942040185471408,0.9941991554894668,0.993102145762646,0.9993894766061612,0.0219433791545604,77.23416900634766,26.19895839691162,ok,,41408,33126,0,10352,0.0862221792340278,True,0.1,False,76,1e-05,True,77.04605507850647,full_train_epoch_chunks,full train set chunked per epoch | validation=dataset_val_split | c_selection=f_mmd c_source=test c_metric=standardized_l2 | f_mmd_reserved_context=5% source=test | wise_ft_skipped rows=51760>=2000,30,4,epoch_chunk,accuracy,0.9943250422603236,0.9952909925138856,0.9943250422603236,0.9952909925138856,11,True,False,,f_mmd,test,standardized_l2,3.8771423022845175,1.0416077006285904,,True
national-longitudinal-survey-binary,/home/crc00006699/zh/tabiclv2/data184/national-longitudinal-survey-binary,binclass,3926,786,982,16,2,1.0,1.0,1.0,1.0,0.0002504602857752,5.066407442092896,1.4246056079864502,ok,,3926,3140,0,982,8.33269155009475e-06,True,0.1,False,8,1e-05,True,4.984405755996704,full_train_epoch_chunks,full train set chunked per epoch | validation=dataset_val_split | c_selection=f_mmd c_source=test c_metric=standardized_l2 | f_mmd_reserved_context=5% source=test | wise_ft_skipped rows=4908>=2000,30,1,epoch_chunk,accuracy,1.0,1.0,1.0,1.0,0,True,False,,f_mmd,test,standardized_l2,2.8596667308055475,0.4325343223026717,,True
online_shoppers,/home/crc00006699/zh/tabiclv2/data184/online_shoppers,binclass,9864,1973,2466,14,2,0.9047039740470396,0.8992792985037142,0.76937474249078,0.9290216659464784,0.2281409253764709,9.780901908874512,3.912689924240112,ok,,9864,7891,0,2466,0.21742794662714,True,0.1,False,8,1e-05,True,9.631907224655151,full_train_epoch_chunks,full train set chunked per epoch | validation=dataset_val_split | c_selection=f_mmd c_source=test c_metric=standardized_l2 | f_mmd_reserved_context=5% source=test | wise_ft_skipped rows=12330>=2000,30,1,epoch_chunk,accuracy,0.9011657374556512,0.9011657374556512,0.9011657374556512,0.9011657374556512,0,True,False,,f_mmd,test,standardized_l2,3.612355004594364,2.287742417931651,,True
ozone-level-8hr,/home/crc00006699/zh/tabiclv2/data184/ozone-level-8hr,binclass,2027,406,507,72,2,0.9546351084812624,0.9468295802699368,0.684342105263158,0.9472368421052632,0.122177109499015,13.894649267196655,1.6412684917449951,ok,,2027,1621,0,507,0.13822852820158,True,0.1,False,17,1e-05,True,13.72945237159729,full_train_epoch_chunks,full train set chunked per epoch | validation=dataset_val_split | c_selection=f_mmd c_source=test c_metric=standardized_l2 | f_mmd_reserved_context=5% source=test | wise_ft_skipped rows=2534>=2000,30,1,epoch_chunk,accuracy,0.9433497536945812,0.9532019704433498,0.9433497536945812,0.9532019704433498,9,True,False,,f_mmd,test,standardized_l2,3.760222356214883,0.9378070589744134,,True
page-blocks,/home/crc00006699/zh/tabiclv2/data184/page-blocks,multiclass,4378,876,1095,10,5,0.978082191780822,0.9778181155463576,0.8997337700951306,0.9920064552922452,0.08570270161743,4.479305028915405,1.3967914581298828,ok,,4378,3502,0,1095,0.0610220693051815,True,0.1,False,8,1e-05,True,4.426014184951782,full_train_epoch_chunks,full train set chunked per epoch | validation=dataset_val_split | c_selection=f_mmd c_source=test c_metric=standardized_l2 | f_mmd_reserved_context=5% source=test | wise_ft_skipped rows=5473>=2000,30,1,epoch_chunk,accuracy,0.973744292237443,0.973744292237443,0.973744292237443,0.973744292237443,0,True,False,,f_mmd,test,standardized_l2,206.5625700184721,27.311700503882086,,True
pc3,/home/crc00006699/zh/tabiclv2/data184/pc3,binclass,1250,250,313,37,2,0.9041533546325878,0.8734827712823823,0.55894128113879,0.8387455516014235,0.2600270416086808,6.280320882797241,0.6999638080596924,ok,,1250,1000,0,313,0.2091399952769279,True,0.1,True,11,1e-05,True,6.2036216259002686,full_train_epoch_chunks,full train set chunked per epoch | validation=dataset_val_split | c_selection=f_mmd c_source=test c_metric=standardized_l2 | f_mmd_reserved_context=5% source=test | wise_ft=alpha0.1 rows=1563<2000,30,1,epoch_chunk,accuracy,0.88,0.888,0.88,0.888,3,True,False,,f_mmd,test,standardized_l2,11.670120732183827,18.552186057997343,,True
pendigits,/home/crc00006699/zh/tabiclv2/data184/pendigits,multiclass,8793,1759,2199,16,10,0.9972714870395636,0.9972742335430836,0.9972309029574288,0.9997591605421028,0.0126546713370541,17.379063606262207,3.4986817836761475,ok,,8793,7034,0,2199,0.0109322723001241,True,0.1,False,16,1e-05,True,17.24845242500305,full_train_epoch_chunks,full train set chunked per epoch | validation=dataset_val_split | c_selection=f_mmd c_source=test c_metric=standardized_l2 | f_mmd_reserved_context=5% source=test | wise_ft_skipped rows=10992>=2000,30,1,epoch_chunk,accuracy,0.9977259806708356,0.9982944855031268,0.9977259806708356,0.9982944855031268,8,True,False,,f_mmd,test,standardized_l2,2.4521648933345475,0.5092612150003138,,True
pol,/home/crc00006699/zh/tabiclv2/data184/pol,binclass,8065,1613,2017,26,2,0.9920674268715914,0.9920674034732812,0.9920684081362972,0.9997650117199176,0.0199171434487964,22.667197942733765,3.733396291732788,ok,,8065,6452,0,2017,0.0159171130508184,True,0.1,False,20,1e-05,True,22.50436568260193,full_train_epoch_chunks,full train set chunked per epoch | validation=dataset_val_split | c_selection=f_mmd c_source=test c_metric=standardized_l2 | f_mmd_reserved_context=5% source=test | wise_ft_skipped rows=10082>=2000,30,1,epoch_chunk,accuracy,0.9882207067575944,0.9894606323620584,0.9882207067575944,0.9894606323620584,12,True,False,,f_mmd,test,standardized_l2,7.343504204160314,2.7268701358189533,,True
rice_cammeo_and_osmancik,/home/crc00006699/zh/tabiclv2/data184/rice_cammeo_and_osmancik,binclass,3048,610,762,7,2,0.931758530183727,0.9314798849732624,0.9268236055608712,0.9784080036021838,0.1854163714827309,4.0557708740234375,0.7935240268707275,ok,,3048,2438,0,762,0.210635744035244,True,0.1,False,10,1e-05,True,4.022524356842041,full_train_epoch_chunks,full train set chunked per epoch | validation=dataset_val_split | c_selection=f_mmd c_source=test c_metric=standardized_l2 | f_mmd_reserved_context=5% source=test | wise_ft_skipped rows=3810>=2000,30,1,epoch_chunk,accuracy,0.9311475409836064,0.9327868852459016,0.9311475409836064,0.9327868852459016,2,True,False,,f_mmd,test,standardized_l2,3.8045834458047594,0.943029575717376,,True
rl,/home/crc00006699/zh/tabiclv2/data184/rl,binclass,3976,796,994,12,2,0.909456740442656,0.9094534412955466,0.909456740442656,0.9572505455266812,0.2572820260262921,9.348895788192747,1.2896502017974854,ok,,3976,3180,0,994,0.3503888547420501,True,0.1,False,18,1e-05,True,9.283199071884155,full_train_epoch_chunks,full train set chunked per epoch | validation=dataset_val_split | c_selection=f_mmd c_source=test c_metric=standardized_l2 | f_mmd_reserved_context=5% source=test | wise_ft_skipped rows=4970>=2000,30,1,epoch_chunk,accuracy,0.8793969849246231,0.8869346733668342,0.8793969849246231,0.8869346733668342,10,True,False,,f_mmd,test,standardized_l2,5.271763022459757,1.441281731123037,,True
segment,/home/crc00006699/zh/tabiclv2/data184/segment,multiclass,1848,370,462,17,7,0.948051948051948,0.9481989847265444,0.948051948051948,0.9972287813196904,0.1380358995564197,5.994053363800049,0.7079834938049316,ok,,1848,1478,0,462,0.1477396935224533,True,0.1,False,15,1e-05,True,5.945688724517822,full_train_epoch_chunks,full train set chunked per epoch | validation=dataset_val_split | c_selection=f_mmd c_source=test c_metric=standardized_l2 | f_mmd_reserved_context=5% source=test | wise_ft_skipped rows=2310>=2000,30,1,epoch_chunk,accuracy,0.9432432432432432,0.9486486486486486,0.9432432432432432,0.9486486486486486,7,True,False,,f_mmd,test,standardized_l2,5.893529068765413,9.402798278109907,,True
semeion,/home/crc00006699/zh/tabiclv2/data184/semeion,multiclass,1274,255,319,256,10,0.9717868338557992,0.971829628781798,0.9717741935483872,0.9994225971925618,0.0953487279793347,28.330897331237797,3.987288236618042,ok,,1274,1019,0,319,0.1159699186682701,True,0.1,True,16,1e-05,True,27.87519145011902,full_train_epoch_chunks,full train set chunked per epoch | validation=dataset_val_split | c_selection=f_mmd c_source=test c_metric=standardized_l2 | f_mmd_reserved_context=5% source=test | wise_ft=alpha0.1 rows=1593<2000,30,1,epoch_chunk,accuracy,0.9372549019607844,0.9490196078431372,0.9372549019607844,0.9490196078431372,8,True,False,,f_mmd,test,standardized_l2,1.5199568110473984,0.0683442662826374,,True
shrutime,/home/crc00006699/zh/tabiclv2/data184/shrutime,binclass,8000,1600,2000,10,2,0.8685,0.8572950236378017,0.7237055844056176,0.8816087782353995,0.308758950844834,7.244442462921143,2.7515814304351807,ok,,8000,6400,0,2000,0.352418377995491,True,0.1,False,8,1e-05,True,7.148099184036255,full_train_epoch_chunks,full train set chunked per epoch | validation=dataset_val_split | c_selection=f_mmd c_source=test c_metric=standardized_l2 | f_mmd_reserved_context=5% source=test | wise_ft_skipped rows=10000>=2000,30,1,epoch_chunk,accuracy,0.864375,0.864375,0.864375,0.864375,0,True,False,,f_mmd,test,standardized_l2,2.195346667965044,0.3733174812006287,,True
spambase,/home/crc00006699/zh/tabiclv2/data184/spambase,binclass,3680,736,921,57,2,0.9587404994571118,0.9587404994571118,0.9568041114961936,0.992026817540014,0.1129113810321106,27.71251535415649,2.466949701309204,ok,,3680,2944,0,921,0.1224461980164051,True,0.1,False,28,1e-05,True,27.53679728507996,full_train_epoch_chunks,full train set chunked per epoch | validation=dataset_val_split | c_selection=f_mmd c_source=test c_metric=standardized_l2 | f_mmd_reserved_context=5% source=test | wise_ft_skipped rows=4601>=2000,30,1,epoch_chunk,accuracy,0.9619565217391304,0.96875,0.9619565217391304,0.96875,20,True,False,,f_mmd,test,standardized_l2,8.755897123901871,7.154825931036999,,True
sports_articles_for_objectivity_analysis,/home/crc00006699/zh/tabiclv2/data184/sports_articles_for_objectivity_analysis,binclass,800,160,200,59,2,0.85,0.8473262032085561,0.8236436198899795,0.8953726674576636,0.3954135717114873,5.235109567642212,1.382338047027588,ok,,800,640,0,200,0.3302552700042724,True,0.1,True,8,1e-05,True,5.13014030456543,full_train_epoch_chunks,full train set chunked per epoch | validation=dataset_val_split | c_selection=f_mmd c_source=test c_metric=standardized_l2 | f_mmd_reserved_context=5% source=test | wise_ft=alpha0.1 rows=1000<2000,30,1,epoch_chunk,accuracy,0.8375,0.8375,0.8375,0.8375,0,True,False,,f_mmd,test,standardized_l2,7.269896438741965,4.760994848359357,,True
steel_plates_faults,/home/crc00006699/zh/tabiclv2/data184/steel_plates_faults,multiclass,1552,311,389,27,7,0.8431876606683805,0.8430444477965284,0.8888394013394014,0.9817654658626452,0.370604033674482,7.949043035507202,0.7391278743743896,ok,,1552,1241,0,389,0.4882472604513168,True,0.1,True,17,1e-05,True,7.883425235748291,full_train_epoch_chunks,full train set chunked per epoch | validation=dataset_val_split | c_selection=f_mmd c_source=test c_metric=standardized_l2 | f_mmd_reserved_context=5% source=test | wise_ft=alpha0.1 rows=1941<2000,30,1,epoch_chunk,accuracy,0.8006430868167203,0.8327974276527331,0.8006430868167203,0.8327974276527331,9,True,False,,f_mmd,test,standardized_l2,37.381978418108666,1.6745122809903297,,True
sylvine,/home/crc00006699/zh/tabiclv2/data184/sylvine,binclass,4099,820,1025,20,2,0.9765853658536584,0.9765853212808444,0.9765872471978556,0.998705531189084,0.0459932811496779,13.802116632461548,1.554764747619629,ok,,4099,3279,0,1025,0.0576555263251066,True,0.1,False,22,1e-05,True,13.710575819015505,full_train_epoch_chunks,full train set chunked per epoch | validation=dataset_val_split | c_selection=f_mmd c_source=test c_metric=standardized_l2 | f_mmd_reserved_context=5% source=test | wise_ft_skipped rows=5124>=2000,30,1,epoch_chunk,accuracy,0.9780487804878047,0.9853658536585366,0.9780487804878047,0.9853658536585366,14,True,False,,f_mmd,test,standardized_l2,2.6819580007971275,0.4605404270183973,,True
telco-customer-churn,/home/crc00006699/zh/tabiclv2/data184/telco-customer-churn,binclass,5634,1127,1409,18,2,0.8062455642299503,0.7983669845484236,0.7178459789712986,0.8518083649797205,0.4091773266991319,6.841328859329224,2.1485836505889893,ok,,5634,4507,0,1409,0.385274201631546,True,0.1,False,8,1e-05,True,6.711640357971191,full_train_epoch_chunks,full train set chunked per epoch | validation=dataset_val_split | c_selection=f_mmd c_source=test c_metric=standardized_l2 | f_mmd_reserved_context=5% source=test | wise_ft_skipped rows=7043>=2000,30,1,epoch_chunk,accuracy,0.8110026619343389,0.8110026619343389,0.8110026619343389,0.8110026619343389,0,True,False,,f_mmd,test,standardized_l2,1.8744802035134611,0.0915116518437328,,True
thyroid-ann,/home/crc00006699/zh/tabiclv2/data184/thyroid-ann,multiclass,3017,604,755,21,3,0.9920529801324504,0.9919737363445972,0.9376413813904388,0.9997036830133508,0.0151430851323049,4.559261798858643,1.2000946998596191,ok,,3017,2413,0,755,0.0164978513494133,True,0.1,False,8,1e-05,True,4.491604804992676,full_train_epoch_chunks,full train set chunked per epoch | validation=dataset_val_split | c_selection=f_mmd c_source=test c_metric=standardized_l2 | f_mmd_reserved_context=5% source=test | wise_ft_skipped rows=3772>=2000,30,1,epoch_chunk,accuracy,0.9950331125827816,0.9950331125827816,0.9950331125827816,0.9950331125827816,0,True,False,,f_mmd,test,standardized_l2,7.608014398270636,10.638505201886588,,True
turiye_student_evaluation,/home/crc00006699/zh/tabiclv2/data184/turiye_student_evaluation,multiclass,4656,932,1164,32,5,0.5266323024054983,0.4978874682908895,0.4131436660812918,0.7683485838467753,1.1823949976514223,19.10444402694702,2.205365896224976,ok,,4656,3724,0,1164,1.212654948234558,True,0.1,False,23,1e-05,True,18.96390032768249,full_train_epoch_chunks,full train set chunked per epoch | validation=dataset_val_split | c_selection=f_mmd c_source=test c_metric=standardized_l2 | f_mmd_reserved_context=5% source=test | wise_ft_skipped rows=5820>=2000,30,1,epoch_chunk,accuracy,0.5053648068669528,0.5160944206008584,0.5053648068669528,0.5160944206008584,15,True,False,,f_mmd,test,standardized_l2,2.9406910194641416,0.0997119509816106,,True
vehicle,/home/crc00006699/zh/tabiclv2/data184/vehicle,multiclass,676,136,170,18,4,0.8705882352941177,0.8691692466460268,0.8709415584415584,0.9755690273268398,0.2536003079348046,3.1054131984710693,0.6620843410491943,ok,,676,540,0,170,0.2232264578342437,True,0.1,True,8,1e-05,True,3.068669080734253,full_train_epoch_chunks,full train set chunked per epoch | validation=dataset_val_split | c_selection=f_mmd c_source=test c_metric=standardized_l2 | f_mmd_reserved_context=5% source=test | wise_ft=alpha0.1 rows=846<2000,30,1,epoch_chunk,accuracy,0.9044117647058824,0.9044117647058824,0.9044117647058824,0.9044117647058824,0,True,False,,f_mmd,test,standardized_l2,4.49103675899385,3.2020568125740487,,True
water_quality,/home/crc00006699/zh/tabiclv2/data184/water_quality,binclass,6396,1280,1600,20,2,0.91125,0.8988285223976876,0.6769401261643857,0.9114253165734124,0.2139679155443825,8.118945121765137,2.391064405441284,ok,,6396,5116,0,1600,0.2400823235511779,True,0.1,False,10,1e-05,True,8.028292179107666,full_train_epoch_chunks,full train set chunked per epoch | validation=dataset_val_split | c_selection=f_mmd c_source=test c_metric=standardized_l2 | f_mmd_reserved_context=5% source=test | wise_ft_skipped rows=7996>=2000,30,1,epoch_chunk,accuracy,0.8953125,0.89609375,0.8953125,0.89609375,2,True,False,,f_mmd,test,standardized_l2,2.505492927759106,0.7610815188570301,,True
waveform_database_generator_version_1,/home/crc00006699/zh/tabiclv2/data184/waveform_database_generator_version_1,multiclass,4000,800,1000,21,3,0.87,0.8696149357905729,0.8699312946975787,0.9728195945553249,0.2928660050692102,9.008596420288086,1.5731711387634275,ok,,4000,3200,0,1000,0.295590728521347,True,0.1,False,14,1e-05,True,8.92216968536377,full_train_epoch_chunks,full train set chunked per epoch | validation=dataset_val_split | c_selection=f_mmd c_source=test c_metric=standardized_l2 | f_mmd_reserved_context=5% source=test | wise_ft_skipped rows=5000>=2000,30,1,epoch_chunk,accuracy,0.85125,0.85875,0.85125,0.85875,6,True,False,,f_mmd,test,standardized_l2,2.227887633634742,0.2053287922161163,,True
wine,/home/crc00006699/zh/tabiclv2/data184/wine,binclass,2043,409,511,4,2,0.7827788649706457,0.7818969420011729,0.7829044117647059,0.8795879289215687,0.4372820333228365,3.948894739151001,0.2850046157836914,ok,,2043,1634,0,511,0.4528861492872238,True,0.1,False,12,1e-05,True,3.925631523132324,full_train_epoch_chunks,full train set chunked per epoch | validation=dataset_val_split | c_selection=f_mmd c_source=test c_metric=standardized_l2 | f_mmd_reserved_context=5% source=test | wise_ft_skipped rows=2554>=2000,30,1,epoch_chunk,accuracy,0.8141809290953546,0.8264058679706602,0.8141809290953546,0.8264058679706602,4,True,False,,f_mmd,test,standardized_l2,3.448447365431737,1.1637056535210335,,True
wine-quality-white,/home/crc00006699/zh/tabiclv2/data184/wine-quality-white,multiclass,3918,784,980,11,7,0.6887755102040817,0.6806837528222088,0.401836081199115,0.9117148277005046,0.7508178230602544,4.278875112533569,1.258455753326416,ok,,3918,3134,0,980,0.7873741090297699,True,0.1,False,8,1e-05,True,4.222915172576904,full_train_epoch_chunks,full train set chunked per epoch | validation=dataset_val_split | c_selection=f_mmd c_source=test c_metric=standardized_l2 | f_mmd_reserved_context=5% source=test | wise_ft_skipped rows=4898>=2000,30,1,epoch_chunk,accuracy,0.6887755102040817,0.6887755102040817,0.6887755102040817,0.6887755102040817,0,True,False,,f_mmd,test,standardized_l2,4.045075943656547,3.4223756910751177,,True
BLE_RSSI_dataset_for_Indoor_localization,/home/crc00006699/zh/tabiclv2/data184/BLE_RSSI_dataset_for_Indoor_localization,multiclass,7987,1598,1997,3,3,0.7426139208813219,0.7419331743919433,0.7415470057892843,0.9112088013222116,0.5591275718528166,20.043142795562744,1.3760771751403809,ok,,7987,6389,0,1997,0.5797536969184875,True,0.1,False,25,1e-05,True,20.00389623641968,full_train_epoch_chunks,full train set chunked per epoch | validation=dataset_val_split | c_selection=f_mmd c_source=test c_metric=standardized_l2 | f_mmd_reserved_context=5% source=test | wise_ft_skipped rows=9984>=2000,30,1,epoch_chunk,accuracy,0.7553191489361702,0.7759699624530664,0.7553191489361702,0.7759699624530664,17,True,False,,f_mmd,test,standardized_l2,2.914627962138002,0.4912430661847667,,True
BNG(cmc),/home/crc00006699/zh/tabiclv2/data184/BNG(cmc),multiclass,44236,8848,11060,9,3,0.5870705244122966,0.5861037580259216,0.5695335825974451,0.7658520535871237,0.8734791918958402,101.58754086494446,36.00236105918884,ok,,44236,35388,0,11060,0.9214138984680176,True,0.1,False,88,1e-05,True,101.18212342262268,full_train_epoch_chunks,full train set chunked per epoch | validation=dataset_val_split | c_selection=f_mmd c_source=test c_metric=standardized_l2 | f_mmd_reserved_context=5% source=test | wise_ft_skipped rows=55296>=2000,30,4,epoch_chunk,accuracy,0.5757233273056058,0.580244122965642,0.5757233273056058,0.580244122965642,14,True,False,,f_mmd,test,standardized_l2,3.027924255054405,0.4148835370295888,,True
Bank_Customer_Churn_Dataset,/home/crc00006699/zh/tabiclv2/data184/Bank_Customer_Churn_Dataset,binclass,8000,1600,2000,10,2,0.8745,0.8643887435096065,0.7437799895427014,0.8840728247507907,0.3116649948487893,11.993091344833374,2.7331817150115967,ok,,8000,6400,0,2000,0.3777992129325866,True,0.1,False,14,1e-05,True,11.90234661102295,full_train_epoch_chunks,full train set chunked per epoch | validation=dataset_val_split | c_selection=f_mmd c_source=test c_metric=standardized_l2 | f_mmd_reserved_context=5% source=test | wise_ft_skipped rows=10000>=2000,30,1,epoch_chunk,accuracy,0.86625,0.86875,0.86625,0.86875,6,True,False,,f_mmd,test,standardized_l2,2.2160248725463867,0.3879831111864579,,True
California-Housing-Classification,/home/crc00006699/zh/tabiclv2/data184/California-Housing-Classification,binclass,16512,3303,4128,8,2,0.9246608527131784,0.924660786394966,0.9246614218697,0.980331072429136,0.1800096838228086,26.622638463974,7.054818153381348,ok,,16512,13209,0,4128,0.2391288504004478,True,0.1,False,32,1e-05,True,26.46887898445129,full_train_epoch_chunks,full train set chunked per epoch | validation=dataset_val_split | c_selection=f_mmd c_source=test c_metric=standardized_l2 | f_mmd_reserved_context=5% source=test | wise_ft_skipped rows=20640>=2000,30,2,epoch_chunk,accuracy,0.916439600363306,0.92188919164396,0.916439600363306,0.92188919164396,8,True,False,,f_mmd,test,standardized_l2,7.436476980459145,11.326505332177335,,True
Click_prediction_small,/home/crc00006699/zh/tabiclv2/data184/Click_prediction_small,binclass,31958,6392,7990,3,2,0.8335419274092616,0.7614420239291139,0.5080170424912757,0.6254875976537165,0.4387387429559762,50.11788940429688,7.148273706436157,ok,,31958,25566,0,7990,0.4505648761987686,True,0.1,False,57,1e-05,True,50.02845644950867,full_train_epoch_chunks,full train set chunked per epoch | validation=dataset_val_split | c_selection=f_mmd c_source=test c_metric=standardized_l2 | f_mmd_reserved_context=5% source=test | wise_ft_skipped rows=39948>=2000,30,3,epoch_chunk,accuracy,0.7545369211514393,0.8327596996245307,0.7545369211514393,0.8327596996245307,11,True,False,,f_mmd,test,standardized_l2,9.468216224395398,198.6885311004444,,True
Contaminant-detection-in-packaged-cocoa-hazelnut-spread-jars-using-Microwaves-Sensing-and-Machine-Learning-10.5GHz(Urbinati),/home/crc00006699/zh/tabiclv2/data184/Contaminant-detection-in-packaged-cocoa-hazelnut-spread-jars-using-Microwaves-Sensing-and-Machine-Learning-10.5GHz(Urbinati),binclass,1920,384,480,30,2,0.98125,0.9812512218963833,0.9812986651835373,0.9975841212458288,0.0529287793139546,4.3384222984313965,0.9183571338653564,ok,,1920,1536,0,480,0.0798774734139442,True,0.1,False,8,1e-05,True,4.267328977584839,full_train_epoch_chunks,full train set chunked per epoch | validation=dataset_val_split | c_selection=f_mmd c_source=test c_metric=standardized_l2 | f_mmd_reserved_context=5% source=test | wise_ft_skipped rows=2400>=2000,30,1,epoch_chunk,accuracy,0.9713541666666666,0.9713541666666666,0.9713541666666666,0.9713541666666666,0,True,False,,f_mmd,test,standardized_l2,3.316421665732944,0.4455324463801807,,True
Contaminant-detection-in-packaged-cocoa-hazelnut-spread-jars-using-Microwaves-Sensing-and-Machine-Learning-9.0GHz(Urbinati),/home/crc00006699/zh/tabiclv2/data184/Contaminant-detection-in-packaged-cocoa-hazelnut-spread-jars-using-Microwaves-Sensing-and-Machine-Learning-9.0GHz(Urbinati),binclass,1920,384,480,30,2,0.96875,0.9687585479270056,0.9692018909899888,0.9958113181312568,0.0842016009915112,9.328700065612791,0.9168593883514404,ok,,1920,1536,0,480,0.0901666320860385,True,0.1,False,19,1e-05,True,9.25525999069214,full_train_epoch_chunks,full train set chunked per epoch | validation=dataset_val_split | c_selection=f_mmd c_source=test c_metric=standardized_l2 | f_mmd_reserved_context=5% source=test | wise_ft_skipped rows=2400>=2000,30,1,epoch_chunk,accuracy,0.9635416666666666,0.9739583333333334,0.9635416666666666,0.9739583333333334,11,True,False,,f_mmd,test,standardized_l2,3.020260597973345,0.3775370022206092,,True
Credit_c,/home/crc00006699/zh/tabiclv2/data184/Credit_c,multiclass,80000,16000,20000,22,3,0.8212,0.8211563313607061,0.8334869250977871,0.9329434964574354,0.4135211165211445,365.3730981349945,115.42466235160828,ok,,80000,64000,0,20000,0.7155178487300873,True,0.1,False,203,1e-05,True,363.8714089393616,full_train_epoch_chunks,full train set chunked per epoch | validation=dataset_val_split | c_selection=f_mmd c_source=test c_metric=standardized_l2 | f_mmd_reserved_context=5% source=test | wise_ft_skipped rows=100000>=2000,30,7,epoch_chunk,accuracy,0.8140625,0.8250625,0.8140625,0.8250625,21,True,False,,f_mmd,test,standardized_l2,3.4847253874575665,22.92889914698536,,True
Diabetic_Retinopathy_Debrecen,/home/crc00006699/zh/tabiclv2/data184/Diabetic_Retinopathy_Debrecen,binclass,920,184,231,19,2,0.7359307359307359,0.7356618719252352,0.7339656729900632,0.8387533875338753,0.4888010616164672,6.580156326293945,0.8767037391662598,ok,,920,736,0,231,0.4205155521631241,True,0.1,True,16,1e-05,True,6.530564069747925,full_train_epoch_chunks,full train set chunked per epoch | validation=dataset_val_split | c_selection=f_mmd c_source=test c_metric=standardized_l2 | f_mmd_reserved_context=5% source=test | wise_ft=alpha0.1 rows=1151<2000,30,1,epoch_chunk,accuracy,0.7445652173913043,0.7554347826086957,0.7445652173913043,0.7554347826086957,8,True,False,,f_mmd,test,standardized_l2,8.22173201408297,6.802277606946484,,True
Employee,/home/crc00006699/zh/tabiclv2/data184/Employee,binclass,3722,745,931,8,2,0.8549946294307197,0.8488021000578317,0.8084109042553191,0.8790737520458266,0.3508745732991641,8.590484619140625,1.1199357509613037,ok,,3722,2977,0,931,0.3560412526130676,True,0.1,False,19,1e-05,True,8.539734601974487,full_train_epoch_chunks,full train set chunked per epoch | validation=dataset_val_split | c_selection=f_mmd c_source=test c_metric=standardized_l2 | f_mmd_reserved_context=5% source=test | wise_ft_skipped rows=4653>=2000,30,1,epoch_chunk,accuracy,0.8469798657718121,0.8604026845637583,0.8469798657718121,0.8604026845637583,11,True,False,,f_mmd,test,standardized_l2,2.6504665867710004,0.3238351009864826,,True
FOREX_audcad-day-High,/home/crc00006699/zh/tabiclv2/data184/FOREX_audcad-day-High,binclass,1467,294,367,10,2,0.7493188010899182,0.7491958524013144,0.7490494861284382,0.8330660013069565,0.5045623917096617,5.289847612380981,0.5000405311584473,ok,,1467,1173,0,367,0.5169772207736969,True,0.1,True,15,1e-05,True,5.256452083587647,full_train_epoch_chunks,full train set chunked per epoch | validation=dataset_val_split | c_selection=f_mmd c_source=test c_metric=standardized_l2 | f_mmd_reserved_context=5% source=test | wise_ft=alpha0.1 rows=1834<2000,30,1,epoch_chunk,accuracy,0.7040816326530612,0.7142857142857143,0.7040816326530612,0.7142857142857143,7,True,False,,f_mmd,test,standardized_l2,5.602017009747491,3.4378853655744046,,True
FOREX_audchf-day-High,/home/crc00006699/zh/tabiclv2/data184/FOREX_audchf-day-High,binclass,1466,294,367,10,2,0.7520435967302452,0.7519773144723487,0.7523317293411751,0.8398384126418346,0.4967437464905495,4.338278293609619,0.4967503547668457,ok,,1466,1172,0,367,0.5294284522533417,True,0.1,True,12,1e-05,True,4.299307346343994,full_train_epoch_chunks,full train set chunked per epoch | validation=dataset_val_split | c_selection=f_mmd c_source=test c_metric=standardized_l2 | f_mmd_reserved_context=5% source=test | wise_ft=alpha0.1 rows=1833<2000,30,1,epoch_chunk,accuracy,0.7108843537414966,0.7244897959183674,0.7108843537414966,0.7244897959183674,4,True,False,,f_mmd,test,standardized_l2,4.134880364480624,0.7823959004217175,,True
FOREX_audjpy-hour-High,/home/crc00006699/zh/tabiclv2/data184/FOREX_audjpy-hour-High,binclass,35060,7012,8765,10,2,0.7220764403879064,0.7220705960636449,0.7218054299194321,0.8012052886094095,0.5399637242281421,47.28257179260254,24.23117518424988,ok,,35060,28048,0,8765,0.5397084951400757,True,0.1,False,39,1e-05,True,46.99782872200012,full_train_epoch_chunks,full train set chunked per epoch | validation=dataset_val_split | c_selection=f_mmd c_source=test c_metric=standardized_l2 | f_mmd_reserved_context=5% source=test | wise_ft_skipped rows=43825>=2000,30,3,epoch_chunk,accuracy,0.7132059326868226,0.7156303479749002,0.7132059326868226,0.7156303479749002,5,True,False,,f_mmd,test,standardized_l2,5.089266052391651,6.349091081745398,,True
FOREX_audusd-hour-High,/home/crc00006699/zh/tabiclv2/data184/FOREX_audusd-hour-High,binclass,35060,7012,8765,10,2,0.7088419851682829,0.7087568974708448,0.7075463742398622,0.7887363403017695,0.5528868699712234,95.0625696182251,24.33368492126465,ok,,35060,28048,0,8765,0.5611919164657593,True,0.1,False,78,1e-05,True,94.7342324256897,full_train_epoch_chunks,full train set chunked per epoch | validation=dataset_val_split | c_selection=f_mmd c_source=test c_metric=standardized_l2 | f_mmd_reserved_context=5% source=test | wise_ft_skipped rows=43825>=2000,30,3,epoch_chunk,accuracy,0.7055048488305762,0.7190530519110097,0.7055048488305762,0.7190530519110097,18,True,False,,f_mmd,test,standardized_l2,4.531512580978126,3.4402234432044057,,True
FOREX_cadjpy-hour-High,/home/crc00006699/zh/tabiclv2/data184/FOREX_cadjpy-hour-High,binclass,35060,7012,8765,10,2,0.7164860239589276,0.7165145514166071,0.7162341632548412,0.7915480256455412,0.5523200760545233,58.026968002319336,24.329853296279907,ok,,35060,28048,0,8765,0.5567940771579742,True,0.1,False,48,1e-05,True,57.73811912536621,full_train_epoch_chunks,full train set chunked per epoch | validation=dataset_val_split | c_selection=f_mmd c_source=test c_metric=standardized_l2 | f_mmd_reserved_context=5% source=test | wise_ft_skipped rows=43825>=2000,30,3,epoch_chunk,accuracy,0.7152025099828865,0.7183399885909869,0.7152025099828865,0.7183399885909869,8,True,False,,f_mmd,test,standardized_l2,5.198503829667066,5.089079415366325,,True
Fitness_Club_c,/home/crc00006699/zh/tabiclv2/data184/Fitness_Club_c,binclass,1200,240,300,6,2,0.8033333333333333,0.7961465279630122,0.7378673957621326,0.8224932961775067,0.4540959715250319,6.23725438117981,0.3596489429473877,ok,,1200,960,0,300,0.4754087030887604,True,0.1,True,18,1e-05,True,6.206210851669312,full_train_epoch_chunks,full train set chunked per epoch | validation=dataset_val_split | c_selection=f_mmd c_source=test c_metric=standardized_l2 | f_mmd_reserved_context=5% source=test | wise_ft=alpha0.1 rows=1500<2000,30,1,epoch_chunk,accuracy,0.7666666666666667,0.7833333333333333,0.7666666666666667,0.7833333333333333,10,True,False,,f_mmd,test,standardized_l2,3.622632904996408,1.758327329190398,,True
GAMETES_Heterogeneity_20atts_1600_Het_0.4_0.2_50_EDM-2_001,/home/crc00006699/zh/tabiclv2/data184/GAMETES_Heterogeneity_20atts_1600_Het_0.4_0.2_50_EDM-2_001,binclass,1280,256,320,20,2,0.6875,0.6873900980813568,0.6875,0.762265625,0.560716281028578,7.328479528427124,0.5589289665222168,ok,,1280,1024,0,320,0.5308027565479279,True,0.1,True,17,1e-05,True,7.264209508895874,full_train_epoch_chunks,full train set chunked per epoch | validation=dataset_val_split | c_selection=f_mmd c_source=test c_metric=standardized_l2 | f_mmd_reserved_context=5% source=test | wise_ft=alpha0.1 rows=1600<2000,30,1,epoch_chunk,accuracy,0.66796875,0.68359375,0.66796875,0.68359375,9,True,False,,f_mmd,test,standardized_l2,2.8019660115411917,0.576909855340823,,True
GesturePhaseSegmentationProcessed,/home/crc00006699/zh/tabiclv2/data184/GesturePhaseSegmentationProcessed,multiclass,7898,1580,1975,32,5,0.8521518987341772,0.8513688438636606,0.8340185639276683,0.97301935291449,0.4295555217117499,38.48696947097778,3.9680254459381104,ok,,7898,6318,0,1975,0.6183635592460632,True,0.1,False,30,1e-05,True,38.24776268005371,full_train_epoch_chunks,full train set chunked per epoch | validation=dataset_val_split | c_selection=f_mmd c_source=test c_metric=standardized_l2 | f_mmd_reserved_context=5% source=test | wise_ft_skipped rows=9873>=2000,30,1,epoch_chunk,accuracy,0.7803797468354431,0.8113924050632911,0.7803797468354431,0.8113924050632911,25,False,False,,f_mmd,test,standardized_l2,8.95063923650064,6.886046474480631,,True
Heart-Disease-Dataset-(Comprehensive),/home/crc00006699/zh/tabiclv2/data184/Heart-Disease-Dataset-(Comprehensive),binclass,952,191,238,11,2,0.953781512605042,0.9536614172576188,0.9511664407505172,0.982877933937362,0.1521885740081268,3.2033348083496094,0.7952871322631836,ok,,952,761,0,238,0.1781040951609611,True,0.1,True,8,1e-05,True,3.171891450881958,full_train_epoch_chunks,full train set chunked per epoch | validation=dataset_val_split | c_selection=f_mmd c_source=test c_metric=standardized_l2 | f_mmd_reserved_context=5% source=test | wise_ft=alpha0.1 rows=1190<2000,30,1,epoch_chunk,accuracy,0.9109947643979056,0.9109947643979056,0.9109947643979056,0.9109947643979056,0,True,False,,f_mmd,test,standardized_l2,2.505020198631557,0.7008210997003148,,True
Insurance,/home/crc00006699/zh/tabiclv2/data184/Insurance,binclass,18838,3768,4710,10,2,0.7575371549893843,0.6530303380048618,0.5,0.5000013498071985,0.5559170004097426,16.20163321495056,8.907928466796875,ok,,18838,15070,0,4710,0.5616876482963562,True,0.1,False,16,1e-05,True,16.004284620285034,full_train_epoch_chunks,full train set chunked per epoch | validation=dataset_val_split | c_selection=f_mmd c_source=test c_metric=standardized_l2 | f_mmd_reserved_context=5% source=test | wise_ft_skipped rows=23548>=2000,30,2,epoch_chunk,accuracy,0.7579617834394905,0.7579617834394905,0.7579617834394905,0.7579617834394905,0,True,False,,f_mmd,test,standardized_l2,2.527252546147456,0.3423164239347711,,True
Is-this-a-good-customer,/home/crc00006699/zh/tabiclv2/data184/Is-this-a-good-customer,binclass,1378,276,345,13,2,0.881159420289855,0.8282083919519438,0.4983606557377049,0.738483606557377,0.3255620845468063,3.394282102584839,0.5124242305755615,ok,,1378,1102,0,345,0.304015502333641,True,0.1,True,8,1e-05,True,3.3509206771850586,full_train_epoch_chunks,full train set chunked per epoch | validation=dataset_val_split | c_selection=f_mmd c_source=test c_metric=standardized_l2 | f_mmd_reserved_context=5% source=test | wise_ft=alpha0.1 rows=1723<2000,30,1,epoch_chunk,accuracy,0.9130434782608696,0.9130434782608696,0.9130434782608696,0.9130434782608696,0,True,False,,f_mmd,test,standardized_l2,3.3798427330960905,3.1452585709159706,,True
KDD,/home/crc00006699/zh/tabiclv2/data184/KDD,binclass,4025,805,1007,45,2,0.8073485600794439,0.806435350141281,0.8082909220026039,0.904783603582278,0.3700577513289781,14.553141593933104,2.3134498596191406,ok,,4025,3220,0,1007,0.3472158312797546,True,0.1,False,15,1e-05,True,14.363289594650269,full_train_epoch_chunks,full train set chunked per epoch | validation=dataset_val_split | c_selection=f_mmd c_source=test c_metric=standardized_l2 | f_mmd_reserved_context=5% source=test | wise_ft_skipped rows=5032>=2000,30,1,epoch_chunk,accuracy,0.8024844720496894,0.8099378881987578,0.8024844720496894,0.8099378881987578,7,True,False,,f_mmd,test,standardized_l2,7.59935332944652,16.051517797129186,,True
Long,/home/crc00006699/zh/tabiclv2/data184/Long,binclass,3581,717,896,19,2,0.9933035714285714,0.9933114782574496,0.9929477273284764,0.999871219368607,0.0136674228811549,4.845524311065674,1.338524341583252,ok,,3581,2864,0,896,0.0171542055904865,True,0.1,False,8,1e-05,True,4.773676156997681,full_train_epoch_chunks,full train set chunked per epoch | validation=dataset_val_split | c_selection=f_mmd c_source=test c_metric=standardized_l2 | f_mmd_reserved_context=5% source=test | wise_ft_skipped rows=4477>=2000,30,1,epoch_chunk,accuracy,0.99442119944212,0.99442119944212,0.99442119944212,0.99442119944212,0,True,False,,f_mmd,test,standardized_l2,7.369905592299474,18.074806337481736,,True
MagicTelescope,/home/crc00006699/zh/tabiclv2/data184/MagicTelescope,binclass,15216,3044,3804,9,2,0.8943217665615142,0.8927677445974027,0.8714844758673111,0.946935421887142,0.2630689153319246,18.14285373687744,6.3815741539001465,ok,,15216,12172,0,3804,0.3229278475046158,True,0.1,False,22,1e-05,True,18.014026880264282,full_train_epoch_chunks,full train set chunked per epoch | validation=dataset_val_split | c_selection=f_mmd c_source=test c_metric=standardized_l2 | f_mmd_reserved_context=5% source=test | wise_ft_skipped rows=19020>=2000,30,2,epoch_chunk,accuracy,0.8843626806833115,0.8853482260183968,0.8843626806833115,0.8853482260183968,3,True,False,,f_mmd,test,standardized_l2,5.718770039702255,2.388253205408174,,True
Mobile_Price_Classification,/home/crc00006699/zh/tabiclv2/data184/Mobile_Price_Classification,multiclass,1600,320,400,20,4,0.9675,0.967447757577701,0.9675,0.9991,0.0696094982555641,5.092573642730713,0.6611502170562744,ok,,1600,1280,0,400,0.0387760978192091,True,0.1,False,11,1e-05,True,5.037569999694824,full_train_epoch_chunks,full train set chunked per epoch | validation=dataset_val_split | c_selection=f_mmd c_source=test c_metric=standardized_l2 | f_mmd_reserved_context=5% source=test | wise_ft_skipped rows=2000>=2000,30,1,epoch_chunk,accuracy,0.9625,0.96875,0.9625,0.96875,3,True,False,,f_mmd,test,standardized_l2,1.7758030841458328,0.1178539781350782,,True
Performance-Prediction,/home/crc00006699/zh/tabiclv2/data184/Performance-Prediction,binclass,1072,215,268,19,2,0.7425373134328358,0.7347943489201461,0.7017213555675095,0.8064670372362679,0.5237756231851852,7.0499961376190186,0.4721326828002929,ok,,1072,857,0,268,0.6481271684169769,True,0.1,True,17,1e-05,True,7.0045006275177,full_train_epoch_chunks,full train set chunked per epoch | validation=dataset_val_split | c_selection=f_mmd c_source=test c_metric=standardized_l2 | f_mmd_reserved_context=5% source=test | wise_ft=alpha0.1 rows=1340<2000,30,1,epoch_chunk,accuracy,0.6930232558139535,0.7209302325581395,0.6930232558139535,0.7209302325581395,9,True,False,,f_mmd,test,standardized_l2,5.168455260886194,2.1319732440627983,,True
PieChart3,/home/crc00006699/zh/tabiclv2/data184/PieChart3,binclass,861,173,216,37,2,0.8842592592592593,0.8504784688995214,0.5687830687830688,0.8734077993337253,0.2679371859892427,4.361455202102661,1.1460864543914795,ok,,861,688,0,216,0.2899432927370071,True,0.1,True,8,1e-05,True,4.293719291687012,full_train_epoch_chunks,full train set chunked per epoch | validation=dataset_val_split | c_selection=f_mmd c_source=test c_metric=standardized_l2 | f_mmd_reserved_context=5% source=test | wise_ft=alpha0.1 rows=1077<2000,30,1,epoch_chunk,accuracy,0.8786127167630058,0.8786127167630058,0.8786127167630058,0.8786127167630058,0,True,False,,f_mmd,test,standardized_l2,11.726465615371712,18.10639723424589,,True
PizzaCutter3,/home/crc00006699/zh/tabiclv2/data184/PizzaCutter3,binclass,834,167,209,37,2,0.8851674641148325,0.8356831138786027,0.52,0.8952173913043477,0.2497880732162454,5.190581321716309,1.1714892387390137,ok,,834,667,0,209,0.3029399365186691,True,0.1,True,10,1e-05,True,5.11819314956665,full_train_epoch_chunks,full train set chunked per epoch | validation=dataset_val_split | c_selection=f_mmd c_source=test c_metric=standardized_l2 | f_mmd_reserved_context=5% source=test | wise_ft=alpha0.1 rows=1043<2000,30,1,epoch_chunk,accuracy,0.8922155688622755,0.8982035928143712,0.8922155688622755,0.8982035928143712,2,True,False,,f_mmd,test,standardized_l2,12.306453186652952,36.67378334803762,,True
QSAR_biodegradation,/home/crc00006699/zh/tabiclv2/data184/QSAR_biodegradation,binclass,843,169,211,41,2,0.8909952606635071,0.8890044360150116,0.8623239436619718,0.9510060362173038,0.2726826599244681,6.137665271759033,1.1961982250213623,ok,,843,674,0,211,0.241847313940525,True,0.1,True,10,1e-05,True,6.024066925048828,full_train_epoch_chunks,full train set chunked per epoch | validation=dataset_val_split | c_selection=f_mmd c_source=test c_metric=standardized_l2 | f_mmd_reserved_context=5% source=test | wise_ft=alpha0.1 rows=1054<2000,30,1,epoch_chunk,accuracy,0.863905325443787,0.8698224852071006,0.863905325443787,0.8698224852071006,2,True,False,,f_mmd,test,standardized_l2,6.581316791012153,5.080780063042983,,True
SDSS17,/home/crc00006699/zh/tabiclv2/data184/SDSS17,multiclass,80000,16000,20000,12,3,0.97775,0.97763661601289,0.972610301366338,0.9970365489714764,0.0695112341382997,105.59345388412476,107.95026326179504,ok,,80000,64000,0,20000,0.0806160010397434,True,0.1,False,70,1e-05,True,104.63403511047365,full_train_epoch_chunks,full train set chunked per epoch | validation=dataset_val_split | c_selection=f_mmd c_source=test c_metric=standardized_l2 | f_mmd_reserved_context=5% source=test | wise_ft_skipped rows=100000>=2000,30,7,epoch_chunk,accuracy,0.9764375,0.976625,0.9764375,0.976625,2,True,False,,f_mmd,test,standardized_l2,104503.22608334575,1.0074433826222955,,True
Telecom_Churn_Dataset,/home/crc00006699/zh/tabiclv2/data184/Telecom_Churn_Dataset,binclass,2666,534,667,17,2,0.9625187406296852,0.9615713571480486,0.9010761439681678,0.9323204919515284,0.1284355639052511,6.6960930824279785,0.9976658821105956,ok,,2666,2132,0,667,0.1917029097676277,True,0.1,False,12,1e-05,True,6.634344339370728,full_train_epoch_chunks,full train set chunked per epoch | validation=dataset_val_split | c_selection=f_mmd c_source=test c_metric=standardized_l2 | f_mmd_reserved_context=5% source=test | wise_ft_skipped rows=3333>=2000,30,1,epoch_chunk,accuracy,0.9550561797752808,0.9606741573033708,0.9550561797752808,0.9606741573033708,4,True,False,,f_mmd,test,standardized_l2,2.5428180752661937,0.4096505069084573,,True
Water_Quality_and_Potability,/home/crc00006699/zh/tabiclv2/data184/Water_Quality_and_Potability,binclass,2620,524,656,8,2,0.6524390243902439,0.5901395527355814,0.5715625,0.6674267578125,0.6250424822115046,3.267540693283081,0.7973353862762451,ok,,2620,2096,0,656,0.645449161529541,True,0.1,False,8,1e-05,True,3.233175039291382,full_train_epoch_chunks,full train set chunked per epoch | validation=dataset_val_split | c_selection=f_mmd c_source=test c_metric=standardized_l2 | f_mmd_reserved_context=5% source=test | wise_ft_skipped rows=3276>=2000,30,1,epoch_chunk,accuracy,0.6393129770992366,0.6393129770992366,0.6393129770992366,0.6393129770992366,0,True,False,,f_mmd,test,standardized_l2,2.845965988516334,0.5788925625667205,,True
Wilt,/home/crc00006699/zh/tabiclv2/data184/Wilt,binclass,3856,772,965,5,2,0.9937823834196892,0.9937248277163724,0.9604431712865448,0.9915325638217204,0.0307317588211398,6.142672538757324,0.7065057754516602,ok,,3856,3084,0,965,0.0484215524047613,True,0.1,False,15,1e-05,True,6.107280731201172,full_train_epoch_chunks,full train set chunked per epoch | validation=dataset_val_split | c_selection=f_mmd c_source=test c_metric=standardized_l2 | f_mmd_reserved_context=5% source=test | wise_ft_skipped rows=4821>=2000,30,1,epoch_chunk,accuracy,0.9870466321243524,0.9883419689119172,0.9870466321243524,0.9883419689119172,7,True,False,,f_mmd,test,standardized_l2,9.513533140919357,22.455020050789948,,True
accelerometer,/home/crc00006699/zh/tabiclv2/data184/accelerometer,multiclass,122403,24481,30601,4,4,0.7464788732394366,0.7444927737061477,0.8098529411764706,0.9305197289444674,0.5288131126292404,322.4024064540863,232.2681570053101,ok,,122403,97922,0,30601,0.5869850516319275,True,0.1,False,200,1e-05,True,321.9799134731293,full_train_epoch_chunks,full train set chunked per epoch | validation=dataset_val_split | c_selection=f_mmd c_source=test c_metric=standardized_l2 | f_mmd_reserved_context=5% source=test | wise_ft_skipped rows=153004>=2000,30,10,epoch_chunk,accuracy,0.7444548833789469,0.746047955557371,0.7444548833789469,0.746047955557371,12,True,False,,f_mmd,test,standardized_l2,10.405428717203806,6.16198281213626,,True
ada_agnostic,/home/crc00006699/zh/tabiclv2/data184/ada_agnostic,binclass,3649,730,913,48,2,0.8499452354874042,0.847437560148839,0.7837171369491787,0.9078357585954456,0.3198848175517078,11.679898738861084,2.210695266723633,ok,,3649,2919,0,913,0.3154086619615555,True,0.1,False,13,1e-05,True,11.483153104782104,full_train_epoch_chunks,full train set chunked per epoch | validation=dataset_val_split | c_selection=f_mmd c_source=test c_metric=standardized_l2 | f_mmd_reserved_context=5% source=test | wise_ft_skipped rows=4562>=2000,30,1,epoch_chunk,accuracy,0.8534246575342466,0.8561643835616438,0.8534246575342466,0.8561643835616438,5,True,False,,f_mmd,test,standardized_l2,4.246447594053471,6.874691533063112,,True
adult,/home/crc00006699/zh/tabiclv2/data184/adult,binclass,32561,6513,16281,14,2,0.8747619925066028,0.8709322228698315,0.7994828019900048,0.9305403804411122,0.271501940947123,114.96877002716064,26.742080450057983,ok,,32561,26048,0,16281,0.3163063377141952,True,0.1,False,90,1e-05,True,114.5555944442749,full_train_epoch_chunks,full train set chunked per epoch | validation=dataset_val_split | c_selection=f_mmd c_source=test c_metric=standardized_l2 | f_mmd_reserved_context=5% source=test | wise_ft_skipped rows=48842>=2000,30,3,epoch_chunk,accuracy,0.8678028558268079,0.8760939659143252,0.8678028558268079,0.8760939659143252,29,False,False,,f_mmd,test,standardized_l2,4.358359680451431,3.1674047792708544,,True
allbp,/home/crc00006699/zh/tabiclv2/data184/allbp,multiclass,3017,604,755,29,3,0.9774834437086092,0.975153287094861,0.643059402893198,0.9899676546910976,0.0607468058418065,5.651630401611328,1.3919014930725098,ok,,3017,2413,0,755,0.0527956150472164,True,0.1,False,8,1e-05,True,5.543606758117676,full_train_epoch_chunks,full train set chunked per epoch | validation=dataset_val_split | c_selection=f_mmd c_source=test c_metric=standardized_l2 | f_mmd_reserved_context=5% source=test | wise_ft_skipped rows=3772>=2000,30,1,epoch_chunk,accuracy,0.9850993377483444,0.9850993377483444,0.9850993377483444,0.9850993377483444,0,True,False,,f_mmd,test,standardized_l2,5.450873249965506,7.691411589164348,,True
analcatdata_authorship,/home/crc00006699/zh/tabiclv2/data184/analcatdata_authorship,multiclass,672,135,169,69,4,0.9940828402366864,0.9940804879569156,0.9957627118644068,1.0,0.0095224929776219,5.081685781478882,0.6771118640899658,ok,,672,537,0,169,0.0005520944541785,True,0.1,True,8,1e-05,True,4.973684549331665,full_train_epoch_chunks,full train set chunked per epoch | validation=dataset_val_split | c_selection=f_mmd c_source=test c_metric=standardized_l2 | f_mmd_reserved_context=5% source=test | wise_ft=alpha0.1 rows=841<2000,30,1,epoch_chunk,accuracy,1.0,1.0,1.0,1.0,0,True,False,,f_mmd,test,standardized_l2,2.148679396514,0.4050333414709074,,True
autoUniv-au4-2500,/home/crc00006699/zh/tabiclv2/data184/autoUniv-au4-2500,multiclass,2000,400,500,100,3,0.724,0.6941675633994403,0.5240381597941379,0.7698279740368141,0.6639125012884421,15.038386106491089,2.081694364547729,ok,,2000,1600,0,500,0.7218592762947083,True,0.1,False,12,1e-05,True,14.778420686721802,full_train_epoch_chunks,full train set chunked per epoch | validation=dataset_val_split | c_selection=f_mmd c_source=test c_metric=standardized_l2 | f_mmd_reserved_context=5% source=test | wise_ft_skipped rows=2500>=2000,30,1,epoch_chunk,accuracy,0.705,0.7225,0.705,0.7225,4,True,False,,f_mmd,test,standardized_l2,1.441765975181659,0.0346919115391785,,True
bank,/home/crc00006699/zh/tabiclv2/data184/bank,binclass,36168,7234,9043,16,2,0.911091451951786,0.9091630077964572,0.7643480864996159,0.94490330996327,0.1829784216990117,122.98368048667908,27.40256977081299,ok,,36168,28934,0,9043,0.193214014172554,True,0.1,False,84,1e-05,True,122.47523498535156,full_train_epoch_chunks,full train set chunked per epoch | validation=dataset_val_split | c_selection=f_mmd c_source=test c_metric=standardized_l2 | f_mmd_reserved_context=5% source=test | wise_ft_skipped rows=45211>=2000,30,3,epoch_chunk,accuracy,0.918025988388167,0.9228642521426595,0.918025988388167,0.9228642521426595,20,True,False,,f_mmd,test,standardized_l2,4.972430139387602,19.855296889126127,,True
baseball,/home/crc00006699/zh/tabiclv2/data184/baseball,multiclass,1072,215,268,16,3,0.9440298507462688,0.9342657264063036,0.6038961038961039,0.9756513805845496,0.1325545401373637,3.69072151184082,0.4601798057556152,ok,,1072,857,0,268,0.178958311676979,True,0.1,True,8,1e-05,True,3.6462206840515137,full_train_epoch_chunks,full train set chunked per epoch | validation=dataset_val_split | c_selection=f_mmd c_source=test c_metric=standardized_l2 | f_mmd_reserved_context=5% source=test | wise_ft=alpha0.1 rows=1340<2000,30,1,epoch_chunk,accuracy,0.958139534883721,0.958139534883721,0.958139534883721,0.958139534883721,0,True,False,,f_mmd,test,standardized_l2,5.667167471686948,2.5140895091013458,,True
churn,/home/crc00006699/zh/tabiclv2/data184/churn,binclass,4000,800,1000,20,2,0.968,0.9666135321100918,0.8954169040365261,0.9297963160197822,0.1169396583190703,15.003155708312988,1.5540802478790283,ok,,4000,3200,0,1000,0.1708255037665367,True,0.1,False,24,1e-05,True,14.914238214492798,full_train_epoch_chunks,full train set chunked per epoch | validation=dataset_val_split | c_selection=f_mmd c_source=test c_metric=standardized_l2 | f_mmd_reserved_context=5% source=test | wise_ft_skipped rows=5000>=2000,30,1,epoch_chunk,accuracy,0.96625,0.9725,0.96625,0.9725,16,True,False,,f_mmd,test,standardized_l2,2.333854864970065,0.3123434634986582,,True
company_bankruptcy_prediction,/home/crc00006699/zh/tabiclv2/data184/company_bankruptcy_prediction,binclass,5455,1091,1364,95,2,0.9699413489736072,0.9669380428459796,0.6768939393939394,0.9600120523415976,0.0755975514495661,27.072766304016117,5.975846767425537,ok,,5455,4364,0,1364,0.0677706412971019,True,0.1,False,14,1e-05,True,26.62978720664978,full_train_epoch_chunks,full train set chunked per epoch | validation=dataset_val_split | c_selection=f_mmd c_source=test c_metric=standardized_l2 | f_mmd_reserved_context=5% source=test | wise_ft_skipped rows=6819>=2000,30,1,epoch_chunk,accuracy,0.9688359303391384,0.9697525206232814,0.9688359303391384,0.9697525206232814,6,True,False,,f_mmd,test,standardized_l2,112.96131606941503,24.50766725520001,,True
connect-4,/home/crc00006699/zh/tabiclv2/data184/connect-4,multiclass,54045,10809,13512,42,3,0.8690793368857312,0.8586464089268943,0.7116900286158431,0.9492659271689452,0.3245555481602635,250.88996982574463,103.27617931365968,ok,,54045,43236,0,13512,0.4936637431383133,True,0.1,False,115,1e-05,True,248.6774954795837,full_train_epoch_chunks,full train set chunked per epoch | validation=dataset_val_split | c_selection=f_mmd c_source=test c_metric=standardized_l2 | f_mmd_reserved_context=5% source=test | wise_ft_skipped rows=67557>=2000,30,5,epoch_chunk,accuracy,0.851050050883523,0.8676103247293921,0.851050050883523,0.8676103247293921,15,True,False,,f_mmd,test,standardized_l2,6.226711526712232,6.773610728956536,,True
credit,/home/crc00006699/zh/tabiclv2/data184/credit,binclass,13371,2675,3343,10,2,0.787316781334131,0.7873002230740539,0.7873141673753503,0.8651482222775807,0.4618934010184378,18.870867490768436,5.434437274932861,ok,,13371,10696,0,3343,0.4660811126232147,True,0.1,False,22,1e-05,True,18.74082040786743,full_train_epoch_chunks,full train set chunked per epoch | validation=dataset_val_split | c_selection=f_mmd c_source=test c_metric=standardized_l2 | f_mmd_reserved_context=5% source=test | wise_ft_skipped rows=16714>=2000,30,2,epoch_chunk,accuracy,0.7783177570093458,0.7790654205607477,0.7783177570093458,0.7790654205607477,3,True,False,,f_mmd,test,standardized_l2,13.155764649515575,45.59304998460195,,True
customer_satisfaction_in_airline,/home/crc00006699/zh/tabiclv2/data184/customer_satisfaction_in_airline,binclass,103904,20781,25976,21,2,0.9658530951647676,0.9658987016454385,0.9671802794180036,0.9960324164760178,0.0765738428174268,467.7356746196747,215.53478980064392,ok,,103904,83123,0,25976,0.1013332940638065,True,0.1,False,243,1e-05,True,465.678040266037,full_train_epoch_chunks,full train set chunked per epoch | validation=dataset_val_split | c_selection=f_mmd c_source=test c_metric=standardized_l2 | f_mmd_reserved_context=5% source=test | wise_ft_skipped rows=129880>=2000,30,9,epoch_chunk,accuracy,0.9616957797988548,0.965112362253982,0.9616957797988548,0.965112362253982,19,True,False,,f_mmd,test,standardized_l2,3.057328853864399,4.260966721885347,,True
default_of_credit_card_clients,/home/crc00006699/zh/tabiclv2/data184/default_of_credit_card_clients,binclass,24000,4800,6000,23,2,0.8271666666666667,0.8070901650969654,0.6680837068306427,0.8028484111857451,0.412988563266973,70.89131689071655,15.533403158187866,ok,,24000,19200,0,6000,0.4217294603586197,True,0.1,False,44,1e-05,True,70.37897181510925,full_train_epoch_chunks,full train set chunked per epoch | validation=dataset_val_split | c_selection=f_mmd c_source=test c_metric=standardized_l2 | f_mmd_reserved_context=5% source=test | wise_ft_skipped rows=30000>=2000,30,2,epoch_chunk,accuracy,0.8222916666666666,0.8239583333333333,0.8222916666666666,0.8239583333333333,14,True,False,,f_mmd,test,standardized_l2,7.608660268976766,16.64416593883685,,True
dis,/home/crc00006699/zh/tabiclv2/data184/dis,binclass,3017,604,755,29,2,0.9894039735099338,0.9883585937152762,0.7486541049798116,0.9931583669807088,0.0275667066125742,13.038267850875854,1.305898666381836,ok,,3017,2413,0,755,0.0551575254648923,True,0.1,False,20,1e-05,True,12.930439233779907,full_train_epoch_chunks,full train set chunked per epoch | validation=dataset_val_split | c_selection=f_mmd c_source=test c_metric=standardized_l2 | f_mmd_reserved_context=5% source=test | wise_ft_skipped rows=3772>=2000,30,1,epoch_chunk,accuracy,0.9867549668874172,0.9933774834437086,0.9867549668874172,0.9933774834437086,12,True,False,,f_mmd,test,standardized_l2,5.355088270758082,7.483798799229329,,True
drug_consumption,/home/crc00006699/zh/tabiclv2/data184/drug_consumption,multiclass,1507,302,377,12,7,0.403183023872679,0.2316968605998004,0.1428571428571428,0.5219225320667127,1.512496322380603,3.178001880645752,0.5218567848205566,ok,,1507,1205,0,377,1.5038748383522034,True,0.1,True,8,1e-05,True,3.141681909561157,full_train_epoch_chunks,full train set chunked per epoch | validation=dataset_val_split | c_selection=f_mmd c_source=test c_metric=standardized_l2 | f_mmd_reserved_context=5% source=test | wise_ft=alpha0.1 rows=1884<2000,30,1,epoch_chunk,accuracy,0.4039735099337748,0.4039735099337748,0.4039735099337748,0.4039735099337748,0,True,False,,f_mmd,test,standardized_l2,3.0060375948929003,2.1932353050659934,,True
eeg-eye-state,/home/crc00006699/zh/tabiclv2/data184/eeg-eye-state,binclass,11984,2397,2996,14,2,0.9946595460614152,0.9946584200675984,0.9943965468714466,0.9999211922930566,0.0119296684332963,22.90201473236084,5.011917591094971,ok,,11984,9587,0,2996,0.0276817828416824,True,0.1,False,16,1e-05,True,22.74887633323669,full_train_epoch_chunks,full train set chunked per epoch | validation=dataset_val_split | c_selection=f_mmd c_source=test c_metric=standardized_l2 | f_mmd_reserved_context=5% source=test | wise_ft_skipped rows=14980>=2000,30,1,epoch_chunk,accuracy,0.9920734251147268,0.9937421777221528,0.9920734251147268,0.9937421777221528,8,True,False,,f_mmd,test,standardized_l2,7586696.755650853,238.2034319652007,,True
estimation_of_obesity_levels,/home/crc00006699/zh/tabiclv2/data184/estimation_of_obesity_levels,multiclass,1688,338,423,16,7,0.9905437352245864,0.9905622153790828,0.9902298850574712,0.9999190228760376,0.0247032659652544,5.759516477584839,0.6193938255310059,ok,,1688,1350,0,423,0.0057334178127348,True,0.1,False,14,1e-05,True,5.709334850311279,full_train_epoch_chunks,full train set chunked per epoch | validation=dataset_val_split | c_selection=f_mmd c_source=test c_metric=standardized_l2 | f_mmd_reserved_context=5% source=test | wise_ft_skipped rows=2111>=2000,30,1,epoch_chunk,accuracy,0.9792899408284024,0.9881656804733728,0.9792899408284024,0.9881656804733728,6,True,False,,f_mmd,test,standardized_l2,3.7695767221365033,0.928742748784042,,True
eye_movements,/home/crc00006699/zh/tabiclv2/data184/eye_movements,multiclass,8748,1750,2188,27,3,0.8985374771480804,0.898481299590684,0.9025857089218188,0.9814013364489071,0.2527807248456488,40.61725449562073,4.162629127502441,ok,,8748,6998,0,2188,0.3307693600654602,True,0.1,False,30,1e-05,True,40.38219499588013,full_train_epoch_chunks,full train set chunked per epoch | validation=dataset_val_split | c_selection=f_mmd c_source=test c_metric=standardized_l2 | f_mmd_reserved_context=5% source=test | wise_ft_skipped rows=10936>=2000,30,1,epoch_chunk,accuracy,0.7977142857142857,0.908,0.7977142857142857,0.908,30,False,False,,f_mmd,test,standardized_l2,5.83758410993292,3.0502346507256157,,True
first-order-theorem-proving,/home/crc00006699/zh/tabiclv2/data184/first-order-theorem-proving,multiclass,4894,979,1224,51,6,0.6486928104575164,0.631874422397786,0.5229764773284472,0.8605279130921907,1.0169552222907956,22.332937240600582,3.459967613220215,ok,,4894,3915,0,1224,1.0653054118156433,True,0.1,False,19,1e-05,True,22.108604192733765,full_train_epoch_chunks,full train set chunked per epoch | validation=dataset_val_split | c_selection=f_mmd c_source=test c_metric=standardized_l2 | f_mmd_reserved_context=5% source=test | wise_ft_skipped rows=6118>=2000,30,1,epoch_chunk,accuracy,0.627170582226762,0.6353421859039836,0.627170582226762,0.6353421859039836,11,True,False,,f_mmd,test,standardized_l2,8.690973891333929,14.195526825499456,,True
heloc,/home/crc00006699/zh/tabiclv2/data184/heloc,binclass,8000,1600,2000,22,2,0.73,0.7296298632828342,0.73,0.803619,0.5402117516174938,25.22966980934143,3.453028440475464,ok,,8000,6400,0,2000,0.51877561211586,True,0.1,False,23,1e-05,True,25.079430103302,full_train_epoch_chunks,full train set chunked per epoch | validation=dataset_val_split | c_selection=f_mmd c_source=test c_metric=standardized_l2 | f_mmd_reserved_context=5% source=test | wise_ft_skipped rows=10000>=2000,30,1,epoch_chunk,accuracy,0.721875,0.728125,0.721875,0.728125,15,True,False,,f_mmd,test,standardized_l2,7.521621881873854,1.8748892458154824,,True
house_16H,/home/crc00006699/zh/tabiclv2/data184/house_16H,binclass,10790,2158,2698,16,2,0.8928836174944403,0.8928828964350944,0.8928836174944403,0.9583086282511112,0.2638661720719407,29.826336145401,4.480742692947388,ok,,10790,8632,0,2698,0.2432083934545517,True,0.1,False,22,1e-05,True,29.665337562561035,full_train_epoch_chunks,full train set chunked per epoch | validation=dataset_val_split | c_selection=f_mmd c_source=test c_metric=standardized_l2 | f_mmd_reserved_context=5% source=test | wise_ft_skipped rows=13488>=2000,30,1,epoch_chunk,accuracy,0.881371640407785,0.8906394810009268,0.881371640407785,0.8906394810009268,14,True,False,,f_mmd,test,standardized_l2,7.526607633218358,21.70788022471812,,True
ibm-employee-performance,/home/crc00006699/zh/tabiclv2/data184/ibm-employee-performance,binclass,1176,236,294,30,2,1.0,1.0,1.0,1.0,2.3282401203520488e-06,4.385211944580078,0.5717520713806152,ok,,1176,940,0,294,1.5440139691236254e-06,True,0.1,True,8,1e-05,True,4.313182830810547,full_train_epoch_chunks,full train set chunked per epoch | validation=dataset_val_split | c_selection=f_mmd c_source=test c_metric=standardized_l2 | f_mmd_reserved_context=5% source=test | wise_ft=alpha0.1 rows=1470<2000,30,1,epoch_chunk,accuracy,1.0,1.0,1.0,1.0,0,True,False,,f_mmd,test,standardized_l2,2.3734940379938068,0.3681200407707451,,True
internet_firewall,/home/crc00006699/zh/tabiclv2/data184/internet_firewall,multiclass,52425,10485,13107,7,4,0.9310292210269322,0.9283890466780912,0.7766411268354544,0.989385226502712,0.1281448480699979,44.49722933769226,48.04925751686096,ok,,52425,41940,0,13107,0.2066565304994583,True,0.1,False,40,1e-05,True,44.24943137168884,full_train_epoch_chunks,full train set chunked per epoch | validation=dataset_val_split | c_selection=f_mmd c_source=test c_metric=standardized_l2 | f_mmd_reserved_context=5% source=test | wise_ft_skipped rows=65532>=2000,30,5,epoch_chunk,accuracy,0.934763948497854,0.934763948497854,0.934763948497854,0.934763948497854,0,True,False,,f_mmd,test,standardized_l2,19.986602121447696,571.6974123342937,,True
jm1,/home/crc00006699/zh/tabiclv2/data184/jm1,binclass,8708,1742,2177,21,2,0.8231511254019293,0.789941399247552,0.5996387005665003,0.7657140229089,0.4204083581505839,27.104859352111816,3.73787260055542,ok,,8708,6966,0,2177,0.3957641869783401,True,0.1,False,22,1e-05,True,26.94246315956116,full_train_epoch_chunks,full train set chunked per epoch | validation=dataset_val_split | c_selection=f_mmd c_source=test c_metric=standardized_l2 | f_mmd_reserved_context=5% source=test | wise_ft_skipped rows=10885>=2000,30,1,epoch_chunk,accuracy,0.8197474167623421,0.830654420206659,0.8197474167623421,0.830654420206659,14,True,False,,f_mmd,test,standardized_l2,16.40017819803729,52.60882944017484,,True
kc1,/home/crc00006699/zh/tabiclv2/data184/kc1,binclass,1687,338,422,21,2,0.8720379146919431,0.855423482647913,0.6601163542340013,0.8570135746606334,0.3023731467454478,3.718220233917236,0.6827960014343262,ok,,1687,1349,0,422,0.2974250614643097,True,0.1,False,8,1e-05,True,3.65504002571106,full_train_epoch_chunks,full train set chunked per epoch | validation=dataset_val_split | c_selection=f_mmd c_source=test c_metric=standardized_l2 | f_mmd_reserved_context=5% source=test | wise_ft_skipped rows=2109>=2000,30,1,epoch_chunk,accuracy,0.878698224852071,0.878698224852071,0.878698224852071,0.878698224852071,0,True,False,,f_mmd,test,standardized_l2,13.059992117936376,15.88365908678478,,True
kr-vs-kp,/home/crc00006699/zh/tabiclv2/data184/kr-vs-kp,binclass,2556,512,640,36,2,0.9984375,0.9984376031804651,0.998502994011976,0.9999804312942744,0.0065281834929043,9.401905059814451,1.3211956024169922,ok,,2556,2044,0,640,0.016951160505414,True,0.1,False,14,1e-05,True,9.26482319831848,full_train_epoch_chunks,full train set chunked per epoch | validation=dataset_val_split | c_selection=f_mmd c_source=test c_metric=standardized_l2 | f_mmd_reserved_context=5% source=test | wise_ft_skipped rows=3196>=2000,30,1,epoch_chunk,accuracy,0.99609375,0.998046875,0.99609375,0.998046875,6,True,False,,f_mmd,test,standardized_l2,4.2550440782482495,2.46559055542154,,True
led24,/home/crc00006699/zh/tabiclv2/data184/led24,multiclass,2560,512,640,24,10,0.7375,0.7332560120214949,0.7371069410395505,0.9580470145983416,0.7761675341324091,7.027877330780029,1.050564527511597,ok,,2560,2048,0,640,0.8347065448760986,True,0.1,False,12,1e-05,True,6.934129238128662,full_train_epoch_chunks,full train set chunked per epoch | validation=dataset_val_split | c_selection=f_mmd c_source=test c_metric=standardized_l2 | f_mmd_reserved_context=5% source=test | wise_ft_skipped rows=3200>=2000,30,1,epoch_chunk,accuracy,0.7265625,0.736328125,0.7265625,0.736328125,4,True,False,,f_mmd,test,standardized_l2,1.4863865026689456,0.0462827325732476,,True
madeline,/home/crc00006699/zh/tabiclv2/data184/madeline,binclass,2512,503,628,259,2,0.9235668789808916,0.92355524780321,0.9235029211295034,0.9766613924050632,0.190139099875657,21.3309223651886,7.197835922241211,ok,,2512,2009,0,628,0.2013667151331901,True,0.1,False,8,1e-05,True,20.72153258323669,full_train_epoch_chunks,full train set chunked per epoch | validation=dataset_val_split | c_selection=f_mmd c_source=test c_metric=standardized_l2 | f_mmd_reserved_context=5% source=test | wise_ft_skipped rows=3140>=2000,30,1,epoch_chunk,accuracy,0.9184890656063618,0.9184890656063618,0.9184890656063618,0.9184890656063618,0,True,False,,f_mmd,test,standardized_l2,1.4636400990177851,0.0523940358563418,,True
maternal_health_risk,/home/crc00006699/zh/tabiclv2/data184/maternal_health_risk,multiclass,811,163,203,6,3,0.8768472906403941,0.8748005893782885,0.8794702134668967,0.9629871295562848,0.3289104294576189,8.988717079162598,0.6208739280700684,ok,,811,648,0,203,0.3832594752311706,True,0.1,True,26,1e-05,True,8.965829849243164,full_train_epoch_chunks,full train set chunked per epoch | validation=dataset_val_split | c_selection=f_mmd c_source=test c_metric=standardized_l2 | f_mmd_reserved_context=5% source=test | wise_ft=alpha0.1 rows=1014<2000,30,1,epoch_chunk,accuracy,0.8282208588957055,0.8773006134969326,0.8282208588957055,0.8773006134969326,18,True,False,,f_mmd,test,standardized_l2,3.31848649755426,0.3370939541517145,,True
mfeat-fourier,/home/crc00006699/zh/tabiclv2/data184/mfeat-fourier,multiclass,1600,320,400,76,10,0.925,0.9243888431039398,0.925,0.994902777777778,0.212070543711219,10.166819334030151,1.4045400619506836,ok,,1600,1280,0,400,0.2317736893892288,True,0.1,False,13,1e-05,True,10.0171856880188,full_train_epoch_chunks,full train set chunked per epoch | validation=dataset_val_split | c_selection=f_mmd c_source=test c_metric=standardized_l2 | f_mmd_reserved_context=5% source=test | wise_ft_skipped rows=2000>=2000,30,1,epoch_chunk,accuracy,0.896875,0.903125,0.896875,0.903125,5,True,False,,f_mmd,test,standardized_l2,2.268642198833415,0.2528488966253425,,True
mfeat-morphological,/home/crc00006699/zh/tabiclv2/data184/mfeat-morphological,multiclass,1600,320,400,6,10,0.7725,0.7647686474059745,0.7725,0.9740694444444444,0.4933103492528805,3.7391862869262695,0.5014631748199463,ok,,1600,1280,0,400,0.6206364929676056,True,0.1,False,11,1e-05,True,3.712870836257935,full_train_epoch_chunks,full train set chunked per epoch | validation=dataset_val_split | c_selection=f_mmd c_source=test c_metric=standardized_l2 | f_mmd_reserved_context=5% source=test | wise_ft_skipped rows=2000>=2000,30,1,epoch_chunk,accuracy,0.75,0.753125,0.75,0.753125,3,True,False,,f_mmd,test,standardized_l2,3.0462114326407037,0.433867195832736,,True
mfeat-zernike,/home/crc00006699/zh/tabiclv2/data184/mfeat-zernike,multiclass,1600,320,400,47,10,0.9125,0.9114183621648264,0.9125,0.9941805555555556,0.2188078751303199,10.473915100097656,1.0061886310577393,ok,,1600,1280,0,400,0.2024124860763549,True,0.1,False,17,1e-05,True,10.368649244308472,full_train_epoch_chunks,full train set chunked per epoch | validation=dataset_val_split | c_selection=f_mmd c_source=test c_metric=standardized_l2 | f_mmd_reserved_context=5% source=test | wise_ft_skipped rows=2000>=2000,30,1,epoch_chunk,accuracy,0.853125,0.909375,0.853125,0.909375,9,True,False,,f_mmd,test,standardized_l2,3.202519510756844,0.8268509840926855,,True
microaggregation2,/home/crc00006699/zh/tabiclv2/data184/microaggregation2,multiclass,16000,3200,4000,20,5,0.647,0.6058802368767836,0.4446656756834484,0.8364120900576856,0.8555330406447861,21.35204267501831,8.375687599182129,ok,,16000,12800,0,4000,0.9749344885349274,True,0.1,False,20,1e-05,True,21.11105704307556,full_train_epoch_chunks,full train set chunked per epoch | validation=dataset_val_split | c_selection=f_mmd c_source=test c_metric=standardized_l2 | f_mmd_reserved_context=5% source=test | wise_ft_skipped rows=20000>=2000,30,2,epoch_chunk,accuracy,0.655625,0.6559375,0.655625,0.6559375,2,True,False,,f_mmd,test,standardized_l2,7.8634205604474365,5.537082618827356,,True
mozilla4,/home/crc00006699/zh/tabiclv2/data184/mozilla4,binclass,12436,2488,3109,4,2,0.9453200385976198,0.9447693159850364,0.9288133511243304,0.9779878607388764,0.1605243483093421,13.69849133491516,2.1650586128234863,ok,,12436,9948,0,3109,0.1792826429009437,True,0.1,False,12,1e-05,True,13.63523530960083,full_train_epoch_chunks,full train set chunked per epoch | validation=dataset_val_split | c_selection=f_mmd c_source=test c_metric=standardized_l2 | f_mmd_reserved_context=5% source=test | wise_ft_skipped rows=15545>=2000,30,1,epoch_chunk,accuracy,0.9421221864951768,0.9441318327974276,0.9421221864951768,0.9441318327974276,4,True,False,,f_mmd,test,standardized_l2,5.793754919248117,7.383930248487411,,True
okcupid_stem,/home/crc00006699/zh/tabiclv2/data184/okcupid_stem,multiclass,21341,4269,5336,13,3,0.7494377811094453,0.6963391718930195,0.4931751422748256,0.8097347020604461,0.5892609778256577,31.82874298095703,11.360705852508543,ok,,21341,17072,0,5336,0.595184326171875,True,0.1,False,26,1e-05,True,31.53822875022888,full_train_epoch_chunks,full train set chunked per epoch | validation=dataset_val_split | c_selection=f_mmd c_source=test c_metric=standardized_l2 | f_mmd_reserved_context=5% source=test | wise_ft_skipped rows=26677>=2000,30,2,epoch_chunk,accuracy,0.7505270555165144,0.7531037713750293,0.7505270555165144,0.7531037713750293,5,True,False,,f_mmd,test,standardized_l2,3.349829659806233,0.9194834931701044,,True
optdigits,/home/crc00006699/zh/tabiclv2/data184/optdigits,multiclass,4496,900,1124,64,10,0.998220640569395,0.9982205883039564,0.9982142857142856,0.999990329247474,0.0088395621580809,16.4175922870636,3.800405979156494,ok,,4496,3596,0,1124,0.0166419390588998,True,0.1,False,13,1e-05,True,16.16369366645813,full_train_epoch_chunks,full train set chunked per epoch | validation=dataset_val_split | c_selection=f_mmd c_source=test c_metric=standardized_l2 | f_mmd_reserved_context=5% source=test | wise_ft_skipped rows=5620>=2000,30,1,epoch_chunk,accuracy,0.9877777777777778,0.99,0.9877777777777778,0.99,5,True,False,,f_mmd,test,standardized_l2,5.620109054672162,7.162230727142715,,True
ozone_level,/home/crc00006699/zh/tabiclv2/data184/ozone_level,binclass,2028,406,508,36,2,0.9763779527559056,0.9705430247513882,0.4969939879759519,0.8267646403918949,0.0875872952614213,5.643530607223511,1.06640362739563,ok,,2028,1622,0,508,0.0994213297963142,True,0.1,False,8,1e-05,True,5.498904228210449,full_train_epoch_chunks,full train set chunked per epoch | validation=dataset_val_split | c_selection=f_mmd c_source=test c_metric=standardized_l2 | f_mmd_reserved_context=5% source=test | wise_ft_skipped rows=2536>=2000,30,1,epoch_chunk,accuracy,0.9704433497536946,0.9704433497536946,0.9704433497536946,0.9704433497536946,0,True,False,,f_mmd,test,standardized_l2,4.099503720039607,0.2111521155279398,,True
pc1,/home/crc00006699/zh/tabiclv2/data184/pc1,binclass,887,178,222,21,2,0.9414414414414416,0.9330171853150268,0.6594202898550725,0.8987117552334944,0.1535753409738493,5.312988042831421,0.9051122665405272,ok,,887,709,0,222,0.1725785434246063,True,0.1,True,13,1e-05,True,5.266154766082764,full_train_epoch_chunks,full train set chunked per epoch | validation=dataset_val_split | c_selection=f_mmd c_source=test c_metric=standardized_l2 | f_mmd_reserved_context=5% source=test | wise_ft=alpha0.1 rows=1109<2000,30,1,epoch_chunk,accuracy,0.9325842696629212,0.9382022471910112,0.9325842696629212,0.9382022471910112,5,True,False,,f_mmd,test,standardized_l2,14.860325326819648,34.442359465042536,,True
pc4,/home/crc00006699/zh/tabiclv2/data184/pc4,binclass,1166,234,292,37,2,0.910958904109589,0.9074272635916472,0.7582465277777778,0.9610460069444444,0.1949082318582337,4.83891487121582,0.6507656574249268,ok,,1166,932,0,292,0.1692056134343147,True,0.1,True,8,1e-05,True,4.76485276222229,full_train_epoch_chunks,full train set chunked per epoch | validation=dataset_val_split | c_selection=f_mmd c_source=test c_metric=standardized_l2 | f_mmd_reserved_context=5% source=test | wise_ft=alpha0.1 rows=1458<2000,30,1,epoch_chunk,accuracy,0.9102564102564102,0.9102564102564102,0.9102564102564102,0.9102564102564102,0,True,False,,f_mmd,test,standardized_l2,10.755746728435788,14.540866632121269,,True
phoneme,/home/crc00006699/zh/tabiclv2/data184/phoneme,binclass,4323,865,1081,5,2,0.904717853839038,0.9046737498014786,0.8846041092044197,0.9670792937717808,0.2183126464728566,8.837560892105103,0.7962632179260254,ok,,4323,3458,0,1081,0.1670109257102012,True,0.1,False,20,1e-05,True,8.801543951034546,full_train_epoch_chunks,full train set chunked per epoch | validation=dataset_val_split | c_selection=f_mmd c_source=test c_metric=standardized_l2 | f_mmd_reserved_context=5% source=test | wise_ft_skipped rows=5404>=2000,30,1,epoch_chunk,accuracy,0.9202312138728324,0.9248554913294798,0.9202312138728324,0.9248554913294798,12,True,False,,f_mmd,test,standardized_l2,2.928910818679095,0.4359154972984683,,True
predict_students_dropout_and_academic_success,/home/crc00006699/zh/tabiclv2/data184/predict_students_dropout_and_academic_success,multiclass,3539,708,885,34,3,0.784180790960452,0.7794643420529721,0.7120744282231518,0.8938227991779287,0.5529908878618008,9.73536205291748,1.725924015045166,ok,,3539,2831,0,885,0.5341107547283173,True,0.1,False,12,1e-05,True,9.580973386764526,full_train_epoch_chunks,full train set chunked per epoch | validation=dataset_val_split | c_selection=f_mmd c_source=test c_metric=standardized_l2 | f_mmd_reserved_context=5% source=test | wise_ft_skipped rows=4424>=2000,30,1,epoch_chunk,accuracy,0.7937853107344632,0.8036723163841808,0.7937853107344632,0.8036723163841808,4,True,False,,f_mmd,test,standardized_l2,3.7297052935457615,0.933365176443966,,True
ringnorm,/home/crc00006699/zh/tabiclv2/data184/ringnorm,binclass,5920,1184,1480,20,2,0.979054054054054,0.9790514235851084,0.9789818665293278,0.9971673871474986,0.0593561753251065,12.377608299255373,2.338934898376465,ok,,5920,4736,0,1480,0.0722319446504116,True,0.1,False,15,1e-05,True,12.268672943115234,full_train_epoch_chunks,full train set chunked per epoch | validation=dataset_val_split | c_selection=f_mmd c_source=test c_metric=standardized_l2 | f_mmd_reserved_context=5% source=test | wise_ft_skipped rows=7400>=2000,30,1,epoch_chunk,accuracy,0.9797297297297296,0.9822635135135136,0.9797297297297296,0.9822635135135136,7,True,False,,f_mmd,test,standardized_l2,2.910172080710768,0.308044270971072,,True
satimage,/home/crc00006699/zh/tabiclv2/data184/satimage,multiclass,5144,1029,1286,36,6,0.9447900466562986,0.9438220589534636,0.9287582441789048,0.996863670068172,0.1298854491048765,14.924202680587769,2.6484715938568115,ok,,5144,4115,0,1286,0.1465053334832191,True,0.1,False,15,1e-05,True,14.758066177368164,full_train_epoch_chunks,full train set chunked per epoch | validation=dataset_val_split | c_selection=f_mmd c_source=test c_metric=standardized_l2 | f_mmd_reserved_context=5% source=test | wise_ft_skipped rows=6430>=2000,30,1,epoch_chunk,accuracy,0.9251700680272108,0.9397473275024296,0.9251700680272108,0.9397473275024296,7,True,False,,f_mmd,test,standardized_l2,4.555489347715731,0.7999410967399622,,True
seismic+bumps,/home/crc00006699/zh/tabiclv2/data184/seismic+bumps,binclass,2067,414,517,18,2,0.9342359767891684,0.9024719535783364,0.5,0.725094385580319,0.2284758970717,3.761139392852783,0.7095224857330322,ok,,2067,1653,0,517,0.1846056133508682,True,0.1,False,8,1e-05,True,3.7061262130737305,full_train_epoch_chunks,full train set chunked per epoch | validation=dataset_val_split | c_selection=f_mmd c_source=test c_metric=standardized_l2 | f_mmd_reserved_context=5% source=test | wise_ft_skipped rows=2584>=2000,30,1,epoch_chunk,accuracy,0.9347826086956522,0.9347826086956522,0.9347826086956522,0.9347826086956522,0,True,False,,f_mmd,test,standardized_l2,6.747150619687725,8.626049890033743,,True
shill-bidding,/home/crc00006699/zh/tabiclv2/data184/shill-bidding,binclass,5056,1012,1265,3,2,0.908300395256917,0.8839640056589583,0.5940717858193586,0.9011707988980716,0.2111478676401191,5.179108619689941,0.51778244972229,ok,,5056,4044,0,1265,0.2106092348694801,True,0.1,False,11,1e-05,True,5.1475794315338135,full_train_epoch_chunks,full train set chunked per epoch | validation=dataset_val_split | c_selection=f_mmd c_source=test c_metric=standardized_l2 | f_mmd_reserved_context=5% source=test | wise_ft_skipped rows=6321>=2000,30,1,epoch_chunk,accuracy,0.8873517786561265,0.8903162055335968,0.8873517786561265,0.8903162055335968,3,True,False,,f_mmd,test,standardized_l2,2.25877517589016,0.3121716527232527,,True
shuttle,/home/crc00006699/zh/tabiclv2/data184/shuttle,multiclass,46400,9280,11600,9,7,0.999396551724138,0.9993932663810164,0.9239592152417748,0.9999966826010384,0.0010476009311931,55.35610628128052,39.30754804611206,ok,,46400,37120,0,11600,0.0003325603029225,True,0.1,False,44,1e-05,True,55.00332736968994,full_train_epoch_chunks,full train set chunked per epoch | validation=dataset_val_split | c_selection=f_mmd c_source=test c_metric=standardized_l2 | f_mmd_reserved_context=5% source=test | wise_ft_skipped rows=58000>=2000,30,4,epoch_chunk,accuracy,0.9997844827586206,0.9998922413793104,0.9997844827586206,0.9998922413793104,3,True,False,,f_mmd,test,standardized_l2,11.559714671617629,63.311072849521786,,True
splice,/home/crc00006699/zh/tabiclv2/data184/splice,multiclass,2552,511,638,60,3,0.9592476489028212,0.959210519048096,0.9517119368727686,0.99688402471052,0.0973194793165214,11.542020082473757,1.798530101776123,ok,,2552,2041,0,638,0.0658340826630592,True,0.1,False,12,1e-05,True,11.327910423278809,full_train_epoch_chunks,full train set chunked per epoch | validation=dataset_val_split | c_selection=f_mmd c_source=test c_metric=standardized_l2 | f_mmd_reserved_context=5% source=test | wise_ft_skipped rows=3190>=2000,30,1,epoch_chunk,accuracy,0.9667318982387476,0.9686888454011742,0.9667318982387476,0.9686888454011742,4,True,False,,f_mmd,test,standardized_l2,1.7497194576964892,0.0843661839327511,,True
statlog,/home/crc00006699/zh/tabiclv2/data184/statlog,binclass,800,160,200,20,2,0.735,0.7207152430453401,0.6440476190476191,0.7617857142857143,0.520652742951595,3.5102860927581787,0.8292248249053955,ok,,800,640,0,200,0.4905211925506592,True,0.1,True,8,1e-05,True,3.4574313163757324,full_train_epoch_chunks,full train set chunked per epoch | validation=dataset_val_split | c_selection=f_mmd c_source=test c_metric=standardized_l2 | f_mmd_reserved_context=5% source=test | wise_ft=alpha0.1 rows=1000<2000,30,1,epoch_chunk,accuracy,0.78125,0.78125,0.78125,0.78125,0,True,False,,f_mmd,test,standardized_l2,2.655811727331585,0.408973291472601,,True
svmguide3,/home/crc00006699/zh/tabiclv2/data184/svmguide3,binclass,994,199,249,22,2,0.891566265060241,0.8809269532161098,0.7754934210526316,0.9300986842105264,0.2704939294517761,7.6157732009887695,0.959627628326416,ok,,994,795,0,249,0.2155918404459953,True,0.1,True,17,1e-05,True,7.544273376464844,full_train_epoch_chunks,full train set chunked per epoch | validation=dataset_val_split | c_selection=f_mmd c_source=test c_metric=standardized_l2 | f_mmd_reserved_context=5% source=test | wise_ft=alpha0.1 rows=1243<2000,30,1,epoch_chunk,accuracy,0.8492462311557789,0.8592964824120602,0.8492462311557789,0.8592964824120602,9,True,False,,f_mmd,test,standardized_l2,6.847694175573602,3.025843221323905,,True
taiwanese_bankruptcy_prediction,/home/crc00006699/zh/tabiclv2/data184/taiwanese_bankruptcy_prediction,binclass,5455,1091,1364,95,2,0.9714076246334312,0.9645360200475211,0.6117424242424242,0.9266528925619836,0.088876408366137,42.49154019355774,6.1042320728302,ok,,5455,4364,0,1364,0.0867794081568718,True,0.1,False,23,1e-05,True,42.06108713150024,full_train_epoch_chunks,full train set chunked per epoch | validation=dataset_val_split | c_selection=f_mmd c_source=test c_metric=standardized_l2 | f_mmd_reserved_context=5% source=test | wise_ft_skipped rows=6819>=2000,30,1,epoch_chunk,accuracy,0.9688359303391384,0.9706691109074244,0.9688359303391384,0.9706691109074244,15,True,False,,f_mmd,test,standardized_l2,2.3426401043571975e+36,0.0,,True
thyroid,/home/crc00006699/zh/tabiclv2/data184/thyroid,multiclass,5760,1152,1440,21,3,0.9951388888888888,0.9951345150002868,0.970038783242084,0.9998318839248408,0.011097550593582,9.19175934791565,2.2996630668640137,ok,,5760,4608,0,1440,0.0064882680308073,True,0.1,False,11,1e-05,True,9.098299503326416,full_train_epoch_chunks,full train set chunked per epoch | validation=dataset_val_split | c_selection=f_mmd c_source=test c_metric=standardized_l2 | f_mmd_reserved_context=5% source=test | wise_ft_skipped rows=7200>=2000,30,1,epoch_chunk,accuracy,0.9930555555555556,0.9939236111111112,0.9930555555555556,0.9939236111111112,3,True,False,,f_mmd,test,standardized_l2,7.464379646719951,14.682271159391098,,True
thyroid-dis,/home/crc00006699/zh/tabiclv2/data184/thyroid-dis,multiclass,2240,448,560,26,5,0.7,0.6800280344696018,0.4116112633543826,0.8889552807712204,0.6962771347466367,10.249342918395996,0.9675688743591307,ok,,2240,1792,0,560,0.6918452978134155,True,0.1,False,19,1e-05,True,10.1585054397583,full_train_epoch_chunks,full train set chunked per epoch | validation=dataset_val_split | c_selection=f_mmd c_source=test c_metric=standardized_l2 | f_mmd_reserved_context=5% source=test | wise_ft_skipped rows=2800>=2000,30,1,epoch_chunk,accuracy,0.7366071428571429,0.7433035714285714,0.7366071428571429,0.7433035714285714,11,True,False,,f_mmd,test,standardized_l2,6.195405562608931,7.622980425489235,,True
twonorm,/home/crc00006699/zh/tabiclv2/data184/twonorm,binclass,5920,1184,1480,20,2,0.9777027027027028,0.9777025500087502,0.9777072273689325,0.9985244677218184,0.0513628061105822,16.38093876838684,2.327445268630981,ok,,5920,4736,0,1480,0.0491277519613504,True,0.1,False,20,1e-05,True,16.2764892578125,full_train_epoch_chunks,full train set chunked per epoch | validation=dataset_val_split | c_selection=f_mmd c_source=test c_metric=standardized_l2 | f_mmd_reserved_context=5% source=test | wise_ft_skipped rows=7400>=2000,30,1,epoch_chunk,accuracy,0.9763513513513512,0.9788851351351352,0.9763513513513512,0.9788851351351352,12,True,False,,f_mmd,test,standardized_l2,2.010415977595797,0.176808683359637,,True
wall-robot-navigation,/home/crc00006699/zh/tabiclv2/data184/wall-robot-navigation,multiclass,4364,873,1092,24,4,0.9954212454212454,0.995429875703296,0.9938878581735724,0.9999570689546377,0.014018834441802,9.001177549362183,1.803516387939453,ok,,4364,3491,0,1092,0.0133783961646258,True,0.1,False,12,1e-05,True,8.893697023391724,full_train_epoch_chunks,full train set chunked per epoch | validation=dataset_val_split | c_selection=f_mmd c_source=test c_metric=standardized_l2 | f_mmd_reserved_context=5% source=test | wise_ft_skipped rows=5456>=2000,30,1,epoch_chunk,accuracy,0.986254295532646,0.9885452462772052,0.986254295532646,0.9885452462772052,4,True,False,,f_mmd,test,standardized_l2,2.660672702219944,0.2898729817095775,,True
waveform-5000,/home/crc00006699/zh/tabiclv2/data184/waveform-5000,multiclass,4000,800,1000,40,3,0.867,0.8669717595951272,0.867105239636032,0.9782351470242076,0.2588209467174625,9.749618530273438,2.1484310626983643,ok,,4000,3200,0,1000,0.2433216720819473,True,0.1,False,11,1e-05,True,9.601280689239502,full_train_epoch_chunks,full train set chunked per epoch | validation=dataset_val_split | c_selection=f_mmd c_source=test c_metric=standardized_l2 | f_mmd_reserved_context=5% source=test | wise_ft_skipped rows=5000>=2000,30,1,epoch_chunk,accuracy,0.87375,0.875,0.87375,0.875,3,True,False,,f_mmd,test,standardized_l2,1.8460368858891767,0.1047188180328359,,True
website_phishing,/home/crc00006699/zh/tabiclv2/data184/website_phishing,multiclass,1082,217,271,9,3,0.92619926199262,0.9264532281561662,0.9452380952380952,0.979427136568856,0.2376093118629964,3.264662027359009,0.3902225494384765,ok,,1082,865,0,271,0.2152433171868324,True,0.1,True,8,1e-05,True,3.231318950653076,full_train_epoch_chunks,full train set chunked per epoch | validation=dataset_val_split | c_selection=f_mmd c_source=test c_metric=standardized_l2 | f_mmd_reserved_context=5% source=test | wise_ft=alpha0.1 rows=1353<2000,30,1,epoch_chunk,accuracy,0.9216589861751152,0.9216589861751152,0.9216589861751152,0.9216589861751152,0,True,False,,f_mmd,test,standardized_l2,2.228709432720396,0.1456178526679991,,True
wine-quality-red,/home/crc00006699/zh/tabiclv2/data184/wine-quality-red,multiclass,1279,256,320,4,6,0.671875,0.6529757170261545,0.3320618872549019,0.8499996577726048,0.812847618236708,4.907283306121826,0.3902838230133056,ok,,1279,1023,0,320,0.8479531705379486,True,0.1,True,15,1e-05,True,4.881849765777588,full_train_epoch_chunks,full train set chunked per epoch | validation=dataset_val_split | c_selection=f_mmd c_source=test c_metric=standardized_l2 | f_mmd_reserved_context=5% source=test | wise_ft=alpha0.1 rows=1599<2000,30,1,epoch_chunk,accuracy,0.64453125,0.6796875,0.64453125,0.6796875,7,True,False,,f_mmd,test,standardized_l2,5.6754549366480544,3.454121389757766,,True
yeast,/home/crc00006699/zh/tabiclv2/data184/yeast,multiclass,1187,238,297,8,10,0.6296296296296297,0.6231687242798353,0.5806158193459929,0.8850123466173418,0.9777519443305006,4.751955986022949,0.4063277244567871,ok,,1187,949,0,297,0.9411522448062896,True,0.1,True,13,1e-05,True,4.718406677246094,full_train_epoch_chunks,full train set chunked per epoch | validation=dataset_val_split | c_selection=f_mmd c_source=test c_metric=standardized_l2 | f_mmd_reserved_context=5% source=test | wise_ft=alpha0.1 rows=1484<2000,30,1,epoch_chunk,accuracy,0.5546218487394958,0.5630252100840336,0.5546218487394958,0.5630252100840336,5,True,False,,f_mmd,test,standardized_l2,7.800838008177279,5.427600619554642,,True
