dataset_name,dataset_dir,task_type,n_train,n_val,n_test,n_features,n_classes,accuracy,f1,balanced_accuracy,roc_auc,log_loss,fit_seconds,predict_seconds,status,error,n_train_a,n_train_b,n_holdout_c,n_test_d,ttt_loss,ttt_wise_ft,ttt_wise_alpha,ttt_wise_applied,ttt_steps,ttt_lr,ttt_applied,ttt_update_seconds,ttt_split_strategy,ttt_split_reason,ttt_epochs,ttt_chunks_per_epoch,ttt_batch_mode,ttt_val_eval_metric,ttt_val_baseline_metric,ttt_val_best_metric,ttt_val_baseline_accuracy,ttt_val_best_accuracy,ttt_best_epoch,ttt_stopped_early,ttt_oom_fallback,ttt_fallback_reason,ttt_c_selection,ttt_c_source,ttt_c_metric,ttt_c_f_distance_mean,ttt_c_f_distance_std,ttt_c_fallback_reason,ttt_c_label_coverage_ok
stage1_graph_scm_0000_seed42,/home/crc00006699/zh/tabiclv2/results/tabiclv2_prior_data/graph_scm_3stage_512_seed42/stage1_graph_scm_0000_seed42,multiclass,584,59,440,36,5,0.6363636363636364,0.6155676377336613,0.5968947484770907,0.8877533662212068,0.8310585555275075,10.895721673965454,1.0259361267089844,ok,,584,525,0,440,0.8281315565109253,True,0.1,True,16,1e-05,True,10.808863401412964,full_train_epoch_chunks,full train set chunked per epoch | validation=auto_stratified_validation | c_selection=f_mmd c_source=test c_metric=standardized_l2 | f_mmd_reserved_context=5% source=test | wise_ft=alpha0.1 rows=1024<2000,30,1,epoch_chunk,accuracy,0.6271186440677966,0.6440677966101694,0.6271186440677966,0.6440677966101694,8,True,False,,f_mmd,test,standardized_l2,2.220810167549989,0.43261542919886425,,True
stage1_graph_scm_0001_seed42,/home/crc00006699/zh/tabiclv2/results/tabiclv2_prior_data/graph_scm_3stage_512_seed42/stage1_graph_scm_0001_seed42,multiclass,584,59,440,36,3,0.8477272727272728,0.848131770716998,0.8205730641129563,0.9536704303408426,0.3857534938072246,4.275916337966919,1.1194844245910645,ok,,584,525,0,440,0.2728215605020523,True,0.1,True,8,1e-05,True,4.187286376953125,full_train_epoch_chunks,full train set chunked per epoch | validation=auto_stratified_validation | c_selection=f_mmd c_source=test c_metric=standardized_l2 | f_mmd_reserved_context=5% source=test | wise_ft=alpha0.1 rows=1024<2000,30,1,epoch_chunk,accuracy,0.864406779661017,0.864406779661017,0.864406779661017,0.864406779661017,0,True,False,,f_mmd,test,standardized_l2,2.5153732332535963,0.22459907008289717,,True
stage1_graph_scm_0002_seed42,/home/crc00006699/zh/tabiclv2/results/tabiclv2_prior_data/graph_scm_3stage_512_seed42/stage1_graph_scm_0002_seed42,multiclass,584,59,440,36,5,0.6659090909090909,0.6647523295255269,0.6555054455931669,0.9123695992581876,0.7691801680124397,4.444981336593628,1.061156988143921,ok,,584,525,0,440,0.7884570956230164,True,0.1,True,8,1e-05,True,4.3539745807647705,full_train_epoch_chunks,full train set chunked per epoch | validation=auto_stratified_validation | c_selection=f_mmd c_source=test c_metric=standardized_l2 | f_mmd_reserved_context=5% source=test | wise_ft=alpha0.1 rows=1024<2000,30,1,epoch_chunk,accuracy,0.7288135593220338,0.7288135593220338,0.7288135593220338,0.7288135593220338,0,True,False,,f_mmd,test,standardized_l2,2.241916001961078,0.2950209160856333,,True
stage1_graph_scm_0003_seed42,/home/crc00006699/zh/tabiclv2/results/tabiclv2_prior_data/graph_scm_3stage_512_seed42/stage1_graph_scm_0003_seed42,binclass,584,59,440,36,2,1.0,1.0,1.0,1.0,4.695811688547696e-05,4.3763532638549805,1.049884557723999,ok,,584,525,0,440,7.662319148948882e-06,True,0.1,True,8,1e-05,True,4.285797834396362,full_train_epoch_chunks,full train set chunked per epoch | validation=auto_stratified_validation | c_selection=f_mmd c_source=test c_metric=standardized_l2 | f_mmd_reserved_context=5% source=test | wise_ft=alpha0.1 rows=1024<2000,30,1,epoch_chunk,accuracy,1.0,1.0,1.0,1.0,0,True,False,,f_mmd,test,standardized_l2,2.8107644884777736,0.4300673452611963,,True
stage1_graph_scm_0004_seed42,/home/crc00006699/zh/tabiclv2/results/tabiclv2_prior_data/graph_scm_3stage_512_seed42/stage1_graph_scm_0004_seed42,multiclass,458,46,566,36,5,0.2597173144876325,0.1804156708821266,0.239127631167506,0.5849768558644737,1.5751291945358954,4.12837028503418,1.1016287803649902,ok,,458,412,0,566,1.4936702251434326,True,0.1,True,8,1e-05,True,4.044505834579468,full_train_epoch_chunks,full train set chunked per epoch | validation=auto_stratified_validation | c_selection=f_mmd c_source=test c_metric=standardized_l2 | f_mmd_reserved_context=5% source=test | wise_ft=alpha0.1 rows=1024<2000,30,1,epoch_chunk,accuracy,0.32608695652173914,0.32608695652173914,0.32608695652173914,0.32608695652173914,0,True,False,,f_mmd,test,standardized_l2,7.679357021279132,11.321287031479908,,True
stage1_graph_scm_0005_seed42,/home/crc00006699/zh/tabiclv2/results/tabiclv2_prior_data/graph_scm_3stage_512_seed42/stage1_graph_scm_0005_seed42,multiclass,458,46,566,36,5,0.9982332155477032,0.9982320954589424,0.9980582524271846,0.9999966138426114,0.008662503405617042,3.9954819679260254,1.0070092678070068,ok,,458,412,0,566,5.597603194473777e-05,True,0.1,True,8,1e-05,True,3.9129810333251953,full_train_epoch_chunks,full train set chunked per epoch | validation=auto_stratified_validation | c_selection=f_mmd c_source=test c_metric=standardized_l2 | f_mmd_reserved_context=5% source=test | wise_ft=alpha0.1 rows=1024<2000,30,1,epoch_chunk,accuracy,1.0,1.0,1.0,1.0,0,True,False,,f_mmd,test,standardized_l2,4.9827990671687346,0.8530236813636902,,True
stage1_graph_scm_0006_seed42,/home/crc00006699/zh/tabiclv2/results/tabiclv2_prior_data/graph_scm_3stage_512_seed42/stage1_graph_scm_0006_seed42,multiclass,458,46,566,35,6,0.7756183745583038,0.7771099098139715,0.7709752965945883,0.9663406824820614,0.5385692261011314,7.296629905700684,1.007211685180664,ok,,458,412,0,566,0.7020982205867767,True,0.1,True,16,1e-05,True,7.2122485637664795,full_train_epoch_chunks,full train set chunked per epoch | validation=auto_stratified_validation | c_selection=f_mmd c_source=test c_metric=standardized_l2 | f_mmd_reserved_context=5% source=test | wise_ft=alpha0.1 rows=1024<2000,30,1,epoch_chunk,accuracy,0.7391304347826086,0.782608695652174,0.7391304347826086,0.782608695652174,8,True,False,,f_mmd,test,standardized_l2,4.0741476101118295,2.072030367689613,,True
stage1_graph_scm_0007_seed42,/home/crc00006699/zh/tabiclv2/results/tabiclv2_prior_data/graph_scm_3stage_512_seed42/stage1_graph_scm_0007_seed42,binclass,458,46,566,30,2,1.0,1.0,1.0,1.0,3.157508333240112e-05,3.7538599967956543,0.9115843772888184,ok,,458,412,0,566,4.8606859763822285e-06,True,0.1,True,8,1e-05,True,3.682037591934204,full_train_epoch_chunks,full train set chunked per epoch | validation=auto_stratified_validation | c_selection=f_mmd c_source=test c_metric=standardized_l2 | f_mmd_reserved_context=5% source=test | wise_ft=alpha0.1 rows=1024<2000,30,1,epoch_chunk,accuracy,1.0,1.0,1.0,1.0,0,True,False,,f_mmd,test,standardized_l2,2.8991034587580398,0.9864140655049964,,True
stage1_graph_scm_0008_seed42,/home/crc00006699/zh/tabiclv2/results/tabiclv2_prior_data/graph_scm_3stage_512_seed42/stage1_graph_scm_0008_seed42,multiclass,769,77,255,68,4,0.788235294117647,0.7881746726903928,0.7875128092519397,0.9437840018326437,0.5811426422432624,6.190338373184204,0.7306461334228516,ok,,769,692,0,255,0.6566538512706757,True,0.1,True,8,1e-05,True,6.016977310180664,full_train_epoch_chunks,full train set chunked per epoch | validation=auto_stratified_validation | c_selection=f_mmd c_source=test c_metric=standardized_l2 | f_mmd_reserved_context=5% source=test | wise_ft=alpha0.1 rows=1024<2000,30,1,epoch_chunk,accuracy,0.7922077922077922,0.7922077922077922,0.7922077922077922,0.7922077922077922,0,True,False,,f_mmd,test,standardized_l2,1.5586015403792624,0.04546162885490804,,True
stage1_graph_scm_0009_seed42,/home/crc00006699/zh/tabiclv2/results/tabiclv2_prior_data/graph_scm_3stage_512_seed42/stage1_graph_scm_0009_seed42,binclass,769,77,255,66,2,1.0,1.0,1.0,1.0,6.446656729892293e-07,6.153640031814575,0.7247047424316406,ok,,769,692,0,255,8.526055808033561e-07,True,0.1,True,8,1e-05,True,5.991385459899902,full_train_epoch_chunks,full train set chunked per epoch | validation=auto_stratified_validation | c_selection=f_mmd c_source=test c_metric=standardized_l2 | f_mmd_reserved_context=5% source=test | wise_ft=alpha0.1 rows=1024<2000,30,1,epoch_chunk,accuracy,1.0,1.0,1.0,1.0,0,True,False,,f_mmd,test,standardized_l2,2.7710055023112075,0.41568151337665404,,True
stage1_graph_scm_0010_seed42,/home/crc00006699/zh/tabiclv2/results/tabiclv2_prior_data/graph_scm_3stage_512_seed42/stage1_graph_scm_0010_seed42,multiclass,769,77,255,68,4,0.44313725490196076,0.41009329578717446,0.3893483709273183,0.6803600898451811,1.2607414590665442,8.015100955963135,0.7375283241271973,ok,,769,692,0,255,1.2058644890785217,True,0.1,True,11,1e-05,True,7.84798526763916,full_train_epoch_chunks,full train set chunked per epoch | validation=auto_stratified_validation | c_selection=f_mmd c_source=test c_metric=standardized_l2 | f_mmd_reserved_context=5% source=test | wise_ft=alpha0.1 rows=1024<2000,30,1,epoch_chunk,accuracy,0.5194805194805194,0.5584415584415584,0.5194805194805194,0.5584415584415584,3,True,False,,f_mmd,test,standardized_l2,2.8825975454455857,0.5860192507278851,,True
stage1_graph_scm_0011_seed42,/home/crc00006699/zh/tabiclv2/results/tabiclv2_prior_data/graph_scm_3stage_512_seed42/stage1_graph_scm_0011_seed42,binclass,769,77,255,58,2,1.0,1.0,1.0,1.0,1.7023915615863217e-06,6.437081813812256,1.4166533946990967,ok,,769,692,0,255,1.026668428494304e-06,True,0.1,True,8,1e-05,True,6.282588243484497,full_train_epoch_chunks,full train set chunked per epoch | validation=auto_stratified_validation | c_selection=f_mmd c_source=test c_metric=standardized_l2 | f_mmd_reserved_context=5% source=test | wise_ft=alpha0.1 rows=1024<2000,30,1,epoch_chunk,accuracy,1.0,1.0,1.0,1.0,0,True,False,,f_mmd,test,standardized_l2,2.2784495875589448,0.08146077240746258,,True
stage1_graph_scm_0012_seed42,/home/crc00006699/zh/tabiclv2/results/tabiclv2_prior_data/graph_scm_3stage_512_seed42/stage1_graph_scm_0012_seed42,multiclass,402,41,622,50,4,0.5466237942122186,0.387814292568695,0.5,0.8044077393982639,0.8153110786722031,4.772104024887085,1.2180016040802002,ok,,402,361,0,622,0.8700442910194397,True,0.1,True,8,1e-05,True,4.653381586074829,full_train_epoch_chunks,full train set chunked per epoch | validation=auto_stratified_validation | c_selection=f_mmd c_source=test c_metric=standardized_l2 | f_mmd_reserved_context=5% source=test | wise_ft=alpha0.1 rows=1024<2000,30,1,epoch_chunk,accuracy,0.5365853658536586,0.5365853658536586,0.5365853658536586,0.5365853658536586,0,True,False,,f_mmd,test,standardized_l2,1.515833811599198,0.01396836598842388,,True
stage1_graph_scm_0013_seed42,/home/crc00006699/zh/tabiclv2/results/tabiclv2_prior_data/graph_scm_3stage_512_seed42/stage1_graph_scm_0013_seed42,multiclass,402,41,622,56,3,0.9372990353697749,0.9372473067470758,0.9428424288440519,0.9917453368515083,0.1552897201055643,4.918387413024902,1.2664926052093506,ok,,402,361,0,622,0.2155582681298256,True,0.1,True,8,1e-05,True,4.797450542449951,full_train_epoch_chunks,full train set chunked per epoch | validation=auto_stratified_validation | c_selection=f_mmd c_source=test c_metric=standardized_l2 | f_mmd_reserved_context=5% source=test | wise_ft=alpha0.1 rows=1024<2000,30,1,epoch_chunk,accuracy,0.8536585365853658,0.8536585365853658,0.8536585365853658,0.8536585365853658,0,True,False,,f_mmd,test,standardized_l2,5.932625991984119,4.872512926214447,,True
stage1_graph_scm_0014_seed42,/home/crc00006699/zh/tabiclv2/results/tabiclv2_prior_data/graph_scm_3stage_512_seed42/stage1_graph_scm_0014_seed42,binclass,402,41,622,56,2,0.7604501607717041,0.7477818900780041,0.7035183534376728,0.7880863452229155,0.5203648802611349,6.359589099884033,1.279160976409912,ok,,402,361,0,622,0.5141684412956238,True,0.1,True,11,1e-05,True,6.238107204437256,full_train_epoch_chunks,full train set chunked per epoch | validation=auto_stratified_validation | c_selection=f_mmd c_source=test c_metric=standardized_l2 | f_mmd_reserved_context=5% source=test | wise_ft=alpha0.1 rows=1024<2000,30,1,epoch_chunk,accuracy,0.6829268292682927,0.7317073170731707,0.6829268292682927,0.7317073170731707,3,True,False,,f_mmd,test,standardized_l2,3.4178387566866872,2.359474483173452,,True
stage1_graph_scm_0015_seed42,/home/crc00006699/zh/tabiclv2/results/tabiclv2_prior_data/graph_scm_3stage_512_seed42/stage1_graph_scm_0015_seed42,multiclass,402,41,622,56,6,0.9935691318327974,0.993585353098342,0.993472134330205,0.999889195014451,0.022714411483706967,4.791830778121948,1.2858304977416992,ok,,402,361,0,622,0.0689774639904499,True,0.1,True,8,1e-05,True,4.680180788040161,full_train_epoch_chunks,full train set chunked per epoch | validation=auto_stratified_validation | c_selection=f_mmd c_source=test c_metric=standardized_l2 | f_mmd_reserved_context=5% source=test | wise_ft=alpha0.1 rows=1024<2000,30,1,epoch_chunk,accuracy,0.975609756097561,0.975609756097561,0.975609756097561,0.975609756097561,0,True,False,,f_mmd,test,standardized_l2,16.097547187365496,3.311486054986104,,True
stage1_graph_scm_0016_seed42,/home/crc00006699/zh/tabiclv2/results/tabiclv2_prior_data/graph_scm_3stage_512_seed42/stage1_graph_scm_0016_seed42,multiclass,456,46,568,58,5,0.9630281690140845,0.9626941716273912,0.9300289724833763,0.9962238504047469,0.1267142489158298,5.204596996307373,1.31636381149292,ok,,456,410,0,568,0.11242176219820976,True,0.1,True,8,1e-05,True,5.079123497009277,full_train_epoch_chunks,full train set chunked per epoch | validation=auto_stratified_validation | c_selection=f_mmd c_source=test c_metric=standardized_l2 | f_mmd_reserved_context=5% source=test | wise_ft=alpha0.1 rows=1024<2000,30,1,epoch_chunk,accuracy,1.0,1.0,1.0,1.0,0,True,False,,f_mmd,test,standardized_l2,4.000616931047979,1.515285661929358,,True
stage1_graph_scm_0017_seed42,/home/crc00006699/zh/tabiclv2/results/tabiclv2_prior_data/graph_scm_3stage_512_seed42/stage1_graph_scm_0017_seed42,multiclass,456,46,568,65,3,0.926056338028169,0.924349375931553,0.8420295983086681,0.9835623999966062,0.18342369829193694,5.238519668579102,0.722966194152832,ok,,456,410,0,568,0.25127406418323517,True,0.1,True,8,1e-05,True,5.101578235626221,full_train_epoch_chunks,full train set chunked per epoch | validation=auto_stratified_validation | c_selection=f_mmd c_source=test c_metric=standardized_l2 | f_mmd_reserved_context=5% source=test | wise_ft=alpha0.1 rows=1024<2000,30,1,epoch_chunk,accuracy,0.9565217391304348,0.9565217391304348,0.9565217391304348,0.9565217391304348,0,True,False,,f_mmd,test,standardized_l2,1.7910676885964167,0.05602585627337768,,True
stage1_graph_scm_0018_seed42,/home/crc00006699/zh/tabiclv2/results/tabiclv2_prior_data/graph_scm_3stage_512_seed42/stage1_graph_scm_0018_seed42,multiclass,456,46,568,45,6,1.0,1.0,1.0,1.0,6.208425098179837e-05,4.441586256027222,1.1469957828521729,ok,,456,410,0,568,0.01091541675850749,True,0.1,True,8,1e-05,True,4.342064619064331,full_train_epoch_chunks,full train set chunked per epoch | validation=auto_stratified_validation | c_selection=f_mmd c_source=test c_metric=standardized_l2 | f_mmd_reserved_context=5% source=test | wise_ft=alpha0.1 rows=1024<2000,30,1,epoch_chunk,accuracy,1.0,1.0,1.0,1.0,0,True,False,,f_mmd,test,standardized_l2,5.370456583173374,2.081751216999829,,True
stage1_graph_scm_0019_seed42,/home/crc00006699/zh/tabiclv2/results/tabiclv2_prior_data/graph_scm_3stage_512_seed42/stage1_graph_scm_0019_seed42,multiclass,456,46,568,52,9,0.29225352112676056,0.24837144054580956,0.22052860267421653,0.6940178137888355,1.9123260916468798,4.9359986782073975,1.2449760437011719,ok,,456,410,0,568,1.9539288878440857,True,0.1,True,8,1e-05,True,4.821329832077026,full_train_epoch_chunks,full train set chunked per epoch | validation=auto_stratified_validation | c_selection=f_mmd c_source=test c_metric=standardized_l2 | f_mmd_reserved_context=5% source=test | wise_ft=alpha0.1 rows=1024<2000,30,1,epoch_chunk,accuracy,0.32608695652173914,0.32608695652173914,0.32608695652173914,0.32608695652173914,0,True,False,,f_mmd,test,standardized_l2,2.8706333485603075,2.094517868304027,,True
stage1_graph_scm_0020_seed42,/home/crc00006699/zh/tabiclv2/results/tabiclv2_prior_data/graph_scm_3stage_512_seed42/stage1_graph_scm_0020_seed42,multiclass,674,68,350,18,6,0.5657142857142857,0.4939739301425125,0.2832167832167832,0.7005490327953313,1.1089397444300397,3.412036895751953,0.737494707107544,ok,,674,606,0,350,1.1644793152809143,True,0.1,True,8,1e-05,True,3.3593320846557617,full_train_epoch_chunks,full train set chunked per epoch | validation=auto_stratified_validation | c_selection=f_mmd c_source=test c_metric=standardized_l2 | f_mmd_reserved_context=5% source=test | wise_ft=alpha0.1 rows=1024<2000,30,1,epoch_chunk,accuracy,0.5147058823529411,0.5147058823529411,0.5147058823529411,0.5147058823529411,0,True,False,,f_mmd,test,standardized_l2,14.623221429362301,2.9884210565568017,,True
stage1_graph_scm_0021_seed42,/home/crc00006699/zh/tabiclv2/results/tabiclv2_prior_data/graph_scm_3stage_512_seed42/stage1_graph_scm_0021_seed42,multiclass,674,68,350,18,8,0.9742857142857143,0.9742350861483243,0.9490573197128075,0.999218532801,0.08924517090053058,5.99096417427063,0.7469346523284912,ok,,674,606,0,350,0.04021373763680458,True,0.1,True,15,1e-05,True,5.9337544441223145,full_train_epoch_chunks,full train set chunked per epoch | validation=auto_stratified_validation | c_selection=f_mmd c_source=test c_metric=standardized_l2 | f_mmd_reserved_context=5% source=test | wise_ft=alpha0.1 rows=1024<2000,30,1,epoch_chunk,accuracy,0.9558823529411765,0.9705882352941176,0.9558823529411765,0.9705882352941176,7,True,False,,f_mmd,test,standardized_l2,2.8565501645978886,0.34538864958482257,,True
stage1_graph_scm_0022_seed42,/home/crc00006699/zh/tabiclv2/results/tabiclv2_prior_data/graph_scm_3stage_512_seed42/stage1_graph_scm_0022_seed42,multiclass,674,68,350,18,3,0.7885714285714286,0.7695961321420317,0.6813810094003331,0.9110044019806757,0.4963467320537157,5.177435874938965,0.7549645900726318,ok,,674,606,0,350,0.6008776128292084,True,0.1,True,13,1e-05,True,5.1247992515563965,full_train_epoch_chunks,full train set chunked per epoch | validation=auto_stratified_validation | c_selection=f_mmd c_source=test c_metric=standardized_l2 | f_mmd_reserved_context=5% source=test | wise_ft=alpha0.1 rows=1024<2000,30,1,epoch_chunk,accuracy,0.8235294117647058,0.8382352941176471,0.8235294117647058,0.8382352941176471,5,True,False,,f_mmd,test,standardized_l2,3.2655442496438565,0.5926969194448047,,True
stage1_graph_scm_0023_seed42,/home/crc00006699/zh/tabiclv2/results/tabiclv2_prior_data/graph_scm_3stage_512_seed42/stage1_graph_scm_0023_seed42,multiclass,674,68,350,15,8,0.9342857142857143,0.9241798005337828,0.9154411764705882,0.988882358366325,0.1408571811607337,3.2262203693389893,0.6995723247528076,ok,,674,606,0,350,0.18471231311559677,True,0.1,True,8,1e-05,True,3.180102825164795,full_train_epoch_chunks,full train set chunked per epoch | validation=auto_stratified_validation | c_selection=f_mmd c_source=test c_metric=standardized_l2 | f_mmd_reserved_context=5% source=test | wise_ft=alpha0.1 rows=1024<2000,30,1,epoch_chunk,accuracy,0.8823529411764706,0.8823529411764706,0.8823529411764706,0.8823529411764706,0,True,False,,f_mmd,test,standardized_l2,5.5283656787436675,4.565899045109675,,True
stage1_graph_scm_0024_seed42,/home/crc00006699/zh/tabiclv2/results/tabiclv2_prior_data/graph_scm_3stage_512_seed42/stage1_graph_scm_0024_seed42,multiclass,740,74,284,66,3,0.9049295774647887,0.8966218362808429,0.5361761426978818,0.9107177078400244,0.2587080583500842,6.031704664230347,0.7253215312957764,ok,,740,666,0,284,0.24458645284175873,True,0.1,True,8,1e-05,True,5.87510871887207,full_train_epoch_chunks,full train set chunked per epoch | validation=auto_stratified_validation | c_selection=f_mmd c_source=test c_metric=standardized_l2 | f_mmd_reserved_context=5% source=test | wise_ft=alpha0.1 rows=1024<2000,30,1,epoch_chunk,accuracy,0.9324324324324325,0.9324324324324325,0.9324324324324325,0.9324324324324325,0,True,False,,f_mmd,test,standardized_l2,3.703764562035607,0.6667333961424765,,True
stage1_graph_scm_0025_seed42,/home/crc00006699/zh/tabiclv2/results/tabiclv2_prior_data/graph_scm_3stage_512_seed42/stage1_graph_scm_0025_seed42,multiclass,740,74,284,72,8,0.43661971830985913,0.34535916882418144,0.23062782805429866,0.7284670142830323,1.4494662282918982,6.501175880432129,0.7576184272766113,ok,,740,666,0,284,1.525195300579071,True,0.1,True,8,1e-05,True,6.316831350326538,full_train_epoch_chunks,full train set chunked per epoch | validation=auto_stratified_validation | c_selection=f_mmd c_source=test c_metric=standardized_l2 | f_mmd_reserved_context=5% source=test | wise_ft=alpha0.1 rows=1024<2000,30,1,epoch_chunk,accuracy,0.43243243243243246,0.43243243243243246,0.43243243243243246,0.43243243243243246,0,True,False,,f_mmd,test,standardized_l2,4.6372791196320895,0.9024440399327164,,True
stage1_graph_scm_0026_seed42,/home/crc00006699/zh/tabiclv2/results/tabiclv2_prior_data/graph_scm_3stage_512_seed42/stage1_graph_scm_0026_seed42,multiclass,740,74,284,73,10,0.9436619718309859,0.9422411345738756,0.8832943469785576,0.9909567424753822,0.2167762036084206,6.528993129730225,0.7607500553131104,ok,,740,666,0,284,0.17793120443820953,True,0.1,True,8,1e-05,True,6.354715347290039,full_train_epoch_chunks,full train set chunked per epoch | validation=auto_stratified_validation | c_selection=f_mmd c_source=test c_metric=standardized_l2 | f_mmd_reserved_context=5% source=test | wise_ft=alpha0.1 rows=1024<2000,30,1,epoch_chunk,accuracy,0.9324324324324325,0.9324324324324325,0.9324324324324325,0.9324324324324325,0,True,False,,f_mmd,test,standardized_l2,2.8894302310371374,0.7825992894730742,,True
stage1_graph_scm_0027_seed42,/home/crc00006699/zh/tabiclv2/results/tabiclv2_prior_data/graph_scm_3stage_512_seed42/stage1_graph_scm_0027_seed42,multiclass,740,74,284,79,9,0.3626760563380282,0.3316343871578205,0.29643917955946697,0.7678894908181646,1.726889838872529,6.731292486190796,0.7995171546936035,ok,,740,666,0,284,1.597726047039032,True,0.1,True,8,1e-05,True,6.540195941925049,full_train_epoch_chunks,full train set chunked per epoch | validation=auto_stratified_validation | c_selection=f_mmd c_source=test c_metric=standardized_l2 | f_mmd_reserved_context=5% source=test | wise_ft=alpha0.1 rows=1024<2000,30,1,epoch_chunk,accuracy,0.43243243243243246,0.43243243243243246,0.43243243243243246,0.43243243243243246,0,True,False,,f_mmd,test,standardized_l2,2.0958535861531473,0.21741302464323156,,True
stage1_graph_scm_0028_seed42,/home/crc00006699/zh/tabiclv2/results/tabiclv2_prior_data/graph_scm_3stage_512_seed42/stage1_graph_scm_0028_seed42,multiclass,438,44,586,8,8,0.3003412969283277,0.2529298846864673,0.25028123046616746,0.6995883035952055,1.8354220436360444,2.794717311859131,0.569054365158081,ok,,438,394,0,586,1.945021390914917,True,0.1,True,8,1e-05,True,2.762986421585083,full_train_epoch_chunks,full train set chunked per epoch | validation=auto_stratified_validation | c_selection=f_mmd c_source=test c_metric=standardized_l2 | f_mmd_reserved_context=5% source=test | wise_ft=alpha0.1 rows=1024<2000,30,1,epoch_chunk,accuracy,0.2727272727272727,0.2727272727272727,0.2727272727272727,0.2727272727272727,0,True,False,,f_mmd,test,standardized_l2,3.5198466919691365,0.8786594998424826,,True
stage1_graph_scm_0029_seed42,/home/crc00006699/zh/tabiclv2/results/tabiclv2_prior_data/graph_scm_3stage_512_seed42/stage1_graph_scm_0029_seed42,multiclass,438,44,586,9,5,0.47952218430034127,0.4332959094337116,0.4319815700237217,0.7581358583374881,1.209141967829503,2.8296806812286377,0.573153018951416,ok,,438,394,0,586,1.2298040390014648,True,0.1,True,8,1e-05,True,2.7968316078186035,full_train_epoch_chunks,full train set chunked per epoch | validation=auto_stratified_validation | c_selection=f_mmd c_source=test c_metric=standardized_l2 | f_mmd_reserved_context=5% source=test | wise_ft=alpha0.1 rows=1024<2000,30,1,epoch_chunk,accuracy,0.4090909090909091,0.4090909090909091,0.4090909090909091,0.4090909090909091,0,True,False,,f_mmd,test,standardized_l2,4.43861209399749,0.6810974684528049,,True
stage1_graph_scm_0030_seed42,/home/crc00006699/zh/tabiclv2/results/tabiclv2_prior_data/graph_scm_3stage_512_seed42/stage1_graph_scm_0030_seed42,binclass,438,44,586,5,2,1.0,1.0,1.0,1.0,3.861757597073152e-05,2.63952898979187,0.3513023853302002,ok,,438,394,0,586,2.2156116756377742e-05,True,0.1,True,8,1e-05,True,2.6148998737335205,full_train_epoch_chunks,full train set chunked per epoch | validation=auto_stratified_validation | c_selection=f_mmd c_source=test c_metric=standardized_l2 | f_mmd_reserved_context=5% source=test | wise_ft=alpha0.1 rows=1024<2000,30,1,epoch_chunk,accuracy,1.0,1.0,1.0,1.0,0,True,False,,f_mmd,test,standardized_l2,1.7743308273571496,0.0053578526646054425,,True
stage1_graph_scm_0031_seed42,/home/crc00006699/zh/tabiclv2/results/tabiclv2_prior_data/graph_scm_3stage_512_seed42/stage1_graph_scm_0031_seed42,multiclass,438,44,586,9,9,0.9948805460750854,0.9948634443090543,0.99224438113327,1.0,0.010586393825715508,2.9700160026550293,0.5505063533782959,ok,,438,394,0,586,0.02756469137966633,True,0.1,True,8,1e-05,True,2.9387869834899902,full_train_epoch_chunks,full train set chunked per epoch | validation=auto_stratified_validation | c_selection=f_mmd c_source=test c_metric=standardized_l2 | f_mmd_reserved_context=5% source=test | wise_ft=alpha0.1 rows=1024<2000,30,1,epoch_chunk,accuracy,0.9772727272727273,0.9772727272727273,0.9772727272727273,0.9772727272727273,0,True,False,,f_mmd,test,standardized_l2,7.023071460248699,1.5754864072427095,,True
stage1_graph_scm_0032_seed42,/home/crc00006699/zh/tabiclv2/results/tabiclv2_prior_data/graph_scm_3stage_512_seed42/stage1_graph_scm_0032_seed42,multiclass,904,91,120,14,4,0.7833333333333333,0.7743019414217145,0.7096447361393013,0.9346456629169315,0.5277641155807935,3.42423415184021,0.7162244319915771,ok,,904,813,0,120,0.4530995786190033,True,0.1,True,8,1e-05,True,3.3746252059936523,full_train_epoch_chunks,full train set chunked per epoch | validation=auto_stratified_validation | c_selection=f_mmd c_source=test c_metric=standardized_l2 | f_mmd_reserved_context=5% source=test | wise_ft=alpha0.1 rows=1024<2000,30,1,epoch_chunk,accuracy,0.8021978021978022,0.8021978021978022,0.8021978021978022,0.8021978021978022,0,True,False,,f_mmd,test,standardized_l2,2.3236953172975006,0.2007454891861593,,True
stage1_graph_scm_0033_seed42,/home/crc00006699/zh/tabiclv2/results/tabiclv2_prior_data/graph_scm_3stage_512_seed42/stage1_graph_scm_0033_seed42,multiclass,904,91,120,14,3,1.0,1.0,1.0,1.0,7.476678962997321e-06,3.366152048110962,0.7612981796264648,ok,,904,813,0,120,0.0005924631986999884,True,0.1,True,8,1e-05,True,3.3195929527282715,full_train_epoch_chunks,full train set chunked per epoch | validation=auto_stratified_validation | c_selection=f_mmd c_source=test c_metric=standardized_l2 | f_mmd_reserved_context=5% source=test | wise_ft=alpha0.1 rows=1024<2000,30,1,epoch_chunk,accuracy,0.989010989010989,0.989010989010989,0.989010989010989,0.989010989010989,0,True,False,,f_mmd,test,standardized_l2,2.877147447007645,0.35114028782074275,,True
stage1_graph_scm_0034_seed42,/home/crc00006699/zh/tabiclv2/results/tabiclv2_prior_data/graph_scm_3stage_512_seed42/stage1_graph_scm_0034_seed42,multiclass,904,91,120,14,4,1.0,1.0,1.0,1.0,3.010035248607639e-07,3.353722333908081,0.7238197326660156,ok,,904,813,0,120,1.5559755865979241e-06,True,0.1,True,8,1e-05,True,3.3044145107269287,full_train_epoch_chunks,full train set chunked per epoch | validation=auto_stratified_validation | c_selection=f_mmd c_source=test c_metric=standardized_l2 | f_mmd_reserved_context=5% source=test | wise_ft=alpha0.1 rows=1024<2000,30,1,epoch_chunk,accuracy,1.0,1.0,1.0,1.0,0,True,False,,f_mmd,test,standardized_l2,6.815653451863708,0.0,,True
stage1_graph_scm_0035_seed42,/home/crc00006699/zh/tabiclv2/results/tabiclv2_prior_data/graph_scm_3stage_512_seed42/stage1_graph_scm_0035_seed42,binclass,904,91,120,14,2,0.975,0.9749913043478261,0.974694104560623,0.9947163515016686,0.09125842016975522,4.455419540405273,0.768975019454956,ok,,904,813,0,120,0.07235946878790855,True,0.1,True,11,1e-05,True,4.405894041061401,full_train_epoch_chunks,full train set chunked per epoch | validation=auto_stratified_validation | c_selection=f_mmd c_source=test c_metric=standardized_l2 | f_mmd_reserved_context=5% source=test | wise_ft=alpha0.1 rows=1024<2000,30,1,epoch_chunk,accuracy,0.9560439560439561,0.967032967032967,0.9560439560439561,0.967032967032967,3,True,False,,f_mmd,test,standardized_l2,3.74542233496335,0.7146193880003825,,True
stage1_graph_scm_0036_seed42,/home/crc00006699/zh/tabiclv2/results/tabiclv2_prior_data/graph_scm_3stage_512_seed42/stage1_graph_scm_0036_seed42,binclass,444,45,580,15,2,0.903448275862069,0.9017043202536662,0.8730756072528225,0.9595484091686622,0.23439003436369946,3.113245964050293,0.6711978912353516,ok,,444,399,0,580,0.3509702533483505,True,0.1,True,8,1e-05,True,3.0697736740112305,full_train_epoch_chunks,full train set chunked per epoch | validation=auto_stratified_validation | c_selection=f_mmd c_source=test c_metric=standardized_l2 | f_mmd_reserved_context=5% source=test | wise_ft=alpha0.1 rows=1024<2000,30,1,epoch_chunk,accuracy,0.9111111111111111,0.9111111111111111,0.9111111111111111,0.9111111111111111,0,True,False,,f_mmd,test,standardized_l2,2.700211178084391,0.4468520457460259,,True
stage1_graph_scm_0037_seed42,/home/crc00006699/zh/tabiclv2/results/tabiclv2_prior_data/graph_scm_3stage_512_seed42/stage1_graph_scm_0037_seed42,multiclass,444,45,580,15,10,0.9982758620689656,0.9982791165764583,0.9979591836734694,1.0,0.005038723722408926,3.0997118949890137,0.6553373336791992,ok,,444,399,0,580,0.0012761263642460108,True,0.1,True,8,1e-05,True,3.0566251277923584,full_train_epoch_chunks,full train set chunked per epoch | validation=auto_stratified_validation | c_selection=f_mmd c_source=test c_metric=standardized_l2 | f_mmd_reserved_context=5% source=test | wise_ft=alpha0.1 rows=1024<2000,30,1,epoch_chunk,accuracy,1.0,1.0,1.0,1.0,0,True,False,,f_mmd,test,standardized_l2,2.809066578471931,0.41401450644625637,,True
stage1_graph_scm_0038_seed42,/home/crc00006699/zh/tabiclv2/results/tabiclv2_prior_data/graph_scm_3stage_512_seed42/stage1_graph_scm_0038_seed42,multiclass,444,45,580,15,4,0.9982758620689656,0.998283020175635,0.9985380116959064,0.9997798569835319,0.024205667448537152,3.019294500350952,0.6579744815826416,ok,,444,399,0,580,1.4569185964319331e-06,True,0.1,True,8,1e-05,True,2.9760239124298096,full_train_epoch_chunks,full train set chunked per epoch | validation=auto_stratified_validation | c_selection=f_mmd c_source=test c_metric=standardized_l2 | f_mmd_reserved_context=5% source=test | wise_ft=alpha0.1 rows=1024<2000,30,1,epoch_chunk,accuracy,1.0,1.0,1.0,1.0,0,True,False,,f_mmd,test,standardized_l2,4.709015669675012,0.5572907569727642,,True
stage1_graph_scm_0039_seed42,/home/crc00006699/zh/tabiclv2/results/tabiclv2_prior_data/graph_scm_3stage_512_seed42/stage1_graph_scm_0039_seed42,multiclass,444,45,580,15,3,1.0,1.0,1.0,1.0,5.743628658691614e-07,3.1212167739868164,0.6793856620788574,ok,,444,399,0,580,1.5474572592211189e-06,True,0.1,True,8,1e-05,True,3.0759336948394775,full_train_epoch_chunks,full train set chunked per epoch | validation=auto_stratified_validation | c_selection=f_mmd c_source=test c_metric=standardized_l2 | f_mmd_reserved_context=5% source=test | wise_ft=alpha0.1 rows=1024<2000,30,1,epoch_chunk,accuracy,1.0,1.0,1.0,1.0,0,True,False,,f_mmd,test,standardized_l2,3.003612124664156,0.0,,True
stage1_graph_scm_0040_seed42,/home/crc00006699/zh/tabiclv2/results/tabiclv2_prior_data/graph_scm_3stage_512_seed42/stage1_graph_scm_0040_seed42,multiclass,349,35,675,22,4,1.0,1.0,1.0,1.0,6.255399471788176e-07,3.4551002979278564,0.7476115226745605,ok,,349,314,0,675,1.5045366126287263e-06,True,0.1,True,8,1e-05,True,3.4001569747924805,full_train_epoch_chunks,full train set chunked per epoch | validation=auto_stratified_validation | c_selection=f_mmd c_source=test c_metric=standardized_l2 | f_mmd_reserved_context=5% source=test | wise_ft=alpha0.1 rows=1024<2000,30,1,epoch_chunk,accuracy,1.0,1.0,1.0,1.0,0,True,False,,f_mmd,test,standardized_l2,4.964797400674072,1.8101250970353953,,True
stage1_graph_scm_0041_seed42,/home/crc00006699/zh/tabiclv2/results/tabiclv2_prior_data/graph_scm_3stage_512_seed42/stage1_graph_scm_0041_seed42,multiclass,349,35,675,21,7,1.0,1.0,1.0,1.0,5.095631304258726e-05,3.2414591312408447,0.764470100402832,ok,,349,314,0,675,2.1871060198463965e-06,True,0.1,True,8,1e-05,True,3.1871016025543213,full_train_epoch_chunks,full train set chunked per epoch | validation=auto_stratified_validation | c_selection=f_mmd c_source=test c_metric=standardized_l2 | f_mmd_reserved_context=5% source=test | wise_ft=alpha0.1 rows=1024<2000,30,1,epoch_chunk,accuracy,1.0,1.0,1.0,1.0,0,True,False,,f_mmd,test,standardized_l2,3.2911894260165764,1.0731163181429513,,True
stage1_graph_scm_0042_seed42,/home/crc00006699/zh/tabiclv2/results/tabiclv2_prior_data/graph_scm_3stage_512_seed42/stage1_graph_scm_0042_seed42,multiclass,349,35,675,22,6,1.0,1.0,1.0,1.0,6.452321024565722e-07,3.318094253540039,0.7629878520965576,ok,,349,314,0,675,2.0332874441919557e-06,True,0.1,True,8,1e-05,True,3.263540029525757,full_train_epoch_chunks,full train set chunked per epoch | validation=auto_stratified_validation | c_selection=f_mmd c_source=test c_metric=standardized_l2 | f_mmd_reserved_context=5% source=test | wise_ft=alpha0.1 rows=1024<2000,30,1,epoch_chunk,accuracy,1.0,1.0,1.0,1.0,0,True,False,,f_mmd,test,standardized_l2,4.886912706060812,0.7362465744930815,,True
stage1_graph_scm_0043_seed42,/home/crc00006699/zh/tabiclv2/results/tabiclv2_prior_data/graph_scm_3stage_512_seed42/stage1_graph_scm_0043_seed42,multiclass,349,35,675,22,3,0.9540740740740741,0.9523863599837393,0.8652195241599214,0.9962000700077555,0.09331067984786151,3.307605743408203,0.7556519508361816,ok,,349,314,0,675,0.05744405277073383,True,0.1,True,8,1e-05,True,3.2525572776794434,full_train_epoch_chunks,full train set chunked per epoch | validation=auto_stratified_validation | c_selection=f_mmd c_source=test c_metric=standardized_l2 | f_mmd_reserved_context=5% source=test | wise_ft=alpha0.1 rows=1024<2000,30,1,epoch_chunk,accuracy,0.9428571428571428,0.9428571428571428,0.9428571428571428,0.9428571428571428,0,True,False,,f_mmd,test,standardized_l2,3.222394423894873,0.6429867115107044,,True
stage1_graph_scm_0044_seed42,/home/crc00006699/zh/tabiclv2/results/tabiclv2_prior_data/graph_scm_3stage_512_seed42/stage1_graph_scm_0044_seed42,multiclass,776,78,248,94,4,1.0,1.0,1.0,1.0,1.4268909028963476e-05,7.776184558868408,0.9011900424957275,ok,,776,698,0,248,5.771359042228141e-06,True,0.1,True,8,1e-05,True,7.545590877532959,full_train_epoch_chunks,full train set chunked per epoch | validation=auto_stratified_validation | c_selection=f_mmd c_source=test c_metric=standardized_l2 | f_mmd_reserved_context=5% source=test | wise_ft=alpha0.1 rows=1024<2000,30,1,epoch_chunk,accuracy,1.0,1.0,1.0,1.0,0,True,False,,f_mmd,test,standardized_l2,1.8446053464069316,0.008660919408539886,,True
stage1_graph_scm_0045_seed42,/home/crc00006699/zh/tabiclv2/results/tabiclv2_prior_data/graph_scm_3stage_512_seed42/stage1_graph_scm_0045_seed42,multiclass,776,78,248,95,4,0.9919354838709677,0.9912148870550972,0.9166666666666666,0.9996320958049644,0.01866254603217001,7.630225658416748,0.9280648231506348,ok,,776,698,0,248,0.032103363424539566,True,0.1,True,8,1e-05,True,7.406207323074341,full_train_epoch_chunks,full train set chunked per epoch | validation=auto_stratified_validation | c_selection=f_mmd c_source=test c_metric=standardized_l2 | f_mmd_reserved_context=5% source=test | wise_ft=alpha0.1 rows=1024<2000,30,1,epoch_chunk,accuracy,1.0,1.0,1.0,1.0,0,True,False,,f_mmd,test,standardized_l2,2.5179409161384343,0.3478586687280311,,True
stage1_graph_scm_0046_seed42,/home/crc00006699/zh/tabiclv2/results/tabiclv2_prior_data/graph_scm_3stage_512_seed42/stage1_graph_scm_0046_seed42,multiclass,776,78,248,87,4,0.9959677419354839,0.995954641681863,0.9939024390243902,1.0,0.006346925269542118,7.1529271602630615,0.8331005573272705,ok,,776,698,0,248,1.763268414833874e-06,True,0.1,True,8,1e-05,True,6.94793701171875,full_train_epoch_chunks,full train set chunked per epoch | validation=auto_stratified_validation | c_selection=f_mmd c_source=test c_metric=standardized_l2 | f_mmd_reserved_context=5% source=test | wise_ft=alpha0.1 rows=1024<2000,30,1,epoch_chunk,accuracy,1.0,1.0,1.0,1.0,0,True,False,,f_mmd,test,standardized_l2,4.386858521597527,2.3151682756109477,,True
stage1_graph_scm_0047_seed42,/home/crc00006699/zh/tabiclv2/results/tabiclv2_prior_data/graph_scm_3stage_512_seed42/stage1_graph_scm_0047_seed42,multiclass,776,78,248,96,3,0.592741935483871,0.5089556258240503,0.5312606184165817,0.8149759892030942,0.7170943786069343,7.868121147155762,0.8912396430969238,ok,,776,698,0,248,0.7883292138576508,True,0.1,True,8,1e-05,True,7.635951042175293,full_train_epoch_chunks,full train set chunked per epoch | validation=auto_stratified_validation | c_selection=f_mmd c_source=test c_metric=standardized_l2 | f_mmd_reserved_context=5% source=test | wise_ft=alpha0.1 rows=1024<2000,30,1,epoch_chunk,accuracy,0.5512820512820513,0.5512820512820513,0.5512820512820513,0.5512820512820513,0,True,False,,f_mmd,test,standardized_l2,2.1780839293531824,0.10152361793223627,,True
stage1_graph_scm_0048_seed42,/home/crc00006699/zh/tabiclv2/results/tabiclv2_prior_data/graph_scm_3stage_512_seed42/stage1_graph_scm_0048_seed42,binclass,467,47,557,16,2,1.0,1.0,1.0,0.9999999999999999,2.7906562136383805e-06,3.158390522003174,0.7216651439666748,ok,,467,420,0,557,1.7469837416683731e-06,True,0.1,True,8,1e-05,True,3.111194372177124,full_train_epoch_chunks,full train set chunked per epoch | validation=auto_stratified_validation | c_selection=f_mmd c_source=test c_metric=standardized_l2 | f_mmd_reserved_context=5% source=test | wise_ft=alpha0.1 rows=1024<2000,30,1,epoch_chunk,accuracy,1.0,1.0,1.0,1.0,0,True,False,,f_mmd,test,standardized_l2,2.2272256875569956,0.09941590765635679,,True
stage1_graph_scm_0049_seed42,/home/crc00006699/zh/tabiclv2/results/tabiclv2_prior_data/graph_scm_3stage_512_seed42/stage1_graph_scm_0049_seed42,multiclass,467,47,557,17,7,0.7073608617594255,0.6791125533199873,0.31495222516088167,0.8058629857833761,0.8458115380459615,3.171112060546875,0.7073097229003906,ok,,467,420,0,557,0.8882202804088593,True,0.1,True,8,1e-05,True,3.1229305267333984,full_train_epoch_chunks,full train set chunked per epoch | validation=auto_stratified_validation | c_selection=f_mmd c_source=test c_metric=standardized_l2 | f_mmd_reserved_context=5% source=test | wise_ft=alpha0.1 rows=1024<2000,30,1,epoch_chunk,accuracy,0.5957446808510638,0.5957446808510638,0.5957446808510638,0.5957446808510638,0,True,False,,f_mmd,test,standardized_l2,3.2972221462988696,1.1376124111254116,,True
stage1_graph_scm_0050_seed42,/home/crc00006699/zh/tabiclv2/results/tabiclv2_prior_data/graph_scm_3stage_512_seed42/stage1_graph_scm_0050_seed42,multiclass,467,47,557,17,6,0.6140035906642729,0.599651211083197,0.529020133472024,0.9031471688248832,0.9350945663361715,3.34676194190979,0.6846327781677246,ok,,467,420,0,557,0.6890080869197845,True,0.1,True,8,1e-05,True,3.298715829849243,full_train_epoch_chunks,full train set chunked per epoch | validation=auto_stratified_validation | c_selection=f_mmd c_source=test c_metric=standardized_l2 | f_mmd_reserved_context=5% source=test | wise_ft=alpha0.1 rows=1024<2000,30,1,epoch_chunk,accuracy,0.6595744680851063,0.6595744680851063,0.6595744680851063,0.6595744680851063,0,True,False,,f_mmd,test,standardized_l2,2.3129638732000495,0.2733772020302423,,True
stage1_graph_scm_0051_seed42,/home/crc00006699/zh/tabiclv2/results/tabiclv2_prior_data/graph_scm_3stage_512_seed42/stage1_graph_scm_0051_seed42,multiclass,467,47,557,17,6,0.8384201077199281,0.8394942496680345,0.8304124015000146,0.9750527910474412,0.42200695353782436,4.777796506881714,0.7309091091156006,ok,,467,420,0,557,0.3970048576593399,True,0.1,True,13,1e-05,True,4.728430986404419,full_train_epoch_chunks,full train set chunked per epoch | validation=auto_stratified_validation | c_selection=f_mmd c_source=test c_metric=standardized_l2 | f_mmd_reserved_context=5% source=test | wise_ft=alpha0.1 rows=1024<2000,30,1,epoch_chunk,accuracy,0.8085106382978723,0.8723404255319149,0.8085106382978723,0.8723404255319149,5,True,False,,f_mmd,test,standardized_l2,2.7204141982114263,0.5074740428721628,,True
stage1_graph_scm_0052_seed42,/home/crc00006699/zh/tabiclv2/results/tabiclv2_prior_data/graph_scm_3stage_512_seed42/stage1_graph_scm_0052_seed42,multiclass,763,77,261,27,5,0.9042145593869731,0.9029653726378335,0.8813546202225447,0.9898178522580634,0.21521051448705006,4.492053508758545,0.8969848155975342,ok,,763,686,0,261,0.17611049115657806,True,0.1,True,8,1e-05,True,4.4151763916015625,full_train_epoch_chunks,full train set chunked per epoch | validation=auto_stratified_validation | c_selection=f_mmd c_source=test c_metric=standardized_l2 | f_mmd_reserved_context=5% source=test | wise_ft=alpha0.1 rows=1024<2000,30,1,epoch_chunk,accuracy,0.8831168831168831,0.8831168831168831,0.8831168831168831,0.8831168831168831,0,True,False,,f_mmd,test,standardized_l2,4.441495254359718,1.2423255133831876,,True
stage1_graph_scm_0053_seed42,/home/crc00006699/zh/tabiclv2/results/tabiclv2_prior_data/graph_scm_3stage_512_seed42/stage1_graph_scm_0053_seed42,multiclass,763,77,261,24,3,0.9846743295019157,0.9837668394929775,0.8607957803004243,0.940246815672781,0.08981937753758416,5.818725824356079,0.8514187335968018,ok,,763,686,0,261,0.15387234091758728,True,0.1,True,13,1e-05,True,5.747939348220825,full_train_epoch_chunks,full train set chunked per epoch | validation=auto_stratified_validation | c_selection=f_mmd c_source=test c_metric=standardized_l2 | f_mmd_reserved_context=5% source=test | wise_ft=alpha0.1 rows=1024<2000,30,1,epoch_chunk,accuracy,0.974025974025974,1.0,0.974025974025974,1.0,5,True,False,,f_mmd,test,standardized_l2,3.708402225830962,3.183182996744662,,True
stage1_graph_scm_0054_seed42,/home/crc00006699/zh/tabiclv2/results/tabiclv2_prior_data/graph_scm_3stage_512_seed42/stage1_graph_scm_0054_seed42,multiclass,763,77,261,27,10,0.946360153256705,0.9456816907053943,0.9347701149425287,0.9972421611259963,0.20911145842996046,4.062765836715698,0.9006054401397705,ok,,763,686,0,261,0.20216114073991776,True,0.1,True,8,1e-05,True,3.9854683876037598,full_train_epoch_chunks,full train set chunked per epoch | validation=auto_stratified_validation | c_selection=f_mmd c_source=test c_metric=standardized_l2 | f_mmd_reserved_context=5% source=test | wise_ft=alpha0.1 rows=1024<2000,30,1,epoch_chunk,accuracy,0.974025974025974,0.974025974025974,0.974025974025974,0.974025974025974,0,True,False,,f_mmd,test,standardized_l2,2.5587820703254662,0.32757463410321797,,True
stage1_graph_scm_0055_seed42,/home/crc00006699/zh/tabiclv2/results/tabiclv2_prior_data/graph_scm_3stage_512_seed42/stage1_graph_scm_0055_seed42,multiclass,763,77,261,27,8,1.0,1.0,1.0,1.0,2.9379934410443712e-05,3.9757299423217773,0.9331202507019043,ok,,763,686,0,261,3.55378551830654e-05,True,0.1,True,8,1e-05,True,3.9003093242645264,full_train_epoch_chunks,full train set chunked per epoch | validation=auto_stratified_validation | c_selection=f_mmd c_source=test c_metric=standardized_l2 | f_mmd_reserved_context=5% source=test | wise_ft=alpha0.1 rows=1024<2000,30,1,epoch_chunk,accuracy,1.0,1.0,1.0,1.0,0,True,False,,f_mmd,test,standardized_l2,2.3471575047933904,0.3601139035381404,,True
stage1_graph_scm_0056_seed42,/home/crc00006699/zh/tabiclv2/results/tabiclv2_prior_data/graph_scm_3stage_512_seed42/stage1_graph_scm_0056_seed42,multiclass,579,58,445,3,5,0.9078651685393259,0.9009921138753089,0.8711253369272237,0.9717204543253525,0.26020346939378497,2.6041815280914307,0.4743351936340332,ok,,579,521,0,445,0.2645297273993492,True,0.1,True,8,1e-05,True,2.5820157527923584,full_train_epoch_chunks,full train set chunked per epoch | validation=auto_stratified_validation | c_selection=f_mmd c_source=test c_metric=standardized_l2 | f_mmd_reserved_context=5% source=test | wise_ft=alpha0.1 rows=1024<2000,30,1,epoch_chunk,accuracy,0.8793103448275862,0.8793103448275862,0.8793103448275862,0.8793103448275862,0,True,False,,f_mmd,test,standardized_l2,7.181235531035663,3.891582532029615,,True
stage1_graph_scm_0057_seed42,/home/crc00006699/zh/tabiclv2/results/tabiclv2_prior_data/graph_scm_3stage_512_seed42/stage1_graph_scm_0057_seed42,multiclass,579,58,445,3,6,0.7213483146067415,0.7257123010268967,0.6070061774665355,0.9239728500880381,0.6320019888357439,2.9547979831695557,0.4879727363586426,ok,,579,521,0,445,0.6410133540630341,True,0.1,True,8,1e-05,True,2.9309284687042236,full_train_epoch_chunks,full train set chunked per epoch | validation=auto_stratified_validation | c_selection=f_mmd c_source=test c_metric=standardized_l2 | f_mmd_reserved_context=5% source=test | wise_ft=alpha0.1 rows=1024<2000,30,1,epoch_chunk,accuracy,0.7931034482758621,0.7931034482758621,0.7931034482758621,0.7931034482758621,0,True,False,,f_mmd,test,standardized_l2,2.9702266795405006,0.5957151119587734,,True
stage1_graph_scm_0058_seed42,/home/crc00006699/zh/tabiclv2/results/tabiclv2_prior_data/graph_scm_3stage_512_seed42/stage1_graph_scm_0058_seed42,multiclass,579,58,445,3,5,0.3258426966292135,0.2820873929455118,0.2826692021428864,0.6486661855798108,1.4767017339318413,4.635266304016113,0.4751894474029541,ok,,579,521,0,445,1.4518972635269165,True,0.1,True,15,1e-05,True,4.611059904098511,full_train_epoch_chunks,full train set chunked per epoch | validation=auto_stratified_validation | c_selection=f_mmd c_source=test c_metric=standardized_l2 | f_mmd_reserved_context=5% source=test | wise_ft=alpha0.1 rows=1024<2000,30,1,epoch_chunk,accuracy,0.3448275862068966,0.3620689655172414,0.3448275862068966,0.3620689655172414,7,True,False,,f_mmd,test,standardized_l2,3.0647295241527703,0.5776650186147901,,True
stage1_graph_scm_0059_seed42,/home/crc00006699/zh/tabiclv2/results/tabiclv2_prior_data/graph_scm_3stage_512_seed42/stage1_graph_scm_0059_seed42,multiclass,579,58,445,3,3,0.9955056179775281,0.9954325811716601,0.9770114942528735,1.0,0.009938062567941764,2.7850069999694824,0.3025062084197998,ok,,579,521,0,445,0.0032456970075145364,True,0.1,True,8,1e-05,True,2.7632224559783936,full_train_epoch_chunks,full train set chunked per epoch | validation=auto_stratified_validation | c_selection=f_mmd c_source=test c_metric=standardized_l2 | f_mmd_reserved_context=5% source=test | wise_ft=alpha0.1 rows=1024<2000,30,1,epoch_chunk,accuracy,0.9655172413793104,0.9655172413793104,0.9655172413793104,0.9655172413793104,0,True,False,,f_mmd,test,standardized_l2,4.925560632158057,1.3622367582084256,,True
stage1_graph_scm_0060_seed42,/home/crc00006699/zh/tabiclv2/results/tabiclv2_prior_data/graph_scm_3stage_512_seed42/stage1_graph_scm_0060_seed42,multiclass,401,41,623,33,5,0.9085072231139647,0.9033377185931112,0.8335487036731228,0.9911633823318666,0.1742513692665686,3.822951555252075,0.9746897220611572,ok,,401,360,0,623,0.19308798015117645,True,0.1,True,8,1e-05,True,3.7471086978912354,full_train_epoch_chunks,full train set chunked per epoch | validation=auto_stratified_validation | c_selection=f_mmd c_source=test c_metric=standardized_l2 | f_mmd_reserved_context=5% source=test | wise_ft=alpha0.1 rows=1024<2000,30,1,epoch_chunk,accuracy,0.9024390243902439,0.9024390243902439,0.9024390243902439,0.9024390243902439,0,True,False,,f_mmd,test,standardized_l2,4.754984954848422,1.3376618575024726,,True
stage1_graph_scm_0061_seed42,/home/crc00006699/zh/tabiclv2/results/tabiclv2_prior_data/graph_scm_3stage_512_seed42/stage1_graph_scm_0061_seed42,multiclass,401,41,623,36,3,0.9229534510433387,0.9233162207529281,0.9065058996479808,0.9913046278183649,0.1487593132548101,3.9123709201812744,0.990992546081543,ok,,401,360,0,623,0.21706626564264297,True,0.1,True,8,1e-05,True,3.832169771194458,full_train_epoch_chunks,full train set chunked per epoch | validation=auto_stratified_validation | c_selection=f_mmd c_source=test c_metric=standardized_l2 | f_mmd_reserved_context=5% source=test | wise_ft=alpha0.1 rows=1024<2000,30,1,epoch_chunk,accuracy,0.9512195121951219,0.9512195121951219,0.9512195121951219,0.9512195121951219,0,True,False,,f_mmd,test,standardized_l2,2.851322555456458,0.6953183188257103,,True
stage1_graph_scm_0062_seed42,/home/crc00006699/zh/tabiclv2/results/tabiclv2_prior_data/graph_scm_3stage_512_seed42/stage1_graph_scm_0062_seed42,multiclass,401,41,623,30,3,1.0,1.0,1.0,1.0,3.4056732642426856e-05,3.69502329826355,0.8939485549926758,ok,,401,360,0,623,9.213057182932971e-06,True,0.1,True,8,1e-05,True,3.62082839012146,full_train_epoch_chunks,full train set chunked per epoch | validation=auto_stratified_validation | c_selection=f_mmd c_source=test c_metric=standardized_l2 | f_mmd_reserved_context=5% source=test | wise_ft=alpha0.1 rows=1024<2000,30,1,epoch_chunk,accuracy,1.0,1.0,1.0,1.0,0,True,False,,f_mmd,test,standardized_l2,3.421963895026442,0.6360621543396348,,True
stage1_graph_scm_0063_seed42,/home/crc00006699/zh/tabiclv2/results/tabiclv2_prior_data/graph_scm_3stage_512_seed42/stage1_graph_scm_0063_seed42,multiclass,401,41,623,36,6,0.9871589085072231,0.9870227705778891,0.9684944775596073,0.9997335286998869,0.040730699474496604,4.282923460006714,0.9948883056640625,ok,,401,360,0,623,0.027615449391305447,True,0.1,True,8,1e-05,True,4.192951917648315,full_train_epoch_chunks,full train set chunked per epoch | validation=auto_stratified_validation | c_selection=f_mmd c_source=test c_metric=standardized_l2 | f_mmd_reserved_context=5% source=test | wise_ft=alpha0.1 rows=1024<2000,30,1,epoch_chunk,accuracy,0.975609756097561,0.975609756097561,0.975609756097561,0.975609756097561,0,True,False,,f_mmd,test,standardized_l2,2.663043144395365,0.33692454899455915,,True
stage1_graph_scm_0064_seed42,/home/crc00006699/zh/tabiclv2/results/tabiclv2_prior_data/graph_scm_3stage_512_seed42/stage1_graph_scm_0064_seed42,multiclass,552,56,472,42,4,0.9915254237288136,0.9914961257431634,0.9836142803302841,0.9999225939013026,0.0160087411016477,4.775848627090454,1.1248462200164795,ok,,552,496,0,472,0.00018467325571691617,True,0.1,True,8,1e-05,True,4.675013780593872,full_train_epoch_chunks,full train set chunked per epoch | validation=auto_stratified_validation | c_selection=f_mmd c_source=test c_metric=standardized_l2 | f_mmd_reserved_context=5% source=test | wise_ft=alpha0.1 rows=1024<2000,30,1,epoch_chunk,accuracy,1.0,1.0,1.0,1.0,0,True,False,,f_mmd,test,standardized_l2,2.8649869741331297,2.2498383050699196,,True
stage1_graph_scm_0065_seed42,/home/crc00006699/zh/tabiclv2/results/tabiclv2_prior_data/graph_scm_3stage_512_seed42/stage1_graph_scm_0065_seed42,multiclass,552,56,472,42,9,0.8728813559322034,0.871808568845376,0.8698400812082192,0.9878836298400571,0.3566199935262266,4.490339279174805,1.1352126598358154,ok,,552,496,0,472,0.432645320892334,True,0.1,True,8,1e-05,True,4.387590408325195,full_train_epoch_chunks,full train set chunked per epoch | validation=auto_stratified_validation | c_selection=f_mmd c_source=test c_metric=standardized_l2 | f_mmd_reserved_context=5% source=test | wise_ft=alpha0.1 rows=1024<2000,30,1,epoch_chunk,accuracy,0.8571428571428571,0.8571428571428571,0.8571428571428571,0.8571428571428571,0,True,False,,f_mmd,test,standardized_l2,1.9070991102042785,0.18627689952163556,,True
stage1_graph_scm_0066_seed42,/home/crc00006699/zh/tabiclv2/results/tabiclv2_prior_data/graph_scm_3stage_512_seed42/stage1_graph_scm_0066_seed42,multiclass,552,56,472,42,5,0.9936440677966102,0.9936556339983019,0.994,0.9999589710000713,0.015662467222445905,4.518326044082642,1.120345115661621,ok,,552,496,0,472,0.0006099276943132281,True,0.1,True,8,1e-05,True,4.413875579833984,full_train_epoch_chunks,full train set chunked per epoch | validation=auto_stratified_validation | c_selection=f_mmd c_source=test c_metric=standardized_l2 | f_mmd_reserved_context=5% source=test | wise_ft=alpha0.1 rows=1024<2000,30,1,epoch_chunk,accuracy,0.9821428571428571,0.9821428571428571,0.9821428571428571,0.9821428571428571,0,True,False,,f_mmd,test,standardized_l2,4.0271804384013965,1.007767459363712,,True
stage1_graph_scm_0067_seed42,/home/crc00006699/zh/tabiclv2/results/tabiclv2_prior_data/graph_scm_3stage_512_seed42/stage1_graph_scm_0067_seed42,multiclass,552,56,472,36,3,0.989406779661017,0.9893755574935823,0.984508547008547,0.9998277425513716,0.030857563310925203,4.249676465988159,1.0298466682434082,ok,,552,496,0,472,0.0526957456022501,True,0.1,True,8,1e-05,True,4.158694267272949,full_train_epoch_chunks,full train set chunked per epoch | validation=auto_stratified_validation | c_selection=f_mmd c_source=test c_metric=standardized_l2 | f_mmd_reserved_context=5% source=test | wise_ft=alpha0.1 rows=1024<2000,30,1,epoch_chunk,accuracy,1.0,1.0,1.0,1.0,0,True,False,,f_mmd,test,standardized_l2,3.400127291771925,0.8459160227178953,,True
stage1_graph_scm_0068_seed42,/home/crc00006699/zh/tabiclv2/results/tabiclv2_prior_data/graph_scm_3stage_512_seed42/stage1_graph_scm_0068_seed42,multiclass,823,83,201,9,10,0.7263681592039801,0.7160008747862434,0.6995148503546672,0.9638704354300485,0.5410886001332343,5.8645265102386475,0.9604587554931641,ok,,823,740,0,201,0.5283060669898987,True,0.1,True,16,1e-05,True,5.825401306152344,full_train_epoch_chunks,full train set chunked per epoch | validation=auto_stratified_validation | c_selection=f_mmd c_source=test c_metric=standardized_l2 | f_mmd_reserved_context=5% source=test | wise_ft=alpha0.1 rows=1024<2000,30,1,epoch_chunk,accuracy,0.6867469879518072,0.7108433734939759,0.6867469879518072,0.7108433734939759,8,True,False,,f_mmd,test,standardized_l2,7.38331016025173,3.112318971308968,,True
stage1_graph_scm_0069_seed42,/home/crc00006699/zh/tabiclv2/results/tabiclv2_prior_data/graph_scm_3stage_512_seed42/stage1_graph_scm_0069_seed42,multiclass,823,83,201,9,9,1.0,1.0,1.0,1.0,4.1960513057373544e-07,3.189253091812134,0.6557021141052246,ok,,823,740,0,201,1.6673191112204222e-06,True,0.1,True,8,1e-05,True,3.153369188308716,full_train_epoch_chunks,full train set chunked per epoch | validation=auto_stratified_validation | c_selection=f_mmd c_source=test c_metric=standardized_l2 | f_mmd_reserved_context=5% source=test | wise_ft=alpha0.1 rows=1024<2000,30,1,epoch_chunk,accuracy,1.0,1.0,1.0,1.0,0,True,False,,f_mmd,test,standardized_l2,7.742794088482182,2.717605410526553,,True
stage1_graph_scm_0070_seed42,/home/crc00006699/zh/tabiclv2/results/tabiclv2_prior_data/graph_scm_3stage_512_seed42/stage1_graph_scm_0070_seed42,multiclass,823,83,201,9,3,0.9402985074626866,0.9320350416324193,0.6182795698924731,0.8968056175672245,0.2236747502460555,3.002272129058838,0.6552169322967529,ok,,823,740,0,201,0.3031935840845108,True,0.1,True,8,1e-05,True,2.9658942222595215,full_train_epoch_chunks,full train set chunked per epoch | validation=auto_stratified_validation | c_selection=f_mmd c_source=test c_metric=standardized_l2 | f_mmd_reserved_context=5% source=test | wise_ft=alpha0.1 rows=1024<2000,30,1,epoch_chunk,accuracy,0.8433734939759037,0.8433734939759037,0.8433734939759037,0.8433734939759037,0,True,False,,f_mmd,test,standardized_l2,4.222414225054112,1.0890519140054509,,True
stage1_graph_scm_0071_seed42,/home/crc00006699/zh/tabiclv2/results/tabiclv2_prior_data/graph_scm_3stage_512_seed42/stage1_graph_scm_0071_seed42,binclass,823,83,201,9,2,0.9154228855721394,0.9146191228501259,0.897562582345191,0.9664031620553359,0.22543306355904194,2.9786787033081055,0.6681196689605713,ok,,823,740,0,201,0.24851540476083755,True,0.1,True,8,1e-05,True,2.9434361457824707,full_train_epoch_chunks,full train set chunked per epoch | validation=auto_stratified_validation | c_selection=f_mmd c_source=test c_metric=standardized_l2 | f_mmd_reserved_context=5% source=test | wise_ft=alpha0.1 rows=1024<2000,30,1,epoch_chunk,accuracy,0.9518072289156626,0.9518072289156626,0.9518072289156626,0.9518072289156626,0,True,False,,f_mmd,test,standardized_l2,4.39153924835969,0.6536805373180387,,True
stage1_graph_scm_0072_seed42,/home/crc00006699/zh/tabiclv2/results/tabiclv2_prior_data/graph_scm_3stage_512_seed42/stage1_graph_scm_0072_seed42,multiclass,345,35,679,47,5,0.6774668630338734,0.666910227757715,0.5835117925951103,0.9069200539196751,0.7539168646054653,7.712205648422241,1.1332924365997314,ok,,345,310,0,679,0.8415633141994476,True,0.1,True,16,1e-05,True,7.611323595046997,full_train_epoch_chunks,full train set chunked per epoch | validation=auto_stratified_validation | c_selection=f_mmd c_source=test c_metric=standardized_l2 | f_mmd_reserved_context=5% source=test | wise_ft=alpha0.1 rows=1024<2000,30,1,epoch_chunk,accuracy,0.6571428571428571,0.6857142857142857,0.6571428571428571,0.6857142857142857,8,True,False,,f_mmd,test,standardized_l2,3.893492824620795,0.620593812598192,,True
stage1_graph_scm_0073_seed42,/home/crc00006699/zh/tabiclv2/results/tabiclv2_prior_data/graph_scm_3stage_512_seed42/stage1_graph_scm_0073_seed42,multiclass,345,35,679,43,7,0.47128129602356406,0.42538958488931594,0.37600943218233673,0.7578553359172604,1.4242525094810468,4.106036424636841,1.0715298652648926,ok,,345,310,0,679,1.4392679929733276,True,0.1,True,8,1e-05,True,4.0168750286102295,full_train_epoch_chunks,full train set chunked per epoch | validation=auto_stratified_validation | c_selection=f_mmd c_source=test c_metric=standardized_l2 | f_mmd_reserved_context=5% source=test | wise_ft=alpha0.1 rows=1024<2000,30,1,epoch_chunk,accuracy,0.42857142857142855,0.42857142857142855,0.42857142857142855,0.42857142857142855,0,True,False,,f_mmd,test,standardized_l2,2.117710477139091,0.22751169553756026,,True
stage1_graph_scm_0074_seed42,/home/crc00006699/zh/tabiclv2/results/tabiclv2_prior_data/graph_scm_3stage_512_seed42/stage1_graph_scm_0074_seed42,binclass,345,35,679,47,2,0.9823269513991163,0.982078299373409,0.959505728750333,0.9993471889155342,0.021572553523845923,4.320561408996582,1.1142187118530273,ok,,345,310,0,679,0.034467387944459915,True,0.1,True,8,1e-05,True,4.2231175899505615,full_train_epoch_chunks,full train set chunked per epoch | validation=auto_stratified_validation | c_selection=f_mmd c_source=test c_metric=standardized_l2 | f_mmd_reserved_context=5% source=test | wise_ft=alpha0.1 rows=1024<2000,30,1,epoch_chunk,accuracy,0.9714285714285714,0.9714285714285714,0.9714285714285714,0.9714285714285714,0,True,False,,f_mmd,test,standardized_l2,3.3793158257492455,0.4671030165724648,,True
stage1_graph_scm_0075_seed42,/home/crc00006699/zh/tabiclv2/results/tabiclv2_prior_data/graph_scm_3stage_512_seed42/stage1_graph_scm_0075_seed42,multiclass,345,35,679,47,5,0.4698085419734904,0.4315140297224824,0.4001897780343895,0.7647535736927452,1.24729472363905,4.382045269012451,1.4480321407318115,ok,,345,310,0,679,1.1643351912498474,True,0.1,True,8,1e-05,True,4.279679775238037,full_train_epoch_chunks,full train set chunked per epoch | validation=auto_stratified_validation | c_selection=f_mmd c_source=test c_metric=standardized_l2 | f_mmd_reserved_context=5% source=test | wise_ft=alpha0.1 rows=1024<2000,30,1,epoch_chunk,accuracy,0.5142857142857142,0.5142857142857142,0.5142857142857142,0.5142857142857142,0,True,False,,f_mmd,test,standardized_l2,1.7823355935416887,0.13752796394627406,,True
stage1_graph_scm_0076_seed42,/home/crc00006699/zh/tabiclv2/results/tabiclv2_prior_data/graph_scm_3stage_512_seed42/stage1_graph_scm_0076_seed42,multiclass,448,45,576,87,8,0.5295138888888888,0.46790512780782806,0.271823052522999,0.7739046310357854,1.3741423280241412,6.572850704193115,0.8141601085662842,ok,,448,403,0,576,1.272768795490265,True,0.1,True,8,1e-05,True,6.397960901260376,full_train_epoch_chunks,full train set chunked per epoch | validation=auto_stratified_validation | c_selection=f_mmd c_source=test c_metric=standardized_l2 | f_mmd_reserved_context=5% source=test | wise_ft=alpha0.1 rows=1024<2000,30,1,epoch_chunk,accuracy,0.5555555555555556,0.5555555555555556,0.5555555555555556,0.5555555555555556,0,True,False,,f_mmd,test,standardized_l2,5.573847573338386,4.556682888649418,,True
stage1_graph_scm_0077_seed42,/home/crc00006699/zh/tabiclv2/results/tabiclv2_prior_data/graph_scm_3stage_512_seed42/stage1_graph_scm_0077_seed42,multiclass,448,45,576,93,6,0.2864583333333333,0.26688341918906505,0.28393715774837375,0.6577623481339681,1.6862164229055328,12.715835571289062,0.8635439872741699,ok,,448,403,0,576,1.686749279499054,True,0.1,True,17,1e-05,True,12.51429009437561,full_train_epoch_chunks,full train set chunked per epoch | validation=auto_stratified_validation | c_selection=f_mmd c_source=test c_metric=standardized_l2 | f_mmd_reserved_context=5% source=test | wise_ft=alpha0.1 rows=1024<2000,30,1,epoch_chunk,accuracy,0.2222222222222222,0.28888888888888886,0.2222222222222222,0.28888888888888886,9,True,False,,f_mmd,test,standardized_l2,1.6745239208132614,0.11096906745945763,,True
stage1_graph_scm_0078_seed42,/home/crc00006699/zh/tabiclv2/results/tabiclv2_prior_data/graph_scm_3stage_512_seed42/stage1_graph_scm_0078_seed42,multiclass,448,45,576,90,8,0.9184027777777778,0.9177642748413842,0.8747570705926073,0.9954467743787752,0.1806242703190967,9.109167098999023,0.8292415142059326,ok,,448,403,0,576,0.16613759100437164,True,0.1,True,12,1e-05,True,8.914367198944092,full_train_epoch_chunks,full train set chunked per epoch | validation=auto_stratified_validation | c_selection=f_mmd c_source=test c_metric=standardized_l2 | f_mmd_reserved_context=5% source=test | wise_ft=alpha0.1 rows=1024<2000,30,1,epoch_chunk,accuracy,0.8888888888888888,0.9111111111111111,0.8888888888888888,0.9111111111111111,4,True,False,,f_mmd,test,standardized_l2,2.63178077949186,0.6516271690269418,,True
stage1_graph_scm_0079_seed42,/home/crc00006699/zh/tabiclv2/results/tabiclv2_prior_data/graph_scm_3stage_512_seed42/stage1_graph_scm_0079_seed42,multiclass,448,45,576,93,4,0.9965277777777778,0.9965285770498254,0.998015873015873,1.0,0.0041940824897232255,6.5966126918792725,0.8471927642822266,ok,,448,403,0,576,1.660734426423005e-06,True,0.1,True,8,1e-05,True,6.404574871063232,full_train_epoch_chunks,full train set chunked per epoch | validation=auto_stratified_validation | c_selection=f_mmd c_source=test c_metric=standardized_l2 | f_mmd_reserved_context=5% source=test | wise_ft=alpha0.1 rows=1024<2000,30,1,epoch_chunk,accuracy,1.0,1.0,1.0,1.0,0,True,False,,f_mmd,test,standardized_l2,3.0886002905623076,0.08693791362886061,,True
stage1_graph_scm_0080_seed42,/home/crc00006699/zh/tabiclv2/results/tabiclv2_prior_data/graph_scm_3stage_512_seed42/stage1_graph_scm_0080_seed42,multiclass,628,63,396,92,7,0.8459595959595959,0.8421398620012248,0.754096144942823,0.982180572790064,0.4046075461361436,9.383821487426758,0.8635671138763428,ok,,628,565,0,396,0.4373960644006729,True,0.1,True,11,1e-05,True,9.168806314468384,full_train_epoch_chunks,full train set chunked per epoch | validation=auto_stratified_validation | c_selection=f_mmd c_source=test c_metric=standardized_l2 | f_mmd_reserved_context=5% source=test | wise_ft=alpha0.1 rows=1024<2000,30,1,epoch_chunk,accuracy,0.7777777777777778,0.7936507936507936,0.7777777777777778,0.7936507936507936,3,True,False,,f_mmd,test,standardized_l2,2.8846549100219767,0.5676584895779866,,True
stage1_graph_scm_0081_seed42,/home/crc00006699/zh/tabiclv2/results/tabiclv2_prior_data/graph_scm_3stage_512_seed42/stage1_graph_scm_0081_seed42,multiclass,628,63,396,94,10,0.9090909090909091,0.9057810409762957,0.8244899413905624,0.9932999446040804,0.26788884050293843,11.240450382232666,0.8850739002227783,ok,,628,565,0,396,0.2306980863213539,True,0.1,True,13,1e-05,True,11.011220693588257,full_train_epoch_chunks,full train set chunked per epoch | validation=auto_stratified_validation | c_selection=f_mmd c_source=test c_metric=standardized_l2 | f_mmd_reserved_context=5% source=test | wise_ft=alpha0.1 rows=1024<2000,30,1,epoch_chunk,accuracy,0.8571428571428571,0.873015873015873,0.8571428571428571,0.873015873015873,5,True,False,,f_mmd,test,standardized_l2,1.7732896412065544,0.12723977354410945,,True
stage1_graph_scm_0082_seed42,/home/crc00006699/zh/tabiclv2/results/tabiclv2_prior_data/graph_scm_3stage_512_seed42/stage1_graph_scm_0082_seed42,multiclass,628,63,396,94,3,0.7121212121212122,0.6973578060456742,0.6550953714819261,0.8237664286445376,0.7047571618388825,8.754095792770386,0.8592236042022705,ok,,628,565,0,396,0.7771301865577698,True,0.1,True,10,1e-05,True,8.530707359313965,full_train_epoch_chunks,full train set chunked per epoch | validation=auto_stratified_validation | c_selection=f_mmd c_source=test c_metric=standardized_l2 | f_mmd_reserved_context=5% source=test | wise_ft=alpha0.1 rows=1024<2000,30,1,epoch_chunk,accuracy,0.6349206349206349,0.6666666666666666,0.6349206349206349,0.6666666666666666,2,True,False,,f_mmd,test,standardized_l2,5.987228309781845,1.6975473133763912,,True
stage1_graph_scm_0083_seed42,/home/crc00006699/zh/tabiclv2/results/tabiclv2_prior_data/graph_scm_3stage_512_seed42/stage1_graph_scm_0083_seed42,multiclass,628,63,396,83,4,0.9747474747474747,0.9746203597350941,0.972737356767468,0.9975207593146473,0.10034365453573205,6.456405401229858,0.7999763488769531,ok,,628,565,0,396,0.12812207639217377,True,0.1,True,8,1e-05,True,6.2696192264556885,full_train_epoch_chunks,full train set chunked per epoch | validation=auto_stratified_validation | c_selection=f_mmd c_source=test c_metric=standardized_l2 | f_mmd_reserved_context=5% source=test | wise_ft=alpha0.1 rows=1024<2000,30,1,epoch_chunk,accuracy,0.9206349206349206,0.9206349206349206,0.9206349206349206,0.9206349206349206,0,True,False,,f_mmd,test,standardized_l2,3.285300666245615,2.090098214378038,,True
stage1_graph_scm_0084_seed42,/home/crc00006699/zh/tabiclv2/results/tabiclv2_prior_data/graph_scm_3stage_512_seed42/stage1_graph_scm_0084_seed42,multiclass,491,50,533,37,6,0.9568480300187617,0.9557096939732789,0.9404870468814837,0.9981371194865071,0.09536940458501027,4.42353081703186,1.0167481899261475,ok,,491,441,0,533,0.12112150713801384,True,0.1,True,8,1e-05,True,4.337499380111694,full_train_epoch_chunks,full train set chunked per epoch | validation=auto_stratified_validation | c_selection=f_mmd c_source=test c_metric=standardized_l2 | f_mmd_reserved_context=5% source=test | wise_ft=alpha0.1 rows=1024<2000,30,1,epoch_chunk,accuracy,0.96,0.96,0.96,0.96,0,True,False,,f_mmd,test,standardized_l2,1.5312081729263212,0.024447400976696607,,True
stage1_graph_scm_0085_seed42,/home/crc00006699/zh/tabiclv2/results/tabiclv2_prior_data/graph_scm_3stage_512_seed42/stage1_graph_scm_0085_seed42,multiclass,491,50,533,37,5,0.34896810506566606,0.3368366245363672,0.32410659099278083,0.6341553427107746,1.5108736386180346,7.279420852661133,1.0157232284545898,ok,,491,441,0,533,1.5021820068359375,True,0.1,True,15,1e-05,True,7.186233997344971,full_train_epoch_chunks,full train set chunked per epoch | validation=auto_stratified_validation | c_selection=f_mmd c_source=test c_metric=standardized_l2 | f_mmd_reserved_context=5% source=test | wise_ft=alpha0.1 rows=1024<2000,30,1,epoch_chunk,accuracy,0.34,0.38,0.34,0.38,7,True,False,,f_mmd,test,standardized_l2,3.071078498790204,0.4158807692938194,,True
stage1_graph_scm_0086_seed42,/home/crc00006699/zh/tabiclv2/results/tabiclv2_prior_data/graph_scm_3stage_512_seed42/stage1_graph_scm_0086_seed42,multiclass,491,50,533,37,4,0.9831144465290806,0.9829848433071348,0.9707920535872716,0.9997839964918429,0.035340802555418785,4.197152376174927,1.0240046977996826,ok,,491,441,0,533,0.01879848726093769,True,0.1,True,8,1e-05,True,4.109961271286011,full_train_epoch_chunks,full train set chunked per epoch | validation=auto_stratified_validation | c_selection=f_mmd c_source=test c_metric=standardized_l2 | f_mmd_reserved_context=5% source=test | wise_ft=alpha0.1 rows=1024<2000,30,1,epoch_chunk,accuracy,0.96,0.96,0.96,0.96,0,True,False,,f_mmd,test,standardized_l2,2.7682656781684547,0.8071157483515353,,True
stage1_graph_scm_0087_seed42,/home/crc00006699/zh/tabiclv2/results/tabiclv2_prior_data/graph_scm_3stage_512_seed42/stage1_graph_scm_0087_seed42,multiclass,491,50,533,37,7,0.40337711069418386,0.36847211824716064,0.31533794468947113,0.7710622626137938,1.4819825291708089,4.636187791824341,1.0100946426391602,ok,,491,441,0,533,1.6098341345787048,True,0.1,True,8,1e-05,True,4.524601459503174,full_train_epoch_chunks,full train set chunked per epoch | validation=auto_stratified_validation | c_selection=f_mmd c_source=test c_metric=standardized_l2 | f_mmd_reserved_context=5% source=test | wise_ft=alpha0.1 rows=1024<2000,30,1,epoch_chunk,accuracy,0.46,0.46,0.46,0.46,0,True,False,,f_mmd,test,standardized_l2,2.6995418003902008,0.4647358865466358,,True
stage1_graph_scm_0088_seed42,/home/crc00006699/zh/tabiclv2/results/tabiclv2_prior_data/graph_scm_3stage_512_seed42/stage1_graph_scm_0088_seed42,multiclass,372,38,652,69,7,0.36503067484662577,0.27919087928876224,0.37226625414524767,0.791038583717623,1.3541212043636883,9.705563068389893,0.717968225479126,ok,,372,334,0,652,1.2239916324615479,True,0.1,True,16,1e-05,True,9.558470964431763,full_train_epoch_chunks,full train set chunked per epoch | validation=auto_stratified_validation | c_selection=f_mmd c_source=test c_metric=standardized_l2 | f_mmd_reserved_context=5% source=test | wise_ft=alpha0.1 rows=1024<2000,30,1,epoch_chunk,accuracy,0.2894736842105263,0.34210526315789475,0.2894736842105263,0.34210526315789475,8,True,False,,f_mmd,test,standardized_l2,6.0127728896013375,2.0336518762765916,,True
stage1_graph_scm_0089_seed42,/home/crc00006699/zh/tabiclv2/results/tabiclv2_prior_data/graph_scm_3stage_512_seed42/stage1_graph_scm_0089_seed42,multiclass,372,38,652,69,8,0.7147239263803681,0.6350274624592885,0.5543893129770993,0.9255647701894569,0.6198192492066964,5.267715215682983,0.7020950317382812,ok,,372,334,0,652,0.622645765542984,True,0.1,True,8,1e-05,True,5.120726585388184,full_train_epoch_chunks,full train set chunked per epoch | validation=auto_stratified_validation | c_selection=f_mmd c_source=test c_metric=standardized_l2 | f_mmd_reserved_context=5% source=test | wise_ft=alpha0.1 rows=1024<2000,30,1,epoch_chunk,accuracy,0.6842105263157895,0.6842105263157895,0.6842105263157895,0.6842105263157895,0,True,False,,f_mmd,test,standardized_l2,2.3751165427893235,2.9802322387695312e-08,,True
stage1_graph_scm_0090_seed42,/home/crc00006699/zh/tabiclv2/results/tabiclv2_prior_data/graph_scm_3stage_512_seed42/stage1_graph_scm_0090_seed42,multiclass,372,38,652,69,8,0.25,0.2549394157493745,0.25046850643083923,0.7038579165996924,1.8714328758368437,10.165752172470093,0.6945524215698242,ok,,372,334,0,652,1.8995620012283325,True,0.1,True,17,1e-05,True,10.022998094558716,full_train_epoch_chunks,full train set chunked per epoch | validation=auto_stratified_validation | c_selection=f_mmd c_source=test c_metric=standardized_l2 | f_mmd_reserved_context=5% source=test | wise_ft=alpha0.1 rows=1024<2000,30,1,epoch_chunk,accuracy,0.18421052631578946,0.2894736842105263,0.18421052631578946,0.2894736842105263,9,True,False,,f_mmd,test,standardized_l2,1.7912473813262035,0.11836783133567304,,True
stage1_graph_scm_0091_seed42,/home/crc00006699/zh/tabiclv2/results/tabiclv2_prior_data/graph_scm_3stage_512_seed42/stage1_graph_scm_0091_seed42,multiclass,372,38,652,69,4,0.9570552147239264,0.9570684511531772,0.9587936793069955,0.9978889256820639,0.10907769877018751,5.403736591339111,0.7035248279571533,ok,,372,334,0,652,0.20795667171478271,True,0.1,True,8,1e-05,True,5.262136220932007,full_train_epoch_chunks,full train set chunked per epoch | validation=auto_stratified_validation | c_selection=f_mmd c_source=test c_metric=standardized_l2 | f_mmd_reserved_context=5% source=test | wise_ft=alpha0.1 rows=1024<2000,30,1,epoch_chunk,accuracy,0.9210526315789473,0.9210526315789473,0.9210526315789473,0.9210526315789473,0,True,False,,f_mmd,test,standardized_l2,3.6032035912116145,0.63596206172452,,True
stage1_graph_scm_0092_seed42,/home/crc00006699/zh/tabiclv2/results/tabiclv2_prior_data/graph_scm_3stage_512_seed42/stage1_graph_scm_0092_seed42,multiclass,860,86,164,3,9,1.0,1.0,1.0,1.0,0.0008750007291695567,2.927990674972534,0.551189661026001,ok,,860,774,0,164,0.0007496476173400879,True,0.1,True,8,1e-05,True,2.906114101409912,full_train_epoch_chunks,full train set chunked per epoch | validation=auto_stratified_validation | c_selection=f_mmd c_source=test c_metric=standardized_l2 | f_mmd_reserved_context=5% source=test | wise_ft=alpha0.1 rows=1024<2000,30,1,epoch_chunk,accuracy,1.0,1.0,1.0,1.0,0,True,False,,f_mmd,test,standardized_l2,5.715596744699777,0.5561842480491083,,True
stage1_graph_scm_0093_seed42,/home/crc00006699/zh/tabiclv2/results/tabiclv2_prior_data/graph_scm_3stage_512_seed42/stage1_graph_scm_0093_seed42,multiclass,860,86,164,3,4,0.7804878048780488,0.7763808948389354,0.6592659330938854,0.8989962490185336,0.5919367177277003,2.8606817722320557,0.4792020320892334,ok,,860,774,0,164,0.8371386528015137,True,0.1,True,8,1e-05,True,2.8386850357055664,full_train_epoch_chunks,full train set chunked per epoch | validation=auto_stratified_validation | c_selection=f_mmd c_source=test c_metric=standardized_l2 | f_mmd_reserved_context=5% source=test | wise_ft=alpha0.1 rows=1024<2000,30,1,epoch_chunk,accuracy,0.7209302325581395,0.7209302325581395,0.7209302325581395,0.7209302325581395,0,True,False,,f_mmd,test,standardized_l2,11.192734541579483,5.025587210717556,,True
stage1_graph_scm_0094_seed42,/home/crc00006699/zh/tabiclv2/results/tabiclv2_prior_data/graph_scm_3stage_512_seed42/stage1_graph_scm_0094_seed42,multiclass,860,86,164,3,7,0.3231707317073171,0.22497649248719082,0.1787402904424181,0.6187613872345068,1.7510706682763844,2.9098024368286133,0.5377469062805176,ok,,860,774,0,164,1.7834583520889282,True,0.1,True,8,1e-05,True,2.8863794803619385,full_train_epoch_chunks,full train set chunked per epoch | validation=auto_stratified_validation | c_selection=f_mmd c_source=test c_metric=standardized_l2 | f_mmd_reserved_context=5% source=test | wise_ft=alpha0.1 rows=1024<2000,30,1,epoch_chunk,accuracy,0.313953488372093,0.313953488372093,0.313953488372093,0.313953488372093,0,True,False,,f_mmd,test,standardized_l2,7.259112422710329,1.5602470088386704,,True
stage1_graph_scm_0095_seed42,/home/crc00006699/zh/tabiclv2/results/tabiclv2_prior_data/graph_scm_3stage_512_seed42/stage1_graph_scm_0095_seed42,multiclass,860,86,164,3,5,0.5060975609756098,0.49120918630335003,0.4778514105612185,0.7662129515395478,1.3046598668604692,4.784597635269165,0.6849303245544434,ok,,860,774,0,164,1.2838911414146423,True,0.1,True,15,1e-05,True,4.7577033042907715,full_train_epoch_chunks,full train set chunked per epoch | validation=auto_stratified_validation | c_selection=f_mmd c_source=test c_metric=standardized_l2 | f_mmd_reserved_context=5% source=test | wise_ft=alpha0.1 rows=1024<2000,30,1,epoch_chunk,accuracy,0.43023255813953487,0.47674418604651164,0.43023255813953487,0.47674418604651164,7,True,False,,f_mmd,test,standardized_l2,5.642462881727073,1.3490631681490843,,True
stage1_graph_scm_0096_seed42,/home/crc00006699/zh/tabiclv2/results/tabiclv2_prior_data/graph_scm_3stage_512_seed42/stage1_graph_scm_0096_seed42,multiclass,698,70,326,50,3,0.5674846625766872,0.5471643386745951,0.4568220394307351,0.725243662964926,0.8855437222152036,5.416355609893799,1.2654454708099365,ok,,698,628,0,326,0.8605996072292328,True,0.1,True,8,1e-05,True,5.292475938796997,full_train_epoch_chunks,full train set chunked per epoch | validation=auto_stratified_validation | c_selection=f_mmd c_source=test c_metric=standardized_l2 | f_mmd_reserved_context=5% source=test | wise_ft=alpha0.1 rows=1024<2000,30,1,epoch_chunk,accuracy,0.6,0.6,0.6,0.6,0,True,False,,f_mmd,test,standardized_l2,3.0849286327532415,0.4649213287726874,,True
stage1_graph_scm_0097_seed42,/home/crc00006699/zh/tabiclv2/results/tabiclv2_prior_data/graph_scm_3stage_512_seed42/stage1_graph_scm_0097_seed42,multiclass,698,70,326,50,10,0.9631901840490797,0.9633046689564009,0.9416450346801579,0.9993421761105818,0.09113638114365066,5.7826032638549805,1.2674503326416016,ok,,698,628,0,326,0.11296159774065018,True,0.1,True,8,1e-05,True,5.659008502960205,full_train_epoch_chunks,full train set chunked per epoch | validation=auto_stratified_validation | c_selection=f_mmd c_source=test c_metric=standardized_l2 | f_mmd_reserved_context=5% source=test | wise_ft=alpha0.1 rows=1024<2000,30,1,epoch_chunk,accuracy,0.9857142857142858,0.9857142857142858,0.9857142857142858,0.9857142857142858,0,True,False,,f_mmd,test,standardized_l2,4.561582902827418,1.3317191904049825,,True
stage1_graph_scm_0098_seed42,/home/crc00006699/zh/tabiclv2/results/tabiclv2_prior_data/graph_scm_3stage_512_seed42/stage1_graph_scm_0098_seed42,multiclass,698,70,326,50,7,0.4785276073619632,0.4301245498192215,0.28691462732279055,0.7464651564084976,1.3903609607113396,5.490234613418579,1.3058011531829834,ok,,698,628,0,326,1.5034406781196594,True,0.1,True,8,1e-05,True,5.362122058868408,full_train_epoch_chunks,full train set chunked per epoch | validation=auto_stratified_validation | c_selection=f_mmd c_source=test c_metric=standardized_l2 | f_mmd_reserved_context=5% source=test | wise_ft=alpha0.1 rows=1024<2000,30,1,epoch_chunk,accuracy,0.44285714285714284,0.44285714285714284,0.44285714285714284,0.44285714285714284,0,True,False,,f_mmd,test,standardized_l2,5.311684618203113,3.4250094958873287,,True
stage1_graph_scm_0099_seed42,/home/crc00006699/zh/tabiclv2/results/tabiclv2_prior_data/graph_scm_3stage_512_seed42/stage1_graph_scm_0099_seed42,multiclass,698,70,326,50,4,0.9815950920245399,0.9818332979138301,0.97573385518591,0.9990860296810696,0.04101778861595298,8.440341472625732,1.2647669315338135,ok,,698,628,0,326,0.0824490562081337,True,0.1,True,13,1e-05,True,8.31453561782837,full_train_epoch_chunks,full train set chunked per epoch | validation=auto_stratified_validation | c_selection=f_mmd c_source=test c_metric=standardized_l2 | f_mmd_reserved_context=5% source=test | wise_ft=alpha0.1 rows=1024<2000,30,1,epoch_chunk,accuracy,0.9571428571428572,0.9714285714285714,0.9571428571428572,0.9714285714285714,5,True,False,,f_mmd,test,standardized_l2,2.9541140193456696,0.4118605895154758,,True
stage1_graph_scm_0100_seed42,/home/crc00006699/zh/tabiclv2/results/tabiclv2_prior_data/graph_scm_3stage_512_seed42/stage1_graph_scm_0100_seed42,multiclass,446,45,578,98,7,0.9117647058823529,0.8998848054120416,0.7307088744588744,0.9850884437309408,0.1921196279231759,6.9990904331207275,0.881704568862915,ok,,446,401,0,578,0.14575237780809402,True,0.1,True,8,1e-05,True,6.795733451843262,full_train_epoch_chunks,full train set chunked per epoch | validation=auto_stratified_validation | c_selection=f_mmd c_source=test c_metric=standardized_l2 | f_mmd_reserved_context=5% source=test | wise_ft=alpha0.1 rows=1024<2000,30,1,epoch_chunk,accuracy,0.9111111111111111,0.9111111111111111,0.9111111111111111,0.9111111111111111,0,True,False,,f_mmd,test,standardized_l2,1.9322597904649546,0.15813924373891589,,True
stage1_graph_scm_0101_seed42,/home/crc00006699/zh/tabiclv2/results/tabiclv2_prior_data/graph_scm_3stage_512_seed42/stage1_graph_scm_0101_seed42,multiclass,446,45,578,96,8,0.5190311418685121,0.5081474576125207,0.5143276944960735,0.8649100273925945,1.2964326886144202,7.162541389465332,0.8751139640808105,ok,,446,401,0,578,1.3023701310157776,True,0.1,True,8,1e-05,True,6.965601682662964,full_train_epoch_chunks,full train set chunked per epoch | validation=auto_stratified_validation | c_selection=f_mmd c_source=test c_metric=standardized_l2 | f_mmd_reserved_context=5% source=test | wise_ft=alpha0.1 rows=1024<2000,30,1,epoch_chunk,accuracy,0.5777777777777777,0.5777777777777777,0.5777777777777777,0.5777777777777777,0,True,False,,f_mmd,test,standardized_l2,1.7721069640318263,0.29012740934773174,,True
stage1_graph_scm_0102_seed42,/home/crc00006699/zh/tabiclv2/results/tabiclv2_prior_data/graph_scm_3stage_512_seed42/stage1_graph_scm_0102_seed42,multiclass,446,45,578,98,4,0.6349480968858131,0.5885523007156828,0.4791092892362604,0.8087503712153596,0.8704386287174306,9.328853130340576,0.8855142593383789,ok,,446,401,0,578,0.9002517759799957,True,0.1,True,11,1e-05,True,9.128833055496216,full_train_epoch_chunks,full train set chunked per epoch | validation=auto_stratified_validation | c_selection=f_mmd c_source=test c_metric=standardized_l2 | f_mmd_reserved_context=5% source=test | wise_ft=alpha0.1 rows=1024<2000,30,1,epoch_chunk,accuracy,0.8,0.8222222222222222,0.8,0.8222222222222222,3,True,False,,f_mmd,test,standardized_l2,3.1942445003746887,1.1815101186475478,,True
stage1_graph_scm_0103_seed42,/home/crc00006699/zh/tabiclv2/results/tabiclv2_prior_data/graph_scm_3stage_512_seed42/stage1_graph_scm_0103_seed42,binclass,446,45,578,88,2,1.0,1.0,1.0,1.0,1.2837747354956562e-06,6.37342381477356,0.8771007061004639,ok,,446,401,0,578,1.385807991027832e-06,True,0.1,True,8,1e-05,True,6.170819520950317,full_train_epoch_chunks,full train set chunked per epoch | validation=auto_stratified_validation | c_selection=f_mmd c_source=test c_metric=standardized_l2 | f_mmd_reserved_context=5% source=test | wise_ft=alpha0.1 rows=1024<2000,30,1,epoch_chunk,accuracy,1.0,1.0,1.0,1.0,0,True,False,,f_mmd,test,standardized_l2,3.181938916676984,0.47354905383832835,,True
stage1_graph_scm_0104_seed42,/home/crc00006699/zh/tabiclv2/results/tabiclv2_prior_data/graph_scm_3stage_512_seed42/stage1_graph_scm_0104_seed42,binclass,383,39,641,2,2,0.9953198127925117,0.9954101743389223,0.9975247524752475,0.9998585572842998,0.009196345489738458,2.8125758171081543,0.12529373168945312,ok,,383,344,0,641,0.0010458572942297906,True,0.1,True,8,1e-05,True,2.7936482429504395,full_train_epoch_chunks,full train set chunked per epoch | validation=auto_stratified_validation | c_selection=f_mmd c_source=test c_metric=standardized_l2 | f_mmd_reserved_context=5% source=test | wise_ft=alpha0.1 rows=1024<2000,30,1,epoch_chunk,accuracy,1.0,1.0,1.0,1.0,0,True,False,,f_mmd,test,standardized_l2,4.602923088688389,0.8491554713422357,,True
stage1_graph_scm_0105_seed42,/home/crc00006699/zh/tabiclv2/results/tabiclv2_prior_data/graph_scm_3stage_512_seed42/stage1_graph_scm_0105_seed42,multiclass,383,39,641,2,3,0.7550702028081123,0.7469208184389525,0.7054797418808844,0.9019853615262537,0.5473461839577068,3.288581371307373,0.172654390335083,ok,,383,344,0,641,0.5082501471042633,True,0.1,True,10,1e-05,True,3.268515110015869,full_train_epoch_chunks,full train set chunked per epoch | validation=auto_stratified_validation | c_selection=f_mmd c_source=test c_metric=standardized_l2 | f_mmd_reserved_context=5% source=test | wise_ft=alpha0.1 rows=1024<2000,30,1,epoch_chunk,accuracy,0.7948717948717948,0.8461538461538461,0.7948717948717948,0.8461538461538461,2,True,False,,f_mmd,test,standardized_l2,6.377580846280341,1.4491890684769715,,True
stage1_graph_scm_0106_seed42,/home/crc00006699/zh/tabiclv2/results/tabiclv2_prior_data/graph_scm_3stage_512_seed42/stage1_graph_scm_0106_seed42,multiclass,383,39,641,2,5,0.5070202808112324,0.4398083328753042,0.39851447823847475,0.7384743148559304,1.3019046252601603,4.846805810928345,0.2872035503387451,ok,,383,344,0,641,1.289461076259613,True,0.1,True,14,1e-05,True,4.827915906906128,full_train_epoch_chunks,full train set chunked per epoch | validation=auto_stratified_validation | c_selection=f_mmd c_source=test c_metric=standardized_l2 | f_mmd_reserved_context=5% source=test | wise_ft=alpha0.1 rows=1024<2000,30,1,epoch_chunk,accuracy,0.48717948717948717,0.5384615384615384,0.48717948717948717,0.5384615384615384,6,True,False,,f_mmd,test,standardized_l2,3.658271759601019,1.2507749275016709,,True
stage1_graph_scm_0107_seed42,/home/crc00006699/zh/tabiclv2/results/tabiclv2_prior_data/graph_scm_3stage_512_seed42/stage1_graph_scm_0107_seed42,multiclass,383,39,641,2,10,0.22932917316692666,0.18396156933427787,0.20043365803606328,0.7245922117084739,1.9899867887468705,2.637399196624756,0.43260908126831055,ok,,383,344,0,641,2.0116182565689087,True,0.1,True,8,1e-05,True,2.618056058883667,full_train_epoch_chunks,full train set chunked per epoch | validation=auto_stratified_validation | c_selection=f_mmd c_source=test c_metric=standardized_l2 | f_mmd_reserved_context=5% source=test | wise_ft=alpha0.1 rows=1024<2000,30,1,epoch_chunk,accuracy,0.28205128205128205,0.28205128205128205,0.28205128205128205,0.28205128205128205,0,True,False,,f_mmd,test,standardized_l2,5.408704010838347,1.0588766710049597,,True
stage1_graph_scm_0108_seed42,/home/crc00006699/zh/tabiclv2/results/tabiclv2_prior_data/graph_scm_3stage_512_seed42/stage1_graph_scm_0108_seed42,multiclass,709,71,315,56,8,0.8412698412698413,0.8416519994409246,0.8240505398287261,0.9869832176119067,0.3792242269235486,5.805508613586426,1.5349998474121094,ok,,709,638,0,315,0.2187233567237854,True,0.1,True,8,1e-05,True,5.66287636756897,full_train_epoch_chunks,full train set chunked per epoch | validation=auto_stratified_validation | c_selection=f_mmd c_source=test c_metric=standardized_l2 | f_mmd_reserved_context=5% source=test | wise_ft=alpha0.1 rows=1024<2000,30,1,epoch_chunk,accuracy,0.9014084507042254,0.9014084507042254,0.9014084507042254,0.9014084507042254,0,True,False,,f_mmd,test,standardized_l2,6.6511334728161495,1.7265173328088739,,True
stage1_graph_scm_0109_seed42,/home/crc00006699/zh/tabiclv2/results/tabiclv2_prior_data/graph_scm_3stage_512_seed42/stage1_graph_scm_0109_seed42,multiclass,709,71,315,52,7,0.9428571428571428,0.9429032932781964,0.9389844768403871,0.9957141511537723,0.16089690026117062,5.517948150634766,1.3489956855773926,ok,,709,638,0,315,0.16672474890947342,True,0.1,True,8,1e-05,True,5.3909173011779785,full_train_epoch_chunks,full train set chunked per epoch | validation=auto_stratified_validation | c_selection=f_mmd c_source=test c_metric=standardized_l2 | f_mmd_reserved_context=5% source=test | wise_ft=alpha0.1 rows=1024<2000,30,1,epoch_chunk,accuracy,0.9014084507042254,0.9014084507042254,0.9014084507042254,0.9014084507042254,0,True,False,,f_mmd,test,standardized_l2,2.366373077009128,0.40144444075106345,,True
stage1_graph_scm_0110_seed42,/home/crc00006699/zh/tabiclv2/results/tabiclv2_prior_data/graph_scm_3stage_512_seed42/stage1_graph_scm_0110_seed42,multiclass,709,71,315,56,3,1.0,1.0,1.0,1.0,3.5403313004378506e-07,6.147464752197266,1.3957090377807617,ok,,709,638,0,315,6.697309515857341e-07,True,0.1,True,8,1e-05,True,6.005986452102661,full_train_epoch_chunks,full train set chunked per epoch | validation=auto_stratified_validation | c_selection=f_mmd c_source=test c_metric=standardized_l2 | f_mmd_reserved_context=5% source=test | wise_ft=alpha0.1 rows=1024<2000,30,1,epoch_chunk,accuracy,1.0,1.0,1.0,1.0,0,True,False,,f_mmd,test,standardized_l2,5.276980407957545,0.9355188238154853,,True
stage1_graph_scm_0111_seed42,/home/crc00006699/zh/tabiclv2/results/tabiclv2_prior_data/graph_scm_3stage_512_seed42/stage1_graph_scm_0111_seed42,multiclass,709,71,315,56,4,1.0,1.0,1.0,1.0,1.2485373130965558e-05,5.938952684402466,1.5249297618865967,ok,,709,638,0,315,2.3682285927861813e-06,True,0.1,True,8,1e-05,True,5.801695346832275,full_train_epoch_chunks,full train set chunked per epoch | validation=auto_stratified_validation | c_selection=f_mmd c_source=test c_metric=standardized_l2 | f_mmd_reserved_context=5% source=test | wise_ft=alpha0.1 rows=1024<2000,30,1,epoch_chunk,accuracy,1.0,1.0,1.0,1.0,0,True,False,,f_mmd,test,standardized_l2,4.20834290267718,0.7934519434613799,,True
stage1_graph_scm_0112_seed42,/home/crc00006699/zh/tabiclv2/results/tabiclv2_prior_data/graph_scm_3stage_512_seed42/stage1_graph_scm_0112_seed42,binclass,423,43,601,71,2,0.9983361064891847,0.998338632862374,0.9989561586638831,0.9999828878469489,0.004640972817936207,7.6862828731536865,0.9529964923858643,ok,,423,380,0,601,0.00014545729209203273,True,0.1,True,12,1e-05,True,7.537555932998657,full_train_epoch_chunks,full train set chunked per epoch | validation=auto_stratified_validation | c_selection=f_mmd c_source=test c_metric=standardized_l2 | f_mmd_reserved_context=5% source=test | wise_ft=alpha0.1 rows=1024<2000,30,1,epoch_chunk,accuracy,0.9767441860465116,1.0,0.9767441860465116,1.0,4,True,False,,f_mmd,test,standardized_l2,3.7485734107514186,1.5613765474867844,,True
stage1_graph_scm_0113_seed42,/home/crc00006699/zh/tabiclv2/results/tabiclv2_prior_data/graph_scm_3stage_512_seed42/stage1_graph_scm_0113_seed42,binclass,423,43,601,75,2,0.9883527454242929,0.9883774753551375,0.980257957145829,0.9977324734761805,0.040772527139130085,9.801409006118774,0.858820915222168,ok,,423,380,0,601,0.008836578577756882,True,0.1,True,15,1e-05,True,9.644394874572754,full_train_epoch_chunks,full train set chunked per epoch | validation=auto_stratified_validation | c_selection=f_mmd c_source=test c_metric=standardized_l2 | f_mmd_reserved_context=5% source=test | wise_ft=alpha0.1 rows=1024<2000,30,1,epoch_chunk,accuracy,0.9534883720930233,0.9767441860465116,0.9534883720930233,0.9767441860465116,7,True,False,,f_mmd,test,standardized_l2,3.1881167104389645,1.3713089838664858,,True
stage1_graph_scm_0114_seed42,/home/crc00006699/zh/tabiclv2/results/tabiclv2_prior_data/graph_scm_3stage_512_seed42/stage1_graph_scm_0114_seed42,multiclass,423,43,601,77,3,0.9983361064891847,0.9983354263052088,0.9983818770226538,1.0,0.002755842499160807,5.720374822616577,0.7785587310791016,ok,,423,380,0,601,5.041298209107481e-06,True,0.1,True,8,1e-05,True,5.539853096008301,full_train_epoch_chunks,full train set chunked per epoch | validation=auto_stratified_validation | c_selection=f_mmd c_source=test c_metric=standardized_l2 | f_mmd_reserved_context=5% source=test | wise_ft=alpha0.1 rows=1024<2000,30,1,epoch_chunk,accuracy,0.9767441860465116,0.9767441860465116,0.9767441860465116,0.9767441860465116,0,True,False,,f_mmd,test,standardized_l2,6.031690372861872,1.7788608321067327,,True
stage1_graph_scm_0115_seed42,/home/crc00006699/zh/tabiclv2/results/tabiclv2_prior_data/graph_scm_3stage_512_seed42/stage1_graph_scm_0115_seed42,multiclass,423,43,601,65,9,0.908485856905158,0.9074669472510538,0.8586538813225623,0.9946309367835118,0.1766446830411528,5.538492918014526,0.7017908096313477,ok,,423,380,0,601,0.132284477353096,True,0.1,True,8,1e-05,True,5.402739524841309,full_train_epoch_chunks,full train set chunked per epoch | validation=auto_stratified_validation | c_selection=f_mmd c_source=test c_metric=standardized_l2 | f_mmd_reserved_context=5% source=test | wise_ft=alpha0.1 rows=1024<2000,30,1,epoch_chunk,accuracy,0.9069767441860465,0.9069767441860465,0.9069767441860465,0.9069767441860465,0,True,False,,f_mmd,test,standardized_l2,3.3288219228899845,1.470109125668733,,True
stage1_graph_scm_0116_seed42,/home/crc00006699/zh/tabiclv2/results/tabiclv2_prior_data/graph_scm_3stage_512_seed42/stage1_graph_scm_0116_seed42,multiclass,661,67,363,22,10,0.4573002754820937,0.4340363650249936,0.4341866652466491,0.8601386957562893,1.4789675574512884,4.6023499965667725,0.8303964138031006,ok,,661,594,0,363,1.6199873685836792,True,0.1,True,10,1e-05,True,4.539302587509155,full_train_epoch_chunks,full train set chunked per epoch | validation=auto_stratified_validation | c_selection=f_mmd c_source=test c_metric=standardized_l2 | f_mmd_reserved_context=5% source=test | wise_ft=alpha0.1 rows=1024<2000,30,1,epoch_chunk,accuracy,0.4626865671641791,0.47761194029850745,0.4626865671641791,0.47761194029850745,2,True,False,,f_mmd,test,standardized_l2,2.6635787342233734,0.4630092760691616,,True
stage1_graph_scm_0117_seed42,/home/crc00006699/zh/tabiclv2/results/tabiclv2_prior_data/graph_scm_3stage_512_seed42/stage1_graph_scm_0117_seed42,multiclass,661,67,363,22,6,0.9008264462809917,0.9009650459042767,0.894332739928946,0.9904106139381225,0.2767522479746088,6.4056525230407715,0.8310520648956299,ok,,661,594,0,363,0.33251917362213135,True,0.1,True,14,1e-05,True,6.3191611766815186,full_train_epoch_chunks,full train set chunked per epoch | validation=auto_stratified_validation | c_selection=f_mmd c_source=test c_metric=standardized_l2 | f_mmd_reserved_context=5% source=test | wise_ft=alpha0.1 rows=1024<2000,30,1,epoch_chunk,accuracy,0.835820895522388,0.8507462686567164,0.835820895522388,0.8507462686567164,6,True,False,,f_mmd,test,standardized_l2,5.953201854245889,1.8633966189541151,,True
stage1_graph_scm_0118_seed42,/home/crc00006699/zh/tabiclv2/results/tabiclv2_prior_data/graph_scm_3stage_512_seed42/stage1_graph_scm_0118_seed42,binclass,661,67,363,22,2,0.9146005509641874,0.914639555348343,0.9147820786345626,0.9721426394391954,0.2023071680644554,5.346831321716309,0.84519362449646,ok,,661,594,0,363,0.2196536809206009,True,0.1,True,12,1e-05,True,5.283833742141724,full_train_epoch_chunks,full train set chunked per epoch | validation=auto_stratified_validation | c_selection=f_mmd c_source=test c_metric=standardized_l2 | f_mmd_reserved_context=5% source=test | wise_ft=alpha0.1 rows=1024<2000,30,1,epoch_chunk,accuracy,0.9701492537313433,0.9850746268656716,0.9701492537313433,0.9850746268656716,4,True,False,,f_mmd,test,standardized_l2,3.7491054919499875,0.8862347090746697,,True
stage1_graph_scm_0119_seed42,/home/crc00006699/zh/tabiclv2/results/tabiclv2_prior_data/graph_scm_3stage_512_seed42/stage1_graph_scm_0119_seed42,multiclass,661,67,363,22,7,0.699724517906336,0.6895669001087404,0.5929247640115201,0.9262396997009186,0.7474205914238766,5.1755828857421875,0.8312547206878662,ok,,661,594,0,363,0.9411182999610901,True,0.1,True,12,1e-05,True,5.109334468841553,full_train_epoch_chunks,full train set chunked per epoch | validation=auto_stratified_validation | c_selection=f_mmd c_source=test c_metric=standardized_l2 | f_mmd_reserved_context=5% source=test | wise_ft=alpha0.1 rows=1024<2000,30,1,epoch_chunk,accuracy,0.6268656716417911,0.6567164179104478,0.6268656716417911,0.6567164179104478,4,True,False,,f_mmd,test,standardized_l2,2.3840249345682003,0.5304599213395934,,True
stage1_graph_scm_0120_seed42,/home/crc00006699/zh/tabiclv2/results/tabiclv2_prior_data/graph_scm_3stage_512_seed42/stage1_graph_scm_0120_seed42,multiclass,747,75,277,43,6,0.9963898916967509,0.9963832327354537,0.9940476190476191,0.9998326639892904,0.028768975271305758,5.506473541259766,1.1749742031097412,ok,,747,672,0,277,0.004060202627442777,True,0.1,True,8,1e-05,True,5.389707565307617,full_train_epoch_chunks,full train set chunked per epoch | validation=auto_stratified_validation | c_selection=f_mmd c_source=test c_metric=standardized_l2 | f_mmd_reserved_context=5% source=test | wise_ft=alpha0.1 rows=1024<2000,30,1,epoch_chunk,accuracy,0.9866666666666667,0.9866666666666667,0.9866666666666667,0.9866666666666667,0,True,False,,f_mmd,test,standardized_l2,2.0429085463202075,0.6120563313910186,,True
stage1_graph_scm_0121_seed42,/home/crc00006699/zh/tabiclv2/results/tabiclv2_prior_data/graph_scm_3stage_512_seed42/stage1_graph_scm_0121_seed42,multiclass,747,75,277,43,5,0.6498194945848376,0.6221832668963785,0.6587751035898229,0.9280032341877977,0.6139360131880206,7.937987804412842,1.4223928451538086,ok,,747,672,0,277,0.6576709747314453,True,0.1,True,13,1e-05,True,7.824454069137573,full_train_epoch_chunks,full train set chunked per epoch | validation=auto_stratified_validation | c_selection=f_mmd c_source=test c_metric=standardized_l2 | f_mmd_reserved_context=5% source=test | wise_ft=alpha0.1 rows=1024<2000,30,1,epoch_chunk,accuracy,0.6133333333333333,0.64,0.6133333333333333,0.64,5,True,False,,f_mmd,test,standardized_l2,1.807270220789137,0.14363803215799917,,True
stage1_graph_scm_0122_seed42,/home/crc00006699/zh/tabiclv2/results/tabiclv2_prior_data/graph_scm_3stage_512_seed42/stage1_graph_scm_0122_seed42,multiclass,747,75,277,43,4,1.0,1.0,1.0,1.0,4.2777659211730497e-07,5.196972370147705,1.1900205612182617,ok,,747,672,0,277,1.7467719430896977e-06,True,0.1,True,8,1e-05,True,5.063408136367798,full_train_epoch_chunks,full train set chunked per epoch | validation=auto_stratified_validation | c_selection=f_mmd c_source=test c_metric=standardized_l2 | f_mmd_reserved_context=5% source=test | wise_ft=alpha0.1 rows=1024<2000,30,1,epoch_chunk,accuracy,1.0,1.0,1.0,1.0,0,True,False,,f_mmd,test,standardized_l2,2.7417130622881194,0.0726952904176082,,True
stage1_graph_scm_0123_seed42,/home/crc00006699/zh/tabiclv2/results/tabiclv2_prior_data/graph_scm_3stage_512_seed42/stage1_graph_scm_0123_seed42,multiclass,747,75,277,43,5,1.0,1.0,1.0,1.0,6.304524796114031e-06,5.343665361404419,1.2224667072296143,ok,,747,672,0,277,8.985177828435553e-06,True,0.1,True,8,1e-05,True,5.237450122833252,full_train_epoch_chunks,full train set chunked per epoch | validation=auto_stratified_validation | c_selection=f_mmd c_source=test c_metric=standardized_l2 | f_mmd_reserved_context=5% source=test | wise_ft=alpha0.1 rows=1024<2000,30,1,epoch_chunk,accuracy,1.0,1.0,1.0,1.0,0,True,False,,f_mmd,test,standardized_l2,7.366582736758351,1.8463001201866522,,True
stage1_graph_scm_0124_seed42,/home/crc00006699/zh/tabiclv2/results/tabiclv2_prior_data/graph_scm_3stage_512_seed42/stage1_graph_scm_0124_seed42,binclass,751,76,273,59,2,1.0,1.0,1.0,1.0,3.5182375634773637e-06,6.586582660675049,1.584059715270996,ok,,751,675,0,273,9.121718278493063e-07,True,0.1,True,8,1e-05,True,6.4391303062438965,full_train_epoch_chunks,full train set chunked per epoch | validation=auto_stratified_validation | c_selection=f_mmd c_source=test c_metric=standardized_l2 | f_mmd_reserved_context=5% source=test | wise_ft=alpha0.1 rows=1024<2000,30,1,epoch_chunk,accuracy,1.0,1.0,1.0,1.0,0,True,False,,f_mmd,test,standardized_l2,3.194650293787868,0.3971963196352029,,True
stage1_graph_scm_0125_seed42,/home/crc00006699/zh/tabiclv2/results/tabiclv2_prior_data/graph_scm_3stage_512_seed42/stage1_graph_scm_0125_seed42,multiclass,751,76,273,59,7,0.9157509157509157,0.9122360356412696,0.874606831980104,0.9895665127019362,0.2532309770975698,6.1384851932525635,1.4396822452545166,ok,,751,675,0,273,0.22830167412757874,True,0.1,True,8,1e-05,True,5.993005990982056,full_train_epoch_chunks,full train set chunked per epoch | validation=auto_stratified_validation | c_selection=f_mmd c_source=test c_metric=standardized_l2 | f_mmd_reserved_context=5% source=test | wise_ft=alpha0.1 rows=1024<2000,30,1,epoch_chunk,accuracy,0.868421052631579,0.868421052631579,0.868421052631579,0.868421052631579,0,True,False,,f_mmd,test,standardized_l2,2.9080152172167546,0.32339590531879947,,True
stage1_graph_scm_0126_seed42,/home/crc00006699/zh/tabiclv2/results/tabiclv2_prior_data/graph_scm_3stage_512_seed42/stage1_graph_scm_0126_seed42,multiclass,751,76,273,59,8,0.4249084249084249,0.39440975587278954,0.3229053441869898,0.7835267359203631,1.526972536758332,6.180949449539185,1.4400389194488525,ok,,751,675,0,273,1.578387200832367,True,0.1,True,8,1e-05,True,6.0374414920806885,full_train_epoch_chunks,full train set chunked per epoch | validation=auto_stratified_validation | c_selection=f_mmd c_source=test c_metric=standardized_l2 | f_mmd_reserved_context=5% source=test | wise_ft=alpha0.1 rows=1024<2000,30,1,epoch_chunk,accuracy,0.4342105263157895,0.4342105263157895,0.4342105263157895,0.4342105263157895,0,True,False,,f_mmd,test,standardized_l2,3.430944015857142,1.470549457216473,,True
stage1_graph_scm_0127_seed42,/home/crc00006699/zh/tabiclv2/results/tabiclv2_prior_data/graph_scm_3stage_512_seed42/stage1_graph_scm_0127_seed42,multiclass,751,76,273,58,3,1.0,1.0,1.0,1.0,8.39712200092074e-07,6.0819690227508545,1.4135053157806396,ok,,751,675,0,273,1.5166070284067246e-06,True,0.1,True,8,1e-05,True,5.9382078647613525,full_train_epoch_chunks,full train set chunked per epoch | validation=auto_stratified_validation | c_selection=f_mmd c_source=test c_metric=standardized_l2 | f_mmd_reserved_context=5% source=test | wise_ft=alpha0.1 rows=1024<2000,30,1,epoch_chunk,accuracy,1.0,1.0,1.0,1.0,0,True,False,,f_mmd,test,standardized_l2,6.3411480532956706,5.38515372227401,,True
stage1_graph_scm_0128_seed42,/home/crc00006699/zh/tabiclv2/results/tabiclv2_prior_data/graph_scm_3stage_512_seed42/stage1_graph_scm_0128_seed42,multiclass,472,48,552,15,4,0.9927536231884058,0.9927516421887141,0.9914402797574469,0.9999580647440072,0.019254548651068883,3.2540173530578613,0.6863787174224854,ok,,472,424,0,552,0.02366226352751255,True,0.1,True,8,1e-05,True,3.208174228668213,full_train_epoch_chunks,full train set chunked per epoch | validation=auto_stratified_validation | c_selection=f_mmd c_source=test c_metric=standardized_l2 | f_mmd_reserved_context=5% source=test | wise_ft=alpha0.1 rows=1024<2000,30,1,epoch_chunk,accuracy,1.0,1.0,1.0,1.0,0,True,False,,f_mmd,test,standardized_l2,3.770844872516935,0.540250579012483,,True
stage1_graph_scm_0129_seed42,/home/crc00006699/zh/tabiclv2/results/tabiclv2_prior_data/graph_scm_3stage_512_seed42/stage1_graph_scm_0129_seed42,multiclass,472,48,552,15,4,0.625,0.6107297168191103,0.5050542944450508,0.7978306401300932,0.9248521685154429,3.5698797702789307,0.6970441341400146,ok,,472,424,0,552,0.924461156129837,True,0.1,True,8,1e-05,True,3.5250158309936523,full_train_epoch_chunks,full train set chunked per epoch | validation=auto_stratified_validation | c_selection=f_mmd c_source=test c_metric=standardized_l2 | f_mmd_reserved_context=5% source=test | wise_ft=alpha0.1 rows=1024<2000,30,1,epoch_chunk,accuracy,0.75,0.75,0.75,0.75,0,True,False,,f_mmd,test,standardized_l2,42453.890449163075,9.661637799977344,,True
stage1_graph_scm_0130_seed42,/home/crc00006699/zh/tabiclv2/results/tabiclv2_prior_data/graph_scm_3stage_512_seed42/stage1_graph_scm_0130_seed42,multiclass,472,48,552,15,3,0.8514492753623188,0.8415888296265672,0.6985846545830653,0.949838913994184,0.3124992151198958,3.222367286682129,0.703965425491333,ok,,472,424,0,552,0.34141889214515686,True,0.1,True,8,1e-05,True,3.178691864013672,full_train_epoch_chunks,full train set chunked per epoch | validation=auto_stratified_validation | c_selection=f_mmd c_source=test c_metric=standardized_l2 | f_mmd_reserved_context=5% source=test | wise_ft=alpha0.1 rows=1024<2000,30,1,epoch_chunk,accuracy,0.8333333333333334,0.8333333333333334,0.8333333333333334,0.8333333333333334,0,True,False,,f_mmd,test,standardized_l2,4.277507352750212,1.1613824912593627,,True
stage1_graph_scm_0131_seed42,/home/crc00006699/zh/tabiclv2/results/tabiclv2_prior_data/graph_scm_3stage_512_seed42/stage1_graph_scm_0131_seed42,binclass,472,48,552,11,2,1.0,1.0,1.0,1.0,1.7430550821548496e-05,2.9432499408721924,0.5983309745788574,ok,,472,424,0,552,1.2751136182487244e-06,True,0.1,True,8,1e-05,True,2.908447504043579,full_train_epoch_chunks,full train set chunked per epoch | validation=auto_stratified_validation | c_selection=f_mmd c_source=test c_metric=standardized_l2 | f_mmd_reserved_context=5% source=test | wise_ft=alpha0.1 rows=1024<2000,30,1,epoch_chunk,accuracy,1.0,1.0,1.0,1.0,0,True,False,,f_mmd,test,standardized_l2,5.72548555782059,1.8209321012595086,,True
stage1_graph_scm_0132_seed42,/home/crc00006699/zh/tabiclv2/results/tabiclv2_prior_data/graph_scm_3stage_512_seed42/stage1_graph_scm_0132_seed42,binclass,752,76,272,70,2,1.0,1.0,1.0,1.0,1.1690954482075855e-06,6.411887168884277,0.7376687526702881,ok,,752,676,0,272,2.2265645611696527e-06,True,0.1,True,8,1e-05,True,6.240647315979004,full_train_epoch_chunks,full train set chunked per epoch | validation=auto_stratified_validation | c_selection=f_mmd c_source=test c_metric=standardized_l2 | f_mmd_reserved_context=5% source=test | wise_ft=alpha0.1 rows=1024<2000,30,1,epoch_chunk,accuracy,1.0,1.0,1.0,1.0,0,True,False,,f_mmd,test,standardized_l2,1.6331360098646874,0.08848096103543171,,True
stage1_graph_scm_0133_seed42,/home/crc00006699/zh/tabiclv2/results/tabiclv2_prior_data/graph_scm_3stage_512_seed42/stage1_graph_scm_0133_seed42,multiclass,752,76,272,82,6,0.4485294117647059,0.3562429827099718,0.30358018381274193,0.7109213300270704,1.407549290316704,12.243499517440796,0.8346235752105713,ok,,752,676,0,272,1.4372293949127197,True,0.1,True,15,1e-05,True,12.033354759216309,full_train_epoch_chunks,full train set chunked per epoch | validation=auto_stratified_validation | c_selection=f_mmd c_source=test c_metric=standardized_l2 | f_mmd_reserved_context=5% source=test | wise_ft=alpha0.1 rows=1024<2000,30,1,epoch_chunk,accuracy,0.47368421052631576,0.4868421052631579,0.47368421052631576,0.4868421052631579,7,True,False,,f_mmd,test,standardized_l2,1.9832569211748874,0.4822963687801804,,True
stage1_graph_scm_0134_seed42,/home/crc00006699/zh/tabiclv2/results/tabiclv2_prior_data/graph_scm_3stage_512_seed42/stage1_graph_scm_0134_seed42,multiclass,752,76,272,88,5,0.5330882352941176,0.5156514227996367,0.4054027748760494,0.7825312767409918,1.156501013487627,11.170690774917603,0.8639264106750488,ok,,752,676,0,272,1.081085443496704,True,0.1,True,13,1e-05,True,10.953174591064453,full_train_epoch_chunks,full train set chunked per epoch | validation=auto_stratified_validation | c_selection=f_mmd c_source=test c_metric=standardized_l2 | f_mmd_reserved_context=5% source=test | wise_ft=alpha0.1 rows=1024<2000,30,1,epoch_chunk,accuracy,0.47368421052631576,0.4868421052631579,0.47368421052631576,0.4868421052631579,5,True,False,,f_mmd,test,standardized_l2,7.918246667992474,5.537382410751562,,True
stage1_graph_scm_0135_seed42,/home/crc00006699/zh/tabiclv2/results/tabiclv2_prior_data/graph_scm_3stage_512_seed42/stage1_graph_scm_0135_seed42,multiclass,752,76,272,88,3,0.9705882352941176,0.9691301820592194,0.8366796039209833,0.9937332506126699,0.08148911128135747,7.408600091934204,0.8650553226470947,ok,,752,676,0,272,0.03346667438745499,True,0.1,True,8,1e-05,True,7.196268558502197,full_train_epoch_chunks,full train set chunked per epoch | validation=auto_stratified_validation | c_selection=f_mmd c_source=test c_metric=standardized_l2 | f_mmd_reserved_context=5% source=test | wise_ft=alpha0.1 rows=1024<2000,30,1,epoch_chunk,accuracy,0.9736842105263158,0.9736842105263158,0.9736842105263158,0.9736842105263158,0,True,False,,f_mmd,test,standardized_l2,1.9784172404535112,0.2019871634947352,,True
stage1_graph_scm_0136_seed42,/home/crc00006699/zh/tabiclv2/results/tabiclv2_prior_data/graph_scm_3stage_512_seed42/stage1_graph_scm_0136_seed42,multiclass,771,78,253,43,7,0.9881422924901185,0.9881849824445372,0.9896825396825397,0.9999642519313297,0.027249696865521873,10.226779699325562,1.4068734645843506,ok,,771,693,0,253,0.021348536014556885,True,0.1,True,18,1e-05,True,10.115365743637085,full_train_epoch_chunks,full train set chunked per epoch | validation=auto_stratified_validation | c_selection=f_mmd c_source=test c_metric=standardized_l2 | f_mmd_reserved_context=5% source=test | wise_ft=alpha0.1 rows=1024<2000,30,1,epoch_chunk,accuracy,0.9358974358974359,0.9615384615384616,0.9358974358974359,0.9615384615384616,10,True,False,,f_mmd,test,standardized_l2,7.651449051422545,7.374453356092268,,True
stage1_graph_scm_0137_seed42,/home/crc00006699/zh/tabiclv2/results/tabiclv2_prior_data/graph_scm_3stage_512_seed42/stage1_graph_scm_0137_seed42,multiclass,771,78,253,43,5,1.0,1.0,1.0,1.0,0.0005617521346564056,5.560307025909424,1.1736116409301758,ok,,771,693,0,253,1.0398418908152962e-05,True,0.1,True,8,1e-05,True,5.447737693786621,full_train_epoch_chunks,full train set chunked per epoch | validation=auto_stratified_validation | c_selection=f_mmd c_source=test c_metric=standardized_l2 | f_mmd_reserved_context=5% source=test | wise_ft=alpha0.1 rows=1024<2000,30,1,epoch_chunk,accuracy,1.0,1.0,1.0,1.0,0,True,False,,f_mmd,test,standardized_l2,2.1360168054222246,0.17286987430325468,,True
stage1_graph_scm_0138_seed42,/home/crc00006699/zh/tabiclv2/results/tabiclv2_prior_data/graph_scm_3stage_512_seed42/stage1_graph_scm_0138_seed42,multiclass,771,78,253,42,5,0.5217391304347826,0.4833155501992693,0.4189787216890437,0.7666079813354786,1.2630355104019237,12.341447114944458,1.2802507877349854,ok,,771,693,0,253,1.3021461367607117,True,0.1,True,22,1e-05,True,12.229143857955933,full_train_epoch_chunks,full train set chunked per epoch | validation=auto_stratified_validation | c_selection=f_mmd c_source=test c_metric=standardized_l2 | f_mmd_reserved_context=5% source=test | wise_ft=alpha0.1 rows=1024<2000,30,1,epoch_chunk,accuracy,0.4358974358974359,0.5128205128205128,0.4358974358974359,0.5128205128205128,14,True,False,,f_mmd,test,standardized_l2,1.914474903199672,0.12241428933567858,,True
stage1_graph_scm_0139_seed42,/home/crc00006699/zh/tabiclv2/results/tabiclv2_prior_data/graph_scm_3stage_512_seed42/stage1_graph_scm_0139_seed42,multiclass,771,78,253,43,9,0.6798418972332015,0.6713731346921046,0.5049794589405859,0.9440146813247559,0.844724920154356,5.244541883468628,1.1848204135894775,ok,,771,693,0,253,0.8780079782009125,True,0.1,True,8,1e-05,True,5.128695011138916,full_train_epoch_chunks,full train set chunked per epoch | validation=auto_stratified_validation | c_selection=f_mmd c_source=test c_metric=standardized_l2 | f_mmd_reserved_context=5% source=test | wise_ft=alpha0.1 rows=1024<2000,30,1,epoch_chunk,accuracy,0.6666666666666666,0.6666666666666666,0.6666666666666666,0.6666666666666666,0,True,False,,f_mmd,test,standardized_l2,1.5156988427532825,0.053984820959332665,,True
stage1_graph_scm_0140_seed42,/home/crc00006699/zh/tabiclv2/results/tabiclv2_prior_data/graph_scm_3stage_512_seed42/stage1_graph_scm_0140_seed42,binclass,678,68,346,5,2,1.0,1.0,1.0,1.0,7.970837349173504e-07,2.964705228805542,0.3475496768951416,ok,,678,610,0,346,6.336657634165022e-07,True,0.1,True,8,1e-05,True,2.9387331008911133,full_train_epoch_chunks,full train set chunked per epoch | validation=auto_stratified_validation | c_selection=f_mmd c_source=test c_metric=standardized_l2 | f_mmd_reserved_context=5% source=test | wise_ft=alpha0.1 rows=1024<2000,30,1,epoch_chunk,accuracy,1.0,1.0,1.0,1.0,0,True,False,,f_mmd,test,standardized_l2,5.157777776272503,3.8647471282914196,,True
stage1_graph_scm_0141_seed42,/home/crc00006699/zh/tabiclv2/results/tabiclv2_prior_data/graph_scm_3stage_512_seed42/stage1_graph_scm_0141_seed42,multiclass,678,68,346,5,5,0.861271676300578,0.8566826626256279,0.709103987855433,0.9652181158644032,0.33410297977389186,2.7230379581451416,0.5261795520782471,ok,,678,610,0,346,0.3115026354789734,True,0.1,True,8,1e-05,True,2.696681022644043,full_train_epoch_chunks,full train set chunked per epoch | validation=auto_stratified_validation | c_selection=f_mmd c_source=test c_metric=standardized_l2 | f_mmd_reserved_context=5% source=test | wise_ft=alpha0.1 rows=1024<2000,30,1,epoch_chunk,accuracy,0.8235294117647058,0.8235294117647058,0.8235294117647058,0.8235294117647058,0,True,False,,f_mmd,test,standardized_l2,8.43034447715337,3.097193687003938,,True
stage1_graph_scm_0142_seed42,/home/crc00006699/zh/tabiclv2/results/tabiclv2_prior_data/graph_scm_3stage_512_seed42/stage1_graph_scm_0142_seed42,multiclass,678,68,346,5,8,0.43641618497109824,0.40461726825365024,0.3962028493428299,0.8305484471723609,1.3700407997104571,4.303404092788696,0.5625221729278564,ok,,678,610,0,346,1.2057835459709167,True,0.1,True,14,1e-05,True,4.273021221160889,full_train_epoch_chunks,full train set chunked per epoch | validation=auto_stratified_validation | c_selection=f_mmd c_source=test c_metric=standardized_l2 | f_mmd_reserved_context=5% source=test | wise_ft=alpha0.1 rows=1024<2000,30,1,epoch_chunk,accuracy,0.45588235294117646,0.4852941176470588,0.45588235294117646,0.4852941176470588,6,True,False,,f_mmd,test,standardized_l2,4.226031575850856,1.4036007431702942,,True
stage1_graph_scm_0143_seed42,/home/crc00006699/zh/tabiclv2/results/tabiclv2_prior_data/graph_scm_3stage_512_seed42/stage1_graph_scm_0143_seed42,multiclass,678,68,346,5,3,0.884393063583815,0.8751438443803092,0.7718797521246135,0.9526142881805436,0.32502974292892217,3.1893420219421387,0.5068597793579102,ok,,678,610,0,346,0.40457482635974884,True,0.1,True,8,1e-05,True,3.162806510925293,full_train_epoch_chunks,full train set chunked per epoch | validation=auto_stratified_validation | c_selection=f_mmd c_source=test c_metric=standardized_l2 | f_mmd_reserved_context=5% source=test | wise_ft=alpha0.1 rows=1024<2000,30,1,epoch_chunk,accuracy,0.8676470588235294,0.8676470588235294,0.8676470588235294,0.8676470588235294,0,True,False,,f_mmd,test,standardized_l2,7.336935952589041,2.554234371583497,,True
stage1_graph_scm_0144_seed42,/home/crc00006699/zh/tabiclv2/results/tabiclv2_prior_data/graph_scm_3stage_512_seed42/stage1_graph_scm_0144_seed42,binclass,345,35,679,98,2,0.9189985272459499,0.9142007940593861,0.7909233017297039,0.9420430217147517,0.2040435395976047,6.403297662734985,0.8995931148529053,ok,,345,310,0,679,0.2547534108161926,True,0.1,True,8,1e-05,True,6.209285497665405,full_train_epoch_chunks,full train set chunked per epoch | validation=auto_stratified_validation | c_selection=f_mmd c_source=test c_metric=standardized_l2 | f_mmd_reserved_context=5% source=test | wise_ft=alpha0.1 rows=1024<2000,30,1,epoch_chunk,accuracy,0.7714285714285715,0.7714285714285715,0.7714285714285715,0.7714285714285715,0,True,False,,f_mmd,test,standardized_l2,1.611988957259388,0.06834665726976062,,True
stage1_graph_scm_0145_seed42,/home/crc00006699/zh/tabiclv2/results/tabiclv2_prior_data/graph_scm_3stage_512_seed42/stage1_graph_scm_0145_seed42,multiclass,345,35,679,98,5,0.812960235640648,0.8138922126159841,0.7978851874511111,0.9736472803879016,0.4217315181219575,6.538026571273804,0.9353063106536865,ok,,345,310,0,679,0.48686128854751587,True,0.1,True,8,1e-05,True,6.341337442398071,full_train_epoch_chunks,full train set chunked per epoch | validation=auto_stratified_validation | c_selection=f_mmd c_source=test c_metric=standardized_l2 | f_mmd_reserved_context=5% source=test | wise_ft=alpha0.1 rows=1024<2000,30,1,epoch_chunk,accuracy,0.9142857142857143,0.9142857142857143,0.9142857142857143,0.9142857142857143,0,True,False,,f_mmd,test,standardized_l2,1.744799328698701,0.05772294862500438,,True
stage1_graph_scm_0146_seed42,/home/crc00006699/zh/tabiclv2/results/tabiclv2_prior_data/graph_scm_3stage_512_seed42/stage1_graph_scm_0146_seed42,multiclass,345,35,679,98,3,0.6863033873343152,0.6837071670799554,0.6589120274826805,0.8609623199915036,0.684540118672954,7.4175426959991455,0.8963696956634521,ok,,345,310,0,679,0.5873019099235535,True,0.1,True,8,1e-05,True,7.2333984375,full_train_epoch_chunks,full train set chunked per epoch | validation=auto_stratified_validation | c_selection=f_mmd c_source=test c_metric=standardized_l2 | f_mmd_reserved_context=5% source=test | wise_ft=alpha0.1 rows=1024<2000,30,1,epoch_chunk,accuracy,0.6285714285714286,0.6285714285714286,0.6285714285714286,0.6285714285714286,0,True,False,,f_mmd,test,standardized_l2,3.2742836287948083,0.1287043474651898,,True
stage1_graph_scm_0147_seed42,/home/crc00006699/zh/tabiclv2/results/tabiclv2_prior_data/graph_scm_3stage_512_seed42/stage1_graph_scm_0147_seed42,multiclass,345,35,679,98,3,0.9278350515463918,0.9237059509783454,0.846052445228835,0.9604805104280381,0.22574310650310633,10.290883779525757,0.896597146987915,ok,,345,310,0,679,0.08208072558045387,True,0.1,True,14,1e-05,True,10.086475372314453,full_train_epoch_chunks,full train set chunked per epoch | validation=auto_stratified_validation | c_selection=f_mmd c_source=test c_metric=standardized_l2 | f_mmd_reserved_context=5% source=test | wise_ft=alpha0.1 rows=1024<2000,30,1,epoch_chunk,accuracy,0.8857142857142857,0.9142857142857143,0.8857142857142857,0.9142857142857143,6,True,False,,f_mmd,test,standardized_l2,5.825228416081047,1.6069855637985802,,True
stage1_graph_scm_0148_seed42,/home/crc00006699/zh/tabiclv2/results/tabiclv2_prior_data/graph_scm_3stage_512_seed42/stage1_graph_scm_0148_seed42,binclass,381,39,643,17,2,1.0,1.0,1.0,1.0,1.8714890373180726e-05,3.7386555671691895,0.6696677207946777,ok,,381,342,0,643,1.240302538008109e-06,True,0.1,True,8,1e-05,True,3.6929078102111816,full_train_epoch_chunks,full train set chunked per epoch | validation=auto_stratified_validation | c_selection=f_mmd c_source=test c_metric=standardized_l2 | f_mmd_reserved_context=5% source=test | wise_ft=alpha0.1 rows=1024<2000,30,1,epoch_chunk,accuracy,1.0,1.0,1.0,1.0,0,True,False,,f_mmd,test,standardized_l2,2.697278194580055,0.2290961524184708,,True
stage1_graph_scm_0149_seed42,/home/crc00006699/zh/tabiclv2/results/tabiclv2_prior_data/graph_scm_3stage_512_seed42/stage1_graph_scm_0149_seed42,multiclass,381,39,643,21,4,0.536547433903577,0.5011839563155467,0.491644449723718,0.7631182637542775,1.0555404382062044,3.5132834911346436,0.7486178874969482,ok,,381,342,0,643,1.1476656198501587,True,0.1,True,8,1e-05,True,3.457343339920044,full_train_epoch_chunks,full train set chunked per epoch | validation=auto_stratified_validation | c_selection=f_mmd c_source=test c_metric=standardized_l2 | f_mmd_reserved_context=5% source=test | wise_ft=alpha0.1 rows=1024<2000,30,1,epoch_chunk,accuracy,0.5128205128205128,0.5128205128205128,0.5128205128205128,0.5128205128205128,0,True,False,,f_mmd,test,standardized_l2,2.8288454380341417,0.3008690840741567,,True
stage1_graph_scm_0150_seed42,/home/crc00006699/zh/tabiclv2/results/tabiclv2_prior_data/graph_scm_3stage_512_seed42/stage1_graph_scm_0150_seed42,multiclass,381,39,643,21,10,0.23950233281493002,0.21894074130537483,0.24267667850692312,0.7703278264477235,1.8648544012839567,3.5365264415740967,0.7329971790313721,ok,,381,342,0,643,1.8125897645950317,True,0.1,True,8,1e-05,True,3.4814393520355225,full_train_epoch_chunks,full train set chunked per epoch | validation=auto_stratified_validation | c_selection=f_mmd c_source=test c_metric=standardized_l2 | f_mmd_reserved_context=5% source=test | wise_ft=alpha0.1 rows=1024<2000,30,1,epoch_chunk,accuracy,0.3076923076923077,0.3076923076923077,0.3076923076923077,0.3076923076923077,0,True,False,,f_mmd,test,standardized_l2,4.178339400977797,1.003200516315203,,True
stage1_graph_scm_0151_seed42,/home/crc00006699/zh/tabiclv2/results/tabiclv2_prior_data/graph_scm_3stage_512_seed42/stage1_graph_scm_0151_seed42,binclass,381,39,643,21,2,1.0,1.0,1.0,1.0,0.0009135327693211178,3.323185682296753,0.7327697277069092,ok,,381,342,0,643,1.7635962308304443e-06,True,0.1,True,8,1e-05,True,3.2701380252838135,full_train_epoch_chunks,full train set chunked per epoch | validation=auto_stratified_validation | c_selection=f_mmd c_source=test c_metric=standardized_l2 | f_mmd_reserved_context=5% source=test | wise_ft=alpha0.1 rows=1024<2000,30,1,epoch_chunk,accuracy,1.0,1.0,1.0,1.0,0,True,False,,f_mmd,test,standardized_l2,1.8238428886876836,0.1653776013682631,,True
stage1_graph_scm_0152_seed42,/home/crc00006699/zh/tabiclv2/results/tabiclv2_prior_data/graph_scm_3stage_512_seed42/stage1_graph_scm_0152_seed42,binclass,592,60,432,75,2,0.9606481481481481,0.9606420054779162,0.9603314679294016,0.994059405940594,0.10306145761690007,6.851804971694946,0.7707102298736572,ok,,592,532,0,432,0.054046785458922386,True,0.1,True,8,1e-05,True,6.679505348205566,full_train_epoch_chunks,full train set chunked per epoch | validation=auto_stratified_validation | c_selection=f_mmd c_source=test c_metric=standardized_l2 | f_mmd_reserved_context=5% source=test | wise_ft=alpha0.1 rows=1024<2000,30,1,epoch_chunk,accuracy,0.9833333333333333,0.9833333333333333,0.9833333333333333,0.9833333333333333,0,True,False,,f_mmd,test,standardized_l2,1.752256545060264,0.12844260970734697,,True
stage1_graph_scm_0153_seed42,/home/crc00006699/zh/tabiclv2/results/tabiclv2_prior_data/graph_scm_3stage_512_seed42/stage1_graph_scm_0153_seed42,multiclass,592,60,432,79,6,0.9375,0.9374698488981501,0.8618827724326446,0.9955328235963342,0.15045746789924766,6.3596577644348145,0.7966969013214111,ok,,592,532,0,432,0.12941012531518936,True,0.1,True,8,1e-05,True,6.175481557846069,full_train_epoch_chunks,full train set chunked per epoch | validation=auto_stratified_validation | c_selection=f_mmd c_source=test c_metric=standardized_l2 | f_mmd_reserved_context=5% source=test | wise_ft=alpha0.1 rows=1024<2000,30,1,epoch_chunk,accuracy,0.9166666666666666,0.9166666666666666,0.9166666666666666,0.9166666666666666,0,True,False,,f_mmd,test,standardized_l2,2.274176350363354,0.201125865376132,,True
stage1_graph_scm_0154_seed42,/home/crc00006699/zh/tabiclv2/results/tabiclv2_prior_data/graph_scm_3stage_512_seed42/stage1_graph_scm_0154_seed42,multiclass,592,60,432,79,4,0.9884259259259259,0.9884422868693306,0.9863897632265952,0.9996664138084465,0.03455517601068246,6.431012153625488,0.7912085056304932,ok,,592,532,0,432,0.020239733159542084,True,0.1,True,8,1e-05,True,6.24295449256897,full_train_epoch_chunks,full train set chunked per epoch | validation=auto_stratified_validation | c_selection=f_mmd c_source=test c_metric=standardized_l2 | f_mmd_reserved_context=5% source=test | wise_ft=alpha0.1 rows=1024<2000,30,1,epoch_chunk,accuracy,0.9833333333333333,0.9833333333333333,0.9833333333333333,0.9833333333333333,0,True,False,,f_mmd,test,standardized_l2,46.583524675712226,4.433084966998271,,True
stage1_graph_scm_0155_seed42,/home/crc00006699/zh/tabiclv2/results/tabiclv2_prior_data/graph_scm_3stage_512_seed42/stage1_graph_scm_0155_seed42,binclass,592,60,432,67,2,1.0,1.0,1.0,1.0,0.000227487325081426,6.235249996185303,0.7183215618133545,ok,,592,532,0,432,3.5758288504439406e-05,True,0.1,True,8,1e-05,True,6.0900044441223145,full_train_epoch_chunks,full train set chunked per epoch | validation=auto_stratified_validation | c_selection=f_mmd c_source=test c_metric=standardized_l2 | f_mmd_reserved_context=5% source=test | wise_ft=alpha0.1 rows=1024<2000,30,1,epoch_chunk,accuracy,1.0,1.0,1.0,1.0,0,True,False,,f_mmd,test,standardized_l2,5.304572420710293,2.3155633232178263,,True
stage1_graph_scm_0156_seed42,/home/crc00006699/zh/tabiclv2/results/tabiclv2_prior_data/graph_scm_3stage_512_seed42/stage1_graph_scm_0156_seed42,multiclass,521,53,503,83,3,0.9980119284294234,0.9980095911068672,0.9966329966329966,0.9999719473313452,0.010656205091172408,6.215919494628906,0.7958879470825195,ok,,521,468,0,503,0.034079281613230705,True,0.1,True,8,1e-05,True,6.0352466106414795,full_train_epoch_chunks,full train set chunked per epoch | validation=auto_stratified_validation | c_selection=f_mmd c_source=test c_metric=standardized_l2 | f_mmd_reserved_context=5% source=test | wise_ft=alpha0.1 rows=1024<2000,30,1,epoch_chunk,accuracy,1.0,1.0,1.0,1.0,0,True,False,,f_mmd,test,standardized_l2,8.627020016080643,0.9126165001661819,,True
stage1_graph_scm_0157_seed42,/home/crc00006699/zh/tabiclv2/results/tabiclv2_prior_data/graph_scm_3stage_512_seed42/stage1_graph_scm_0157_seed42,multiclass,521,53,503,83,3,0.9900596421471173,0.9900556814571599,0.9911236424394319,0.9999325654706644,0.012792782586480169,6.404916524887085,0.8950114250183105,ok,,521,468,0,503,0.0005279426841298118,True,0.1,True,8,1e-05,True,6.203361511230469,full_train_epoch_chunks,full train set chunked per epoch | validation=auto_stratified_validation | c_selection=f_mmd c_source=test c_metric=standardized_l2 | f_mmd_reserved_context=5% source=test | wise_ft=alpha0.1 rows=1024<2000,30,1,epoch_chunk,accuracy,1.0,1.0,1.0,1.0,0,True,False,,f_mmd,test,standardized_l2,3.1773425830273343,0.2523402709761427,,True
stage1_graph_scm_0158_seed42,/home/crc00006699/zh/tabiclv2/results/tabiclv2_prior_data/graph_scm_3stage_512_seed42/stage1_graph_scm_0158_seed42,multiclass,521,53,503,83,8,0.5785288270377733,0.5447451860751594,0.4620261336832544,0.903636429651469,1.0351034242626236,8.823314189910889,0.7986648082733154,ok,,521,468,0,503,1.0240933299064636,True,0.1,True,11,1e-05,True,8.639120817184448,full_train_epoch_chunks,full train set chunked per epoch | validation=auto_stratified_validation | c_selection=f_mmd c_source=test c_metric=standardized_l2 | f_mmd_reserved_context=5% source=test | wise_ft=alpha0.1 rows=1024<2000,30,1,epoch_chunk,accuracy,0.49056603773584906,0.5094339622641509,0.49056603773584906,0.5094339622641509,3,True,False,,f_mmd,test,standardized_l2,2.9802075049715313,0.7197475448274686,,True
stage1_graph_scm_0159_seed42,/home/crc00006699/zh/tabiclv2/results/tabiclv2_prior_data/graph_scm_3stage_512_seed42/stage1_graph_scm_0159_seed42,binclass,521,53,503,72,2,1.0,1.0,1.0,1.0,2.899298875601669e-06,5.864922523498535,0.7330269813537598,ok,,521,468,0,503,8.27415021831257e-07,True,0.1,True,8,1e-05,True,5.698848485946655,full_train_epoch_chunks,full train set chunked per epoch | validation=auto_stratified_validation | c_selection=f_mmd c_source=test c_metric=standardized_l2 | f_mmd_reserved_context=5% source=test | wise_ft=alpha0.1 rows=1024<2000,30,1,epoch_chunk,accuracy,1.0,1.0,1.0,1.0,0,True,False,,f_mmd,test,standardized_l2,3.665756989340844,1.613276340628846,,True
stage1_graph_scm_0160_seed42,/home/crc00006699/zh/tabiclv2/results/tabiclv2_prior_data/graph_scm_3stage_512_seed42/stage1_graph_scm_0160_seed42,multiclass,483,49,541,63,5,0.5545286506469501,0.5482919017162693,0.5376352821296246,0.824766061121783,1.1498086360280386,12.800151586532593,0.6809659004211426,ok,,483,434,0,541,1.1386051177978516,True,0.1,True,21,1e-05,True,12.659513711929321,full_train_epoch_chunks,full train set chunked per epoch | validation=auto_stratified_validation | c_selection=f_mmd c_source=test c_metric=standardized_l2 | f_mmd_reserved_context=5% source=test | wise_ft=alpha0.1 rows=1024<2000,30,1,epoch_chunk,accuracy,0.3877551020408163,0.46938775510204084,0.3877551020408163,0.46938775510204084,13,True,False,,f_mmd,test,standardized_l2,1.5903557926327603,0.05125058303791228,,True
stage1_graph_scm_0161_seed42,/home/crc00006699/zh/tabiclv2/results/tabiclv2_prior_data/graph_scm_3stage_512_seed42/stage1_graph_scm_0161_seed42,multiclass,483,49,541,70,8,0.988909426987061,0.9889088001096082,0.9823169778278138,0.999922045289631,0.03698225442761321,5.556751728057861,0.7574160099029541,ok,,483,434,0,541,0.027050869539380074,True,0.1,True,8,1e-05,True,5.409183740615845,full_train_epoch_chunks,full train set chunked per epoch | validation=auto_stratified_validation | c_selection=f_mmd c_source=test c_metric=standardized_l2 | f_mmd_reserved_context=5% source=test | wise_ft=alpha0.1 rows=1024<2000,30,1,epoch_chunk,accuracy,0.9795918367346939,0.9795918367346939,0.9795918367346939,0.9795918367346939,0,True,False,,f_mmd,test,standardized_l2,3.5318844455644522,0.7726404632682761,,True
stage1_graph_scm_0162_seed42,/home/crc00006699/zh/tabiclv2/results/tabiclv2_prior_data/graph_scm_3stage_512_seed42/stage1_graph_scm_0162_seed42,multiclass,483,49,541,70,6,1.0,1.0,1.0,1.0,0.00017939198907848482,6.411689043045044,0.75132155418396,ok,,483,434,0,541,1.915249686135212e-05,True,0.1,True,8,1e-05,True,6.265241861343384,full_train_epoch_chunks,full train set chunked per epoch | validation=auto_stratified_validation | c_selection=f_mmd c_source=test c_metric=standardized_l2 | f_mmd_reserved_context=5% source=test | wise_ft=alpha0.1 rows=1024<2000,30,1,epoch_chunk,accuracy,1.0,1.0,1.0,1.0,0,True,False,,f_mmd,test,standardized_l2,2.692632724073636,0.19664956582399354,,True
stage1_graph_scm_0163_seed42,/home/crc00006699/zh/tabiclv2/results/tabiclv2_prior_data/graph_scm_3stage_512_seed42/stage1_graph_scm_0163_seed42,multiclass,483,49,541,70,6,0.5027726432532348,0.47344073503748185,0.41070909262146826,0.8105900091106419,1.281146406049978,5.52309513092041,0.7505712509155273,ok,,483,434,0,541,1.479243814945221,True,0.1,True,8,1e-05,True,5.372727155685425,full_train_epoch_chunks,full train set chunked per epoch | validation=auto_stratified_validation | c_selection=f_mmd c_source=test c_metric=standardized_l2 | f_mmd_reserved_context=5% source=test | wise_ft=alpha0.1 rows=1024<2000,30,1,epoch_chunk,accuracy,0.4897959183673469,0.4897959183673469,0.4897959183673469,0.4897959183673469,0,True,False,,f_mmd,test,standardized_l2,1.6953850332367812,0.1321633988880216,,True
stage1_graph_scm_0164_seed42,/home/crc00006699/zh/tabiclv2/results/tabiclv2_prior_data/graph_scm_3stage_512_seed42/stage1_graph_scm_0164_seed42,binclass,509,51,515,33,2,0.9728155339805825,0.9727883635114714,0.9719954648526077,0.9969009826152684,0.0799238250866504,4.154331207275391,0.9611616134643555,ok,,509,458,0,515,0.12123316153883934,True,0.1,True,8,1e-05,True,4.071646451950073,full_train_epoch_chunks,full train set chunked per epoch | validation=auto_stratified_validation | c_selection=f_mmd c_source=test c_metric=standardized_l2 | f_mmd_reserved_context=5% source=test | wise_ft=alpha0.1 rows=1024<2000,30,1,epoch_chunk,accuracy,0.9607843137254902,0.9607843137254902,0.9607843137254902,0.9607843137254902,0,True,False,,f_mmd,test,standardized_l2,5.352099331779355,1.7667111814895788,,True
stage1_graph_scm_0165_seed42,/home/crc00006699/zh/tabiclv2/results/tabiclv2_prior_data/graph_scm_3stage_512_seed42/stage1_graph_scm_0165_seed42,multiclass,509,51,515,33,7,0.5262135922330097,0.4086705245086431,0.21705215419501137,0.6277015255981604,1.3735348218481096,4.001582860946655,0.9585437774658203,ok,,509,458,0,515,1.3772630095481873,True,0.1,True,8,1e-05,True,3.918245792388916,full_train_epoch_chunks,full train set chunked per epoch | validation=auto_stratified_validation | c_selection=f_mmd c_source=test c_metric=standardized_l2 | f_mmd_reserved_context=5% source=test | wise_ft=alpha0.1 rows=1024<2000,30,1,epoch_chunk,accuracy,0.5490196078431373,0.5490196078431373,0.5490196078431373,0.5490196078431373,0,True,False,,f_mmd,test,standardized_l2,3.302966281876408,0.42558339506765597,,True
stage1_graph_scm_0166_seed42,/home/crc00006699/zh/tabiclv2/results/tabiclv2_prior_data/graph_scm_3stage_512_seed42/stage1_graph_scm_0166_seed42,multiclass,509,51,515,33,5,0.996116504854369,0.9961490777818026,0.9960499147140677,0.9999905437352247,0.006453759019427651,6.0648438930511475,0.9706230163574219,ok,,509,458,0,515,0.005899061914533377,True,0.1,True,12,1e-05,True,5.981816530227661,full_train_epoch_chunks,full train set chunked per epoch | validation=auto_stratified_validation | c_selection=f_mmd c_source=test c_metric=standardized_l2 | f_mmd_reserved_context=5% source=test | wise_ft=alpha0.1 rows=1024<2000,30,1,epoch_chunk,accuracy,0.9803921568627451,1.0,0.9803921568627451,1.0,4,True,False,,f_mmd,test,standardized_l2,2.249770003786081,0.37373502231545214,,True
stage1_graph_scm_0167_seed42,/home/crc00006699/zh/tabiclv2/results/tabiclv2_prior_data/graph_scm_3stage_512_seed42/stage1_graph_scm_0167_seed42,multiclass,509,51,515,31,7,0.6504854368932039,0.6256703143051522,0.5742430449615867,0.9334651612799469,0.7734734242864105,4.018110036849976,0.9533841609954834,ok,,509,458,0,515,0.809947669506073,True,0.1,True,8,1e-05,True,3.939361095428467,full_train_epoch_chunks,full train set chunked per epoch | validation=auto_stratified_validation | c_selection=f_mmd c_source=test c_metric=standardized_l2 | f_mmd_reserved_context=5% source=test | wise_ft=alpha0.1 rows=1024<2000,30,1,epoch_chunk,accuracy,0.6470588235294118,0.6470588235294118,0.6470588235294118,0.6470588235294118,0,True,False,,f_mmd,test,standardized_l2,2.4133581193685463,1.2801593623811611,,True
stage1_graph_scm_0168_seed42,/home/crc00006699/zh/tabiclv2/results/tabiclv2_prior_data/graph_scm_3stage_512_seed42/stage1_graph_scm_0168_seed42,multiclass,721,73,303,31,8,0.8316831683168316,0.8128977146150067,0.5569450571434433,0.9723780261981463,0.4250479316610953,4.277708530426025,1.0047667026519775,ok,,721,648,0,303,0.4828280359506607,True,0.1,True,8,1e-05,True,4.194680452346802,full_train_epoch_chunks,full train set chunked per epoch | validation=auto_stratified_validation | c_selection=f_mmd c_source=test c_metric=standardized_l2 | f_mmd_reserved_context=5% source=test | wise_ft=alpha0.1 rows=1024<2000,30,1,epoch_chunk,accuracy,0.8356164383561644,0.8356164383561644,0.8356164383561644,0.8356164383561644,0,True,False,,f_mmd,test,standardized_l2,4.738131208507576,0.5346749109651313,,True
stage1_graph_scm_0169_seed42,/home/crc00006699/zh/tabiclv2/results/tabiclv2_prior_data/graph_scm_3stage_512_seed42/stage1_graph_scm_0169_seed42,multiclass,721,73,303,31,9,0.47854785478547857,0.38584392789892147,0.3443278147579223,0.8355987378674725,1.3322163138607936,5.1453893184661865,0.9948515892028809,ok,,721,648,0,303,1.400787353515625,True,0.1,True,8,1e-05,True,5.0597450733184814,full_train_epoch_chunks,full train set chunked per epoch | validation=auto_stratified_validation | c_selection=f_mmd c_source=test c_metric=standardized_l2 | f_mmd_reserved_context=5% source=test | wise_ft=alpha0.1 rows=1024<2000,30,1,epoch_chunk,accuracy,0.4383561643835616,0.4383561643835616,0.4383561643835616,0.4383561643835616,0,True,False,,f_mmd,test,standardized_l2,2.0321107350909817,0.1347115066025553,,True
stage1_graph_scm_0170_seed42,/home/crc00006699/zh/tabiclv2/results/tabiclv2_prior_data/graph_scm_3stage_512_seed42/stage1_graph_scm_0170_seed42,multiclass,721,73,303,31,7,0.5577557755775577,0.5247309496029725,0.501104985719817,0.8083767135218982,1.185822355543212,4.203513860702515,0.998429536819458,ok,,721,648,0,303,1.4557219743728638,True,0.1,True,8,1e-05,True,4.1193883419036865,full_train_epoch_chunks,full train set chunked per epoch | validation=auto_stratified_validation | c_selection=f_mmd c_source=test c_metric=standardized_l2 | f_mmd_reserved_context=5% source=test | wise_ft=alpha0.1 rows=1024<2000,30,1,epoch_chunk,accuracy,0.547945205479452,0.547945205479452,0.547945205479452,0.547945205479452,0,True,False,,f_mmd,test,standardized_l2,1.734976269303397,0.10840534360367876,,True
stage2_graph_scm_0000_seed42,/home/crc00006699/zh/tabiclv2/results/tabiclv2_prior_data/graph_scm_3stage_512_seed42/stage2_graph_scm_0000_seed42,multiclass,1448,145,344,58,7,0.9447674418604651,0.9451712571634896,0.9184102429457474,0.9966278655007844,0.1571569083081831,6.899582386016846,1.0543909072875977,ok,,1448,1303,0,344,0.125013068318367,True,0.1,True,8,1e-05,True,6.7326624393463135,full_train_epoch_chunks,full train set chunked per epoch | validation=auto_stratified_validation | c_selection=f_mmd c_source=test c_metric=standardized_l2 | f_mmd_reserved_context=5% source=test | wise_ft=alpha0.1 rows=1792<2000,30,1,epoch_chunk,accuracy,0.9103448275862069,0.9103448275862069,0.9103448275862069,0.9103448275862069,0,True,False,,f_mmd,test,standardized_l2,4.536636815076884,5.043162743514054,,True
stage2_graph_scm_0001_seed42,/home/crc00006699/zh/tabiclv2/results/tabiclv2_prior_data/graph_scm_3stage_512_seed42/stage2_graph_scm_0001_seed42,binclass,5203,521,1266,41,2,1.0,1.0,1.0,1.0,2.1718505116442587e-07,11.509783506393433,2.9013864994049072,ok,,5203,4682,0,1266,6.439976232286426e-07,True,0.1,False,8,1e-05,True,11.214088678359985,full_train_epoch_chunks,full train set chunked per epoch | validation=auto_stratified_validation | c_selection=f_mmd c_source=test c_metric=standardized_l2 | f_mmd_reserved_context=5% source=test | wise_ft_skipped rows=6469>=2000,30,1,epoch_chunk,accuracy,1.0,1.0,1.0,1.0,0,True,False,,f_mmd,test,standardized_l2,1.9890766405345814,0.12180265388823189,,True
stage2_graph_scm_0002_seed42,/home/crc00006699/zh/tabiclv2/results/tabiclv2_prior_data/graph_scm_3stage_512_seed42/stage2_graph_scm_0002_seed42,binclass,3427,343,836,41,2,1.0,1.0,1.0,1.0,3.468627030241235e-07,8.43720293045044,2.0145795345306396,ok,,3427,3084,0,836,7.757312232570257e-07,True,0.1,False,8,1e-05,True,8.229596614837646,full_train_epoch_chunks,full train set chunked per epoch | validation=auto_stratified_validation | c_selection=f_mmd c_source=test c_metric=standardized_l2 | f_mmd_reserved_context=5% source=test | wise_ft_skipped rows=4263>=2000,30,1,epoch_chunk,accuracy,1.0,1.0,1.0,1.0,0,True,False,,f_mmd,test,standardized_l2,3.4944589794427245,0.8601857609736381,,True
stage2_graph_scm_0003_seed42,/home/crc00006699/zh/tabiclv2/results/tabiclv2_prior_data/graph_scm_3stage_512_seed42/stage2_graph_scm_0003_seed42,multiclass,535,54,136,5,3,0.5294117647058824,0.517738547031716,0.47943469785575044,0.7200606266601332,0.8822092971367254,4.162299394607544,0.3900492191314697,ok,,535,481,0,136,0.8245022892951965,True,0.1,True,14,1e-05,True,4.135517597198486,full_train_epoch_chunks,full train set chunked per epoch | validation=auto_stratified_validation | c_selection=f_mmd c_source=test c_metric=standardized_l2 | f_mmd_reserved_context=5% source=test | wise_ft=alpha0.1 rows=671<2000,30,1,epoch_chunk,accuracy,0.6111111111111112,0.6481481481481481,0.6111111111111112,0.6481481481481481,6,True,False,,f_mmd,test,standardized_l2,2.564577293704888,0.324547584546258,,True
stage2_graph_scm_0004_seed42,/home/crc00006699/zh/tabiclv2/results/tabiclv2_prior_data/graph_scm_3stage_512_seed42/stage2_graph_scm_0004_seed42,multiclass,601,61,147,80,6,1.0,1.0,1.0,1.0,0.00012868962255545993,6.52986478805542,0.6649610996246338,ok,,601,540,0,147,7.699705975028337e-05,True,0.1,True,8,1e-05,True,6.348523378372192,full_train_epoch_chunks,full train set chunked per epoch | validation=auto_stratified_validation | c_selection=f_mmd c_source=test c_metric=standardized_l2 | f_mmd_reserved_context=5% source=test | wise_ft=alpha0.1 rows=748<2000,30,1,epoch_chunk,accuracy,1.0,1.0,1.0,1.0,0,True,False,,f_mmd,test,standardized_l2,3.9506008382865585,0.05036471675568077,,True
stage2_graph_scm_0005_seed42,/home/crc00006699/zh/tabiclv2/results/tabiclv2_prior_data/graph_scm_3stage_512_seed42/stage2_graph_scm_0005_seed42,multiclass,849,85,205,70,5,0.3951219512195122,0.3937670865719646,0.38101557126588415,0.6967317350903446,1.452197549790009,15.440521955490112,0.7606508731842041,ok,,849,764,0,205,1.452056884765625,True,0.1,True,20,1e-05,True,15.25276780128479,full_train_epoch_chunks,full train set chunked per epoch | validation=auto_stratified_validation | c_selection=f_mmd c_source=test c_metric=standardized_l2 | f_mmd_reserved_context=5% source=test | wise_ft=alpha0.1 rows=1054<2000,30,1,epoch_chunk,accuracy,0.4117647058823529,0.43529411764705883,0.4117647058823529,0.43529411764705883,12,True,False,,f_mmd,test,standardized_l2,1.9153529902753041,0.2648778736719203,,True
stage2_graph_scm_0006_seed42,/home/crc00006699/zh/tabiclv2/results/tabiclv2_prior_data/graph_scm_3stage_512_seed42/stage2_graph_scm_0006_seed42,multiclass,6680,668,1584,71,3,0.9551767676767676,0.9439684862010712,0.7251291640395506,0.9824181787311329,0.11198832658422997,55.13172721862793,5.9434919357299805,ok,,6680,6012,0,1584,0.08662949502468109,True,0.1,False,24,1e-05,True,54.585124254226685,full_train_epoch_chunks,full train set chunked per epoch | validation=auto_stratified_validation | c_selection=f_mmd c_source=test c_metric=standardized_l2 | f_mmd_reserved_context=5% source=test | wise_ft_skipped rows=8264>=2000,30,1,epoch_chunk,accuracy,0.9580838323353293,0.9640718562874252,0.9580838323353293,0.9640718562874252,16,True,False,,f_mmd,test,standardized_l2,2.239159913161049,0.27062310258144845,,True
stage2_graph_scm_0007_seed42,/home/crc00006699/zh/tabiclv2/results/tabiclv2_prior_data/graph_scm_3stage_512_seed42/stage2_graph_scm_0007_seed42,multiclass,1930,193,488,75,7,0.735655737704918,0.7340868399834867,0.717301097520508,0.9554399423567776,0.3694584750559811,13.949281930923462,1.5838541984558105,ok,,1930,1737,0,488,0.539138451218605,True,0.1,False,12,1e-05,True,13.693430662155151,full_train_epoch_chunks,full train set chunked per epoch | validation=auto_stratified_validation | c_selection=f_mmd c_source=test c_metric=standardized_l2 | f_mmd_reserved_context=5% source=test | wise_ft_skipped rows=2418>=2000,30,1,epoch_chunk,accuracy,0.7357512953367875,0.7616580310880829,0.7357512953367875,0.7616580310880829,4,True,False,,f_mmd,test,standardized_l2,4.526907882355423,1.281341134402355,,True
stage2_graph_scm_0008_seed42,/home/crc00006699/zh/tabiclv2/results/tabiclv2_prior_data/graph_scm_3stage_512_seed42/stage2_graph_scm_0008_seed42,multiclass,6852,686,1766,53,7,0.9326160815402038,0.9324554733678025,0.9282997919493862,0.9967059754661286,0.16290623831184683,21.990761756896973,5.3501458168029785,ok,,6852,6166,0,1766,0.19683431833982468,True,0.1,False,11,1e-05,True,21.563556909561157,full_train_epoch_chunks,full train set chunked per epoch | validation=auto_stratified_validation | c_selection=f_mmd c_source=test c_metric=standardized_l2 | f_mmd_reserved_context=5% source=test | wise_ft_skipped rows=8618>=2000,30,1,epoch_chunk,accuracy,0.9518950437317785,0.9533527696793003,0.9518950437317785,0.9533527696793003,3,True,False,,f_mmd,test,standardized_l2,4.446477053845915,4.533227504580148,,True
stage2_graph_scm_0009_seed42,/home/crc00006699/zh/tabiclv2/results/tabiclv2_prior_data/graph_scm_3stage_512_seed42/stage2_graph_scm_0009_seed42,multiclass,1613,162,398,84,8,0.5301507537688442,0.45609517269704997,0.3524216586158235,0.8635936253184021,1.1978832479613417,20.44074535369873,1.4692707061767578,ok,,1613,1451,0,398,1.1755812764167786,True,0.1,False,19,1e-05,True,20.1732497215271,full_train_epoch_chunks,full train set chunked per epoch | validation=auto_stratified_validation | c_selection=f_mmd c_source=test c_metric=standardized_l2 | f_mmd_reserved_context=5% source=test | wise_ft_skipped rows=2011>=2000,30,1,epoch_chunk,accuracy,0.5925925925925926,0.6049382716049383,0.5925925925925926,0.6049382716049383,11,True,False,,f_mmd,test,standardized_l2,8.072392553742324,6.219301936819243,,True
stage2_graph_scm_0010_seed42,/home/crc00006699/zh/tabiclv2/results/tabiclv2_prior_data/graph_scm_3stage_512_seed42/stage2_graph_scm_0010_seed42,multiclass,3982,399,956,83,4,0.950836820083682,0.9505624050602456,0.9037381540441013,0.9951509742343563,0.12108076284759699,48.53225135803223,4.331548452377319,ok,,3982,3583,0,956,0.06861957162618637,True,0.1,False,28,1e-05,True,48.052056550979614,full_train_epoch_chunks,full train set chunked per epoch | validation=auto_stratified_validation | c_selection=f_mmd c_source=test c_metric=standardized_l2 | f_mmd_reserved_context=5% source=test | wise_ft_skipped rows=4938>=2000,30,1,epoch_chunk,accuracy,0.9548872180451128,0.9649122807017544,0.9548872180451128,0.9649122807017544,20,True,False,,f_mmd,test,standardized_l2,2.6881272973135015,0.39153390597944904,,True
stage2_graph_scm_0011_seed42,/home/crc00006699/zh/tabiclv2/results/tabiclv2_prior_data/graph_scm_3stage_512_seed42/stage2_graph_scm_0011_seed42,multiclass,931,94,228,54,7,0.9912280701754386,0.9911658646426601,0.9738775510204081,1.0,0.011045204222602979,8.916616201400757,1.5365774631500244,ok,,931,837,0,228,0.01072672544978559,True,0.1,True,8,1e-05,True,8.773643493652344,full_train_epoch_chunks,full train set chunked per epoch | validation=auto_stratified_validation | c_selection=f_mmd c_source=test c_metric=standardized_l2 | f_mmd_reserved_context=5% source=test | wise_ft=alpha0.1 rows=1159<2000,30,1,epoch_chunk,accuracy,1.0,1.0,1.0,1.0,0,True,False,,f_mmd,test,standardized_l2,12.655289830526014,8.05565339632614,,True
stage2_graph_scm_0012_seed42,/home/crc00006699/zh/tabiclv2/results/tabiclv2_prior_data/graph_scm_3stage_512_seed42/stage2_graph_scm_0012_seed42,multiclass,4867,487,1225,51,8,0.590204081632653,0.4381083686041152,0.125,0.5184398648943784,1.1676529093822285,10.406964778900146,3.3877198696136475,ok,,4867,4380,0,1225,1.1479750871658325,True,0.1,False,8,1e-05,True,10.19044041633606,full_train_epoch_chunks,full train set chunked per epoch | validation=auto_stratified_validation | c_selection=f_mmd c_source=test c_metric=standardized_l2 | f_mmd_reserved_context=5% source=test | wise_ft_skipped rows=6092>=2000,30,1,epoch_chunk,accuracy,0.6119096509240246,0.6119096509240246,0.6119096509240246,0.6119096509240246,0,True,False,,f_mmd,test,standardized_l2,19.464091616144515,3.7440832847968553,,True
stage2_graph_scm_0013_seed42,/home/crc00006699/zh/tabiclv2/results/tabiclv2_prior_data/graph_scm_3stage_512_seed42/stage2_graph_scm_0013_seed42,multiclass,714,72,171,89,6,0.9005847953216374,0.9011874757315823,0.8338761174968071,0.9886733566650313,0.2426660180790625,7.3018083572387695,0.8015646934509277,ok,,714,642,0,171,0.13709531724452972,True,0.1,True,8,1e-05,True,7.096350193023682,full_train_epoch_chunks,full train set chunked per epoch | validation=auto_stratified_validation | c_selection=f_mmd c_source=test c_metric=standardized_l2 | f_mmd_reserved_context=5% source=test | wise_ft=alpha0.1 rows=885<2000,30,1,epoch_chunk,accuracy,0.8888888888888888,0.8888888888888888,0.8888888888888888,0.8888888888888888,0,True,False,,f_mmd,test,standardized_l2,4.956659468223665,2.7132928099833995,,True
stage2_graph_scm_0014_seed42,/home/crc00006699/zh/tabiclv2/results/tabiclv2_prior_data/graph_scm_3stage_512_seed42/stage2_graph_scm_0014_seed42,binclass,3333,334,785,60,2,0.9987261146496815,0.998726777854066,0.99906191369606,0.9999925548706037,0.003277206899031912,10.792806386947632,2.2558228969573975,ok,,3333,2999,0,785,0.005410119891166687,True,0.1,False,8,1e-05,True,10.484071254730225,full_train_epoch_chunks,full train set chunked per epoch | validation=auto_stratified_validation | c_selection=f_mmd c_source=test c_metric=standardized_l2 | f_mmd_reserved_context=5% source=test | wise_ft_skipped rows=4118>=2000,30,1,epoch_chunk,accuracy,1.0,1.0,1.0,1.0,0,True,False,,f_mmd,test,standardized_l2,2.181874068925072,0.2657459399239953,,True
stage2_graph_scm_0015_seed42,/home/crc00006699/zh/tabiclv2/results/tabiclv2_prior_data/graph_scm_3stage_512_seed42/stage2_graph_scm_0015_seed42,multiclass,1036,104,266,14,3,0.8872180451127819,0.8867292400568013,0.8647506757937364,0.9725500904581886,0.31725823096942696,3.48869252204895,0.41928768157958984,ok,,1036,932,0,266,0.22348491102457047,True,0.1,True,8,1e-05,True,3.4375064373016357,full_train_epoch_chunks,full train set chunked per epoch | validation=auto_stratified_validation | c_selection=f_mmd c_source=test c_metric=standardized_l2 | f_mmd_reserved_context=5% source=test | wise_ft=alpha0.1 rows=1302<2000,30,1,epoch_chunk,accuracy,0.9423076923076923,0.9423076923076923,0.9423076923076923,0.9423076923076923,0,True,False,,f_mmd,test,standardized_l2,2.28358472326152,0.06038190329609472,,True
stage2_graph_scm_0016_seed42,/home/crc00006699/zh/tabiclv2/results/tabiclv2_prior_data/graph_scm_3stage_512_seed42/stage2_graph_scm_0016_seed42,multiclass,6980,698,1742,43,3,0.9747416762342136,0.9747759269088679,0.9750842322473837,0.9978364920994224,0.07732933513016473,35.88620185852051,4.564131021499634,ok,,6980,6282,0,1742,0.08286143466830254,True,0.1,False,21,1e-05,True,35.51051163673401,full_train_epoch_chunks,full train set chunked per epoch | validation=auto_stratified_validation | c_selection=f_mmd c_source=test c_metric=standardized_l2 | f_mmd_reserved_context=5% source=test | wise_ft_skipped rows=8722>=2000,30,1,epoch_chunk,accuracy,0.9512893982808023,0.9570200573065902,0.9512893982808023,0.9570200573065902,13,True,False,,f_mmd,test,standardized_l2,2.0023165357798054,0.17117041276404601,,True
stage2_graph_scm_0017_seed42,/home/crc00006699/zh/tabiclv2/results/tabiclv2_prior_data/graph_scm_3stage_512_seed42/stage2_graph_scm_0017_seed42,multiclass,2611,262,670,35,6,0.5119402985074627,0.5047528943715063,0.49925364634404823,0.8185615124212292,1.3111072590094124,9.704230070114136,1.3265645503997803,ok,,2611,2349,0,670,1.267886996269226,True,0.1,False,12,1e-05,True,9.544765710830688,full_train_epoch_chunks,full train set chunked per epoch | validation=auto_stratified_validation | c_selection=f_mmd c_source=test c_metric=standardized_l2 | f_mmd_reserved_context=5% source=test | wise_ft_skipped rows=3281>=2000,30,1,epoch_chunk,accuracy,0.5076335877862596,0.5229007633587787,0.5076335877862596,0.5229007633587787,4,True,False,,f_mmd,test,standardized_l2,1.8289666170434786,0.1404282059720616,,True
stage2_graph_scm_0018_seed42,/home/crc00006699/zh/tabiclv2/results/tabiclv2_prior_data/graph_scm_3stage_512_seed42/stage2_graph_scm_0018_seed42,multiclass,2948,295,698,61,5,0.9928366762177651,0.992804937671446,0.9887577570921986,0.9999823620186848,0.01256620773991037,10.229511976242065,2.0469985008239746,ok,,2948,2653,0,698,0.02228223718702793,True,0.1,False,8,1e-05,True,9.9573233127594,full_train_epoch_chunks,full train set chunked per epoch | validation=auto_stratified_validation | c_selection=f_mmd c_source=test c_metric=standardized_l2 | f_mmd_reserved_context=5% source=test | wise_ft_skipped rows=3646>=2000,30,1,epoch_chunk,accuracy,0.9966101694915255,0.9966101694915255,0.9966101694915255,0.9966101694915255,0,True,False,,f_mmd,test,standardized_l2,3.3247527401228467,0.31971200771189767,,True
stage2_graph_scm_0019_seed42,/home/crc00006699/zh/tabiclv2/results/tabiclv2_prior_data/graph_scm_3stage_512_seed42/stage2_graph_scm_0019_seed42,multiclass,2997,300,716,67,7,0.8868715083798883,0.8879147832674873,0.8220208150388559,0.9904111776696342,0.29542168912674693,20.37160563468933,2.21353816986084,ok,,2997,2697,0,716,0.2843710035085678,True,0.1,False,16,1e-05,True,20.061537981033325,full_train_epoch_chunks,full train set chunked per epoch | validation=auto_stratified_validation | c_selection=f_mmd c_source=test c_metric=standardized_l2 | f_mmd_reserved_context=5% source=test | wise_ft_skipped rows=3713>=2000,30,1,epoch_chunk,accuracy,0.88,0.8866666666666667,0.88,0.8866666666666667,8,True,False,,f_mmd,test,standardized_l2,2.164358318393359,0.23494608446247012,,True
stage2_graph_scm_0020_seed42,/home/crc00006699/zh/tabiclv2/results/tabiclv2_prior_data/graph_scm_3stage_512_seed42/stage2_graph_scm_0020_seed42,multiclass,1138,114,268,53,9,1.0,1.0,1.0,1.0,1.4589992101619968e-06,6.1998515129089355,0.799354076385498,ok,,1138,1024,0,268,1.9957621589128394e-05,True,0.1,True,8,1e-05,True,6.047612428665161,full_train_epoch_chunks,full train set chunked per epoch | validation=auto_stratified_validation | c_selection=f_mmd c_source=test c_metric=standardized_l2 | f_mmd_reserved_context=5% source=test | wise_ft=alpha0.1 rows=1406<2000,30,1,epoch_chunk,accuracy,1.0,1.0,1.0,1.0,0,True,False,,f_mmd,test,standardized_l2,2.1125602389785394,1.1267974801401757,,True
stage2_graph_scm_0021_seed42,/home/crc00006699/zh/tabiclv2/results/tabiclv2_prior_data/graph_scm_3stage_512_seed42/stage2_graph_scm_0021_seed42,multiclass,1223,123,293,2,6,0.6382252559726962,0.5856388916190074,0.5737161531279179,0.9181773967504704,0.7584094420420054,4.686977386474609,0.2836906909942627,ok,,1223,1100,0,293,0.7070304751396179,True,0.1,True,15,1e-05,True,4.6657116413116455,full_train_epoch_chunks,full train set chunked per epoch | validation=auto_stratified_validation | c_selection=f_mmd c_source=test c_metric=standardized_l2 | f_mmd_reserved_context=5% source=test | wise_ft=alpha0.1 rows=1516<2000,30,1,epoch_chunk,accuracy,0.6666666666666666,0.6747967479674797,0.6666666666666666,0.6747967479674797,7,True,False,,f_mmd,test,standardized_l2,13.627211123691902,4.174775190761683,,True
stage2_graph_scm_0022_seed42,/home/crc00006699/zh/tabiclv2/results/tabiclv2_prior_data/graph_scm_3stage_512_seed42/stage2_graph_scm_0022_seed42,multiclass,3947,395,1049,65,3,0.6453765490943756,0.5628572953661741,0.3922166883534497,0.6392862601345737,0.8561021132231073,12.411556243896484,3.2833077907562256,ok,,3947,3552,0,1049,0.8626279234886169,True,0.1,False,8,1e-05,True,12.084526777267456,full_train_epoch_chunks,full train set chunked per epoch | validation=auto_stratified_validation | c_selection=f_mmd c_source=test c_metric=standardized_l2 | f_mmd_reserved_context=5% source=test | wise_ft_skipped rows=4996>=2000,30,1,epoch_chunk,accuracy,0.6303797468354431,0.6303797468354431,0.6303797468354431,0.6303797468354431,0,True,False,,f_mmd,test,standardized_l2,2.1007959848586357,0.3620232810333186,,True
stage2_graph_scm_0023_seed42,/home/crc00006699/zh/tabiclv2/results/tabiclv2_prior_data/graph_scm_3stage_512_seed42/stage2_graph_scm_0023_seed42,multiclass,7179,718,1896,41,6,0.9926160337552743,0.9926274169546512,0.9847194501127025,0.9999083216924002,0.01678975515487251,22.818039655685425,4.7067742347717285,ok,,7179,6461,0,1896,0.011819357052445412,True,0.1,False,13,1e-05,True,22.417210340499878,full_train_epoch_chunks,full train set chunked per epoch | validation=auto_stratified_validation | c_selection=f_mmd c_source=test c_metric=standardized_l2 | f_mmd_reserved_context=5% source=test | wise_ft_skipped rows=9075>=2000,30,1,epoch_chunk,accuracy,0.9930362116991643,0.9958217270194986,0.9930362116991643,0.9958217270194986,5,True,False,,f_mmd,test,standardized_l2,3.5213208698668734,0.8610361347791811,,True
stage2_graph_scm_0024_seed42,/home/crc00006699/zh/tabiclv2/results/tabiclv2_prior_data/graph_scm_3stage_512_seed42/stage2_graph_scm_0024_seed42,multiclass,2510,251,630,31,10,0.2650793650793651,0.18034674774186343,0.17703865756743747,0.6851038725121983,2.0300190035403967,10.085739374160767,1.1511383056640625,ok,,2510,2259,0,630,2.0305124521255493,True,0.1,False,15,1e-05,True,9.963274717330933,full_train_epoch_chunks,full train set chunked per epoch | validation=auto_stratified_validation | c_selection=f_mmd c_source=test c_metric=standardized_l2 | f_mmd_reserved_context=5% source=test | wise_ft_skipped rows=3140>=2000,30,1,epoch_chunk,accuracy,0.26294820717131473,0.2749003984063745,0.26294820717131473,0.2749003984063745,7,True,False,,f_mmd,test,standardized_l2,7.834243052413981,31.8237332990061,,True
stage2_graph_scm_0025_seed42,/home/crc00006699/zh/tabiclv2/results/tabiclv2_prior_data/graph_scm_3stage_512_seed42/stage2_graph_scm_0025_seed42,multiclass,754,76,198,33,7,1.0,1.0,1.0,1.0,0.0017534320657854605,4.5619165897369385,0.9641051292419434,ok,,754,678,0,198,0.0005005350685678422,True,0.1,True,8,1e-05,True,4.4759087562561035,full_train_epoch_chunks,full train set chunked per epoch | validation=auto_stratified_validation | c_selection=f_mmd c_source=test c_metric=standardized_l2 | f_mmd_reserved_context=5% source=test | wise_ft=alpha0.1 rows=952<2000,30,1,epoch_chunk,accuracy,1.0,1.0,1.0,1.0,0,True,False,,f_mmd,test,standardized_l2,5.528959689392576,1.5132820618299931,,True
stage2_graph_scm_0026_seed42,/home/crc00006699/zh/tabiclv2/results/tabiclv2_prior_data/graph_scm_3stage_512_seed42/stage2_graph_scm_0026_seed42,binclass,1948,195,467,34,2,1.0,1.0,1.0,1.0,7.187315346204902e-06,5.565493106842041,0.99664306640625,ok,,1948,1753,0,467,1.8119811784345075e-06,True,0.1,False,8,1e-05,True,5.429877042770386,full_train_epoch_chunks,full train set chunked per epoch | validation=auto_stratified_validation | c_selection=f_mmd c_source=test c_metric=standardized_l2 | f_mmd_reserved_context=5% source=test | wise_ft_skipped rows=2415>=2000,30,1,epoch_chunk,accuracy,1.0,1.0,1.0,1.0,0,True,False,,f_mmd,test,standardized_l2,1.6212546053668604,0.0,,True
stage2_graph_scm_0027_seed42,/home/crc00006699/zh/tabiclv2/results/tabiclv2_prior_data/graph_scm_3stage_512_seed42/stage2_graph_scm_0027_seed42,multiclass,380,38,98,38,10,0.9897959183673469,0.9898136645962733,0.9923076923076923,1.0,0.034068222866090306,7.288791656494141,0.6083931922912598,ok,,380,342,0,98,0.0019727928447537124,True,0.1,True,15,1e-05,True,7.200267791748047,full_train_epoch_chunks,full train set chunked per epoch | validation=auto_stratified_validation | c_selection=f_mmd c_source=test c_metric=standardized_l2 | f_mmd_reserved_context=5% source=test | wise_ft=alpha0.1 rows=478<2000,30,1,epoch_chunk,accuracy,0.9736842105263158,1.0,0.9736842105263158,1.0,7,True,False,,f_mmd,test,standardized_l2,3.4348792232950682,0.5537412868530048,,True
stage2_graph_scm_0028_seed42,/home/crc00006699/zh/tabiclv2/results/tabiclv2_prior_data/graph_scm_3stage_512_seed42/stage2_graph_scm_0028_seed42,binclass,1163,117,306,21,2,1.0,1.0,1.0,0.9999999999999999,0.000819178622570084,3.8400087356567383,0.499225378036499,ok,,1163,1046,0,306,0.00043134254519827664,True,0.1,True,8,1e-05,True,3.7716705799102783,full_train_epoch_chunks,full train set chunked per epoch | validation=auto_stratified_validation | c_selection=f_mmd c_source=test c_metric=standardized_l2 | f_mmd_reserved_context=5% source=test | wise_ft=alpha0.1 rows=1469<2000,30,1,epoch_chunk,accuracy,0.9914529914529915,0.9914529914529915,0.9914529914529915,0.9914529914529915,0,True,False,,f_mmd,test,standardized_l2,1.868468422733305,0.13159120601746735,,True
stage2_graph_scm_0029_seed42,/home/crc00006699/zh/tabiclv2/results/tabiclv2_prior_data/graph_scm_3stage_512_seed42/stage2_graph_scm_0029_seed42,binclass,6913,692,1754,12,2,0.9783352337514253,0.9741680574474334,0.7164179104477612,0.9249882773447523,0.08262919529068236,7.472634553909302,2.437157154083252,ok,,6913,6221,0,1754,0.08328073471784592,True,0.1,False,8,1e-05,True,7.370775938034058,full_train_epoch_chunks,full train set chunked per epoch | validation=auto_stratified_validation | c_selection=f_mmd c_source=test c_metric=standardized_l2 | f_mmd_reserved_context=5% source=test | wise_ft_skipped rows=8667>=2000,30,1,epoch_chunk,accuracy,0.9855491329479769,0.9855491329479769,0.9855491329479769,0.9855491329479769,0,True,False,,f_mmd,test,standardized_l2,5.81456970019213,0.8315867769935358,,True
stage2_graph_scm_0030_seed42,/home/crc00006699/zh/tabiclv2/results/tabiclv2_prior_data/graph_scm_3stage_512_seed42/stage2_graph_scm_0030_seed42,multiclass,1002,101,244,6,4,0.6967213114754098,0.667363807492104,0.45133487530462446,0.8596900293340877,0.6913565089963698,3.02117919921875,0.7210311889648438,ok,,1002,901,0,244,0.6482219099998474,True,0.1,True,8,1e-05,True,2.9909489154815674,full_train_epoch_chunks,full train set chunked per epoch | validation=auto_stratified_validation | c_selection=f_mmd c_source=test c_metric=standardized_l2 | f_mmd_reserved_context=5% source=test | wise_ft=alpha0.1 rows=1246<2000,30,1,epoch_chunk,accuracy,0.7227722772277227,0.7227722772277227,0.7227722772277227,0.7227722772277227,0,True,False,,f_mmd,test,standardized_l2,6.094770173249197,5.690621463933504,,True
stage2_graph_scm_0031_seed42,/home/crc00006699/zh/tabiclv2/results/tabiclv2_prior_data/graph_scm_3stage_512_seed42/stage2_graph_scm_0031_seed42,multiclass,3552,356,903,11,3,0.9977851605758582,0.9977935292933408,0.9944297082228117,1.0,0.004185972995240824,7.247999668121338,1.1226823329925537,ok,,3552,3196,0,903,0.0007514414610341191,True,0.1,False,14,1e-05,True,7.181852102279663,full_train_epoch_chunks,full train set chunked per epoch | validation=auto_stratified_validation | c_selection=f_mmd c_source=test c_metric=standardized_l2 | f_mmd_reserved_context=5% source=test | wise_ft_skipped rows=4455>=2000,30,1,epoch_chunk,accuracy,0.9971910112359551,1.0,0.9971910112359551,1.0,6,True,False,,f_mmd,test,standardized_l2,6.0984942380716225,5.983161136402013,,True
stage2_graph_scm_0032_seed42,/home/crc00006699/zh/tabiclv2/results/tabiclv2_prior_data/graph_scm_3stage_512_seed42/stage2_graph_scm_0032_seed42,binclass,412,42,99,29,2,1.0,1.0,1.0,1.0,5.4954104328178335e-05,3.678849697113037,0.544614315032959,ok,,412,370,0,99,1.4659520957138739e-06,True,0.1,True,8,1e-05,True,3.6088814735412598,full_train_epoch_chunks,full train set chunked per epoch | validation=auto_stratified_validation | c_selection=f_mmd c_source=test c_metric=standardized_l2 | f_mmd_reserved_context=5% source=test | wise_ft=alpha0.1 rows=511<2000,30,1,epoch_chunk,accuracy,1.0,1.0,1.0,1.0,0,True,False,,f_mmd,test,standardized_l2,4.1595252943022745,2.254293539289114,,True
stage2_graph_scm_0033_seed42,/home/crc00006699/zh/tabiclv2/results/tabiclv2_prior_data/graph_scm_3stage_512_seed42/stage2_graph_scm_0033_seed42,multiclass,646,65,165,75,3,0.8787878787878788,0.8696528696528696,0.758624764974483,0.9337078747808523,0.4041397044417379,6.9399495124816895,0.6625874042510986,ok,,646,581,0,165,0.3007618635892868,True,0.1,True,8,1e-05,True,6.76811408996582,full_train_epoch_chunks,full train set chunked per epoch | validation=auto_stratified_validation | c_selection=f_mmd c_source=test c_metric=standardized_l2 | f_mmd_reserved_context=5% source=test | wise_ft=alpha0.1 rows=811<2000,30,1,epoch_chunk,accuracy,0.8615384615384616,0.8615384615384616,0.8615384615384616,0.8615384615384616,0,True,False,,f_mmd,test,standardized_l2,2.149136213419789,0.25543794976400075,,True
stage2_graph_scm_0034_seed42,/home/crc00006699/zh/tabiclv2/results/tabiclv2_prior_data/graph_scm_3stage_512_seed42/stage2_graph_scm_0034_seed42,multiclass,2749,275,696,15,3,0.9971264367816092,0.9971082667097365,0.9906103286384976,1.0,0.005222900259669765,4.454315900802612,0.9213073253631592,ok,,2749,2474,0,696,0.0015376841183751822,True,0.1,False,8,1e-05,True,4.377291917800903,full_train_epoch_chunks,full train set chunked per epoch | validation=auto_stratified_validation | c_selection=f_mmd c_source=test c_metric=standardized_l2 | f_mmd_reserved_context=5% source=test | wise_ft_skipped rows=3445>=2000,30,1,epoch_chunk,accuracy,1.0,1.0,1.0,1.0,0,True,False,,f_mmd,test,standardized_l2,8.295562410548326,1.8131432821711213,,True
stage2_graph_scm_0035_seed42,/home/crc00006699/zh/tabiclv2/results/tabiclv2_prior_data/graph_scm_3stage_512_seed42/stage2_graph_scm_0035_seed42,multiclass,3111,312,813,89,9,1.0,1.0,1.0,1.0,3.217039536888017e-07,13.261675119400024,3.3431477546691895,ok,,3111,2799,0,813,1.2932821391586913e-06,True,0.1,False,8,1e-05,True,12.854865550994873,full_train_epoch_chunks,full train set chunked per epoch | validation=auto_stratified_validation | c_selection=f_mmd c_source=test c_metric=standardized_l2 | f_mmd_reserved_context=5% source=test | wise_ft_skipped rows=3924>=2000,30,1,epoch_chunk,accuracy,1.0,1.0,1.0,1.0,0,True,False,,f_mmd,test,standardized_l2,2.9880375636334815,3.0112690898252126,,True
stage2_graph_scm_0036_seed42,/home/crc00006699/zh/tabiclv2/results/tabiclv2_prior_data/graph_scm_3stage_512_seed42/stage2_graph_scm_0036_seed42,multiclass,5780,578,1452,95,4,1.0,1.0,1.0,1.0,2.46669665934629e-07,22.59843373298645,6.301127672195435,ok,,5780,5202,0,1452,6.467103901286464e-07,True,0.1,False,8,1e-05,True,21.893986225128174,full_train_epoch_chunks,full train set chunked per epoch | validation=auto_stratified_validation | c_selection=f_mmd c_source=test c_metric=standardized_l2 | f_mmd_reserved_context=5% source=test | wise_ft_skipped rows=7232>=2000,30,1,epoch_chunk,accuracy,1.0,1.0,1.0,1.0,0,True,False,,f_mmd,test,standardized_l2,3.9082882702071284,0.0,,True
stage2_graph_scm_0037_seed42,/home/crc00006699/zh/tabiclv2/results/tabiclv2_prior_data/graph_scm_3stage_512_seed42/stage2_graph_scm_0037_seed42,multiclass,6444,645,1708,4,3,0.3788056206088993,0.3230497300983275,0.35602276794229154,0.5417994972868203,1.0876994160164808,9.214633464813232,1.4503839015960693,ok,,6444,5799,0,1708,1.0882086753845215,True,0.1,False,14,1e-05,True,9.165297746658325,full_train_epoch_chunks,full train set chunked per epoch | validation=auto_stratified_validation | c_selection=f_mmd c_source=test c_metric=standardized_l2 | f_mmd_reserved_context=5% source=test | wise_ft_skipped rows=8152>=2000,30,1,epoch_chunk,accuracy,0.37829457364341085,0.3891472868217054,0.37829457364341085,0.3891472868217054,6,True,False,,f_mmd,test,standardized_l2,3.5435277952126354,0.7163824005906589,,True
stage2_graph_scm_0038_seed42,/home/crc00006699/zh/tabiclv2/results/tabiclv2_prior_data/graph_scm_3stage_512_seed42/stage2_graph_scm_0038_seed42,multiclass,3783,379,954,73,7,0.8228511530398323,0.8176235410754642,0.788251850389809,0.9701636957473123,0.507669692851952,18.536694049835205,3.5176639556884766,ok,,3783,3404,0,954,0.5854366421699524,True,0.1,False,11,1e-05,True,18.12820291519165,full_train_epoch_chunks,full train set chunked per epoch | validation=auto_stratified_validation | c_selection=f_mmd c_source=test c_metric=standardized_l2 | f_mmd_reserved_context=5% source=test | wise_ft_skipped rows=4737>=2000,30,1,epoch_chunk,accuracy,0.783641160949868,0.7889182058047494,0.783641160949868,0.7889182058047494,3,True,False,,f_mmd,test,standardized_l2,2.56614312854762,0.45772400358118537,,True
stage2_graph_scm_0039_seed42,/home/crc00006699/zh/tabiclv2/results/tabiclv2_prior_data/graph_scm_3stage_512_seed42/stage2_graph_scm_0039_seed42,binclass,6179,618,1482,80,2,1.0,1.0,1.0,1.0,4.4269351381571797e-07,20.69383430480957,5.887907028198242,ok,,6179,5561,0,1482,5.802876614779962e-07,True,0.1,False,8,1e-05,True,20.08256506919861,full_train_epoch_chunks,full train set chunked per epoch | validation=auto_stratified_validation | c_selection=f_mmd c_source=test c_metric=standardized_l2 | f_mmd_reserved_context=5% source=test | wise_ft_skipped rows=7661>=2000,30,1,epoch_chunk,accuracy,1.0,1.0,1.0,1.0,0,True,False,,f_mmd,test,standardized_l2,3.6799779230863487,2.248691957195949,,True
stage2_graph_scm_0040_seed42,/home/crc00006699/zh/tabiclv2/results/tabiclv2_prior_data/graph_scm_3stage_512_seed42/stage2_graph_scm_0040_seed42,multiclass,1997,200,469,41,3,0.8486140724946695,0.8273146205312958,0.6256742179072275,0.9067264182366102,0.35053862274250497,6.492426156997681,1.3902883529663086,ok,,1997,1797,0,469,0.409580796957016,True,0.1,False,8,1e-05,True,6.328795909881592,full_train_epoch_chunks,full train set chunked per epoch | validation=auto_stratified_validation | c_selection=f_mmd c_source=test c_metric=standardized_l2 | f_mmd_reserved_context=5% source=test | wise_ft_skipped rows=2466>=2000,30,1,epoch_chunk,accuracy,0.855,0.855,0.855,0.855,0,True,False,,f_mmd,test,standardized_l2,1.9570186706061607,0.09699580886909223,,True
stage2_graph_scm_0041_seed42,/home/crc00006699/zh/tabiclv2/results/tabiclv2_prior_data/graph_scm_3stage_512_seed42/stage2_graph_scm_0041_seed42,multiclass,677,68,171,60,10,0.9766081871345029,0.9766759894906348,0.9731789044289043,0.9998499791149407,0.032903899319160185,7.405336856842041,0.5943210124969482,ok,,677,609,0,171,0.042967673391103745,True,0.1,True,8,1e-05,True,7.25552773475647,full_train_epoch_chunks,full train set chunked per epoch | validation=auto_stratified_validation | c_selection=f_mmd c_source=test c_metric=standardized_l2 | f_mmd_reserved_context=5% source=test | wise_ft=alpha0.1 rows=848<2000,30,1,epoch_chunk,accuracy,0.9852941176470589,0.9852941176470589,0.9852941176470589,0.9852941176470589,0,True,False,,f_mmd,test,standardized_l2,6.381468557569428,0.8887806281779667,,True
stage2_graph_scm_0042_seed42,/home/crc00006699/zh/tabiclv2/results/tabiclv2_prior_data/graph_scm_3stage_512_seed42/stage2_graph_scm_0042_seed42,multiclass,3074,308,740,9,8,0.8594594594594595,0.8591570588029035,0.8070433259231351,0.9842292347716698,0.37040842959311804,3.9985404014587402,0.9416401386260986,ok,,3074,2766,0,740,0.32387256622314453,True,0.1,False,8,1e-05,True,3.9292757511138916,full_train_epoch_chunks,full train set chunked per epoch | validation=auto_stratified_validation | c_selection=f_mmd c_source=test c_metric=standardized_l2 | f_mmd_reserved_context=5% source=test | wise_ft_skipped rows=3814>=2000,30,1,epoch_chunk,accuracy,0.8896103896103896,0.8896103896103896,0.8896103896103896,0.8896103896103896,0,True,False,,f_mmd,test,standardized_l2,5.040464629570392,1.1137580939766731,,True
stage2_graph_scm_0043_seed42,/home/crc00006699/zh/tabiclv2/results/tabiclv2_prior_data/graph_scm_3stage_512_seed42/stage2_graph_scm_0043_seed42,multiclass,518,52,123,42,6,0.991869918699187,0.9918423857678345,0.9916666666666667,1.0,0.019862189486851013,4.6035521030426025,0.8229379653930664,ok,,518,466,0,123,0.008741207653656602,True,0.1,True,8,1e-05,True,4.503280401229858,full_train_epoch_chunks,full train set chunked per epoch | validation=auto_stratified_validation | c_selection=f_mmd c_source=test c_metric=standardized_l2 | f_mmd_reserved_context=5% source=test | wise_ft=alpha0.1 rows=641<2000,30,1,epoch_chunk,accuracy,1.0,1.0,1.0,1.0,0,True,False,,f_mmd,test,standardized_l2,2.700341178254114,0.5509346077184165,,True
stage2_graph_scm_0044_seed42,/home/crc00006699/zh/tabiclv2/results/tabiclv2_prior_data/graph_scm_3stage_512_seed42/stage2_graph_scm_0044_seed42,multiclass,866,87,216,30,9,0.9675925925925926,0.9533113622096673,0.8888888888888888,0.990943559364612,0.08461380235402961,4.559477090835571,1.0312190055847168,ok,,866,779,0,216,0.08626147359609604,True,0.1,True,8,1e-05,True,4.471425533294678,full_train_epoch_chunks,full train set chunked per epoch | validation=auto_stratified_validation | c_selection=f_mmd c_source=test c_metric=standardized_l2 | f_mmd_reserved_context=5% source=test | wise_ft=alpha0.1 rows=1082<2000,30,1,epoch_chunk,accuracy,0.9540229885057471,0.9540229885057471,0.9540229885057471,0.9540229885057471,0,True,False,,f_mmd,test,standardized_l2,2.746831621003787,0.508564226496669,,True
stage2_graph_scm_0045_seed42,/home/crc00006699/zh/tabiclv2/results/tabiclv2_prior_data/graph_scm_3stage_512_seed42/stage2_graph_scm_0045_seed42,multiclass,1349,135,342,70,6,0.6228070175438597,0.6234254494138095,0.6143398580757271,0.9077490275876104,0.9387347076081164,7.650010108947754,1.117372989654541,ok,,1349,1214,0,342,0.9859730899333954,True,0.1,True,8,1e-05,True,7.440833806991577,full_train_epoch_chunks,full train set chunked per epoch | validation=auto_stratified_validation | c_selection=f_mmd c_source=test c_metric=standardized_l2 | f_mmd_reserved_context=5% source=test | wise_ft=alpha0.1 rows=1691<2000,30,1,epoch_chunk,accuracy,0.5925925925925926,0.5925925925925926,0.5925925925925926,0.5925925925925926,0,True,False,,f_mmd,test,standardized_l2,3.0213077313071075,0.5904831231536996,,True
stage2_graph_scm_0046_seed42,/home/crc00006699/zh/tabiclv2/results/tabiclv2_prior_data/graph_scm_3stage_512_seed42/stage2_graph_scm_0046_seed42,multiclass,4652,466,1124,70,10,0.9145907473309609,0.9116799956043613,0.8447854518310128,0.9933980875881792,0.25134312588619223,21.43086552619934,4.523621320724487,ok,,4652,4186,0,1124,0.2685728073120117,True,0.1,False,12,1e-05,True,20.978902339935303,full_train_epoch_chunks,full train set chunked per epoch | validation=auto_stratified_validation | c_selection=f_mmd c_source=test c_metric=standardized_l2 | f_mmd_reserved_context=5% source=test | wise_ft_skipped rows=5776>=2000,30,1,epoch_chunk,accuracy,0.9291845493562232,0.9313304721030042,0.9291845493562232,0.9313304721030042,4,True,False,,f_mmd,test,standardized_l2,1.6756472207810846,0.0697614430583151,,True
stage2_graph_scm_0047_seed42,/home/crc00006699/zh/tabiclv2/results/tabiclv2_prior_data/graph_scm_3stage_512_seed42/stage2_graph_scm_0047_seed42,multiclass,477,48,117,43,7,0.7692307692307693,0.7254275737034357,0.550453514739229,0.9260057532021106,0.5445511162469268,4.542221546173096,0.9502313137054443,ok,,477,429,0,117,0.8183242678642273,True,0.1,True,8,1e-05,True,4.431512117385864,full_train_epoch_chunks,full train set chunked per epoch | validation=auto_stratified_validation | c_selection=f_mmd c_source=test c_metric=standardized_l2 | f_mmd_reserved_context=5% source=test | wise_ft=alpha0.1 rows=594<2000,30,1,epoch_chunk,accuracy,0.7916666666666666,0.7916666666666666,0.7916666666666666,0.7916666666666666,0,True,False,,f_mmd,test,standardized_l2,2.2764712451759617,0.01868412028525589,,True
stage2_graph_scm_0048_seed42,/home/crc00006699/zh/tabiclv2/results/tabiclv2_prior_data/graph_scm_3stage_512_seed42/stage2_graph_scm_0048_seed42,multiclass,845,85,220,94,6,0.6772727272727272,0.6587867416404453,0.6290802365363769,0.9051512295229607,0.8523632550936818,8.087574243545532,1.1274709701538086,ok,,845,760,0,220,0.846599280834198,True,0.1,True,8,1e-05,True,7.841492414474487,full_train_epoch_chunks,full train set chunked per epoch | validation=auto_stratified_validation | c_selection=f_mmd c_source=test c_metric=standardized_l2 | f_mmd_reserved_context=5% source=test | wise_ft=alpha0.1 rows=1065<2000,30,1,epoch_chunk,accuracy,0.7058823529411765,0.7058823529411765,0.7058823529411765,0.7058823529411765,0,True,False,,f_mmd,test,standardized_l2,3.2927884095577027,0.5534223230302796,,True
stage2_graph_scm_0049_seed42,/home/crc00006699/zh/tabiclv2/results/tabiclv2_prior_data/graph_scm_3stage_512_seed42/stage2_graph_scm_0049_seed42,multiclass,3200,320,825,21,9,0.8715151515151515,0.8260590174351643,0.1291984976450115,0.8456028237383197,0.4863076359222705,5.700745105743408,1.2405834197998047,ok,,3200,2880,0,825,0.42347830533981323,True,0.1,False,8,1e-05,True,5.577905893325806,full_train_epoch_chunks,full train set chunked per epoch | validation=auto_stratified_validation | c_selection=f_mmd c_source=test c_metric=standardized_l2 | f_mmd_reserved_context=5% source=test | wise_ft_skipped rows=4025>=2000,30,1,epoch_chunk,accuracy,0.86875,0.86875,0.86875,0.86875,0,True,False,,f_mmd,test,standardized_l2,8.16644470667663,1.93602740698189,,True
stage2_graph_scm_0050_seed42,/home/crc00006699/zh/tabiclv2/results/tabiclv2_prior_data/graph_scm_3stage_512_seed42/stage2_graph_scm_0050_seed42,multiclass,755,76,197,29,3,0.9949238578680203,0.9949762883255723,0.9957805907172995,0.9999303934417482,0.014942296293618058,4.308344125747681,0.9282400608062744,ok,,755,679,0,197,0.020000414922833443,True,0.1,True,8,1e-05,True,4.22794246673584,full_train_epoch_chunks,full train set chunked per epoch | validation=auto_stratified_validation | c_selection=f_mmd c_source=test c_metric=standardized_l2 | f_mmd_reserved_context=5% source=test | wise_ft=alpha0.1 rows=952<2000,30,1,epoch_chunk,accuracy,0.9868421052631579,0.9868421052631579,0.9868421052631579,0.9868421052631579,0,True,False,,f_mmd,test,standardized_l2,4.874885430429585,7.000425343490687,,True
stage2_graph_scm_0051_seed42,/home/crc00006699/zh/tabiclv2/results/tabiclv2_prior_data/graph_scm_3stage_512_seed42/stage2_graph_scm_0051_seed42,multiclass,3132,314,783,88,8,1.0,1.0,1.0,1.0,2.9337980303316e-07,14.123592853546143,3.3458099365234375,ok,,3132,2818,0,783,1.328664836819371e-06,True,0.1,False,8,1e-05,True,13.675846338272095,full_train_epoch_chunks,full train set chunked per epoch | validation=auto_stratified_validation | c_selection=f_mmd c_source=test c_metric=standardized_l2 | f_mmd_reserved_context=5% source=test | wise_ft_skipped rows=3915>=2000,30,1,epoch_chunk,accuracy,1.0,1.0,1.0,1.0,0,True,False,,f_mmd,test,standardized_l2,3.2762579309415503,2.698759205472107,,True
stage2_graph_scm_0052_seed42,/home/crc00006699/zh/tabiclv2/results/tabiclv2_prior_data/graph_scm_3stage_512_seed42/stage2_graph_scm_0052_seed42,multiclass,347,35,85,30,5,0.8941176470588236,0.8891067538126362,0.762724358974359,0.9813268819127092,0.3383820399741581,3.767029285430908,0.5026862621307373,ok,,347,312,0,85,0.37655335664749146,True,0.1,True,8,1e-05,True,3.6955299377441406,full_train_epoch_chunks,full train set chunked per epoch | validation=auto_stratified_validation | c_selection=f_mmd c_source=test c_metric=standardized_l2 | f_mmd_reserved_context=5% source=test | wise_ft=alpha0.1 rows=432<2000,30,1,epoch_chunk,accuracy,0.7714285714285715,0.7714285714285715,0.7714285714285715,0.7714285714285715,0,True,False,,f_mmd,test,standardized_l2,2.1874026634579415,0.2404034363072604,,True
stage2_graph_scm_0053_seed42,/home/crc00006699/zh/tabiclv2/results/tabiclv2_prior_data/graph_scm_3stage_512_seed42/stage2_graph_scm_0053_seed42,binclass,4517,452,1074,89,2,1.0,1.0,1.0,1.0,3.1450613757096775e-07,17.9531307220459,4.977174997329712,ok,,4517,4065,0,1074,7.624702220709878e-07,True,0.1,False,8,1e-05,True,17.370409727096558,full_train_epoch_chunks,full train set chunked per epoch | validation=auto_stratified_validation | c_selection=f_mmd c_source=test c_metric=standardized_l2 | f_mmd_reserved_context=5% source=test | wise_ft_skipped rows=5591>=2000,30,1,epoch_chunk,accuracy,1.0,1.0,1.0,1.0,0,True,False,,f_mmd,test,standardized_l2,1.698047228127922,0.11138481311038631,,True
stage2_graph_scm_0054_seed42,/home/crc00006699/zh/tabiclv2/results/tabiclv2_prior_data/graph_scm_3stage_512_seed42/stage2_graph_scm_0054_seed42,multiclass,3592,360,850,75,3,0.9423529411764706,0.9188437798157992,0.6918238993710691,0.9348783931214446,0.17029453754860344,13.310039281845093,3.3893160820007324,ok,,3592,3232,0,850,0.1847115457057953,True,0.1,False,8,1e-05,True,12.917176723480225,full_train_epoch_chunks,full train set chunked per epoch | validation=auto_stratified_validation | c_selection=f_mmd c_source=test c_metric=standardized_l2 | f_mmd_reserved_context=5% source=test | wise_ft_skipped rows=4442>=2000,30,1,epoch_chunk,accuracy,0.9416666666666667,0.9416666666666667,0.9416666666666667,0.9416666666666667,0,True,False,,f_mmd,test,standardized_l2,3.191484117120934,0.6351832708884857,,True
stage2_graph_scm_0055_seed42,/home/crc00006699/zh/tabiclv2/results/tabiclv2_prior_data/graph_scm_3stage_512_seed42/stage2_graph_scm_0055_seed42,multiclass,3451,346,838,34,3,0.8556085918854416,0.8209139297482212,0.5360304099918545,0.8642777550834841,0.4232052771557971,7.378114223480225,1.6598191261291504,ok,,3451,3105,0,838,0.3871120512485504,True,0.1,False,8,1e-05,True,7.218724250793457,full_train_epoch_chunks,full train set chunked per epoch | validation=auto_stratified_validation | c_selection=f_mmd c_source=test c_metric=standardized_l2 | f_mmd_reserved_context=5% source=test | wise_ft_skipped rows=4289>=2000,30,1,epoch_chunk,accuracy,0.8583815028901735,0.8583815028901735,0.8583815028901735,0.8583815028901735,0,True,False,,f_mmd,test,standardized_l2,5.831550688435446,2.7084964109810907,,True
stage2_graph_scm_0056_seed42,/home/crc00006699/zh/tabiclv2/results/tabiclv2_prior_data/graph_scm_3stage_512_seed42/stage2_graph_scm_0056_seed42,binclass,830,83,218,74,2,1.0,1.0,1.0,1.0,1.330448819896925e-06,6.819915771484375,1.1660702228546143,ok,,830,747,0,218,7.624594218214042e-07,True,0.1,True,8,1e-05,True,6.643477916717529,full_train_epoch_chunks,full train set chunked per epoch | validation=auto_stratified_validation | c_selection=f_mmd c_source=test c_metric=standardized_l2 | f_mmd_reserved_context=5% source=test | wise_ft=alpha0.1 rows=1048<2000,30,1,epoch_chunk,accuracy,1.0,1.0,1.0,1.0,0,True,False,,f_mmd,test,standardized_l2,2.419552628352469,0.1466331660593048,,True
stage2_graph_scm_0057_seed42,/home/crc00006699/zh/tabiclv2/results/tabiclv2_prior_data/graph_scm_3stage_512_seed42/stage2_graph_scm_0057_seed42,multiclass,2853,286,702,92,3,0.8504273504273504,0.851022335965399,0.8503068710253819,0.9595881339449964,0.3872946667509484,18.34654664993286,3.1519615650177,ok,,2853,2567,0,702,0.43843065202236176,True,0.1,False,12,1e-05,True,17.97121238708496,full_train_epoch_chunks,full train set chunked per epoch | validation=auto_stratified_validation | c_selection=f_mmd c_source=test c_metric=standardized_l2 | f_mmd_reserved_context=5% source=test | wise_ft_skipped rows=3555>=2000,30,1,epoch_chunk,accuracy,0.8251748251748252,0.8286713286713286,0.8251748251748252,0.8286713286713286,4,True,False,,f_mmd,test,standardized_l2,1.7473576181604082,0.13294654068493109,,True
stage2_graph_scm_0058_seed42,/home/crc00006699/zh/tabiclv2/results/tabiclv2_prior_data/graph_scm_3stage_512_seed42/stage2_graph_scm_0058_seed42,multiclass,2420,242,621,92,10,0.6940418679549114,0.6947842528516113,0.6850355020246417,0.9617241622567108,0.7802530713298592,21.49471378326416,2.2858529090881348,ok,,2420,2178,0,621,0.7339822351932526,True,0.1,False,15,1e-05,True,21.111387014389038,full_train_epoch_chunks,full train set chunked per epoch | validation=auto_stratified_validation | c_selection=f_mmd c_source=test c_metric=standardized_l2 | f_mmd_reserved_context=5% source=test | wise_ft_skipped rows=3041>=2000,30,1,epoch_chunk,accuracy,0.6942148760330579,0.7024793388429752,0.6942148760330579,0.7024793388429752,7,True,False,,f_mmd,test,standardized_l2,5.018115758620157,1.7835910371191075,,True
stage2_graph_scm_0059_seed42,/home/crc00006699/zh/tabiclv2/results/tabiclv2_prior_data/graph_scm_3stage_512_seed42/stage2_graph_scm_0059_seed42,binclass,5235,524,1392,16,2,0.8441091954022989,0.844728578819195,0.8318347478610926,0.9203304038649813,0.3390344469628115,11.029810905456543,1.9238696098327637,ok,,5235,4711,0,1392,0.3399720937013626,True,0.1,False,13,1e-05,True,10.905640125274658,full_train_epoch_chunks,full train set chunked per epoch | validation=auto_stratified_validation | c_selection=f_mmd c_source=test c_metric=standardized_l2 | f_mmd_reserved_context=5% source=test | wise_ft_skipped rows=6627>=2000,30,1,epoch_chunk,accuracy,0.8549618320610687,0.8606870229007634,0.8549618320610687,0.8606870229007634,5,True,False,,f_mmd,test,standardized_l2,1.830107401377506,0.12243173926721003,,True
stage2_graph_scm_0060_seed42,/home/crc00006699/zh/tabiclv2/results/tabiclv2_prior_data/graph_scm_3stage_512_seed42/stage2_graph_scm_0060_seed42,binclass,5147,515,1305,13,2,0.7425287356321839,0.6328147272010434,0.5,0.6118451766671582,0.5572222978689094,6.195851564407349,1.7702343463897705,ok,,5147,4632,0,1305,0.566503494977951,True,0.1,False,8,1e-05,True,6.097627401351929,full_train_epoch_chunks,full train set chunked per epoch | validation=auto_stratified_validation | c_selection=f_mmd c_source=test c_metric=standardized_l2 | f_mmd_reserved_context=5% source=test | wise_ft_skipped rows=6452>=2000,30,1,epoch_chunk,accuracy,0.7339805825242719,0.7339805825242719,0.7339805825242719,0.7339805825242719,0,True,False,,f_mmd,test,standardized_l2,3.5965334377236755,0.6492645837241454,,True
stage2_graph_scm_0061_seed42,/home/crc00006699/zh/tabiclv2/results/tabiclv2_prior_data/graph_scm_3stage_512_seed42/stage2_graph_scm_0061_seed42,multiclass,3216,322,819,86,7,0.9413919413919414,0.9422027551731385,0.901726550346781,0.9972496734859754,0.13149327279677575,28.89136528968811,3.4080188274383545,ok,,3216,2894,0,819,0.11292535439133644,True,0.1,False,19,1e-05,True,28.498281717300415,full_train_epoch_chunks,full train set chunked per epoch | validation=auto_stratified_validation | c_selection=f_mmd c_source=test c_metric=standardized_l2 | f_mmd_reserved_context=5% source=test | wise_ft_skipped rows=4035>=2000,30,1,epoch_chunk,accuracy,0.968944099378882,0.9751552795031055,0.968944099378882,0.9751552795031055,11,True,False,,f_mmd,test,standardized_l2,8.056709820495673,3.651540865979369,,True
stage2_graph_scm_0062_seed42,/home/crc00006699/zh/tabiclv2/results/tabiclv2_prior_data/graph_scm_3stage_512_seed42/stage2_graph_scm_0062_seed42,multiclass,1146,115,283,91,4,0.6431095406360424,0.6332151404927043,0.45460646150896367,0.7611199687266441,0.7947028618975905,8.62849235534668,1.1775259971618652,ok,,1146,1031,0,283,0.80195352435112,True,0.1,True,8,1e-05,True,8.39304232597351,full_train_epoch_chunks,full train set chunked per epoch | validation=auto_stratified_validation | c_selection=f_mmd c_source=test c_metric=standardized_l2 | f_mmd_reserved_context=5% source=test | wise_ft=alpha0.1 rows=1429<2000,30,1,epoch_chunk,accuracy,0.6608695652173913,0.6608695652173913,0.6608695652173913,0.6608695652173913,0,True,False,,f_mmd,test,standardized_l2,7.988489850751964,5.204860653997338,,True
stage2_graph_scm_0063_seed42,/home/crc00006699/zh/tabiclv2/results/tabiclv2_prior_data/graph_scm_3stage_512_seed42/stage2_graph_scm_0063_seed42,binclass,1962,197,481,71,2,0.817047817047817,0.7520217204576224,0.5455762987012986,0.6467532467532467,0.47327344632914853,12.62173843383789,1.5503039360046387,ok,,1962,1765,0,481,0.4336203336715698,True,0.1,False,12,1e-05,True,12.377730369567871,full_train_epoch_chunks,full train set chunked per epoch | validation=auto_stratified_validation | c_selection=f_mmd c_source=test c_metric=standardized_l2 | f_mmd_reserved_context=5% source=test | wise_ft_skipped rows=2443>=2000,30,1,epoch_chunk,accuracy,0.8274111675126904,0.8324873096446701,0.8274111675126904,0.8324873096446701,4,True,False,,f_mmd,test,standardized_l2,6.43738791716126,2.561071941793933,,True
stage2_graph_scm_0064_seed42,/home/crc00006699/zh/tabiclv2/results/tabiclv2_prior_data/graph_scm_3stage_512_seed42/stage2_graph_scm_0064_seed42,multiclass,2450,245,632,63,8,0.9620253164556962,0.9617819370027938,0.9674275005024747,0.998798392826423,0.11123194793703778,15.375309228897095,1.7824220657348633,ok,,2450,2205,0,632,0.18671027570962906,True,0.1,False,14,1e-05,True,15.116358757019043,full_train_epoch_chunks,full train set chunked per epoch | validation=auto_stratified_validation | c_selection=f_mmd c_source=test c_metric=standardized_l2 | f_mmd_reserved_context=5% source=test | wise_ft_skipped rows=3082>=2000,30,1,epoch_chunk,accuracy,0.9673469387755103,0.9714285714285714,0.9673469387755103,0.9714285714285714,6,True,False,,f_mmd,test,standardized_l2,2.556753363225166,0.26328747740540304,,True
stage2_graph_scm_0065_seed42,/home/crc00006699/zh/tabiclv2/results/tabiclv2_prior_data/graph_scm_3stage_512_seed42/stage2_graph_scm_0065_seed42,multiclass,1230,123,303,16,6,0.594059405940594,0.573365175135142,0.4536641087802043,0.8513893912494236,1.0510451355330452,7.96857476234436,0.49210500717163086,ok,,1230,1107,0,303,1.0040085911750793,True,0.1,True,20,1e-05,True,7.906174898147583,full_train_epoch_chunks,full train set chunked per epoch | validation=auto_stratified_validation | c_selection=f_mmd c_source=test c_metric=standardized_l2 | f_mmd_reserved_context=5% source=test | wise_ft=alpha0.1 rows=1533<2000,30,1,epoch_chunk,accuracy,0.6016260162601627,0.6260162601626016,0.6016260162601627,0.6260162601626016,12,True,False,,f_mmd,test,standardized_l2,2.640212386477547,0.5693033663980791,,True
stage2_graph_scm_0066_seed42,/home/crc00006699/zh/tabiclv2/results/tabiclv2_prior_data/graph_scm_3stage_512_seed42/stage2_graph_scm_0066_seed42,binclass,406,41,105,77,2,1.0,1.0,1.0,1.0,0.0004121921043458335,6.118231534957886,0.5107734203338623,ok,,406,365,0,105,3.028405899385689e-06,True,0.1,True,8,1e-05,True,5.956506252288818,full_train_epoch_chunks,full train set chunked per epoch | validation=auto_stratified_validation | c_selection=f_mmd c_source=test c_metric=standardized_l2 | f_mmd_reserved_context=5% source=test | wise_ft=alpha0.1 rows=511<2000,30,1,epoch_chunk,accuracy,1.0,1.0,1.0,1.0,0,True,False,,f_mmd,test,standardized_l2,3.774013661446128,0.6733198989730038,,True
stage2_graph_scm_0067_seed42,/home/crc00006699/zh/tabiclv2/results/tabiclv2_prior_data/graph_scm_3stage_512_seed42/stage2_graph_scm_0067_seed42,multiclass,848,85,199,12,6,0.5175879396984925,0.4980071216545742,0.4448676538792818,0.8384262813589897,1.060939277258322,7.4201860427856445,0.7206990718841553,ok,,848,763,0,199,0.9865180552005768,True,0.1,True,21,1e-05,True,7.376677989959717,full_train_epoch_chunks,full train set chunked per epoch | validation=auto_stratified_validation | c_selection=f_mmd c_source=test c_metric=standardized_l2 | f_mmd_reserved_context=5% source=test | wise_ft=alpha0.1 rows=1047<2000,30,1,epoch_chunk,accuracy,0.5294117647058824,0.5764705882352941,0.5294117647058824,0.5764705882352941,13,True,False,,f_mmd,test,standardized_l2,4.744023387811027,0.9084344242473401,,True
stage2_graph_scm_0068_seed42,/home/crc00006699/zh/tabiclv2/results/tabiclv2_prior_data/graph_scm_3stage_512_seed42/stage2_graph_scm_0068_seed42,multiclass,5698,570,1391,70,5,0.8058950395398994,0.7989910277831046,0.7386492172648966,0.9612010232457422,0.45456176888244376,33.2742874622345,5.137463569641113,ok,,5698,5128,0,1391,0.4830473065376282,True,0.1,False,16,1e-05,True,32.75066876411438,full_train_epoch_chunks,full train set chunked per epoch | validation=auto_stratified_validation | c_selection=f_mmd c_source=test c_metric=standardized_l2 | f_mmd_reserved_context=5% source=test | wise_ft_skipped rows=7089>=2000,30,1,epoch_chunk,accuracy,0.7789473684210526,0.8105263157894737,0.7789473684210526,0.8105263157894737,8,True,False,,f_mmd,test,standardized_l2,2.086114428259139,0.2137738954998438,,True
stage2_graph_scm_0069_seed42,/home/crc00006699/zh/tabiclv2/results/tabiclv2_prior_data/graph_scm_3stage_512_seed42/stage2_graph_scm_0069_seed42,multiclass,5401,541,1410,4,7,1.0,1.0,1.0,1.0,1.781635554500847e-06,4.904938459396362,1.610227346420288,ok,,5401,4860,0,1410,1.3294533800944919e-05,True,0.1,False,8,1e-05,True,4.860775470733643,full_train_epoch_chunks,full train set chunked per epoch | validation=auto_stratified_validation | c_selection=f_mmd c_source=test c_metric=standardized_l2 | f_mmd_reserved_context=5% source=test | wise_ft_skipped rows=6811>=2000,30,1,epoch_chunk,accuracy,1.0,1.0,1.0,1.0,0,True,False,,f_mmd,test,standardized_l2,2.7844657139648468,0.5020447581359231,,True
stage2_graph_scm_0070_seed42,/home/crc00006699/zh/tabiclv2/results/tabiclv2_prior_data/graph_scm_3stage_512_seed42/stage2_graph_scm_0070_seed42,multiclass,3250,325,795,46,9,1.0,1.0,1.0,1.0,2.4216733339807236e-07,9.063960075378418,1.886779546737671,ok,,3250,2925,0,795,1.6072876860562246e-06,True,0.1,False,8,1e-05,True,8.820327043533325,full_train_epoch_chunks,full train set chunked per epoch | validation=auto_stratified_validation | c_selection=f_mmd c_source=test c_metric=standardized_l2 | f_mmd_reserved_context=5% source=test | wise_ft_skipped rows=4045>=2000,30,1,epoch_chunk,accuracy,1.0,1.0,1.0,1.0,0,True,False,,f_mmd,test,standardized_l2,2.941871833905761,0.4947330219271443,,True
stage2_graph_scm_0071_seed42,/home/crc00006699/zh/tabiclv2/results/tabiclv2_prior_data/graph_scm_3stage_512_seed42/stage2_graph_scm_0071_seed42,multiclass,3927,393,976,36,7,0.9969262295081968,0.9969253967757219,0.996185974389756,0.9999871271109455,0.007803008580742744,8.809420347213745,1.962325096130371,ok,,3927,3534,0,976,0.003998118918389082,True,0.1,False,8,1e-05,True,8.599028587341309,full_train_epoch_chunks,full train set chunked per epoch | validation=auto_stratified_validation | c_selection=f_mmd c_source=test c_metric=standardized_l2 | f_mmd_reserved_context=5% source=test | wise_ft_skipped rows=4903>=2000,30,1,epoch_chunk,accuracy,1.0,1.0,1.0,1.0,0,True,False,,f_mmd,test,standardized_l2,1.5205455878588208,0.009929926211654913,,True
stage2_graph_scm_0072_seed42,/home/crc00006699/zh/tabiclv2/results/tabiclv2_prior_data/graph_scm_3stage_512_seed42/stage2_graph_scm_0072_seed42,binclass,340,34,85,39,2,0.9294117647058824,0.9294117647058824,0.9201127819548872,0.9768170426065163,0.175589955694378,4.141340494155884,0.5454423427581787,ok,,340,306,0,85,0.2096075341105461,True,0.1,True,8,1e-05,True,4.056210994720459,full_train_epoch_chunks,full train set chunked per epoch | validation=auto_stratified_validation | c_selection=f_mmd c_source=test c_metric=standardized_l2 | f_mmd_reserved_context=5% source=test | wise_ft=alpha0.1 rows=425<2000,30,1,epoch_chunk,accuracy,1.0,1.0,1.0,1.0,0,True,False,,f_mmd,test,standardized_l2,2.4112078974458213,0.8395714090064617,,True
stage2_graph_scm_0073_seed42,/home/crc00006699/zh/tabiclv2/results/tabiclv2_prior_data/graph_scm_3stage_512_seed42/stage2_graph_scm_0073_seed42,multiclass,2179,218,523,88,7,0.9120458891013384,0.9127100258300764,0.86095415512308,0.9937525578703579,0.23370444899355358,11.158165454864502,1.9785892963409424,ok,,2179,1961,0,523,0.22376400232315063,True,0.1,False,8,1e-05,True,10.837719202041626,full_train_epoch_chunks,full train set chunked per epoch | validation=auto_stratified_validation | c_selection=f_mmd c_source=test c_metric=standardized_l2 | f_mmd_reserved_context=5% source=test | wise_ft_skipped rows=2702>=2000,30,1,epoch_chunk,accuracy,0.9128440366972477,0.9128440366972477,0.9128440366972477,0.9128440366972477,0,True,False,,f_mmd,test,standardized_l2,3.57892572801187,1.7406918822710173,,True
stage2_graph_scm_0074_seed42,/home/crc00006699/zh/tabiclv2/results/tabiclv2_prior_data/graph_scm_3stage_512_seed42/stage2_graph_scm_0074_seed42,binclass,522,53,126,58,2,0.9047619047619048,0.9047619047619048,0.9047619047619048,0.9498614260519023,0.2859064734319416,9.827777862548828,1.005582571029663,ok,,522,469,0,126,0.38027937710285187,True,0.1,True,16,1e-05,True,9.696033954620361,full_train_epoch_chunks,full train set chunked per epoch | validation=auto_stratified_validation | c_selection=f_mmd c_source=test c_metric=standardized_l2 | f_mmd_reserved_context=5% source=test | wise_ft=alpha0.1 rows=648<2000,30,1,epoch_chunk,accuracy,0.8301886792452831,0.8490566037735849,0.8301886792452831,0.8490566037735849,8,True,False,,f_mmd,test,standardized_l2,2.3577863636021035,0.5433459866079535,,True
stage2_graph_scm_0075_seed42,/home/crc00006699/zh/tabiclv2/results/tabiclv2_prior_data/graph_scm_3stage_512_seed42/stage2_graph_scm_0075_seed42,binclass,7295,730,1782,8,2,0.8737373737373737,0.8717236593893224,0.8560229460594009,0.9421693021494177,0.2942252094874583,7.231077671051025,2.3142123222351074,ok,,7295,6565,0,1782,0.29720935225486755,True,0.1,False,8,1e-05,True,7.138547897338867,full_train_epoch_chunks,full train set chunked per epoch | validation=auto_stratified_validation | c_selection=f_mmd c_source=test c_metric=standardized_l2 | f_mmd_reserved_context=5% source=test | wise_ft_skipped rows=9077>=2000,30,1,epoch_chunk,accuracy,0.8972602739726028,0.8972602739726028,0.8972602739726028,0.8972602739726028,0,True,False,,f_mmd,test,standardized_l2,1.705821083524158,0.09764079159692052,,True
stage2_graph_scm_0076_seed42,/home/crc00006699/zh/tabiclv2/results/tabiclv2_prior_data/graph_scm_3stage_512_seed42/stage2_graph_scm_0076_seed42,multiclass,633,64,151,87,6,0.7947019867549668,0.7869700200398768,0.6778378910092465,0.968726154652486,0.5208755962204324,12.415161371231079,1.1130411624908447,ok,,633,569,0,151,0.629128634929657,True,0.1,True,14,1e-05,True,12.208386182785034,full_train_epoch_chunks,full train set chunked per epoch | validation=auto_stratified_validation | c_selection=f_mmd c_source=test c_metric=standardized_l2 | f_mmd_reserved_context=5% source=test | wise_ft=alpha0.1 rows=784<2000,30,1,epoch_chunk,accuracy,0.8125,0.828125,0.8125,0.828125,6,True,False,,f_mmd,test,standardized_l2,3.185010197717183,1.2631965482673464,,True
stage2_graph_scm_0077_seed42,/home/crc00006699/zh/tabiclv2/results/tabiclv2_prior_data/graph_scm_3stage_512_seed42/stage2_graph_scm_0077_seed42,multiclass,4663,467,1194,40,8,0.9932998324958124,0.9933173119106213,0.9954983302346072,0.9999820897883797,0.016900004123735282,26.736850023269653,2.69222092628479,ok,,4663,4196,0,1194,0.027057831175625324,True,0.1,False,8,1e-05,True,26.03410530090332,full_train_epoch_chunks,full train set chunked per epoch | validation=auto_stratified_validation | c_selection=f_mmd c_source=test c_metric=standardized_l2 | f_mmd_reserved_context=5% source=test | wise_ft_skipped rows=5857>=2000,30,1,epoch_chunk,accuracy,1.0,1.0,1.0,1.0,0,True,False,,f_mmd,test,standardized_l2,3.354515570869665,2.3421636497392515,,True
stage2_graph_scm_0078_seed42,/home/crc00006699/zh/tabiclv2/results/tabiclv2_prior_data/graph_scm_3stage_512_seed42/stage2_graph_scm_0078_seed42,multiclass,5061,507,1263,47,3,0.5534441805225653,0.5133710760910979,0.42343113940448346,0.6807838186159166,0.9162586420868299,20.78108787536621,3.2152018547058105,ok,,5061,4554,0,1263,0.9247424006462097,True,0.1,False,14,1e-05,True,20.450849533081055,full_train_epoch_chunks,full train set chunked per epoch | validation=auto_stratified_validation | c_selection=f_mmd c_source=test c_metric=standardized_l2 | f_mmd_reserved_context=5% source=test | wise_ft_skipped rows=6324>=2000,30,1,epoch_chunk,accuracy,0.6134122287968442,0.6252465483234714,0.6134122287968442,0.6252465483234714,6,True,False,,f_mmd,test,standardized_l2,1.4717632592531535,0.047874310655125346,,True
stage2_graph_scm_0079_seed42,/home/crc00006699/zh/tabiclv2/results/tabiclv2_prior_data/graph_scm_3stage_512_seed42/stage2_graph_scm_0079_seed42,multiclass,2016,202,489,65,7,0.6625766871165644,0.6277815917248605,0.3911239064002873,0.8755488350639539,0.8732486554831577,8.217081546783447,1.4937551021575928,ok,,2016,1814,0,489,0.9195497035980225,True,0.1,False,8,1e-05,True,8.007060766220093,full_train_epoch_chunks,full train set chunked per epoch | validation=auto_stratified_validation | c_selection=f_mmd c_source=test c_metric=standardized_l2 | f_mmd_reserved_context=5% source=test | wise_ft_skipped rows=2505>=2000,30,1,epoch_chunk,accuracy,0.6237623762376238,0.6237623762376238,0.6237623762376238,0.6237623762376238,0,True,False,,f_mmd,test,standardized_l2,2.933084391459059,0.4450488677421955,,True
stage2_graph_scm_0080_seed42,/home/crc00006699/zh/tabiclv2/results/tabiclv2_prior_data/graph_scm_3stage_512_seed42/stage2_graph_scm_0080_seed42,multiclass,5995,600,1589,55,8,0.421019509125236,0.38301379281489595,0.2754934212539959,0.7993829400445258,1.484007669090637,22.65082573890686,4.845694065093994,ok,,5995,5395,0,1589,1.5237694382667542,True,0.1,False,12,1e-05,True,22.196744918823242,full_train_epoch_chunks,full train set chunked per epoch | validation=auto_stratified_validation | c_selection=f_mmd c_source=test c_metric=standardized_l2 | f_mmd_reserved_context=5% source=test | wise_ft_skipped rows=7584>=2000,30,1,epoch_chunk,accuracy,0.405,0.4116666666666667,0.405,0.4116666666666667,4,True,False,,f_mmd,test,standardized_l2,2.115730031217916,0.24879649944529159,,True
stage2_graph_scm_0081_seed42,/home/crc00006699/zh/tabiclv2/results/tabiclv2_prior_data/graph_scm_3stage_512_seed42/stage2_graph_scm_0081_seed42,multiclass,1685,169,438,74,6,0.9954337899543378,0.9953987962153797,0.9904761904761905,0.9992685551942214,0.020010614306766428,13.043769598007202,1.402080774307251,ok,,1685,1516,0,438,0.04766944423317909,True,0.1,False,13,1e-05,True,12.80614423751831,full_train_epoch_chunks,full train set chunked per epoch | validation=auto_stratified_validation | c_selection=f_mmd c_source=test c_metric=standardized_l2 | f_mmd_reserved_context=5% source=test | wise_ft_skipped rows=2123>=2000,30,1,epoch_chunk,accuracy,0.9763313609467456,0.9822485207100592,0.9763313609467456,0.9822485207100592,5,True,False,,f_mmd,test,standardized_l2,3.2450239688407794,1.0770882864981215,,True
stage2_graph_scm_0082_seed42,/home/crc00006699/zh/tabiclv2/results/tabiclv2_prior_data/graph_scm_3stage_512_seed42/stage2_graph_scm_0082_seed42,multiclass,1495,150,377,70,5,1.0,1.0,1.0,1.0,2.037312989496947e-06,9.225500345230103,1.243736982345581,ok,,1495,1345,0,377,0.00016452056297566742,True,0.1,True,8,1e-05,True,9.013229370117188,full_train_epoch_chunks,full train set chunked per epoch | validation=auto_stratified_validation | c_selection=f_mmd c_source=test c_metric=standardized_l2 | f_mmd_reserved_context=5% source=test | wise_ft=alpha0.1 rows=1872<2000,30,1,epoch_chunk,accuracy,1.0,1.0,1.0,1.0,0,True,False,,f_mmd,test,standardized_l2,2.484669961796218,0.24803927551881735,,True
stage2_graph_scm_0083_seed42,/home/crc00006699/zh/tabiclv2/results/tabiclv2_prior_data/graph_scm_3stage_512_seed42/stage2_graph_scm_0083_seed42,multiclass,4947,495,1213,24,6,1.0,1.0,1.0,1.0,3.5261620659512825e-07,8.084920406341553,2.048485517501831,ok,,4947,4452,0,1213,1.6315599395966274e-06,True,0.1,False,8,1e-05,True,7.890910387039185,full_train_epoch_chunks,full train set chunked per epoch | validation=auto_stratified_validation | c_selection=f_mmd c_source=test c_metric=standardized_l2 | f_mmd_reserved_context=5% source=test | wise_ft_skipped rows=6160>=2000,30,1,epoch_chunk,accuracy,1.0,1.0,1.0,1.0,0,True,False,,f_mmd,test,standardized_l2,3.985030228831742,0.6216465419673047,,True
stage2_graph_scm_0084_seed42,/home/crc00006699/zh/tabiclv2/results/tabiclv2_prior_data/graph_scm_3stage_512_seed42/stage2_graph_scm_0084_seed42,binclass,407,41,103,9,2,1.0,1.0,1.0,1.0,0.010271441582654946,3.0429611206054688,0.3576831817626953,ok,,407,366,0,103,0.05566581152379513,True,0.1,True,8,1e-05,True,3.0112414360046387,full_train_epoch_chunks,full train set chunked per epoch | validation=auto_stratified_validation | c_selection=f_mmd c_source=test c_metric=standardized_l2 | f_mmd_reserved_context=5% source=test | wise_ft=alpha0.1 rows=510<2000,30,1,epoch_chunk,accuracy,0.975609756097561,0.975609756097561,0.975609756097561,0.975609756097561,0,True,False,,f_mmd,test,standardized_l2,4.4468430511103465,1.2602486586078605,,True
stage2_graph_scm_0085_seed42,/home/crc00006699/zh/tabiclv2/results/tabiclv2_prior_data/graph_scm_3stage_512_seed42/stage2_graph_scm_0085_seed42,multiclass,2762,277,676,56,8,0.9866863905325444,0.9866181156121985,0.9294819078947368,0.9989303611808129,0.03406550227733585,11.920276403427124,1.8309977054595947,ok,,2762,2485,0,676,0.018157043494284153,True,0.1,False,11,1e-05,True,11.68554973602295,full_train_epoch_chunks,full train set chunked per epoch | validation=auto_stratified_validation | c_selection=f_mmd c_source=test c_metric=standardized_l2 | f_mmd_reserved_context=5% source=test | wise_ft_skipped rows=3438>=2000,30,1,epoch_chunk,accuracy,0.9819494584837545,0.9855595667870036,0.9819494584837545,0.9855595667870036,3,True,False,,f_mmd,test,standardized_l2,1.7990870625076363,0.08321870922040647,,True
stage2_graph_scm_0086_seed42,/home/crc00006699/zh/tabiclv2/results/tabiclv2_prior_data/graph_scm_3stage_512_seed42/stage2_graph_scm_0086_seed42,multiclass,6413,642,1551,48,8,0.5177304964539007,0.5048098112708381,0.488559297106301,0.9122344453279547,0.9284427865250772,36.076464891433716,4.350566864013672,ok,,6413,5771,0,1551,0.9310352802276611,True,0.1,False,21,1e-05,True,35.668763399124146,full_train_epoch_chunks,full train set chunked per epoch | validation=auto_stratified_validation | c_selection=f_mmd c_source=test c_metric=standardized_l2 | f_mmd_reserved_context=5% source=test | wise_ft_skipped rows=7964>=2000,30,1,epoch_chunk,accuracy,0.4485981308411215,0.4657320872274143,0.4485981308411215,0.4657320872274143,13,True,False,,f_mmd,test,standardized_l2,1.9224773275916334,0.14908783673427972,,True
stage2_graph_scm_0087_seed42,/home/crc00006699/zh/tabiclv2/results/tabiclv2_prior_data/graph_scm_3stage_512_seed42/stage2_graph_scm_0087_seed42,binclass,508,51,124,99,2,0.8467741935483871,0.8499321129266351,0.7844444444444445,0.8751515151515151,0.3940243006102378,8.68936562538147,0.6846544742584229,ok,,508,457,0,124,0.3845422714948654,True,0.1,True,10,1e-05,True,8.472451448440552,full_train_epoch_chunks,full train set chunked per epoch | validation=auto_stratified_validation | c_selection=f_mmd c_source=test c_metric=standardized_l2 | f_mmd_reserved_context=5% source=test | wise_ft=alpha0.1 rows=632<2000,30,1,epoch_chunk,accuracy,0.7647058823529411,0.7843137254901961,0.7647058823529411,0.7843137254901961,2,True,False,,f_mmd,test,standardized_l2,1.6917584196290578,0.07063192856671505,,True
stage2_graph_scm_0088_seed42,/home/crc00006699/zh/tabiclv2/results/tabiclv2_prior_data/graph_scm_3stage_512_seed42/stage2_graph_scm_0088_seed42,multiclass,2739,274,699,17,7,0.932761087267525,0.9311822492979394,0.8410750086754495,0.9966494175251249,0.1486484535842466,9.77038288116455,0.9828431606292725,ok,,2739,2465,0,699,0.208458811044693,True,0.1,False,18,1e-05,True,9.68198823928833,full_train_epoch_chunks,full train set chunked per epoch | validation=auto_stratified_validation | c_selection=f_mmd c_source=test c_metric=standardized_l2 | f_mmd_reserved_context=5% source=test | wise_ft_skipped rows=3438>=2000,30,1,epoch_chunk,accuracy,0.9233576642335767,0.9306569343065694,0.9233576642335767,0.9306569343065694,10,True,False,,f_mmd,test,standardized_l2,3.4880683886936223,1.0380140994938651,,True
stage2_graph_scm_0089_seed42,/home/crc00006699/zh/tabiclv2/results/tabiclv2_prior_data/graph_scm_3stage_512_seed42/stage2_graph_scm_0089_seed42,multiclass,7230,723,1796,2,4,0.5534521158129176,0.41190014291763843,0.47096774193548385,0.818128865548207,0.7694633317887813,7.918563365936279,0.9971883296966553,ok,,7230,6507,0,1796,0.7544981241226196,True,0.1,False,12,1e-05,True,7.885948657989502,full_train_epoch_chunks,full train set chunked per epoch | validation=auto_stratified_validation | c_selection=f_mmd c_source=test c_metric=standardized_l2 | f_mmd_reserved_context=5% source=test | wise_ft_skipped rows=9026>=2000,30,1,epoch_chunk,accuracy,0.49377593360995853,0.5656984785615491,0.49377593360995853,0.5656984785615491,4,True,False,,f_mmd,test,standardized_l2,1.576214613027761,0.0,,True
stage2_graph_scm_0090_seed42,/home/crc00006699/zh/tabiclv2/results/tabiclv2_prior_data/graph_scm_3stage_512_seed42/stage2_graph_scm_0090_seed42,multiclass,3939,394,1019,67,8,0.4239450441609421,0.4078621412085251,0.42375758471236963,0.8525475740159083,1.355178217477577,30.276633977890015,3.415790557861328,ok,,3939,3545,0,1019,1.302370846271515,True,0.1,False,19,1e-05,True,29.86280870437622,full_train_epoch_chunks,full train set chunked per epoch | validation=auto_stratified_validation | c_selection=f_mmd c_source=test c_metric=standardized_l2 | f_mmd_reserved_context=5% source=test | wise_ft_skipped rows=4958>=2000,30,1,epoch_chunk,accuracy,0.43147208121827413,0.49238578680203043,0.43147208121827413,0.49238578680203043,11,True,False,,f_mmd,test,standardized_l2,1.6861940708055716,0.11146588893069453,,True
stage2_graph_scm_0091_seed42,/home/crc00006699/zh/tabiclv2/results/tabiclv2_prior_data/graph_scm_3stage_512_seed42/stage2_graph_scm_0091_seed42,multiclass,926,93,227,96,4,0.9823788546255506,0.9823384122124004,0.9721362229102166,0.9994090017309832,0.0529487925515173,8.567811489105225,1.0239324569702148,ok,,926,833,0,227,0.05822909623384476,True,0.1,True,8,1e-05,True,8.323534965515137,full_train_epoch_chunks,full train set chunked per epoch | validation=auto_stratified_validation | c_selection=f_mmd c_source=test c_metric=standardized_l2 | f_mmd_reserved_context=5% source=test | wise_ft=alpha0.1 rows=1153<2000,30,1,epoch_chunk,accuracy,0.967741935483871,0.967741935483871,0.967741935483871,0.967741935483871,0,True,False,,f_mmd,test,standardized_l2,2.602773374032478,0.37816680989560625,,True
stage2_graph_scm_0092_seed42,/home/crc00006699/zh/tabiclv2/results/tabiclv2_prior_data/graph_scm_3stage_512_seed42/stage2_graph_scm_0092_seed42,multiclass,2431,244,629,13,6,0.7980922098569158,0.7637006018874567,0.450191871620443,0.9089242250519036,0.549857655045474,7.29073166847229,0.8134298324584961,ok,,2431,2187,0,629,0.5456348955631256,True,0.1,False,16,1e-05,True,7.225403547286987,full_train_epoch_chunks,full train set chunked per epoch | validation=auto_stratified_validation | c_selection=f_mmd c_source=test c_metric=standardized_l2 | f_mmd_reserved_context=5% source=test | wise_ft_skipped rows=3060>=2000,30,1,epoch_chunk,accuracy,0.7704918032786885,0.7786885245901639,0.7704918032786885,0.7786885245901639,8,True,False,,f_mmd,test,standardized_l2,3.42912238774409,0.4952804972277926,,True
stage2_graph_scm_0093_seed42,/home/crc00006699/zh/tabiclv2/results/tabiclv2_prior_data/graph_scm_3stage_512_seed42/stage2_graph_scm_0093_seed42,multiclass,419,42,99,24,6,1.0,1.0,1.0,1.0,0.021732492650795954,5.677026033401489,0.5533609390258789,ok,,419,377,0,99,0.06199211627244949,True,0.1,True,14,1e-05,True,5.618987321853638,full_train_epoch_chunks,full train set chunked per epoch | validation=auto_stratified_validation | c_selection=f_mmd c_source=test c_metric=standardized_l2 | f_mmd_reserved_context=5% source=test | wise_ft=alpha0.1 rows=518<2000,30,1,epoch_chunk,accuracy,0.9523809523809523,0.9761904761904762,0.9523809523809523,0.9761904761904762,6,True,False,,f_mmd,test,standardized_l2,5.808294401905762,0.5183857129148358,,True
stage2_graph_scm_0094_seed42,/home/crc00006699/zh/tabiclv2/results/tabiclv2_prior_data/graph_scm_3stage_512_seed42/stage2_graph_scm_0094_seed42,multiclass,492,50,126,51,8,0.9603174603174603,0.9605098910362069,0.9564064407814408,0.9958206171369508,0.13752126229635547,4.8553547859191895,0.8748669624328613,ok,,492,442,0,126,0.16594791412353516,True,0.1,True,8,1e-05,True,4.7429633140563965,full_train_epoch_chunks,full train set chunked per epoch | validation=auto_stratified_validation | c_selection=f_mmd c_source=test c_metric=standardized_l2 | f_mmd_reserved_context=5% source=test | wise_ft=alpha0.1 rows=618<2000,30,1,epoch_chunk,accuracy,0.96,0.96,0.96,0.96,0,True,False,,f_mmd,test,standardized_l2,3.3711078974117736,0.23096698570180532,,True
stage2_graph_scm_0095_seed42,/home/crc00006699/zh/tabiclv2/results/tabiclv2_prior_data/graph_scm_3stage_512_seed42/stage2_graph_scm_0095_seed42,multiclass,595,60,149,89,8,0.9798657718120806,0.9797609879026978,0.9869791666666667,0.999741452991453,0.06404939639979919,6.960160970687866,0.6861445903778076,ok,,595,535,0,149,0.16982541978359222,True,0.1,True,8,1e-05,True,6.757871627807617,full_train_epoch_chunks,full train set chunked per epoch | validation=auto_stratified_validation | c_selection=f_mmd c_source=test c_metric=standardized_l2 | f_mmd_reserved_context=5% source=test | wise_ft=alpha0.1 rows=744<2000,30,1,epoch_chunk,accuracy,0.9333333333333333,0.9333333333333333,0.9333333333333333,0.9333333333333333,0,True,False,,f_mmd,test,standardized_l2,4.967050048422991,3.812383347719664,,True
stage2_graph_scm_0096_seed42,/home/crc00006699/zh/tabiclv2/results/tabiclv2_prior_data/graph_scm_3stage_512_seed42/stage2_graph_scm_0096_seed42,multiclass,2310,231,571,18,3,0.9754816112084063,0.9746716258020482,0.9110551980787914,0.9970283103380272,0.07147873023587617,4.341300964355469,0.8628005981445312,ok,,2310,2079,0,571,0.10405904799699783,True,0.1,False,8,1e-05,True,4.263231992721558,full_train_epoch_chunks,full train set chunked per epoch | validation=auto_stratified_validation | c_selection=f_mmd c_source=test c_metric=standardized_l2 | f_mmd_reserved_context=5% source=test | wise_ft_skipped rows=2881>=2000,30,1,epoch_chunk,accuracy,0.9783549783549783,0.9783549783549783,0.9783549783549783,0.9783549783549783,0,True,False,,f_mmd,test,standardized_l2,4.254909594989081,1.1700911835690613,,True
stage2_graph_scm_0097_seed42,/home/crc00006699/zh/tabiclv2/results/tabiclv2_prior_data/graph_scm_3stage_512_seed42/stage2_graph_scm_0097_seed42,multiclass,539,54,143,54,10,0.4195804195804196,0.4144171325818874,0.42189422419685574,0.893834951966501,1.327577448611582,5.149751424789429,0.9664428234100342,ok,,539,485,0,143,1.3481172323226929,True,0.1,True,8,1e-05,True,5.02598237991333,full_train_epoch_chunks,full train set chunked per epoch | validation=auto_stratified_validation | c_selection=f_mmd c_source=test c_metric=standardized_l2 | f_mmd_reserved_context=5% source=test | wise_ft=alpha0.1 rows=682<2000,30,1,epoch_chunk,accuracy,0.46296296296296297,0.46296296296296297,0.46296296296296297,0.46296296296296297,0,True,False,,f_mmd,test,standardized_l2,1.8696786742556861,0.12354904467978937,,True
stage2_graph_scm_0098_seed42,/home/crc00006699/zh/tabiclv2/results/tabiclv2_prior_data/graph_scm_3stage_512_seed42/stage2_graph_scm_0098_seed42,multiclass,3243,325,785,86,10,0.7439490445859872,0.7437633610027153,0.7245363771283588,0.9693094059539868,0.6966801402556662,13.683346271514893,3.511906623840332,ok,,3243,2918,0,785,0.8082833588123322,True,0.1,False,8,1e-05,True,13.26371455192566,full_train_epoch_chunks,full train set chunked per epoch | validation=auto_stratified_validation | c_selection=f_mmd c_source=test c_metric=standardized_l2 | f_mmd_reserved_context=5% source=test | wise_ft_skipped rows=4028>=2000,30,1,epoch_chunk,accuracy,0.7138461538461538,0.7138461538461538,0.7138461538461538,0.7138461538461538,0,True,False,,f_mmd,test,standardized_l2,1.7516842779647375,0.11790588053006869,,True
stage2_graph_scm_0099_seed42,/home/crc00006699/zh/tabiclv2/results/tabiclv2_prior_data/graph_scm_3stage_512_seed42/stage2_graph_scm_0099_seed42,multiclass,780,78,186,82,6,0.7311827956989247,0.6881450404048886,0.7423933132752586,0.9483011036848269,0.5095246264440857,7.1032819747924805,0.8373775482177734,ok,,780,702,0,186,0.5204309821128845,True,0.1,True,8,1e-05,True,6.901931524276733,full_train_epoch_chunks,full train set chunked per epoch | validation=auto_stratified_validation | c_selection=f_mmd c_source=test c_metric=standardized_l2 | f_mmd_reserved_context=5% source=test | wise_ft=alpha0.1 rows=966<2000,30,1,epoch_chunk,accuracy,0.7435897435897436,0.7435897435897436,0.7435897435897436,0.7435897435897436,0,True,False,,f_mmd,test,standardized_l2,1.9435877166812885,0.312531222234971,,True
stage2_graph_scm_0100_seed42,/home/crc00006699/zh/tabiclv2/results/tabiclv2_prior_data/graph_scm_3stage_512_seed42/stage2_graph_scm_0100_seed42,multiclass,1206,121,292,81,3,0.9623287671232876,0.9622680193178021,0.9364723871199856,0.9941519358585807,0.10919092372730901,14.120874643325806,1.1694655418395996,ok,,1206,1085,0,292,0.0972948893904686,True,0.1,True,15,1e-05,True,13.885796070098877,full_train_epoch_chunks,full train set chunked per epoch | validation=auto_stratified_validation | c_selection=f_mmd c_source=test c_metric=standardized_l2 | f_mmd_reserved_context=5% source=test | wise_ft=alpha0.1 rows=1498<2000,30,1,epoch_chunk,accuracy,0.9504132231404959,0.9586776859504132,0.9504132231404959,0.9586776859504132,7,True,False,,f_mmd,test,standardized_l2,5.616857802468177,6.620350360957993,,True
stage2_graph_scm_0101_seed42,/home/crc00006699/zh/tabiclv2/results/tabiclv2_prior_data/graph_scm_3stage_512_seed42/stage2_graph_scm_0101_seed42,multiclass,1434,144,338,28,3,0.9940828402366864,0.9940824893406559,0.9940198444623224,0.9999085642217098,0.016219046646397183,4.730518102645874,0.6990995407104492,ok,,1434,1290,0,338,0.02503241039812565,True,0.1,True,8,1e-05,True,4.634499788284302,full_train_epoch_chunks,full train set chunked per epoch | validation=auto_stratified_validation | c_selection=f_mmd c_source=test c_metric=standardized_l2 | f_mmd_reserved_context=5% source=test | wise_ft=alpha0.1 rows=1772<2000,30,1,epoch_chunk,accuracy,0.9861111111111112,0.9861111111111112,0.9861111111111112,0.9861111111111112,0,True,False,,f_mmd,test,standardized_l2,1.8163683593413684,0.1110277305799257,,True
stage2_graph_scm_0102_seed42,/home/crc00006699/zh/tabiclv2/results/tabiclv2_prior_data/graph_scm_3stage_512_seed42/stage2_graph_scm_0102_seed42,multiclass,377,38,95,78,3,1.0,1.0,1.0,1.0,0.0032884425434615656,5.697171449661255,0.491335391998291,ok,,377,339,0,95,1.1894240401488787e-06,True,0.1,True,8,1e-05,True,5.536716461181641,full_train_epoch_chunks,full train set chunked per epoch | validation=auto_stratified_validation | c_selection=f_mmd c_source=test c_metric=standardized_l2 | f_mmd_reserved_context=5% source=test | wise_ft=alpha0.1 rows=472<2000,30,1,epoch_chunk,accuracy,1.0,1.0,1.0,1.0,0,True,False,,f_mmd,test,standardized_l2,2.8343474839680716,0.17321269659795366,,True
stage2_graph_scm_0103_seed42,/home/crc00006699/zh/tabiclv2/results/tabiclv2_prior_data/graph_scm_3stage_512_seed42/stage2_graph_scm_0103_seed42,multiclass,1971,198,480,40,7,1.0,1.0,1.0,1.0,2.9522508916272604e-06,6.202971935272217,1.1085596084594727,ok,,1971,1773,0,480,1.699574249869329e-05,True,0.1,False,8,1e-05,True,6.053725242614746,full_train_epoch_chunks,full train set chunked per epoch | validation=auto_stratified_validation | c_selection=f_mmd c_source=test c_metric=standardized_l2 | f_mmd_reserved_context=5% source=test | wise_ft_skipped rows=2451>=2000,30,1,epoch_chunk,accuracy,1.0,1.0,1.0,1.0,0,True,False,,f_mmd,test,standardized_l2,1.9732601428966037,0.14765579649795424,,True
stage2_graph_scm_0104_seed42,/home/crc00006699/zh/tabiclv2/results/tabiclv2_prior_data/graph_scm_3stage_512_seed42/stage2_graph_scm_0104_seed42,multiclass,4743,475,1259,45,9,1.0,1.0,1.0,1.0,3.831317310376881e-06,11.195655822753906,2.7338333129882812,ok,,4743,4268,0,1259,1.7358018453705881e-06,True,0.1,False,8,1e-05,True,10.896663665771484,full_train_epoch_chunks,full train set chunked per epoch | validation=auto_stratified_validation | c_selection=f_mmd c_source=test c_metric=standardized_l2 | f_mmd_reserved_context=5% source=test | wise_ft_skipped rows=6002>=2000,30,1,epoch_chunk,accuracy,1.0,1.0,1.0,1.0,0,True,False,,f_mmd,test,standardized_l2,4.042936261992207,2.5631136280508464,,True
stage2_graph_scm_0105_seed42,/home/crc00006699/zh/tabiclv2/results/tabiclv2_prior_data/graph_scm_3stage_512_seed42/stage2_graph_scm_0105_seed42,multiclass,3483,349,877,78,10,0.49486887115165334,0.4712935621519867,0.35093857640596404,0.8902765542027625,1.1879979608172186,38.01775503158569,3.4461824893951416,ok,,3483,3134,0,877,1.245651364326477,True,0.1,False,26,1e-05,True,37.62633156776428,full_train_epoch_chunks,full train set chunked per epoch | validation=auto_stratified_validation | c_selection=f_mmd c_source=test c_metric=standardized_l2 | f_mmd_reserved_context=5% source=test | wise_ft_skipped rows=4360>=2000,30,1,epoch_chunk,accuracy,0.45272206303724927,0.5358166189111748,0.45272206303724927,0.5358166189111748,18,True,False,,f_mmd,test,standardized_l2,5.996046668189958,5.123863130995156,,True
stage2_graph_scm_0106_seed42,/home/crc00006699/zh/tabiclv2/results/tabiclv2_prior_data/graph_scm_3stage_512_seed42/stage2_graph_scm_0106_seed42,multiclass,1641,165,404,2,7,0.26485148514851486,0.19717602913584203,0.24293214044777672,0.6876452294674255,1.748803511549286,5.010809659957886,0.3771646022796631,ok,,1641,1476,0,404,1.7505010962486267,True,0.1,False,16,1e-05,True,4.989789009094238,full_train_epoch_chunks,full train set chunked per epoch | validation=auto_stratified_validation | c_selection=f_mmd c_source=test c_metric=standardized_l2 | f_mmd_reserved_context=5% source=test | wise_ft_skipped rows=2045>=2000,30,1,epoch_chunk,accuracy,0.2545454545454545,0.296969696969697,0.2545454545454545,0.296969696969697,8,True,False,,f_mmd,test,standardized_l2,3.4874683492047303,0.8411624075893617,,True
stage2_graph_scm_0107_seed42,/home/crc00006699/zh/tabiclv2/results/tabiclv2_prior_data/graph_scm_3stage_512_seed42/stage2_graph_scm_0107_seed42,binclass,467,47,113,12,2,0.7876106194690266,0.7876106194690266,0.7875939849624061,0.8630952380952381,0.47057444012961364,3.1840386390686035,0.45577168464660645,ok,,467,420,0,113,0.4979444295167923,True,0.1,True,8,1e-05,True,3.1449472904205322,full_train_epoch_chunks,full train set chunked per epoch | validation=auto_stratified_validation | c_selection=f_mmd c_source=test c_metric=standardized_l2 | f_mmd_reserved_context=5% source=test | wise_ft=alpha0.1 rows=580<2000,30,1,epoch_chunk,accuracy,0.7872340425531915,0.7872340425531915,0.7872340425531915,0.7872340425531915,0,True,False,,f_mmd,test,standardized_l2,5.570815130790237,2.2868003511919213,,True
stage2_graph_scm_0108_seed42,/home/crc00006699/zh/tabiclv2/results/tabiclv2_prior_data/graph_scm_3stage_512_seed42/stage2_graph_scm_0108_seed42,multiclass,907,91,232,79,8,0.3103448275862069,0.21418929909089307,0.15987633734874823,0.5794253576339661,1.896663951047267,7.09118390083313,0.8851315975189209,ok,,907,816,0,232,2.0424516201019287,True,0.1,True,8,1e-05,True,6.901079416275024,full_train_epoch_chunks,full train set chunked per epoch | validation=auto_stratified_validation | c_selection=f_mmd c_source=test c_metric=standardized_l2 | f_mmd_reserved_context=5% source=test | wise_ft=alpha0.1 rows=1139<2000,30,1,epoch_chunk,accuracy,0.26373626373626374,0.26373626373626374,0.26373626373626374,0.26373626373626374,0,True,False,,f_mmd,test,standardized_l2,10.583349970393114,2.547400644880701,,True
stage2_graph_scm_0109_seed42,/home/crc00006699/zh/tabiclv2/results/tabiclv2_prior_data/graph_scm_3stage_512_seed42/stage2_graph_scm_0109_seed42,multiclass,1294,130,308,19,8,0.37337662337662336,0.260654867552529,0.17467948717948717,0.5513353359616544,1.7595544984365428,4.7640392780303955,0.5291154384613037,ok,,1294,1164,0,308,1.7361029386520386,True,0.1,True,10,1e-05,True,4.696777820587158,full_train_epoch_chunks,full train set chunked per epoch | validation=auto_stratified_validation | c_selection=f_mmd c_source=test c_metric=standardized_l2 | f_mmd_reserved_context=5% source=test | wise_ft=alpha0.1 rows=1602<2000,30,1,epoch_chunk,accuracy,0.3923076923076923,0.4,0.3923076923076923,0.4,2,True,False,,f_mmd,test,standardized_l2,1.8887717930408987,0.15420399778993035,,True
stage2_graph_scm_0110_seed42,/home/crc00006699/zh/tabiclv2/results/tabiclv2_prior_data/graph_scm_3stage_512_seed42/stage2_graph_scm_0110_seed42,multiclass,1313,132,322,20,10,0.9875776397515528,0.9875230944712533,0.9862771739130436,0.9995690519551031,0.05630500082269379,3.9463460445404053,0.5573592185974121,ok,,1313,1181,0,322,0.09249245375394821,True,0.1,True,8,1e-05,True,3.8767805099487305,full_train_epoch_chunks,full train set chunked per epoch | validation=auto_stratified_validation | c_selection=f_mmd c_source=test c_metric=standardized_l2 | f_mmd_reserved_context=5% source=test | wise_ft=alpha0.1 rows=1635<2000,30,1,epoch_chunk,accuracy,0.9318181818181818,0.9318181818181818,0.9318181818181818,0.9318181818181818,0,True,False,,f_mmd,test,standardized_l2,3.183237143539828,0.7231572497807071,,True
stage2_graph_scm_0111_seed42,/home/crc00006699/zh/tabiclv2/results/tabiclv2_prior_data/graph_scm_3stage_512_seed42/stage2_graph_scm_0111_seed42,multiclass,706,71,182,93,5,0.8406593406593407,0.7786259541984732,0.8,0.9705956331817627,0.25324740524162875,20.50621223449707,0.78411865234375,ok,,706,635,0,182,0.2279002070426941,True,0.1,True,25,1e-05,True,20.259034872055054,full_train_epoch_chunks,full train set chunked per epoch | validation=auto_stratified_validation | c_selection=f_mmd c_source=test c_metric=standardized_l2 | f_mmd_reserved_context=5% source=test | wise_ft=alpha0.1 rows=888<2000,30,1,epoch_chunk,accuracy,0.8591549295774648,0.9154929577464789,0.8591549295774648,0.9154929577464789,17,True,False,,f_mmd,test,standardized_l2,2.234075592812287,0.139683512155909,,True
stage2_graph_scm_0112_seed42,/home/crc00006699/zh/tabiclv2/results/tabiclv2_prior_data/graph_scm_3stage_512_seed42/stage2_graph_scm_0112_seed42,binclass,325,33,77,16,2,0.961038961038961,0.9611341039912468,0.9621318373071529,0.9936886395511921,0.10570499145151455,3.0230050086975098,0.3803865909576416,ok,,325,292,0,77,0.05521916411817074,True,0.1,True,8,1e-05,True,2.977679491043091,full_train_epoch_chunks,full train set chunked per epoch | validation=auto_stratified_validation | c_selection=f_mmd c_source=test c_metric=standardized_l2 | f_mmd_reserved_context=5% source=test | wise_ft=alpha0.1 rows=402<2000,30,1,epoch_chunk,accuracy,1.0,1.0,1.0,1.0,0,True,False,,f_mmd,test,standardized_l2,3.8492093104952962,1.1689787588838696,,True
stage2_graph_scm_0113_seed42,/home/crc00006699/zh/tabiclv2/results/tabiclv2_prior_data/graph_scm_3stage_512_seed42/stage2_graph_scm_0113_seed42,binclass,473,48,117,50,2,0.6923076923076923,0.6881053656536668,0.6461038961038961,0.7214285714285715,0.5730541945206293,4.8207621574401855,0.8486709594726562,ok,,473,425,0,117,0.5345981419086456,True,0.1,True,8,1e-05,True,4.708510160446167,full_train_epoch_chunks,full train set chunked per epoch | validation=auto_stratified_validation | c_selection=f_mmd c_source=test c_metric=standardized_l2 | f_mmd_reserved_context=5% source=test | wise_ft=alpha0.1 rows=590<2000,30,1,epoch_chunk,accuracy,0.7708333333333334,0.7708333333333334,0.7708333333333334,0.7708333333333334,0,True,False,,f_mmd,test,standardized_l2,3.3013666111007125,1.2055757321845075,,True
stage2_graph_scm_0114_seed42,/home/crc00006699/zh/tabiclv2/results/tabiclv2_prior_data/graph_scm_3stage_512_seed42/stage2_graph_scm_0114_seed42,multiclass,379,38,98,16,7,0.29591836734693877,0.24583380989604806,0.2850907029478458,0.7544219546366911,1.5033596971697856,4.9080047607421875,0.4063565731048584,ok,,379,341,0,98,1.4744890928268433,True,0.1,True,14,1e-05,True,4.8602423667907715,full_train_epoch_chunks,full train set chunked per epoch | validation=auto_stratified_validation | c_selection=f_mmd c_source=test c_metric=standardized_l2 | f_mmd_reserved_context=5% source=test | wise_ft=alpha0.1 rows=477<2000,30,1,epoch_chunk,accuracy,0.23684210526315788,0.2631578947368421,0.23684210526315788,0.2631578947368421,6,True,False,,f_mmd,test,standardized_l2,2.7902778985951815,1.1853436845235674,,True
stage2_graph_scm_0115_seed42,/home/crc00006699/zh/tabiclv2/results/tabiclv2_prior_data/graph_scm_3stage_512_seed42/stage2_graph_scm_0115_seed42,multiclass,797,80,199,39,5,0.9346733668341709,0.9327400558759399,0.8774292615596962,0.9981697897059121,0.1348332101978485,7.796183109283447,1.0912623405456543,ok,,797,717,0,199,0.10340011492371559,True,0.1,True,14,1e-05,True,7.695325613021851,full_train_epoch_chunks,full train set chunked per epoch | validation=auto_stratified_validation | c_selection=f_mmd c_source=test c_metric=standardized_l2 | f_mmd_reserved_context=5% source=test | wise_ft=alpha0.1 rows=996<2000,30,1,epoch_chunk,accuracy,0.975,0.9875,0.975,0.9875,6,True,False,,f_mmd,test,standardized_l2,2.194469957478585,0.24492532258161495,,True
stage2_graph_scm_0116_seed42,/home/crc00006699/zh/tabiclv2/results/tabiclv2_prior_data/graph_scm_3stage_512_seed42/stage2_graph_scm_0116_seed42,multiclass,386,39,98,56,8,1.0,1.0,1.0,1.0,0.005665357329131211,4.895528316497803,0.7641000747680664,ok,,386,347,0,98,0.04805421642959118,True,0.1,True,8,1e-05,True,4.775197505950928,full_train_epoch_chunks,full train set chunked per epoch | validation=auto_stratified_validation | c_selection=f_mmd c_source=test c_metric=standardized_l2 | f_mmd_reserved_context=5% source=test | wise_ft=alpha0.1 rows=484<2000,30,1,epoch_chunk,accuracy,0.9743589743589743,0.9743589743589743,0.9743589743589743,0.9743589743589743,0,True,False,,f_mmd,test,standardized_l2,5.319699166576194,0.5204870552887063,,True
stage2_graph_scm_0117_seed42,/home/crc00006699/zh/tabiclv2/results/tabiclv2_prior_data/graph_scm_3stage_512_seed42/stage2_graph_scm_0117_seed42,multiclass,3334,334,819,41,4,1.0,1.0,1.0,1.0,4.90958992733831e-07,8.166057586669922,1.8118107318878174,ok,,3334,3000,0,819,8.582075565755076e-07,True,0.1,False,8,1e-05,True,7.964118957519531,full_train_epoch_chunks,full train set chunked per epoch | validation=auto_stratified_validation | c_selection=f_mmd c_source=test c_metric=standardized_l2 | f_mmd_reserved_context=5% source=test | wise_ft_skipped rows=4153>=2000,30,1,epoch_chunk,accuracy,1.0,1.0,1.0,1.0,0,True,False,,f_mmd,test,standardized_l2,3.0558176413014606,0.560787551198847,,True
stage2_graph_scm_0118_seed42,/home/crc00006699/zh/tabiclv2/results/tabiclv2_prior_data/graph_scm_3stage_512_seed42/stage2_graph_scm_0118_seed42,binclass,1261,127,330,7,2,0.9575757575757575,0.9573507626627681,0.946031746031746,0.992973544973545,0.10120183346245121,3.2140514850616455,0.3725452423095703,ok,,1261,1134,0,330,0.09272496402263641,True,0.1,True,8,1e-05,True,3.178865432739258,full_train_epoch_chunks,full train set chunked per epoch | validation=auto_stratified_validation | c_selection=f_mmd c_source=test c_metric=standardized_l2 | f_mmd_reserved_context=5% source=test | wise_ft=alpha0.1 rows=1591<2000,30,1,epoch_chunk,accuracy,0.9448818897637795,0.9448818897637795,0.9448818897637795,0.9448818897637795,0,True,False,,f_mmd,test,standardized_l2,7.772478822404194,1.5587131441531936,,True
stage2_graph_scm_0119_seed42,/home/crc00006699/zh/tabiclv2/results/tabiclv2_prior_data/graph_scm_3stage_512_seed42/stage2_graph_scm_0119_seed42,multiclass,1254,126,324,6,4,0.4228395061728395,0.4038953623977733,0.34122575835280267,0.607814128028793,1.1879438554448882,5.303834915161133,0.40059828758239746,ok,,1254,1128,0,324,1.202964425086975,True,0.1,True,16,1e-05,True,5.27211332321167,full_train_epoch_chunks,full train set chunked per epoch | validation=auto_stratified_validation | c_selection=f_mmd c_source=test c_metric=standardized_l2 | f_mmd_reserved_context=5% source=test | wise_ft=alpha0.1 rows=1578<2000,30,1,epoch_chunk,accuracy,0.42857142857142855,0.4444444444444444,0.42857142857142855,0.4444444444444444,8,True,False,,f_mmd,test,standardized_l2,3.582913125435463,0.830450217283894,,True
stage2_graph_scm_0120_seed42,/home/crc00006699/zh/tabiclv2/results/tabiclv2_prior_data/graph_scm_3stage_512_seed42/stage2_graph_scm_0120_seed42,binclass,1684,169,438,23,2,1.0,1.0,1.0,1.0,0.0013199748261834448,4.24904990196228,0.7206721305847168,ok,,1684,1515,0,438,0.0005326902610249817,True,0.1,False,8,1e-05,True,4.169467926025391,full_train_epoch_chunks,full train set chunked per epoch | validation=auto_stratified_validation | c_selection=f_mmd c_source=test c_metric=standardized_l2 | f_mmd_reserved_context=5% source=test | wise_ft_skipped rows=2122>=2000,30,1,epoch_chunk,accuracy,1.0,1.0,1.0,1.0,0,True,False,,f_mmd,test,standardized_l2,4.959336629879893,2.1100762610516233,,True
stage2_graph_scm_0121_seed42,/home/crc00006699/zh/tabiclv2/results/tabiclv2_prior_data/graph_scm_3stage_512_seed42/stage2_graph_scm_0121_seed42,multiclass,1991,200,485,5,9,0.9814432989690721,0.9816878819722759,0.9786387539090975,0.9999282069703391,0.03832450450401578,3.769714593887329,0.5929110050201416,ok,,1991,1791,0,485,0.035538189113140106,True,0.1,False,11,1e-05,True,3.739344596862793,full_train_epoch_chunks,full train set chunked per epoch | validation=auto_stratified_validation | c_selection=f_mmd c_source=test c_metric=standardized_l2 | f_mmd_reserved_context=5% source=test | wise_ft_skipped rows=2476>=2000,30,1,epoch_chunk,accuracy,0.99,0.995,0.99,0.995,3,True,False,,f_mmd,test,standardized_l2,6.355079260111495,0.7477451877444214,,True
stage2_graph_scm_0122_seed42,/home/crc00006699/zh/tabiclv2/results/tabiclv2_prior_data/graph_scm_3stage_512_seed42/stage2_graph_scm_0122_seed42,binclass,2632,264,635,74,2,1.0,1.0,1.0,1.0,4.9955288560952e-07,10.498644351959229,2.0926127433776855,ok,,2632,2368,0,635,9.060409809080738e-07,True,0.1,False,8,1e-05,True,10.19532561302185,full_train_epoch_chunks,full train set chunked per epoch | validation=auto_stratified_validation | c_selection=f_mmd c_source=test c_metric=standardized_l2 | f_mmd_reserved_context=5% source=test | wise_ft_skipped rows=3267>=2000,30,1,epoch_chunk,accuracy,1.0,1.0,1.0,1.0,0,True,False,,f_mmd,test,standardized_l2,3.6710624073959846,0.5414115539166869,,True
stage2_graph_scm_0123_seed42,/home/crc00006699/zh/tabiclv2/results/tabiclv2_prior_data/graph_scm_3stage_512_seed42/stage2_graph_scm_0123_seed42,multiclass,470,47,113,17,4,0.5752212389380531,0.5495894436047428,0.48309812275329517,0.7600463991072426,1.0386875830689954,3.219714403152466,0.5065739154815674,ok,,470,423,0,113,1.0798816084861755,True,0.1,True,8,1e-05,True,3.172461986541748,full_train_epoch_chunks,full train set chunked per epoch | validation=auto_stratified_validation | c_selection=f_mmd c_source=test c_metric=standardized_l2 | f_mmd_reserved_context=5% source=test | wise_ft=alpha0.1 rows=583<2000,30,1,epoch_chunk,accuracy,0.5531914893617021,0.5531914893617021,0.5531914893617021,0.5531914893617021,0,True,False,,f_mmd,test,standardized_l2,5.781790281878675,1.0871555901348482,,True
stage2_graph_scm_0124_seed42,/home/crc00006699/zh/tabiclv2/results/tabiclv2_prior_data/graph_scm_3stage_512_seed42/stage2_graph_scm_0124_seed42,multiclass,1925,193,501,30,4,0.9461077844311377,0.9457306048967823,0.9480559465165377,0.9936163475663122,0.1487801754764453,8.427022695541382,0.9322876930236816,ok,,1925,1732,0,501,0.13349181413650513,True,0.1,False,14,1e-05,True,8.317569255828857,full_train_epoch_chunks,full train set chunked per epoch | validation=auto_stratified_validation | c_selection=f_mmd c_source=test c_metric=standardized_l2 | f_mmd_reserved_context=5% source=test | wise_ft_skipped rows=2426>=2000,30,1,epoch_chunk,accuracy,0.9430051813471503,0.9585492227979274,0.9430051813471503,0.9585492227979274,6,True,False,,f_mmd,test,standardized_l2,3.779083498158384,1.0233042807800583,,True
stage2_graph_scm_0125_seed42,/home/crc00006699/zh/tabiclv2/results/tabiclv2_prior_data/graph_scm_3stage_512_seed42/stage2_graph_scm_0125_seed42,multiclass,443,45,106,97,7,0.9716981132075472,0.9724238026124817,0.9557823129251701,0.9990476190476191,0.06141818124555499,6.73345422744751,0.6032133102416992,ok,,443,398,0,106,0.04704793728888035,True,0.1,True,8,1e-05,True,6.535234212875366,full_train_epoch_chunks,full train set chunked per epoch | validation=auto_stratified_validation | c_selection=f_mmd c_source=test c_metric=standardized_l2 | f_mmd_reserved_context=5% source=test | wise_ft=alpha0.1 rows=549<2000,30,1,epoch_chunk,accuracy,0.9777777777777777,0.9777777777777777,0.9777777777777777,0.9777777777777777,0,True,False,,f_mmd,test,standardized_l2,1.4915562099726971,0.045685629563253526,,True
stage2_graph_scm_0126_seed42,/home/crc00006699/zh/tabiclv2/results/tabiclv2_prior_data/graph_scm_3stage_512_seed42/stage2_graph_scm_0126_seed42,multiclass,881,89,222,25,4,0.9369369369369369,0.9330325441436553,0.899810606060606,0.9781356609571117,0.18943756391489577,4.193592071533203,0.9406256675720215,ok,,881,792,0,222,0.21977759897708893,True,0.1,True,8,1e-05,True,4.116941452026367,full_train_epoch_chunks,full train set chunked per epoch | validation=auto_stratified_validation | c_selection=f_mmd c_source=test c_metric=standardized_l2 | f_mmd_reserved_context=5% source=test | wise_ft=alpha0.1 rows=1103<2000,30,1,epoch_chunk,accuracy,0.9101123595505618,0.9101123595505618,0.9101123595505618,0.9101123595505618,0,True,False,,f_mmd,test,standardized_l2,2.801801111122706,0.4750633932194894,,True
stage2_graph_scm_0127_seed42,/home/crc00006699/zh/tabiclv2/results/tabiclv2_prior_data/graph_scm_3stage_512_seed42/stage2_graph_scm_0127_seed42,multiclass,745,75,183,77,7,0.5737704918032787,0.5609984805346556,0.5144761085463682,0.8736753265257569,1.1396138777837355,16.093806505203247,0.7366201877593994,ok,,745,670,0,183,1.2574241161346436,True,0.1,True,22,1e-05,True,15.912269115447998,full_train_epoch_chunks,full train set chunked per epoch | validation=auto_stratified_validation | c_selection=f_mmd c_source=test c_metric=standardized_l2 | f_mmd_reserved_context=5% source=test | wise_ft=alpha0.1 rows=928<2000,30,1,epoch_chunk,accuracy,0.52,0.56,0.52,0.56,14,True,False,,f_mmd,test,standardized_l2,4.088471144382298,0.5659806780922899,,True
stage2_graph_scm_0128_seed42,/home/crc00006699/zh/tabiclv2/results/tabiclv2_prior_data/graph_scm_3stage_512_seed42/stage2_graph_scm_0128_seed42,binclass,859,86,219,58,2,1.0,1.0,1.0,1.0,0.0004819790744275977,6.345804929733276,1.510632038116455,ok,,859,773,0,219,3.979577513746335e-06,True,0.1,True,8,1e-05,True,6.195997714996338,full_train_epoch_chunks,full train set chunked per epoch | validation=auto_stratified_validation | c_selection=f_mmd c_source=test c_metric=standardized_l2 | f_mmd_reserved_context=5% source=test | wise_ft=alpha0.1 rows=1078<2000,30,1,epoch_chunk,accuracy,1.0,1.0,1.0,1.0,0,True,False,,f_mmd,test,standardized_l2,3.2349083288350404,3.0824200129021713,,True
stage2_graph_scm_0129_seed42,/home/crc00006699/zh/tabiclv2/results/tabiclv2_prior_data/graph_scm_3stage_512_seed42/stage2_graph_scm_0129_seed42,multiclass,958,96,244,13,3,0.7213114754098361,0.6834350636507946,0.5894435084366435,0.8432462632531177,0.6799709695703415,5.007776260375977,0.7946460247039795,ok,,958,862,0,244,0.7086482048034668,True,0.1,True,13,1e-05,True,4.956190824508667,full_train_epoch_chunks,full train set chunked per epoch | validation=auto_stratified_validation | c_selection=f_mmd c_source=test c_metric=standardized_l2 | f_mmd_reserved_context=5% source=test | wise_ft=alpha0.1 rows=1202<2000,30,1,epoch_chunk,accuracy,0.7395833333333334,0.7604166666666666,0.7395833333333334,0.7604166666666666,5,True,False,,f_mmd,test,standardized_l2,2.440478397909856,0.23630938033604515,,True
stage2_graph_scm_0130_seed42,/home/crc00006699/zh/tabiclv2/results/tabiclv2_prior_data/graph_scm_3stage_512_seed42/stage2_graph_scm_0130_seed42,binclass,4711,472,1132,52,2,1.0,1.0,1.0,0.9999999999999999,1.5313222700375491e-06,10.988531827926636,3.3126742839813232,ok,,4711,4239,0,1132,8.279204735117673e-07,True,0.1,False,8,1e-05,True,10.724047422409058,full_train_epoch_chunks,full train set chunked per epoch | validation=auto_stratified_validation | c_selection=f_mmd c_source=test c_metric=standardized_l2 | f_mmd_reserved_context=5% source=test | wise_ft_skipped rows=5843>=2000,30,1,epoch_chunk,accuracy,1.0,1.0,1.0,1.0,0,True,False,,f_mmd,test,standardized_l2,9.777017447347154,2.9077283472309285,,True
stage2_graph_scm_0131_seed42,/home/crc00006699/zh/tabiclv2/results/tabiclv2_prior_data/graph_scm_3stage_512_seed42/stage2_graph_scm_0131_seed42,multiclass,2745,275,716,88,4,0.7164804469273743,0.6799004982256619,0.5046880639278823,0.8528470457566318,0.7424320796025329,16.438977479934692,2.577054262161255,ok,,2745,2470,0,716,0.8228867948055267,True,0.1,False,11,1e-05,True,16.07554531097412,full_train_epoch_chunks,full train set chunked per epoch | validation=auto_stratified_validation | c_selection=f_mmd c_source=test c_metric=standardized_l2 | f_mmd_reserved_context=5% source=test | wise_ft_skipped rows=3461>=2000,30,1,epoch_chunk,accuracy,0.6836363636363636,0.6981818181818182,0.6836363636363636,0.6981818181818182,3,True,False,,f_mmd,test,standardized_l2,1.9878877818094434,2.4621828330303677,,True
stage2_graph_scm_0132_seed42,/home/crc00006699/zh/tabiclv2/results/tabiclv2_prior_data/graph_scm_3stage_512_seed42/stage2_graph_scm_0132_seed42,multiclass,522,53,132,24,7,0.9696969696969697,0.969656020621672,0.9768183135323095,0.9994486643436868,0.10046635935265384,3.6375792026519775,0.6193137168884277,ok,,522,469,0,132,0.044897982850670815,True,0.1,True,8,1e-05,True,3.574801206588745,full_train_epoch_chunks,full train set chunked per epoch | validation=auto_stratified_validation | c_selection=f_mmd c_source=test c_metric=standardized_l2 | f_mmd_reserved_context=5% source=test | wise_ft=alpha0.1 rows=654<2000,30,1,epoch_chunk,accuracy,1.0,1.0,1.0,1.0,0,True,False,,f_mmd,test,standardized_l2,5.492030602254172,2.5143111346980573,,True
stage2_graph_scm_0133_seed42,/home/crc00006699/zh/tabiclv2/results/tabiclv2_prior_data/graph_scm_3stage_512_seed42/stage2_graph_scm_0133_seed42,multiclass,4702,471,1248,27,10,0.4639423076923077,0.4003990179884049,0.23301144112255337,0.8327763491130682,1.372517024192776,13.596951484680176,2.0670502185821533,ok,,4702,4231,0,1248,1.3650400042533875,True,0.1,False,14,1e-05,True,13.427671432495117,full_train_epoch_chunks,full train set chunked per epoch | validation=auto_stratified_validation | c_selection=f_mmd c_source=test c_metric=standardized_l2 | f_mmd_reserved_context=5% source=test | wise_ft_skipped rows=5950>=2000,30,1,epoch_chunk,accuracy,0.45222929936305734,0.4607218683651805,0.45222929936305734,0.4607218683651805,6,True,False,,f_mmd,test,standardized_l2,3.726774649256408,4.144936742437646,,True
stage2_graph_scm_0134_seed42,/home/crc00006699/zh/tabiclv2/results/tabiclv2_prior_data/graph_scm_3stage_512_seed42/stage2_graph_scm_0134_seed42,multiclass,949,95,235,46,3,0.8595744680851064,0.8235546958951214,0.47008547008547,0.9159425472973859,0.30635903099730527,5.72419285774231,1.4106764793395996,ok,,949,854,0,235,0.23916295170783997,True,0.1,True,8,1e-05,True,5.606142044067383,full_train_epoch_chunks,full train set chunked per epoch | validation=auto_stratified_validation | c_selection=f_mmd c_source=test c_metric=standardized_l2 | f_mmd_reserved_context=5% source=test | wise_ft=alpha0.1 rows=1184<2000,30,1,epoch_chunk,accuracy,0.8947368421052632,0.8947368421052632,0.8947368421052632,0.8947368421052632,0,True,False,,f_mmd,test,standardized_l2,4.317833909122592,3.947606606158116,,True
stage2_graph_scm_0135_seed42,/home/crc00006699/zh/tabiclv2/results/tabiclv2_prior_data/graph_scm_3stage_512_seed42/stage2_graph_scm_0135_seed42,multiclass,430,43,107,56,7,0.5233644859813084,0.4216510023905391,0.3122604140046001,0.7524525616578914,1.3704068400461578,7.681260585784912,0.8260242938995361,ok,,430,387,0,107,1.5610248446464539,True,0.1,True,13,1e-05,True,7.558924436569214,full_train_epoch_chunks,full train set chunked per epoch | validation=auto_stratified_validation | c_selection=f_mmd c_source=test c_metric=standardized_l2 | f_mmd_reserved_context=5% source=test | wise_ft=alpha0.1 rows=537<2000,30,1,epoch_chunk,accuracy,0.4186046511627907,0.4418604651162791,0.4186046511627907,0.4418604651162791,5,True,False,,f_mmd,test,standardized_l2,1.6090972694814982,0.06514179206505248,,True
stage2_graph_scm_0136_seed42,/home/crc00006699/zh/tabiclv2/results/tabiclv2_prior_data/graph_scm_3stage_512_seed42/stage2_graph_scm_0136_seed42,multiclass,414,42,110,54,10,0.4,0.3558167322873205,0.25922077922077924,0.7087969536945291,1.8817132445348344,5.929000377655029,0.8057901859283447,ok,,414,372,0,110,1.575698435306549,True,0.1,True,10,1e-05,True,5.8126139640808105,full_train_epoch_chunks,full train set chunked per epoch | validation=auto_stratified_validation | c_selection=f_mmd c_source=test c_metric=standardized_l2 | f_mmd_reserved_context=5% source=test | wise_ft=alpha0.1 rows=524<2000,30,1,epoch_chunk,accuracy,0.5238095238095238,0.5476190476190477,0.5238095238095238,0.5476190476190477,2,True,False,,f_mmd,test,standardized_l2,1.9015997136776566,0.0888373406334575,,True
stage2_graph_scm_0137_seed42,/home/crc00006699/zh/tabiclv2/results/tabiclv2_prior_data/graph_scm_3stage_512_seed42/stage2_graph_scm_0137_seed42,multiclass,5877,588,1404,72,6,0.9358974358974359,0.9358586174799294,0.9156140508563538,0.9964881042464045,0.17514088061615204,62.40322303771973,5.329043626785278,ok,,5877,5289,0,1404,0.15203598141670227,True,0.1,False,30,1e-05,True,61.86672902107239,full_train_epoch_chunks,full train set chunked per epoch | validation=auto_stratified_validation | c_selection=f_mmd c_source=test c_metric=standardized_l2 | f_mmd_reserved_context=5% source=test | wise_ft_skipped rows=7281>=2000,30,1,epoch_chunk,accuracy,0.9217687074829932,0.9472789115646258,0.9217687074829932,0.9472789115646258,23,False,False,,f_mmd,test,standardized_l2,4.893924489166668,2.39629006569783,,True
stage2_graph_scm_0138_seed42,/home/crc00006699/zh/tabiclv2/results/tabiclv2_prior_data/graph_scm_3stage_512_seed42/stage2_graph_scm_0138_seed42,multiclass,1555,156,386,49,4,0.3704663212435233,0.3615423141313991,0.3717868458088087,0.63609551405192,1.3275180453422037,7.782684564590454,0.9932372570037842,ok,,1555,1399,0,386,1.2923886179924011,True,0.1,True,10,1e-05,True,7.6283464431762695,full_train_epoch_chunks,full train set chunked per epoch | validation=auto_stratified_validation | c_selection=f_mmd c_source=test c_metric=standardized_l2 | f_mmd_reserved_context=5% source=test | wise_ft=alpha0.1 rows=1941<2000,30,1,epoch_chunk,accuracy,0.3974358974358974,0.41025641025641024,0.3974358974358974,0.41025641025641024,2,True,False,,f_mmd,test,standardized_l2,3.5774848178153666,0.7845703423200284,,True
stage2_graph_scm_0139_seed42,/home/crc00006699/zh/tabiclv2/results/tabiclv2_prior_data/graph_scm_3stage_512_seed42/stage2_graph_scm_0139_seed42,multiclass,902,91,219,8,4,1.0,1.0,1.0,1.0,5.005159224150357e-07,3.081683874130249,0.6820423603057861,ok,,902,811,0,219,4.635916866391199e-06,True,0.1,True,8,1e-05,True,3.046916961669922,full_train_epoch_chunks,full train set chunked per epoch | validation=auto_stratified_validation | c_selection=f_mmd c_source=test c_metric=standardized_l2 | f_mmd_reserved_context=5% source=test | wise_ft=alpha0.1 rows=1121<2000,30,1,epoch_chunk,accuracy,1.0,1.0,1.0,1.0,0,True,False,,f_mmd,test,standardized_l2,2.6467640565545643,1.0455657171441077,,True
stage2_graph_scm_0140_seed42,/home/crc00006699/zh/tabiclv2/results/tabiclv2_prior_data/graph_scm_3stage_512_seed42/stage2_graph_scm_0140_seed42,multiclass,7730,773,1935,49,10,0.8227390180878553,0.8208769417096677,0.7823252462533049,0.9809437069904398,0.4715685414093099,17.01525378227234,5.8166663646698,ok,,7730,6957,0,1935,0.5065977573394775,True,0.1,False,8,1e-05,True,16.56980323791504,full_train_epoch_chunks,full train set chunked per epoch | validation=auto_stratified_validation | c_selection=f_mmd c_source=test c_metric=standardized_l2 | f_mmd_reserved_context=5% source=test | wise_ft_skipped rows=9665>=2000,30,1,epoch_chunk,accuracy,0.815006468305304,0.815006468305304,0.815006468305304,0.815006468305304,0,True,False,,f_mmd,test,standardized_l2,2.577223374518284,4.334893324151274,,True
stage2_graph_scm_0141_seed42,/home/crc00006699/zh/tabiclv2/results/tabiclv2_prior_data/graph_scm_3stage_512_seed42/stage2_graph_scm_0141_seed42,multiclass,1485,149,368,73,4,0.9429347826086957,0.9419481802027536,0.9110237118103055,0.9944847862520543,0.10485561594061585,8.096990823745728,1.264373779296875,ok,,1485,1336,0,368,0.12007476761937141,True,0.1,True,8,1e-05,True,7.881093740463257,full_train_epoch_chunks,full train set chunked per epoch | validation=auto_stratified_validation | c_selection=f_mmd c_source=test c_metric=standardized_l2 | f_mmd_reserved_context=5% source=test | wise_ft=alpha0.1 rows=1853<2000,30,1,epoch_chunk,accuracy,0.9664429530201343,0.9664429530201343,0.9664429530201343,0.9664429530201343,0,True,False,,f_mmd,test,standardized_l2,3.357251487511285,1.9484063737609298,,True
stage2_graph_scm_0142_seed42,/home/crc00006699/zh/tabiclv2/results/tabiclv2_prior_data/graph_scm_3stage_512_seed42/stage2_graph_scm_0142_seed42,multiclass,3119,312,762,80,4,0.9553805774278216,0.9554809843672316,0.9543663361452321,0.9935965372155806,0.1297458757582754,17.770870208740234,2.955272674560547,ok,,3119,2807,0,762,0.13362395018339157,True,0.1,False,12,1e-05,True,17.387264251708984,full_train_epoch_chunks,full train set chunked per epoch | validation=auto_stratified_validation | c_selection=f_mmd c_source=test c_metric=standardized_l2 | f_mmd_reserved_context=5% source=test | wise_ft_skipped rows=3881>=2000,30,1,epoch_chunk,accuracy,0.9647435897435898,0.967948717948718,0.9647435897435898,0.967948717948718,4,True,False,,f_mmd,test,standardized_l2,3.9381805261517315,1.046056411809763,,True
stage2_graph_scm_0143_seed42,/home/crc00006699/zh/tabiclv2/results/tabiclv2_prior_data/graph_scm_3stage_512_seed42/stage2_graph_scm_0143_seed42,multiclass,2044,205,488,24,3,0.9938524590163934,0.9938593935441374,0.9940400170285227,0.9999443561412947,0.011242467378721043,4.776968240737915,0.871131181716919,ok,,2044,1839,0,488,0.009255481185391545,True,0.1,False,8,1e-05,True,4.681493520736694,full_train_epoch_chunks,full train set chunked per epoch | validation=auto_stratified_validation | c_selection=f_mmd c_source=test c_metric=standardized_l2 | f_mmd_reserved_context=5% source=test | wise_ft_skipped rows=2532>=2000,30,1,epoch_chunk,accuracy,1.0,1.0,1.0,1.0,0,True,False,,f_mmd,test,standardized_l2,3.9479948823418862,1.4256351194627621,,True
stage2_graph_scm_0144_seed42,/home/crc00006699/zh/tabiclv2/results/tabiclv2_prior_data/graph_scm_3stage_512_seed42/stage2_graph_scm_0144_seed42,binclass,7084,709,1693,61,2,1.0,1.0,1.0,1.0,9.173651122525022e-07,18.821101665496826,5.671409845352173,ok,,7084,6375,0,1693,1.0604017006698996e-06,True,0.1,False,8,1e-05,True,18.278123140335083,full_train_epoch_chunks,full train set chunked per epoch | validation=auto_stratified_validation | c_selection=f_mmd c_source=test c_metric=standardized_l2 | f_mmd_reserved_context=5% source=test | wise_ft_skipped rows=8777>=2000,30,1,epoch_chunk,accuracy,1.0,1.0,1.0,1.0,0,True,False,,f_mmd,test,standardized_l2,2.2502067025885464,0.8585787135279782,,True
stage2_graph_scm_0145_seed42,/home/crc00006699/zh/tabiclv2/results/tabiclv2_prior_data/graph_scm_3stage_512_seed42/stage2_graph_scm_0145_seed42,multiclass,483,49,124,56,4,0.7983870967741935,0.7462715422006185,0.26519607843137255,0.8227391010025524,0.5622363971601021,5.245842933654785,0.9139571189880371,ok,,483,434,0,124,0.5052837133407593,True,0.1,True,8,1e-05,True,5.122735500335693,full_train_epoch_chunks,full train set chunked per epoch | validation=auto_stratified_validation | c_selection=f_mmd c_source=test c_metric=standardized_l2 | f_mmd_reserved_context=5% source=test | wise_ft=alpha0.1 rows=607<2000,30,1,epoch_chunk,accuracy,0.8367346938775511,0.8367346938775511,0.8367346938775511,0.8367346938775511,0,True,False,,f_mmd,test,standardized_l2,1.8748416881094825,0.2757190320730047,,True
stage2_graph_scm_0146_seed42,/home/crc00006699/zh/tabiclv2/results/tabiclv2_prior_data/graph_scm_3stage_512_seed42/stage2_graph_scm_0146_seed42,multiclass,4239,424,1025,4,6,0.9034146341463415,0.9021463508766943,0.9003672969202688,0.9908100815430463,0.20789668023577051,7.147247552871704,1.1250922679901123,ok,,4239,3815,0,1025,0.1991269811987877,True,0.1,False,16,1e-05,True,7.110579490661621,full_train_epoch_chunks,full train set chunked per epoch | validation=auto_stratified_validation | c_selection=f_mmd c_source=test c_metric=standardized_l2 | f_mmd_reserved_context=5% source=test | wise_ft_skipped rows=5264>=2000,30,1,epoch_chunk,accuracy,0.8726415094339622,0.8938679245283019,0.8726415094339622,0.8938679245283019,8,True,False,,f_mmd,test,standardized_l2,8.518300899125617,4.593326650870298,,True
stage2_graph_scm_0147_seed42,/home/crc00006699/zh/tabiclv2/results/tabiclv2_prior_data/graph_scm_3stage_512_seed42/stage2_graph_scm_0147_seed42,multiclass,1379,138,364,61,4,0.9423076923076923,0.9431631392503322,0.9204368011890747,0.9889797195178813,0.16335251813159035,7.06394624710083,1.0769460201263428,ok,,1379,1241,0,364,0.12515963986516,True,0.1,True,8,1e-05,True,6.876682281494141,full_train_epoch_chunks,full train set chunked per epoch | validation=auto_stratified_validation | c_selection=f_mmd c_source=test c_metric=standardized_l2 | f_mmd_reserved_context=5% source=test | wise_ft=alpha0.1 rows=1743<2000,30,1,epoch_chunk,accuracy,0.9420289855072463,0.9420289855072463,0.9420289855072463,0.9420289855072463,0,True,False,,f_mmd,test,standardized_l2,3.202014228638121,3.02312520338607,,True
stage2_graph_scm_0148_seed42,/home/crc00006699/zh/tabiclv2/results/tabiclv2_prior_data/graph_scm_3stage_512_seed42/stage2_graph_scm_0148_seed42,multiclass,1223,123,325,36,8,0.6276923076923077,0.5925738635879748,0.5795089384521016,0.8976700842099639,0.9287190882909591,7.1511549949646,0.7002990245819092,ok,,1223,1100,0,325,0.8601328730583191,True,0.1,True,12,1e-05,True,7.040293216705322,full_train_epoch_chunks,full train set chunked per epoch | validation=auto_stratified_validation | c_selection=f_mmd c_source=test c_metric=standardized_l2 | f_mmd_reserved_context=5% source=test | wise_ft=alpha0.1 rows=1548<2000,30,1,epoch_chunk,accuracy,0.5609756097560976,0.5772357723577236,0.5609756097560976,0.5772357723577236,4,True,False,,f_mmd,test,standardized_l2,2.5944212955030665,0.2864831999293791,,True
stage2_graph_scm_0149_seed42,/home/crc00006699/zh/tabiclv2/results/tabiclv2_prior_data/graph_scm_3stage_512_seed42/stage2_graph_scm_0149_seed42,multiclass,7487,749,1957,4,4,0.9739397036280021,0.9737915376514245,0.9598798813143933,0.9944156876939045,0.0897232371930937,6.344925165176392,2.1763365268707275,ok,,7487,6738,0,1957,0.08480563759803772,True,0.1,False,8,1e-05,True,6.288042068481445,full_train_epoch_chunks,full train set chunked per epoch | validation=auto_stratified_validation | c_selection=f_mmd c_source=test c_metric=standardized_l2 | f_mmd_reserved_context=5% source=test | wise_ft_skipped rows=9444>=2000,30,1,epoch_chunk,accuracy,0.9692923898531375,0.9692923898531375,0.9692923898531375,0.9692923898531375,0,True,False,,f_mmd,test,standardized_l2,1.8838897242635175,0.026153846333724907,,True
stage2_graph_scm_0150_seed42,/home/crc00006699/zh/tabiclv2/results/tabiclv2_prior_data/graph_scm_3stage_512_seed42/stage2_graph_scm_0150_seed42,multiclass,1920,192,474,94,3,1.0,1.0,1.0,1.0,4.3005892787871066e-07,10.455071210861206,1.8471410274505615,ok,,1920,1728,0,474,1.039366821942167e-06,True,0.1,False,8,1e-05,True,10.157921314239502,full_train_epoch_chunks,full train set chunked per epoch | validation=auto_stratified_validation | c_selection=f_mmd c_source=test c_metric=standardized_l2 | f_mmd_reserved_context=5% source=test | wise_ft_skipped rows=2394>=2000,30,1,epoch_chunk,accuracy,1.0,1.0,1.0,1.0,0,True,False,,f_mmd,test,standardized_l2,2.9376679473572773,0.0,,True
stage2_graph_scm_0151_seed42,/home/crc00006699/zh/tabiclv2/results/tabiclv2_prior_data/graph_scm_3stage_512_seed42/stage2_graph_scm_0151_seed42,multiclass,1106,111,294,16,4,1.0,1.0,1.0,1.0,1.6203200037721648e-06,3.817786693572998,0.45764803886413574,ok,,1106,995,0,294,2.088858195747889e-06,True,0.1,True,8,1e-05,True,3.758694887161255,full_train_epoch_chunks,full train set chunked per epoch | validation=auto_stratified_validation | c_selection=f_mmd c_source=test c_metric=standardized_l2 | f_mmd_reserved_context=5% source=test | wise_ft=alpha0.1 rows=1400<2000,30,1,epoch_chunk,accuracy,1.0,1.0,1.0,1.0,0,True,False,,f_mmd,test,standardized_l2,6.4020497964034355,6.087224624996357,,True
stage2_graph_scm_0152_seed42,/home/crc00006699/zh/tabiclv2/results/tabiclv2_prior_data/graph_scm_3stage_512_seed42/stage2_graph_scm_0152_seed42,multiclass,1113,112,273,80,3,0.9706959706959707,0.9705378864819265,0.9730217207767288,0.9965405227253233,0.09781400639359068,7.8310546875,1.0485420227050781,ok,,1113,1001,0,273,0.11914250627160072,True,0.1,True,8,1e-05,True,7.605852842330933,full_train_epoch_chunks,full train set chunked per epoch | validation=auto_stratified_validation | c_selection=f_mmd c_source=test c_metric=standardized_l2 | f_mmd_reserved_context=5% source=test | wise_ft=alpha0.1 rows=1386<2000,30,1,epoch_chunk,accuracy,0.9375,0.9375,0.9375,0.9375,0,True,False,,f_mmd,test,standardized_l2,3.53337695650235,0.9648727215479813,,True
stage2_graph_scm_0153_seed42,/home/crc00006699/zh/tabiclv2/results/tabiclv2_prior_data/graph_scm_3stage_512_seed42/stage2_graph_scm_0153_seed42,multiclass,1591,160,421,92,3,0.5439429928741093,0.46425666221976375,0.3927398891823313,0.6294373133488541,0.9276995770408764,16.376890897750854,1.5879263877868652,ok,,1591,1431,0,421,0.882649689912796,True,0.1,False,14,1e-05,True,16.055763006210327,full_train_epoch_chunks,full train set chunked per epoch | validation=auto_stratified_validation | c_selection=f_mmd c_source=test c_metric=standardized_l2 | f_mmd_reserved_context=5% source=test | wise_ft_skipped rows=2012>=2000,30,1,epoch_chunk,accuracy,0.55625,0.575,0.55625,0.575,6,True,False,,f_mmd,test,standardized_l2,2.3755674251563503,0.3324921869101842,,True
stage2_graph_scm_0154_seed42,/home/crc00006699/zh/tabiclv2/results/tabiclv2_prior_data/graph_scm_3stage_512_seed42/stage2_graph_scm_0154_seed42,multiclass,3825,383,932,30,6,0.5686695278969958,0.49517545928124046,0.438867780445714,0.832317471272891,1.1344504924159609,19.80619502067566,1.7471368312835693,ok,,3825,3442,0,932,1.1388046741485596,True,0.1,False,23,1e-05,True,19.642101526260376,full_train_epoch_chunks,full train set chunked per epoch | validation=auto_stratified_validation | c_selection=f_mmd c_source=test c_metric=standardized_l2 | f_mmd_reserved_context=5% source=test | wise_ft_skipped rows=4757>=2000,30,1,epoch_chunk,accuracy,0.5195822454308094,0.5430809399477807,0.5195822454308094,0.5430809399477807,15,True,False,,f_mmd,test,standardized_l2,4.149543697258584,0.9529767845810129,,True
stage2_graph_scm_0155_seed42,/home/crc00006699/zh/tabiclv2/results/tabiclv2_prior_data/graph_scm_3stage_512_seed42/stage2_graph_scm_0155_seed42,multiclass,5030,503,1300,63,10,0.8392307692307692,0.8373972335491408,0.8044926962289513,0.9910269279003036,0.3748345706321843,24.850722074508667,4.547367095947266,ok,,5030,4527,0,1300,0.40942564606666565,True,0.1,False,14,1e-05,True,24.410888671875,full_train_epoch_chunks,full train set chunked per epoch | validation=auto_stratified_validation | c_selection=f_mmd c_source=test c_metric=standardized_l2 | f_mmd_reserved_context=5% source=test | wise_ft_skipped rows=6330>=2000,30,1,epoch_chunk,accuracy,0.8389662027833003,0.8548707753479126,0.8389662027833003,0.8548707753479126,6,True,False,,f_mmd,test,standardized_l2,2.2300186603040846,0.16906886663296725,,True
stage2_graph_scm_0156_seed42,/home/crc00006699/zh/tabiclv2/results/tabiclv2_prior_data/graph_scm_3stage_512_seed42/stage2_graph_scm_0156_seed42,multiclass,8199,820,2033,66,9,0.9950811608460404,0.9950724230151531,0.9926330023449671,0.9999122358398966,0.023287547603573464,22.15041971206665,6.929677486419678,ok,,8199,7379,0,2033,0.011633171699941158,True,0.1,False,8,1e-05,True,21.534116744995117,full_train_epoch_chunks,full train set chunked per epoch | validation=auto_stratified_validation | c_selection=f_mmd c_source=test c_metric=standardized_l2 | f_mmd_reserved_context=5% source=test | wise_ft_skipped rows=10232>=2000,30,1,epoch_chunk,accuracy,0.9902439024390244,0.9902439024390244,0.9902439024390244,0.9902439024390244,0,True,False,,f_mmd,test,standardized_l2,2.494863533392158,0.33848669945877047,,True
stage2_graph_scm_0157_seed42,/home/crc00006699/zh/tabiclv2/results/tabiclv2_prior_data/graph_scm_3stage_512_seed42/stage2_graph_scm_0157_seed42,binclass,1018,102,255,82,2,1.0,1.0,1.0,1.0,7.826432404167992e-05,8.130183696746826,0.9778435230255127,ok,,1018,916,0,255,0.005022264318540692,True,0.1,True,8,1e-05,True,7.911427021026611,full_train_epoch_chunks,full train set chunked per epoch | validation=auto_stratified_validation | c_selection=f_mmd c_source=test c_metric=standardized_l2 | f_mmd_reserved_context=5% source=test | wise_ft=alpha0.1 rows=1273<2000,30,1,epoch_chunk,accuracy,1.0,1.0,1.0,1.0,0,True,False,,f_mmd,test,standardized_l2,1.9501312235183064,0.12148629563263642,,True
stage2_graph_scm_0158_seed42,/home/crc00006699/zh/tabiclv2/results/tabiclv2_prior_data/graph_scm_3stage_512_seed42/stage2_graph_scm_0158_seed42,multiclass,802,81,192,26,4,0.6041666666666666,0.5393266482257112,0.3681097573873131,0.7552204514496532,0.9689635603180086,4.332355976104736,0.8944132328033447,ok,,802,721,0,192,1.0706977844238281,True,0.1,True,8,1e-05,True,4.260373830795288,full_train_epoch_chunks,full train set chunked per epoch | validation=auto_stratified_validation | c_selection=f_mmd c_source=test c_metric=standardized_l2 | f_mmd_reserved_context=5% source=test | wise_ft=alpha0.1 rows=994<2000,30,1,epoch_chunk,accuracy,0.5555555555555556,0.5555555555555556,0.5555555555555556,0.5555555555555556,0,True,False,,f_mmd,test,standardized_l2,3.2787516098962524,0.4937380908215731,,True
stage2_graph_scm_0159_seed42,/home/crc00006699/zh/tabiclv2/results/tabiclv2_prior_data/graph_scm_3stage_512_seed42/stage2_graph_scm_0159_seed42,multiclass,3537,354,862,73,4,0.39675174013921116,0.2851951437492179,0.27758178529543664,0.6056522939234092,1.3013967150862262,21.914586067199707,3.1975207328796387,ok,,3537,3183,0,862,1.2995286583900452,True,0.1,False,14,1e-05,True,21.523714542388916,full_train_epoch_chunks,full train set chunked per epoch | validation=auto_stratified_validation | c_selection=f_mmd c_source=test c_metric=standardized_l2 | f_mmd_reserved_context=5% source=test | wise_ft_skipped rows=4399>=2000,30,1,epoch_chunk,accuracy,0.3672316384180791,0.403954802259887,0.3672316384180791,0.403954802259887,6,True,False,,f_mmd,test,standardized_l2,1.993017904598122,0.18010639318472402,,True
stage2_graph_scm_0160_seed42,/home/crc00006699/zh/tabiclv2/results/tabiclv2_prior_data/graph_scm_3stage_512_seed42/stage2_graph_scm_0160_seed42,multiclass,1095,110,270,75,3,1.0,1.0,1.0,1.0,7.632050351370232e-05,7.562367916107178,0.9933159351348877,ok,,1095,985,0,270,7.029112111922586e-06,True,0.1,True,8,1e-05,True,7.353788614273071,full_train_epoch_chunks,full train set chunked per epoch | validation=auto_stratified_validation | c_selection=f_mmd c_source=test c_metric=standardized_l2 | f_mmd_reserved_context=5% source=test | wise_ft=alpha0.1 rows=1365<2000,30,1,epoch_chunk,accuracy,1.0,1.0,1.0,1.0,0,True,False,,f_mmd,test,standardized_l2,1.7910145456061124,0.0842819803795723,,True
stage2_graph_scm_0161_seed42,/home/crc00006699/zh/tabiclv2/results/tabiclv2_prior_data/graph_scm_3stage_512_seed42/stage2_graph_scm_0161_seed42,binclass,785,79,187,13,2,0.6898395721925134,0.6924135913106501,0.768,0.7616129032258064,0.4446608581589202,3.473240613937378,0.6838724613189697,ok,,785,706,0,187,0.4452957808971405,True,0.1,True,8,1e-05,True,3.428611993789673,full_train_epoch_chunks,full train set chunked per epoch | validation=auto_stratified_validation | c_selection=f_mmd c_source=test c_metric=standardized_l2 | f_mmd_reserved_context=5% source=test | wise_ft=alpha0.1 rows=972<2000,30,1,epoch_chunk,accuracy,0.7468354430379747,0.7468354430379747,0.7468354430379747,0.7468354430379747,0,True,False,,f_mmd,test,standardized_l2,3.0506129255730188,0.27687509442880237,,True
stage2_graph_scm_0162_seed42,/home/crc00006699/zh/tabiclv2/results/tabiclv2_prior_data/graph_scm_3stage_512_seed42/stage2_graph_scm_0162_seed42,multiclass,8116,812,2051,62,10,0.9990248659190639,0.9990288833003035,0.9986052409129332,1.0,0.0021458795668081337,20.844377756118774,6.4473912715911865,ok,,8116,7304,0,2051,0.0017471041064709425,True,0.1,False,8,1e-05,True,20.28886890411377,full_train_epoch_chunks,full train set chunked per epoch | validation=auto_stratified_validation | c_selection=f_mmd c_source=test c_metric=standardized_l2 | f_mmd_reserved_context=5% source=test | wise_ft_skipped rows=10167>=2000,30,1,epoch_chunk,accuracy,0.9987684729064039,0.9987684729064039,0.9987684729064039,0.9987684729064039,0,True,False,,f_mmd,test,standardized_l2,4.207675836236142,6.979112676938846,,True
stage2_graph_scm_0163_seed42,/home/crc00006699/zh/tabiclv2/results/tabiclv2_prior_data/graph_scm_3stage_512_seed42/stage2_graph_scm_0163_seed42,multiclass,2752,276,715,70,6,1.0,1.0,1.0,1.0,0.0005200499349601051,10.48196816444397,2.154827117919922,ok,,2752,2476,0,715,0.0016266899765469134,True,0.1,False,8,1e-05,True,10.199971437454224,full_train_epoch_chunks,full train set chunked per epoch | validation=auto_stratified_validation | c_selection=f_mmd c_source=test c_metric=standardized_l2 | f_mmd_reserved_context=5% source=test | wise_ft_skipped rows=3467>=2000,30,1,epoch_chunk,accuracy,1.0,1.0,1.0,1.0,0,True,False,,f_mmd,test,standardized_l2,8.264680587575054,2.88167880313386,,True
stage2_graph_scm_0164_seed42,/home/crc00006699/zh/tabiclv2/results/tabiclv2_prior_data/graph_scm_3stage_512_seed42/stage2_graph_scm_0164_seed42,multiclass,480,48,118,9,9,0.3728813559322034,0.2991531431936025,0.3181735657225853,0.6897539677791897,1.7678248052800603,3.1120965480804443,0.5224251747131348,ok,,480,432,0,118,1.8318957090377808,True,0.1,True,8,1e-05,True,3.0798850059509277,full_train_epoch_chunks,full train set chunked per epoch | validation=auto_stratified_validation | c_selection=f_mmd c_source=test c_metric=standardized_l2 | f_mmd_reserved_context=5% source=test | wise_ft=alpha0.1 rows=598<2000,30,1,epoch_chunk,accuracy,0.3333333333333333,0.3333333333333333,0.3333333333333333,0.3333333333333333,0,True,False,,f_mmd,test,standardized_l2,5.2148598619274225,2.380281363010148,,True
stage2_graph_scm_0165_seed42,/home/crc00006699/zh/tabiclv2/results/tabiclv2_prior_data/graph_scm_3stage_512_seed42/stage2_graph_scm_0165_seed42,binclass,586,59,140,64,2,0.7071428571428572,0.6939635104585985,0.6569055944055944,0.7893356643356644,0.5225813344424044,6.117591857910156,0.5596914291381836,ok,,586,527,0,140,0.515301525592804,True,0.1,True,8,1e-05,True,5.966257095336914,full_train_epoch_chunks,full train set chunked per epoch | validation=auto_stratified_validation | c_selection=f_mmd c_source=test c_metric=standardized_l2 | f_mmd_reserved_context=5% source=test | wise_ft=alpha0.1 rows=726<2000,30,1,epoch_chunk,accuracy,0.7288135593220338,0.7288135593220338,0.7288135593220338,0.7288135593220338,0,True,False,,f_mmd,test,standardized_l2,3.0482284179351997,0.5239162871785866,,True
stage2_graph_scm_0166_seed42,/home/crc00006699/zh/tabiclv2/results/tabiclv2_prior_data/graph_scm_3stage_512_seed42/stage2_graph_scm_0166_seed42,binclass,2983,299,724,61,2,1.0,1.0,1.0,1.0,8.394058448271441e-07,10.117985963821411,2.076549530029297,ok,,2983,2684,0,724,1.5041276810734416e-06,True,0.1,False,8,1e-05,True,9.864441633224487,full_train_epoch_chunks,full train set chunked per epoch | validation=auto_stratified_validation | c_selection=f_mmd c_source=test c_metric=standardized_l2 | f_mmd_reserved_context=5% source=test | wise_ft_skipped rows=3707>=2000,30,1,epoch_chunk,accuracy,1.0,1.0,1.0,1.0,0,True,False,,f_mmd,test,standardized_l2,5.77546167875387,8.251264868657536,,True
stage2_graph_scm_0167_seed42,/home/crc00006699/zh/tabiclv2/results/tabiclv2_prior_data/graph_scm_3stage_512_seed42/stage2_graph_scm_0167_seed42,multiclass,435,44,116,77,3,1.0,1.0,1.0,1.0,3.59683401255069e-07,5.788547992706299,0.5319981575012207,ok,,435,391,0,116,9.185228577734961e-07,True,0.1,True,8,1e-05,True,5.593251705169678,full_train_epoch_chunks,full train set chunked per epoch | validation=auto_stratified_validation | c_selection=f_mmd c_source=test c_metric=standardized_l2 | f_mmd_reserved_context=5% source=test | wise_ft=alpha0.1 rows=551<2000,30,1,epoch_chunk,accuracy,1.0,1.0,1.0,1.0,0,True,False,,f_mmd,test,standardized_l2,2.7944891603226125,0.2155880847525313,,True
stage2_graph_scm_0168_seed42,/home/crc00006699/zh/tabiclv2/results/tabiclv2_prior_data/graph_scm_3stage_512_seed42/stage2_graph_scm_0168_seed42,multiclass,4107,411,1051,100,3,0.7840152235965747,0.7642163030509251,0.6796924751408359,0.9058921282035802,0.5100111933514566,17.916309118270874,4.953510046005249,ok,,4107,3696,0,1051,0.5905083119869232,True,0.1,False,8,1e-05,True,17.358097791671753,full_train_epoch_chunks,full train set chunked per epoch | validation=auto_stratified_validation | c_selection=f_mmd c_source=test c_metric=standardized_l2 | f_mmd_reserved_context=5% source=test | wise_ft_skipped rows=5158>=2000,30,1,epoch_chunk,accuracy,0.7347931873479319,0.7347931873479319,0.7347931873479319,0.7347931873479319,0,True,False,,f_mmd,test,standardized_l2,2.6498179128558443,2.9681429450172576,,True
stage2_graph_scm_0169_seed42,/home/crc00006699/zh/tabiclv2/results/tabiclv2_prior_data/graph_scm_3stage_512_seed42/stage2_graph_scm_0169_seed42,multiclass,1607,161,415,14,3,0.9855421686746988,0.9855268002850275,0.9835268347902133,0.9997336048933702,0.026247119285818205,3.608363389968872,0.5735900402069092,ok,,1607,1446,0,415,0.018559621647000313,True,0.1,False,8,1e-05,True,3.550159215927124,full_train_epoch_chunks,full train set chunked per epoch | validation=auto_stratified_validation | c_selection=f_mmd c_source=test c_metric=standardized_l2 | f_mmd_reserved_context=5% source=test | wise_ft_skipped rows=2022>=2000,30,1,epoch_chunk,accuracy,0.9875776397515528,0.9875776397515528,0.9875776397515528,0.9875776397515528,0,True,False,,f_mmd,test,standardized_l2,4.734883868767301,0.4016481799353597,,True
stage2_graph_scm_0170_seed42,/home/crc00006699/zh/tabiclv2/results/tabiclv2_prior_data/graph_scm_3stage_512_seed42/stage2_graph_scm_0170_seed42,multiclass,614,62,151,47,7,1.0,1.0,1.0,1.0,3.8407562480758847e-07,5.220269441604614,0.9953303337097168,ok,,614,552,0,151,1.4695254435537208e-06,True,0.1,True,8,1e-05,True,5.024785995483398,full_train_epoch_chunks,full train set chunked per epoch | validation=auto_stratified_validation | c_selection=f_mmd c_source=test c_metric=standardized_l2 | f_mmd_reserved_context=5% source=test | wise_ft=alpha0.1 rows=765<2000,30,1,epoch_chunk,accuracy,1.0,1.0,1.0,1.0,0,True,False,,f_mmd,test,standardized_l2,2.368371041197024,1.0519117542833771,,True
stage3_graph_scm_0000_seed42,/home/crc00006699/zh/tabiclv2/results/tabiclv2_prior_data/graph_scm_3stage_512_seed42/stage3_graph_scm_0000_seed42,binclass,856,86,228,9,2,1.0,1.0,1.0,1.0,0.00016294820522894628,3.278186559677124,0.7368569374084473,ok,,856,770,0,228,0.005417900392785668,True,0.1,True,8,1e-05,True,3.2428946495056152,full_train_epoch_chunks,full train set chunked per epoch | validation=auto_stratified_validation | c_selection=f_mmd c_source=test c_metric=standardized_l2 | f_mmd_reserved_context=5% source=test | wise_ft=alpha0.1 rows=1084<2000,30,1,epoch_chunk,accuracy,1.0,1.0,1.0,1.0,0,True,False,,f_mmd,test,standardized_l2,2.4036375052690064,0.3125948883212313,,True
stage3_graph_scm_0001_seed42,/home/crc00006699/zh/tabiclv2/results/tabiclv2_prior_data/graph_scm_3stage_512_seed42/stage3_graph_scm_0001_seed42,multiclass,646,65,161,26,10,0.5838509316770186,0.5272520443881437,0.4628026935411846,0.9299862594407701,0.9627278225590105,3.9405837059020996,0.7591452598571777,ok,,646,581,0,161,0.8920862674713135,True,0.1,True,8,1e-05,True,3.8694980144500732,full_train_epoch_chunks,full train set chunked per epoch | validation=auto_stratified_validation | c_selection=f_mmd c_source=test c_metric=standardized_l2 | f_mmd_reserved_context=5% source=test | wise_ft=alpha0.1 rows=807<2000,30,1,epoch_chunk,accuracy,0.6307692307692307,0.6307692307692307,0.6307692307692307,0.6307692307692307,0,True,False,,f_mmd,test,standardized_l2,3.2063333347668577,0.5270807249594319,,True
stage3_graph_scm_0002_seed42,/home/crc00006699/zh/tabiclv2/results/tabiclv2_prior_data/graph_scm_3stage_512_seed42/stage3_graph_scm_0002_seed42,multiclass,748,75,180,17,9,0.9277777777777778,0.932190736675655,0.7991927260990441,0.9935250008466352,0.18654957378028528,8.926177740097046,0.7035732269287109,ok,,748,673,0,180,0.26309554278850555,True,0.1,True,24,1e-05,True,8.866885423660278,full_train_epoch_chunks,full train set chunked per epoch | validation=auto_stratified_validation | c_selection=f_mmd c_source=test c_metric=standardized_l2 | f_mmd_reserved_context=5% source=test | wise_ft=alpha0.1 rows=928<2000,30,1,epoch_chunk,accuracy,0.8666666666666667,0.8933333333333333,0.8666666666666667,0.8933333333333333,16,True,False,,f_mmd,test,standardized_l2,5.122354304139637,8.91508662820654,,True
stage3_graph_scm_0003_seed42,/home/crc00006699/zh/tabiclv2/results/tabiclv2_prior_data/graph_scm_3stage_512_seed42/stage3_graph_scm_0003_seed42,multiclass,415,42,107,36,10,0.38317757009345793,0.38157053963397625,0.3818181818181818,0.8062725883130824,1.7872820520203843,10.144634485244751,0.7942659854888916,ok,,415,373,0,107,1.5830507278442383,True,0.1,True,23,1e-05,True,10.01533842086792,full_train_epoch_chunks,full train set chunked per epoch | validation=auto_stratified_validation | c_selection=f_mmd c_source=test c_metric=standardized_l2 | f_mmd_reserved_context=5% source=test | wise_ft=alpha0.1 rows=522<2000,30,1,epoch_chunk,accuracy,0.5476190476190477,0.6190476190476191,0.5476190476190477,0.6190476190476191,15,True,False,,f_mmd,test,standardized_l2,2.2771336625488674,0.19627611207249301,,True
stage3_graph_scm_0004_seed42,/home/crc00006699/zh/tabiclv2/results/tabiclv2_prior_data/graph_scm_3stage_512_seed42/stage3_graph_scm_0004_seed42,multiclass,1633,164,399,21,3,1.0,1.0,1.0,1.0,6.16661987426203e-07,5.620489597320557,0.6823568344116211,ok,,1633,1469,0,399,3.3948201689781854e-06,True,0.1,False,8,1e-05,True,5.5429651737213135,full_train_epoch_chunks,full train set chunked per epoch | validation=auto_stratified_validation | c_selection=f_mmd c_source=test c_metric=standardized_l2 | f_mmd_reserved_context=5% source=test | wise_ft_skipped rows=2032>=2000,30,1,epoch_chunk,accuracy,0.9939024390243902,0.9939024390243902,0.9939024390243902,0.9939024390243902,0,True,False,,f_mmd,test,standardized_l2,2.3074405114649053,0.24671316289184295,,True
stage3_graph_scm_0005_seed42,/home/crc00006699/zh/tabiclv2/results/tabiclv2_prior_data/graph_scm_3stage_512_seed42/stage3_graph_scm_0005_seed42,multiclass,1964,197,501,73,3,1.0,1.0,1.0,1.0,0.0016602375710471737,9.956104516983032,1.584136962890625,ok,,1964,1767,0,501,0.0004277997504686937,True,0.1,False,8,1e-05,True,9.712543249130249,full_train_epoch_chunks,full train set chunked per epoch | validation=auto_stratified_validation | c_selection=f_mmd c_source=test c_metric=standardized_l2 | f_mmd_reserved_context=5% source=test | wise_ft_skipped rows=2465>=2000,30,1,epoch_chunk,accuracy,1.0,1.0,1.0,1.0,0,True,False,,f_mmd,test,standardized_l2,3.443356722733183,1.6362291027824893,,True
stage3_graph_scm_0006_seed42,/home/crc00006699/zh/tabiclv2/results/tabiclv2_prior_data/graph_scm_3stage_512_seed42/stage3_graph_scm_0006_seed42,binclass,24299,2430,5849,32,2,1.0,1.0,1.0,1.0,1.858964061162092e-07,40.471893548965454,17.693418741226196,ok,,24299,21869,0,5849,2.735741304604744e-07,True,0.1,False,24,1e-05,True,39.495803356170654,full_train_epoch_chunks,full train set chunked per epoch | validation=auto_stratified_validation | c_selection=f_mmd c_source=test c_metric=standardized_l2 | f_mmd_reserved_context=5% source=test | wise_ft_skipped rows=30148>=2000,30,3,epoch_chunk,accuracy,1.0,1.0,1.0,1.0,0,True,False,,f_mmd,test,standardized_l2,5.538334308136029,0.43599450897562386,,True
stage3_graph_scm_0007_seed42,/home/crc00006699/zh/tabiclv2/results/tabiclv2_prior_data/graph_scm_3stage_512_seed42/stage3_graph_scm_0007_seed42,multiclass,22421,2243,5875,23,7,0.23863829787234042,0.12424612889813944,0.19815875618445963,0.5997327821264812,1.8618035364190224,54.41133213043213,14.480324745178223,ok,,22421,20178,0,5875,1.8353375792503357,True,0.1,False,33,1e-05,True,53.23197078704834,full_train_epoch_chunks,full train set chunked per epoch | validation=auto_stratified_validation | c_selection=f_mmd c_source=test c_metric=standardized_l2 | f_mmd_reserved_context=5% source=test | wise_ft_skipped rows=28296>=2000,30,3,epoch_chunk,accuracy,0.21533660276415514,0.22781988408381632,0.21533660276415514,0.22781988408381632,3,True,False,,f_mmd,test,standardized_l2,2.6369754482592085,0.3414743532020754,,True
stage3_graph_scm_0008_seed42,/home/crc00006699/zh/tabiclv2/results/tabiclv2_prior_data/graph_scm_3stage_512_seed42/stage3_graph_scm_0008_seed42,multiclass,483,49,125,86,6,1.0,1.0,1.0,1.0,3.1580988914543313e-06,15.980933904647827,1.2502477169036865,ok,,483,434,0,125,0.005661064758896828,True,0.1,True,8,1e-05,True,15.159832239151001,full_train_epoch_chunks,full train set chunked per epoch | validation=auto_stratified_validation | c_selection=f_mmd c_source=test c_metric=standardized_l2 | f_mmd_reserved_context=5% source=test | wise_ft=alpha0.1 rows=608<2000,30,1,epoch_chunk,accuracy,0.9795918367346939,0.9795918367346939,0.9795918367346939,0.9795918367346939,0,True,False,,f_mmd,test,standardized_l2,3.1133873127396026,0.17648111346118264,,True
stage3_graph_scm_0009_seed42,/home/crc00006699/zh/tabiclv2/results/tabiclv2_prior_data/graph_scm_3stage_512_seed42/stage3_graph_scm_0009_seed42,multiclass,39894,3990,9778,28,9,0.5456125997136428,0.3852105100869827,0.1111111111111111,0.5249217499840787,1.4625694708418169,112.82089400291443,36.85214900970459,ok,,39894,35904,0,9778,1.4586329460144043,True,0.1,False,36,1e-05,True,108.52859330177307,full_train_epoch_chunks,full train set chunked per epoch | validation=auto_stratified_validation | c_selection=f_mmd c_source=test c_metric=standardized_l2 | f_mmd_reserved_context=5% source=test | wise_ft_skipped rows=49672>=2000,30,4,epoch_chunk,accuracy,0.5431077694235589,0.5446115288220551,0.5431077694235589,0.5446115288220551,1,True,False,,f_mmd,test,standardized_l2,2.154479109305049,0.2014146812481831,,True
stage3_graph_scm_0010_seed42,/home/crc00006699/zh/tabiclv2/results/tabiclv2_prior_data/graph_scm_3stage_512_seed42/stage3_graph_scm_0010_seed42,multiclass,341,35,90,2,4,0.9333333333333333,0.903448275862069,0.75,0.9386041475885226,0.17644765287496758,4.941547393798828,0.22368502616882324,ok,,341,306,0,90,0.20602504163980484,True,0.1,True,8,1e-05,True,4.903558015823364,full_train_epoch_chunks,full train set chunked per epoch | validation=auto_stratified_validation | c_selection=f_mmd c_source=test c_metric=standardized_l2 | f_mmd_reserved_context=5% source=test | wise_ft=alpha0.1 rows=431<2000,30,1,epoch_chunk,accuracy,0.9142857142857143,0.9142857142857143,0.9142857142857143,0.9142857142857143,0,True,False,,f_mmd,test,standardized_l2,1.8528507070351719,0.0,,True
stage3_graph_scm_0011_seed42,/home/crc00006699/zh/tabiclv2/results/tabiclv2_prior_data/graph_scm_3stage_512_seed42/stage3_graph_scm_0011_seed42,multiclass,1302,131,336,42,5,1.0,1.0,1.0,1.0,7.591356408296029e-05,10.946747303009033,1.3996829986572266,ok,,1302,1171,0,336,2.856183186850103e-06,True,0.1,True,8,1e-05,True,10.506957292556763,full_train_epoch_chunks,full train set chunked per epoch | validation=auto_stratified_validation | c_selection=f_mmd c_source=test c_metric=standardized_l2 | f_mmd_reserved_context=5% source=test | wise_ft=alpha0.1 rows=1638<2000,30,1,epoch_chunk,accuracy,0.9923664122137404,0.9923664122137404,0.9923664122137404,0.9923664122137404,0,True,False,,f_mmd,test,standardized_l2,3.2408443669806277,1.8026309915989844,,True
stage3_graph_scm_0012_seed42,/home/crc00006699/zh/tabiclv2/results/tabiclv2_prior_data/graph_scm_3stage_512_seed42/stage3_graph_scm_0012_seed42,binclass,320,32,80,11,2,0.825,0.7949754901960785,0.6311858076563959,0.8085901027077498,0.4353681575739333,8.382087707519531,0.5202116966247559,ok,,320,288,0,80,0.5052206516265869,True,0.1,True,11,1e-05,True,8.30248212814331,full_train_epoch_chunks,full train set chunked per epoch | validation=auto_stratified_validation | c_selection=f_mmd c_source=test c_metric=standardized_l2 | f_mmd_reserved_context=5% source=test | wise_ft=alpha0.1 rows=400<2000,30,1,epoch_chunk,accuracy,0.65625,0.6875,0.65625,0.6875,3,True,False,,f_mmd,test,standardized_l2,3.932786996107661,1.8144511525943898,,True
stage3_graph_scm_0013_seed42,/home/crc00006699/zh/tabiclv2/results/tabiclv2_prior_data/graph_scm_3stage_512_seed42/stage3_graph_scm_0013_seed42,multiclass,1891,190,456,17,6,1.0,1.0,1.0,1.0,0.0005468329491816196,5.672001123428345,1.0720264911651611,ok,,1891,1701,0,456,1.2536258964246372e-06,True,0.1,False,8,1e-05,True,5.572152853012085,full_train_epoch_chunks,full train set chunked per epoch | validation=auto_stratified_validation | c_selection=f_mmd c_source=test c_metric=standardized_l2 | f_mmd_reserved_context=5% source=test | wise_ft_skipped rows=2347>=2000,30,1,epoch_chunk,accuracy,0.9947368421052631,0.9947368421052631,0.9947368421052631,0.9947368421052631,0,True,False,,f_mmd,test,standardized_l2,5.1924305199047245,1.195409806763089,,True
stage3_graph_scm_0014_seed42,/home/crc00006699/zh/tabiclv2/results/tabiclv2_prior_data/graph_scm_3stage_512_seed42/stage3_graph_scm_0014_seed42,multiclass,3382,339,826,35,7,0.7421307506053268,0.7419566558962443,0.7325342551284331,0.9622593298134932,0.630635842273752,15.824591875076294,1.6677379608154297,ok,,3382,3043,0,826,0.6437987089157104,True,0.1,False,16,1e-05,True,15.649185180664062,full_train_epoch_chunks,full train set chunked per epoch | validation=auto_stratified_validation | c_selection=f_mmd c_source=test c_metric=standardized_l2 | f_mmd_reserved_context=5% source=test | wise_ft_skipped rows=4208>=2000,30,1,epoch_chunk,accuracy,0.7404129793510325,0.7492625368731564,0.7404129793510325,0.7492625368731564,8,True,False,,f_mmd,test,standardized_l2,3.2400148075798554,1.8950354432782108,,True
stage3_graph_scm_0015_seed42,/home/crc00006699/zh/tabiclv2/results/tabiclv2_prior_data/graph_scm_3stage_512_seed42/stage3_graph_scm_0015_seed42,multiclass,3286,329,827,53,3,0.7085852478839177,0.6905108920227829,0.6371153192922187,0.8419835681160667,0.6995624759163629,10.843403339385986,2.1678457260131836,ok,,3286,2957,0,827,0.6561746895313263,True,0.1,False,8,1e-05,True,10.587888717651367,full_train_epoch_chunks,full train set chunked per epoch | validation=auto_stratified_validation | c_selection=f_mmd c_source=test c_metric=standardized_l2 | f_mmd_reserved_context=5% source=test | wise_ft_skipped rows=4113>=2000,30,1,epoch_chunk,accuracy,0.7142857142857143,0.7142857142857143,0.7142857142857143,0.7142857142857143,0,True,False,,f_mmd,test,standardized_l2,3.4441396856678828,3.1039105360806363,,True
stage3_graph_scm_0016_seed42,/home/crc00006699/zh/tabiclv2/results/tabiclv2_prior_data/graph_scm_3stage_512_seed42/stage3_graph_scm_0016_seed42,multiclass,1109,111,284,49,6,0.75,0.7490796646158248,0.7341517068120992,0.9622612753257251,0.5728544672988075,10.906198024749756,0.7877659797668457,ok,,1109,998,0,284,0.5101203620433807,True,0.1,True,13,1e-05,True,10.767000913619995,full_train_epoch_chunks,full train set chunked per epoch | validation=auto_stratified_validation | c_selection=f_mmd c_source=test c_metric=standardized_l2 | f_mmd_reserved_context=5% source=test | wise_ft=alpha0.1 rows=1393<2000,30,1,epoch_chunk,accuracy,0.7927927927927928,0.8108108108108109,0.7927927927927928,0.8108108108108109,5,True,False,,f_mmd,test,standardized_l2,2.6284906564412736,0.8039979198934734,,True
stage3_graph_scm_0017_seed42,/home/crc00006699/zh/tabiclv2/results/tabiclv2_prior_data/graph_scm_3stage_512_seed42/stage3_graph_scm_0017_seed42,binclass,2608,261,633,45,2,1.0,1.0,1.0,1.0,9.582891156007156e-07,9.17272663116455,1.7825565338134766,ok,,2608,2347,0,633,9.967066034732852e-06,True,0.1,False,8,1e-05,True,8.697525024414062,full_train_epoch_chunks,full train set chunked per epoch | validation=auto_stratified_validation | c_selection=f_mmd c_source=test c_metric=standardized_l2 | f_mmd_reserved_context=5% source=test | wise_ft_skipped rows=3241>=2000,30,1,epoch_chunk,accuracy,1.0,1.0,1.0,1.0,0,True,False,,f_mmd,test,standardized_l2,2.7594436971656227,4.5826467291106,,True
stage3_graph_scm_0018_seed42,/home/crc00006699/zh/tabiclv2/results/tabiclv2_prior_data/graph_scm_3stage_512_seed42/stage3_graph_scm_0018_seed42,multiclass,2585,259,680,62,5,1.0,1.0,1.0,1.0,9.597614014027618e-07,10.617058277130127,1.848351240158081,ok,,2585,2326,0,680,1.0227644224869437e-06,True,0.1,False,8,1e-05,True,10.356535911560059,full_train_epoch_chunks,full train set chunked per epoch | validation=auto_stratified_validation | c_selection=f_mmd c_source=test c_metric=standardized_l2 | f_mmd_reserved_context=5% source=test | wise_ft_skipped rows=3265>=2000,30,1,epoch_chunk,accuracy,1.0,1.0,1.0,1.0,0,True,False,,f_mmd,test,standardized_l2,3.5814838914812466,0.660339231976033,,True
stage3_graph_scm_0019_seed42,/home/crc00006699/zh/tabiclv2/results/tabiclv2_prior_data/graph_scm_3stage_512_seed42/stage3_graph_scm_0019_seed42,multiclass,679,68,163,32,5,0.7239263803680982,0.7120347188598722,0.6294545454545455,0.9366169411129401,0.598803340185781,4.885144948959351,0.8750803470611572,ok,,679,611,0,163,0.6693349778652191,True,0.1,True,8,1e-05,True,4.7998974323272705,full_train_epoch_chunks,full train set chunked per epoch | validation=auto_stratified_validation | c_selection=f_mmd c_source=test c_metric=standardized_l2 | f_mmd_reserved_context=5% source=test | wise_ft=alpha0.1 rows=842<2000,30,1,epoch_chunk,accuracy,0.7352941176470589,0.7352941176470589,0.7352941176470589,0.7352941176470589,0,True,False,,f_mmd,test,standardized_l2,4.061509957038458,0.6718186510564736,,True
stage3_graph_scm_0020_seed42,/home/crc00006699/zh/tabiclv2/results/tabiclv2_prior_data/graph_scm_3stage_512_seed42/stage3_graph_scm_0020_seed42,multiclass,548,55,138,30,8,0.47101449275362317,0.41737089724466997,0.3583445879481686,0.84065679346034,1.382089067997876,11.068094491958618,0.7520487308502197,ok,,548,493,0,138,1.3892024755477905,True,0.1,True,22,1e-05,True,10.94674801826477,full_train_epoch_chunks,full train set chunked per epoch | validation=auto_stratified_validation | c_selection=f_mmd c_source=test c_metric=standardized_l2 | f_mmd_reserved_context=5% source=test | wise_ft=alpha0.1 rows=686<2000,30,1,epoch_chunk,accuracy,0.43636363636363634,0.4727272727272727,0.43636363636363634,0.4727272727272727,14,True,False,,f_mmd,test,standardized_l2,3.025684351728195,2.169282505082006,,True
stage3_graph_scm_0021_seed42,/home/crc00006699/zh/tabiclv2/results/tabiclv2_prior_data/graph_scm_3stage_512_seed42/stage3_graph_scm_0021_seed42,multiclass,5231,524,1331,81,3,1.0,1.0,1.0,1.0,4.2342261946445656e-05,19.628508806228638,5.3813557624816895,ok,,5231,4707,0,1331,7.212732100470021e-07,True,0.1,False,8,1e-05,True,19.080573797225952,full_train_epoch_chunks,full train set chunked per epoch | validation=auto_stratified_validation | c_selection=f_mmd c_source=test c_metric=standardized_l2 | f_mmd_reserved_context=5% source=test | wise_ft_skipped rows=6562>=2000,30,1,epoch_chunk,accuracy,1.0,1.0,1.0,1.0,0,True,False,,f_mmd,test,standardized_l2,3.4031351105749335,0.346633699716556,,True
stage3_graph_scm_0022_seed42,/home/crc00006699/zh/tabiclv2/results/tabiclv2_prior_data/graph_scm_3stage_512_seed42/stage3_graph_scm_0022_seed42,binclass,41242,4125,9924,19,2,1.0,1.0,1.0,1.0,3.1748307524424856e-07,59.88710904121399,34.87082815170288,ok,,41242,37117,0,9924,3.0024321517885255e-07,True,0.1,False,32,1e-05,True,58.93357539176941,full_train_epoch_chunks,full train set chunked per epoch | validation=auto_stratified_validation | c_selection=f_mmd c_source=test c_metric=standardized_l2 | f_mmd_reserved_context=5% source=test | wise_ft_skipped rows=51166>=2000,30,4,epoch_chunk,accuracy,1.0,1.0,1.0,1.0,0,True,False,,f_mmd,test,standardized_l2,1.4512338860293847,0.0,,True
stage3_graph_scm_0023_seed42,/home/crc00006699/zh/tabiclv2/results/tabiclv2_prior_data/graph_scm_3stage_512_seed42/stage3_graph_scm_0023_seed42,binclass,40048,4005,10395,2,2,0.7772967772967773,0.7664690125837822,0.6845396029206914,0.8335929967931617,0.43510449251784206,42.650719165802,7.216414213180542,ok,,40048,36043,0,10395,0.49501778185367584,True,0.1,False,44,1e-05,True,42.526403188705444,full_train_epoch_chunks,full train set chunked per epoch | validation=auto_stratified_validation | c_selection=f_mmd c_source=test c_metric=standardized_l2 | f_mmd_reserved_context=5% source=test | wise_ft_skipped rows=50443>=2000,30,4,epoch_chunk,accuracy,0.7852684144818977,0.7867665418227215,0.7852684144818977,0.7867665418227215,3,True,False,,f_mmd,test,standardized_l2,10.235249082262847,3.168960494775296,,True
stage3_graph_scm_0024_seed42,/home/crc00006699/zh/tabiclv2/results/tabiclv2_prior_data/graph_scm_3stage_512_seed42/stage3_graph_scm_0024_seed42,multiclass,472,48,125,27,3,1.0,1.0,1.0,1.0,8.254059116159846e-07,3.803818941116333,0.6171464920043945,ok,,472,424,0,125,3.3577283602426178e-06,True,0.1,True,8,1e-05,True,3.7129430770874023,full_train_epoch_chunks,full train set chunked per epoch | validation=auto_stratified_validation | c_selection=f_mmd c_source=test c_metric=standardized_l2 | f_mmd_reserved_context=5% source=test | wise_ft=alpha0.1 rows=597<2000,30,1,epoch_chunk,accuracy,1.0,1.0,1.0,1.0,0,True,False,,f_mmd,test,standardized_l2,2.2720366368208205,0.18332208748239992,,True
stage3_graph_scm_0025_seed42,/home/crc00006699/zh/tabiclv2/results/tabiclv2_prior_data/graph_scm_3stage_512_seed42/stage3_graph_scm_0025_seed42,multiclass,8877,888,2182,20,4,1.0,1.0,1.0,1.0,1.5183874408703691e-05,12.180793523788452,3.753263473510742,ok,,8877,7989,0,2182,0.0020256022398825735,True,0.1,False,8,1e-05,True,11.951736688613892,full_train_epoch_chunks,full train set chunked per epoch | validation=auto_stratified_validation | c_selection=f_mmd c_source=test c_metric=standardized_l2 | f_mmd_reserved_context=5% source=test | wise_ft_skipped rows=11059>=2000,30,1,epoch_chunk,accuracy,1.0,1.0,1.0,1.0,0,True,False,,f_mmd,test,standardized_l2,2.38075416214489,0.2824399059236399,,True
stage3_graph_scm_0026_seed42,/home/crc00006699/zh/tabiclv2/results/tabiclv2_prior_data/graph_scm_3stage_512_seed42/stage3_graph_scm_0026_seed42,multiclass,1201,121,306,39,6,0.9052287581699346,0.9121352788765972,0.8906887395762904,0.989920846161509,0.21651414996231572,5.339510440826416,0.7180325984954834,ok,,1201,1080,0,306,0.16492301225662231,True,0.1,True,8,1e-05,True,5.222006797790527,full_train_epoch_chunks,full train set chunked per epoch | validation=auto_stratified_validation | c_selection=f_mmd c_source=test c_metric=standardized_l2 | f_mmd_reserved_context=5% source=test | wise_ft=alpha0.1 rows=1507<2000,30,1,epoch_chunk,accuracy,0.9421487603305785,0.9421487603305785,0.9421487603305785,0.9421487603305785,0,True,False,,f_mmd,test,standardized_l2,3.486286706026818,3.670238925260914,,True
stage3_graph_scm_0027_seed42,/home/crc00006699/zh/tabiclv2/results/tabiclv2_prior_data/graph_scm_3stage_512_seed42/stage3_graph_scm_0027_seed42,multiclass,602,61,156,98,8,0.967948717948718,0.9679354461963158,0.9600281990590573,0.9986595783460671,0.11053427268779711,7.621249198913574,0.7464051246643066,ok,,602,541,0,156,0.30044931173324585,True,0.1,True,8,1e-05,True,7.4040915966033936,full_train_epoch_chunks,full train set chunked per epoch | validation=auto_stratified_validation | c_selection=f_mmd c_source=test c_metric=standardized_l2 | f_mmd_reserved_context=5% source=test | wise_ft=alpha0.1 rows=758<2000,30,1,epoch_chunk,accuracy,0.9508196721311475,0.9508196721311475,0.9508196721311475,0.9508196721311475,0,True,False,,f_mmd,test,standardized_l2,1.7925781681729671,0.08577031907735659,,True
stage3_graph_scm_0028_seed42,/home/crc00006699/zh/tabiclv2/results/tabiclv2_prior_data/graph_scm_3stage_512_seed42/stage3_graph_scm_0028_seed42,binclass,4158,416,1057,62,2,1.0,1.0,1.0,1.0,4.961228266355762e-07,12.870351552963257,3.4490158557891846,ok,,4158,3742,0,1057,1.0171835356231895e-06,True,0.1,False,8,1e-05,True,12.499388694763184,full_train_epoch_chunks,full train set chunked per epoch | validation=auto_stratified_validation | c_selection=f_mmd c_source=test c_metric=standardized_l2 | f_mmd_reserved_context=5% source=test | wise_ft_skipped rows=5215>=2000,30,1,epoch_chunk,accuracy,1.0,1.0,1.0,1.0,0,True,False,,f_mmd,test,standardized_l2,2.4669244274205884,0.3024703528153378,,True
stage3_graph_scm_0029_seed42,/home/crc00006699/zh/tabiclv2/results/tabiclv2_prior_data/graph_scm_3stage_512_seed42/stage3_graph_scm_0029_seed42,binclass,13403,1341,3215,58,2,0.9290824261275272,0.9257095022620248,0.8031391331976772,0.9553340251346986,0.1726255137251559,32.12941789627075,10.957528591156006,ok,,13403,12062,0,3215,0.20671961456537247,True,0.1,False,16,1e-05,True,31.315893173217773,full_train_epoch_chunks,full train set chunked per epoch | validation=auto_stratified_validation | c_selection=f_mmd c_source=test c_metric=standardized_l2 | f_mmd_reserved_context=5% source=test | wise_ft_skipped rows=16618>=2000,30,2,epoch_chunk,accuracy,0.9082774049217002,0.9082774049217002,0.9082774049217002,0.9082774049217002,0,True,False,,f_mmd,test,standardized_l2,4.51534916362246,1.2427653590535663,,True
stage3_graph_scm_0030_seed42,/home/crc00006699/zh/tabiclv2/results/tabiclv2_prior_data/graph_scm_3stage_512_seed42/stage3_graph_scm_0030_seed42,multiclass,9595,960,2470,44,3,1.0,1.0,1.0,1.0,1.568317116606562e-05,19.66211438179016,6.593790054321289,ok,,9595,8635,0,2470,1.3615537000077893e-06,True,0.1,False,8,1e-05,True,19.154900550842285,full_train_epoch_chunks,full train set chunked per epoch | validation=auto_stratified_validation | c_selection=f_mmd c_source=test c_metric=standardized_l2 | f_mmd_reserved_context=5% source=test | wise_ft_skipped rows=12065>=2000,30,1,epoch_chunk,accuracy,0.9989583333333333,0.9989583333333333,0.9989583333333333,0.9989583333333333,0,True,False,,f_mmd,test,standardized_l2,2.3960710101934173,0.2797392775725427,,True
stage3_graph_scm_0031_seed42,/home/crc00006699/zh/tabiclv2/results/tabiclv2_prior_data/graph_scm_3stage_512_seed42/stage3_graph_scm_0031_seed42,multiclass,2637,264,669,71,8,0.5097159940209267,0.49787124822010187,0.4622081111834228,0.8459666003889794,1.3676952681630223,10.618986368179321,2.0564911365509033,ok,,2637,2373,0,669,1.3660908341407776,True,0.1,False,8,1e-05,True,10.319892406463623,full_train_epoch_chunks,full train set chunked per epoch | validation=auto_stratified_validation | c_selection=f_mmd c_source=test c_metric=standardized_l2 | f_mmd_reserved_context=5% source=test | wise_ft_skipped rows=3306>=2000,30,1,epoch_chunk,accuracy,0.5378787878787878,0.5378787878787878,0.5378787878787878,0.5378787878787878,0,True,False,,f_mmd,test,standardized_l2,2.661697689030713,0.6212405407742805,,True
stage3_graph_scm_0032_seed42,/home/crc00006699/zh/tabiclv2/results/tabiclv2_prior_data/graph_scm_3stage_512_seed42/stage3_graph_scm_0032_seed42,multiclass,377,38,93,35,3,1.0,1.0,1.0,1.0,8.581792209913107e-07,4.042544841766357,0.5640237331390381,ok,,377,339,0,93,0.00438309065066278,True,0.1,True,8,1e-05,True,3.960082769393921,full_train_epoch_chunks,full train set chunked per epoch | validation=auto_stratified_validation | c_selection=f_mmd c_source=test c_metric=standardized_l2 | f_mmd_reserved_context=5% source=test | wise_ft=alpha0.1 rows=470<2000,30,1,epoch_chunk,accuracy,1.0,1.0,1.0,1.0,0,True,False,,f_mmd,test,standardized_l2,2.260385394401676,0.17929757381136904,,True
stage3_graph_scm_0033_seed42,/home/crc00006699/zh/tabiclv2/results/tabiclv2_prior_data/graph_scm_3stage_512_seed42/stage3_graph_scm_0033_seed42,multiclass,2870,287,739,22,4,1.0,1.0,1.0,1.0,2.917321209083718e-07,5.259402513504028,1.1527290344238281,ok,,2870,2583,0,739,1.1164319744239037e-06,True,0.1,False,8,1e-05,True,5.157648801803589,full_train_epoch_chunks,full train set chunked per epoch | validation=auto_stratified_validation | c_selection=f_mmd c_source=test c_metric=standardized_l2 | f_mmd_reserved_context=5% source=test | wise_ft_skipped rows=3609>=2000,30,1,epoch_chunk,accuracy,1.0,1.0,1.0,1.0,0,True,False,,f_mmd,test,standardized_l2,5.579951448490772,1.9487305981819036,,True
stage3_graph_scm_0034_seed42,/home/crc00006699/zh/tabiclv2/results/tabiclv2_prior_data/graph_scm_3stage_512_seed42/stage3_graph_scm_0034_seed42,multiclass,2314,232,550,19,4,0.8836363636363637,0.8810543855309009,0.8773878576932886,0.9865603041643616,0.22087479968115123,8.489303350448608,0.9003872871398926,ok,,2314,2082,0,550,0.22205404937267303,True,0.1,False,16,1e-05,True,8.403534889221191,full_train_epoch_chunks,full train set chunked per epoch | validation=auto_stratified_validation | c_selection=f_mmd c_source=test c_metric=standardized_l2 | f_mmd_reserved_context=5% source=test | wise_ft_skipped rows=2864>=2000,30,1,epoch_chunk,accuracy,0.8793103448275862,0.9094827586206896,0.8793103448275862,0.9094827586206896,8,True,False,,f_mmd,test,standardized_l2,6.944109606312774,2.6858493615999484,,True
stage3_graph_scm_0035_seed42,/home/crc00006699/zh/tabiclv2/results/tabiclv2_prior_data/graph_scm_3stage_512_seed42/stage3_graph_scm_0035_seed42,multiclass,1209,121,320,55,5,0.58125,0.5525951723498027,0.5077333215367724,0.8592665628585767,0.9294540637447911,8.409355640411377,0.8905110359191895,ok,,1209,1088,0,320,0.9095520079135895,True,0.1,True,11,1e-05,True,8.244520425796509,full_train_epoch_chunks,full train set chunked per epoch | validation=auto_stratified_validation | c_selection=f_mmd c_source=test c_metric=standardized_l2 | f_mmd_reserved_context=5% source=test | wise_ft=alpha0.1 rows=1529<2000,30,1,epoch_chunk,accuracy,0.6115702479338843,0.6198347107438017,0.6115702479338843,0.6198347107438017,3,True,False,,f_mmd,test,standardized_l2,2.0785847580257677,0.18812123391300642,,True
stage3_graph_scm_0036_seed42,/home/crc00006699/zh/tabiclv2/results/tabiclv2_prior_data/graph_scm_3stage_512_seed42/stage3_graph_scm_0036_seed42,multiclass,881,89,227,18,9,0.6607929515418502,0.6272315521096186,0.43135938135938134,0.9386525661698251,0.7874456045794982,3.746431827545166,0.8389289379119873,ok,,881,792,0,227,0.9466009140014648,True,0.1,True,8,1e-05,True,3.688485622406006,full_train_epoch_chunks,full train set chunked per epoch | validation=auto_stratified_validation | c_selection=f_mmd c_source=test c_metric=standardized_l2 | f_mmd_reserved_context=5% source=test | wise_ft=alpha0.1 rows=1108<2000,30,1,epoch_chunk,accuracy,0.6292134831460674,0.6292134831460674,0.6292134831460674,0.6292134831460674,0,True,False,,f_mmd,test,standardized_l2,4.067445528352385,6.385903064835186,,True
stage3_graph_scm_0037_seed42,/home/crc00006699/zh/tabiclv2/results/tabiclv2_prior_data/graph_scm_3stage_512_seed42/stage3_graph_scm_0037_seed42,binclass,11379,1138,2892,71,2,1.0,1.0,1.0,1.0,2.640164650824339e-07,10.071881771087646,10.46733546257019,ok,,11379,10241,0,2892,,True,0.1,False,0,1e-05,False,8.605717182159424,full_train_epoch_chunks,"full train set chunked per epoch | validation=auto_stratified_validation | c_selection=f_mmd c_source=test c_metric=standardized_l2 | f_mmd_reserved_context=5% source=test | wise_ft_skipped rows=14271>=2000 | TTT OOM; used original model parameters for inference: OutOfMemoryError: CUDA out of memory. Tried to allocate 1.22 GiB. GPU 0 has a total capacity of 23.57 GiB of which 1.09 GiB is free. Process 32525 has 22.47 GiB memory in use. Of the allocated memory 19.30 GiB is allocated by PyTorch, and 2.85 GiB is reserved by PyTorch but unallocated. If reserved but unallocated memory is large try setting PYTORCH_CUDA_ALLOC_CONF=expandable_segments:True to avoid fragmentation. See documentation for Memory Management (https://pytorch.org/docs/stable/notes/cuda.html#environment-variables)",0,0,,,,,,,0,False,True,"TTT OOM; used original model parameters for inference: OutOfMemoryError: CUDA out of memory. Tried to allocate 1.22 GiB. GPU 0 has a total capacity of 23.57 GiB of which 1.09 GiB is free. Process 32525 has 22.47 GiB memory in use. Of the allocated memory 19.30 GiB is allocated by PyTorch, and 2.85 GiB is reserved by PyTorch but unallocated. If reserved but unallocated memory is large try setting PYTORCH_CUDA_ALLOC_CONF=expandable_segments:True to avoid fragmentation. See documentation for Memory Management (https://pytorch.org/docs/stable/notes/cuda.html#environment-variables)",f_mmd,test,standardized_l2,,,,True
stage3_graph_scm_0038_seed42,/home/crc00006699/zh/tabiclv2/results/tabiclv2_prior_data/graph_scm_3stage_512_seed42/stage3_graph_scm_0038_seed42,multiclass,1028,103,249,91,7,0.9718875502008032,0.9715260269981335,0.953734335839599,0.9974480245731508,0.11337707217860764,11.496849060058594,1.0326581001281738,ok,,1028,925,0,249,0.026511354371905327,True,0.1,True,12,1e-05,True,11.254555463790894,full_train_epoch_chunks,full train set chunked per epoch | validation=auto_stratified_validation | c_selection=f_mmd c_source=test c_metric=standardized_l2 | f_mmd_reserved_context=5% source=test | wise_ft=alpha0.1 rows=1277<2000,30,1,epoch_chunk,accuracy,0.970873786407767,0.9805825242718447,0.970873786407767,0.9805825242718447,4,True,False,,f_mmd,test,standardized_l2,2.806686579878555,0.4217259042902565,,True
stage3_graph_scm_0039_seed42,/home/crc00006699/zh/tabiclv2/results/tabiclv2_prior_data/graph_scm_3stage_512_seed42/stage3_graph_scm_0039_seed42,multiclass,10827,1083,2794,21,4,0.9856836077308518,0.9788366375151724,0.5,0.9536084187001588,0.05690600857607522,13.948832511901855,4.913271427154541,ok,,10827,9744,0,2794,0.05403648875653744,True,0.1,False,8,1e-05,True,13.698668718338013,full_train_epoch_chunks,full train set chunked per epoch | validation=auto_stratified_validation | c_selection=f_mmd c_source=test c_metric=standardized_l2 | f_mmd_reserved_context=5% source=test | wise_ft_skipped rows=13621>=2000,30,1,epoch_chunk,accuracy,0.9852262234533703,0.9852262234533703,0.9852262234533703,0.9852262234533703,0,True,False,,f_mmd,test,standardized_l2,3.422002681405789,14.752113585240133,,True
stage3_graph_scm_0040_seed42,/home/crc00006699/zh/tabiclv2/results/tabiclv2_prior_data/graph_scm_3stage_512_seed42/stage3_graph_scm_0040_seed42,multiclass,4526,453,1099,40,6,1.0,1.0,1.0,1.0,3.413573263909688e-07,10.692328929901123,2.403458595275879,ok,,4526,4073,0,1099,1.5762279872433282e-06,True,0.1,False,8,1e-05,True,10.415395498275757,full_train_epoch_chunks,full train set chunked per epoch | validation=auto_stratified_validation | c_selection=f_mmd c_source=test c_metric=standardized_l2 | f_mmd_reserved_context=5% source=test | wise_ft_skipped rows=5625>=2000,30,1,epoch_chunk,accuracy,1.0,1.0,1.0,1.0,0,True,False,,f_mmd,test,standardized_l2,3.7783201992130544,0.6202220245703123,,True
stage3_graph_scm_0041_seed42,/home/crc00006699/zh/tabiclv2/results/tabiclv2_prior_data/graph_scm_3stage_512_seed42/stage3_graph_scm_0041_seed42,binclass,900,90,228,33,2,1.0,1.0,1.0,1.0,3.1557540102298974e-05,4.853027820587158,1.1376597881317139,ok,,900,810,0,228,0.0006322356748569291,True,0.1,True,8,1e-05,True,4.755617618560791,full_train_epoch_chunks,full train set chunked per epoch | validation=auto_stratified_validation | c_selection=f_mmd c_source=test c_metric=standardized_l2 | f_mmd_reserved_context=5% source=test | wise_ft=alpha0.1 rows=1128<2000,30,1,epoch_chunk,accuracy,1.0,1.0,1.0,1.0,0,True,False,,f_mmd,test,standardized_l2,3.599465520123364,2.6002781063805798,,True
stage3_graph_scm_0042_seed42,/home/crc00006699/zh/tabiclv2/results/tabiclv2_prior_data/graph_scm_3stage_512_seed42/stage3_graph_scm_0042_seed42,multiclass,21293,2130,5049,51,5,0.9593979005743711,0.9590786037330239,0.9161275941411031,0.997624123472329,0.10491279568122527,165.06503176689148,17.94379687309265,ok,,21293,19163,0,5049,0.2041599303483963,True,0.1,False,60,1e-05,True,163.7498242855072,full_train_epoch_chunks,full train set chunked per epoch | validation=auto_stratified_validation | c_selection=f_mmd c_source=test c_metric=standardized_l2 | f_mmd_reserved_context=5% source=test | wise_ft_skipped rows=26342>=2000,30,2,epoch_chunk,accuracy,0.9192488262910798,0.9605633802816902,0.9192488262910798,0.9605633802816902,23,False,False,,f_mmd,test,standardized_l2,3.134445569377029,1.8466153832267755,,True
stage3_graph_scm_0043_seed42,/home/crc00006699/zh/tabiclv2/results/tabiclv2_prior_data/graph_scm_3stage_512_seed42/stage3_graph_scm_0043_seed42,multiclass,5479,548,1382,29,6,0.9978292329956585,0.9978301914682146,0.9981320958468318,1.0,0.0025871638043427955,11.874842643737793,2.5738439559936523,ok,,5479,4931,0,1382,0.0006853481754660606,True,0.1,False,10,1e-05,True,11.654727935791016,full_train_epoch_chunks,full train set chunked per epoch | validation=auto_stratified_validation | c_selection=f_mmd c_source=test c_metric=standardized_l2 | f_mmd_reserved_context=5% source=test | wise_ft_skipped rows=6861>=2000,30,1,epoch_chunk,accuracy,0.9927007299270073,0.9945255474452555,0.9927007299270073,0.9945255474452555,2,True,False,,f_mmd,test,standardized_l2,2.5946115210650045,0.11329742677707809,,True
stage3_graph_scm_0044_seed42,/home/crc00006699/zh/tabiclv2/results/tabiclv2_prior_data/graph_scm_3stage_512_seed42/stage3_graph_scm_0044_seed42,multiclass,423,43,103,72,3,1.0,1.0,1.0,1.0,2.0734434567122624e-06,5.615801095962524,0.48361802101135254,ok,,423,380,0,103,3.100225740126916e-06,True,0.1,True,8,1e-05,True,5.465547800064087,full_train_epoch_chunks,full train set chunked per epoch | validation=auto_stratified_validation | c_selection=f_mmd c_source=test c_metric=standardized_l2 | f_mmd_reserved_context=5% source=test | wise_ft=alpha0.1 rows=526<2000,30,1,epoch_chunk,accuracy,1.0,1.0,1.0,1.0,0,True,False,,f_mmd,test,standardized_l2,1.506471958441782,0.0327284551738891,,True
stage3_graph_scm_0045_seed42,/home/crc00006699/zh/tabiclv2/results/tabiclv2_prior_data/graph_scm_3stage_512_seed42/stage3_graph_scm_0045_seed42,binclass,384,39,97,63,2,0.979381443298969,0.979381443298969,0.8696236559139785,0.9946236559139785,0.046035721085124236,5.202167987823486,0.42176127433776855,ok,,384,345,0,97,0.07311176136136055,True,0.1,True,8,1e-05,True,5.073755741119385,full_train_epoch_chunks,full train set chunked per epoch | validation=auto_stratified_validation | c_selection=f_mmd c_source=test c_metric=standardized_l2 | f_mmd_reserved_context=5% source=test | wise_ft=alpha0.1 rows=481<2000,30,1,epoch_chunk,accuracy,0.9230769230769231,0.9230769230769231,0.9230769230769231,0.9230769230769231,0,True,False,,f_mmd,test,standardized_l2,3.060350954672224,0.39683372870138983,,True
stage3_graph_scm_0046_seed42,/home/crc00006699/zh/tabiclv2/results/tabiclv2_prior_data/graph_scm_3stage_512_seed42/stage3_graph_scm_0046_seed42,multiclass,10069,1007,2647,6,9,0.33622969399319985,0.26978364951286615,0.20707163312157462,0.6727261137598664,1.766509479697297,11.110769271850586,3.4213242530822754,ok,,10069,9062,0,2647,1.772055983543396,True,0.1,False,10,1e-05,True,11.009803295135498,full_train_epoch_chunks,full train set chunked per epoch | validation=auto_stratified_validation | c_selection=f_mmd c_source=test c_metric=standardized_l2 | f_mmd_reserved_context=5% source=test | wise_ft_skipped rows=12716>=2000,30,1,epoch_chunk,accuracy,0.34756703078450846,0.34955312810327704,0.34756703078450846,0.34955312810327704,2,True,False,,f_mmd,test,standardized_l2,3.9180253474092313,0.7427266124488845,,True
stage3_graph_scm_0047_seed42,/home/crc00006699/zh/tabiclv2/results/tabiclv2_prior_data/graph_scm_3stage_512_seed42/stage3_graph_scm_0047_seed42,multiclass,9481,949,2483,18,4,1.0,1.0,1.0,1.0,4.7788274787144316e-05,15.602890968322754,3.9833757877349854,ok,,9481,8532,0,2483,0.0011887691216543317,True,0.1,False,10,1e-05,True,15.384430170059204,full_train_epoch_chunks,full train set chunked per epoch | validation=auto_stratified_validation | c_selection=f_mmd c_source=test c_metric=standardized_l2 | f_mmd_reserved_context=5% source=test | wise_ft_skipped rows=11964>=2000,30,1,epoch_chunk,accuracy,0.9989462592202318,1.0,0.9989462592202318,1.0,2,True,False,,f_mmd,test,standardized_l2,4.6777134025115,1.7818232803557799,,True
stage3_graph_scm_0048_seed42,/home/crc00006699/zh/tabiclv2/results/tabiclv2_prior_data/graph_scm_3stage_512_seed42/stage3_graph_scm_0048_seed42,multiclass,45815,4582,12146,17,3,0.6968549316647455,0.6926110046792141,0.6338885952464793,0.8321461147383254,0.7009412037694909,87.83766341209412,41.911046743392944,ok,,45815,41233,0,12146,0.7475498020648956,True,0.1,False,65,1e-05,True,87.15602326393127,full_train_epoch_chunks,full train set chunked per epoch | validation=auto_stratified_validation | c_selection=f_mmd c_source=test c_metric=standardized_l2 | f_mmd_reserved_context=5% source=test | wise_ft_skipped rows=57961>=2000,30,5,epoch_chunk,accuracy,0.6702313400261894,0.6966390222610214,0.6702313400261894,0.6966390222610214,5,True,False,,f_mmd,test,standardized_l2,3.025551270913529,0.7790686580751803,,True
stage3_graph_scm_0049_seed42,/home/crc00006699/zh/tabiclv2/results/tabiclv2_prior_data/graph_scm_3stage_512_seed42/stage3_graph_scm_0049_seed42,binclass,1259,126,312,35,2,0.7371794871794872,0.7350556850556851,0.7290697674418605,0.8143064784053157,0.5212522686176831,8.011128187179565,0.7212932109832764,ok,,1259,1133,0,312,0.5422957539558411,True,0.1,True,13,1e-05,True,7.876964569091797,full_train_epoch_chunks,full train set chunked per epoch | validation=auto_stratified_validation | c_selection=f_mmd c_source=test c_metric=standardized_l2 | f_mmd_reserved_context=5% source=test | wise_ft=alpha0.1 rows=1571<2000,30,1,epoch_chunk,accuracy,0.6984126984126984,0.7698412698412699,0.6984126984126984,0.7698412698412699,5,True,False,,f_mmd,test,standardized_l2,2.571299132856822,0.3905899379446208,,True
stage3_graph_scm_0050_seed42,/home/crc00006699/zh/tabiclv2/results/tabiclv2_prior_data/graph_scm_3stage_512_seed42/stage3_graph_scm_0050_seed42,binclass,3495,350,829,4,2,0.8528347406513872,0.7850965646361077,0.5,0.75823729913975,0.3574878282742508,4.077793598175049,0.46178197860717773,ok,,3495,3145,0,829,0.37463657557964325,True,0.1,False,8,1e-05,True,4.04354453086853,full_train_epoch_chunks,full train set chunked per epoch | validation=auto_stratified_validation | c_selection=f_mmd c_source=test c_metric=standardized_l2 | f_mmd_reserved_context=5% source=test | wise_ft_skipped rows=4324>=2000,30,1,epoch_chunk,accuracy,0.8428571428571429,0.8428571428571429,0.8428571428571429,0.8428571428571429,0,True,False,,f_mmd,test,standardized_l2,9.515478287950446,24.2529652795403,,True
stage3_graph_scm_0051_seed42,/home/crc00006699/zh/tabiclv2/results/tabiclv2_prior_data/graph_scm_3stage_512_seed42/stage3_graph_scm_0051_seed42,multiclass,1545,155,393,52,9,0.4758269720101781,0.45163787152077167,0.4466140863624829,0.902494240948919,1.1638109354253587,10.991140127182007,1.1250064373016357,ok,,1545,1390,0,393,1.1511939764022827,True,0.1,True,14,1e-05,True,10.824528455734253,full_train_epoch_chunks,full train set chunked per epoch | validation=auto_stratified_validation | c_selection=f_mmd c_source=test c_metric=standardized_l2 | f_mmd_reserved_context=5% source=test | wise_ft=alpha0.1 rows=1938<2000,30,1,epoch_chunk,accuracy,0.44516129032258067,0.4645161290322581,0.44516129032258067,0.4645161290322581,6,True,False,,f_mmd,test,standardized_l2,2.158053612411884,0.23133637572587262,,True
stage3_graph_scm_0052_seed42,/home/crc00006699/zh/tabiclv2/results/tabiclv2_prior_data/graph_scm_3stage_512_seed42/stage3_graph_scm_0052_seed42,multiclass,19040,1904,4749,11,5,0.8241735102126764,0.8176272074214925,0.650948976774712,0.9506263498646688,0.4766248593674284,32.61326885223389,9.270785808563232,ok,,19040,17136,0,4749,0.5048043429851532,True,0.1,False,28,1e-05,True,32.35887265205383,full_train_epoch_chunks,full train set chunked per epoch | validation=auto_stratified_validation | c_selection=f_mmd c_source=test c_metric=standardized_l2 | f_mmd_reserved_context=5% source=test | wise_ft_skipped rows=23789>=2000,30,2,epoch_chunk,accuracy,0.8114495798319328,0.8167016806722689,0.8114495798319328,0.8167016806722689,6,True,False,,f_mmd,test,standardized_l2,2.178341010499879,0.1889069059577432,,True
stage3_graph_scm_0053_seed42,/home/crc00006699/zh/tabiclv2/results/tabiclv2_prior_data/graph_scm_3stage_512_seed42/stage3_graph_scm_0053_seed42,multiclass,2530,253,598,50,4,0.9933110367892977,0.9933846641332179,0.9911240168282422,0.9996856724997902,0.02520305770681868,12.375596284866333,1.5491094589233398,ok,,2530,2277,0,598,0.020956271328032017,True,0.1,False,13,1e-05,True,12.17008113861084,full_train_epoch_chunks,full train set chunked per epoch | validation=auto_stratified_validation | c_selection=f_mmd c_source=test c_metric=standardized_l2 | f_mmd_reserved_context=5% source=test | wise_ft_skipped rows=3128>=2000,30,1,epoch_chunk,accuracy,0.9920948616600791,0.9960474308300395,0.9920948616600791,0.9960474308300395,5,True,False,,f_mmd,test,standardized_l2,3.4690286142682343,0.22852582827781448,,True
stage3_graph_scm_0054_seed42,/home/crc00006699/zh/tabiclv2/results/tabiclv2_prior_data/graph_scm_3stage_512_seed42/stage3_graph_scm_0054_seed42,multiclass,19618,1962,5195,51,7,1.0,1.0,1.0,1.0,0.00011262623248452611,42.41390132904053,16.30040192604065,ok,,19618,17656,0,5195,1.0854975016627577e-06,True,0.1,False,16,1e-05,True,41.33375859260559,full_train_epoch_chunks,full train set chunked per epoch | validation=auto_stratified_validation | c_selection=f_mmd c_source=test c_metric=standardized_l2 | f_mmd_reserved_context=5% source=test | wise_ft_skipped rows=24813>=2000,30,2,epoch_chunk,accuracy,1.0,1.0,1.0,1.0,0,True,False,,f_mmd,test,standardized_l2,2.255321755550069,0.43546236285914797,,True
stage3_graph_scm_0055_seed42,/home/crc00006699/zh/tabiclv2/results/tabiclv2_prior_data/graph_scm_3stage_512_seed42/stage3_graph_scm_0055_seed42,binclass,1280,128,331,62,2,0.6555891238670695,0.6115503295096505,0.5770291262135923,0.6910291262135922,0.6100427714592279,9.820915460586548,0.9867699146270752,ok,,1280,1152,0,331,0.6195987164974213,True,0.1,True,12,1e-05,True,9.644806861877441,full_train_epoch_chunks,full train set chunked per epoch | validation=auto_stratified_validation | c_selection=f_mmd c_source=test c_metric=standardized_l2 | f_mmd_reserved_context=5% source=test | wise_ft=alpha0.1 rows=1611<2000,30,1,epoch_chunk,accuracy,0.640625,0.671875,0.640625,0.671875,4,True,False,,f_mmd,test,standardized_l2,3.1791888916028648,1.8261689324507078,,True
stage3_graph_scm_0056_seed42,/home/crc00006699/zh/tabiclv2/results/tabiclv2_prior_data/graph_scm_3stage_512_seed42/stage3_graph_scm_0056_seed42,multiclass,18543,1855,4785,27,4,0.9105538140020899,0.9097424462368272,0.953375686895709,0.9626925278301829,0.2552331598552102,52.08301877975464,11.417866706848145,ok,,18543,16688,0,4785,0.25113870203495026,True,0.1,False,32,1e-05,True,51.49476480484009,full_train_epoch_chunks,full train set chunked per epoch | validation=auto_stratified_validation | c_selection=f_mmd c_source=test c_metric=standardized_l2 | f_mmd_reserved_context=5% source=test | wise_ft_skipped rows=23328>=2000,30,2,epoch_chunk,accuracy,0.9018867924528302,0.9029649595687331,0.9018867924528302,0.9029649595687331,8,True,False,,f_mmd,test,standardized_l2,2.795926455430868,0.2907870314916781,,True
stage3_graph_scm_0057_seed42,/home/crc00006699/zh/tabiclv2/results/tabiclv2_prior_data/graph_scm_3stage_512_seed42/stage3_graph_scm_0057_seed42,multiclass,2422,243,636,84,6,0.9905660377358491,0.9905699417917854,0.973304372631827,0.999658619024284,0.02147065508881039,18.18805742263794,2.132789373397827,ok,,2422,2179,0,636,0.0333442073315382,True,0.1,False,14,1e-05,True,17.839736461639404,full_train_epoch_chunks,full train set chunked per epoch | validation=auto_stratified_validation | c_selection=f_mmd c_source=test c_metric=standardized_l2 | f_mmd_reserved_context=5% source=test | wise_ft_skipped rows=3058>=2000,30,1,epoch_chunk,accuracy,0.9876543209876543,0.9917695473251029,0.9876543209876543,0.9917695473251029,6,True,False,,f_mmd,test,standardized_l2,3.1905608381811468,2.181583998195223,,True
stage3_graph_scm_0058_seed42,/home/crc00006699/zh/tabiclv2/results/tabiclv2_prior_data/graph_scm_3stage_512_seed42/stage3_graph_scm_0058_seed42,multiclass,431,44,108,42,7,0.7407407407407407,0.7264809304102158,0.6303829503829503,0.9536884663477198,0.5480903760041497,6.846644401550293,0.7182438373565674,ok,,431,387,0,108,0.4319249242544174,True,0.1,True,14,1e-05,True,6.753411054611206,full_train_epoch_chunks,full train set chunked per epoch | validation=auto_stratified_validation | c_selection=f_mmd c_source=test c_metric=standardized_l2 | f_mmd_reserved_context=5% source=test | wise_ft=alpha0.1 rows=539<2000,30,1,epoch_chunk,accuracy,0.8181818181818182,0.8409090909090909,0.8181818181818182,0.8409090909090909,6,True,False,,f_mmd,test,standardized_l2,2.1370339778656264,0.27592370978887054,,True
stage3_graph_scm_0059_seed42,/home/crc00006699/zh/tabiclv2/results/tabiclv2_prior_data/graph_scm_3stage_512_seed42/stage3_graph_scm_0059_seed42,multiclass,19692,1970,5154,26,3,1.0,1.0,1.0,1.0,1.9137335977982012e-07,27.23588752746582,12.177992343902588,ok,,19692,17722,0,5154,5.226987411788286e-07,True,0.1,False,16,1e-05,True,26.70278573036194,full_train_epoch_chunks,full train set chunked per epoch | validation=auto_stratified_validation | c_selection=f_mmd c_source=test c_metric=standardized_l2 | f_mmd_reserved_context=5% source=test | wise_ft_skipped rows=24846>=2000,30,2,epoch_chunk,accuracy,1.0,1.0,1.0,1.0,0,True,False,,f_mmd,test,standardized_l2,5.142840819078622,30.04652644951736,,True
stage3_graph_scm_0060_seed42,/home/crc00006699/zh/tabiclv2/results/tabiclv2_prior_data/graph_scm_3stage_512_seed42/stage3_graph_scm_0060_seed42,multiclass,1190,119,282,20,5,0.6170212765957447,0.6159242887063602,0.6162394055497504,0.8980063045348595,0.8771840858231371,6.98891019821167,0.5053925514221191,ok,,1190,1071,0,282,0.897090494632721,True,0.1,True,15,1e-05,True,6.9049530029296875,full_train_epoch_chunks,full train set chunked per epoch | validation=auto_stratified_validation | c_selection=f_mmd c_source=test c_metric=standardized_l2 | f_mmd_reserved_context=5% source=test | wise_ft=alpha0.1 rows=1472<2000,30,1,epoch_chunk,accuracy,0.6386554621848739,0.6638655462184874,0.6386554621848739,0.6638655462184874,7,True,False,,f_mmd,test,standardized_l2,2.682197546760134,0.4417697762007912,,True
stage3_graph_scm_0061_seed42,/home/crc00006699/zh/tabiclv2/results/tabiclv2_prior_data/graph_scm_3stage_512_seed42/stage3_graph_scm_0061_seed42,multiclass,10589,1059,2639,41,3,0.9943160287987874,0.994318313834517,0.9934398980342688,0.9999471031576007,0.012746109663409019,27.591901063919067,6.97727370262146,ok,,10589,9530,0,2639,0.017557415179908276,True,0.1,False,11,1e-05,True,27.110801935195923,full_train_epoch_chunks,full train set chunked per epoch | validation=auto_stratified_validation | c_selection=f_mmd c_source=test c_metric=standardized_l2 | f_mmd_reserved_context=5% source=test | wise_ft_skipped rows=13228>=2000,30,1,epoch_chunk,accuracy,0.9971671388101983,0.9981114258734656,0.9971671388101983,0.9981114258734656,3,True,False,,f_mmd,test,standardized_l2,4.707939665121843,7.990339169412757,,True
stage3_graph_scm_0062_seed42,/home/crc00006699/zh/tabiclv2/results/tabiclv2_prior_data/graph_scm_3stage_512_seed42/stage3_graph_scm_0062_seed42,multiclass,2820,282,697,99,7,0.994261119081779,0.9942834372572696,0.9940397499887584,0.9999899868505152,0.010347858427015546,14.198857307434082,3.1479411125183105,ok,,2820,2538,0,697,0.005163135472685099,True,0.1,False,8,1e-05,True,13.728877544403076,full_train_epoch_chunks,full train set chunked per epoch | validation=auto_stratified_validation | c_selection=f_mmd c_source=test c_metric=standardized_l2 | f_mmd_reserved_context=5% source=test | wise_ft_skipped rows=3517>=2000,30,1,epoch_chunk,accuracy,1.0,1.0,1.0,1.0,0,True,False,,f_mmd,test,standardized_l2,1.8265703081954519,0.061806123189851604,,True
stage3_graph_scm_0063_seed42,/home/crc00006699/zh/tabiclv2/results/tabiclv2_prior_data/graph_scm_3stage_512_seed42/stage3_graph_scm_0063_seed42,multiclass,5929,593,1576,22,8,0.3565989847715736,0.32378001116423805,0.3473392534135355,0.7364540051521369,1.7117529336606223,16.812389135360718,2.4756500720977783,ok,,5929,5336,0,1576,1.7209561467170715,True,0.1,False,16,1e-05,True,16.54384708404541,full_train_epoch_chunks,full train set chunked per epoch | validation=auto_stratified_validation | c_selection=f_mmd c_source=test c_metric=standardized_l2 | f_mmd_reserved_context=5% source=test | wise_ft_skipped rows=7505>=2000,30,1,epoch_chunk,accuracy,0.3490725126475548,0.35581787521079256,0.3490725126475548,0.35581787521079256,8,True,False,,f_mmd,test,standardized_l2,3.0234688792490227,0.46271491120789415,,True
stage3_graph_scm_0064_seed42,/home/crc00006699/zh/tabiclv2/results/tabiclv2_prior_data/graph_scm_3stage_512_seed42/stage3_graph_scm_0064_seed42,multiclass,27949,2795,6681,2,6,0.8938781619518036,0.8679302540352687,0.5469658286460085,0.9772735357246088,0.25129923332338033,23.497706651687622,11.402952194213867,ok,,27949,25154,0,6681,0.2517160624265671,True,0.1,False,27,1e-05,True,23.387514352798462,full_train_epoch_chunks,full train set chunked per epoch | validation=auto_stratified_validation | c_selection=f_mmd c_source=test c_metric=standardized_l2 | f_mmd_reserved_context=5% source=test | wise_ft_skipped rows=34630>=2000,30,3,epoch_chunk,accuracy,0.8905187835420394,0.8908765652951699,0.8905187835420394,0.8908765652951699,1,True,False,,f_mmd,test,standardized_l2,9.313856876394304,3.022971265743161,,True
stage3_graph_scm_0065_seed42,/home/crc00006699/zh/tabiclv2/results/tabiclv2_prior_data/graph_scm_3stage_512_seed42/stage3_graph_scm_0065_seed42,multiclass,20283,2029,5348,7,4,0.8070306656694092,0.7944447963580169,0.6795425733637448,0.9218229535066721,0.4799604573309411,17.777960300445557,9.808588743209839,ok,,20283,18254,0,5348,0.48750047385692596,True,0.1,False,16,1e-05,True,17.61991262435913,full_train_epoch_chunks,full train set chunked per epoch | validation=auto_stratified_validation | c_selection=f_mmd c_source=test c_metric=standardized_l2 | f_mmd_reserved_context=5% source=test | wise_ft_skipped rows=25631>=2000,30,2,epoch_chunk,accuracy,0.7979300147856087,0.7979300147856087,0.7979300147856087,0.7979300147856087,0,True,False,,f_mmd,test,standardized_l2,4.592270736559842,1.1455286626029773,,True
stage3_graph_scm_0066_seed42,/home/crc00006699/zh/tabiclv2/results/tabiclv2_prior_data/graph_scm_3stage_512_seed42/stage3_graph_scm_0066_seed42,multiclass,14095,1410,3410,52,6,1.0,1.0,1.0,1.0,1.8073668797983304e-07,34.103920459747314,10.967067241668701,ok,,14095,12685,0,3410,9.774273621587781e-07,True,0.1,False,16,1e-05,True,33.25037479400635,full_train_epoch_chunks,full train set chunked per epoch | validation=auto_stratified_validation | c_selection=f_mmd c_source=test c_metric=standardized_l2 | f_mmd_reserved_context=5% source=test | wise_ft_skipped rows=17505>=2000,30,2,epoch_chunk,accuracy,1.0,1.0,1.0,1.0,0,True,False,,f_mmd,test,standardized_l2,2.2282524399304156,0.2129815621497184,,True
stage3_graph_scm_0067_seed42,/home/crc00006699/zh/tabiclv2/results/tabiclv2_prior_data/graph_scm_3stage_512_seed42/stage3_graph_scm_0067_seed42,multiclass,1844,185,491,18,6,0.3340122199592668,0.194591230067834,0.31009679915359956,0.7744682645237773,1.2485753358237295,5.259643793106079,0.7066576480865479,ok,,1844,1659,0,491,1.2189853191375732,True,0.1,False,10,1e-05,True,5.188008546829224,full_train_epoch_chunks,full train set chunked per epoch | validation=auto_stratified_validation | c_selection=f_mmd c_source=test c_metric=standardized_l2 | f_mmd_reserved_context=5% source=test | wise_ft_skipped rows=2335>=2000,30,1,epoch_chunk,accuracy,0.34594594594594597,0.35135135135135137,0.34594594594594597,0.35135135135135137,2,True,False,,f_mmd,test,standardized_l2,12.112494523971218,90.36958036396335,,True
stage3_graph_scm_0068_seed42,/home/crc00006699/zh/tabiclv2/results/tabiclv2_prior_data/graph_scm_3stage_512_seed42/stage3_graph_scm_0068_seed42,binclass,13476,1348,3511,72,2,0.9994303617203076,0.9994303617203076,0.9991464166517554,0.99999951376625,0.000501150305478003,33.52305889129639,12.829349994659424,ok,,13476,12128,0,3511,,True,0.1,False,0,1e-05,False,31.890214920043945,full_train_epoch_chunks,"full train set chunked per epoch | validation=auto_stratified_validation | c_selection=f_mmd c_source=test c_metric=standardized_l2 | f_mmd_reserved_context=5% source=test | wise_ft_skipped rows=16987>=2000 | TTT OOM; used original model parameters for inference: OutOfMemoryError: CUDA out of memory. Tried to allocate 1.22 GiB. GPU 0 has a total capacity of 23.57 GiB of which 798.00 MiB is free. Process 32525 has 22.78 GiB memory in use. Of the allocated memory 19.57 GiB is allocated by PyTorch, and 2.90 GiB is reserved by PyTorch but unallocated. If reserved but unallocated memory is large try setting PYTORCH_CUDA_ALLOC_CONF=expandable_segments:True to avoid fragmentation. See documentation for Memory Management (https://pytorch.org/docs/stable/notes/cuda.html#environment-variables)",0,0,,,,,,,0,False,True,"TTT OOM; used original model parameters for inference: OutOfMemoryError: CUDA out of memory. Tried to allocate 1.22 GiB. GPU 0 has a total capacity of 23.57 GiB of which 798.00 MiB is free. Process 32525 has 22.78 GiB memory in use. Of the allocated memory 19.57 GiB is allocated by PyTorch, and 2.90 GiB is reserved by PyTorch but unallocated. If reserved but unallocated memory is large try setting PYTORCH_CUDA_ALLOC_CONF=expandable_segments:True to avoid fragmentation. See documentation for Memory Management (https://pytorch.org/docs/stable/notes/cuda.html#environment-variables)",f_mmd,test,standardized_l2,,,,True
stage3_graph_scm_0069_seed42,/home/crc00006699/zh/tabiclv2/results/tabiclv2_prior_data/graph_scm_3stage_512_seed42/stage3_graph_scm_0069_seed42,multiclass,11207,1121,2679,72,9,0.9992534527808884,0.9992534527808884,0.9987831188991502,0.9999995125083411,0.0019167136009989928,9.02608346939087,10.296826124191284,ok,,11207,10086,0,2679,,True,0.1,False,0,1e-05,False,7.544497489929199,full_train_epoch_chunks,"full train set chunked per epoch | validation=auto_stratified_validation | c_selection=f_mmd c_source=test c_metric=standardized_l2 | f_mmd_reserved_context=5% source=test | wise_ft_skipped rows=13886>=2000 | TTT OOM; used original model parameters for inference: OutOfMemoryError: CUDA out of memory. Tried to allocate 1.22 GiB. GPU 0 has a total capacity of 23.57 GiB of which 440.00 MiB is free. Process 32525 has 23.13 GiB memory in use. Of the allocated memory 19.56 GiB is allocated by PyTorch, and 3.25 GiB is reserved by PyTorch but unallocated. If reserved but unallocated memory is large try setting PYTORCH_CUDA_ALLOC_CONF=expandable_segments:True to avoid fragmentation. See documentation for Memory Management (https://pytorch.org/docs/stable/notes/cuda.html#environment-variables)",0,0,,,,,,,0,False,True,"TTT OOM; used original model parameters for inference: OutOfMemoryError: CUDA out of memory. Tried to allocate 1.22 GiB. GPU 0 has a total capacity of 23.57 GiB of which 440.00 MiB is free. Process 32525 has 23.13 GiB memory in use. Of the allocated memory 19.56 GiB is allocated by PyTorch, and 3.25 GiB is reserved by PyTorch but unallocated. If reserved but unallocated memory is large try setting PYTORCH_CUDA_ALLOC_CONF=expandable_segments:True to avoid fragmentation. See documentation for Memory Management (https://pytorch.org/docs/stable/notes/cuda.html#environment-variables)",f_mmd,test,standardized_l2,,,,True
stage3_graph_scm_0070_seed42,/home/crc00006699/zh/tabiclv2/results/tabiclv2_prior_data/graph_scm_3stage_512_seed42/stage3_graph_scm_0070_seed42,binclass,2891,290,683,79,2,1.0,1.0,1.0,1.0,2.4094583634023066e-06,12.258766174316406,2.3609416484832764,ok,,2891,2601,0,683,2.550654699007282e-05,True,0.1,False,8,1e-05,True,11.890113592147827,full_train_epoch_chunks,full train set chunked per epoch | validation=auto_stratified_validation | c_selection=f_mmd c_source=test c_metric=standardized_l2 | f_mmd_reserved_context=5% source=test | wise_ft_skipped rows=3574>=2000,30,1,epoch_chunk,accuracy,1.0,1.0,1.0,1.0,0,True,False,,f_mmd,test,standardized_l2,1.9451890944913133,0.02690147140407255,,True
stage3_graph_scm_0071_seed42,/home/crc00006699/zh/tabiclv2/results/tabiclv2_prior_data/graph_scm_3stage_512_seed42/stage3_graph_scm_0071_seed42,multiclass,13827,1383,3610,24,5,0.9955678670360111,0.9955526039257001,0.9640762014061437,0.9998106576957323,0.010422733013917808,34.37072515487671,7.443996906280518,ok,,13827,12444,0,3610,0.02079383935779333,True,0.1,False,28,1e-05,True,33.95982646942139,full_train_epoch_chunks,full train set chunked per epoch | validation=auto_stratified_validation | c_selection=f_mmd c_source=test c_metric=standardized_l2 | f_mmd_reserved_context=5% source=test | wise_ft_skipped rows=17437>=2000,30,2,epoch_chunk,accuracy,0.9971077368040492,0.9985538684020245,0.9971077368040492,0.9985538684020245,6,True,False,,f_mmd,test,standardized_l2,1.724649316819019,0.059513045963886534,,True
stage3_graph_scm_0072_seed42,/home/crc00006699/zh/tabiclv2/results/tabiclv2_prior_data/graph_scm_3stage_512_seed42/stage3_graph_scm_0072_seed42,multiclass,636,64,153,30,4,0.8823529411764706,0.8777227903388893,0.8107703081232494,0.983968353629815,0.2597642652235169,5.795015811920166,0.8270614147186279,ok,,636,572,0,153,0.2718955725431442,True,0.1,True,12,1e-05,True,5.711687803268433,full_train_epoch_chunks,full train set chunked per epoch | validation=auto_stratified_validation | c_selection=f_mmd c_source=test c_metric=standardized_l2 | f_mmd_reserved_context=5% source=test | wise_ft=alpha0.1 rows=789<2000,30,1,epoch_chunk,accuracy,0.90625,0.921875,0.90625,0.921875,4,True,False,,f_mmd,test,standardized_l2,5.972453488968947,2.60344348219903,,True
stage3_graph_scm_0073_seed42,/home/crc00006699/zh/tabiclv2/results/tabiclv2_prior_data/graph_scm_3stage_512_seed42/stage3_graph_scm_0073_seed42,multiclass,4176,418,1019,50,9,0.9823356231599607,0.9824047624098229,0.982835801007401,0.9998395857250286,0.04712607637068698,21.548826217651367,2.533644914627075,ok,,4176,3758,0,1019,0.027513686567544937,True,0.1,False,16,1e-05,True,21.242010354995728,full_train_epoch_chunks,full train set chunked per epoch | validation=auto_stratified_validation | c_selection=f_mmd c_source=test c_metric=standardized_l2 | f_mmd_reserved_context=5% source=test | wise_ft_skipped rows=5195>=2000,30,1,epoch_chunk,accuracy,0.9856459330143541,0.9880382775119617,0.9856459330143541,0.9880382775119617,8,True,False,,f_mmd,test,standardized_l2,3.1733062541362957,2.2238878710965664,,True
stage3_graph_scm_0074_seed42,/home/crc00006699/zh/tabiclv2/results/tabiclv2_prior_data/graph_scm_3stage_512_seed42/stage3_graph_scm_0074_seed42,multiclass,1846,185,491,60,6,1.0,1.0,1.0,1.0,3.2351620604204494e-07,7.810265302658081,1.3392105102539062,ok,,1846,1661,0,491,1.2297946341277566e-06,True,0.1,False,8,1e-05,True,7.601459503173828,full_train_epoch_chunks,full train set chunked per epoch | validation=auto_stratified_validation | c_selection=f_mmd c_source=test c_metric=standardized_l2 | f_mmd_reserved_context=5% source=test | wise_ft_skipped rows=2337>=2000,30,1,epoch_chunk,accuracy,1.0,1.0,1.0,1.0,0,True,False,,f_mmd,test,standardized_l2,2.753182596628124,0.5424407419619466,,True
stage3_graph_scm_0075_seed42,/home/crc00006699/zh/tabiclv2/results/tabiclv2_prior_data/graph_scm_3stage_512_seed42/stage3_graph_scm_0075_seed42,multiclass,1374,138,332,20,3,1.0,1.0,1.0,1.0,6.852744299149465e-07,3.9081594944000244,0.5558986663818359,ok,,1374,1236,0,332,1.2623153793356323e-06,True,0.1,True,8,1e-05,True,3.8388938903808594,full_train_epoch_chunks,full train set chunked per epoch | validation=auto_stratified_validation | c_selection=f_mmd c_source=test c_metric=standardized_l2 | f_mmd_reserved_context=5% source=test | wise_ft=alpha0.1 rows=1706<2000,30,1,epoch_chunk,accuracy,1.0,1.0,1.0,1.0,0,True,False,,f_mmd,test,standardized_l2,4.946821990422809,7.5799227968220695,,True
stage3_graph_scm_0076_seed42,/home/crc00006699/zh/tabiclv2/results/tabiclv2_prior_data/graph_scm_3stage_512_seed42/stage3_graph_scm_0076_seed42,multiclass,9257,926,2179,42,10,0.8875631023405232,0.8868999720994979,0.8639962442216109,0.9948045329485546,0.2761708539610842,47.437867641448975,5.953030586242676,ok,,9257,8331,0,2179,0.32939082384109497,True,0.1,False,21,1e-05,True,46.96174621582031,full_train_epoch_chunks,full train set chunked per epoch | validation=auto_stratified_validation | c_selection=f_mmd c_source=test c_metric=standardized_l2 | f_mmd_reserved_context=5% source=test | wise_ft_skipped rows=11436>=2000,30,1,epoch_chunk,accuracy,0.8455723542116631,0.8531317494600432,0.8455723542116631,0.8531317494600432,13,True,False,,f_mmd,test,standardized_l2,2.5722913378480072,1.043241004409405,,True
stage3_graph_scm_0077_seed42,/home/crc00006699/zh/tabiclv2/results/tabiclv2_prior_data/graph_scm_3stage_512_seed42/stage3_graph_scm_0077_seed42,multiclass,1263,127,325,77,6,1.0,1.0,1.0,1.0,5.450634418127421e-07,8.140446901321411,1.1258015632629395,ok,,1263,1136,0,325,1.695450180250191e-06,True,0.1,True,8,1e-05,True,7.922552108764648,full_train_epoch_chunks,full train set chunked per epoch | validation=auto_stratified_validation | c_selection=f_mmd c_source=test c_metric=standardized_l2 | f_mmd_reserved_context=5% source=test | wise_ft=alpha0.1 rows=1588<2000,30,1,epoch_chunk,accuracy,1.0,1.0,1.0,1.0,0,True,False,,f_mmd,test,standardized_l2,2.1637714112004467,0.26831227984397876,,True
stage3_graph_scm_0078_seed42,/home/crc00006699/zh/tabiclv2/results/tabiclv2_prior_data/graph_scm_3stage_512_seed42/stage3_graph_scm_0078_seed42,multiclass,33860,3386,8845,23,3,0.9885811192764273,0.9884432726946644,0.9396868556879351,0.9989619181079892,0.02516485448050104,94.08832621574402,26.714694261550903,ok,,33860,30474,0,8845,0.021197937428951263,True,0.1,False,64,1e-05,True,93.24632167816162,full_train_epoch_chunks,full train set chunked per epoch | validation=auto_stratified_validation | c_selection=f_mmd c_source=test c_metric=standardized_l2 | f_mmd_reserved_context=5% source=test | wise_ft_skipped rows=42705>=2000,30,4,epoch_chunk,accuracy,0.990253987005316,0.9914353219137626,0.990253987005316,0.9914353219137626,8,True,False,,f_mmd,test,standardized_l2,3.3970948113125523,0.21816848611442996,,True
stage3_graph_scm_0079_seed42,/home/crc00006699/zh/tabiclv2/results/tabiclv2_prior_data/graph_scm_3stage_512_seed42/stage3_graph_scm_0079_seed42,multiclass,599,60,143,50,7,0.5384615384615384,0.49878649515233403,0.3405612244897959,0.7581171460953902,1.2984342371239992,13.729324340820312,1.0115437507629395,ok,,599,539,0,143,1.3189637660980225,True,0.1,True,23,1e-05,True,13.60961103439331,full_train_epoch_chunks,full train set chunked per epoch | validation=auto_stratified_validation | c_selection=f_mmd c_source=test c_metric=standardized_l2 | f_mmd_reserved_context=5% source=test | wise_ft=alpha0.1 rows=742<2000,30,1,epoch_chunk,accuracy,0.43333333333333335,0.5166666666666667,0.43333333333333335,0.5166666666666667,15,True,False,,f_mmd,test,standardized_l2,3.021389341180625,1.3776422016695433,,True
stage3_graph_scm_0080_seed42,/home/crc00006699/zh/tabiclv2/results/tabiclv2_prior_data/graph_scm_3stage_512_seed42/stage3_graph_scm_0080_seed42,binclass,668,67,159,39,2,0.9937106918238994,0.9936713761256627,0.9838709677419355,1.0,0.011033231568044803,7.844927072525024,0.967820405960083,ok,,668,601,0,159,0.006584143848158419,True,0.1,True,12,1e-05,True,7.739905595779419,full_train_epoch_chunks,full train set chunked per epoch | validation=auto_stratified_validation | c_selection=f_mmd c_source=test c_metric=standardized_l2 | f_mmd_reserved_context=5% source=test | wise_ft=alpha0.1 rows=827<2000,30,1,epoch_chunk,accuracy,0.9701492537313433,0.9850746268656716,0.9701492537313433,0.9850746268656716,4,True,False,,f_mmd,test,standardized_l2,3.7091566357505372,0.7562294206680511,,True
stage3_graph_scm_0081_seed42,/home/crc00006699/zh/tabiclv2/results/tabiclv2_prior_data/graph_scm_3stage_512_seed42/stage3_graph_scm_0081_seed42,multiclass,539,54,140,46,4,0.7785714285714286,0.7789534889961947,0.7537583821117293,0.9516463031598195,0.4740017472209688,4.716764211654663,0.9014184474945068,ok,,539,485,0,140,0.5540977120399475,True,0.1,True,8,1e-05,True,4.6075005531311035,full_train_epoch_chunks,full train set chunked per epoch | validation=auto_stratified_validation | c_selection=f_mmd c_source=test c_metric=standardized_l2 | f_mmd_reserved_context=5% source=test | wise_ft=alpha0.1 rows=679<2000,30,1,epoch_chunk,accuracy,0.7777777777777778,0.7777777777777778,0.7777777777777778,0.7777777777777778,0,True,False,,f_mmd,test,standardized_l2,1.8740266097937093,0.1529926704109247,,True
stage3_graph_scm_0082_seed42,/home/crc00006699/zh/tabiclv2/results/tabiclv2_prior_data/graph_scm_3stage_512_seed42/stage3_graph_scm_0082_seed42,multiclass,2718,272,663,20,3,0.8597285067873304,0.856637304749684,0.7783414242307827,0.9590918246531869,0.3338081412236499,13.432507038116455,1.0383796691894531,ok,,2718,2446,0,663,0.405370831489563,True,0.1,False,24,1e-05,True,13.334750652313232,full_train_epoch_chunks,full train set chunked per epoch | validation=auto_stratified_validation | c_selection=f_mmd c_source=test c_metric=standardized_l2 | f_mmd_reserved_context=5% source=test | wise_ft_skipped rows=3381>=2000,30,1,epoch_chunk,accuracy,0.8639705882352942,0.8823529411764706,0.8639705882352942,0.8823529411764706,16,True,False,,f_mmd,test,standardized_l2,3.9965701688499027,2.3566362003883894,,True
stage3_graph_scm_0083_seed42,/home/crc00006699/zh/tabiclv2/results/tabiclv2_prior_data/graph_scm_3stage_512_seed42/stage3_graph_scm_0083_seed42,multiclass,3297,330,813,85,3,0.8622386223862238,0.8523582854048819,0.7653975461937513,0.9519051871519805,0.3435994120852934,13.788599967956543,3.6164679527282715,ok,,3297,2967,0,813,0.3394739329814911,True,0.1,False,8,1e-05,True,13.359113931655884,full_train_epoch_chunks,full train set chunked per epoch | validation=auto_stratified_validation | c_selection=f_mmd c_source=test c_metric=standardized_l2 | f_mmd_reserved_context=5% source=test | wise_ft_skipped rows=4110>=2000,30,1,epoch_chunk,accuracy,0.8575757575757575,0.8575757575757575,0.8575757575757575,0.8575757575757575,0,True,False,,f_mmd,test,standardized_l2,1.911308187434424,0.15978213473069694,,True
stage3_graph_scm_0084_seed42,/home/crc00006699/zh/tabiclv2/results/tabiclv2_prior_data/graph_scm_3stage_512_seed42/stage3_graph_scm_0084_seed42,multiclass,1047,105,277,1,5,0.49097472924187724,0.37315392189038404,0.22448979591836732,0.7326841294039794,1.0664836755195566,2.771221876144409,0.10426044464111328,ok,,1047,942,0,277,1.0617104172706604,True,0.1,True,8,1e-05,True,2.751547336578369,full_train_epoch_chunks,full train set chunked per epoch | validation=auto_stratified_validation | c_selection=f_mmd c_source=test c_metric=standardized_l2 | f_mmd_reserved_context=5% source=test | wise_ft=alpha0.1 rows=1324<2000,30,1,epoch_chunk,accuracy,0.5619047619047619,0.5619047619047619,0.5619047619047619,0.5619047619047619,0,True,False,,f_mmd,test,standardized_l2,1.9421111136199825,2.1073424255447017e-08,,True
stage3_graph_scm_0085_seed42,/home/crc00006699/zh/tabiclv2/results/tabiclv2_prior_data/graph_scm_3stage_512_seed42/stage3_graph_scm_0085_seed42,multiclass,2457,246,612,49,3,0.9901960784313726,0.9901508788215985,0.9870144713474355,0.9994517161231747,0.03110515034841133,7.892833709716797,1.5124382972717285,ok,,2457,2211,0,612,0.03259838651865721,True,0.1,False,8,1e-05,True,7.69137978553772,full_train_epoch_chunks,full train set chunked per epoch | validation=auto_stratified_validation | c_selection=f_mmd c_source=test c_metric=standardized_l2 | f_mmd_reserved_context=5% source=test | wise_ft_skipped rows=3069>=2000,30,1,epoch_chunk,accuracy,1.0,1.0,1.0,1.0,0,True,False,,f_mmd,test,standardized_l2,3.6049172565980676,0.9867724305229413,,True
stage3_graph_scm_0086_seed42,/home/crc00006699/zh/tabiclv2/results/tabiclv2_prior_data/graph_scm_3stage_512_seed42/stage3_graph_scm_0086_seed42,multiclass,1877,188,489,82,3,0.9775051124744376,0.9774018547930649,0.9669110459433039,0.9982006023824,0.0692305742174437,13.417179584503174,1.6413168907165527,ok,,1877,1689,0,489,0.10668298974633217,True,0.1,False,12,1e-05,True,13.159443140029907,full_train_epoch_chunks,full train set chunked per epoch | validation=auto_stratified_validation | c_selection=f_mmd c_source=test c_metric=standardized_l2 | f_mmd_reserved_context=5% source=test | wise_ft_skipped rows=2366>=2000,30,1,epoch_chunk,accuracy,0.9787234042553191,0.9946808510638298,0.9787234042553191,0.9946808510638298,4,True,False,,f_mmd,test,standardized_l2,11.232643789926042,6.23267727177812,,True
stage3_graph_scm_0087_seed42,/home/crc00006699/zh/tabiclv2/results/tabiclv2_prior_data/graph_scm_3stage_512_seed42/stage3_graph_scm_0087_seed42,multiclass,2684,269,667,29,10,0.5517241379310345,0.47117877210714665,0.37765391054741965,0.8297757131946699,1.380029676512812,9.437349557876587,1.230926275253296,ok,,2684,2415,0,667,1.477021038532257,True,0.1,False,13,1e-05,True,9.303094625473022,full_train_epoch_chunks,full train set chunked per epoch | validation=auto_stratified_validation | c_selection=f_mmd c_source=test c_metric=standardized_l2 | f_mmd_reserved_context=5% source=test | wise_ft_skipped rows=3351>=2000,30,1,epoch_chunk,accuracy,0.5278810408921933,0.5353159851301115,0.5278810408921933,0.5353159851301115,5,True,False,,f_mmd,test,standardized_l2,5.367346455623307,0.38880955655000715,,True
stage3_graph_scm_0088_seed42,/home/crc00006699/zh/tabiclv2/results/tabiclv2_prior_data/graph_scm_3stage_512_seed42/stage3_graph_scm_0088_seed42,binclass,1080,108,272,46,2,0.9044117647058824,0.9036854512165649,0.8957361758827448,0.9788474350433045,0.1872619179821338,9.60054063796997,0.7010364532470703,ok,,1080,972,0,272,0.2433585822582245,True,0.1,True,14,1e-05,True,9.47338342666626,full_train_epoch_chunks,full train set chunked per epoch | validation=auto_stratified_validation | c_selection=f_mmd c_source=test c_metric=standardized_l2 | f_mmd_reserved_context=5% source=test | wise_ft=alpha0.1 rows=1352<2000,30,1,epoch_chunk,accuracy,0.9074074074074074,0.9166666666666666,0.9074074074074074,0.9166666666666666,6,True,False,,f_mmd,test,standardized_l2,2.555073288345516,0.13161634185388518,,True
stage3_graph_scm_0089_seed42,/home/crc00006699/zh/tabiclv2/results/tabiclv2_prior_data/graph_scm_3stage_512_seed42/stage3_graph_scm_0089_seed42,multiclass,449,45,113,73,6,0.5309734513274337,0.520313255885642,0.5284023945199743,0.8450209178157927,1.1845321770753077,9.202683925628662,0.5181703567504883,ok,,449,404,0,113,1.1618933081626892,True,0.1,True,14,1e-05,True,9.040750503540039,full_train_epoch_chunks,full train set chunked per epoch | validation=auto_stratified_validation | c_selection=f_mmd c_source=test c_metric=standardized_l2 | f_mmd_reserved_context=5% source=test | wise_ft=alpha0.1 rows=562<2000,30,1,epoch_chunk,accuracy,0.4888888888888889,0.5333333333333333,0.4888888888888889,0.5333333333333333,6,True,False,,f_mmd,test,standardized_l2,3.0257256392900405,1.1129856589662215,,True
stage3_graph_scm_0090_seed42,/home/crc00006699/zh/tabiclv2/results/tabiclv2_prior_data/graph_scm_3stage_512_seed42/stage3_graph_scm_0090_seed42,multiclass,14634,1464,3706,77,8,0.956287101996762,0.9541110112393909,0.936347090985485,0.9986664250212975,0.06609993171470478,5.264031171798706,14.428375959396362,ok,,14634,13170,0,3706,,True,0.1,False,0,1e-05,False,3.8749475479125977,full_train_epoch_chunks,"full train set chunked per epoch | validation=auto_stratified_validation | c_selection=f_mmd c_source=test c_metric=standardized_l2 | f_mmd_reserved_context=5% source=test | wise_ft_skipped rows=18340>=2000 | TTT OOM; used original model parameters for inference: OutOfMemoryError: CUDA out of memory. Tried to allocate 1.22 GiB. GPU 0 has a total capacity of 23.57 GiB of which 998.00 MiB is free. Process 32525 has 22.59 GiB memory in use. Of the allocated memory 20.58 GiB is allocated by PyTorch, and 1.69 GiB is reserved by PyTorch but unallocated. If reserved but unallocated memory is large try setting PYTORCH_CUDA_ALLOC_CONF=expandable_segments:True to avoid fragmentation. See documentation for Memory Management (https://pytorch.org/docs/stable/notes/cuda.html#environment-variables)",0,0,,,,,,,0,False,True,"TTT OOM; used original model parameters for inference: OutOfMemoryError: CUDA out of memory. Tried to allocate 1.22 GiB. GPU 0 has a total capacity of 23.57 GiB of which 998.00 MiB is free. Process 32525 has 22.59 GiB memory in use. Of the allocated memory 20.58 GiB is allocated by PyTorch, and 1.69 GiB is reserved by PyTorch but unallocated. If reserved but unallocated memory is large try setting PYTORCH_CUDA_ALLOC_CONF=expandable_segments:True to avoid fragmentation. See documentation for Memory Management (https://pytorch.org/docs/stable/notes/cuda.html#environment-variables)",f_mmd,test,standardized_l2,,,,True
stage3_graph_scm_0091_seed42,/home/crc00006699/zh/tabiclv2/results/tabiclv2_prior_data/graph_scm_3stage_512_seed42/stage3_graph_scm_0091_seed42,multiclass,909,91,223,63,7,0.6143497757847534,0.5681692871154754,0.42963258882443445,0.8858323158694147,0.929833098986428,8.575317859649658,0.7292568683624268,ok,,909,818,0,223,0.7593332231044769,True,0.1,True,8,1e-05,True,8.412503957748413,full_train_epoch_chunks,full train set chunked per epoch | validation=auto_stratified_validation | c_selection=f_mmd c_source=test c_metric=standardized_l2 | f_mmd_reserved_context=5% source=test | wise_ft=alpha0.1 rows=1132<2000,30,1,epoch_chunk,accuracy,0.7032967032967034,0.7032967032967034,0.7032967032967034,0.7032967032967034,0,True,False,,f_mmd,test,standardized_l2,2.449246462702145,0.28928593848673306,,True
stage3_graph_scm_0092_seed42,/home/crc00006699/zh/tabiclv2/results/tabiclv2_prior_data/graph_scm_3stage_512_seed42/stage3_graph_scm_0092_seed42,multiclass,23068,2307,5929,40,6,0.9994940124810254,0.999494201482554,0.9992155515376794,0.9999992860427326,0.0017840630399825932,56.95170617103577,17.912964344024658,ok,,23068,20761,0,5929,1.6885368268049206e-06,True,0.1,False,33,1e-05,True,56.21033978462219,full_train_epoch_chunks,full train set chunked per epoch | validation=auto_stratified_validation | c_selection=f_mmd c_source=test c_metric=standardized_l2 | f_mmd_reserved_context=5% source=test | wise_ft_skipped rows=28997>=2000,30,3,epoch_chunk,accuracy,0.9969657563935848,0.9973992197659298,0.9969657563935848,0.9973992197659298,3,True,False,,f_mmd,test,standardized_l2,11.518515792713464,25.93981826034389,,True
stage3_graph_scm_0093_seed42,/home/crc00006699/zh/tabiclv2/results/tabiclv2_prior_data/graph_scm_3stage_512_seed42/stage3_graph_scm_0093_seed42,binclass,1233,124,327,20,2,0.6238532110091743,0.6239024609979129,0.6241576819407009,0.6472933513027853,0.6631904863500987,4.000391721725464,0.5228054523468018,ok,,1233,1109,0,327,0.6398207545280457,True,0.1,True,8,1e-05,True,3.9319565296173096,full_train_epoch_chunks,full train set chunked per epoch | validation=auto_stratified_validation | c_selection=f_mmd c_source=test c_metric=standardized_l2 | f_mmd_reserved_context=5% source=test | wise_ft=alpha0.1 rows=1560<2000,30,1,epoch_chunk,accuracy,0.6693548387096774,0.6693548387096774,0.6693548387096774,0.6693548387096774,0,True,False,,f_mmd,test,standardized_l2,1.8695754341904962,0.12728786724084026,,True
stage3_graph_scm_0094_seed42,/home/crc00006699/zh/tabiclv2/results/tabiclv2_prior_data/graph_scm_3stage_512_seed42/stage3_graph_scm_0094_seed42,multiclass,4085,409,975,51,8,0.9907692307692307,0.99077273099431,0.9898656534438799,0.9999626230124833,0.018324625143267204,16.80802631378174,2.5131676197052,ok,,4085,3676,0,975,0.022013839334249496,True,0.1,False,13,1e-05,True,16.511645317077637,full_train_epoch_chunks,full train set chunked per epoch | validation=auto_stratified_validation | c_selection=f_mmd c_source=test c_metric=standardized_l2 | f_mmd_reserved_context=5% source=test | wise_ft_skipped rows=5060>=2000,30,1,epoch_chunk,accuracy,0.9951100244498777,1.0,0.9951100244498777,1.0,5,True,False,,f_mmd,test,standardized_l2,3.7055314865540177,0.7607551098206536,,True
stage3_graph_scm_0095_seed42,/home/crc00006699/zh/tabiclv2/results/tabiclv2_prior_data/graph_scm_3stage_512_seed42/stage3_graph_scm_0095_seed42,multiclass,541,55,141,96,4,0.8936170212765957,0.89429892174655,0.8772394439488553,0.9881541629090623,0.2426660671939428,6.89094614982605,0.6824731826782227,ok,,541,486,0,141,0.2966888099908829,True,0.1,True,8,1e-05,True,6.683516263961792,full_train_epoch_chunks,full train set chunked per epoch | validation=auto_stratified_validation | c_selection=f_mmd c_source=test c_metric=standardized_l2 | f_mmd_reserved_context=5% source=test | wise_ft=alpha0.1 rows=682<2000,30,1,epoch_chunk,accuracy,0.8909090909090909,0.8909090909090909,0.8909090909090909,0.8909090909090909,0,True,False,,f_mmd,test,standardized_l2,5.844186324562337,2.0902915296211835,,True
stage3_graph_scm_0096_seed42,/home/crc00006699/zh/tabiclv2/results/tabiclv2_prior_data/graph_scm_3stage_512_seed42/stage3_graph_scm_0096_seed42,multiclass,4719,472,1120,80,4,0.9875,0.9874850940654117,0.9391054738985052,0.9994491970983727,0.02968535552831373,19.85425353050232,4.860564470291138,ok,,4719,4247,0,1120,0.02281203679740429,True,0.1,False,8,1e-05,True,19.368560791015625,full_train_epoch_chunks,full train set chunked per epoch | validation=auto_stratified_validation | c_selection=f_mmd c_source=test c_metric=standardized_l2 | f_mmd_reserved_context=5% source=test | wise_ft_skipped rows=5839>=2000,30,1,epoch_chunk,accuracy,0.9915254237288136,0.9915254237288136,0.9915254237288136,0.9915254237288136,0,True,False,,f_mmd,test,standardized_l2,9.147706544614751,1.9813201604753263,,True
stage3_graph_scm_0097_seed42,/home/crc00006699/zh/tabiclv2/results/tabiclv2_prior_data/graph_scm_3stage_512_seed42/stage3_graph_scm_0097_seed42,multiclass,24590,2459,6009,7,4,1.0,1.0,1.0,1.0,1.7123579477279745e-07,22.378435850143433,13.120800018310547,ok,,24590,22131,0,6009,0.0017062696861103177,True,0.1,False,24,1e-05,True,22.154767990112305,full_train_epoch_chunks,full train set chunked per epoch | validation=auto_stratified_validation | c_selection=f_mmd c_source=test c_metric=standardized_l2 | f_mmd_reserved_context=5% source=test | wise_ft_skipped rows=30599>=2000,30,3,epoch_chunk,accuracy,0.9995933306222041,0.9995933306222041,0.9995933306222041,0.9995933306222041,0,True,False,,f_mmd,test,standardized_l2,2.71408233683534,0.3429302226641327,,True
stage3_graph_scm_0098_seed42,/home/crc00006699/zh/tabiclv2/results/tabiclv2_prior_data/graph_scm_3stage_512_seed42/stage3_graph_scm_0098_seed42,multiclass,45963,4597,11931,14,7,0.4936719470287486,0.37496070287971783,0.1759778119721069,0.6252045732324228,1.4771181713972124,111.09164595603943,41.246928215026855,ok,,45963,41366,0,11931,1.510313332080841,True,0.1,False,80,1e-05,True,110.13207292556763,full_train_epoch_chunks,full train set chunked per epoch | validation=auto_stratified_validation | c_selection=f_mmd c_source=test c_metric=standardized_l2 | f_mmd_reserved_context=5% source=test | wise_ft_skipped rows=57894>=2000,30,5,epoch_chunk,accuracy,0.5031542310202306,0.5057646291059387,0.5031542310202306,0.5057646291059387,8,True,False,,f_mmd,test,standardized_l2,2.651446237696532,0.6094969659038553,,True
stage3_graph_scm_0099_seed42,/home/crc00006699/zh/tabiclv2/results/tabiclv2_prior_data/graph_scm_3stage_512_seed42/stage3_graph_scm_0099_seed42,multiclass,7469,747,1863,12,7,0.4133118625872249,0.35299224932280976,0.311242343267144,0.7349249075118846,1.583635737442069,17.720937728881836,2.6306440830230713,ok,,7469,6722,0,1863,1.6098319292068481,True,0.1,False,17,1e-05,True,17.596951723098755,full_train_epoch_chunks,full train set chunked per epoch | validation=auto_stratified_validation | c_selection=f_mmd c_source=test c_metric=standardized_l2 | f_mmd_reserved_context=5% source=test | wise_ft_skipped rows=9332>=2000,30,1,epoch_chunk,accuracy,0.4029451137884873,0.40963855421686746,0.4029451137884873,0.40963855421686746,9,True,False,,f_mmd,test,standardized_l2,2.593143669180121,0.3058680140645763,,True
stage3_graph_scm_0100_seed42,/home/crc00006699/zh/tabiclv2/results/tabiclv2_prior_data/graph_scm_3stage_512_seed42/stage3_graph_scm_0100_seed42,multiclass,3080,308,740,26,9,1.0,1.0,1.0,1.0,0.00017001108806597066,6.084949254989624,1.3068909645080566,ok,,3080,2772,0,740,0.002213993575423956,True,0.1,False,8,1e-05,True,5.957555294036865,full_train_epoch_chunks,full train set chunked per epoch | validation=auto_stratified_validation | c_selection=f_mmd c_source=test c_metric=standardized_l2 | f_mmd_reserved_context=5% source=test | wise_ft_skipped rows=3820>=2000,30,1,epoch_chunk,accuracy,1.0,1.0,1.0,1.0,0,True,False,,f_mmd,test,standardized_l2,3.3813597356900944,0.5080713032790664,,True
stage3_graph_scm_0101_seed42,/home/crc00006699/zh/tabiclv2/results/tabiclv2_prior_data/graph_scm_3stage_512_seed42/stage3_graph_scm_0101_seed42,multiclass,9062,907,2196,8,6,1.0,1.0,1.0,1.0,2.38282983666668e-07,8.720582485198975,3.043956995010376,ok,,9062,8155,0,2196,1.2954051840097236e-06,True,0.1,False,8,1e-05,True,8.618701219558716,full_train_epoch_chunks,full train set chunked per epoch | validation=auto_stratified_validation | c_selection=f_mmd c_source=test c_metric=standardized_l2 | f_mmd_reserved_context=5% source=test | wise_ft_skipped rows=11258>=2000,30,1,epoch_chunk,accuracy,1.0,1.0,1.0,1.0,0,True,False,,f_mmd,test,standardized_l2,3.68668470233989,0.6981487964602108,,True
stage3_graph_scm_0102_seed42,/home/crc00006699/zh/tabiclv2/results/tabiclv2_prior_data/graph_scm_3stage_512_seed42/stage3_graph_scm_0102_seed42,multiclass,42743,4275,11350,16,10,0.5876651982378854,0.5657599723484998,0.5302375846743519,0.9133758265478914,1.0853127875181483,179.38627696037292,37.13140821456909,ok,,42743,38468,0,11350,1.1761157512664795,True,0.1,False,120,1e-05,True,178.74141645431519,full_train_epoch_chunks,full train set chunked per epoch | validation=auto_stratified_validation | c_selection=f_mmd c_source=test c_metric=standardized_l2 | f_mmd_reserved_context=5% source=test | wise_ft_skipped rows=54093>=2000,30,4,epoch_chunk,accuracy,0.5817543859649122,0.5964912280701754,0.5817543859649122,0.5964912280701754,29,False,False,,f_mmd,test,standardized_l2,7.125304893091599,6.0148466970502605,,True
stage3_graph_scm_0103_seed42,/home/crc00006699/zh/tabiclv2/results/tabiclv2_prior_data/graph_scm_3stage_512_seed42/stage3_graph_scm_0103_seed42,multiclass,981,99,262,78,5,0.9961832061068703,0.9962205159200973,0.9957446808510639,1.0,0.01093151056030516,7.443535327911377,0.9827370643615723,ok,,981,882,0,262,0.07141663134098053,True,0.1,True,8,1e-05,True,7.244652509689331,full_train_epoch_chunks,full train set chunked per epoch | validation=auto_stratified_validation | c_selection=f_mmd c_source=test c_metric=standardized_l2 | f_mmd_reserved_context=5% source=test | wise_ft=alpha0.1 rows=1243<2000,30,1,epoch_chunk,accuracy,0.9797979797979798,0.9797979797979798,0.9797979797979798,0.9797979797979798,0,True,False,,f_mmd,test,standardized_l2,2.484970545806116,1.5254976692326716,,True
stage3_graph_scm_0104_seed42,/home/crc00006699/zh/tabiclv2/results/tabiclv2_prior_data/graph_scm_3stage_512_seed42/stage3_graph_scm_0104_seed42,multiclass,18898,1890,4995,38,6,0.42462462462462464,0.33785314979229836,0.338881554777428,0.7081933360356358,1.4104346045807046,51.633113384246826,13.806387424468994,ok,,18898,17008,0,4995,1.3958661556243896,True,0.1,False,24,1e-05,True,50.73586082458496,full_train_epoch_chunks,full train set chunked per epoch | validation=auto_stratified_validation | c_selection=f_mmd c_source=test c_metric=standardized_l2 | f_mmd_reserved_context=5% source=test | wise_ft_skipped rows=23893>=2000,30,2,epoch_chunk,accuracy,0.42328042328042326,0.4248677248677249,0.42328042328042326,0.4248677248677249,4,True,False,,f_mmd,test,standardized_l2,3.1941304596991826,0.7650379731073498,,True
stage3_graph_scm_0105_seed42,/home/crc00006699/zh/tabiclv2/results/tabiclv2_prior_data/graph_scm_3stage_512_seed42/stage3_graph_scm_0105_seed42,multiclass,38964,3897,9359,28,10,0.5613847633294156,0.5594385211951606,0.5529382088137015,0.9222821117378304,1.1644123757651617,76.9822268486023,34.69071054458618,ok,,38964,35067,0,9359,1.1999088525772095,True,0.1,False,40,1e-05,True,75.60841941833496,full_train_epoch_chunks,full train set chunked per epoch | validation=auto_stratified_validation | c_selection=f_mmd c_source=test c_metric=standardized_l2 | f_mmd_reserved_context=5% source=test | wise_ft_skipped rows=48323>=2000,30,4,epoch_chunk,accuracy,0.5619707467282525,0.5655632537849627,0.5619707467282525,0.5655632537849627,2,True,False,,f_mmd,test,standardized_l2,1.8693089413385702,0.13626224348828012,,True
stage3_graph_scm_0106_seed42,/home/crc00006699/zh/tabiclv2/results/tabiclv2_prior_data/graph_scm_3stage_512_seed42/stage3_graph_scm_0106_seed42,multiclass,1013,102,243,41,7,0.6255144032921811,0.6298251664976693,0.6349664090688198,0.9131250000411647,0.8898414576448085,8.4098641872406,1.5453784465789795,ok,,1013,911,0,243,1.223646342754364,True,0.1,True,8,1e-05,True,8.111000776290894,full_train_epoch_chunks,full train set chunked per epoch | validation=auto_stratified_validation | c_selection=f_mmd c_source=test c_metric=standardized_l2 | f_mmd_reserved_context=5% source=test | wise_ft=alpha0.1 rows=1256<2000,30,1,epoch_chunk,accuracy,0.6568627450980392,0.6568627450980392,0.6568627450980392,0.6568627450980392,0,True,False,,f_mmd,test,standardized_l2,2.335157200573222,0.2852201307202717,,True
stage3_graph_scm_0107_seed42,/home/crc00006699/zh/tabiclv2/results/tabiclv2_prior_data/graph_scm_3stage_512_seed42/stage3_graph_scm_0107_seed42,multiclass,4698,470,1249,95,5,0.8214571657325861,0.8071273129079235,0.7414137203364916,0.9446021190466223,0.4827835337563195,33.353902101516724,5.433040380477905,ok,,4698,4228,0,1249,0.4425368160009384,True,0.1,False,12,1e-05,True,32.71092772483826,full_train_epoch_chunks,full train set chunked per epoch | validation=auto_stratified_validation | c_selection=f_mmd c_source=test c_metric=standardized_l2 | f_mmd_reserved_context=5% source=test | wise_ft_skipped rows=5947>=2000,30,1,epoch_chunk,accuracy,0.825531914893617,0.8276595744680851,0.825531914893617,0.8276595744680851,4,True,False,,f_mmd,test,standardized_l2,1.7169809257318838,0.034982472378863004,,True
stage3_graph_scm_0108_seed42,/home/crc00006699/zh/tabiclv2/results/tabiclv2_prior_data/graph_scm_3stage_512_seed42/stage3_graph_scm_0108_seed42,multiclass,613,62,151,52,3,0.8675496688741722,0.8675245835841863,0.8569698559468382,0.9638303014736942,0.3373021215822163,11.755640506744385,1.0632026195526123,ok,,613,551,0,151,0.28414277732372284,True,0.1,True,20,1e-05,True,11.624793529510498,full_train_epoch_chunks,full train set chunked per epoch | validation=auto_stratified_validation | c_selection=f_mmd c_source=test c_metric=standardized_l2 | f_mmd_reserved_context=5% source=test | wise_ft=alpha0.1 rows=764<2000,30,1,epoch_chunk,accuracy,0.7741935483870968,0.8387096774193549,0.7741935483870968,0.8387096774193549,12,True,False,,f_mmd,test,standardized_l2,2.5962090406240472,0.48264651653396157,,True
stage3_graph_scm_0109_seed42,/home/crc00006699/zh/tabiclv2/results/tabiclv2_prior_data/graph_scm_3stage_512_seed42/stage3_graph_scm_0109_seed42,multiclass,22237,2224,5825,49,9,0.9993133047210301,0.9993135361810815,0.9993535177639754,0.9999998222295202,0.0017821920568817093,76.98520612716675,18.408636331558228,ok,,22237,20013,0,5825,0.004718173528090119,True,0.1,False,28,1e-05,True,75.84152913093567,full_train_epoch_chunks,full train set chunked per epoch | validation=auto_stratified_validation | c_selection=f_mmd c_source=test c_metric=standardized_l2 | f_mmd_reserved_context=5% source=test | wise_ft_skipped rows=28062>=2000,30,2,epoch_chunk,accuracy,0.997751798561151,0.9986510791366906,0.997751798561151,0.9986510791366906,6,True,False,,f_mmd,test,standardized_l2,3.7193317809016464,19.833504242468074,,True
stage3_graph_scm_0110_seed42,/home/crc00006699/zh/tabiclv2/results/tabiclv2_prior_data/graph_scm_3stage_512_seed42/stage3_graph_scm_0110_seed42,multiclass,22714,2272,5642,33,6,1.0,1.0,1.0,1.0,2.86476332584148e-07,39.391196727752686,16.183685779571533,ok,,22714,20442,0,5642,0.030410023406147957,True,0.1,False,24,1e-05,True,38.39273476600647,full_train_epoch_chunks,full train set chunked per epoch | validation=auto_stratified_validation | c_selection=f_mmd c_source=test c_metric=standardized_l2 | f_mmd_reserved_context=5% source=test | wise_ft_skipped rows=28356>=2000,30,3,epoch_chunk,accuracy,1.0,1.0,1.0,1.0,0,True,False,,f_mmd,test,standardized_l2,7.24002398922243,2.6474309964560865,,True
stage3_graph_scm_0111_seed42,/home/crc00006699/zh/tabiclv2/results/tabiclv2_prior_data/graph_scm_3stage_512_seed42/stage3_graph_scm_0111_seed42,multiclass,4203,421,1083,18,3,0.9316712834718375,0.9320330637746913,0.9347600925407287,0.990781380581414,0.14456877443603938,8.749722957611084,1.6796865463256836,ok,,4203,3782,0,1083,0.12229717895388603,True,0.1,False,11,1e-05,True,8.530431747436523,full_train_epoch_chunks,full train set chunked per epoch | validation=auto_stratified_validation | c_selection=f_mmd c_source=test c_metric=standardized_l2 | f_mmd_reserved_context=5% source=test | wise_ft_skipped rows=5286>=2000,30,1,epoch_chunk,accuracy,0.9501187648456056,0.9524940617577197,0.9501187648456056,0.9524940617577197,3,True,False,,f_mmd,test,standardized_l2,2.9632030979074604,1.6650835160426514,,True
stage3_graph_scm_0112_seed42,/home/crc00006699/zh/tabiclv2/results/tabiclv2_prior_data/graph_scm_3stage_512_seed42/stage3_graph_scm_0112_seed42,binclass,7798,780,2059,79,2,0.9936862554638174,0.9936694168788779,0.9822952995972369,0.9997434916634791,0.01407997510233649,35.47030830383301,7.358091592788696,ok,,7798,7018,0,2059,0.013298047706484795,True,0.1,False,11,1e-05,True,34.66940903663635,full_train_epoch_chunks,full train set chunked per epoch | validation=auto_stratified_validation | c_selection=f_mmd c_source=test c_metric=standardized_l2 | f_mmd_reserved_context=5% source=test | wise_ft_skipped rows=9857>=2000,30,1,epoch_chunk,accuracy,0.9961538461538462,0.9974358974358974,0.9961538461538462,0.9974358974358974,3,True,False,,f_mmd,test,standardized_l2,1.8418811141637663,0.15804967889701263,,True
stage3_graph_scm_0113_seed42,/home/crc00006699/zh/tabiclv2/results/tabiclv2_prior_data/graph_scm_3stage_512_seed42/stage3_graph_scm_0113_seed42,binclass,29217,2922,6885,31,2,1.0,1.0,1.0,1.0,4.647885282673421e-07,48.05360794067383,22.89831781387329,ok,,29217,26295,0,6885,0.0001008788967737928,True,0.1,False,24,1e-05,True,47.08992576599121,full_train_epoch_chunks,full train set chunked per epoch | validation=auto_stratified_validation | c_selection=f_mmd c_source=test c_metric=standardized_l2 | f_mmd_reserved_context=5% source=test | wise_ft_skipped rows=36102>=2000,30,3,epoch_chunk,accuracy,1.0,1.0,1.0,1.0,0,True,False,,f_mmd,test,standardized_l2,5.030755190785166,7.107608222881941,,True
stage3_graph_scm_0114_seed42,/home/crc00006699/zh/tabiclv2/results/tabiclv2_prior_data/graph_scm_3stage_512_seed42/stage3_graph_scm_0114_seed42,multiclass,9633,964,2463,8,10,0.27486804709703616,0.21721490577129862,0.1648142474146766,0.6554237728886498,2.001389553258909,9.373993158340454,3.3856964111328125,ok,,9633,8669,0,2463,2.025824189186096,True,0.1,False,8,1e-05,True,9.272547483444214,full_train_epoch_chunks,full train set chunked per epoch | validation=auto_stratified_validation | c_selection=f_mmd c_source=test c_metric=standardized_l2 | f_mmd_reserved_context=5% source=test | wise_ft_skipped rows=12096>=2000,30,1,epoch_chunk,accuracy,0.29045643153526973,0.29045643153526973,0.29045643153526973,0.29045643153526973,0,True,False,,f_mmd,test,standardized_l2,4.04643973641375,0.700467915831015,,True
stage3_graph_scm_0115_seed42,/home/crc00006699/zh/tabiclv2/results/tabiclv2_prior_data/graph_scm_3stage_512_seed42/stage3_graph_scm_0115_seed42,multiclass,39447,3945,10444,28,10,0.1457296055151283,0.0998001301535832,0.11785819832168778,0.5530834019887478,2.2753310431731997,128.5163733959198,36.12083649635315,ok,,39447,35502,0,10444,2.279558777809143,True,0.1,False,68,1e-05,True,127.12303614616394,full_train_epoch_chunks,full train set chunked per epoch | validation=auto_stratified_validation | c_selection=f_mmd c_source=test c_metric=standardized_l2 | f_mmd_reserved_context=5% source=test | wise_ft_skipped rows=49891>=2000,30,4,epoch_chunk,accuracy,0.13257287705956908,0.1376425855513308,0.13257287705956908,0.1376425855513308,9,True,False,,f_mmd,test,standardized_l2,2.42632498101493,0.2970876727130881,,True
stage3_graph_scm_0116_seed42,/home/crc00006699/zh/tabiclv2/results/tabiclv2_prior_data/graph_scm_3stage_512_seed42/stage3_graph_scm_0116_seed42,multiclass,11641,1165,2870,4,5,1.0,1.0,1.0,1.0,5.0650203373588306e-05,11.371835231781006,3.992135524749756,ok,,11641,10476,0,2870,0.3875720798969269,True,0.1,False,16,1e-05,True,11.306920051574707,full_train_epoch_chunks,full train set chunked per epoch | validation=auto_stratified_validation | c_selection=f_mmd c_source=test c_metric=standardized_l2 | f_mmd_reserved_context=5% source=test | wise_ft_skipped rows=14511>=2000,30,2,epoch_chunk,accuracy,1.0,1.0,1.0,1.0,0,True,False,,f_mmd,test,standardized_l2,6.639530366575864,1.967567014967058,,True
stage3_graph_scm_0117_seed42,/home/crc00006699/zh/tabiclv2/results/tabiclv2_prior_data/graph_scm_3stage_512_seed42/stage3_graph_scm_0117_seed42,multiclass,1384,139,333,86,3,0.993993993993994,0.993993993993994,0.984804469273743,0.9996677065950809,0.019059040012258145,12.745989084243774,1.324430227279663,ok,,1384,1245,0,333,0.0025354832177981734,True,0.1,True,12,1e-05,True,12.446814775466919,full_train_epoch_chunks,full train set chunked per epoch | validation=auto_stratified_validation | c_selection=f_mmd c_source=test c_metric=standardized_l2 | f_mmd_reserved_context=5% source=test | wise_ft=alpha0.1 rows=1717<2000,30,1,epoch_chunk,accuracy,0.9856115107913669,0.9928057553956835,0.9856115107913669,0.9928057553956835,4,True,False,,f_mmd,test,standardized_l2,3.518077658288863,0.5786539568151661,,True
stage3_graph_scm_0118_seed42,/home/crc00006699/zh/tabiclv2/results/tabiclv2_prior_data/graph_scm_3stage_512_seed42/stage3_graph_scm_0118_seed42,multiclass,13839,1384,3261,69,6,1.0,1.0,1.0,1.0,3.2019452982771263e-07,40.579060554504395,12.239789485931396,ok,,13839,12455,0,3261,8.651778102830576e-07,True,0.1,False,16,1e-05,True,39.41918063163757,full_train_epoch_chunks,full train set chunked per epoch | validation=auto_stratified_validation | c_selection=f_mmd c_source=test c_metric=standardized_l2 | f_mmd_reserved_context=5% source=test | wise_ft_skipped rows=17100>=2000,30,2,epoch_chunk,accuracy,1.0,1.0,1.0,1.0,0,True,False,,f_mmd,test,standardized_l2,4.148624809996677,1.4312894868698038,,True
stage3_graph_scm_0119_seed42,/home/crc00006699/zh/tabiclv2/results/tabiclv2_prior_data/graph_scm_3stage_512_seed42/stage3_graph_scm_0119_seed42,multiclass,3554,356,944,89,6,0.7510593220338984,0.7505528197945093,0.7413048300816957,0.9558157355271,0.6571812301414586,29.45419192314148,3.996006965637207,ok,,3554,3198,0,944,0.6474976241588593,True,0.1,False,17,1e-05,True,28.99720072746277,full_train_epoch_chunks,full train set chunked per epoch | validation=auto_stratified_validation | c_selection=f_mmd c_source=test c_metric=standardized_l2 | f_mmd_reserved_context=5% source=test | wise_ft_skipped rows=4498>=2000,30,1,epoch_chunk,accuracy,0.7162921348314607,0.7415730337078652,0.7162921348314607,0.7415730337078652,9,True,False,,f_mmd,test,standardized_l2,6.554412160509363,2.005573960641129,,True
stage3_graph_scm_0120_seed42,/home/crc00006699/zh/tabiclv2/results/tabiclv2_prior_data/graph_scm_3stage_512_seed42/stage3_graph_scm_0120_seed42,multiclass,7241,725,1902,41,9,0.4426919032597266,0.41252137585747684,0.40433866080445846,0.8188984231197688,1.3849787401296623,32.655640840530396,4.863320827484131,ok,,7241,6516,0,1902,1.3744898438453674,True,0.1,False,19,1e-05,True,32.280829668045044,full_train_epoch_chunks,full train set chunked per epoch | validation=auto_stratified_validation | c_selection=f_mmd c_source=test c_metric=standardized_l2 | f_mmd_reserved_context=5% source=test | wise_ft_skipped rows=9143>=2000,30,1,epoch_chunk,accuracy,0.4220689655172414,0.44551724137931037,0.4220689655172414,0.44551724137931037,11,True,False,,f_mmd,test,standardized_l2,3.0949302818726836,2.212236926459736,,True
stage3_graph_scm_0121_seed42,/home/crc00006699/zh/tabiclv2/results/tabiclv2_prior_data/graph_scm_3stage_512_seed42/stage3_graph_scm_0121_seed42,binclass,372,38,90,38,2,1.0,1.0,1.0,1.0,1.9914605862381745e-06,4.2191243171691895,0.600628137588501,ok,,372,334,0,90,1.2706626648650854e-06,True,0.1,True,8,1e-05,True,4.135600566864014,full_train_epoch_chunks,full train set chunked per epoch | validation=auto_stratified_validation | c_selection=f_mmd c_source=test c_metric=standardized_l2 | f_mmd_reserved_context=5% source=test | wise_ft=alpha0.1 rows=462<2000,30,1,epoch_chunk,accuracy,1.0,1.0,1.0,1.0,0,True,False,,f_mmd,test,standardized_l2,3.374796725592971,1.1294464741474042,,True
stage3_graph_scm_0122_seed42,/home/crc00006699/zh/tabiclv2/results/tabiclv2_prior_data/graph_scm_3stage_512_seed42/stage3_graph_scm_0122_seed42,multiclass,4145,415,1029,61,9,0.706511175898931,0.6713635343325407,0.525199649374056,0.9342037967877306,0.7911453089230911,39.25030708312988,3.331028699874878,ok,,4145,3730,0,1029,0.7407502830028534,True,0.1,False,27,1e-05,True,38.88624024391174,full_train_epoch_chunks,full train set chunked per epoch | validation=auto_stratified_validation | c_selection=f_mmd c_source=test c_metric=standardized_l2 | f_mmd_reserved_context=5% source=test | wise_ft_skipped rows=5174>=2000,30,1,epoch_chunk,accuracy,0.6963855421686747,0.7060240963855422,0.6963855421686747,0.7060240963855422,19,True,False,,f_mmd,test,standardized_l2,1.6049271957672693,0.0533198803157748,,True
stage3_graph_scm_0123_seed42,/home/crc00006699/zh/tabiclv2/results/tabiclv2_prior_data/graph_scm_3stage_512_seed42/stage3_graph_scm_0123_seed42,multiclass,35120,3512,8289,16,9,0.5035589335263603,0.4843596583268354,0.4776431823091861,0.8613557814348201,1.4195480351361736,88.8725163936615,26.205535888671875,ok,,35120,31608,0,8289,1.4427271485328674,True,0.1,False,68,1e-05,True,88.17509698867798,full_train_epoch_chunks,full train set chunked per epoch | validation=auto_stratified_validation | c_selection=f_mmd c_source=test c_metric=standardized_l2 | f_mmd_reserved_context=5% source=test | wise_ft_skipped rows=43409>=2000,30,4,epoch_chunk,accuracy,0.5079726651480638,0.5099658314350797,0.5079726651480638,0.5099658314350797,9,True,False,,f_mmd,test,standardized_l2,1.7582651290243714,0.09468969983498335,,True
stage3_graph_scm_0124_seed42,/home/crc00006699/zh/tabiclv2/results/tabiclv2_prior_data/graph_scm_3stage_512_seed42/stage3_graph_scm_0124_seed42,multiclass,29338,2934,7407,4,3,0.6457405157283651,0.6051915409068246,0.4798172017391804,0.7430380214692193,0.8030828480588655,32.871628761291504,12.973339080810547,ok,,29338,26404,0,7407,0.811847448348999,True,0.1,False,30,1e-05,True,32.72422528266907,full_train_epoch_chunks,full train set chunked per epoch | validation=auto_stratified_validation | c_selection=f_mmd c_source=test c_metric=standardized_l2 | f_mmd_reserved_context=5% source=test | wise_ft_skipped rows=36745>=2000,30,3,epoch_chunk,accuracy,0.6220177232447172,0.6264485344239945,0.6220177232447172,0.6264485344239945,2,True,False,,f_mmd,test,standardized_l2,3.769600178129052,0.8527498519058316,,True
stage3_graph_scm_0125_seed42,/home/crc00006699/zh/tabiclv2/results/tabiclv2_prior_data/graph_scm_3stage_512_seed42/stage3_graph_scm_0125_seed42,multiclass,2311,232,578,56,8,0.9930795847750865,0.9930885963104616,0.9910273380931085,0.9999641591946482,0.016960540059357977,12.22413969039917,1.9092111587524414,ok,,2311,2079,0,578,0.004493395797908306,True,0.1,False,8,1e-05,True,11.926836729049683,full_train_epoch_chunks,full train set chunked per epoch | validation=auto_stratified_validation | c_selection=f_mmd c_source=test c_metric=standardized_l2 | f_mmd_reserved_context=5% source=test | wise_ft_skipped rows=2889>=2000,30,1,epoch_chunk,accuracy,0.9956896551724138,0.9956896551724138,0.9956896551724138,0.9956896551724138,0,True,False,,f_mmd,test,standardized_l2,3.51464429279973,1.8242692665417077,,True
stage3_graph_scm_0126_seed42,/home/crc00006699/zh/tabiclv2/results/tabiclv2_prior_data/graph_scm_3stage_512_seed42/stage3_graph_scm_0126_seed42,multiclass,422,43,106,61,7,1.0,1.0,1.0,1.0,3.0415338713891068e-06,7.859281539916992,0.6192221641540527,ok,,422,379,0,106,1.125335666074534e-05,True,0.1,True,8,1e-05,True,7.705514192581177,full_train_epoch_chunks,full train set chunked per epoch | validation=auto_stratified_validation | c_selection=f_mmd c_source=test c_metric=standardized_l2 | f_mmd_reserved_context=5% source=test | wise_ft=alpha0.1 rows=528<2000,30,1,epoch_chunk,accuracy,0.9302325581395349,0.9302325581395349,0.9302325581395349,0.9302325581395349,0,True,False,,f_mmd,test,standardized_l2,3.8635274500513823,1.819980791433504,,True
stage3_graph_scm_0127_seed42,/home/crc00006699/zh/tabiclv2/results/tabiclv2_prior_data/graph_scm_3stage_512_seed42/stage3_graph_scm_0127_seed42,multiclass,33612,3362,8047,10,7,0.647570523176339,0.6324953335440606,0.4716187672223503,0.8941714429176575,0.9102072622298037,69.60577726364136,23.0232093334198,ok,,33612,30250,0,8047,0.9813914597034454,True,0.1,False,56,1e-05,True,69.06445384025574,full_train_epoch_chunks,full train set chunked per epoch | validation=auto_stratified_validation | c_selection=f_mmd c_source=test c_metric=standardized_l2 | f_mmd_reserved_context=5% source=test | wise_ft_skipped rows=41659>=2000,30,4,epoch_chunk,accuracy,0.6293872694824509,0.6314693634741225,0.6293872694824509,0.6314693634741225,6,True,False,,f_mmd,test,standardized_l2,1.8234778697140601,0.059514424833558066,,True
stage3_graph_scm_0128_seed42,/home/crc00006699/zh/tabiclv2/results/tabiclv2_prior_data/graph_scm_3stage_512_seed42/stage3_graph_scm_0128_seed42,multiclass,6750,675,1779,85,10,0.5334457560427206,0.5262995112438884,0.4781096353065144,0.894161513730326,1.3111337151209996,30.523589611053467,7.154296636581421,ok,,6750,6075,0,1779,1.3254013061523438,True,0.1,False,8,1e-05,True,29.682194232940674,full_train_epoch_chunks,full train set chunked per epoch | validation=auto_stratified_validation | c_selection=f_mmd c_source=test c_metric=standardized_l2 | f_mmd_reserved_context=5% source=test | wise_ft_skipped rows=8529>=2000,30,1,epoch_chunk,accuracy,0.5185185185185185,0.5185185185185185,0.5185185185185185,0.5185185185185185,0,True,False,,f_mmd,test,standardized_l2,3.258351630818341,0.4842163247016947,,True
stage3_graph_scm_0129_seed42,/home/crc00006699/zh/tabiclv2/results/tabiclv2_prior_data/graph_scm_3stage_512_seed42/stage3_graph_scm_0129_seed42,multiclass,31864,3187,8399,6,10,0.4799380878676033,0.47277390853111795,0.40584038137884787,0.8267933833821969,1.4433262219105925,36.34738779067993,20.228388786315918,ok,,31864,28677,0,8399,1.4773370027542114,True,0.1,False,27,1e-05,True,35.999791860580444,full_train_epoch_chunks,full train set chunked per epoch | validation=auto_stratified_validation | c_selection=f_mmd c_source=test c_metric=standardized_l2 | f_mmd_reserved_context=5% source=test | wise_ft_skipped rows=40263>=2000,30,3,epoch_chunk,accuracy,0.4960778161280201,0.497646689676812,0.4960778161280201,0.497646689676812,1,True,False,,f_mmd,test,standardized_l2,5.031500700067234,1.0285776578241925,,True
stage3_graph_scm_0130_seed42,/home/crc00006699/zh/tabiclv2/results/tabiclv2_prior_data/graph_scm_3stage_512_seed42/stage3_graph_scm_0130_seed42,binclass,805,81,212,18,2,0.9952830188679245,0.9952908309488996,0.9964285714285714,1.0,0.012939058005944115,5.355193614959717,1.0082283020019531,ok,,805,724,0,212,0.025107238441705704,True,0.1,True,8,1e-05,True,5.2814576625823975,full_train_epoch_chunks,full train set chunked per epoch | validation=auto_stratified_validation | c_selection=f_mmd c_source=test c_metric=standardized_l2 | f_mmd_reserved_context=5% source=test | wise_ft=alpha0.1 rows=1017<2000,30,1,epoch_chunk,accuracy,0.9876543209876543,0.9876543209876543,0.9876543209876543,0.9876543209876543,0,True,False,,f_mmd,test,standardized_l2,4.8419898742397125,1.1229728173335718,,True
stage3_graph_scm_0131_seed42,/home/crc00006699/zh/tabiclv2/results/tabiclv2_prior_data/graph_scm_3stage_512_seed42/stage3_graph_scm_0131_seed42,multiclass,1254,126,310,7,3,0.6225806451612903,0.604975359927443,0.5497240252092008,0.766542115823292,0.8564711387598025,6.112516641616821,0.4202415943145752,ok,,1254,1128,0,310,0.7375563383102417,True,0.1,True,16,1e-05,True,6.072386264801025,full_train_epoch_chunks,full train set chunked per epoch | validation=auto_stratified_validation | c_selection=f_mmd c_source=test c_metric=standardized_l2 | f_mmd_reserved_context=5% source=test | wise_ft=alpha0.1 rows=1564<2000,30,1,epoch_chunk,accuracy,0.5476190476190477,0.5714285714285714,0.5476190476190477,0.5714285714285714,8,True,False,,f_mmd,test,standardized_l2,5.584351626694098,4.540022580995133,,True
stage3_graph_scm_0132_seed42,/home/crc00006699/zh/tabiclv2/results/tabiclv2_prior_data/graph_scm_3stage_512_seed42/stage3_graph_scm_0132_seed42,multiclass,8787,879,2283,31,7,0.5142356548401227,0.4132609757189255,0.18573723511422346,0.7377344103878934,1.3188487615079523,23.015223264694214,4.9079976081848145,ok,,8787,7908,0,2283,1.32309228181839,True,0.1,False,12,1e-05,True,22.65330195426941,full_train_epoch_chunks,full train set chunked per epoch | validation=auto_stratified_validation | c_selection=f_mmd c_source=test c_metric=standardized_l2 | f_mmd_reserved_context=5% source=test | wise_ft_skipped rows=11070>=2000,30,1,epoch_chunk,accuracy,0.5267349260523322,0.5278725824800911,0.5267349260523322,0.5278725824800911,4,True,False,,f_mmd,test,standardized_l2,3.21868299924816,2.8657690927768544,,True
stage3_graph_scm_0133_seed42,/home/crc00006699/zh/tabiclv2/results/tabiclv2_prior_data/graph_scm_3stage_512_seed42/stage3_graph_scm_0133_seed42,multiclass,599,60,151,37,5,0.695364238410596,0.6931331232071395,0.5759821428571428,0.8853849980088958,0.7398712615126127,8.334968090057373,0.882347583770752,ok,,599,539,0,151,0.9382328391075134,True,0.1,True,14,1e-05,True,8.242783546447754,full_train_epoch_chunks,full train set chunked per epoch | validation=auto_stratified_validation | c_selection=f_mmd c_source=test c_metric=standardized_l2 | f_mmd_reserved_context=5% source=test | wise_ft=alpha0.1 rows=750<2000,30,1,epoch_chunk,accuracy,0.7166666666666667,0.75,0.7166666666666667,0.75,6,True,False,,f_mmd,test,standardized_l2,3.7565695467282136,2.5801860910967656,,True
stage3_graph_scm_0134_seed42,/home/crc00006699/zh/tabiclv2/results/tabiclv2_prior_data/graph_scm_3stage_512_seed42/stage3_graph_scm_0134_seed42,multiclass,21636,2164,5649,20,3,0.7360594795539034,0.728293872673417,0.7038163572119712,0.8517880649953647,0.6339558739042187,67.98846507072449,13.125224590301514,ok,,21636,19472,0,5649,0.6166207492351532,True,0.1,False,38,1e-05,True,67.32297658920288,full_train_epoch_chunks,full train set chunked per epoch | validation=auto_stratified_validation | c_selection=f_mmd c_source=test c_metric=standardized_l2 | f_mmd_reserved_context=5% source=test | wise_ft_skipped rows=27285>=2000,30,2,epoch_chunk,accuracy,0.7218114602587801,0.744916820702403,0.7218114602587801,0.744916820702403,11,True,False,,f_mmd,test,standardized_l2,4.790868497217125,1.0863559014258406,,True
stage3_graph_scm_0135_seed42,/home/crc00006699/zh/tabiclv2/results/tabiclv2_prior_data/graph_scm_3stage_512_seed42/stage3_graph_scm_0135_seed42,multiclass,6874,688,1650,66,8,0.9509090909090909,0.9509691919476533,0.947695896662237,0.9984330268759138,0.12211728322606762,37.08824014663696,6.013030052185059,ok,,6874,6186,0,1650,0.11298906430602074,True,0.1,False,16,1e-05,True,36.64807868003845,full_train_epoch_chunks,full train set chunked per epoch | validation=auto_stratified_validation | c_selection=f_mmd c_source=test c_metric=standardized_l2 | f_mmd_reserved_context=5% source=test | wise_ft_skipped rows=8524>=2000,30,1,epoch_chunk,accuracy,0.9491279069767442,0.9622093023255814,0.9491279069767442,0.9622093023255814,8,True,False,,f_mmd,test,standardized_l2,14.492877904235883,26.48004989302868,,True
stage3_graph_scm_0136_seed42,/home/crc00006699/zh/tabiclv2/results/tabiclv2_prior_data/graph_scm_3stage_512_seed42/stage3_graph_scm_0136_seed42,multiclass,3740,374,880,56,5,0.42727272727272725,0.29290566066407026,0.24535766811155968,0.5838520684515451,1.4244661050980183,20.750746965408325,2.424854278564453,ok,,3740,3366,0,880,1.416956603527069,True,0.1,False,14,1e-05,True,20.453304290771484,full_train_epoch_chunks,full train set chunked per epoch | validation=auto_stratified_validation | c_selection=f_mmd c_source=test c_metric=standardized_l2 | f_mmd_reserved_context=5% source=test | wise_ft_skipped rows=4620>=2000,30,1,epoch_chunk,accuracy,0.4197860962566845,0.42780748663101603,0.4197860962566845,0.42780748663101603,6,True,False,,f_mmd,test,standardized_l2,3.43696602710973,0.5831031549924466,,True
stage3_graph_scm_0137_seed42,/home/crc00006699/zh/tabiclv2/results/tabiclv2_prior_data/graph_scm_3stage_512_seed42/stage3_graph_scm_0137_seed42,multiclass,6014,602,1563,43,7,0.9001919385796545,0.9002147251101618,0.8908612155191188,0.9928525154265182,0.2772023919116287,15.13346815109253,4.0359206199646,ok,,6014,5412,0,1563,0.3999517112970352,True,0.1,False,8,1e-05,True,14.80485224723816,full_train_epoch_chunks,full train set chunked per epoch | validation=auto_stratified_validation | c_selection=f_mmd c_source=test c_metric=standardized_l2 | f_mmd_reserved_context=5% source=test | wise_ft_skipped rows=7577>=2000,30,1,epoch_chunk,accuracy,0.8704318936877077,0.8704318936877077,0.8704318936877077,0.8704318936877077,0,True,False,,f_mmd,test,standardized_l2,4.277441458094995,0.8453782250872188,,True
stage3_graph_scm_0138_seed42,/home/crc00006699/zh/tabiclv2/results/tabiclv2_prior_data/graph_scm_3stage_512_seed42/stage3_graph_scm_0138_seed42,multiclass,31206,3121,7735,36,3,0.9824175824175824,0.9823333770705378,0.9730655495822867,0.9989824835136979,0.044923406169189,96.30854916572571,26.735461235046387,ok,,31206,28085,0,7735,0.07310037314891815,True,0.1,False,42,1e-05,True,95.10091471672058,full_train_epoch_chunks,full train set chunked per epoch | validation=auto_stratified_validation | c_selection=f_mmd c_source=test c_metric=standardized_l2 | f_mmd_reserved_context=5% source=test | wise_ft_skipped rows=38941>=2000,30,3,epoch_chunk,accuracy,0.9762896507529638,0.9766100608779238,0.9762896507529638,0.9766100608779238,6,True,False,,f_mmd,test,standardized_l2,2.7044231724955976,0.3411106849345132,,True
stage3_graph_scm_0139_seed42,/home/crc00006699/zh/tabiclv2/results/tabiclv2_prior_data/graph_scm_3stage_512_seed42/stage3_graph_scm_0139_seed42,binclass,8882,889,2272,67,2,1.0,1.0,1.0,1.0,5.58242911717903e-07,25.287043809890747,7.742992162704468,ok,,8882,7993,0,2272,1.342559187378356e-06,True,0.1,False,8,1e-05,True,24.4055655002594,full_train_epoch_chunks,full train set chunked per epoch | validation=auto_stratified_validation | c_selection=f_mmd c_source=test c_metric=standardized_l2 | f_mmd_reserved_context=5% source=test | wise_ft_skipped rows=11154>=2000,30,1,epoch_chunk,accuracy,1.0,1.0,1.0,1.0,0,True,False,,f_mmd,test,standardized_l2,5.632101883268674,4.55340235184693,,True
stage3_graph_scm_0140_seed42,/home/crc00006699/zh/tabiclv2/results/tabiclv2_prior_data/graph_scm_3stage_512_seed42/stage3_graph_scm_0140_seed42,multiclass,30670,3067,7781,9,4,0.40778820203058735,0.3985068687306872,0.3994226283304738,0.6683617089300938,1.2751036495696055,32.165945053100586,19.50801730155945,ok,,30670,27603,0,7781,1.3007442355155945,True,0.1,False,24,1e-05,True,31.569748163223267,full_train_epoch_chunks,full train set chunked per epoch | validation=auto_stratified_validation | c_selection=f_mmd c_source=test c_metric=standardized_l2 | f_mmd_reserved_context=5% source=test | wise_ft_skipped rows=38451>=2000,30,3,epoch_chunk,accuracy,0.41375937398108903,0.41375937398108903,0.41375937398108903,0.41375937398108903,0,True,False,,f_mmd,test,standardized_l2,4.495437939205046,0.9701449340997008,,True
stage3_graph_scm_0141_seed42,/home/crc00006699/zh/tabiclv2/results/tabiclv2_prior_data/graph_scm_3stage_512_seed42/stage3_graph_scm_0141_seed42,multiclass,11478,1148,2955,65,5,0.5120135363790186,0.4697584510114663,0.37384232783632554,0.7763592457667894,1.1365350899050226,123.73944211006165,9.781894207000732,ok,,11478,10330,0,2955,1.3438244462013245,True,0.1,False,60,1e-05,True,122.6930820941925,full_train_epoch_chunks,full train set chunked per epoch | validation=auto_stratified_validation | c_selection=f_mmd c_source=test c_metric=standardized_l2 | f_mmd_reserved_context=5% source=test | wise_ft_skipped rows=14433>=2000,30,2,epoch_chunk,accuracy,0.5174216027874564,0.5374564459930313,0.5174216027874564,0.5374564459930313,23,False,False,,f_mmd,test,standardized_l2,2.1940525174259013,0.2563954009274314,,True
stage3_graph_scm_0142_seed42,/home/crc00006699/zh/tabiclv2/results/tabiclv2_prior_data/graph_scm_3stage_512_seed42/stage3_graph_scm_0142_seed42,multiclass,23870,2387,6151,20,10,0.9962607706064055,0.9962605045685983,0.9960245564340091,0.9999793709830233,0.01282617247280216,61.18430042266846,15.035490989685059,ok,,23870,21483,0,6151,0.06868649646639824,True,0.1,False,48,1e-05,True,60.625173568725586,full_train_epoch_chunks,full train set chunked per epoch | validation=auto_stratified_validation | c_selection=f_mmd c_source=test c_metric=standardized_l2 | f_mmd_reserved_context=5% source=test | wise_ft_skipped rows=30021>=2000,30,3,epoch_chunk,accuracy,0.9928780896522832,0.993715961457897,0.9928780896522832,0.993715961457897,8,True,False,,f_mmd,test,standardized_l2,2.0454253704930685,0.2011013483750521,,True
stage3_graph_scm_0143_seed42,/home/crc00006699/zh/tabiclv2/results/tabiclv2_prior_data/graph_scm_3stage_512_seed42/stage3_graph_scm_0143_seed42,multiclass,15114,1512,3814,12,4,0.7716308337703198,0.7674016063127233,0.7351671482468429,0.9225488205728694,0.5766571473459658,18.704479455947876,6.768364906311035,ok,,15114,13602,0,3814,0.6738189160823822,True,0.1,False,18,1e-05,True,18.430670976638794,full_train_epoch_chunks,full train set chunked per epoch | validation=auto_stratified_validation | c_selection=f_mmd c_source=test c_metric=standardized_l2 | f_mmd_reserved_context=5% source=test | wise_ft_skipped rows=18928>=2000,30,2,epoch_chunk,accuracy,0.7566137566137566,0.7579365079365079,0.7566137566137566,0.7579365079365079,1,True,False,,f_mmd,test,standardized_l2,2.413678010012498,0.23792079182575585,,True
stage3_graph_scm_0144_seed42,/home/crc00006699/zh/tabiclv2/results/tabiclv2_prior_data/graph_scm_3stage_512_seed42/stage3_graph_scm_0144_seed42,multiclass,468,47,125,88,3,1.0,1.0,1.0,1.0,0.006163957920571633,6.653880596160889,0.6124424934387207,ok,,468,421,0,125,0.2561452388763428,True,0.1,True,8,1e-05,True,6.469618558883667,full_train_epoch_chunks,full train set chunked per epoch | validation=auto_stratified_validation | c_selection=f_mmd c_source=test c_metric=standardized_l2 | f_mmd_reserved_context=5% source=test | wise_ft=alpha0.1 rows=593<2000,30,1,epoch_chunk,accuracy,1.0,1.0,1.0,1.0,0,True,False,,f_mmd,test,standardized_l2,3.075628353933165,1.0341028220555117,,True
stage3_graph_scm_0145_seed42,/home/crc00006699/zh/tabiclv2/results/tabiclv2_prior_data/graph_scm_3stage_512_seed42/stage3_graph_scm_0145_seed42,multiclass,1424,143,349,76,7,0.9914040114613181,0.9914310326010765,0.9922025413939161,1.0,0.015656544233273235,8.43778920173645,1.2344918251037598,ok,,1424,1281,0,349,0.017486192286014557,True,0.1,True,8,1e-05,True,8.21557092666626,full_train_epoch_chunks,full train set chunked per epoch | validation=auto_stratified_validation | c_selection=f_mmd c_source=test c_metric=standardized_l2 | f_mmd_reserved_context=5% source=test | wise_ft=alpha0.1 rows=1773<2000,30,1,epoch_chunk,accuracy,1.0,1.0,1.0,1.0,0,True,False,,f_mmd,test,standardized_l2,4.781981816648128,4.550888262564786,,True
stage3_graph_scm_0146_seed42,/home/crc00006699/zh/tabiclv2/results/tabiclv2_prior_data/graph_scm_3stage_512_seed42/stage3_graph_scm_0146_seed42,multiclass,17416,1742,4248,1,10,0.17184557438794726,0.05040067067223846,0.1,0.5370717842539081,2.2411022829336553,12.36426568031311,4.388351917266846,ok,,17416,15674,0,4248,2.243644595146179,True,0.1,False,16,1e-05,True,12.327116966247559,full_train_epoch_chunks,full train set chunked per epoch | validation=auto_stratified_validation | c_selection=f_mmd c_source=test c_metric=standardized_l2 | f_mmd_reserved_context=5% source=test | wise_ft_skipped rows=21664>=2000,30,2,epoch_chunk,accuracy,0.16073478760045926,0.16073478760045926,0.16073478760045926,0.16073478760045926,0,True,False,,f_mmd,test,standardized_l2,2.284451702984964,5.960464477539063e-08,,True
stage3_graph_scm_0147_seed42,/home/crc00006699/zh/tabiclv2/results/tabiclv2_prior_data/graph_scm_3stage_512_seed42/stage3_graph_scm_0147_seed42,multiclass,11514,1152,2875,49,7,0.9972173913043478,0.9972057652609632,0.9963254786450663,0.9999885511259559,0.006834895449436877,28.465332746505737,8.39215636253357,ok,,11514,10362,0,2875,0.3453435152769089,True,0.1,False,18,1e-05,True,27.89178967475891,full_train_epoch_chunks,full train set chunked per epoch | validation=auto_stratified_validation | c_selection=f_mmd c_source=test c_metric=standardized_l2 | f_mmd_reserved_context=5% source=test | wise_ft_skipped rows=14389>=2000,30,2,epoch_chunk,accuracy,0.9956597222222222,0.9965277777777778,0.9956597222222222,0.9965277777777778,1,True,False,,f_mmd,test,standardized_l2,4.223586655291241,1.3998123930281607,,True
stage3_graph_scm_0148_seed42,/home/crc00006699/zh/tabiclv2/results/tabiclv2_prior_data/graph_scm_3stage_512_seed42/stage3_graph_scm_0148_seed42,binclass,328,33,86,71,2,1.0,1.0,1.0,1.0,4.514737602520452e-06,5.427974462509155,0.429166316986084,ok,,328,295,0,86,2.048783358077344e-06,True,0.1,True,8,1e-05,True,5.281744718551636,full_train_epoch_chunks,full train set chunked per epoch | validation=auto_stratified_validation | c_selection=f_mmd c_source=test c_metric=standardized_l2 | f_mmd_reserved_context=5% source=test | wise_ft=alpha0.1 rows=414<2000,30,1,epoch_chunk,accuracy,1.0,1.0,1.0,1.0,0,True,False,,f_mmd,test,standardized_l2,2.419659763430858,0.4690680082394727,,True
stage3_graph_scm_0149_seed42,/home/crc00006699/zh/tabiclv2/results/tabiclv2_prior_data/graph_scm_3stage_512_seed42/stage3_graph_scm_0149_seed42,multiclass,1467,147,369,36,9,0.27100271002710025,0.1619229361324753,0.218881626724764,0.609685755717289,1.844852713093564,5.108003377914429,0.8133456707000732,ok,,1467,1320,0,369,2.067566215991974,True,0.1,True,8,1e-05,True,5.008381605148315,full_train_epoch_chunks,full train set chunked per epoch | validation=auto_stratified_validation | c_selection=f_mmd c_source=test c_metric=standardized_l2 | f_mmd_reserved_context=5% source=test | wise_ft=alpha0.1 rows=1836<2000,30,1,epoch_chunk,accuracy,0.2653061224489796,0.2653061224489796,0.2653061224489796,0.2653061224489796,0,True,False,,f_mmd,test,standardized_l2,16.10789771565666,1.161779948823737,,True
stage3_graph_scm_0150_seed42,/home/crc00006699/zh/tabiclv2/results/tabiclv2_prior_data/graph_scm_3stage_512_seed42/stage3_graph_scm_0150_seed42,binclass,3973,398,1000,58,2,1.0,1.0,1.0,1.0,0.001127454196076073,11.03426218032837,2.7735109329223633,ok,,3973,3575,0,1000,0.0005424587870948017,True,0.1,False,8,1e-05,True,10.747835397720337,full_train_epoch_chunks,full train set chunked per epoch | validation=auto_stratified_validation | c_selection=f_mmd c_source=test c_metric=standardized_l2 | f_mmd_reserved_context=5% source=test | wise_ft_skipped rows=4973>=2000,30,1,epoch_chunk,accuracy,0.9974874371859297,0.9974874371859297,0.9974874371859297,0.9974874371859297,0,True,False,,f_mmd,test,standardized_l2,3.3164771913936133,0.5322705137826709,,True
stage3_graph_scm_0151_seed42,/home/crc00006699/zh/tabiclv2/results/tabiclv2_prior_data/graph_scm_3stage_512_seed42/stage3_graph_scm_0151_seed42,multiclass,15238,1524,3710,15,9,0.8528301886792453,0.8529573669933009,0.8511171257367651,0.9891249883083615,0.3693605440372312,31.766084909439087,7.106952667236328,ok,,15238,13714,0,3710,0.48342175781726837,True,0.1,False,30,1e-05,True,31.447757482528687,full_train_epoch_chunks,full train set chunked per epoch | validation=auto_stratified_validation | c_selection=f_mmd c_source=test c_metric=standardized_l2 | f_mmd_reserved_context=5% source=test | wise_ft_skipped rows=18948>=2000,30,2,epoch_chunk,accuracy,0.8556430446194225,0.863517060367454,0.8556430446194225,0.863517060367454,7,True,False,,f_mmd,test,standardized_l2,7.579935434690522,1.7250494810941375,,True
stage3_graph_scm_0152_seed42,/home/crc00006699/zh/tabiclv2/results/tabiclv2_prior_data/graph_scm_3stage_512_seed42/stage3_graph_scm_0152_seed42,multiclass,1267,127,337,59,3,0.5459940652818991,0.5399561659635277,0.484375,0.7333282116587027,0.8769697010708598,6.685086488723755,0.9625298976898193,ok,,1267,1140,0,337,0.9020973443984985,True,0.1,True,8,1e-05,True,6.50857400894165,full_train_epoch_chunks,full train set chunked per epoch | validation=auto_stratified_validation | c_selection=f_mmd c_source=test c_metric=standardized_l2 | f_mmd_reserved_context=5% source=test | wise_ft=alpha0.1 rows=1604<2000,30,1,epoch_chunk,accuracy,0.5826771653543307,0.5826771653543307,0.5826771653543307,0.5826771653543307,0,True,False,,f_mmd,test,standardized_l2,3.6085580395704664,0.9328382599302855,,True
stage3_graph_scm_0153_seed42,/home/crc00006699/zh/tabiclv2/results/tabiclv2_prior_data/graph_scm_3stage_512_seed42/stage3_graph_scm_0153_seed42,multiclass,15830,1583,3865,23,10,0.9979301423027167,0.997935971267552,0.9975533091863952,0.9999936762526582,0.005768928427610751,21.6009304523468,8.61701226234436,ok,,15830,14247,0,3865,0.012371018063277006,True,0.1,False,16,1e-05,True,21.191883325576782,full_train_epoch_chunks,full train set chunked per epoch | validation=auto_stratified_validation | c_selection=f_mmd c_source=test c_metric=standardized_l2 | f_mmd_reserved_context=5% source=test | wise_ft_skipped rows=19695>=2000,30,2,epoch_chunk,accuracy,0.9955780164245104,0.9955780164245104,0.9955780164245104,0.9955780164245104,0,True,False,,f_mmd,test,standardized_l2,4.504692780054698,9.527224434330424,,True
stage3_graph_scm_0154_seed42,/home/crc00006699/zh/tabiclv2/results/tabiclv2_prior_data/graph_scm_3stage_512_seed42/stage3_graph_scm_0154_seed42,binclass,925,93,223,30,2,0.9596412556053812,0.9607932798585233,0.9512759170653908,0.9889952153110048,0.09959227859470299,4.716657876968384,1.0945665836334229,ok,,925,832,0,223,0.11928284913301468,True,0.1,True,8,1e-05,True,4.624730110168457,full_train_epoch_chunks,full train set chunked per epoch | validation=auto_stratified_validation | c_selection=f_mmd c_source=test c_metric=standardized_l2 | f_mmd_reserved_context=5% source=test | wise_ft=alpha0.1 rows=1148<2000,30,1,epoch_chunk,accuracy,0.978494623655914,0.978494623655914,0.978494623655914,0.978494623655914,0,True,False,,f_mmd,test,standardized_l2,7.873957082984463,2.1935298275126507,,True
stage3_graph_scm_0155_seed42,/home/crc00006699/zh/tabiclv2/results/tabiclv2_prior_data/graph_scm_3stage_512_seed42/stage3_graph_scm_0155_seed42,binclass,882,89,233,46,2,0.9313304721030042,0.9313862515157104,0.9321544835750222,0.98409292690145,0.16795295408156136,5.88341760635376,1.3339474201202393,ok,,882,793,0,233,0.19809818267822266,True,0.1,True,8,1e-05,True,5.759441137313843,full_train_epoch_chunks,full train set chunked per epoch | validation=auto_stratified_validation | c_selection=f_mmd c_source=test c_metric=standardized_l2 | f_mmd_reserved_context=5% source=test | wise_ft=alpha0.1 rows=1115<2000,30,1,epoch_chunk,accuracy,0.9550561797752809,0.9550561797752809,0.9550561797752809,0.9550561797752809,0,True,False,,f_mmd,test,standardized_l2,2.342218661612534,0.28403290042605245,,True
stage3_graph_scm_0156_seed42,/home/crc00006699/zh/tabiclv2/results/tabiclv2_prior_data/graph_scm_3stage_512_seed42/stage3_graph_scm_0156_seed42,multiclass,323,33,77,78,3,1.0,1.0,1.0,1.0,2.1991987040305957e-06,5.527250528335571,0.4399428367614746,ok,,323,290,0,77,1.554859125008079e-06,True,0.1,True,8,1e-05,True,5.368368864059448,full_train_epoch_chunks,full train set chunked per epoch | validation=auto_stratified_validation | c_selection=f_mmd c_source=test c_metric=standardized_l2 | f_mmd_reserved_context=5% source=test | wise_ft=alpha0.1 rows=400<2000,30,1,epoch_chunk,accuracy,1.0,1.0,1.0,1.0,0,True,False,,f_mmd,test,standardized_l2,3.9503389533941924,0.69883709345392,,True
stage3_graph_scm_0157_seed42,/home/crc00006699/zh/tabiclv2/results/tabiclv2_prior_data/graph_scm_3stage_512_seed42/stage3_graph_scm_0157_seed42,multiclass,483,49,129,54,3,0.9224806201550387,0.9220832204279817,0.8950953373215925,0.9944474749059006,0.1256315761043072,4.913601398468018,0.8926384449005127,ok,,483,434,0,129,0.1644033119082451,True,0.1,True,8,1e-05,True,4.798124551773071,full_train_epoch_chunks,full train set chunked per epoch | validation=auto_stratified_validation | c_selection=f_mmd c_source=test c_metric=standardized_l2 | f_mmd_reserved_context=5% source=test | wise_ft=alpha0.1 rows=612<2000,30,1,epoch_chunk,accuracy,0.9183673469387755,0.9183673469387755,0.9183673469387755,0.9183673469387755,0,True,False,,f_mmd,test,standardized_l2,1.8707423062818933,0.13292164908591902,,True
stage3_graph_scm_0158_seed42,/home/crc00006699/zh/tabiclv2/results/tabiclv2_prior_data/graph_scm_3stage_512_seed42/stage3_graph_scm_0158_seed42,multiclass,821,83,204,27,3,1.0,1.0,1.0,1.0,4.175248327556291e-07,4.2558746337890625,0.9425435066223145,ok,,821,738,0,204,1.2638617477023217e-06,True,0.1,True,8,1e-05,True,4.169055461883545,full_train_epoch_chunks,full train set chunked per epoch | validation=auto_stratified_validation | c_selection=f_mmd c_source=test c_metric=standardized_l2 | f_mmd_reserved_context=5% source=test | wise_ft=alpha0.1 rows=1025<2000,30,1,epoch_chunk,accuracy,1.0,1.0,1.0,1.0,0,True,False,,f_mmd,test,standardized_l2,3.6103720454663653,5.960464477539063e-08,,True
stage3_graph_scm_0159_seed42,/home/crc00006699/zh/tabiclv2/results/tabiclv2_prior_data/graph_scm_3stage_512_seed42/stage3_graph_scm_0159_seed42,binclass,460,46,120,46,2,0.9166666666666666,0.9162387999597301,0.9055023923444976,0.9733851674641149,0.20313074451857815,4.563347816467285,0.7784512042999268,ok,,460,414,0,120,0.25790538638830185,True,0.1,True,8,1e-05,True,4.461968183517456,full_train_epoch_chunks,full train set chunked per epoch | validation=auto_stratified_validation | c_selection=f_mmd c_source=test c_metric=standardized_l2 | f_mmd_reserved_context=5% source=test | wise_ft=alpha0.1 rows=580<2000,30,1,epoch_chunk,accuracy,0.8260869565217391,0.8260869565217391,0.8260869565217391,0.8260869565217391,0,True,False,,f_mmd,test,standardized_l2,3.166240074213271,0.4876895664885289,,True
stage3_graph_scm_0160_seed42,/home/crc00006699/zh/tabiclv2/results/tabiclv2_prior_data/graph_scm_3stage_512_seed42/stage3_graph_scm_0160_seed42,binclass,546,55,143,77,2,0.993006993006993,0.9934939612358967,0.9964285714285714,0.9976190476190476,0.0222867535318101,6.07325005531311,0.5852944850921631,ok,,546,491,0,143,0.07097695395350456,True,0.1,True,8,1e-05,True,5.8954198360443115,full_train_epoch_chunks,full train set chunked per epoch | validation=auto_stratified_validation | c_selection=f_mmd c_source=test c_metric=standardized_l2 | f_mmd_reserved_context=5% source=test | wise_ft=alpha0.1 rows=689<2000,30,1,epoch_chunk,accuracy,0.9818181818181818,0.9818181818181818,0.9818181818181818,0.9818181818181818,0,True,False,,f_mmd,test,standardized_l2,2.6785138435479188,0.4994077521316661,,True
stage3_graph_scm_0161_seed42,/home/crc00006699/zh/tabiclv2/results/tabiclv2_prior_data/graph_scm_3stage_512_seed42/stage3_graph_scm_0161_seed42,multiclass,4560,456,1122,88,5,0.9955436720142602,0.995531805302295,0.9937893956247683,0.9999955552550747,0.00937419494649614,17.530118465423584,4.794602394104004,ok,,4560,4104,0,1122,0.0013044748338870704,True,0.1,False,8,1e-05,True,16.983060598373413,full_train_epoch_chunks,full train set chunked per epoch | validation=auto_stratified_validation | c_selection=f_mmd c_source=test c_metric=standardized_l2 | f_mmd_reserved_context=5% source=test | wise_ft_skipped rows=5682>=2000,30,1,epoch_chunk,accuracy,1.0,1.0,1.0,1.0,0,True,False,,f_mmd,test,standardized_l2,2.204432812186199,0.14895170505089703,,True
stage3_graph_scm_0162_seed42,/home/crc00006699/zh/tabiclv2/results/tabiclv2_prior_data/graph_scm_3stage_512_seed42/stage3_graph_scm_0162_seed42,multiclass,338,34,90,55,5,0.9333333333333333,0.9329881275003227,0.9411371237458195,0.9971126914429196,0.2055610969684448,4.673751354217529,0.704268217086792,ok,,338,304,0,90,0.08005155622959137,True,0.1,True,8,1e-05,True,4.558428764343262,full_train_epoch_chunks,full train set chunked per epoch | validation=auto_stratified_validation | c_selection=f_mmd c_source=test c_metric=standardized_l2 | f_mmd_reserved_context=5% source=test | wise_ft=alpha0.1 rows=428<2000,30,1,epoch_chunk,accuracy,0.9705882352941176,0.9705882352941176,0.9705882352941176,0.9705882352941176,0,True,False,,f_mmd,test,standardized_l2,2.779922315513247,1.2528239207564584,,True
stage3_graph_scm_0163_seed42,/home/crc00006699/zh/tabiclv2/results/tabiclv2_prior_data/graph_scm_3stage_512_seed42/stage3_graph_scm_0163_seed42,multiclass,2360,236,575,83,4,0.9234782608695652,0.9234588055612761,0.9139137456465566,0.9900644392619926,0.20880186168496256,10.838720321655273,2.039618968963623,ok,,2360,2124,0,575,0.1973428949713707,True,0.1,False,8,1e-05,True,10.515545845031738,full_train_epoch_chunks,full train set chunked per epoch | validation=auto_stratified_validation | c_selection=f_mmd c_source=test c_metric=standardized_l2 | f_mmd_reserved_context=5% source=test | wise_ft_skipped rows=2935>=2000,30,1,epoch_chunk,accuracy,0.940677966101695,0.940677966101695,0.940677966101695,0.940677966101695,0,True,False,,f_mmd,test,standardized_l2,2.1423628833668675,0.6643056010954737,,True
stage3_graph_scm_0164_seed42,/home/crc00006699/zh/tabiclv2/results/tabiclv2_prior_data/graph_scm_3stage_512_seed42/stage3_graph_scm_0164_seed42,multiclass,38226,3823,9994,2,7,0.18941364818891335,0.10384170712993465,0.1619396972075109,0.5336673884844756,1.93058743039003,40.47567677497864,23.0901460647583,ok,,38226,34403,0,9994,1.9355146884918213,True,0.1,False,44,1e-05,True,40.3615825176239,full_train_epoch_chunks,full train set chunked per epoch | validation=auto_stratified_validation | c_selection=f_mmd c_source=test c_metric=standardized_l2 | f_mmd_reserved_context=5% source=test | wise_ft_skipped rows=48220>=2000,30,4,epoch_chunk,accuracy,0.19147266544598482,0.19827360711483127,0.19147266544598482,0.19827360711483127,3,True,False,,f_mmd,test,standardized_l2,7.518838523690163,1.786871170645664,,True
stage3_graph_scm_0165_seed42,/home/crc00006699/zh/tabiclv2/results/tabiclv2_prior_data/graph_scm_3stage_512_seed42/stage3_graph_scm_0165_seed42,multiclass,7349,735,1757,48,7,0.7472965281730222,0.715466585995702,0.5747499400447437,0.9601127335792156,0.5751420057487375,15.45755386352539,5.1757471561431885,ok,,7349,6614,0,1757,0.5867275297641754,True,0.1,False,8,1e-05,True,15.07594609260559,full_train_epoch_chunks,full train set chunked per epoch | validation=auto_stratified_validation | c_selection=f_mmd c_source=test c_metric=standardized_l2 | f_mmd_reserved_context=5% source=test | wise_ft_skipped rows=9106>=2000,30,1,epoch_chunk,accuracy,0.745578231292517,0.745578231292517,0.745578231292517,0.745578231292517,0,True,False,,f_mmd,test,standardized_l2,3.5071996225464535,2.7985360187342176,,True
stage3_graph_scm_0166_seed42,/home/crc00006699/zh/tabiclv2/results/tabiclv2_prior_data/graph_scm_3stage_512_seed42/stage3_graph_scm_0166_seed42,multiclass,2761,277,697,97,5,1.0,1.0,1.0,1.0,5.144673430948371e-07,13.395485401153564,3.084604263305664,ok,,2761,2484,0,697,1.1113382356597867e-06,True,0.1,False,8,1e-05,True,12.961262464523315,full_train_epoch_chunks,full train set chunked per epoch | validation=auto_stratified_validation | c_selection=f_mmd c_source=test c_metric=standardized_l2 | f_mmd_reserved_context=5% source=test | wise_ft_skipped rows=3458>=2000,30,1,epoch_chunk,accuracy,1.0,1.0,1.0,1.0,0,True,False,,f_mmd,test,standardized_l2,2.9509359906202084,0.5817504193837183,,True
stage3_graph_scm_0167_seed42,/home/crc00006699/zh/tabiclv2/results/tabiclv2_prior_data/graph_scm_3stage_512_seed42/stage3_graph_scm_0167_seed42,binclass,4328,433,1150,42,2,0.8173913043478261,0.7708164469801299,0.54531944215896,0.6976869754813231,0.4384247641778948,10.550819635391235,2.39627742767334,ok,,4328,3895,0,1150,0.413552850484848,True,0.1,False,8,1e-05,True,10.302448034286499,full_train_epoch_chunks,full train set chunked per epoch | validation=auto_stratified_validation | c_selection=f_mmd c_source=test c_metric=standardized_l2 | f_mmd_reserved_context=5% source=test | wise_ft_skipped rows=5478>=2000,30,1,epoch_chunk,accuracy,0.8198614318706697,0.8198614318706697,0.8198614318706697,0.8198614318706697,0,True,False,,f_mmd,test,standardized_l2,6.2505592301212545,40.027399364995,,True
stage3_graph_scm_0168_seed42,/home/crc00006699/zh/tabiclv2/results/tabiclv2_prior_data/graph_scm_3stage_512_seed42/stage3_graph_scm_0168_seed42,multiclass,40897,4090,10289,16,3,0.985712897268928,0.9857191413522577,0.9858855525732998,0.9995818272995504,0.03496825174828977,105.30589747428894,33.89843392372131,ok,,40897,36807,0,10289,0.06857585161924362,True,0.1,False,72,1e-05,True,104.59013628959656,full_train_epoch_chunks,full train set chunked per epoch | validation=auto_stratified_validation | c_selection=f_mmd c_source=test c_metric=standardized_l2 | f_mmd_reserved_context=5% source=test | wise_ft_skipped rows=51186>=2000,30,4,epoch_chunk,accuracy,0.9831295843520782,0.9850855745721271,0.9831295843520782,0.9850855745721271,10,True,False,,f_mmd,test,standardized_l2,5.456732379829547,6.209891217278418,,True
stage3_graph_scm_0169_seed42,/home/crc00006699/zh/tabiclv2/results/tabiclv2_prior_data/graph_scm_3stage_512_seed42/stage3_graph_scm_0169_seed42,multiclass,31752,3176,7621,19,3,0.9838603857761449,0.9833995826743269,0.9524135626251465,0.9965476474594972,0.05145626218667597,55.192174673080444,22.970782041549683,ok,,31752,28576,0,7621,0.043060265481472015,True,0.1,False,33,1e-05,True,54.47231912612915,full_train_epoch_chunks,full train set chunked per epoch | validation=auto_stratified_validation | c_selection=f_mmd c_source=test c_metric=standardized_l2 | f_mmd_reserved_context=5% source=test | wise_ft_skipped rows=39373>=2000,30,3,epoch_chunk,accuracy,0.9814231738035264,0.9817380352644837,0.9814231738035264,0.9817380352644837,3,True,False,,f_mmd,test,standardized_l2,1.7035644027030872,0.0696889383041942,,True
