dataset_name,dataset_dir,task_type,n_train,n_val,n_test,n_features,n_classes,accuracy,f1,balanced_accuracy,roc_auc,log_loss,fit_seconds,predict_seconds,status,error,n_train_a,n_train_b,n_holdout_c,n_test_d,ttt_loss,ttt_wise_ft,ttt_wise_alpha,ttt_wise_applied,ttt_steps,ttt_lr,ttt_applied,ttt_update_seconds,ttt_split_strategy,ttt_split_reason,ttt_epochs,ttt_chunks_per_epoch,ttt_batch_mode,ttt_val_eval_metric,ttt_val_baseline_metric,ttt_val_best_metric,ttt_val_baseline_accuracy,ttt_val_best_accuracy,ttt_best_epoch,ttt_stopped_early,ttt_oom_fallback,ttt_fallback_reason,ttt_c_selection,ttt_c_source,ttt_c_metric,ttt_c_f_distance_mean,ttt_c_f_distance_std,ttt_c_fallback_reason,ttt_c_label_coverage_ok
Amazon_employee_access,/home/crc00006699/zh/tabiclv2/data184/Amazon_employee_access,binclass,26215,5243,6554,7,2,0.9446139761977418,0.9301408808770562,0.5805460780019869,0.8353102667364575,0.1656755771355852,29.548767805099487,12.623673677444458,ok,,26215,20972,0,6554,0.2285827100276947,True,0.1,False,24,1e-05,True,29.32313323020935,full_train_epoch_chunks,full train set chunked per epoch | validation=dataset_val_split | c_selection=f_mmd c_source=test c_metric=standardized_l2 | f_mmd_reserved_context=5% source=test | wise_ft_skipped rows=32769>=2000,30,3,epoch_chunk,accuracy,0.9496471485790576,0.9496471485790576,0.9496471485790576,0.9496471485790576,0,True,False,,f_mmd,test,standardized_l2,3.6268547065954087,0.718812355702569,,True
BNG(breast-w),/home/crc00006699/zh/tabiclv2/data184/BNG(breast-w),binclass,31492,6299,7874,9,2,0.9883159766319533,0.9883281362113726,0.9881099072075906,0.9991498347089424,0.0332170976202375,44.94434690475464,20.175848960876465,ok,,31492,25193,0,7874,0.0344620514661073,True,0.1,False,42,1e-05,True,44.68946433067322,full_train_epoch_chunks,full train set chunked per epoch | validation=dataset_val_split | c_selection=f_mmd c_source=test c_metric=standardized_l2 | f_mmd_reserved_context=5% source=test | wise_ft_skipped rows=39366>=2000,30,3,epoch_chunk,accuracy,0.9868233052865534,0.9879345927925068,0.9868233052865534,0.9879345927925068,6,True,False,,f_mmd,test,standardized_l2,4.266356135759506,0.7553151369521771,,True
BNG(tic-tac-toe),/home/crc00006699/zh/tabiclv2/data184/BNG(tic-tac-toe),binclass,31492,6299,7874,9,2,0.8168656337312674,0.8146305814495177,0.7871739592592443,0.8843689550006324,0.4032807700674196,52.61431097984314,20.42676854133606,ok,,31492,25193,0,7874,0.4336839914321899,True,0.1,False,48,1e-05,True,52.28247594833374,full_train_epoch_chunks,full train set chunked per epoch | validation=dataset_val_split | c_selection=f_mmd c_source=test c_metric=standardized_l2 | f_mmd_reserved_context=5% source=test | wise_ft_skipped rows=39366>=2000,30,3,epoch_chunk,accuracy,0.8072709953960946,0.8117161454199079,0.8072709953960946,0.8117161454199079,8,True,False,,f_mmd,test,standardized_l2,1.8408121454446689,0.1126048979836622,,True
Basketball_c,/home/crc00006699/zh/tabiclv2/data184/Basketball_c,binclass,1072,215,268,11,2,0.7089552238805971,0.7071286922033191,0.6856839121190645,0.7435920151193007,0.5781068201370533,3.359978675842285,0.4039227962493896,ok,,1072,857,0,268,0.5984161496162415,True,0.1,True,8,1e-05,True,3.326646089553833,full_train_epoch_chunks,full train set chunked per epoch | validation=dataset_val_split | c_selection=f_mmd c_source=test c_metric=standardized_l2 | f_mmd_reserved_context=5% source=test | wise_ft=alpha0.1 rows=1340<2000,30,1,epoch_chunk,accuracy,0.7627906976744186,0.7627906976744186,0.7627906976744186,0.7627906976744186,0,True,False,,f_mmd,test,standardized_l2,4.580026916701443,1.8472818550739796,,True
Cardiovascular-Disease-dataset,/home/crc00006699/zh/tabiclv2/data184/Cardiovascular-Disease-dataset,binclass,56000,11200,14000,11,2,0.734,0.7338661437955366,0.7339872600774726,0.8006234859178729,0.5432421258166482,123.72089457511902,60.16787672042847,ok,,56000,44800,0,14000,0.5456503033638,True,0.1,False,95,1e-05,True,123.21582508087158,full_train_epoch_chunks,full train set chunked per epoch | validation=dataset_val_split | c_selection=f_mmd c_source=test c_metric=standardized_l2 | f_mmd_reserved_context=5% source=test | wise_ft_skipped rows=70000>=2000,30,5,epoch_chunk,accuracy,0.7294642857142857,0.7349107142857143,0.7294642857142857,0.7349107142857143,11,True,False,,f_mmd,test,standardized_l2,6.554668299698502,33.66639040487304,,True
Contaminant-detection-in-packaged-cocoa-hazelnut-spread-jars-using-Microwaves-Sensing-and-Machine-Learning-10.0GHz(Urbinati),/home/crc00006699/zh/tabiclv2/data184/Contaminant-detection-in-packaged-cocoa-hazelnut-spread-jars-using-Microwaves-Sensing-and-Machine-Learning-10.0GHz(Urbinati),binclass,1920,384,480,30,2,0.98125,0.981254478263324,0.9815767519466074,0.996975806451613,0.0605281743123898,7.734436988830566,0.9241747856140136,ok,,1920,1536,0,480,0.0593809522688388,True,0.1,False,14,1e-05,True,7.651602268218994,full_train_epoch_chunks,full train set chunked per epoch | validation=dataset_val_split | c_selection=f_mmd c_source=test c_metric=standardized_l2 | f_mmd_reserved_context=5% source=test | wise_ft_skipped rows=2400>=2000,30,1,epoch_chunk,accuracy,0.9661458333333334,0.9713541666666666,0.9661458333333334,0.9713541666666666,6,True,False,,f_mmd,test,standardized_l2,3.474111017300537,0.5011058777592388,,True
Contaminant-detection-in-packaged-cocoa-hazelnut-spread-jars-using-Microwaves-Sensing-and-Machine-Learning-11.0GHz(Urbinati),/home/crc00006699/zh/tabiclv2/data184/Contaminant-detection-in-packaged-cocoa-hazelnut-spread-jars-using-Microwaves-Sensing-and-Machine-Learning-11.0GHz(Urbinati),binclass,1920,384,480,30,2,0.9604166666666668,0.960427492536752,0.9609983314794216,0.9930999721913236,0.1080881824864201,6.63786506652832,0.926189422607422,ok,,1920,1536,0,480,0.074260089546442,True,0.1,False,13,1e-05,True,6.560291767120361,full_train_epoch_chunks,full train set chunked per epoch | validation=dataset_val_split | c_selection=f_mmd c_source=test c_metric=standardized_l2 | f_mmd_reserved_context=5% source=test | wise_ft_skipped rows=2400>=2000,30,1,epoch_chunk,accuracy,0.9765625,0.9817708333333334,0.9765625,0.9817708333333334,5,True,False,,f_mmd,test,standardized_l2,2.77001594160081,0.3098385256639161,,True
Contaminant-detection-in-packaged-cocoa-hazelnut-spread-jars-using-Microwaves-Sensing-and-Machine-Learning-9.5GHz(Urbinati),/home/crc00006699/zh/tabiclv2/data184/Contaminant-detection-in-packaged-cocoa-hazelnut-spread-jars-using-Microwaves-Sensing-and-Machine-Learning-9.5GHz(Urbinati),binclass,1920,384,480,30,2,0.9625,0.9625097698653928,0.9628754171301446,0.994194938820912,0.0953402342147707,10.40613603591919,0.9301817417144777,ok,,1920,1536,0,480,0.1123799458146095,True,0.1,False,21,1e-05,True,10.333274841308594,full_train_epoch_chunks,full train set chunked per epoch | validation=dataset_val_split | c_selection=f_mmd c_source=test c_metric=standardized_l2 | f_mmd_reserved_context=5% source=test | wise_ft_skipped rows=2400>=2000,30,1,epoch_chunk,accuracy,0.9479166666666666,0.9661458333333334,0.9479166666666666,0.9661458333333334,13,True,False,,f_mmd,test,standardized_l2,3.064720688473775,0.2426838793945935,,True
Customer_Personality_Analysis,/home/crc00006699/zh/tabiclv2/data184/Customer_Personality_Analysis,binclass,1792,359,448,24,2,0.8973214285714286,0.8876877416476654,0.724370274611196,0.9150507305989736,0.2424583970326306,5.705657243728638,0.7752304077148438,ok,,1792,1433,0,448,0.2009828835725784,True,0.1,False,12,1e-05,True,5.640415191650391,full_train_epoch_chunks,full train set chunked per epoch | validation=dataset_val_split | c_selection=f_mmd c_source=test c_metric=standardized_l2 | f_mmd_reserved_context=5% source=test | wise_ft_skipped rows=2240>=2000,30,1,epoch_chunk,accuracy,0.883008356545961,0.8885793871866295,0.883008356545961,0.8885793871866295,4,True,False,,f_mmd,test,standardized_l2,4.672547501062973,1.1700370204343244,,True
E-CommereShippingData,/home/crc00006699/zh/tabiclv2/data184/E-CommereShippingData,binclass,8799,1760,2200,10,2,0.6781818181818182,0.666284330045009,0.7281937369003573,0.7208523558105528,0.5046326648137645,15.59274411201477,3.091869592666626,ok,,8799,7039,0,2200,0.5164842307567596,True,0.1,False,16,1e-05,True,15.498606443405151,full_train_epoch_chunks,full train set chunked per epoch | validation=dataset_val_split | c_selection=f_mmd c_source=test c_metric=standardized_l2 | f_mmd_reserved_context=5% source=test | wise_ft_skipped rows=10999>=2000,30,1,epoch_chunk,accuracy,0.6835227272727272,0.6852272727272727,0.6835227272727272,0.6852272727272727,8,True,False,,f_mmd,test,standardized_l2,2.462655441028001,0.4132095322436234,,True
FICO-HELOC-cleaned,/home/crc00006699/zh/tabiclv2/data184/FICO-HELOC-cleaned,binclass,7896,1580,1975,23,2,0.7534177215189873,0.7531791075638887,0.7523158325081457,0.8259946421014137,0.5128065710677325,9.94595503807068,3.486051321029663,ok,,7896,6316,0,1975,0.5519824624061584,True,0.1,False,8,1e-05,True,9.774935722351074,full_train_epoch_chunks,full train set chunked per epoch | validation=dataset_val_split | c_selection=f_mmd c_source=test c_metric=standardized_l2 | f_mmd_reserved_context=5% source=test | wise_ft_skipped rows=9871>=2000,30,1,epoch_chunk,accuracy,0.7493670886075949,0.7493670886075949,0.7493670886075949,0.7493670886075949,0,True,False,,f_mmd,test,standardized_l2,4.485100134651286,4.018561708468314,,True
FOREX_audcad-hour-High,/home/crc00006699/zh/tabiclv2/data184/FOREX_audcad-hour-High,binclass,35060,7012,8765,10,2,0.7168282943525385,0.7166612342228394,0.7161828574084745,0.7892903905065369,0.5530009549006202,34.07357954978943,24.64123129844665,ok,,35060,28048,0,8765,0.524253636598587,True,0.1,False,27,1e-05,True,33.77159142494202,full_train_epoch_chunks,full train set chunked per epoch | validation=dataset_val_split | c_selection=f_mmd c_source=test c_metric=standardized_l2 | f_mmd_reserved_context=5% source=test | wise_ft_skipped rows=43825>=2000,30,3,epoch_chunk,accuracy,0.7157729606389047,0.7176269252709641,0.7157729606389047,0.7176269252709641,1,True,False,,f_mmd,test,standardized_l2,5.70972811844556,4.425062077440995,,True
FOREX_audjpy-day-High,/home/crc00006699/zh/tabiclv2/data184/FOREX_audjpy-day-High,binclass,1465,293,367,10,2,0.779291553133515,0.7788935691229215,0.77819392426134,0.8559390048154093,0.4750013556191328,5.434563875198364,0.4796957969665527,ok,,1465,1172,0,367,0.5661062598228455,True,0.1,True,16,1e-05,True,5.385969877243042,full_train_epoch_chunks,full train set chunked per epoch | validation=dataset_val_split | c_selection=f_mmd c_source=test c_metric=standardized_l2 | f_mmd_reserved_context=5% source=test | wise_ft=alpha0.1 rows=1832<2000,30,1,epoch_chunk,accuracy,0.757679180887372,0.764505119453925,0.757679180887372,0.764505119453925,8,True,False,,f_mmd,test,standardized_l2,4.970620801922387,1.6582297571052529,,True
FOREX_audsgd-hour-High,/home/crc00006699/zh/tabiclv2/data184/FOREX_audsgd-hour-High,binclass,35060,7012,8765,10,2,0.7112378779235596,0.711265928874752,0.7110968707112043,0.7883778430077726,0.5533653324049377,68.8026852607727,24.587071657180783,ok,,35060,28048,0,8765,0.564510703086853,True,0.1,False,54,1e-05,True,68.46203017234802,full_train_epoch_chunks,full train set chunked per epoch | validation=dataset_val_split | c_selection=f_mmd c_source=test c_metric=standardized_l2 | f_mmd_reserved_context=5% source=test | wise_ft_skipped rows=43825>=2000,30,3,epoch_chunk,accuracy,0.694095835710211,0.7174843126069596,0.694095835710211,0.7174843126069596,10,True,False,,f_mmd,test,standardized_l2,4.313698670596083,1.5991679448916316,,True
FOREX_cadjpy-day-High,/home/crc00006699/zh/tabiclv2/data184/FOREX_cadjpy-day-High,binclass,1467,294,367,10,2,0.7247956403269755,0.7243659308585917,0.7249049655500119,0.7929436920883821,0.5533694824110096,4.669335126876831,0.4912383556365967,ok,,1467,1173,0,367,0.5278448760509491,True,0.1,True,10,1e-05,True,4.634497404098511,full_train_epoch_chunks,full train set chunked per epoch | validation=dataset_val_split | c_selection=f_mmd c_source=test c_metric=standardized_l2 | f_mmd_reserved_context=5% source=test | wise_ft=alpha0.1 rows=1834<2000,30,1,epoch_chunk,accuracy,0.7074829931972789,0.717687074829932,0.7074829931972789,0.717687074829932,2,True,False,,f_mmd,test,standardized_l2,5.276405738110375,1.913419578032166,,True
Firm-Teacher_Clave-Direction_Classification,/home/crc00006699/zh/tabiclv2/data184/Firm-Teacher_Clave-Direction_Classification,multiclass,8640,1728,2160,16,4,0.887962962962963,0.8869741983518308,0.8137202867533855,0.9723466315255188,0.3027970483755008,23.73273587226868,3.4115476608276367,ok,,8640,6912,0,2160,0.3141251802444458,True,0.1,False,21,1e-05,True,23.57025170326233,full_train_epoch_chunks,full train set chunked per epoch | validation=dataset_val_split | c_selection=f_mmd c_source=test c_metric=standardized_l2 | f_mmd_reserved_context=5% source=test | wise_ft_skipped rows=10800>=2000,30,1,epoch_chunk,accuracy,0.8668981481481481,0.8767361111111112,0.8668981481481481,0.8767361111111112,13,True,False,,f_mmd,test,standardized_l2,1.2743595976531013,0.0032793621499154,,True
GAMETES_Epistasis_2-Way_20atts_0.1H_EDM-1_1,/home/crc00006699/zh/tabiclv2/data184/GAMETES_Epistasis_2-Way_20atts_0.1H_EDM-1_1,binclass,1280,256,320,20,2,0.671875,0.6669277054689281,0.671875,0.7267773437499999,0.605854446197778,3.771642208099365,0.5673177242279053,ok,,1280,1024,0,320,0.6425604820251465,True,0.1,True,8,1e-05,True,3.711761236190796,full_train_epoch_chunks,full train set chunked per epoch | validation=dataset_val_split | c_selection=f_mmd c_source=test c_metric=standardized_l2 | f_mmd_reserved_context=5% source=test | wise_ft=alpha0.1 rows=1600<2000,30,1,epoch_chunk,accuracy,0.65234375,0.65234375,0.65234375,0.65234375,0,True,False,,f_mmd,test,standardized_l2,2.25102478229322,0.2753977890508813,,True
Gender_Gap_in_Spanish_WP,/home/crc00006699/zh/tabiclv2/data184/Gender_Gap_in_Spanish_WP,multiclass,3796,760,950,13,3,0.6126315789473684,0.5665270379672944,0.429097351701143,0.7032986580138023,0.7927197440825011,9.157800912857056,1.304783821105957,ok,,3796,3036,0,950,0.8000741600990295,True,0.1,False,18,1e-05,True,9.105976104736328,full_train_epoch_chunks,full train set chunked per epoch | validation=dataset_val_split | c_selection=f_mmd c_source=test c_metric=standardized_l2 | f_mmd_reserved_context=5% source=test | wise_ft_skipped rows=4746>=2000,30,1,epoch_chunk,accuracy,0.6197368421052631,0.631578947368421,0.6197368421052631,0.631578947368421,10,True,False,,f_mmd,test,standardized_l2,16.14778049799598,30.142465777880645,,True
HR_Analytics_Job_Change_of_Data_Scientists,/home/crc00006699/zh/tabiclv2/data184/HR_Analytics_Job_Change_of_Data_Scientists,binclass,15326,3066,3832,13,2,0.7990605427974948,0.8014989650213559,0.7444607621013017,0.8113308838649917,0.4298685326199497,15.511512756347656,6.984583616256714,ok,,15326,12260,0,3832,0.4391384422779083,True,0.1,False,16,1e-05,True,15.297255516052246,full_train_epoch_chunks,full train set chunked per epoch | validation=dataset_val_split | c_selection=f_mmd c_source=test c_metric=standardized_l2 | f_mmd_reserved_context=5% source=test | wise_ft_skipped rows=19158>=2000,30,2,epoch_chunk,accuracy,0.806914546640574,0.806914546640574,0.806914546640574,0.806914546640574,0,True,False,,f_mmd,test,standardized_l2,2.5772490099793504,0.3069183235157474,,True
INNHotelsGroup,/home/crc00006699/zh/tabiclv2/data184/INNHotelsGroup,binclass,29020,5804,7255,17,2,0.9054445210199862,0.9048857962851988,0.8870842757649284,0.9633691435778472,0.2212069385074951,43.21271228790283,19.38618111610413,ok,,29020,23216,0,7255,0.3365952372550964,True,0.1,False,36,1e-05,True,42.77216839790344,full_train_epoch_chunks,full train set chunked per epoch | validation=dataset_val_split | c_selection=f_mmd c_source=test c_metric=standardized_l2 | f_mmd_reserved_context=5% source=test | wise_ft_skipped rows=36275>=2000,30,3,epoch_chunk,accuracy,0.9021364576154376,0.905237767057202,0.9021364576154376,0.905237767057202,4,True,False,,f_mmd,test,standardized_l2,6.157614736274512,9.396667606168132,,True
Intersectional-Bias-Assessment,/home/crc00006699/zh/tabiclv2/data184/Intersectional-Bias-Assessment,binclass,8800,1760,2200,19,2,0.9440909090909092,0.9440914289155364,0.9441031083076918,0.990056622127673,0.1317595932385646,10.095170736312866,3.663571119308472,ok,,8800,7040,0,2200,0.1161330975592136,True,0.1,False,8,1e-05,True,9.941142797470093,full_train_epoch_chunks,full train set chunked per epoch | validation=dataset_val_split | c_selection=f_mmd c_source=test c_metric=standardized_l2 | f_mmd_reserved_context=5% source=test | wise_ft_skipped rows=11000>=2000,30,1,epoch_chunk,accuracy,0.9522727272727272,0.9522727272727272,0.9522727272727272,0.9522727272727272,0,True,False,,f_mmd,test,standardized_l2,2.246525388968858,0.2827963217985491,,True
JapaneseVowels,/home/crc00006699/zh/tabiclv2/data184/JapaneseVowels,multiclass,7968,1594,1993,14,9,1.0,1.0,1.0,1.0,0.0009481868591538,7.910878896713257,2.9681081771850586,ok,,7968,6374,0,1993,0.0135082551278173,True,0.1,False,8,1e-05,True,7.807854175567627,full_train_epoch_chunks,full train set chunked per epoch | validation=dataset_val_split | c_selection=f_mmd c_source=test c_metric=standardized_l2 | f_mmd_reserved_context=5% source=test | wise_ft_skipped rows=9961>=2000,30,1,epoch_chunk,accuracy,0.9962358845671268,0.9962358845671268,0.9962358845671268,0.9962358845671268,0,True,False,,f_mmd,test,standardized_l2,2.451838212173457,0.3377310441453923,,True
KDDCup09_upselling,/home/crc00006699/zh/tabiclv2/data184/KDDCup09_upselling,binclass,4102,821,1026,49,2,0.8138401559454191,0.8120185136334205,0.8138401559454191,0.9112091469739976,0.3582023773237736,17.199739933013916,2.506673812866211,ok,,4102,3281,0,1026,0.3750333935022354,True,0.1,False,16,1e-05,True,16.98909044265747,full_train_epoch_chunks,full train set chunked per epoch | validation=dataset_val_split | c_selection=f_mmd c_source=test c_metric=standardized_l2 | f_mmd_reserved_context=5% source=test | wise_ft_skipped rows=5128>=2000,30,1,epoch_chunk,accuracy,0.8099878197320342,0.8185140073081608,0.8099878197320342,0.8185140073081608,8,True,False,,f_mmd,test,standardized_l2,7.833671778281294,21.96172061478189,,True
MIC,/home/crc00006699/zh/tabiclv2/data184/MIC,binclass,1319,264,330,104,2,0.9090909090909092,0.8995772562318263,0.7459413873076113,0.8835476843066976,0.2647427309880487,8.556150436401367,1.4605309963226318,ok,,1319,1055,0,330,0.2900647521018982,True,0.1,True,8,1e-05,True,8.295732259750366,full_train_epoch_chunks,full train set chunked per epoch | validation=dataset_val_split | c_selection=f_mmd c_source=test c_metric=standardized_l2 | f_mmd_reserved_context=5% source=test | wise_ft=alpha0.1 rows=1649<2000,30,1,epoch_chunk,accuracy,0.875,0.875,0.875,0.875,0,True,False,,f_mmd,test,standardized_l2,5.712530890529921,2.467797472822383,,True
Marketing_Campaign,/home/crc00006699/zh/tabiclv2/data184/Marketing_Campaign,binclass,1792,359,448,27,2,0.890625,0.8829200996492792,0.7265836173463391,0.9251380890821482,0.2415103673660457,8.303601503372192,0.8027193546295166,ok,,1792,1433,0,448,0.1749549135565757,True,0.1,False,18,1e-05,True,8.230674028396606,full_train_epoch_chunks,full train set chunked per epoch | validation=dataset_val_split | c_selection=f_mmd c_source=test c_metric=standardized_l2 | f_mmd_reserved_context=5% source=test | wise_ft_skipped rows=2240>=2000,30,1,epoch_chunk,accuracy,0.9052924791086352,0.913649025069638,0.9052924791086352,0.913649025069638,10,True,False,,f_mmd,test,standardized_l2,4.276515050841073,2.1214029418271165,,True
National_Health_and_Nutrition_Health_Survey,/home/crc00006699/zh/tabiclv2/data184/National_Health_and_Nutrition_Health_Survey,binclass,1822,365,456,7,2,0.8355263157894737,0.7913318971559885,0.541739690260739,0.7769233520512178,0.3775853916452795,2.822154998779297,0.5279514789581299,ok,,1822,1457,0,456,0.3918047249317169,True,0.1,False,8,1e-05,True,2.7920048236846924,full_train_epoch_chunks,full train set chunked per epoch | validation=dataset_val_split | c_selection=f_mmd c_source=test c_metric=standardized_l2 | f_mmd_reserved_context=5% source=test | wise_ft_skipped rows=2278>=2000,30,1,epoch_chunk,accuracy,0.8547945205479452,0.8547945205479452,0.8547945205479452,0.8547945205479452,0,True,False,,f_mmd,test,standardized_l2,7.836993826876295,8.426130310236019,,True
PhishingWebsites,/home/crc00006699/zh/tabiclv2/data184/PhishingWebsites,binclass,8844,1769,2211,30,2,0.9805517865219358,0.9805310686674488,0.9793095873605332,0.998776919378637,0.0444305939018632,23.44053363800049,4.729745864868164,ok,,8844,7075,0,2211,0.0620236620306968,True,0.1,False,16,1e-05,True,23.16599202156067,full_train_epoch_chunks,full train set chunked per epoch | validation=dataset_val_split | c_selection=f_mmd c_source=test c_metric=standardized_l2 | f_mmd_reserved_context=5% source=test | wise_ft_skipped rows=11055>=2000,30,1,epoch_chunk,accuracy,0.9745618993781796,0.9779536461277558,0.9745618993781796,0.9779536461277558,8,True,False,,f_mmd,test,standardized_l2,3.127134346417661,0.426983204791658,,True
Pima_Indians_Diabetes_Database,/home/crc00006699/zh/tabiclv2/data184/Pima_Indians_Diabetes_Database,binclass,614,123,154,8,2,0.7272727272727273,0.7179459691252145,0.675,0.8607407407407407,0.4635466855537303,3.534828186035156,0.49062180519104,ok,,614,491,0,154,0.4783326834440231,True,0.1,True,11,1e-05,True,3.5100200176239014,full_train_epoch_chunks,full train set chunked per epoch | validation=dataset_val_split | c_selection=f_mmd c_source=test c_metric=standardized_l2 | f_mmd_reserved_context=5% source=test | wise_ft=alpha0.1 rows=768<2000,30,1,epoch_chunk,accuracy,0.7804878048780488,0.7886178861788617,0.7804878048780488,0.7886178861788617,3,True,False,,f_mmd,test,standardized_l2,4.29744305286492,1.2550670932773196,,True
Pumpkin_Seeds,/home/crc00006699/zh/tabiclv2/data184/Pumpkin_Seeds,binclass,2000,400,500,12,2,0.878,0.8778722020878236,0.8770833333333333,0.9483333333333336,0.2964299016679962,6.644160747528076,0.6611924171447754,ok,,2000,1600,0,500,0.2414666414260864,True,0.1,False,19,1e-05,True,6.606370687484741,full_train_epoch_chunks,full train set chunked per epoch | validation=dataset_val_split | c_selection=f_mmd c_source=test c_metric=standardized_l2 | f_mmd_reserved_context=5% source=test | wise_ft_skipped rows=2500>=2000,30,1,epoch_chunk,accuracy,0.8675,0.8725,0.8675,0.8725,11,True,False,,f_mmd,test,standardized_l2,4.323479325957341,1.5603260508387111,,True
Rain_in_Australia,/home/crc00006699/zh/tabiclv2/data184/Rain_in_Australia,multiclass,116368,23274,29092,18,3,0.8588271689811632,0.851017782250728,0.7033088653819591,0.9220018756491988,0.3463926678644559,352.4852101802826,258.70871353149414,ok,,116368,93094,0,29092,0.3518184572458267,True,0.1,False,180,1e-05,True,350.78159379959106,full_train_epoch_chunks,full train set chunked per epoch | validation=dataset_val_split | c_selection=f_mmd c_source=test c_metric=standardized_l2 | f_mmd_reserved_context=5% source=test | wise_ft_skipped rows=145460>=2000,30,10,epoch_chunk,accuracy,0.851422187849102,0.8555039958752255,0.851422187849102,0.8555039958752255,10,True,False,,f_mmd,test,standardized_l2,3.3047362427864497,3.445176052859841,,True
Shipping,/home/crc00006699/zh/tabiclv2/data184/Shipping,binclass,8799,1760,2200,9,2,0.6913636363636364,0.6806136839847596,0.7351756650099192,0.7295019091704174,0.4991971619229296,17.645036935806274,3.0417771339416504,ok,,8799,7039,0,2200,0.5215169489383698,True,0.1,False,19,1e-05,True,17.560096740722656,full_train_epoch_chunks,full train set chunked per epoch | validation=dataset_val_split | c_selection=f_mmd c_source=test c_metric=standardized_l2 | f_mmd_reserved_context=5% source=test | wise_ft_skipped rows=10999>=2000,30,1,epoch_chunk,accuracy,0.6715909090909091,0.6789772727272727,0.6715909090909091,0.6789772727272727,11,True,False,,f_mmd,test,standardized_l2,2.571875357830047,0.4729183355357874,,True
VulNoneVul,/home/crc00006699/zh/tabiclv2/data184/VulNoneVul,binclass,4553,911,1139,16,2,0.9894644424934153,0.9842245601854184,0.5,0.8336660751257025,0.0501229543923852,5.438220739364624,1.631861448287964,ok,,4553,3642,0,1139,0.0260486137121915,True,0.1,False,8,1e-05,True,5.362269401550293,full_train_epoch_chunks,full train set chunked per epoch | validation=dataset_val_split | c_selection=f_mmd c_source=test c_metric=standardized_l2 | f_mmd_reserved_context=5% source=test | wise_ft_skipped rows=5692>=2000,30,1,epoch_chunk,accuracy,0.9890230515916576,0.9890230515916576,0.9890230515916576,0.9890230515916576,0,True,False,,f_mmd,test,standardized_l2,10.160203666004811,10.610619381915178,,True
Waterstress,/home/crc00006699/zh/tabiclv2/data184/Waterstress,binclass,950,190,238,22,2,0.8109243697478992,0.8108943275419379,0.811983032873807,0.8901378579003182,0.4153750284345642,3.560468912124634,0.9499742984771729,ok,,950,760,0,238,0.3795463740825653,True,0.1,True,8,1e-05,True,3.5159027576446533,full_train_epoch_chunks,full train set chunked per epoch | validation=dataset_val_split | c_selection=f_mmd c_source=test c_metric=standardized_l2 | f_mmd_reserved_context=5% source=test | wise_ft=alpha0.1 rows=1188<2000,30,1,epoch_chunk,accuracy,0.8315789473684211,0.8315789473684211,0.8315789473684211,0.8315789473684211,0,True,False,,f_mmd,test,standardized_l2,6.664162551711222,1.4893363023500763,,True
abalone,/home/crc00006699/zh/tabiclv2/data184/abalone,multiclass,3341,669,836,8,3,0.638755980861244,0.6425221026413557,0.636654341197091,0.8329832409112762,0.7393326570197466,4.5253448486328125,1.011836051940918,ok,,3341,2672,0,836,0.6843493580818176,True,0.1,False,10,1e-05,True,4.481624603271484,full_train_epoch_chunks,full train set chunked per epoch | validation=dataset_val_split | c_selection=f_mmd c_source=test c_metric=standardized_l2 | f_mmd_reserved_context=5% source=test | wise_ft_skipped rows=4177>=2000,30,1,epoch_chunk,accuracy,0.6890881913303438,0.6905829596412556,0.6890881913303438,0.6905829596412556,2,True,False,,f_mmd,test,standardized_l2,4.94135857846578,5.413631318904715,,True
ada,/home/crc00006699/zh/tabiclv2/data184/ada,binclass,3317,664,830,48,2,0.863855421686747,0.8602470090014295,0.7940160567587753,0.9185959671396564,0.3030523280272341,11.751062154769896,1.94463849067688,ok,,3317,2653,0,830,0.2787641584873199,True,0.1,False,14,1e-05,True,11.613213777542114,full_train_epoch_chunks,full train set chunked per epoch | validation=dataset_val_split | c_selection=f_mmd c_source=test c_metric=standardized_l2 | f_mmd_reserved_context=5% source=test | wise_ft_skipped rows=4147>=2000,30,1,epoch_chunk,accuracy,0.8689759036144579,0.8765060240963856,0.8689759036144579,0.8765060240963856,6,True,False,,f_mmd,test,standardized_l2,4.338794762934015,6.538881940189219,,True
ada_prior,/home/crc00006699/zh/tabiclv2/data184/ada_prior,binclass,3649,730,913,14,2,0.8554216867469879,0.8474420610155222,0.7623071884512144,0.9011250818766776,0.3286771921534966,14.88041615486145,1.255262851715088,ok,,3649,2919,0,913,0.3214245140552521,True,0.1,False,30,1e-05,True,14.810787200927734,full_train_epoch_chunks,full train set chunked per epoch | validation=dataset_val_split | c_selection=f_mmd c_source=test c_metric=standardized_l2 | f_mmd_reserved_context=5% source=test | wise_ft_skipped rows=4562>=2000,30,1,epoch_chunk,accuracy,0.8356164383561644,0.8465753424657534,0.8356164383561644,0.8465753424657534,27,False,False,,f_mmd,test,standardized_l2,4.223381226452109,2.9338749056599167,,True
airlines_seed_0_nrows_2000_nclasses_10_ncols_100_stratify_True,/home/crc00006699/zh/tabiclv2/data184/airlines_seed_0_nrows_2000_nclasses_10_ncols_100_stratify_True,binclass,1600,320,400,7,2,0.6125,0.5992712047864746,0.593000303674461,0.6766246583662314,0.6305077150387519,5.44304633140564,0.4411115646362304,ok,,1600,1280,0,400,0.6530164480209351,True,0.1,False,17,1e-05,True,5.407896041870117,full_train_epoch_chunks,full train set chunked per epoch | validation=dataset_val_split | c_selection=f_mmd c_source=test c_metric=standardized_l2 | f_mmd_reserved_context=5% source=test | wise_ft_skipped rows=2000>=2000,30,1,epoch_chunk,accuracy,0.6625,0.671875,0.6625,0.671875,9,True,False,,f_mmd,test,standardized_l2,2.519760960365533,0.4749052057318961,,True
allrep,/home/crc00006699/zh/tabiclv2/data184/allrep,multiclass,3017,604,755,29,4,0.9854304635761588,0.9853328313961132,0.7816658512720156,0.9966060171768794,0.0374862926593133,13.56561040878296,1.3349242210388184,ok,,3017,2413,0,755,0.0174832483753561,True,0.1,False,22,1e-05,True,13.458853960037231,full_train_epoch_chunks,full train set chunked per epoch | validation=dataset_val_split | c_selection=f_mmd c_source=test c_metric=standardized_l2 | f_mmd_reserved_context=5% source=test | wise_ft_skipped rows=3772>=2000,30,1,epoch_chunk,accuracy,0.9867549668874172,0.9933774834437086,0.9867549668874172,0.9933774834437086,14,True,False,,f_mmd,test,standardized_l2,5.180888819236117,7.502598832556351,,True
artificial-characters,/home/crc00006699/zh/tabiclv2/data184/artificial-characters,multiclass,8174,1635,2044,7,10,0.9637964774951076,0.963770308347184,0.961543945826594,0.9995151351701448,0.0772984097826931,23.79966640472412,2.6166019439697266,ok,,8174,6539,0,2044,0.1974777430295944,True,0.1,False,30,1e-05,True,23.729877948760983,full_train_epoch_chunks,full train set chunked per epoch | validation=dataset_val_split | c_selection=f_mmd c_source=test c_metric=standardized_l2 | f_mmd_reserved_context=5% source=test | wise_ft_skipped rows=10218>=2000,30,1,epoch_chunk,accuracy,0.8825688073394495,0.9418960244648318,0.8825688073394495,0.9418960244648318,27,False,False,,f_mmd,test,standardized_l2,3.462708810274597,0.9582121405367794,,True
autoUniv-au7-1100,/home/crc00006699/zh/tabiclv2/data184/autoUniv-au7-1100,multiclass,880,176,220,12,5,0.4090909090909091,0.3895903458945104,0.3933436660157567,0.7419663707380393,1.3408586967188607,3.115817785263061,0.739037275314331,ok,,880,704,0,220,1.3124703764915466,True,0.1,True,8,1e-05,True,3.0797994136810303,full_train_epoch_chunks,full train set chunked per epoch | validation=dataset_val_split | c_selection=f_mmd c_source=test c_metric=standardized_l2 | f_mmd_reserved_context=5% source=test | wise_ft=alpha0.1 rows=1100<2000,30,1,epoch_chunk,accuracy,0.5170454545454546,0.5170454545454546,0.5170454545454546,0.5170454545454546,0,True,False,,f_mmd,test,standardized_l2,1.819417358002407,0.0817604692692714,,True
banknote_authentication,/home/crc00006699/zh/tabiclv2/data184/banknote_authentication,binclass,1097,220,275,4,2,0.5381818181818182,0.4369710902124695,0.4911336119147112,0.5216704168006,0.6872600393189299,2.80920958518982,0.1626214981079101,ok,,1097,877,0,275,0.6860937476158142,True,0.1,True,8,1e-05,True,2.787294864654541,full_train_epoch_chunks,full train set chunked per epoch | validation=dataset_val_split | c_selection=f_mmd c_source=test c_metric=standardized_l2 | f_mmd_reserved_context=5% source=test | wise_ft=alpha0.1 rows=1372<2000,30,1,epoch_chunk,accuracy,0.5863636363636363,0.5863636363636363,0.5863636363636363,0.5863636363636363,0,True,False,,f_mmd,test,standardized_l2,4.318591661619124,1.0112856072925065,,True
car-evaluation,/home/crc00006699/zh/tabiclv2/data184/car-evaluation,multiclass,1382,277,346,21,4,0.9855491329479767,0.985510846572902,0.9699959131777314,0.99971200002883,0.0228364663964149,7.849533557891846,0.5964467525482178,ok,,1382,1105,0,346,0.0143933081999421,True,0.1,True,19,1e-05,True,7.786468267440796,full_train_epoch_chunks,full train set chunked per epoch | validation=dataset_val_split | c_selection=f_mmd c_source=test c_metric=standardized_l2 | f_mmd_reserved_context=5% source=test | wise_ft=alpha0.1 rows=1728<2000,30,1,epoch_chunk,accuracy,0.9783393501805054,1.0,0.9783393501805054,1.0,11,True,False,,f_mmd,test,standardized_l2,1.285493372739506,0.004100610228368,,True
cmc,/home/crc00006699/zh/tabiclv2/data184/cmc,multiclass,1178,236,295,9,3,0.5966101694915255,0.5936611278267487,0.5667995224623846,0.7684004378696335,0.8678772767991899,4.225822448730469,0.3991813659667969,ok,,1178,942,0,295,0.955743044614792,True,0.1,True,11,1e-05,True,4.19127368927002,full_train_epoch_chunks,full train set chunked per epoch | validation=dataset_val_split | c_selection=f_mmd c_source=test c_metric=standardized_l2 | f_mmd_reserved_context=5% source=test | wise_ft=alpha0.1 rows=1473<2000,30,1,epoch_chunk,accuracy,0.5338983050847458,0.538135593220339,0.5338983050847458,0.538135593220339,3,True,False,,f_mmd,test,standardized_l2,3.158996617404455,0.5584780100985502,,True
compass,/home/crc00006699/zh/tabiclv2/data184/compass,binclass,13315,2663,3329,17,2,0.8741363772904777,0.8740961596117577,0.8741310420997921,0.9448548307923308,0.2886201679713557,54.18072485923767,6.012736082077026,ok,,13315,10652,0,3329,0.5774146616458893,True,0.1,False,60,1e-05,True,53.96738409996033,full_train_epoch_chunks,full train set chunked per epoch | validation=dataset_val_split | c_selection=f_mmd c_source=test c_metric=standardized_l2 | f_mmd_reserved_context=5% source=test | wise_ft_skipped rows=16644>=2000,30,2,epoch_chunk,accuracy,0.7987232444611341,0.8640630867442733,0.7987232444611341,0.8640630867442733,25,False,False,,f_mmd,test,standardized_l2,5.590307878403356,5.696671443389805,,True
contraceptive_method_choice,/home/crc00006699/zh/tabiclv2/data184/contraceptive_method_choice,multiclass,1178,236,295,9,3,0.6305084745762712,0.6275677070370784,0.6007056222157188,0.7945174490476775,0.8236502407075418,5.47542667388916,0.404834508895874,ok,,1178,942,0,295,0.9189594089984894,True,0.1,True,15,1e-05,True,5.438194274902344,full_train_epoch_chunks,full train set chunked per epoch | validation=dataset_val_split | c_selection=f_mmd c_source=test c_metric=standardized_l2 | f_mmd_reserved_context=5% source=test | wise_ft=alpha0.1 rows=1473<2000,30,1,epoch_chunk,accuracy,0.5296610169491526,0.559322033898305,0.5296610169491526,0.559322033898305,7,True,False,,f_mmd,test,standardized_l2,3.188844304160801,0.5644437069734072,,True
credit-g,/home/crc00006699/zh/tabiclv2/data184/credit-g,binclass,800,160,200,20,2,0.79,0.7759999999999999,0.7023809523809523,0.8422619047619048,0.4389291377259898,6.962519645690918,0.8258585929870605,ok,,800,640,0,200,0.5430193543434143,True,0.1,True,18,1e-05,True,6.9028074741363525,full_train_epoch_chunks,full train set chunked per epoch | validation=dataset_val_split | c_selection=f_mmd c_source=test c_metric=standardized_l2 | f_mmd_reserved_context=5% source=test | wise_ft=alpha0.1 rows=1000<2000,30,1,epoch_chunk,accuracy,0.75,0.775,0.75,0.775,10,True,False,,f_mmd,test,standardized_l2,2.743756151430304,0.3917983502035507,,True
dabetes_130-us_hospitals,/home/crc00006699/zh/tabiclv2/data184/dabetes_130-us_hospitals,binclass,81412,16283,20354,20,2,0.644148570305591,0.6401968214443827,0.6362784211069465,0.7026607974086232,0.6194981853933672,130.77789616584778,126.05801272392272,ok,,81412,65129,0,20354,0.638309121131897,True,0.1,False,70,1e-05,True,129.25472974777222,full_train_epoch_chunks,full train set chunked per epoch | validation=dataset_val_split | c_selection=f_mmd c_source=test c_metric=standardized_l2 | f_mmd_reserved_context=5% source=test | wise_ft_skipped rows=101766>=2000,30,7,epoch_chunk,accuracy,0.6498188294540318,0.6530123441626235,0.6498188294540318,0.6530123441626235,2,True,False,,f_mmd,test,standardized_l2,3.551044358037,8.060076499789224,,True
delta_ailerons,/home/crc00006699/zh/tabiclv2/data184/delta_ailerons,binclass,5703,1141,1426,5,2,0.9537166900420756,0.9537313028727604,0.9538872861760588,0.982346134631827,0.1586030046724659,6.416475057601929,1.0853064060211182,ok,,5703,4562,0,1426,0.1482782512903213,True,0.1,False,8,1e-05,True,6.377553462982178,full_train_epoch_chunks,full train set chunked per epoch | validation=dataset_val_split | c_selection=f_mmd c_source=test c_metric=standardized_l2 | f_mmd_reserved_context=5% source=test | wise_ft_skipped rows=7129>=2000,30,1,epoch_chunk,accuracy,0.9430324276950044,0.9430324276950044,0.9430324276950044,0.9430324276950044,0,True,False,,f_mmd,test,standardized_l2,3.689035907319629,1.070969887580371,,True
dna,/home/crc00006699/zh/tabiclv2/data184/dna,multiclass,2548,510,638,180,3,0.9733542319749215,0.9734634058120182,0.9724206445372252,0.9980303069217452,0.0785644469829475,41.75468015670776,5.696133852005005,ok,,2548,2038,0,638,0.1036701910197734,True,0.1,False,16,1e-05,True,41.07026743888855,full_train_epoch_chunks,full train set chunked per epoch | validation=dataset_val_split | c_selection=f_mmd c_source=test c_metric=standardized_l2 | f_mmd_reserved_context=5% source=test | wise_ft_skipped rows=3186>=2000,30,1,epoch_chunk,accuracy,0.9686274509803922,0.976470588235294,0.9686274509803922,0.976470588235294,8,True,False,,f_mmd,test,standardized_l2,1.4325375806702203,0.0358320191438582,,True
dry_bean_dataset,/home/crc00006699/zh/tabiclv2/data184/dry_bean_dataset,multiclass,10888,2178,2723,16,7,0.9283878075651856,0.928365835427628,0.9382267074166762,0.9960562763858756,0.1859355137918799,26.729480981826782,4.788311004638672,ok,,10888,8710,0,2723,0.1819753795862198,True,0.1,False,16,1e-05,True,26.56593632698059,full_train_epoch_chunks,full train set chunked per epoch | validation=dataset_val_split | c_selection=f_mmd c_source=test c_metric=standardized_l2 | f_mmd_reserved_context=5% source=test | wise_ft_skipped rows=13611>=2000,30,1,epoch_chunk,accuracy,0.9297520661157024,0.9343434343434344,0.9297520661157024,0.9343434343434344,8,True,False,,f_mmd,test,standardized_l2,6.071756137744036,2.1626882328611163,,True
electricity,/home/crc00006699/zh/tabiclv2/data184/electricity,binclass,36249,7250,9063,8,2,0.9373275957188568,0.9373037187008822,0.935493902524104,0.9854457396403704,0.1532248151651501,98.97321152687071,27.62641716003418,ok,,36249,28999,0,9063,0.2718721479177475,True,0.1,False,81,1e-05,True,98.68064045906068,full_train_epoch_chunks,full train set chunked per epoch | validation=dataset_val_split | c_selection=f_mmd c_source=test c_metric=standardized_l2 | f_mmd_reserved_context=5% source=test | wise_ft_skipped rows=45312>=2000,30,3,epoch_chunk,accuracy,0.9195862068965516,0.9329655172413792,0.9195862068965516,0.9329655172413792,19,True,False,,f_mmd,test,standardized_l2,6.121470800716645,45.34163114899332,,True
eucalyptus,/home/crc00006699/zh/tabiclv2/data184/eucalyptus,multiclass,588,118,148,19,5,0.7364864864864865,0.7407313992453313,0.7238513424559936,0.9431021365465362,0.5894274057935747,4.545593023300171,0.6675543785095215,ok,,588,470,0,148,0.6380444169044495,True,0.1,True,12,1e-05,True,4.503259658813477,full_train_epoch_chunks,full train set chunked per epoch | validation=dataset_val_split | c_selection=f_mmd c_source=test c_metric=standardized_l2 | f_mmd_reserved_context=5% source=test | wise_ft=alpha0.1 rows=736<2000,30,1,epoch_chunk,accuracy,0.7288135593220338,0.7372881355932204,0.7288135593220338,0.7372881355932204,4,True,False,,f_mmd,test,standardized_l2,2.879876383534911,2.4820270165095435,,True
eye_movements_bin,/home/crc00006699/zh/tabiclv2/data184/eye_movements_bin,binclass,6086,1218,1522,20,2,0.931011826544021,0.9310115585102364,0.931011826544021,0.98586133122439,0.1694643584933362,26.14344596862793,2.4299418926239014,ok,,6086,4868,0,1522,0.2601877972483635,True,0.1,False,30,1e-05,True,26.01628065109253,full_train_epoch_chunks,full train set chunked per epoch | validation=dataset_val_split | c_selection=f_mmd c_source=test c_metric=standardized_l2 | f_mmd_reserved_context=5% source=test | wise_ft_skipped rows=7608>=2000,30,1,epoch_chunk,accuracy,0.6403940886699507,0.9154351395730708,0.6403940886699507,0.9154351395730708,29,False,False,,f_mmd,test,standardized_l2,6.804704470839492,4.178498860938383,,True
golf_play_dataset_extended,/home/crc00006699/zh/tabiclv2/data184/golf_play_dataset_extended,binclass,876,176,219,9,2,0.9360730593607306,0.9360730593607306,0.9036818296054284,0.9796431264136718,0.1524088324316005,3.805396556854248,0.6963648796081543,ok,,876,700,0,219,0.0851681269705295,True,0.1,True,11,1e-05,True,3.773399591445923,full_train_epoch_chunks,full train set chunked per epoch | validation=dataset_val_split | c_selection=f_mmd c_source=test c_metric=standardized_l2 | f_mmd_reserved_context=5% source=test | wise_ft=alpha0.1 rows=1095<2000,30,1,epoch_chunk,accuracy,0.9261363636363636,0.9318181818181818,0.9261363636363636,0.9318181818181818,3,True,False,,f_mmd,test,standardized_l2,3.2420692300951166,0.1752892601920354,,True
hill-valley,/home/crc00006699/zh/tabiclv2/data184/hill-valley,binclass,969,194,243,100,2,0.97119341563786,0.9711787714487684,0.9711082509145104,0.998645170031161,0.0890484343316517,16.498103141784668,1.0981857776641846,ok,,969,775,0,243,0.1984436437487602,True,0.1,True,23,1e-05,True,16.354607343673706,full_train_epoch_chunks,full train set chunked per epoch | validation=dataset_val_split | c_selection=f_mmd c_source=test c_metric=standardized_l2 | f_mmd_reserved_context=5% source=test | wise_ft=alpha0.1 rows=1212<2000,30,1,epoch_chunk,accuracy,0.9278350515463918,0.9742268041237112,0.9278350515463918,0.9742268041237112,15,True,False,,f_mmd,test,standardized_l2,13.65825619890966,8.43537543839596,,True
htru,/home/crc00006699/zh/tabiclv2/data184/htru,binclass,14318,2864,3580,8,2,0.9807262569832402,0.980550644789143,0.9331949569495694,0.987394717697177,0.0614794663592259,12.418305397033691,5.786389827728272,ok,,14318,11454,0,3580,0.0681665576994419,True,0.1,False,16,1e-05,True,12.315941572189333,full_train_epoch_chunks,full train set chunked per epoch | validation=dataset_val_split | c_selection=f_mmd c_source=test c_metric=standardized_l2 | f_mmd_reserved_context=5% source=test | wise_ft_skipped rows=17898>=2000,30,2,epoch_chunk,accuracy,0.979050279329609,0.979050279329609,0.979050279329609,0.979050279329609,0,True,False,,f_mmd,test,standardized_l2,8.946950700716208,3.6753390943866817,,True
in_vehicle_coupon_recommendation,/home/crc00006699/zh/tabiclv2/data184/in_vehicle_coupon_recommendation,binclass,10147,2030,2537,21,2,0.785967678360268,0.7846742379656222,0.7771075180970113,0.8628617027340262,0.4545825554501234,27.79142713546753,4.506248235702515,ok,,10147,8117,0,2537,0.4773432314395904,True,0.1,False,20,1e-05,True,27.54468846321106,full_train_epoch_chunks,full train set chunked per epoch | validation=dataset_val_split | c_selection=f_mmd c_source=test c_metric=standardized_l2 | f_mmd_reserved_context=5% source=test | wise_ft_skipped rows=12684>=2000,30,1,epoch_chunk,accuracy,0.7532019704433498,0.7655172413793103,0.7532019704433498,0.7655172413793103,12,True,False,,f_mmd,test,standardized_l2,1.6951515820085172,0.095839444744012,,True
jasmine,/home/crc00006699/zh/tabiclv2/data184/jasmine,binclass,2387,478,597,144,2,0.8274706867671692,0.8257983919892152,0.8276357433054252,0.8852045969787434,0.3808893899851268,17.840620517730713,4.414306163787842,ok,,2387,1909,0,597,0.3701339662075043,True,0.1,False,10,1e-05,True,17.363274097442627,full_train_epoch_chunks,full train set chunked per epoch | validation=dataset_val_split | c_selection=f_mmd c_source=test c_metric=standardized_l2 | f_mmd_reserved_context=5% source=test | wise_ft_skipped rows=2984>=2000,30,1,epoch_chunk,accuracy,0.8451882845188284,0.8535564853556485,0.8451882845188284,0.8535564853556485,2,True,False,,f_mmd,test,standardized_l2,3.7449392328552342,2.496165052757057,,True
jungle_chess_2pcs_raw_endgame_complete,/home/crc00006699/zh/tabiclv2/data184/jungle_chess_2pcs_raw_endgame_complete,multiclass,35855,7171,8964,6,3,0.9706604194556002,0.9705489142731154,0.9534823805505684,0.998067768356308,0.0944997569470306,100.61377239227296,27.21700763702393,ok,,35855,28684,0,8964,0.1810851991176605,True,0.1,False,90,1e-05,True,100.43183660507202,full_train_epoch_chunks,full train set chunked per epoch | validation=dataset_val_split | c_selection=f_mmd c_source=test c_metric=standardized_l2 | f_mmd_reserved_context=5% source=test | wise_ft_skipped rows=44819>=2000,30,3,epoch_chunk,accuracy,0.8979221865848557,0.9602565890391856,0.8979221865848557,0.9602565890391856,28,False,False,,f_mmd,test,standardized_l2,1.92503797877294,0.1182629266496289,,True
kdd_ipums_la_97-small,/home/crc00006699/zh/tabiclv2/data184/kdd_ipums_la_97-small,binclass,4150,830,1038,20,2,0.8863198458574181,0.8858004893039354,0.8863198458574182,0.9494284621752964,0.2586105114314004,8.003724336624146,1.6047875881195068,ok,,4150,3320,0,1038,0.2130077332258224,True,0.1,False,12,1e-05,True,7.917679071426392,full_train_epoch_chunks,full train set chunked per epoch | validation=dataset_val_split | c_selection=f_mmd c_source=test c_metric=standardized_l2 | f_mmd_reserved_context=5% source=test | wise_ft_skipped rows=5188>=2000,30,1,epoch_chunk,accuracy,0.8843373493975903,0.8867469879518072,0.8843373493975903,0.8867469879518072,4,True,False,,f_mmd,test,standardized_l2,3.3453983837649908,0.6661016526204139,,True
law-school-admission-bianry,/home/crc00006699/zh/tabiclv2/data184/law-school-admission-bianry,binclass,16640,3328,4160,11,2,1.0,1.0,1.0,1.0,6.754104266663031e-07,14.884783029556274,7.624293804168701,ok,,16640,13312,0,4160,7.516307789501298e-07,True,0.1,False,16,1e-05,True,14.716027975082396,full_train_epoch_chunks,full train set chunked per epoch | validation=dataset_val_split | c_selection=f_mmd c_source=test c_metric=standardized_l2 | f_mmd_reserved_context=5% source=test | wise_ft_skipped rows=20800>=2000,30,2,epoch_chunk,accuracy,1.0,1.0,1.0,1.0,0,True,False,,f_mmd,test,standardized_l2,3.31833245002201,0.8464428013944479,,True
led7,/home/crc00006699/zh/tabiclv2/data184/led7,multiclass,2560,512,640,7,10,0.740625,0.7363906987718676,0.7386482164741988,0.9595421617303954,0.7787801658622514,4.354074954986572,0.8734276294708252,ok,,2560,2048,0,640,0.8484062552452087,True,0.1,False,11,1e-05,True,4.313616752624512,full_train_epoch_chunks,full train set chunked per epoch | validation=dataset_val_split | c_selection=f_mmd c_source=test c_metric=standardized_l2 | f_mmd_reserved_context=5% source=test | wise_ft_skipped rows=3200>=2000,30,1,epoch_chunk,accuracy,0.728515625,0.73046875,0.728515625,0.73046875,3,True,False,,f_mmd,test,standardized_l2,2.0273325116501963,0.1355588945793467,,True
mammography,/home/crc00006699/zh/tabiclv2/data184/mammography,binclass,8946,1790,2237,6,2,0.9892713455520786,0.9887129197655758,0.834936630874846,0.9866836824502728,0.0312456122341395,16.12206721305847,2.220686912536621,ok,,8946,7156,0,2237,0.0353114157915115,True,0.1,False,19,1e-05,True,16.048322916030884,full_train_epoch_chunks,full train set chunked per epoch | validation=dataset_val_split | c_selection=f_mmd c_source=test c_metric=standardized_l2 | f_mmd_reserved_context=5% source=test | wise_ft_skipped rows=11183>=2000,30,1,epoch_chunk,accuracy,0.987709497206704,0.988826815642458,0.987709497206704,0.988826815642458,11,True,False,,f_mmd,test,standardized_l2,8.315249255577932,13.6256439870458,,True
mfeat-factors,/home/crc00006699/zh/tabiclv2/data184/mfeat-factors,multiclass,1600,320,400,216,10,0.9825,0.9824984372558212,0.9825,0.9997916666666666,0.0796014982118657,23.147746324539185,4.208320379257202,ok,,1600,1280,0,400,0.0116462288424372,True,0.1,False,14,1e-05,True,22.76920866966248,full_train_epoch_chunks,full train set chunked per epoch | validation=dataset_val_split | c_selection=f_mmd c_source=test c_metric=standardized_l2 | f_mmd_reserved_context=5% source=test | wise_ft_skipped rows=2000>=2000,30,1,epoch_chunk,accuracy,0.984375,0.9875,0.984375,0.9875,6,True,False,,f_mmd,test,standardized_l2,2.0588483748197186,0.2102549834776735,,True
mfeat-karhunen,/home/crc00006699/zh/tabiclv2/data184/mfeat-karhunen,multiclass,1600,320,400,64,10,0.975,0.975015727207024,0.975,0.9996944444444444,0.0918989601437988,8.614851474761963,1.284695386886597,ok,,1600,1280,0,400,0.0045581136364489,True,0.1,False,12,1e-05,True,8.491931438446045,full_train_epoch_chunks,full train set chunked per epoch | validation=dataset_val_split | c_selection=f_mmd c_source=test c_metric=standardized_l2 | f_mmd_reserved_context=5% source=test | wise_ft_skipped rows=2000>=2000,30,1,epoch_chunk,accuracy,0.975,0.978125,0.975,0.978125,4,True,False,,f_mmd,test,standardized_l2,1.742347368462596,0.0813582363813083,,True
mfeat-pixel,/home/crc00006699/zh/tabiclv2/data184/mfeat-pixel,multiclass,1600,320,400,240,10,0.9725,0.9724445516095352,0.9725,0.9996111111111112,0.1160587775326291,29.913732528686523,4.86764931678772,ok,,1600,1280,0,400,0.0078547252342104,True,0.1,False,14,1e-05,True,29.250827074050903,full_train_epoch_chunks,full train set chunked per epoch | validation=dataset_val_split | c_selection=f_mmd c_source=test c_metric=standardized_l2 | f_mmd_reserved_context=5% source=test | wise_ft_skipped rows=2000>=2000,30,1,epoch_chunk,accuracy,0.978125,0.9875,0.978125,0.9875,6,True,False,,f_mmd,test,standardized_l2,1.7238650669662634,0.0898627304730496,,True
mice_protein_expression,/home/crc00006699/zh/tabiclv2/data184/mice_protein_expression,multiclass,864,173,216,75,8,1.0,1.0,1.0,1.0,1.9578853027989187e-06,5.714331865310669,0.8241748809814453,ok,,864,691,0,216,6.863172302473686e-06,True,0.1,True,8,1e-05,True,5.598721742630005,full_train_epoch_chunks,full train set chunked per epoch | validation=dataset_val_split | c_selection=f_mmd c_source=test c_metric=standardized_l2 | f_mmd_reserved_context=5% source=test | wise_ft=alpha0.1 rows=1080<2000,30,1,epoch_chunk,accuracy,1.0,1.0,1.0,1.0,0,True,False,,f_mmd,test,standardized_l2,3.20523906295369,0.9839110698146576,,True
mobile_c36_oversampling,/home/crc00006699/zh/tabiclv2/data184/mobile_c36_oversampling,binclass,41408,8282,10352,6,2,0.9941074188562596,0.9941026072039404,0.9930225786079676,0.9993820440794212,0.0223278286018779,83.04696750640869,25.629998207092285,ok,,41408,33126,0,10352,0.0685622617602348,True,0.1,False,84,1e-05,True,82.85997176170349,full_train_epoch_chunks,full train set chunked per epoch | validation=dataset_val_split | c_selection=f_mmd c_source=test c_metric=standardized_l2 | f_mmd_reserved_context=5% source=test | wise_ft_skipped rows=51760>=2000,30,4,epoch_chunk,accuracy,0.9946872736054092,0.9952909925138856,0.9946872736054092,0.9952909925138856,13,True,False,,f_mmd,test,standardized_l2,3.877142302284517,1.0416077006285946,,True
national-longitudinal-survey-binary,/home/crc00006699/zh/tabiclv2/data184/national-longitudinal-survey-binary,binclass,3926,786,982,16,2,1.0,1.0,1.0,1.0,0.000212821380084,5.166410684585571,1.4351131916046145,ok,,3926,3140,0,982,2.626021159812808e-05,True,0.1,False,8,1e-05,True,5.0851030349731445,full_train_epoch_chunks,full train set chunked per epoch | validation=dataset_val_split | c_selection=f_mmd c_source=test c_metric=standardized_l2 | f_mmd_reserved_context=5% source=test | wise_ft_skipped rows=4908>=2000,30,1,epoch_chunk,accuracy,1.0,1.0,1.0,1.0,0,True,False,,f_mmd,test,standardized_l2,2.8596667308055475,0.4325343223026717,,True
online_shoppers,/home/crc00006699/zh/tabiclv2/data184/online_shoppers,binclass,9864,1973,2466,14,2,0.9059205190592052,0.9004964363091227,0.7711634894634765,0.9301484258021726,0.2265448900179988,9.899884939193726,3.907496213912964,ok,,9864,7891,0,2466,0.2413043826818466,True,0.1,False,8,1e-05,True,9.752310276031494,full_train_epoch_chunks,full train set chunked per epoch | validation=dataset_val_split | c_selection=f_mmd c_source=test c_metric=standardized_l2 | f_mmd_reserved_context=5% source=test | wise_ft_skipped rows=12330>=2000,30,1,epoch_chunk,accuracy,0.9026862645717182,0.9026862645717182,0.9026862645717182,0.9026862645717182,0,True,False,,f_mmd,test,standardized_l2,3.612355004594364,2.287742417931651,,True
ozone-level-8hr,/home/crc00006699/zh/tabiclv2/data184/ozone-level-8hr,binclass,2027,406,507,72,2,0.9566074950690336,0.9497347691327624,0.699967105263158,0.9489473684210528,0.1199645248962604,14.81885862350464,1.640758752822876,ok,,2027,1621,0,507,0.1291287392377853,True,0.1,False,18,1e-05,True,14.655837059020996,full_train_epoch_chunks,full train set chunked per epoch | validation=dataset_val_split | c_selection=f_mmd c_source=test c_metric=standardized_l2 | f_mmd_reserved_context=5% source=test | wise_ft_skipped rows=2534>=2000,30,1,epoch_chunk,accuracy,0.9384236453201972,0.9532019704433498,0.9384236453201972,0.9532019704433498,10,True,False,,f_mmd,test,standardized_l2,3.760222356214884,0.9378070589744116,,True
page-blocks,/home/crc00006699/zh/tabiclv2/data184/page-blocks,multiclass,4378,876,1095,10,5,0.978082191780822,0.9778181155463576,0.8997337700951306,0.9918235813897576,0.0863914730316516,4.50374960899353,1.3952515125274658,ok,,4378,3502,0,1095,0.0515274610370397,True,0.1,False,8,1e-05,True,4.450181484222412,full_train_epoch_chunks,full train set chunked per epoch | validation=dataset_val_split | c_selection=f_mmd c_source=test c_metric=standardized_l2 | f_mmd_reserved_context=5% source=test | wise_ft_skipped rows=5473>=2000,30,1,epoch_chunk,accuracy,0.973744292237443,0.973744292237443,0.973744292237443,0.973744292237443,0,True,False,,f_mmd,test,standardized_l2,206.5625700184721,27.311700503882086,,True
pc3,/home/crc00006699/zh/tabiclv2/data184/pc3,binclass,1250,250,313,37,2,0.9009584664536742,0.8713234468060816,0.5571619217081851,0.8386343416370107,0.2602232341640327,6.260499715805054,0.69602370262146,ok,,1250,1000,0,313,0.1805619969964027,True,0.1,True,11,1e-05,True,6.18390679359436,full_train_epoch_chunks,full train set chunked per epoch | validation=dataset_val_split | c_selection=f_mmd c_source=test c_metric=standardized_l2 | f_mmd_reserved_context=5% source=test | wise_ft=alpha0.1 rows=1563<2000,30,1,epoch_chunk,accuracy,0.888,0.892,0.888,0.892,3,True,False,,f_mmd,test,standardized_l2,11.670120732183827,18.552186057997343,,True
pendigits,/home/crc00006699/zh/tabiclv2/data184/pendigits,multiclass,8793,1759,2199,16,10,0.9977262391996362,0.9977270042310732,0.997667584180136,0.999768192461268,0.0120320449509017,9.155577421188354,3.46110200881958,ok,,8793,7034,0,2199,0.0041568547021597,True,0.1,False,8,1e-05,True,9.025375604629517,full_train_epoch_chunks,full train set chunked per epoch | validation=dataset_val_split | c_selection=f_mmd c_source=test c_metric=standardized_l2 | f_mmd_reserved_context=5% source=test | wise_ft_skipped rows=10992>=2000,30,1,epoch_chunk,accuracy,0.9971574758385446,0.9971574758385446,0.9971574758385446,0.9971574758385446,0,True,False,,f_mmd,test,standardized_l2,2.452164893334547,0.5092612150003182,,True
pol,/home/crc00006699/zh/tabiclv2/data184/pol,binclass,8065,1613,2017,26,2,0.991571641051066,0.991571641051066,0.9915718847829847,0.9997541963597464,0.020540392221504,23.81346154212952,3.723428249359131,ok,,8065,6452,0,2017,0.0187339019030332,True,0.1,False,21,1e-05,True,23.659005165100098,full_train_epoch_chunks,full train set chunked per epoch | validation=dataset_val_split | c_selection=f_mmd c_source=test c_metric=standardized_l2 | f_mmd_reserved_context=5% source=test | wise_ft_skipped rows=10082>=2000,30,1,epoch_chunk,accuracy,0.986360818350899,0.9888406695598264,0.986360818350899,0.9888406695598264,13,True,False,,f_mmd,test,standardized_l2,7.343504204160313,2.726870135818956,,True
rice_cammeo_and_osmancik,/home/crc00006699/zh/tabiclv2/data184/rice_cammeo_and_osmancik,binclass,3048,610,762,7,2,0.9330708661417324,0.9327800107613768,0.9279703945516968,0.978372826025778,0.1856508308581104,5.191309452056885,0.7952711582183838,ok,,3048,2438,0,762,0.1783539280295372,True,0.1,False,13,1e-05,True,5.157955169677734,full_train_epoch_chunks,full train set chunked per epoch | validation=dataset_val_split | c_selection=f_mmd c_source=test c_metric=standardized_l2 | f_mmd_reserved_context=5% source=test | wise_ft_skipped rows=3810>=2000,30,1,epoch_chunk,accuracy,0.9311475409836064,0.9360655737704918,0.9311475409836064,0.9360655737704918,5,True,False,,f_mmd,test,standardized_l2,3.804583445804758,0.9430295757173788,,True
rl,/home/crc00006699/zh/tabiclv2/data184/rl,binclass,3976,796,994,12,2,0.9124748490945674,0.9124747605094962,0.9124748490945672,0.9583456473245912,0.25550380518996,9.835942029953005,1.2735562324523926,ok,,3976,3180,0,994,0.3475783467292785,True,0.1,False,19,1e-05,True,9.771175384521484,full_train_epoch_chunks,full train set chunked per epoch | validation=dataset_val_split | c_selection=f_mmd c_source=test c_metric=standardized_l2 | f_mmd_reserved_context=5% source=test | wise_ft_skipped rows=4970>=2000,30,1,epoch_chunk,accuracy,0.8743718592964824,0.8919597989949749,0.8743718592964824,0.8919597989949749,11,True,False,,f_mmd,test,standardized_l2,5.271763022459757,1.441281731123037,,True
segment,/home/crc00006699/zh/tabiclv2/data184/segment,multiclass,1848,370,462,17,7,0.948051948051948,0.9482961541611196,0.948051948051948,0.9968734968734968,0.145766928683015,7.149625539779663,0.6885085105895996,ok,,1848,1478,0,462,0.1104466058313846,True,0.1,False,18,1e-05,True,7.100947141647339,full_train_epoch_chunks,full train set chunked per epoch | validation=dataset_val_split | c_selection=f_mmd c_source=test c_metric=standardized_l2 | f_mmd_reserved_context=5% source=test | wise_ft_skipped rows=2310>=2000,30,1,epoch_chunk,accuracy,0.9486486486486486,0.9567567567567568,0.9486486486486486,0.9567567567567568,10,True,False,,f_mmd,test,standardized_l2,5.893529068765413,9.402798278109907,,True
semeion,/home/crc00006699/zh/tabiclv2/data184/semeion,multiclass,1274,255,319,256,10,0.9655172413793104,0.9655500755915356,0.9655241935483873,0.9994005079739738,0.0975259913948103,23.92282056808472,3.943687438964844,ok,,1274,1019,0,319,0.0703636109828949,True,0.1,True,13,1e-05,True,23.46937203407288,full_train_epoch_chunks,full train set chunked per epoch | validation=dataset_val_split | c_selection=f_mmd c_source=test c_metric=standardized_l2 | f_mmd_reserved_context=5% source=test | wise_ft=alpha0.1 rows=1593<2000,30,1,epoch_chunk,accuracy,0.9568627450980391,0.9647058823529412,0.9568627450980391,0.9647058823529412,5,True,False,,f_mmd,test,standardized_l2,1.5199568110473989,0.0683442662826341,,True
shrutime,/home/crc00006699/zh/tabiclv2/data184/shrutime,binclass,8000,1600,2000,10,2,0.867,0.8553456126838965,0.7198396050241743,0.8817606674170526,0.3080367688222186,19.792644500732425,2.755488157272339,ok,,8000,6400,0,2000,0.34810571372509,True,0.1,False,24,1e-05,True,19.693278789520264,full_train_epoch_chunks,full train set chunked per epoch | validation=dataset_val_split | c_selection=f_mmd c_source=test c_metric=standardized_l2 | f_mmd_reserved_context=5% source=test | wise_ft_skipped rows=10000>=2000,30,1,epoch_chunk,accuracy,0.866875,0.87125,0.866875,0.87125,16,True,False,,f_mmd,test,standardized_l2,2.1953466679650435,0.3733174812006346,,True
spambase,/home/crc00006699/zh/tabiclv2/data184/spambase,binclass,3680,736,921,57,2,0.9619978284473398,0.9620248063513404,0.9609363429011524,0.992004601242138,0.1131680146964332,14.488382816314695,2.4490675926208496,ok,,3680,2944,0,921,0.1268714442849159,True,0.1,False,14,1e-05,True,14.313244104385376,full_train_epoch_chunks,full train set chunked per epoch | validation=dataset_val_split | c_selection=f_mmd c_source=test c_metric=standardized_l2 | f_mmd_reserved_context=5% source=test | wise_ft_skipped rows=4601>=2000,30,1,epoch_chunk,accuracy,0.9592391304347826,0.9633152173913044,0.9592391304347826,0.9633152173913044,6,True,False,,f_mmd,test,standardized_l2,8.755897123901873,7.154825931036991,,True
sports_articles_for_objectivity_analysis,/home/crc00006699/zh/tabiclv2/data184/sports_articles_for_objectivity_analysis,binclass,800,160,200,59,2,0.845,0.8425608503788404,0.8197066120159637,0.8954805306870888,0.3937869220592844,5.328845739364624,1.394646406173706,ok,,800,640,0,200,0.2939420044422149,True,0.1,True,8,1e-05,True,5.222689867019653,full_train_epoch_chunks,full train set chunked per epoch | validation=dataset_val_split | c_selection=f_mmd c_source=test c_metric=standardized_l2 | f_mmd_reserved_context=5% source=test | wise_ft=alpha0.1 rows=1000<2000,30,1,epoch_chunk,accuracy,0.83125,0.83125,0.83125,0.83125,0,True,False,,f_mmd,test,standardized_l2,7.269896438741965,4.760994848359357,,True
steel_plates_faults,/home/crc00006699/zh/tabiclv2/data184/steel_plates_faults,multiclass,1552,311,389,27,7,0.8431876606683805,0.8431077291080428,0.8895448687115354,0.9819757261529712,0.3679448604091651,8.258016586303711,0.7282800674438477,ok,,1552,1241,0,389,0.4693751782178879,True,0.1,True,18,1e-05,True,8.173773288726807,full_train_epoch_chunks,full train set chunked per epoch | validation=dataset_val_split | c_selection=f_mmd c_source=test c_metric=standardized_l2 | f_mmd_reserved_context=5% source=test | wise_ft=alpha0.1 rows=1941<2000,30,1,epoch_chunk,accuracy,0.8231511254019293,0.8360128617363344,0.8231511254019293,0.8360128617363344,10,True,False,,f_mmd,test,standardized_l2,37.381978418108666,1.6745122809903297,,True
sylvine,/home/crc00006699/zh/tabiclv2/data184/sylvine,binclass,4099,820,1025,20,2,0.975609756097561,0.9756092917907846,0.9756144919590644,0.9986522295321638,0.0478357951614288,15.525500535964966,1.568805694580078,ok,,4099,3279,0,1025,0.08339873701334,True,0.1,False,25,1e-05,True,15.434359312057495,full_train_epoch_chunks,full train set chunked per epoch | validation=dataset_val_split | c_selection=f_mmd c_source=test c_metric=standardized_l2 | f_mmd_reserved_context=5% source=test | wise_ft_skipped rows=5124>=2000,30,1,epoch_chunk,accuracy,0.9768292682926828,0.9853658536585366,0.9768292682926828,0.9853658536585366,17,True,False,,f_mmd,test,standardized_l2,2.6819580007971275,0.4605404270183973,,True
telco-customer-churn,/home/crc00006699/zh/tabiclv2/data184/telco-customer-churn,binclass,5634,1127,1409,18,2,0.8055358410220014,0.7977470593355943,0.7173628871838591,0.8516972797023948,0.4093379617747338,6.985611915588379,2.145013332366944,ok,,5634,4507,0,1409,0.4466316401958465,True,0.1,False,8,1e-05,True,6.853095531463623,full_train_epoch_chunks,full train set chunked per epoch | validation=dataset_val_split | c_selection=f_mmd c_source=test c_metric=standardized_l2 | f_mmd_reserved_context=5% source=test | wise_ft_skipped rows=7043>=2000,30,1,epoch_chunk,accuracy,0.8181011535048802,0.8181011535048802,0.8181011535048802,0.8181011535048802,0,True,False,,f_mmd,test,standardized_l2,1.8744802035134611,0.0915116518437328,,True
thyroid-ann,/home/crc00006699/zh/tabiclv2/data184/thyroid-ann,multiclass,3017,604,755,21,3,0.9920529801324504,0.9919737363445972,0.9376413813904388,0.9996920804592728,0.0151595007629471,4.556871175765991,1.1691365242004397,ok,,3017,2413,0,755,0.0132119990885257,True,0.1,False,8,1e-05,True,4.487840414047241,full_train_epoch_chunks,full train set chunked per epoch | validation=dataset_val_split | c_selection=f_mmd c_source=test c_metric=standardized_l2 | f_mmd_reserved_context=5% source=test | wise_ft_skipped rows=3772>=2000,30,1,epoch_chunk,accuracy,0.9950331125827816,0.9950331125827816,0.9950331125827816,0.9950331125827816,0,True,False,,f_mmd,test,standardized_l2,7.608014398270636,10.638505201886588,,True
turiye_student_evaluation,/home/crc00006699/zh/tabiclv2/data184/turiye_student_evaluation,multiclass,4656,932,1164,32,5,0.5257731958762887,0.495765602628865,0.4124529746528405,0.7693932776280414,1.1791008704441055,7.262915372848511,2.2135279178619385,ok,,4656,3724,0,1164,1.1778720021247864,True,0.1,False,8,1e-05,True,7.122808456420898,full_train_epoch_chunks,full train set chunked per epoch | validation=dataset_val_split | c_selection=f_mmd c_source=test c_metric=standardized_l2 | f_mmd_reserved_context=5% source=test | wise_ft_skipped rows=5820>=2000,30,1,epoch_chunk,accuracy,0.5107296137339056,0.5107296137339056,0.5107296137339056,0.5107296137339056,0,True,False,,f_mmd,test,standardized_l2,2.9406910194641416,0.0997119509815928,,True
vehicle,/home/crc00006699/zh/tabiclv2/data184/vehicle,multiclass,676,136,170,18,4,0.8647058823529412,0.8635406698564593,0.8652597402597403,0.9750673588564214,0.2571155482636962,3.1353447437286377,0.6845736503601074,ok,,676,540,0,170,0.2134606391191482,True,0.1,True,8,1e-05,True,3.09851598739624,full_train_epoch_chunks,full train set chunked per epoch | validation=dataset_val_split | c_selection=f_mmd c_source=test c_metric=standardized_l2 | f_mmd_reserved_context=5% source=test | wise_ft=alpha0.1 rows=846<2000,30,1,epoch_chunk,accuracy,0.9117647058823528,0.9117647058823528,0.9117647058823528,0.9117647058823528,0,True,False,,f_mmd,test,standardized_l2,4.49103675899385,3.2020568125740487,,True
water_quality,/home/crc00006699/zh/tabiclv2/data184/water_quality,binclass,6396,1280,1600,20,2,0.91125,0.8988285223976876,0.6769401261643857,0.9112044514019126,0.214217500249841,8.291015625,2.384373664855957,ok,,6396,5116,0,1600,0.2318842411041259,True,0.1,False,10,1e-05,True,8.204110145568848,full_train_epoch_chunks,full train set chunked per epoch | validation=dataset_val_split | c_selection=f_mmd c_source=test c_metric=standardized_l2 | f_mmd_reserved_context=5% source=test | wise_ft_skipped rows=7996>=2000,30,1,epoch_chunk,accuracy,0.89453125,0.89609375,0.89453125,0.89609375,2,True,False,,f_mmd,test,standardized_l2,2.505492927759106,0.7610815188570301,,True
waveform_database_generator_version_1,/home/crc00006699/zh/tabiclv2/data184/waveform_database_generator_version_1,multiclass,4000,800,1000,21,3,0.869,0.8684756689320241,0.8688858148430575,0.9728859712945228,0.2922871746199293,5.302201271057129,1.5705692768096924,ok,,4000,3200,0,1000,0.2439215630292892,True,0.1,False,8,1e-05,True,5.216752052307129,full_train_epoch_chunks,full train set chunked per epoch | validation=dataset_val_split | c_selection=f_mmd c_source=test c_metric=standardized_l2 | f_mmd_reserved_context=5% source=test | wise_ft_skipped rows=5000>=2000,30,1,epoch_chunk,accuracy,0.85625,0.85625,0.85625,0.85625,0,True,False,,f_mmd,test,standardized_l2,2.227887633634742,0.2053287922161142,,True
wine,/home/crc00006699/zh/tabiclv2/data184/wine,binclass,2043,409,511,4,2,0.7886497064579256,0.7877377608921714,0.7887791053921569,0.8831188725490197,0.4310629216563592,2.9082436561584477,0.2915759086608886,ok,,2043,1634,0,511,0.4690339565277099,True,0.1,False,8,1e-05,True,2.884953022003174,full_train_epoch_chunks,full train set chunked per epoch | validation=dataset_val_split | c_selection=f_mmd c_source=test c_metric=standardized_l2 | f_mmd_reserved_context=5% source=test | wise_ft_skipped rows=2554>=2000,30,1,epoch_chunk,accuracy,0.8264058679706602,0.8264058679706602,0.8264058679706602,0.8264058679706602,0,True,False,,f_mmd,test,standardized_l2,3.448447365431737,1.1637056535210322,,True
wine-quality-white,/home/crc00006699/zh/tabiclv2/data184/wine-quality-white,multiclass,3918,784,980,11,7,0.6877551020408164,0.6795053237300196,0.4008464351063762,0.9110507517691476,0.7517508878633425,6.58918833732605,1.2722771167755127,ok,,3918,3134,0,980,0.7907784879207611,True,0.1,False,13,1e-05,True,6.532806634902954,full_train_epoch_chunks,full train set chunked per epoch | validation=dataset_val_split | c_selection=f_mmd c_source=test c_metric=standardized_l2 | f_mmd_reserved_context=5% source=test | wise_ft_skipped rows=4898>=2000,30,1,epoch_chunk,accuracy,0.6785714285714286,0.6798469387755102,0.6785714285714286,0.6798469387755102,5,True,False,,f_mmd,test,standardized_l2,4.045075943656547,3.4223756910751164,,True
BLE_RSSI_dataset_for_Indoor_localization,/home/crc00006699/zh/tabiclv2/data184/BLE_RSSI_dataset_for_Indoor_localization,multiclass,7987,1598,1997,3,3,0.7586379569354031,0.7582255605233995,0.7578512308786681,0.9154468895232007,0.5480863549479591,27.27354741096497,1.3890931606292725,ok,,7987,6389,0,1997,0.5849908888339996,True,0.1,False,30,1e-05,True,27.23470973968506,full_train_epoch_chunks,full train set chunked per epoch | validation=dataset_val_split | c_selection=f_mmd c_source=test c_metric=standardized_l2 | f_mmd_reserved_context=5% source=test | wise_ft_skipped rows=9984>=2000,30,1,epoch_chunk,accuracy,0.7509386733416771,0.776595744680851,0.7509386733416771,0.776595744680851,27,False,False,,f_mmd,test,standardized_l2,2.914627962138002,0.4912430661847667,,True
BNG(cmc),/home/crc00006699/zh/tabiclv2/data184/BNG(cmc),multiclass,44236,8848,11060,9,3,0.5858047016274864,0.5843434885093797,0.5676020222856463,0.7646503408675658,0.8754478185583895,48.10123634338379,35.91099953651428,ok,,44236,35388,0,11060,0.91944882273674,True,0.1,False,40,1e-05,True,47.7009813785553,full_train_epoch_chunks,full train set chunked per epoch | validation=dataset_val_split | c_selection=f_mmd c_source=test c_metric=standardized_l2 | f_mmd_reserved_context=5% source=test | wise_ft_skipped rows=55296>=2000,30,4,epoch_chunk,accuracy,0.576627486437613,0.5769665461121157,0.576627486437613,0.5769665461121157,2,True,False,,f_mmd,test,standardized_l2,3.0279242550543986,0.4148835370296145,,True
Bank_Customer_Churn_Dataset,/home/crc00006699/zh/tabiclv2/data184/Bank_Customer_Churn_Dataset,binclass,8000,1600,2000,10,2,0.874,0.8639420010336027,0.7434661163474723,0.8831049847999002,0.3123301340413516,10.560385704040527,2.7466394901275635,ok,,8000,6400,0,2000,0.3279571831226349,True,0.1,False,12,1e-05,True,10.472386121749878,full_train_epoch_chunks,full train set chunked per epoch | validation=dataset_val_split | c_selection=f_mmd c_source=test c_metric=standardized_l2 | f_mmd_reserved_context=5% source=test | wise_ft_skipped rows=10000>=2000,30,1,epoch_chunk,accuracy,0.87,0.871875,0.87,0.871875,4,True,False,,f_mmd,test,standardized_l2,2.2160248725463867,0.3879831111864579,,True
California-Housing-Classification,/home/crc00006699/zh/tabiclv2/data184/California-Housing-Classification,binclass,16512,3303,4128,8,2,0.9246608527131784,0.924660786394966,0.9246614218697,0.9800168775578948,0.1817762409572361,20.255045652389526,7.082317113876343,ok,,16512,13209,0,4128,0.2225278615951538,True,0.1,False,24,1e-05,True,20.11600422859192,full_train_epoch_chunks,full train set chunked per epoch | validation=dataset_val_split | c_selection=f_mmd c_source=test c_metric=standardized_l2 | f_mmd_reserved_context=5% source=test | wise_ft_skipped rows=20640>=2000,30,2,epoch_chunk,accuracy,0.916439600363306,0.9194671510747804,0.916439600363306,0.9194671510747804,4,True,False,,f_mmd,test,standardized_l2,7.436476980459141,11.32650533217734,,True
Click_prediction_small,/home/crc00006699/zh/tabiclv2/data184/Click_prediction_small,binclass,31958,6392,7990,3,2,0.8331664580725907,0.7605629285610038,0.5069026294154956,0.6256519752597167,0.4374022644354633,55.743549823760986,7.1669652462005615,ok,,31958,25566,0,7990,0.4477741122245788,True,0.1,False,63,1e-05,True,55.64955806732178,full_train_epoch_chunks,full train set chunked per epoch | validation=dataset_val_split | c_selection=f_mmd c_source=test c_metric=standardized_l2 | f_mmd_reserved_context=5% source=test | wise_ft_skipped rows=39948>=2000,30,3,epoch_chunk,accuracy,0.8322903629536921,0.8329161451814768,0.8322903629536921,0.8329161451814768,13,True,False,,f_mmd,test,standardized_l2,9.4682162243954,198.68853110044435,,True
Contaminant-detection-in-packaged-cocoa-hazelnut-spread-jars-using-Microwaves-Sensing-and-Machine-Learning-10.5GHz(Urbinati),/home/crc00006699/zh/tabiclv2/data184/Contaminant-detection-in-packaged-cocoa-hazelnut-spread-jars-using-Microwaves-Sensing-and-Machine-Learning-10.5GHz(Urbinati),binclass,1920,384,480,30,2,0.9833333333333332,0.9833353605208134,0.9834538375973304,0.997549360400445,0.0524276589887503,10.85087823867798,0.9034886360168456,ok,,1920,1536,0,480,0.1098927818238735,True,0.1,False,22,1e-05,True,10.780253171920776,full_train_epoch_chunks,full train set chunked per epoch | validation=dataset_val_split | c_selection=f_mmd c_source=test c_metric=standardized_l2 | f_mmd_reserved_context=5% source=test | wise_ft_skipped rows=2400>=2000,30,1,epoch_chunk,accuracy,0.9713541666666666,0.9791666666666666,0.9713541666666666,0.9791666666666666,14,True,False,,f_mmd,test,standardized_l2,3.316421665732944,0.4455324463801807,,True
Contaminant-detection-in-packaged-cocoa-hazelnut-spread-jars-using-Microwaves-Sensing-and-Machine-Learning-9.0GHz(Urbinati),/home/crc00006699/zh/tabiclv2/data184/Contaminant-detection-in-packaged-cocoa-hazelnut-spread-jars-using-Microwaves-Sensing-and-Machine-Learning-9.0GHz(Urbinati),binclass,1920,384,480,30,2,0.975,0.9750052115905774,0.9752502780867632,0.9953420467185762,0.0884534848570227,8.891857147216797,0.9192945957183838,ok,,1920,1536,0,480,0.0801277123391628,True,0.1,False,18,1e-05,True,8.817874193191528,full_train_epoch_chunks,full train set chunked per epoch | validation=dataset_val_split | c_selection=f_mmd c_source=test c_metric=standardized_l2 | f_mmd_reserved_context=5% source=test | wise_ft_skipped rows=2400>=2000,30,1,epoch_chunk,accuracy,0.9635416666666666,0.96875,0.9635416666666666,0.96875,10,True,False,,f_mmd,test,standardized_l2,3.020260597973345,0.3775370022206092,,True
Credit_c,/home/crc00006699/zh/tabiclv2/data184/Credit_c,multiclass,80000,16000,20000,22,3,0.8206,0.82055023643393,0.8326137495713474,0.9323073162661863,0.4191885293340754,239.9024522304535,114.77459502220154,ok,,80000,64000,0,20000,0.6296734511852264,True,0.1,False,133,1e-05,True,238.36739921569824,full_train_epoch_chunks,full train set chunked per epoch | validation=dataset_val_split | c_selection=f_mmd c_source=test c_metric=standardized_l2 | f_mmd_reserved_context=5% source=test | wise_ft_skipped rows=100000>=2000,30,7,epoch_chunk,accuracy,0.8185625,0.82425,0.8185625,0.82425,11,True,False,,f_mmd,test,standardized_l2,3.4847253874575577,22.928899146985337,,True
Diabetic_Retinopathy_Debrecen,/home/crc00006699/zh/tabiclv2/data184/Diabetic_Retinopathy_Debrecen,binclass,920,184,231,19,2,0.7359307359307359,0.7354321251339812,0.73340108401084,0.8397320084311954,0.4878823036898349,8.237863540649414,0.8812458515167236,ok,,920,736,0,231,0.480977714061737,True,0.1,True,20,1e-05,True,8.190019369125366,full_train_epoch_chunks,full train set chunked per epoch | validation=dataset_val_split | c_selection=f_mmd c_source=test c_metric=standardized_l2 | f_mmd_reserved_context=5% source=test | wise_ft=alpha0.1 rows=1151<2000,30,1,epoch_chunk,accuracy,0.7282608695652174,0.7663043478260869,0.7282608695652174,0.7663043478260869,12,True,False,,f_mmd,test,standardized_l2,8.221732014082974,6.802277606946482,,True
Employee,/home/crc00006699/zh/tabiclv2/data184/Employee,binclass,3722,745,931,8,2,0.8571428571428571,0.8508486626313712,0.8100475654664485,0.8797386456628478,0.353037047523525,7.557740688323975,1.118462085723877,ok,,3722,2977,0,931,0.3724828511476517,True,0.1,False,17,1e-05,True,7.509631395339966,full_train_epoch_chunks,full train set chunked per epoch | validation=dataset_val_split | c_selection=f_mmd c_source=test c_metric=standardized_l2 | f_mmd_reserved_context=5% source=test | wise_ft_skipped rows=4653>=2000,30,1,epoch_chunk,accuracy,0.8523489932885906,0.8577181208053691,0.8523489932885906,0.8577181208053691,9,True,False,,f_mmd,test,standardized_l2,2.6504665867710004,0.3238351009864826,,True
FOREX_audcad-day-High,/home/crc00006699/zh/tabiclv2/data184/FOREX_audcad-day-High,binclass,1467,294,367,10,2,0.7438692098092643,0.743743588323082,0.7435988831462009,0.8327541139428503,0.5049936819276312,3.0667097568511963,0.5024552345275879,ok,,1467,1173,0,367,0.4941228032112121,True,0.1,True,8,1e-05,True,3.033989429473877,full_train_epoch_chunks,full train set chunked per epoch | validation=dataset_val_split | c_selection=f_mmd c_source=test c_metric=standardized_l2 | f_mmd_reserved_context=5% source=test | wise_ft=alpha0.1 rows=1834<2000,30,1,epoch_chunk,accuracy,0.7142857142857143,0.7142857142857143,0.7142857142857143,0.7142857142857143,0,True,False,,f_mmd,test,standardized_l2,5.602017009747491,3.4378853655744046,,True
FOREX_audchf-day-High,/home/crc00006699/zh/tabiclv2/data184/FOREX_audchf-day-High,binclass,1466,294,367,10,2,0.7493188010899182,0.749274129655601,0.7495692984019486,0.8391849343551356,0.4976326503846343,3.076209545135498,0.4912123680114746,ok,,1466,1172,0,367,0.5497636198997498,True,0.1,True,8,1e-05,True,3.0407674312591557,full_train_epoch_chunks,full train set chunked per epoch | validation=dataset_val_split | c_selection=f_mmd c_source=test c_metric=standardized_l2 | f_mmd_reserved_context=5% source=test | wise_ft=alpha0.1 rows=1833<2000,30,1,epoch_chunk,accuracy,0.7210884353741497,0.7210884353741497,0.7210884353741497,0.7210884353741497,0,True,False,,f_mmd,test,standardized_l2,4.134880364480624,0.7823959004217197,,True
FOREX_audjpy-hour-High,/home/crc00006699/zh/tabiclv2/data184/FOREX_audjpy-hour-High,binclass,35060,7012,8765,10,2,0.7221905305191101,0.722155167899226,0.7218271089905922,0.8011529930615507,0.5396017911967773,61.15203785896301,24.269604682922363,ok,,35060,28048,0,8765,0.5682103931903839,True,0.1,False,51,1e-05,True,60.8835175037384,full_train_epoch_chunks,full train set chunked per epoch | validation=dataset_val_split | c_selection=f_mmd c_source=test c_metric=standardized_l2 | f_mmd_reserved_context=5% source=test | wise_ft_skipped rows=43825>=2000,30,3,epoch_chunk,accuracy,0.7137763833428409,0.7199087278950371,0.7137763833428409,0.7199087278950371,9,True,False,,f_mmd,test,standardized_l2,5.089266052391652,6.349091081745398,,True
FOREX_audusd-hour-High,/home/crc00006699/zh/tabiclv2/data184/FOREX_audusd-hour-High,binclass,35060,7012,8765,10,2,0.7072447233314318,0.7072679852555928,0.7062960193356318,0.7887967145142534,0.551482050430949,76.73336911201477,24.326366424560547,ok,,35060,28048,0,8765,0.5418436825275421,True,0.1,False,63,1e-05,True,76.40471410751343,full_train_epoch_chunks,full train set chunked per epoch | validation=dataset_val_split | c_selection=f_mmd c_source=test c_metric=standardized_l2 | f_mmd_reserved_context=5% source=test | wise_ft_skipped rows=43825>=2000,30,3,epoch_chunk,accuracy,0.7043639475185397,0.716343411294923,0.7043639475185397,0.716343411294923,13,True,False,,f_mmd,test,standardized_l2,4.531512580978124,3.4402234432044083,,True
FOREX_cadjpy-hour-High,/home/crc00006699/zh/tabiclv2/data184/FOREX_cadjpy-hour-High,binclass,35060,7012,8765,10,2,0.7161437535653166,0.7161571150533734,0.7158302650625222,0.7906727955969128,0.5531365029514084,37.11540341377258,24.320837020874023,ok,,35060,28048,0,8765,0.5612945258617401,True,0.1,False,30,1e-05,True,36.8312623500824,full_train_epoch_chunks,full train set chunked per epoch | validation=dataset_val_split | c_selection=f_mmd c_source=test c_metric=standardized_l2 | f_mmd_reserved_context=5% source=test | wise_ft_skipped rows=43825>=2000,30,3,epoch_chunk,accuracy,0.7096406160867085,0.7144894466628636,0.7096406160867085,0.7144894466628636,2,True,False,,f_mmd,test,standardized_l2,5.198503829667069,5.089079415366324,,True
Fitness_Club_c,/home/crc00006699/zh/tabiclv2/data184/Fitness_Club_c,binclass,1200,240,300,6,2,0.8033333333333333,0.7961465279630122,0.7378673957621326,0.82272990167727,0.4539719491637656,3.115466356277466,0.3170876502990722,ok,,1200,960,0,300,0.4583293199539184,True,0.1,True,8,1e-05,True,3.087308645248413,full_train_epoch_chunks,full train set chunked per epoch | validation=dataset_val_split | c_selection=f_mmd c_source=test c_metric=standardized_l2 | f_mmd_reserved_context=5% source=test | wise_ft=alpha0.1 rows=1500<2000,30,1,epoch_chunk,accuracy,0.7666666666666667,0.7666666666666667,0.7666666666666667,0.7666666666666667,0,True,False,,f_mmd,test,standardized_l2,3.622632904996408,1.758327329190396,,True
GAMETES_Heterogeneity_20atts_1600_Het_0.4_0.2_50_EDM-2_001,/home/crc00006699/zh/tabiclv2/data184/GAMETES_Heterogeneity_20atts_1600_Het_0.4_0.2_50_EDM-2_001,binclass,1280,256,320,20,2,0.6875,0.6873045653533458,0.6875,0.7619921875000001,0.5632236138104538,5.392306089401245,0.5506725311279297,ok,,1280,1024,0,320,0.5013857334852219,True,0.1,True,12,1e-05,True,5.328970670700073,full_train_epoch_chunks,full train set chunked per epoch | validation=dataset_val_split | c_selection=f_mmd c_source=test c_metric=standardized_l2 | f_mmd_reserved_context=5% source=test | wise_ft=alpha0.1 rows=1600<2000,30,1,epoch_chunk,accuracy,0.69140625,0.703125,0.69140625,0.703125,4,True,False,,f_mmd,test,standardized_l2,2.801966011541191,0.5769098553408253,,True
GesturePhaseSegmentationProcessed,/home/crc00006699/zh/tabiclv2/data184/GesturePhaseSegmentationProcessed,multiclass,7898,1580,1975,32,5,0.8511392405063292,0.850215061500613,0.83071600463167,0.9725636356105848,0.4336985172599799,38.22573852539063,3.988811492919922,ok,,7898,6318,0,1975,0.6360076665878296,True,0.1,False,30,1e-05,True,37.985682249069214,full_train_epoch_chunks,full train set chunked per epoch | validation=dataset_val_split | c_selection=f_mmd c_source=test c_metric=standardized_l2 | f_mmd_reserved_context=5% source=test | wise_ft_skipped rows=9873>=2000,30,1,epoch_chunk,accuracy,0.7810126582278482,0.8177215189873418,0.7810126582278482,0.8177215189873418,26,False,False,,f_mmd,test,standardized_l2,8.95063923650064,6.886046474480631,,True
Heart-Disease-Dataset-(Comprehensive),/home/crc00006699/zh/tabiclv2/data184/Heart-Disease-Dataset-(Comprehensive),binclass,952,191,238,11,2,0.953781512605042,0.9536614172576188,0.9511664407505172,0.9827352500535064,0.1522815614339147,3.7212727069854736,0.7832539081573486,ok,,952,761,0,238,0.307836040854454,True,0.1,True,10,1e-05,True,3.6901755332946777,full_train_epoch_chunks,full train set chunked per epoch | validation=dataset_val_split | c_selection=f_mmd c_source=test c_metric=standardized_l2 | f_mmd_reserved_context=5% source=test | wise_ft=alpha0.1 rows=1190<2000,30,1,epoch_chunk,accuracy,0.900523560209424,0.9109947643979056,0.900523560209424,0.9109947643979056,2,True,False,,f_mmd,test,standardized_l2,2.505020198631557,0.7008210997003148,,True
Insurance,/home/crc00006699/zh/tabiclv2/data184/Insurance,binclass,18838,3768,4710,10,2,0.7575371549893843,0.6530303380048618,0.5,0.5008668216408944,0.5557286092483679,16.51008367538452,8.914843559265137,ok,,18838,15070,0,4710,0.5534029901027679,True,0.1,False,16,1e-05,True,16.307376623153687,full_train_epoch_chunks,full train set chunked per epoch | validation=dataset_val_split | c_selection=f_mmd c_source=test c_metric=standardized_l2 | f_mmd_reserved_context=5% source=test | wise_ft_skipped rows=23548>=2000,30,2,epoch_chunk,accuracy,0.7579617834394905,0.7579617834394905,0.7579617834394905,0.7579617834394905,0,True,False,,f_mmd,test,standardized_l2,2.527252546147456,0.3423164239347711,,True
Is-this-a-good-customer,/home/crc00006699/zh/tabiclv2/data184/Is-this-a-good-customer,binclass,1378,276,345,13,2,0.881159420289855,0.8282083919519438,0.4983606557377049,0.738688524590164,0.325331057074524,4.51807713508606,0.5355672836303711,ok,,1378,1102,0,345,0.3594131767749786,True,0.1,True,11,1e-05,True,4.471710681915283,full_train_epoch_chunks,full train set chunked per epoch | validation=dataset_val_split | c_selection=f_mmd c_source=test c_metric=standardized_l2 | f_mmd_reserved_context=5% source=test | wise_ft=alpha0.1 rows=1723<2000,30,1,epoch_chunk,accuracy,0.9094202898550724,0.9130434782608696,0.9094202898550724,0.9130434782608696,3,True,False,,f_mmd,test,standardized_l2,3.37984273309609,3.1452585709159706,,True
KDD,/home/crc00006699/zh/tabiclv2/data184/KDD,binclass,4025,805,1007,45,2,0.8053624627606752,0.8047343564007347,0.8061506292657908,0.9058843255612103,0.3684072122815434,10.094157457351685,2.334578275680542,ok,,4025,3220,0,1007,0.3772828131914139,True,0.1,False,10,1e-05,True,9.906942367553713,full_train_epoch_chunks,full train set chunked per epoch | validation=dataset_val_split | c_selection=f_mmd c_source=test c_metric=standardized_l2 | f_mmd_reserved_context=5% source=test | wise_ft_skipped rows=5032>=2000,30,1,epoch_chunk,accuracy,0.8062111801242235,0.8124223602484472,0.8062111801242235,0.8124223602484472,2,True,False,,f_mmd,test,standardized_l2,7.59935332944652,16.051517797129183,,True
Long,/home/crc00006699/zh/tabiclv2/data184/Long,binclass,3581,717,896,19,2,0.9955357142857144,0.9955409855049664,0.9956950474648614,0.999932543478794,0.0109010928954572,7.51624321937561,1.3250360488891602,ok,,3581,2864,0,896,0.0151162818074226,True,0.1,False,13,1e-05,True,7.445711851119995,full_train_epoch_chunks,full train set chunked per epoch | validation=dataset_val_split | c_selection=f_mmd c_source=test c_metric=standardized_l2 | f_mmd_reserved_context=5% source=test | wise_ft_skipped rows=4477>=2000,30,1,epoch_chunk,accuracy,0.99023709902371,0.99302649930265,0.99023709902371,0.99302649930265,5,True,False,,f_mmd,test,standardized_l2,7.369905592299474,18.07480633748173,,True
MagicTelescope,/home/crc00006699/zh/tabiclv2/data184/MagicTelescope,binclass,15216,3044,3804,9,2,0.8932702418506835,0.8917732462735715,0.8708443804349012,0.9469963400603968,0.2629105566804894,13.261509895324709,6.343842029571533,ok,,15216,12172,0,3804,0.2993656247854233,True,0.1,False,16,1e-05,True,13.134430646896362,full_train_epoch_chunks,full train set chunked per epoch | validation=dataset_val_split | c_selection=f_mmd c_source=test c_metric=standardized_l2 | f_mmd_reserved_context=5% source=test | wise_ft_skipped rows=19020>=2000,30,2,epoch_chunk,accuracy,0.8846911957950065,0.8846911957950065,0.8846911957950065,0.8846911957950065,0,True,False,,f_mmd,test,standardized_l2,5.718770039702256,2.388253205408171,,True
Mobile_Price_Classification,/home/crc00006699/zh/tabiclv2/data184/Mobile_Price_Classification,multiclass,1600,320,400,20,4,0.965,0.9649387521160177,0.965,0.99895,0.0713378826644326,4.404529094696045,0.9008922576904296,ok,,1600,1280,0,400,0.0644101575016975,True,0.1,False,10,1e-05,True,4.328925609588623,full_train_epoch_chunks,full train set chunked per epoch | validation=dataset_val_split | c_selection=f_mmd c_source=test c_metric=standardized_l2 | f_mmd_reserved_context=5% source=test | wise_ft_skipped rows=2000>=2000,30,1,epoch_chunk,accuracy,0.9625,0.965625,0.9625,0.965625,2,True,False,,f_mmd,test,standardized_l2,1.7758030841458328,0.1178539781350782,,True
Performance-Prediction,/home/crc00006699/zh/tabiclv2/data184/Performance-Prediction,binclass,1072,215,268,19,2,0.7425373134328358,0.7347943489201461,0.7017213555675095,0.8068854222700377,0.5239912090310158,5.6809046268463135,0.4668641090393066,ok,,1072,857,0,268,0.5808640718460083,True,0.1,True,13,1e-05,True,5.632358074188232,full_train_epoch_chunks,full train set chunked per epoch | validation=dataset_val_split | c_selection=f_mmd c_source=test c_metric=standardized_l2 | f_mmd_reserved_context=5% source=test | wise_ft=alpha0.1 rows=1340<2000,30,1,epoch_chunk,accuracy,0.6930232558139535,0.7023255813953488,0.6930232558139535,0.7023255813953488,5,True,False,,f_mmd,test,standardized_l2,5.168455260886194,2.131973244062801,,True
PieChart3,/home/crc00006699/zh/tabiclv2/data184/PieChart3,binclass,861,173,216,37,2,0.8842592592592593,0.8504784688995214,0.5687830687830688,0.8726239466980208,0.2696265527602804,4.218009948730469,1.1384048461914062,ok,,861,688,0,216,0.3140504658222198,True,0.1,True,8,1e-05,True,4.150487899780273,full_train_epoch_chunks,full train set chunked per epoch | validation=dataset_val_split | c_selection=f_mmd c_source=test c_metric=standardized_l2 | f_mmd_reserved_context=5% source=test | wise_ft=alpha0.1 rows=1077<2000,30,1,epoch_chunk,accuracy,0.8728323699421965,0.8728323699421965,0.8728323699421965,0.8728323699421965,0,True,False,,f_mmd,test,standardized_l2,11.726465615371712,18.10639723424589,,True
PizzaCutter3,/home/crc00006699/zh/tabiclv2/data184/PizzaCutter3,binclass,834,167,209,37,2,0.8899521531100478,0.8463166234064067,0.54,0.8945652173913043,0.2496170355099832,4.939569234848023,1.1543900966644287,ok,,834,667,0,209,0.2611980438232422,True,0.1,True,10,1e-05,True,4.870765686035156,full_train_epoch_chunks,full train set chunked per epoch | validation=dataset_val_split | c_selection=f_mmd c_source=test c_metric=standardized_l2 | f_mmd_reserved_context=5% source=test | wise_ft=alpha0.1 rows=1043<2000,30,1,epoch_chunk,accuracy,0.8862275449101796,0.8922155688622755,0.8862275449101796,0.8922155688622755,2,True,False,,f_mmd,test,standardized_l2,12.306453186652952,36.67378334803762,,True
QSAR_biodegradation,/home/crc00006699/zh/tabiclv2/data184/QSAR_biodegradation,binclass,843,169,211,41,2,0.8957345971563981,0.8940703276665646,0.8693661971830986,0.951609657947686,0.271392182167827,9.646808385849,1.204707145690918,ok,,843,674,0,211,0.3227653801441192,True,0.1,True,17,1e-05,True,9.528223037719728,full_train_epoch_chunks,full train set chunked per epoch | validation=dataset_val_split | c_selection=f_mmd c_source=test c_metric=standardized_l2 | f_mmd_reserved_context=5% source=test | wise_ft=alpha0.1 rows=1054<2000,30,1,epoch_chunk,accuracy,0.8698224852071006,0.8816568047337278,0.8698224852071006,0.8816568047337278,9,True,False,,f_mmd,test,standardized_l2,6.581316791012153,5.080780063042981,,True
SDSS17,/home/crc00006699/zh/tabiclv2/data184/SDSS17,multiclass,80000,16000,20000,12,3,0.9778,0.9776902079200844,0.9728072142033418,0.9970863618232452,0.0686927417614281,163.7154290676117,107.56143307685852,ok,,80000,64000,0,20000,0.0851499401032924,True,0.1,False,112,1e-05,True,162.93748140335083,full_train_epoch_chunks,full train set chunked per epoch | validation=dataset_val_split | c_selection=f_mmd c_source=test c_metric=standardized_l2 | f_mmd_reserved_context=5% source=test | wise_ft_skipped rows=100000>=2000,30,7,epoch_chunk,accuracy,0.97575,0.976375,0.97575,0.976375,8,True,False,,f_mmd,test,standardized_l2,104503.22608334562,1.007467048049351,,True
Telecom_Churn_Dataset,/home/crc00006699/zh/tabiclv2/data184/Telecom_Churn_Dataset,binclass,2666,534,667,17,2,0.9625187406296852,0.961384027933516,0.8967986977753662,0.9327274371495748,0.1295300235554736,4.259036064147949,0.9899444580078124,ok,,2666,2132,0,667,0.1309827715158462,True,0.1,False,8,1e-05,True,4.1985414028167725,full_train_epoch_chunks,full train set chunked per epoch | validation=dataset_val_split | c_selection=f_mmd c_source=test c_metric=standardized_l2 | f_mmd_reserved_context=5% source=test | wise_ft_skipped rows=3333>=2000,30,1,epoch_chunk,accuracy,0.9625468164794008,0.9625468164794008,0.9625468164794008,0.9625468164794008,0,True,False,,f_mmd,test,standardized_l2,2.5428180752661933,0.4096505069084605,,True
Water_Quality_and_Potability,/home/crc00006699/zh/tabiclv2/data184/Water_Quality_and_Potability,binclass,2620,524,656,8,2,0.6585365853658537,0.6035919990236257,0.581484375,0.6724072265625,0.6222168673296412,4.968396186828613,0.7715640068054199,ok,,2620,2096,0,656,0.6295415759086609,True,0.1,False,13,1e-05,True,4.934357643127441,full_train_epoch_chunks,full train set chunked per epoch | validation=dataset_val_split | c_selection=f_mmd c_source=test c_metric=standardized_l2 | f_mmd_reserved_context=5% source=test | wise_ft_skipped rows=3276>=2000,30,1,epoch_chunk,accuracy,0.6240458015267175,0.6431297709923665,0.6240458015267175,0.6431297709923665,5,True,False,,f_mmd,test,standardized_l2,2.845965988516334,0.5788925625667205,,True
Wilt,/home/crc00006699/zh/tabiclv2/data184/Wilt,binclass,3856,772,965,5,2,0.9937823834196892,0.9937248277163724,0.9604431712865448,0.9919959558513776,0.0307632870441284,6.701883792877197,0.927149772644043,ok,,3856,3084,0,965,0.03200463950634,True,0.1,False,17,1e-05,True,6.667097806930542,full_train_epoch_chunks,full train set chunked per epoch | validation=dataset_val_split | c_selection=f_mmd c_source=test c_metric=standardized_l2 | f_mmd_reserved_context=5% source=test | wise_ft_skipped rows=4821>=2000,30,1,epoch_chunk,accuracy,0.9870466321243524,0.9896373056994818,0.9870466321243524,0.9896373056994818,9,True,False,,f_mmd,test,standardized_l2,9.513533140919357,22.455020050789944,,True
accelerometer,/home/crc00006699/zh/tabiclv2/data184/accelerometer,multiclass,122403,24481,30601,4,4,0.7458906571680664,0.7439005742595199,0.8094117647058824,0.9305915932129432,0.5290517149964427,383.5041401386261,231.10342597961423,ok,,122403,97922,0,30601,0.6207141280174255,True,0.1,False,240,1e-05,True,383.0894553661346,full_train_epoch_chunks,full train set chunked per epoch | validation=dataset_val_split | c_selection=f_mmd c_source=test c_metric=standardized_l2 | f_mmd_reserved_context=5% source=test | wise_ft_skipped rows=153004>=2000,30,10,epoch_chunk,accuracy,0.7423307871410482,0.7473550917037702,0.7423307871410482,0.7473550917037702,16,True,False,,f_mmd,test,standardized_l2,10.405428717203812,6.161982812136278,,True
ada_agnostic,/home/crc00006699/zh/tabiclv2/data184/ada_agnostic,binclass,3649,730,913,48,2,0.8532311062431545,0.849338988835363,0.7800086050782806,0.9081889521069598,0.3182078275460519,15.488646984100342,2.4735381603240967,ok,,3649,2919,0,913,0.3362880200147629,True,0.1,False,16,1e-05,True,15.231580257415771,full_train_epoch_chunks,full train set chunked per epoch | validation=dataset_val_split | c_selection=f_mmd c_source=test c_metric=standardized_l2 | f_mmd_reserved_context=5% source=test | wise_ft_skipped rows=4562>=2000,30,1,epoch_chunk,accuracy,0.8547945205479452,0.863013698630137,0.8547945205479452,0.863013698630137,8,True,False,,f_mmd,test,standardized_l2,4.24644759405347,6.874691533063114,,True
adult,/home/crc00006699/zh/tabiclv2/data184/adult,binclass,32561,6513,16281,14,2,0.8751919415269332,0.8700321038471742,0.7919520037737577,0.9300006837426692,0.2719501144815169,110.4829967021942,26.738343954086304,ok,,32561,26048,0,16281,0.2765422612428665,True,0.1,False,81,1e-05,True,110.07621574401855,full_train_epoch_chunks,full train set chunked per epoch | validation=dataset_val_split | c_selection=f_mmd c_source=test c_metric=standardized_l2 | f_mmd_reserved_context=5% source=test | wise_ft_skipped rows=48842>=2000,30,3,epoch_chunk,accuracy,0.8697988638108398,0.874251497005988,0.8697988638108398,0.874251497005988,19,True,False,,f_mmd,test,standardized_l2,4.358359680451432,3.1674047792708526,,True
allbp,/home/crc00006699/zh/tabiclv2/data184/allbp,multiclass,3017,604,755,29,3,0.976158940397351,0.9739485152067022,0.6425977223761158,0.9910603505602296,0.0588712730227033,11.16960334777832,1.3375616073608398,ok,,3017,2413,0,755,0.0600183755159378,True,0.1,False,18,1e-05,True,11.063647508621216,full_train_epoch_chunks,full train set chunked per epoch | validation=dataset_val_split | c_selection=f_mmd c_source=test c_metric=standardized_l2 | f_mmd_reserved_context=5% source=test | wise_ft_skipped rows=3772>=2000,30,1,epoch_chunk,accuracy,0.9817880794701986,0.9867549668874172,0.9817880794701986,0.9867549668874172,10,True,False,,f_mmd,test,standardized_l2,5.450873249965507,7.691411589164348,,True
analcatdata_authorship,/home/crc00006699/zh/tabiclv2/data184/analcatdata_authorship,multiclass,672,135,169,69,4,0.9940828402366864,0.9940804879569156,0.9957627118644068,0.9999242768178148,0.0118087599437382,4.972764253616333,0.6818506717681885,ok,,672,537,0,169,0.0007165269198594,True,0.1,True,8,1e-05,True,4.865923166275024,full_train_epoch_chunks,full train set chunked per epoch | validation=dataset_val_split | c_selection=f_mmd c_source=test c_metric=standardized_l2 | f_mmd_reserved_context=5% source=test | wise_ft=alpha0.1 rows=841<2000,30,1,epoch_chunk,accuracy,1.0,1.0,1.0,1.0,0,True,False,,f_mmd,test,standardized_l2,2.148679396514,0.4050333414709074,,True
autoUniv-au4-2500,/home/crc00006699/zh/tabiclv2/data184/autoUniv-au4-2500,multiclass,2000,400,500,100,3,0.71,0.6809958419958421,0.5137136760183267,0.7694644731536195,0.6658164213255309,27.664389848709103,2.053177833557129,ok,,2000,1600,0,500,0.7899132966995239,True,0.1,False,27,1e-05,True,27.407204389572144,full_train_epoch_chunks,full train set chunked per epoch | validation=dataset_val_split | c_selection=f_mmd c_source=test c_metric=standardized_l2 | f_mmd_reserved_context=5% source=test | wise_ft_skipped rows=2500>=2000,30,1,epoch_chunk,accuracy,0.6825,0.735,0.6825,0.735,19,True,False,,f_mmd,test,standardized_l2,1.441765975181659,0.0346919115391849,,True
bank,/home/crc00006699/zh/tabiclv2/data184/bank,binclass,36168,7234,9043,16,2,0.9109808691805816,0.9093938364795806,0.7675652481673458,0.9449414249070504,0.1830571579908914,93.84707951545715,27.443740367889404,ok,,36168,28934,0,9043,0.1802222803235054,True,0.1,False,66,1e-05,True,93.35523200035097,full_train_epoch_chunks,full train set chunked per epoch | validation=dataset_val_split | c_selection=f_mmd c_source=test c_metric=standardized_l2 | f_mmd_reserved_context=5% source=test | wise_ft_skipped rows=45211>=2000,30,3,epoch_chunk,accuracy,0.9169200995299972,0.9218965993917612,0.9169200995299972,0.9218965993917612,14,True,False,,f_mmd,test,standardized_l2,4.972430139387604,19.855296889126112,,True
baseball,/home/crc00006699/zh/tabiclv2/data184/baseball,multiclass,1072,215,268,16,3,0.9440298507462688,0.9342657264063036,0.6038961038961039,0.9759874651171928,0.132032042225942,4.547091245651245,0.4399340152740478,ok,,1072,857,0,268,0.1234517879784107,True,0.1,True,11,1e-05,True,4.500069618225098,full_train_epoch_chunks,full train set chunked per epoch | validation=dataset_val_split | c_selection=f_mmd c_source=test c_metric=standardized_l2 | f_mmd_reserved_context=5% source=test | wise_ft=alpha0.1 rows=1340<2000,30,1,epoch_chunk,accuracy,0.9488372093023256,0.958139534883721,0.9488372093023256,0.958139534883721,3,True,False,,f_mmd,test,standardized_l2,5.667167471686947,2.5140895091013458,,True
churn,/home/crc00006699/zh/tabiclv2/data184/churn,binclass,4000,800,1000,20,2,0.969,0.967828319498624,0.9019270304411364,0.9322856034148236,0.1193747098371841,9.877387523651125,1.5318305492401123,ok,,4000,3200,0,1000,0.1130633652210235,True,0.1,False,16,1e-05,True,9.788923025131226,full_train_epoch_chunks,full train set chunked per epoch | validation=dataset_val_split | c_selection=f_mmd c_source=test c_metric=standardized_l2 | f_mmd_reserved_context=5% source=test | wise_ft_skipped rows=5000>=2000,30,1,epoch_chunk,accuracy,0.97125,0.975,0.97125,0.975,8,True,False,,f_mmd,test,standardized_l2,2.333854864970065,0.3123434634986597,,True
company_bankruptcy_prediction,/home/crc00006699/zh/tabiclv2/data184/company_bankruptcy_prediction,binclass,5455,1091,1364,95,2,0.967741935483871,0.9637036959981692,0.6428030303030303,0.9635847107438016,0.0725513378718479,19.569724082946777,5.893731117248535,ok,,5455,4364,0,1364,0.0751393139362335,True,0.1,False,10,1e-05,True,19.144159078598022,full_train_epoch_chunks,full train set chunked per epoch | validation=dataset_val_split | c_selection=f_mmd c_source=test c_metric=standardized_l2 | f_mmd_reserved_context=5% source=test | wise_ft_skipped rows=6819>=2000,30,1,epoch_chunk,accuracy,0.9688359303391384,0.9697525206232814,0.9688359303391384,0.9697525206232814,2,True,False,,f_mmd,test,standardized_l2,112.96131606941503,24.507667255199973,,True
connect-4,/home/crc00006699/zh/tabiclv2/data184/connect-4,multiclass,54045,10809,13512,42,3,0.8666370633510954,0.8557221085812741,0.7069343678947883,0.9491771661923312,0.3253411484511145,214.0865285396576,93.59765577316284,ok,,54045,43236,0,13512,0.5094264149665833,True,0.1,False,100,1e-05,True,211.97473883628845,full_train_epoch_chunks,full train set chunked per epoch | validation=dataset_val_split | c_selection=f_mmd c_source=test c_metric=standardized_l2 | f_mmd_reserved_context=5% source=test | wise_ft_skipped rows=67557>=2000,30,5,epoch_chunk,accuracy,0.8521602368396707,0.8644647978536405,0.8521602368396707,0.8644647978536405,12,True,False,,f_mmd,test,standardized_l2,6.226711526712234,6.773610728956534,,True
credit,/home/crc00006699/zh/tabiclv2/data184/credit,binclass,13371,2675,3343,10,2,0.7861202512713132,0.7861156580422701,0.7861188899292462,0.8653857029140504,0.4625511805538232,22.305326461791992,5.413370132446289,ok,,13371,10696,0,3343,0.4904647618532181,True,0.1,False,28,1e-05,True,22.177148580551147,full_train_epoch_chunks,full train set chunked per epoch | validation=dataset_val_split | c_selection=f_mmd c_source=test c_metric=standardized_l2 | f_mmd_reserved_context=5% source=test | wise_ft_skipped rows=16714>=2000,30,2,epoch_chunk,accuracy,0.7798130841121496,0.7816822429906543,0.7798130841121496,0.7816822429906543,6,True,False,,f_mmd,test,standardized_l2,13.155764649515575,45.59304998460195,,True
customer_satisfaction_in_airline,/home/crc00006699/zh/tabiclv2/data184/customer_satisfaction_in_airline,binclass,103904,20781,25976,21,2,0.966122574684324,0.9661706719342946,0.9675881956578862,0.9960692874216606,0.0767039359754869,413.3001506328583,207.90268635749817,ok,,103904,83123,0,25976,0.1276320070028305,True,0.1,False,216,1e-05,True,411.3307249546051,full_train_epoch_chunks,full train set chunked per epoch | validation=dataset_val_split | c_selection=f_mmd c_source=test c_metric=standardized_l2 | f_mmd_reserved_context=5% source=test | wise_ft_skipped rows=129880>=2000,30,9,epoch_chunk,accuracy,0.9614551754006064,0.9647755160964342,0.9614551754006064,0.9647755160964342,16,True,False,,f_mmd,test,standardized_l2,3.057328853864399,4.260966721885343,,True
default_of_credit_card_clients,/home/crc00006699/zh/tabiclv2/data184/default_of_credit_card_clients,binclass,24000,4800,6000,23,2,0.8273333333333334,0.8077811918760688,0.6698094571082963,0.8020979763011905,0.4136938734845315,61.162846326828,15.518038749694824,ok,,24000,19200,0,6000,0.4276574403047561,True,0.1,False,38,1e-05,True,60.64686942100525,full_train_epoch_chunks,full train set chunked per epoch | validation=dataset_val_split | c_selection=f_mmd c_source=test c_metric=standardized_l2 | f_mmd_reserved_context=5% source=test | wise_ft_skipped rows=30000>=2000,30,2,epoch_chunk,accuracy,0.8210416666666667,0.8227083333333334,0.8210416666666667,0.8227083333333334,11,True,False,,f_mmd,test,standardized_l2,7.608660268976768,16.644165938836846,,True
dis,/home/crc00006699/zh/tabiclv2/data184/dis,binclass,3017,604,755,29,2,0.990728476821192,0.989524085374335,0.7493270524899058,0.9884477344100494,0.0308627828293722,7.257014989852905,1.3203129768371582,ok,,3017,2413,0,755,0.0121355159208178,True,0.1,False,11,1e-05,True,7.14941668510437,full_train_epoch_chunks,full train set chunked per epoch | validation=dataset_val_split | c_selection=f_mmd c_source=test c_metric=standardized_l2 | f_mmd_reserved_context=5% source=test | wise_ft_skipped rows=3772>=2000,30,1,epoch_chunk,accuracy,0.9850993377483444,0.9917218543046358,0.9850993377483444,0.9917218543046358,3,True,False,,f_mmd,test,standardized_l2,5.355088270758079,7.483798799229331,,True
drug_consumption,/home/crc00006699/zh/tabiclv2/data184/drug_consumption,multiclass,1507,302,377,12,7,0.403183023872679,0.2316968605998004,0.1428571428571428,0.531456843165685,1.5117467956113928,3.1023082733154297,0.5407285690307617,ok,,1507,1205,0,377,1.5101799368858335,True,0.1,True,8,1e-05,True,3.065685749053955,full_train_epoch_chunks,full train set chunked per epoch | validation=dataset_val_split | c_selection=f_mmd c_source=test c_metric=standardized_l2 | f_mmd_reserved_context=5% source=test | wise_ft=alpha0.1 rows=1884<2000,30,1,epoch_chunk,accuracy,0.4039735099337748,0.4039735099337748,0.4039735099337748,0.4039735099337748,0,True,False,,f_mmd,test,standardized_l2,3.0060375948929003,2.1932353050659934,,True
eeg-eye-state,/home/crc00006699/zh/tabiclv2/data184/eeg-eye-state,binclass,11984,2397,2996,14,2,0.9939919893190922,0.9939915726012408,0.9938597538047236,0.9999202916335488,0.0119132373257611,35.08950662612915,4.971657752990723,ok,,11984,9587,0,2996,0.0166709097102284,True,0.1,False,25,1e-05,True,34.93931245803833,full_train_epoch_chunks,full train set chunked per epoch | validation=dataset_val_split | c_selection=f_mmd c_source=test c_metric=standardized_l2 | f_mmd_reserved_context=5% source=test | wise_ft_skipped rows=14980>=2000,30,1,epoch_chunk,accuracy,0.9920734251147268,0.9945765540258656,0.9920734251147268,0.9945765540258656,17,True,False,,f_mmd,test,standardized_l2,7586696.75565085,238.20348116159008,,True
estimation_of_obesity_levels,/home/crc00006699/zh/tabiclv2/data184/estimation_of_obesity_levels,multiclass,1688,338,423,16,7,0.9905437352245864,0.9905622153790828,0.9902298850574712,0.999925770969701,0.0253723365764862,3.3790090084075928,0.6339027881622314,ok,,1688,1350,0,423,0.0131604936905205,True,0.1,False,8,1e-05,True,3.3287627696990967,full_train_epoch_chunks,full train set chunked per epoch | validation=dataset_val_split | c_selection=f_mmd c_source=test c_metric=standardized_l2 | f_mmd_reserved_context=5% source=test | wise_ft_skipped rows=2111>=2000,30,1,epoch_chunk,accuracy,0.9792899408284024,0.9792899408284024,0.9792899408284024,0.9792899408284024,0,True,False,,f_mmd,test,standardized_l2,3.769576722136504,0.9287427487840372,,True
eye_movements,/home/crc00006699/zh/tabiclv2/data184/eye_movements,multiclass,8748,1750,2188,27,3,0.9204753199268738,0.9204600404665838,0.9232366258180954,0.9891182067464518,0.1918169098551374,40.52031111717224,4.150827169418335,ok,,8748,6998,0,2188,0.3015792518854141,True,0.1,False,30,1e-05,True,40.289124727249146,full_train_epoch_chunks,full train set chunked per epoch | validation=dataset_val_split | c_selection=f_mmd c_source=test c_metric=standardized_l2 | f_mmd_reserved_context=5% source=test | wise_ft_skipped rows=10936>=2000,30,1,epoch_chunk,accuracy,0.8,0.9228571428571428,0.8,0.9228571428571428,29,False,False,,f_mmd,test,standardized_l2,5.83758410993292,3.0502346507256157,,True
first-order-theorem-proving,/home/crc00006699/zh/tabiclv2/data184/first-order-theorem-proving,multiclass,4894,979,1224,51,6,0.6495098039215687,0.6333948825006153,0.5231724384576414,0.8617991546324452,1.011667374322653,34.39707803726196,3.4768218994140625,ok,,4894,3915,0,1224,1.089151382446289,True,0.1,False,30,1e-05,True,34.1738395690918,full_train_epoch_chunks,full train set chunked per epoch | validation=dataset_val_split | c_selection=f_mmd c_source=test c_metric=standardized_l2 | f_mmd_reserved_context=5% source=test | wise_ft_skipped rows=6118>=2000,30,1,epoch_chunk,accuracy,0.6200204290091931,0.6404494382022472,0.6200204290091931,0.6404494382022472,23,False,False,,f_mmd,test,standardized_l2,8.690973891333922,14.195526825499453,,True
heloc,/home/crc00006699/zh/tabiclv2/data184/heloc,binclass,8000,1600,2000,22,2,0.7275,0.7271752703655525,0.7275,0.8039554999999999,0.5393869700453463,22.834914207458496,3.455271005630493,ok,,8000,6400,0,2000,0.5149457156658173,True,0.1,False,21,1e-05,True,22.68342685699463,full_train_epoch_chunks,full train set chunked per epoch | validation=dataset_val_split | c_selection=f_mmd c_source=test c_metric=standardized_l2 | f_mmd_reserved_context=5% source=test | wise_ft_skipped rows=10000>=2000,30,1,epoch_chunk,accuracy,0.72,0.726875,0.72,0.726875,13,True,False,,f_mmd,test,standardized_l2,7.521621881873854,1.8748892458154824,,True
house_16H,/home/crc00006699/zh/tabiclv2/data184/house_16H,binclass,10790,2158,2698,16,2,0.8928836174944403,0.8928828964350944,0.8928836174944403,0.958630641482228,0.2622647121212739,29.508445739746094,4.481044054031372,ok,,10790,8632,0,2698,0.2119190767407417,True,0.1,False,22,1e-05,True,29.34720110893249,full_train_epoch_chunks,full train set chunked per epoch | validation=dataset_val_split | c_selection=f_mmd c_source=test c_metric=standardized_l2 | f_mmd_reserved_context=5% source=test | wise_ft_skipped rows=13488>=2000,30,1,epoch_chunk,accuracy,0.8855421686746988,0.8901760889712697,0.8855421686746988,0.8901760889712697,14,True,False,,f_mmd,test,standardized_l2,7.526607633218358,21.70788022471812,,True
ibm-employee-performance,/home/crc00006699/zh/tabiclv2/data184/ibm-employee-performance,binclass,1176,236,294,30,2,1.0,1.0,1.0,1.0,2.356623480925308e-06,4.2966225147247314,0.5883831977844238,ok,,1176,940,0,294,1.6163003806468623e-06,True,0.1,True,8,1e-05,True,4.225364446640015,full_train_epoch_chunks,full train set chunked per epoch | validation=dataset_val_split | c_selection=f_mmd c_source=test c_metric=standardized_l2 | f_mmd_reserved_context=5% source=test | wise_ft=alpha0.1 rows=1470<2000,30,1,epoch_chunk,accuracy,1.0,1.0,1.0,1.0,0,True,False,,f_mmd,test,standardized_l2,2.3734940379938068,0.3681200407707451,,True
internet_firewall,/home/crc00006699/zh/tabiclv2/data184/internet_firewall,multiclass,52425,10485,13107,7,4,0.925154497596704,0.9237519056130896,0.7823321608344957,0.9880064158626308,0.1268999514331904,54.64754676818848,47.86468505859375,ok,,52425,41940,0,13107,0.1956110335886478,True,0.1,False,50,1e-05,True,54.40213298797608,full_train_epoch_chunks,full train set chunked per epoch | validation=dataset_val_split | c_selection=f_mmd c_source=test c_metric=standardized_l2 | f_mmd_reserved_context=5% source=test | wise_ft_skipped rows=65532>=2000,30,5,epoch_chunk,accuracy,0.9240820219360992,0.9346685741535526,0.9240820219360992,0.9346685741535526,2,True,False,,f_mmd,test,standardized_l2,19.986602121447696,571.6974123342936,,True
jm1,/home/crc00006699/zh/tabiclv2/data184/jm1,binclass,8708,1742,2177,21,2,0.821773082223243,0.7896772133022647,0.6005903072736029,0.7662970257386956,0.422834419539905,25.98045134544373,3.7682502269744873,ok,,8708,6966,0,2177,0.3880535960197449,True,0.1,False,20,1e-05,True,25.81953310966492,full_train_epoch_chunks,full train set chunked per epoch | validation=dataset_val_split | c_selection=f_mmd c_source=test c_metric=standardized_l2 | f_mmd_reserved_context=5% source=test | wise_ft_skipped rows=10885>=2000,30,1,epoch_chunk,accuracy,0.8237657864523537,0.8346727898966705,0.8237657864523537,0.8346727898966705,12,True,False,,f_mmd,test,standardized_l2,16.40017819803729,52.60882944017484,,True
kc1,/home/crc00006699/zh/tabiclv2/data184/kc1,binclass,1687,338,422,21,2,0.8720379146919431,0.855423482647913,0.6601163542340013,0.8573367808661926,0.3026941958899747,3.6116440296173096,0.6870391368865967,ok,,1687,1349,0,422,0.2985686361789703,True,0.1,False,8,1e-05,True,3.5566225051879883,full_train_epoch_chunks,full train set chunked per epoch | validation=dataset_val_split | c_selection=f_mmd c_source=test c_metric=standardized_l2 | f_mmd_reserved_context=5% source=test | wise_ft_skipped rows=2109>=2000,30,1,epoch_chunk,accuracy,0.8757396449704142,0.8757396449704142,0.8757396449704142,0.8757396449704142,0,True,False,,f_mmd,test,standardized_l2,13.059992117936376,15.88365908678478,,True
kr-vs-kp,/home/crc00006699/zh/tabiclv2/data184/kr-vs-kp,binclass,2556,512,640,36,2,0.9984375,0.9984376031804651,0.998502994011976,0.9999706469414114,0.0077148429592926,5.593586921691895,1.3169524669647217,ok,,2556,2044,0,640,0.008191276807338,True,0.1,False,8,1e-05,True,5.457056283950806,full_train_epoch_chunks,full train set chunked per epoch | validation=dataset_val_split | c_selection=f_mmd c_source=test c_metric=standardized_l2 | f_mmd_reserved_context=5% source=test | wise_ft_skipped rows=3196>=2000,30,1,epoch_chunk,accuracy,0.998046875,0.998046875,0.998046875,0.998046875,0,True,False,,f_mmd,test,standardized_l2,4.25504407824825,2.465590555421538,,True
led24,/home/crc00006699/zh/tabiclv2/data184/led24,multiclass,2560,512,640,24,10,0.728125,0.7230041845679939,0.7275144429658927,0.9580982463893748,0.7763288436602599,12.528217315673828,1.3067445755004885,ok,,2560,2048,0,640,0.7674040198326111,True,0.1,False,20,1e-05,True,12.435930013656616,full_train_epoch_chunks,full train set chunked per epoch | validation=dataset_val_split | c_selection=f_mmd c_source=test c_metric=standardized_l2 | f_mmd_reserved_context=5% source=test | wise_ft_skipped rows=3200>=2000,30,1,epoch_chunk,accuracy,0.720703125,0.732421875,0.720703125,0.732421875,12,True,False,,f_mmd,test,standardized_l2,1.486386502668945,0.0462827325732668,,True
madeline,/home/crc00006699/zh/tabiclv2/data184/madeline,binclass,2512,503,628,259,2,0.9219745222929936,0.9219656176016856,0.9219206426484908,0.9769352482960078,0.1903431080876221,25.89288902282715,7.258445501327515,ok,,2512,2009,0,628,0.1800092458724975,True,0.1,False,10,1e-05,True,25.290817975997925,full_train_epoch_chunks,full train set chunked per epoch | validation=dataset_val_split | c_selection=f_mmd c_source=test c_metric=standardized_l2 | f_mmd_reserved_context=5% source=test | wise_ft_skipped rows=3140>=2000,30,1,epoch_chunk,accuracy,0.9204771371769384,0.926441351888668,0.9204771371769384,0.926441351888668,2,True,False,,f_mmd,test,standardized_l2,1.463640099017785,0.052394035856346,,True
maternal_health_risk,/home/crc00006699/zh/tabiclv2/data184/maternal_health_risk,multiclass,811,163,203,6,3,0.8768472906403941,0.8748005893782885,0.8794702134668967,0.9628787167884912,0.3275258700064675,3.3146748542785645,0.6029882431030273,ok,,811,648,0,203,0.4440062046051025,True,0.1,True,10,1e-05,True,3.2918872833251958,full_train_epoch_chunks,full train set chunked per epoch | validation=dataset_val_split | c_selection=f_mmd c_source=test c_metric=standardized_l2 | f_mmd_reserved_context=5% source=test | wise_ft=alpha0.1 rows=1014<2000,30,1,epoch_chunk,accuracy,0.8220858895705522,0.8282208588957055,0.8220858895705522,0.8282208588957055,2,True,False,,f_mmd,test,standardized_l2,3.31848649755426,0.3370939541517092,,True
mfeat-fourier,/home/crc00006699/zh/tabiclv2/data184/mfeat-fourier,multiclass,1600,320,400,76,10,0.9225,0.9218035453250744,0.9225,0.994875,0.2071366989357756,7.205338954925537,1.670074224472046,ok,,1600,1280,0,400,0.2364440038800239,True,0.1,False,8,1e-05,True,7.0205676555633545,full_train_epoch_chunks,full train set chunked per epoch | validation=dataset_val_split | c_selection=f_mmd c_source=test c_metric=standardized_l2 | f_mmd_reserved_context=5% source=test | wise_ft_skipped rows=2000>=2000,30,1,epoch_chunk,accuracy,0.9,0.9,0.9,0.9,0,True,False,,f_mmd,test,standardized_l2,2.268642198833415,0.2528488966253389,,True
mfeat-morphological,/home/crc00006699/zh/tabiclv2/data184/mfeat-morphological,multiclass,1600,320,400,6,10,0.77,0.7613130340480285,0.7699999999999999,0.9739027777777778,0.493622241660583,4.417543649673462,0.4948656558990478,ok,,1600,1280,0,400,0.6470666527748108,True,0.1,False,10,1e-05,True,4.378731489181519,full_train_epoch_chunks,full train set chunked per epoch | validation=dataset_val_split | c_selection=f_mmd c_source=test c_metric=standardized_l2 | f_mmd_reserved_context=5% source=test | wise_ft_skipped rows=2000>=2000,30,1,epoch_chunk,accuracy,0.74375,0.746875,0.74375,0.746875,2,True,False,,f_mmd,test,standardized_l2,3.0462114326407037,0.433867195832736,,True
mfeat-zernike,/home/crc00006699/zh/tabiclv2/data184/mfeat-zernike,multiclass,1600,320,400,47,10,0.915,0.9140314188191012,0.915,0.9943888888888888,0.2148423427847922,13.527483940124512,1.1045358180999756,ok,,1600,1280,0,400,0.1798732578754425,True,0.1,False,19,1e-05,True,13.425430297851562,full_train_epoch_chunks,full train set chunked per epoch | validation=dataset_val_split | c_selection=f_mmd c_source=test c_metric=standardized_l2 | f_mmd_reserved_context=5% source=test | wise_ft_skipped rows=2000>=2000,30,1,epoch_chunk,accuracy,0.871875,0.915625,0.871875,0.915625,11,True,False,,f_mmd,test,standardized_l2,3.202519510756844,0.8268509840926855,,True
microaggregation2,/home/crc00006699/zh/tabiclv2/data184/microaggregation2,multiclass,16000,3200,4000,20,5,0.6465,0.6016808110642354,0.4388237905156689,0.8373060123418888,0.8561849016703806,19.147170066833496,8.306650400161743,ok,,16000,12800,0,4000,0.99214506149292,True,0.1,False,18,1e-05,True,18.90396881103516,full_train_epoch_chunks,full train set chunked per epoch | validation=dataset_val_split | c_selection=f_mmd c_source=test c_metric=standardized_l2 | f_mmd_reserved_context=5% source=test | wise_ft_skipped rows=20000>=2000,30,2,epoch_chunk,accuracy,0.6525,0.6546875,0.6525,0.6546875,1,True,False,,f_mmd,test,standardized_l2,7.863420560447437,5.5370826188273545,,True
mozilla4,/home/crc00006699/zh/tabiclv2/data184/mozilla4,binclass,12436,2488,3109,4,2,0.9485365069154068,0.9480634858534688,0.9332064021334192,0.9792328710862228,0.1557872334354247,24.10252523422241,2.173290967941284,ok,,12436,9948,0,3109,0.1678948849439621,True,0.1,False,19,1e-05,True,24.0380961894989,full_train_epoch_chunks,full train set chunked per epoch | validation=dataset_val_split | c_selection=f_mmd c_source=test c_metric=standardized_l2 | f_mmd_reserved_context=5% source=test | wise_ft_skipped rows=15545>=2000,30,1,epoch_chunk,accuracy,0.9409163987138264,0.9441318327974276,0.9409163987138264,0.9441318327974276,11,True,False,,f_mmd,test,standardized_l2,5.793754919248117,7.383930248487411,,True
okcupid_stem,/home/crc00006699/zh/tabiclv2/data184/okcupid_stem,multiclass,21341,4269,5336,13,3,0.7535607196401799,0.70210987612746,0.5045251533856342,0.8096614030330919,0.5884797617354596,45.50721049308777,11.51309609413147,ok,,21341,17072,0,5336,0.5960845351219177,True,0.1,False,36,1e-05,True,45.22025561332703,full_train_epoch_chunks,full train set chunked per epoch | validation=dataset_val_split | c_selection=f_mmd c_source=test c_metric=standardized_l2 | f_mmd_reserved_context=5% source=test | wise_ft_skipped rows=26677>=2000,30,2,epoch_chunk,accuracy,0.7495900679315999,0.7538065120637152,0.7495900679315999,0.7538065120637152,10,True,False,,f_mmd,test,standardized_l2,3.3498296598062325,0.9194834931701044,,True
optdigits,/home/crc00006699/zh/tabiclv2/data184/optdigits,multiclass,4496,900,1124,64,10,0.998220640569395,0.9982205883039564,0.9982142857142856,0.9999894399079864,0.0091553945041157,20.98748993873596,3.9369494915008554,ok,,4496,3596,0,1124,0.012101833242923,True,0.1,False,17,1e-05,True,20.630663871765137,full_train_epoch_chunks,full train set chunked per epoch | validation=dataset_val_split | c_selection=f_mmd c_source=test c_metric=standardized_l2 | f_mmd_reserved_context=5% source=test | wise_ft_skipped rows=5620>=2000,30,1,epoch_chunk,accuracy,0.9877777777777778,0.99,0.9877777777777778,0.99,9,True,False,,f_mmd,test,standardized_l2,5.620109054672161,7.162230727142715,,True
ozone_level,/home/crc00006699/zh/tabiclv2/data184/ozone_level,binclass,2028,406,508,36,2,0.9763779527559056,0.9705430247513882,0.4969939879759519,0.8247606323758628,0.0886175974241927,8.388133525848389,1.3096377849578855,ok,,2028,1622,0,508,0.0966719947755336,True,0.1,False,11,1e-05,True,8.246417999267578,full_train_epoch_chunks,full train set chunked per epoch | validation=dataset_val_split | c_selection=f_mmd c_source=test c_metric=standardized_l2 | f_mmd_reserved_context=5% source=test | wise_ft_skipped rows=2536>=2000,30,1,epoch_chunk,accuracy,0.9655172413793104,0.9679802955665024,0.9655172413793104,0.9679802955665024,3,True,False,,f_mmd,test,standardized_l2,4.099503720039606,0.2111521155279566,,True
pc1,/home/crc00006699/zh/tabiclv2/data184/pc1,binclass,887,178,222,21,2,0.945945945945946,0.9366302968198704,0.6618357487922705,0.8987117552334944,0.1529498008235578,10.530202627182009,0.8680925369262695,ok,,887,709,0,222,0.1572329998016357,True,0.1,True,24,1e-05,True,10.48113489151001,full_train_epoch_chunks,full train set chunked per epoch | validation=dataset_val_split | c_selection=f_mmd c_source=test c_metric=standardized_l2 | f_mmd_reserved_context=5% source=test | wise_ft=alpha0.1 rows=1109<2000,30,1,epoch_chunk,accuracy,0.9325842696629212,0.9550561797752808,0.9325842696629212,0.9550561797752808,16,True,False,,f_mmd,test,standardized_l2,14.860325326819648,34.44235946504253,,True
pc4,/home/crc00006699/zh/tabiclv2/data184/pc4,binclass,1166,234,292,37,2,0.9075342465753424,0.9045311583625552,0.7562934027777778,0.9619140625,0.1934845804923924,7.5730791091918945,0.6582987308502197,ok,,1166,932,0,292,0.135757215321064,True,0.1,True,14,1e-05,True,7.497757196426392,full_train_epoch_chunks,full train set chunked per epoch | validation=dataset_val_split | c_selection=f_mmd c_source=test c_metric=standardized_l2 | f_mmd_reserved_context=5% source=test | wise_ft=alpha0.1 rows=1458<2000,30,1,epoch_chunk,accuracy,0.9316239316239316,0.9401709401709402,0.9316239316239316,0.9401709401709402,6,True,False,,f_mmd,test,standardized_l2,10.755746728435785,14.540866632121263,,True
phoneme,/home/crc00006699/zh/tabiclv2/data184/phoneme,binclass,4323,865,1081,5,2,0.9074930619796484,0.907407152293268,0.887490296794226,0.9665982625068128,0.2160939186139299,5.421551465988159,0.8089687824249268,ok,,4323,3458,0,1081,0.1971794590353965,True,0.1,False,11,1e-05,True,5.384858131408691,full_train_epoch_chunks,full train set chunked per epoch | validation=dataset_val_split | c_selection=f_mmd c_source=test c_metric=standardized_l2 | f_mmd_reserved_context=5% source=test | wise_ft_skipped rows=5404>=2000,30,1,epoch_chunk,accuracy,0.9271676300578034,0.9283236994219654,0.9271676300578034,0.9283236994219654,3,True,False,,f_mmd,test,standardized_l2,2.928910818679094,0.4359154972984724,,True
predict_students_dropout_and_academic_success,/home/crc00006699/zh/tabiclv2/data184/predict_students_dropout_and_academic_success,multiclass,3539,708,885,34,3,0.7796610169491526,0.7758446015197997,0.709644607926642,0.8933760385177943,0.5561509451095786,12.895498752593994,1.9512310028076167,ok,,3539,2831,0,885,0.5375459790229797,True,0.1,False,16,1e-05,True,12.735185384750366,full_train_epoch_chunks,full train set chunked per epoch | validation=dataset_val_split | c_selection=f_mmd c_source=test c_metric=standardized_l2 | f_mmd_reserved_context=5% source=test | wise_ft_skipped rows=4424>=2000,30,1,epoch_chunk,accuracy,0.807909604519774,0.8121468926553672,0.807909604519774,0.8121468926553672,8,True,False,,f_mmd,test,standardized_l2,3.729705293545763,0.933365176443964,,True
ringnorm,/home/crc00006699/zh/tabiclv2/data184/ringnorm,binclass,5920,1184,1480,20,2,0.979054054054054,0.9790506964596818,0.9789690823320568,0.9971436450668524,0.0603754318387157,12.323957681655884,2.495413303375244,ok,,5920,4736,0,1480,0.0487928465008735,True,0.1,False,13,1e-05,True,12.213803052902222,full_train_epoch_chunks,full train set chunked per epoch | validation=dataset_val_split | c_selection=f_mmd c_source=test c_metric=standardized_l2 | f_mmd_reserved_context=5% source=test | wise_ft_skipped rows=7400>=2000,30,1,epoch_chunk,accuracy,0.981418918918919,0.9822635135135136,0.981418918918919,0.9822635135135136,5,True,False,,f_mmd,test,standardized_l2,2.910172080710768,0.308044270971072,,True
satimage,/home/crc00006699/zh/tabiclv2/data184/satimage,multiclass,5144,1029,1286,36,6,0.9463452566096424,0.9455248730104552,0.9316393408523488,0.9969408319652246,0.1304387797644586,17.632140636444092,2.6353626251220703,ok,,5144,4115,0,1286,0.1303530782461166,True,0.1,False,17,1e-05,True,17.4649875164032,full_train_epoch_chunks,full train set chunked per epoch | validation=dataset_val_split | c_selection=f_mmd c_source=test c_metric=standardized_l2 | f_mmd_reserved_context=5% source=test | wise_ft_skipped rows=6430>=2000,30,1,epoch_chunk,accuracy,0.933916423712342,0.9416909620991254,0.933916423712342,0.9416909620991254,9,True,False,,f_mmd,test,standardized_l2,4.555489347715732,0.7999410967399555,,True
seismic+bumps,/home/crc00006699/zh/tabiclv2/data184/seismic+bumps,binclass,2067,414,517,18,2,0.9342359767891684,0.9024719535783364,0.5,0.7119717452198271,0.2341891801819927,5.54639196395874,0.732616662979126,ok,,2067,1653,0,517,0.1768590658903122,True,0.1,False,13,1e-05,True,5.491743087768555,full_train_epoch_chunks,full train set chunked per epoch | validation=dataset_val_split | c_selection=f_mmd c_source=test c_metric=standardized_l2 | f_mmd_reserved_context=5% source=test | wise_ft_skipped rows=2584>=2000,30,1,epoch_chunk,accuracy,0.9347826086956522,0.9371980676328504,0.9347826086956522,0.9371980676328504,5,True,False,,f_mmd,test,standardized_l2,6.747150619687726,8.626049890033743,,True
shill-bidding,/home/crc00006699/zh/tabiclv2/data184/shill-bidding,binclass,5056,1012,1265,3,2,0.9098814229249012,0.8867610212839742,0.6016475433951162,0.9015251812030276,0.2108077943204107,4.146347761154175,0.5264403820037842,ok,,5056,4044,0,1265,0.2249982208013534,True,0.1,False,8,1e-05,True,4.113495588302612,full_train_epoch_chunks,full train set chunked per epoch | validation=dataset_val_split | c_selection=f_mmd c_source=test c_metric=standardized_l2 | f_mmd_reserved_context=5% source=test | wise_ft_skipped rows=6321>=2000,30,1,epoch_chunk,accuracy,0.8903162055335968,0.8903162055335968,0.8903162055335968,0.8903162055335968,0,True,False,,f_mmd,test,standardized_l2,2.25877517589016,0.3121716527232513,,True
shuttle,/home/crc00006699/zh/tabiclv2/data184/shuttle,multiclass,46400,9280,11600,9,7,0.999396551724138,0.9993932663810164,0.9239592152417748,0.9999966826010384,0.0010681538791151,61.984436988830566,39.75461745262146,ok,,46400,37120,0,11600,0.00075251434464,True,0.1,False,48,1e-05,True,61.631001472473145,full_train_epoch_chunks,full train set chunked per epoch | validation=dataset_val_split | c_selection=f_mmd c_source=test c_metric=standardized_l2 | f_mmd_reserved_context=5% source=test | wise_ft_skipped rows=58000>=2000,30,4,epoch_chunk,accuracy,0.9997844827586206,0.9998922413793104,0.9997844827586206,0.9998922413793104,4,True,False,,f_mmd,test,standardized_l2,11.55971467161763,63.311072849521786,,True
splice,/home/crc00006699/zh/tabiclv2/data184/splice,multiclass,2552,511,638,60,3,0.9608150470219436,0.9607765132232094,0.9538905861102412,0.9968759970843348,0.0963025775938098,11.543942928314207,2.4165308475494385,ok,,2552,2041,0,638,0.1089550293982029,True,0.1,False,11,1e-05,True,11.329538583755491,full_train_epoch_chunks,full train set chunked per epoch | validation=dataset_val_split | c_selection=f_mmd c_source=test c_metric=standardized_l2 | f_mmd_reserved_context=5% source=test | wise_ft_skipped rows=3190>=2000,30,1,epoch_chunk,accuracy,0.9686888454011742,0.9726027397260274,0.9686888454011742,0.9726027397260274,3,True,False,,f_mmd,test,standardized_l2,1.7497194576964892,0.0843661839327511,,True
statlog,/home/crc00006699/zh/tabiclv2/data184/statlog,binclass,800,160,200,20,2,0.73,0.7165280665280664,0.6404761904761905,0.7596428571428571,0.5215024088648247,7.387887716293335,0.8190898895263672,ok,,800,640,0,200,0.4554941654205322,True,0.1,True,16,1e-05,True,7.33228611946106,full_train_epoch_chunks,full train set chunked per epoch | validation=dataset_val_split | c_selection=f_mmd c_source=test c_metric=standardized_l2 | f_mmd_reserved_context=5% source=test | wise_ft=alpha0.1 rows=1000<2000,30,1,epoch_chunk,accuracy,0.775,0.7875,0.775,0.7875,8,True,False,,f_mmd,test,standardized_l2,2.655811727331586,0.4089732914725988,,True
svmguide3,/home/crc00006699/zh/tabiclv2/data184/svmguide3,binclass,994,199,249,22,2,0.891566265060241,0.8809269532161098,0.7754934210526316,0.929002192982456,0.2743492106446852,4.793735265731812,0.9727606773376464,ok,,994,795,0,249,0.2840933501720428,True,0.1,True,8,1e-05,True,4.726071834564209,full_train_epoch_chunks,full train set chunked per epoch | validation=dataset_val_split | c_selection=f_mmd c_source=test c_metric=standardized_l2 | f_mmd_reserved_context=5% source=test | wise_ft=alpha0.1 rows=1243<2000,30,1,epoch_chunk,accuracy,0.8592964824120602,0.8592964824120602,0.8592964824120602,0.8592964824120602,0,True,False,,f_mmd,test,standardized_l2,6.847694175573601,3.0258432213239064,,True
taiwanese_bankruptcy_prediction,/home/crc00006699/zh/tabiclv2/data184/taiwanese_bankruptcy_prediction,binclass,5455,1091,1364,95,2,0.9721407624633432,0.9657864616079058,0.6231060606060606,0.9294077134986226,0.0880882173262505,16.17488718032837,6.152897596359253,ok,,5455,4364,0,1364,0.074836429208517,True,0.1,False,8,1e-05,True,15.740986824035645,full_train_epoch_chunks,full train set chunked per epoch | validation=dataset_val_split | c_selection=f_mmd c_source=test c_metric=standardized_l2 | f_mmd_reserved_context=5% source=test | wise_ft_skipped rows=6819>=2000,30,1,epoch_chunk,accuracy,0.9688359303391384,0.9688359303391384,0.9688359303391384,0.9688359303391384,0,True,False,,f_mmd,test,standardized_l2,2.3426401043571967e+36,0.0,,True
thyroid,/home/crc00006699/zh/tabiclv2/data184/thyroid,multiclass,5760,1152,1440,21,3,0.9958333333333332,0.995835174762004,0.9745432877465886,0.9998229517170144,0.0114945218358557,9.707452535629272,2.771946907043457,ok,,5760,4608,0,1440,0.0075705610215663,True,0.1,False,11,1e-05,True,9.613504648208618,full_train_epoch_chunks,full train set chunked per epoch | validation=dataset_val_split | c_selection=f_mmd c_source=test c_metric=standardized_l2 | f_mmd_reserved_context=5% source=test | wise_ft_skipped rows=7200>=2000,30,1,epoch_chunk,accuracy,0.9921875,0.9930555555555556,0.9921875,0.9930555555555556,3,True,False,,f_mmd,test,standardized_l2,7.464379646719951,14.682271159391098,,True
thyroid-dis,/home/crc00006699/zh/tabiclv2/data184/thyroid-dis,multiclass,2240,448,560,26,5,0.7053571428571429,0.6869236363042128,0.4175686087612693,0.8838692202794846,0.6942180936415578,7.0835065841674805,1.2277781963348389,ok,,2240,1792,0,560,0.7664737701416016,True,0.1,False,11,1e-05,True,6.992173194885254,full_train_epoch_chunks,full train set chunked per epoch | validation=dataset_val_split | c_selection=f_mmd c_source=test c_metric=standardized_l2 | f_mmd_reserved_context=5% source=test | wise_ft_skipped rows=2800>=2000,30,1,epoch_chunk,accuracy,0.7455357142857143,0.7477678571428571,0.7455357142857143,0.7477678571428571,3,True,False,,f_mmd,test,standardized_l2,6.195405562608932,7.622980425489233,,True
twonorm,/home/crc00006699/zh/tabiclv2/data184/twonorm,binclass,5920,1184,1480,20,2,0.9777027027027028,0.9777025500087502,0.9777072273689325,0.9985390769522954,0.051430564132052,19.8485906124115,2.343191146850586,ok,,5920,4736,0,1480,0.0486393701285123,True,0.1,False,24,1e-05,True,19.73834013938904,full_train_epoch_chunks,full train set chunked per epoch | validation=dataset_val_split | c_selection=f_mmd c_source=test c_metric=standardized_l2 | f_mmd_reserved_context=5% source=test | wise_ft_skipped rows=7400>=2000,30,1,epoch_chunk,accuracy,0.9746621621621622,0.9788851351351352,0.9746621621621622,0.9788851351351352,16,True,False,,f_mmd,test,standardized_l2,2.010415977595797,0.1768086833596395,,True
wall-robot-navigation,/home/crc00006699/zh/tabiclv2/data184/wall-robot-navigation,multiclass,4364,873,1092,24,4,0.9954212454212454,0.995429875703296,0.9938878581735724,0.9999604599972972,0.0126560396311934,13.338669061660768,1.8283109664916992,ok,,4364,3491,0,1092,0.0128973196260631,True,0.1,False,18,1e-05,True,13.230611085891724,full_train_epoch_chunks,full train set chunked per epoch | validation=dataset_val_split | c_selection=f_mmd c_source=test c_metric=standardized_l2 | f_mmd_reserved_context=5% source=test | wise_ft_skipped rows=5456>=2000,30,1,epoch_chunk,accuracy,0.986254295532646,0.9885452462772052,0.986254295532646,0.9885452462772052,10,True,False,,f_mmd,test,standardized_l2,2.6606727022199435,0.2898729817095851,,True
waveform-5000,/home/crc00006699/zh/tabiclv2/data184/waveform-5000,multiclass,4000,800,1000,40,3,0.869,0.8689500176232712,0.8691193383268679,0.9782996881087273,0.2586664889354514,12.763800859451294,2.367943286895752,ok,,4000,3200,0,1000,0.242681972682476,True,0.1,False,12,1e-05,True,12.618206977844238,full_train_epoch_chunks,full train set chunked per epoch | validation=dataset_val_split | c_selection=f_mmd c_source=test c_metric=standardized_l2 | f_mmd_reserved_context=5% source=test | wise_ft_skipped rows=5000>=2000,30,1,epoch_chunk,accuracy,0.87,0.875,0.87,0.875,4,True,False,,f_mmd,test,standardized_l2,1.8460368858891767,0.1047188180328338,,True
website_phishing,/home/crc00006699/zh/tabiclv2/data184/website_phishing,multiclass,1082,217,271,9,3,0.922509225092251,0.9228747867522754,0.9293650793650792,0.9795368343718824,0.2389949443937544,6.46333384513855,0.3837339878082275,ok,,1082,865,0,271,0.2388897836208343,True,0.1,True,14,1e-05,True,6.429082155227661,full_train_epoch_chunks,full train set chunked per epoch | validation=dataset_val_split | c_selection=f_mmd c_source=test c_metric=standardized_l2 | f_mmd_reserved_context=5% source=test | wise_ft=alpha0.1 rows=1353<2000,30,1,epoch_chunk,accuracy,0.9216589861751152,0.9262672811059908,0.9216589861751152,0.9262672811059908,6,True,False,,f_mmd,test,standardized_l2,2.228709432720395,0.1456178526680022,,True
wine-quality-red,/home/crc00006699/zh/tabiclv2/data184/wine-quality-red,multiclass,1279,256,320,4,6,0.675,0.6571890214573142,0.3334405637254902,0.8532153835819095,0.8150775959578732,4.488105058670044,0.4031610488891601,ok,,1279,1023,0,320,0.8172897696495056,True,0.1,True,13,1e-05,True,4.465917587280273,full_train_epoch_chunks,full train set chunked per epoch | validation=dataset_val_split | c_selection=f_mmd c_source=test c_metric=standardized_l2 | f_mmd_reserved_context=5% source=test | wise_ft=alpha0.1 rows=1599<2000,30,1,epoch_chunk,accuracy,0.63671875,0.65234375,0.63671875,0.65234375,5,True,False,,f_mmd,test,standardized_l2,5.675454936648055,3.4541213897577627,,True
yeast,/home/crc00006699/zh/tabiclv2/data184/yeast,multiclass,1187,238,297,8,10,0.6296296296296297,0.6226849468276647,0.5795627499561965,0.8834114130691575,0.9754397889630636,7.568869829177856,0.405207872390747,ok,,1187,949,0,297,0.9327805042266846,True,0.1,True,23,1e-05,True,7.536027431488037,full_train_epoch_chunks,full train set chunked per epoch | validation=dataset_val_split | c_selection=f_mmd c_source=test c_metric=standardized_l2 | f_mmd_reserved_context=5% source=test | wise_ft=alpha0.1 rows=1484<2000,30,1,epoch_chunk,accuracy,0.5630252100840336,0.5756302521008403,0.5630252100840336,0.5756302521008403,15,True,False,,f_mmd,test,standardized_l2,7.800838008177281,5.427600619554637,,True
