dataset_name,dataset_dir,task_type,n_train,n_val,n_test,n_features,n_classes,accuracy,f1,balanced_accuracy,roc_auc,log_loss,fit_seconds,predict_seconds,status,error,n_train_a,n_train_b,n_holdout_c,n_test_d,ttt_loss,ttt_steps,ttt_lr,ttt_applied,ttt_update_seconds,ttt_split_strategy,ttt_split_reason,ttt_epochs,ttt_chunks_per_epoch,ttt_batch_mode,ttt_val_eval_metric,ttt_val_baseline_metric,ttt_val_best_metric,ttt_val_baseline_accuracy,ttt_val_best_accuracy,ttt_best_epoch,ttt_stopped_early,ttt_oom_fallback,ttt_fallback_reason,peft_method,peft_targets,peft_trainable_params,peft_trainable_ratio,peft_rank,model_family
Amazon_employee_access,/home/crc00006699/zh/tabiclv2/data184/Amazon_employee_access,binclass,26215,5243,6554,7,2,0.9449191333536772,0.9303561601436307,0.580708021321825,0.8358501490177647,0.165821083639346,60.12035346031189,12.755859136581421,ok,,26215,20972,0,6554,0.18565168231725693,63,1e-05,True,59.8903226852417,full_train_epoch_chunks,full train set chunked per epoch | validation=dataset_val_split,30,3,epoch_chunk,accuracy,0.9490749570856379,0.950028609574671,0.9490749570856379,0.950028609574671,13,True,False,,lora,"col,row,icl",411712,0.01472294527565292,4,tabiclv2
BLE_RSSI_dataset_for_Indoor_localization,/home/crc00006699/zh/tabiclv2/data184/BLE_RSSI_dataset_for_Indoor_localization,multiclass,7987,1598,1997,3,3,0.7351026539809714,0.7346032156885077,0.7341204857086395,0.9030193642303451,0.5853536987732534,12.865544080734253,1.356496810913086,ok,,7987,6389,0,1997,0.612763375043869,19,1e-05,True,12.829782962799072,full_train_epoch_chunks,full train set chunked per epoch | validation=dataset_val_split,30,1,epoch_chunk,accuracy,0.7509386733416771,0.753441802252816,0.7509386733416771,0.753441802252816,11,True,False,,lora,"col,row,icl",411712,0.01472294527565292,4,tabiclv2
BNG(breast-w),/home/crc00006699/zh/tabiclv2/data184/BNG(breast-w),binclass,31492,6299,7874,9,2,0.9880619761239523,0.9880774596607574,0.9880918254272,0.9990903006256797,0.03429511706969288,47.52448558807373,20.580612659454346,ok,,31492,25193,0,7874,0.04319358803331852,45,1e-05,True,47.26388120651245,full_train_epoch_chunks,full train set chunked per epoch | validation=dataset_val_split,30,3,epoch_chunk,accuracy,0.9866645499285601,0.9872995713605334,0.9866645499285601,0.9872995713605334,7,True,False,,lora,"col,row,icl",411712,0.01472294527565292,4,tabiclv2
BNG(cmc),/home/crc00006699/zh/tabiclv2/data184/BNG(cmc),multiclass,44236,8848,11060,9,3,0.5877034358047016,0.5863300007958663,0.5688607960217161,0.7646991334405436,0.8750926229510356,75.66740775108337,36.83501100540161,ok,,44236,35388,0,11060,0.9084772169589996,64,1e-05,True,75.26598405838013,full_train_epoch_chunks,full train set chunked per epoch | validation=dataset_val_split,30,4,epoch_chunk,accuracy,0.5762884267631103,0.5777576853526221,0.5762884267631103,0.5777576853526221,8,True,False,,lora,"col,row,icl",411712,0.01472294527565292,4,tabiclv2
BNG(tic-tac-toe),/home/crc00006699/zh/tabiclv2/data184/BNG(tic-tac-toe),binclass,31492,6299,7874,9,2,0.8147066294132588,0.8126935701163973,0.7858633516182831,0.8828008805188027,0.4067124013336512,27.294334888458252,20.531416654586792,ok,,31492,25193,0,7874,0.43672652542591095,24,1e-05,True,26.964378595352173,full_train_epoch_chunks,full train set chunked per epoch | validation=dataset_val_split,30,3,epoch_chunk,accuracy,0.8096523257659946,0.8096523257659946,0.8096523257659946,0.8096523257659946,0,True,False,,lora,"col,row,icl",411712,0.01472294527565292,4,tabiclv2
Bank_Customer_Churn_Dataset,/home/crc00006699/zh/tabiclv2/data184/Bank_Customer_Churn_Dataset,binclass,8000,1600,2000,10,2,0.875,0.8648358896033153,0.7440938627379305,0.8819736531600938,0.313754796589385,7.714803218841553,2.8107285499572754,ok,,8000,6400,0,2000,0.33943071961402893,8,1e-05,True,7.624145746231079,full_train_epoch_chunks,full train set chunked per epoch | validation=dataset_val_split,30,1,epoch_chunk,accuracy,0.861875,0.861875,0.861875,0.861875,0,True,False,,lora,"col,row,icl",411712,0.01472294527565292,4,tabiclv2
Basketball_c,/home/crc00006699/zh/tabiclv2/data184/Basketball_c,binclass,1072,215,268,11,2,0.7014925373134329,0.6996191714905836,0.6777699031419797,0.7436806047720291,0.578142398832161,3.566418170928955,0.3994479179382324,ok,,1072,857,0,268,0.5347382128238678,8,1e-05,True,3.531824827194214,full_train_epoch_chunks,full train set chunked per epoch | validation=dataset_val_split,30,1,epoch_chunk,accuracy,0.7581395348837209,0.7581395348837209,0.7581395348837209,0.7581395348837209,0,True,False,,lora,"col,row,icl",411712,0.01472294527565292,4,tabiclv2
California-Housing-Classification,/home/crc00006699/zh/tabiclv2/data184/California-Housing-Classification,binclass,16512,3303,4128,8,2,0.9222383720930233,0.9222382123747346,0.9222391754174496,0.9796538574843987,0.18346943527966478,17.262107849121094,7.200579643249512,ok,,16512,13209,0,4128,0.21215708553791046,20,1e-05,True,17.121092557907104,full_train_epoch_chunks,full train set chunked per epoch | validation=dataset_val_split,30,2,epoch_chunk,accuracy,0.9182561307901907,0.9197699061459279,0.9182561307901907,0.9197699061459279,2,True,False,,lora,"col,row,icl",411712,0.01472294527565292,4,tabiclv2
Cardiovascular-Disease-dataset,/home/crc00006699/zh/tabiclv2/data184/Cardiovascular-Disease-dataset,binclass,56000,11200,14000,11,2,0.7342142857142857,0.733920766192104,0.7341953825944106,0.8015808025569968,0.5423542210938275,134.42422556877136,58.0918984413147,ok,,56000,44800,0,14000,0.560018390417099,105,1e-05,True,133.92109727859497,full_train_epoch_chunks,full train set chunked per epoch | validation=dataset_val_split,30,5,epoch_chunk,accuracy,0.7323214285714286,0.7347321428571428,0.7323214285714286,0.7347321428571428,13,True,False,,lora,"col,row,icl",411712,0.01472294527565292,4,tabiclv2
Click_prediction_small,/home/crc00006699/zh/tabiclv2/data184/Click_prediction_small,binclass,31958,6392,7990,3,2,0.8331664580725907,0.7614687906923444,0.5080874900367043,0.5502956895942489,0.4588764799912411,36.02772355079651,7.310715436935425,ok,,31958,25566,0,7990,0.6681482046842575,39,1e-05,True,35.93586254119873,full_train_epoch_chunks,full train set chunked per epoch | validation=dataset_val_split,30,3,epoch_chunk,accuracy,0.8322903629536921,0.8324468085106383,0.8322903629536921,0.8324468085106383,5,True,False,,lora,"col,row,icl",411712,0.01472294527565292,4,tabiclv2
Contaminant-detection-in-packaged-cocoa-hazelnut-spread-jars-using-Microwaves-Sensing-and-Machine-Learning-10.0GHz(Urbinati),/home/crc00006699/zh/tabiclv2/data184/Contaminant-detection-in-packaged-cocoa-hazelnut-spread-jars-using-Microwaves-Sensing-and-Machine-Learning-10.0GHz(Urbinati),binclass,1920,384,480,30,2,0.9770833333333333,0.97708960094233,0.9776835372636263,0.9959156006674083,0.06689297960590615,7.842043399810791,0.8972384929656982,ok,,1920,1536,0,480,0.13091295212507248,14,1e-05,True,7.763343334197998,full_train_epoch_chunks,full train set chunked per epoch | validation=dataset_val_split,30,1,epoch_chunk,accuracy,0.9661458333333334,0.96875,0.9661458333333334,0.96875,6,True,False,,lora,"col,row,icl",411712,0.01472294527565292,4,tabiclv2
Contaminant-detection-in-packaged-cocoa-hazelnut-spread-jars-using-Microwaves-Sensing-and-Machine-Learning-10.5GHz(Urbinati),/home/crc00006699/zh/tabiclv2/data184/Contaminant-detection-in-packaged-cocoa-hazelnut-spread-jars-using-Microwaves-Sensing-and-Machine-Learning-10.5GHz(Urbinati),binclass,1920,384,480,30,2,0.9833333333333333,0.9833353605208134,0.9834538375973303,0.9974624582869854,0.0535423690728225,5.796762228012085,0.91204833984375,ok,,1920,1536,0,480,0.16216493397951126,10,1e-05,True,5.723311901092529,full_train_epoch_chunks,full train set chunked per epoch | validation=dataset_val_split,30,1,epoch_chunk,accuracy,0.9635416666666666,0.9661458333333334,0.9635416666666666,0.9661458333333334,2,True,False,,lora,"col,row,icl",411712,0.01472294527565292,4,tabiclv2
Contaminant-detection-in-packaged-cocoa-hazelnut-spread-jars-using-Microwaves-Sensing-and-Machine-Learning-11.0GHz(Urbinati),/home/crc00006699/zh/tabiclv2/data184/Contaminant-detection-in-packaged-cocoa-hazelnut-spread-jars-using-Microwaves-Sensing-and-Machine-Learning-11.0GHz(Urbinati),binclass,1920,384,480,30,2,0.9625,0.9625097671511172,0.9631535038932146,0.9923873748609566,0.10971898676079954,4.65070915222168,0.9087836742401123,ok,,1920,1536,0,480,0.09770801290869713,8,1e-05,True,4.577610492706299,full_train_epoch_chunks,full train set chunked per epoch | validation=dataset_val_split,30,1,epoch_chunk,accuracy,0.96875,0.96875,0.96875,0.96875,0,True,False,,lora,"col,row,icl",411712,0.01472294527565292,4,tabiclv2
Contaminant-detection-in-packaged-cocoa-hazelnut-spread-jars-using-Microwaves-Sensing-and-Machine-Learning-9.0GHz(Urbinati),/home/crc00006699/zh/tabiclv2/data184/Contaminant-detection-in-packaged-cocoa-hazelnut-spread-jars-using-Microwaves-Sensing-and-Machine-Learning-9.0GHz(Urbinati),binclass,1920,384,480,30,2,0.9708333333333333,0.9708409321175279,0.9712180200222469,0.9954115684093437,0.08683862072752238,4.638263940811157,0.9007580280303955,ok,,1920,1536,0,480,0.07881489396095276,8,1e-05,True,4.562122106552124,full_train_epoch_chunks,full train set chunked per epoch | validation=dataset_val_split,30,1,epoch_chunk,accuracy,0.9609375,0.9609375,0.9609375,0.9609375,0,True,False,,lora,"col,row,icl",411712,0.01472294527565292,4,tabiclv2
Contaminant-detection-in-packaged-cocoa-hazelnut-spread-jars-using-Microwaves-Sensing-and-Machine-Learning-9.5GHz(Urbinati),/home/crc00006699/zh/tabiclv2/data184/Contaminant-detection-in-packaged-cocoa-hazelnut-spread-jars-using-Microwaves-Sensing-and-Machine-Learning-9.5GHz(Urbinati),binclass,1920,384,480,30,2,0.9666666666666667,0.9666753509914604,0.9670467185761957,0.9932216351501668,0.10028363013141509,4.724931955337524,0.9317569732666016,ok,,1920,1536,0,480,0.08964205533266068,8,1e-05,True,4.650953769683838,full_train_epoch_chunks,full train set chunked per epoch | validation=dataset_val_split,30,1,epoch_chunk,accuracy,0.953125,0.953125,0.953125,0.953125,0,True,False,,lora,"col,row,icl",411712,0.01472294527565292,4,tabiclv2
Credit_c,/home/crc00006699/zh/tabiclv2/data184/Credit_c,multiclass,80000,16000,20000,22,3,0.8208,0.8207791064971807,0.8306142040798932,0.9320291878316119,0.41983746611024636,365.8256106376648,117.81026244163513,ok,,80000,64000,0,20000,0.7163050174713135,210,1e-05,True,364.3459720611572,full_train_epoch_chunks,full train set chunked per epoch | validation=dataset_val_split,30,7,epoch_chunk,accuracy,0.812875,0.8178125,0.812875,0.8178125,27,False,False,,lora,"col,row,icl",411712,0.01472294527565292,4,tabiclv2
Customer_Personality_Analysis,/home/crc00006699/zh/tabiclv2/data184/Customer_Personality_Analysis,binclass,1792,359,448,24,2,0.890625,0.8819285508425728,0.7204332667371802,0.9132487170446978,0.24365334366666874,4.556264877319336,0.8184247016906738,ok,,1792,1433,0,448,0.2826792895793915,8,1e-05,True,4.488941431045532,full_train_epoch_chunks,full train set chunked per epoch | validation=dataset_val_split,30,1,epoch_chunk,accuracy,0.8913649025069638,0.8913649025069638,0.8913649025069638,0.8913649025069638,0,True,False,,lora,"col,row,icl",411712,0.01472294527565292,4,tabiclv2
Diabetic_Retinopathy_Debrecen,/home/crc00006699/zh/tabiclv2/data184/Diabetic_Retinopathy_Debrecen,binclass,920,184,231,19,2,0.7402597402597403,0.739887282528792,0.7380307136404698,0.838452273411623,0.48828658767779726,3.733738660812378,0.9135277271270752,ok,,920,736,0,231,0.4284261167049408,8,1e-05,True,3.688292980194092,full_train_epoch_chunks,full train set chunked per epoch | validation=dataset_val_split,30,1,epoch_chunk,accuracy,0.7445652173913043,0.7445652173913043,0.7445652173913043,0.7445652173913043,0,True,False,,lora,"col,row,icl",411712,0.01472294527565292,4,tabiclv2
E-CommereShippingData,/home/crc00006699/zh/tabiclv2/data184/E-CommereShippingData,binclass,8799,1760,2200,10,2,0.6768181818181818,0.6648051343994581,0.7268684244194084,0.7301802029999201,0.5037116765999214,10.05155348777771,3.095108985900879,ok,,8799,7039,0,2200,0.49863341450691223,10,1e-05,True,9.958502531051636,full_train_epoch_chunks,full train set chunked per epoch | validation=dataset_val_split,30,1,epoch_chunk,accuracy,0.6823863636363636,0.6829545454545455,0.6823863636363636,0.6829545454545455,2,True,False,,lora,"col,row,icl",411712,0.01472294527565292,4,tabiclv2
Employee,/home/crc00006699/zh/tabiclv2/data184/Employee,binclass,3722,745,931,8,2,0.8603651987110634,0.8533323103677561,0.8102700490998364,0.8782886661211129,0.3551362759250647,4.453334808349609,1.1054880619049072,ok,,3722,2977,0,931,0.3551541119813919,8,1e-05,True,4.402485609054565,full_train_epoch_chunks,full train set chunked per epoch | validation=dataset_val_split,30,1,epoch_chunk,accuracy,0.8523489932885906,0.8523489932885906,0.8523489932885906,0.8523489932885906,0,True,False,,lora,"col,row,icl",411712,0.01472294527565292,4,tabiclv2
FICO-HELOC-cleaned,/home/crc00006699/zh/tabiclv2/data184/FICO-HELOC-cleaned,binclass,7896,1580,1975,23,2,0.7549367088607595,0.7546711509554379,0.7537749764770173,0.826429663200194,0.5123968160451603,19.10112190246582,3.4997799396514893,ok,,7896,6316,0,1975,0.5536311566829681,16,1e-05,True,18.92720937728882,full_train_epoch_chunks,full train set chunked per epoch | validation=dataset_val_split,30,1,epoch_chunk,accuracy,0.7487341772151899,0.7525316455696203,0.7487341772151899,0.7525316455696203,8,True,False,,lora,"col,row,icl",411712,0.01472294527565292,4,tabiclv2
FOREX_audcad-day-High,/home/crc00006699/zh/tabiclv2/data184/FOREX_audcad-day-High,binclass,1467,294,367,10,2,0.7465940054495913,0.7464998647714711,0.7463613140854275,0.8322640052278262,0.5059940098722536,7.290156364440918,0.4592006206512451,ok,,1467,1173,0,367,0.5650033056735992,18,1e-05,True,7.255342960357666,full_train_epoch_chunks,full train set chunked per epoch | validation=dataset_val_split,30,1,epoch_chunk,accuracy,0.7108843537414966,0.7210884353741497,0.7108843537414966,0.7210884353741497,10,True,False,,lora,"col,row,icl",411712,0.01472294527565292,4,tabiclv2
FOREX_audcad-hour-High,/home/crc00006699/zh/tabiclv2/data184/FOREX_audcad-hour-High,binclass,35060,7012,8765,10,2,0.7176269252709641,0.7174904064850366,0.7170390938016322,0.7895657191525871,0.5528700000474148,46.74177575111389,24.63842248916626,ok,,35060,28048,0,8765,0.5542917549610138,39,1e-05,True,46.43770933151245,full_train_epoch_chunks,full train set chunked per epoch | validation=dataset_val_split,30,3,epoch_chunk,accuracy,0.7154877353108956,0.7176269252709641,0.7154877353108956,0.7176269252709641,5,True,False,,lora,"col,row,icl",411712,0.01472294527565292,4,tabiclv2
FOREX_audchf-day-High,/home/crc00006699/zh/tabiclv2/data184/FOREX_audchf-day-High,binclass,1466,294,367,10,2,0.7493188010899182,0.749274129655601,0.7495692984019486,0.8397344501871324,0.4966210351868905,5.590092658996582,0.45548176765441895,ok,,1466,1172,0,367,0.5182172060012817,13,1e-05,True,5.55315899848938,full_train_epoch_chunks,full train set chunked per epoch | validation=dataset_val_split,30,1,epoch_chunk,accuracy,0.7108843537414966,0.7210884353741497,0.7108843537414966,0.7210884353741497,5,True,False,,lora,"col,row,icl",411712,0.01472294527565292,4,tabiclv2
FOREX_audjpy-day-High,/home/crc00006699/zh/tabiclv2/data184/FOREX_audjpy-day-High,binclass,1465,293,367,10,2,0.7874659400544959,0.7871334795888758,0.7864574044349325,0.8558349681945187,0.47470101218169825,4.936214208602905,0.4500255584716797,ok,,1465,1172,0,367,0.5719625055789948,12,1e-05,True,4.903301239013672,full_train_epoch_chunks,full train set chunked per epoch | validation=dataset_val_split,30,1,epoch_chunk,accuracy,0.7508532423208191,0.757679180887372,0.7508532423208191,0.757679180887372,4,True,False,,lora,"col,row,icl",411712,0.01472294527565292,4,tabiclv2
FOREX_audjpy-hour-High,/home/crc00006699/zh/tabiclv2/data184/FOREX_audjpy-hour-High,binclass,35060,7012,8765,10,2,0.7207073588134626,0.7206730014460394,0.7203460271590818,0.8001939547284712,0.5410284842646119,33.09104132652283,24.65378451347351,ok,,35060,28048,0,8765,0.569896936416626,27,1e-05,True,32.81773829460144,full_train_epoch_chunks,full train set chunked per epoch | validation=dataset_val_split,30,3,epoch_chunk,accuracy,0.7183399885909869,0.7191956645750143,0.7183399885909869,0.7191956645750143,1,True,False,,lora,"col,row,icl",411712,0.01472294527565292,4,tabiclv2
FOREX_audsgd-hour-High,/home/crc00006699/zh/tabiclv2/data184/FOREX_audsgd-hour-High,binclass,35060,7012,8765,10,2,0.7113519680547633,0.7113807296171079,0.7112144347836238,0.7871927700596826,0.5541396789529495,66.60135221481323,24.723687171936035,ok,,35060,28048,0,8765,0.589106559753418,54,1e-05,True,66.26247262954712,full_train_epoch_chunks,full train set chunked per epoch | validation=dataset_val_split,30,3,epoch_chunk,accuracy,0.7007986309184255,0.7160581859669138,0.7007986309184255,0.7160581859669138,10,True,False,,lora,"col,row,icl",411712,0.01472294527565292,4,tabiclv2
FOREX_audusd-hour-High,/home/crc00006699/zh/tabiclv2/data184/FOREX_audusd-hour-High,binclass,35060,7012,8765,10,2,0.7072447233314318,0.7072285992736778,0.7061604320734987,0.7858629875825057,0.5549250111722397,41.242897033691406,24.726593017578125,ok,,35060,28048,0,8765,0.5714841187000275,33,1e-05,True,40.915576457977295,full_train_epoch_chunks,full train set chunked per epoch | validation=dataset_val_split,30,3,epoch_chunk,accuracy,0.7102110667427267,0.7109241300627496,0.7102110667427267,0.7109241300627496,3,True,False,,lora,"col,row,icl",411712,0.01472294527565292,4,tabiclv2
FOREX_cadjpy-day-High,/home/crc00006699/zh/tabiclv2/data184/FOREX_cadjpy-day-High,binclass,1467,294,367,10,2,0.7275204359673024,0.7272531562094675,0.727607507721549,0.7930921834164885,0.553130949246042,3.6754448413848877,0.47516822814941406,ok,,1467,1173,0,367,0.5688356459140778,8,1e-05,True,3.6414310932159424,full_train_epoch_chunks,full train set chunked per epoch | validation=dataset_val_split,30,1,epoch_chunk,accuracy,0.7006802721088435,0.7006802721088435,0.7006802721088435,0.7006802721088435,0,True,False,,lora,"col,row,icl",411712,0.01472294527565292,4,tabiclv2
FOREX_cadjpy-hour-High,/home/crc00006699/zh/tabiclv2/data184/FOREX_cadjpy-hour-High,binclass,35060,7012,8765,10,2,0.7163719338277239,0.7163787425889976,0.7160342603676586,0.7906520728435799,0.5531183582953845,70.84796380996704,24.774946212768555,ok,,35060,28048,0,8765,0.55133455991745,60,1e-05,True,70.56232285499573,full_train_epoch_chunks,full train set chunked per epoch | validation=dataset_val_split,30,3,epoch_chunk,accuracy,0.7139189960068454,0.7180547632629778,0.7139189960068454,0.7180547632629778,12,True,False,,lora,"col,row,icl",411712,0.01472294527565292,4,tabiclv2
Firm-Teacher_Clave-Direction_Classification,/home/crc00006699/zh/tabiclv2/data184/Firm-Teacher_Clave-Direction_Classification,multiclass,8640,1728,2160,16,4,0.8796296296296297,0.8777261779131685,0.7968285016786067,0.9704620610514822,0.31559830108948156,13.962413549423218,3.4804728031158447,ok,,8640,6912,0,2160,0.35347867012023926,12,1e-05,True,13.797902822494507,full_train_epoch_chunks,full train set chunked per epoch | validation=dataset_val_split,30,1,epoch_chunk,accuracy,0.8674768518518519,0.8680555555555556,0.8674768518518519,0.8680555555555556,4,True,False,,lora,"col,row,icl",411712,0.01472294527565292,4,tabiclv2
Fitness_Club_c,/home/crc00006699/zh/tabiclv2/data184/Fitness_Club_c,binclass,1200,240,300,6,2,0.8033333333333333,0.7961465279630122,0.7378673957621326,0.8231505336768494,0.4538117058789082,3.356034755706787,0.2902224063873291,ok,,1200,960,0,300,0.44144316017627716,8,1e-05,True,3.3250765800476074,full_train_epoch_chunks,full train set chunked per epoch | validation=dataset_val_split,30,1,epoch_chunk,accuracy,0.7666666666666667,0.7666666666666667,0.7666666666666667,0.7666666666666667,0,True,False,,lora,"col,row,icl",411712,0.01472294527565292,4,tabiclv2
GAMETES_Epistasis_2-Way_20atts_0.1H_EDM-1_1,/home/crc00006699/zh/tabiclv2/data184/GAMETES_Epistasis_2-Way_20atts_0.1H_EDM-1_1,binclass,1280,256,320,20,2,0.678125,0.6727529066015349,0.6781250000000001,0.7292578125,0.6022615154099286,6.102903127670288,0.5566465854644775,ok,,1280,1024,0,320,0.6230586767196655,12,1e-05,True,6.040649652481079,full_train_epoch_chunks,full train set chunked per epoch | validation=dataset_val_split,30,1,epoch_chunk,accuracy,0.65234375,0.65625,0.65234375,0.65625,4,True,False,,lora,"col,row,icl",411712,0.01472294527565292,4,tabiclv2
GAMETES_Heterogeneity_20atts_1600_Het_0.4_0.2_50_EDM-2_001,/home/crc00006699/zh/tabiclv2/data184/GAMETES_Heterogeneity_20atts_1600_Het_0.4_0.2_50_EDM-2_001,binclass,1280,256,320,20,2,0.684375,0.6842238962003302,0.684375,0.7597265625,0.5670224624765797,4.0900092124938965,0.5750117301940918,ok,,1280,1024,0,320,0.5047967433929443,8,1e-05,True,4.028843402862549,full_train_epoch_chunks,full train set chunked per epoch | validation=dataset_val_split,30,1,epoch_chunk,accuracy,0.671875,0.671875,0.671875,0.671875,0,True,False,,lora,"col,row,icl",411712,0.01472294527565292,4,tabiclv2
Gender_Gap_in_Spanish_WP,/home/crc00006699/zh/tabiclv2/data184/Gender_Gap_in_Spanish_WP,multiclass,3796,760,950,13,3,0.6126315789473684,0.5672045973212264,0.4295427154459254,0.7084601647684076,0.7902649792780144,9.287555694580078,1.2800335884094238,ok,,3796,3036,0,950,0.8028992712497711,17,1e-05,True,9.2329421043396,full_train_epoch_chunks,full train set chunked per epoch | validation=dataset_val_split,30,1,epoch_chunk,accuracy,0.6092105263157894,0.6144736842105263,0.6092105263157894,0.6144736842105263,9,True,False,,lora,"col,row,icl",411712,0.01472294527565292,4,tabiclv2
GesturePhaseSegmentationProcessed,/home/crc00006699/zh/tabiclv2/data184/GesturePhaseSegmentationProcessed,multiclass,7898,1580,1975,32,5,0.8273417721518987,0.8260853739124627,0.802370869395916,0.9674377739901914,0.4795279464544412,11.291269779205322,4.057467222213745,ok,,7898,6318,0,1975,0.6683780550956726,8,1e-05,True,11.073559284210205,full_train_epoch_chunks,full train set chunked per epoch | validation=dataset_val_split,30,1,epoch_chunk,accuracy,0.7879746835443038,0.7879746835443038,0.7879746835443038,0.7879746835443038,0,True,False,,lora,"col,row,icl",411712,0.01472294527565292,4,tabiclv2
HR_Analytics_Job_Change_of_Data_Scientists,/home/crc00006699/zh/tabiclv2/data184/HR_Analytics_Job_Change_of_Data_Scientists,binclass,15326,3066,3832,13,2,0.800365344467641,0.8029404065993693,0.7470785631484221,0.8118995754376195,0.429673557864227,35.21402668952942,6.993889570236206,ok,,15326,12260,0,3832,0.4730418771505356,38,1e-05,True,34.99282503128052,full_train_epoch_chunks,full train set chunked per epoch | validation=dataset_val_split,30,2,epoch_chunk,accuracy,0.8036529680365296,0.8049575994781474,0.8036529680365296,0.8049575994781474,11,True,False,,lora,"col,row,icl",411712,0.01472294527565292,4,tabiclv2
Heart-Disease-Dataset-(Comprehensive),/home/crc00006699/zh/tabiclv2/data184/Heart-Disease-Dataset-(Comprehensive),binclass,952,191,238,11,2,0.9537815126050421,0.9536614172576187,0.9511664407505172,0.9830919597631447,0.15178995027033187,3.6008620262145996,0.7834315299987793,ok,,952,761,0,238,0.26299935579299927,8,1e-05,True,3.5675570964813232,full_train_epoch_chunks,full train set chunked per epoch | validation=dataset_val_split,30,1,epoch_chunk,accuracy,0.9109947643979057,0.9109947643979057,0.9109947643979057,0.9109947643979057,0,True,False,,lora,"col,row,icl",411712,0.01472294527565292,4,tabiclv2
INNHotelsGroup,/home/crc00006699/zh/tabiclv2/data184/INNHotelsGroup,binclass,29020,5804,7255,17,2,0.9047553411440385,0.9040834145870703,0.8852775927843418,0.9630114896016441,0.22261418735730645,91.79567766189575,19.47806692123413,ok,,29020,23216,0,7255,0.3608446717262268,81,1e-05,True,91.35882925987244,full_train_epoch_chunks,full train set chunked per epoch | validation=dataset_val_split,30,3,epoch_chunk,accuracy,0.9016195727084769,0.9048931771192281,0.9016195727084769,0.9048931771192281,19,True,False,,lora,"col,row,icl",411712,0.01472294527565292,4,tabiclv2
Insurance,/home/crc00006699/zh/tabiclv2/data184/Insurance,binclass,18838,3768,4710,10,2,0.7575371549893843,0.6530303380048618,0.5,0.5050075392867521,0.5557533628160399,16.376541137695312,9.142752170562744,ok,,18838,15070,0,4710,0.5389302968978882,16,1e-05,True,16.177178621292114,full_train_epoch_chunks,full train set chunked per epoch | validation=dataset_val_split,30,2,epoch_chunk,accuracy,0.7579617834394905,0.7579617834394905,0.7579617834394905,0.7579617834394905,0,True,False,,lora,"col,row,icl",411712,0.01472294527565292,4,tabiclv2
Intersectional-Bias-Assessment,/home/crc00006699/zh/tabiclv2/data184/Intersectional-Bias-Assessment,binclass,8800,1760,2200,19,2,0.9440909090909091,0.9440914289155365,0.9441031083076918,0.9900781106011731,0.1315716380043725,16.629929780960083,3.703373908996582,ok,,8800,7040,0,2200,0.10561733320355415,14,1e-05,True,16.471734285354614,full_train_epoch_chunks,full train set chunked per epoch | validation=dataset_val_split,30,1,epoch_chunk,accuracy,0.9517045454545454,0.9522727272727273,0.9517045454545454,0.9522727272727273,6,True,False,,lora,"col,row,icl",411712,0.01472294527565292,4,tabiclv2
Is-this-a-good-customer,/home/crc00006699/zh/tabiclv2/data184/Is-this-a-good-customer,binclass,1378,276,345,13,2,0.881159420289855,0.8282083919519438,0.49836065573770494,0.7392622950819672,0.32511107072890744,3.900691270828247,0.5259387493133545,ok,,1378,1102,0,345,0.3143935650587082,8,1e-05,True,3.8553998470306396,full_train_epoch_chunks,full train set chunked per epoch | validation=dataset_val_split,30,1,epoch_chunk,accuracy,0.9130434782608695,0.9130434782608695,0.9130434782608695,0.9130434782608695,0,True,False,,lora,"col,row,icl",411712,0.01472294527565292,4,tabiclv2
JapaneseVowels,/home/crc00006699/zh/tabiclv2/data184/JapaneseVowels,multiclass,7968,1594,1993,14,9,0.9994982438534872,0.999498083906782,0.9993540051679586,1.0,0.0009732406068493767,8.274633169174194,3.011474847793579,ok,,7968,6374,0,1993,0.015090204309672117,8,1e-05,True,8.17073941230774,full_train_epoch_chunks,full train set chunked per epoch | validation=dataset_val_split,30,1,epoch_chunk,accuracy,0.9968632371392723,0.9968632371392723,0.9968632371392723,0.9968632371392723,0,True,False,,lora,"col,row,icl",411712,0.01472294527565292,4,tabiclv2
KDD,/home/crc00006699/zh/tabiclv2/data184/KDD,binclass,4025,805,1007,45,2,0.8073485600794439,0.8067268629680743,0.8081370576399574,0.9063400007890481,0.36749632091888895,15.474642276763916,2.331390142440796,ok,,4025,3220,0,1007,0.34248293936252594,15,1e-05,True,15.283592224121094,full_train_epoch_chunks,full train set chunked per epoch | validation=dataset_val_split,30,1,epoch_chunk,accuracy,0.7987577639751553,0.8074534161490683,0.7987577639751553,0.8074534161490683,7,True,False,,lora,"col,row,icl",411712,0.01472294527565292,4,tabiclv2
KDDCup09_upselling,/home/crc00006699/zh/tabiclv2/data184/KDDCup09_upselling,binclass,4102,821,1026,49,2,0.8128654970760234,0.8110707448910304,0.8128654970760234,0.911195847535234,0.3572621968776358,12.205191850662231,2.5088534355163574,ok,,4102,3281,0,1026,0.377417653799057,11,1e-05,True,11.994420766830444,full_train_epoch_chunks,full train set chunked per epoch | validation=dataset_val_split,30,1,epoch_chunk,accuracy,0.8148599269183922,0.8172959805115713,0.8148599269183922,0.8172959805115713,3,True,False,,lora,"col,row,icl",411712,0.01472294527565292,4,tabiclv2
Long,/home/crc00006699/zh/tabiclv2/data184/Long,binclass,3581,717,896,19,2,0.9955357142857143,0.9955409855049664,0.9956950474648614,0.9999141462457379,0.0111936189201758,4.962717771530151,1.2650682926177979,ok,,3581,2864,0,896,0.014839676674455404,8,1e-05,True,4.889264822006226,full_train_epoch_chunks,full train set chunked per epoch | validation=dataset_val_split,30,1,epoch_chunk,accuracy,0.99581589958159,0.99581589958159,0.99581589958159,0.99581589958159,0,True,False,,lora,"col,row,icl",411712,0.01472294527565292,4,tabiclv2
MIC,/home/crc00006699/zh/tabiclv2/data184/MIC,binclass,1319,264,330,104,2,0.9090909090909091,0.8995772562318263,0.7459413873076113,0.884320753390962,0.26404357651088756,11.314886093139648,1.4583618640899658,ok,,1319,1055,0,330,0.2723332941532135,11,1e-05,True,11.053430318832397,full_train_epoch_chunks,full train set chunked per epoch | validation=dataset_val_split,30,1,epoch_chunk,accuracy,0.8674242424242424,0.8712121212121212,0.8674242424242424,0.8712121212121212,3,True,False,,lora,"col,row,icl",411712,0.01472294527565292,4,tabiclv2
MagicTelescope,/home/crc00006699/zh/tabiclv2/data184/MagicTelescope,binclass,15216,3044,3804,9,2,0.8945846477392219,0.8931179461143323,0.8723709716721402,0.9472292535735631,0.2629139980008114,40.977750301361084,6.494508504867554,ok,,15216,12172,0,3804,0.29790499806404114,52,1e-05,True,40.84810972213745,full_train_epoch_chunks,full train set chunked per epoch | validation=dataset_val_split,30,2,epoch_chunk,accuracy,0.8814060446780552,0.883377135348226,0.8814060446780552,0.883377135348226,18,True,False,,lora,"col,row,icl",411712,0.01472294527565292,4,tabiclv2
Marketing_Campaign,/home/crc00006699/zh/tabiclv2/data184/Marketing_Campaign,binclass,1792,359,448,27,2,0.8839285714285714,0.8741572521865889,0.7041955576448466,0.9261370313785403,0.2390741623888206,4.548424482345581,0.7607250213623047,ok,,1792,1433,0,448,0.22231774777173996,8,1e-05,True,4.472259998321533,full_train_epoch_chunks,full train set chunked per epoch | validation=dataset_val_split,30,1,epoch_chunk,accuracy,0.9025069637883009,0.9025069637883009,0.9025069637883009,0.9025069637883009,0,True,False,,lora,"col,row,icl",411712,0.01472294527565292,4,tabiclv2
Mobile_Price_Classification,/home/crc00006699/zh/tabiclv2/data184/Mobile_Price_Classification,multiclass,1600,320,400,20,4,0.965,0.965028546694125,0.9650000000000001,0.9990666666666667,0.06938978568117495,3.970209836959839,0.6306142807006836,ok,,1600,1280,0,400,0.11132952943444252,8,1e-05,True,3.913240671157837,full_train_epoch_chunks,full train set chunked per epoch | validation=dataset_val_split,30,1,epoch_chunk,accuracy,0.96875,0.96875,0.96875,0.96875,0,True,False,,lora,"col,row,icl",411712,0.01472294527565292,4,tabiclv2
National_Health_and_Nutrition_Health_Survey,/home/crc00006699/zh/tabiclv2/data184/National_Health_and_Nutrition_Health_Survey,binclass,1822,365,456,7,2,0.8333333333333334,0.7812470672147456,0.5238027111127007,0.7767087521012912,0.37794264764061203,6.098766326904297,0.479569673538208,ok,,1822,1457,0,456,0.3702796846628189,14,1e-05,True,6.06604528427124,full_train_epoch_chunks,full train set chunked per epoch | validation=dataset_val_split,30,1,epoch_chunk,accuracy,0.852054794520548,0.8575342465753425,0.852054794520548,0.8575342465753425,6,True,False,,lora,"col,row,icl",411712,0.01472294527565292,4,tabiclv2
Performance-Prediction,/home/crc00006699/zh/tabiclv2/data184/Performance-Prediction,binclass,1072,215,268,19,2,0.746268656716418,0.7391015545585111,0.7067718606180144,0.8073336919490766,0.5237281248945164,3.8962268829345703,0.49729156494140625,ok,,1072,857,0,268,0.6378646790981293,8,1e-05,True,3.8485989570617676,full_train_epoch_chunks,full train set chunked per epoch | validation=dataset_val_split,30,1,epoch_chunk,accuracy,0.6976744186046512,0.6976744186046512,0.6976744186046512,0.6976744186046512,0,True,False,,lora,"col,row,icl",411712,0.01472294527565292,4,tabiclv2
PhishingWebsites,/home/crc00006699/zh/tabiclv2/data184/PhishingWebsites,binclass,8844,1769,2211,30,2,0.9805517865219358,0.9805310686674489,0.9793095873605331,0.9987350586050829,0.045530101503134426,15.040731191635132,4.520254850387573,ok,,8844,7075,0,2211,0.07173730060458183,10,1e-05,True,14.77280068397522,full_train_epoch_chunks,full train set chunked per epoch | validation=dataset_val_split,30,1,epoch_chunk,accuracy,0.9762577727529678,0.9768230638778971,0.9762577727529678,0.9768230638778971,2,True,False,,lora,"col,row,icl",411712,0.01472294527565292,4,tabiclv2
PieChart3,/home/crc00006699/zh/tabiclv2/data184/PieChart3,binclass,861,173,216,37,2,0.8842592592592593,0.8504784688995214,0.5687830687830688,0.8745835782872821,0.2678483069324904,4.559445142745972,1.2017571926116943,ok,,861,688,0,216,0.25962309539318085,8,1e-05,True,4.4909117221832275,full_train_epoch_chunks,full train set chunked per epoch | validation=dataset_val_split,30,1,epoch_chunk,accuracy,0.884393063583815,0.884393063583815,0.884393063583815,0.884393063583815,0,True,False,,lora,"col,row,icl",411712,0.01472294527565292,4,tabiclv2
Pima_Indians_Diabetes_Database,/home/crc00006699/zh/tabiclv2/data184/Pima_Indians_Diabetes_Database,binclass,614,123,154,8,2,0.7272727272727273,0.7179459691252145,0.675,0.86,0.46422017463577175,6.323466539382935,0.4590587615966797,ok,,614,491,0,154,0.5180000066757202,17,1e-05,True,6.29676365852356,full_train_epoch_chunks,full train set chunked per epoch | validation=dataset_val_split,30,1,epoch_chunk,accuracy,0.7723577235772358,0.7886178861788617,0.7723577235772358,0.7886178861788617,9,True,False,,lora,"col,row,icl",411712,0.01472294527565292,4,tabiclv2
PizzaCutter3,/home/crc00006699/zh/tabiclv2/data184/PizzaCutter3,binclass,834,167,209,37,2,0.8851674641148325,0.8432935485567066,0.5372826086956521,0.893695652173913,0.2497936956244458,4.405723333358765,1.156195878982544,ok,,834,667,0,209,0.23537268489599228,8,1e-05,True,4.335701942443848,full_train_epoch_chunks,full train set chunked per epoch | validation=dataset_val_split,30,1,epoch_chunk,accuracy,0.8922155688622755,0.8922155688622755,0.8922155688622755,0.8922155688622755,0,True,False,,lora,"col,row,icl",411712,0.01472294527565292,4,tabiclv2
Pumpkin_Seeds,/home/crc00006699/zh/tabiclv2/data184/Pumpkin_Seeds,binclass,2000,400,500,12,2,0.882,0.8818763921833047,0.8810897435897436,0.9480288461538462,0.292501298130593,3.828469753265381,0.7246565818786621,ok,,2000,1600,0,500,0.2538674920797348,8,1e-05,True,3.787612199783325,full_train_epoch_chunks,full train set chunked per epoch | validation=dataset_val_split,30,1,epoch_chunk,accuracy,0.875,0.875,0.875,0.875,0,True,False,,lora,"col,row,icl",411712,0.01472294527565292,4,tabiclv2
QSAR_biodegradation,/home/crc00006699/zh/tabiclv2/data184/QSAR_biodegradation,binclass,843,169,211,41,2,0.8909952606635071,0.8890044360150116,0.8623239436619718,0.9516096579476861,0.2711651325733701,5.171904563903809,1.2213313579559326,ok,,843,674,0,211,0.2913040965795517,8,1e-05,True,5.05695366859436,full_train_epoch_chunks,full train set chunked per epoch | validation=dataset_val_split,30,1,epoch_chunk,accuracy,0.863905325443787,0.863905325443787,0.863905325443787,0.863905325443787,0,True,False,,lora,"col,row,icl",411712,0.01472294527565292,4,tabiclv2
Rain_in_Australia,/home/crc00006699/zh/tabiclv2/data184/Rain_in_Australia,multiclass,116368,23274,29092,18,3,0.8581740684724323,0.8501152264922115,0.696829467019232,0.9174669226322628,0.35097232614804413,382.596951007843,264.9093294143677,ok,,116368,93094,0,29092,0.3836858570575714,200,1e-05,True,380.8713710308075,full_train_epoch_chunks,full train set chunked per epoch | validation=dataset_val_split,30,10,epoch_chunk,accuracy,0.8526252470568015,0.8546446678697259,0.8526252470568015,0.8546446678697259,12,True,False,,lora,"col,row,icl",411712,0.01472294527565292,4,tabiclv2
SDSS17,/home/crc00006699/zh/tabiclv2/data184/SDSS17,multiclass,80000,16000,20000,12,3,0.9776,0.9774870023962676,0.9725753312409325,0.996991347552438,0.0698551008814105,86.01554107666016,110.49208235740662,ok,,80000,64000,0,20000,0.090277299284935,56,1e-05,True,85.22533130645752,full_train_epoch_chunks,full train set chunked per epoch | validation=dataset_val_split,30,7,epoch_chunk,accuracy,0.9756875,0.9756875,0.9756875,0.9756875,0,True,False,,lora,"col,row,icl",411712,0.01472294527565292,4,tabiclv2
Shipping,/home/crc00006699/zh/tabiclv2/data184/Shipping,binclass,8799,1760,2200,9,2,0.69,0.6806534485986308,0.7316879626271892,0.73566330339811,0.4991204883253063,8.228920221328735,3.11586332321167,ok,,8799,7039,0,2200,0.5017925798892975,8,1e-05,True,8.139875650405884,full_train_epoch_chunks,full train set chunked per epoch | validation=dataset_val_split,30,1,epoch_chunk,accuracy,0.675,0.675,0.675,0.675,0,True,False,,lora,"col,row,icl",411712,0.01472294527565292,4,tabiclv2
Telecom_Churn_Dataset,/home/crc00006699/zh/tabiclv2/data184/Telecom_Churn_Dataset,binclass,2666,534,667,17,2,0.9610194902548725,0.9601297177498206,0.9001989509857117,0.9303038524145415,0.1285657771124614,7.254462003707886,1.0013668537139893,ok,,2666,2132,0,667,0.12267312407493591,14,1e-05,True,7.189794301986694,full_train_epoch_chunks,full train set chunked per epoch | validation=dataset_val_split,30,1,epoch_chunk,accuracy,0.9550561797752809,0.9569288389513109,0.9550561797752809,0.9569288389513109,6,True,False,,lora,"col,row,icl",411712,0.01472294527565292,4,tabiclv2
VulNoneVul,/home/crc00006699/zh/tabiclv2/data184/VulNoneVul,binclass,4553,911,1139,16,2,0.9894644424934153,0.9842245601854183,0.5,0.8333703046435965,0.050174594554350326,5.558607578277588,1.6474590301513672,ok,,4553,3642,0,1139,0.034823643043637276,8,1e-05,True,5.479592561721802,full_train_epoch_chunks,full train set chunked per epoch | validation=dataset_val_split,30,1,epoch_chunk,accuracy,0.9890230515916575,0.9890230515916575,0.9890230515916575,0.9890230515916575,0,True,False,,lora,"col,row,icl",411712,0.01472294527565292,4,tabiclv2
Water_Quality_and_Potability,/home/crc00006699/zh/tabiclv2/data184/Water_Quality_and_Potability,binclass,2620,524,656,8,2,0.6539634146341463,0.5925941886479019,0.573515625,0.6701220703124999,0.6232597646909516,5.822618007659912,0.7927825450897217,ok,,2620,2096,0,656,0.6609204709529877,13,1e-05,True,5.785899639129639,full_train_epoch_chunks,full train set chunked per epoch | validation=dataset_val_split,30,1,epoch_chunk,accuracy,0.6335877862595419,0.6374045801526718,0.6335877862595419,0.6374045801526718,5,True,False,,lora,"col,row,icl",411712,0.01472294527565292,4,tabiclv2
Waterstress,/home/crc00006699/zh/tabiclv2/data184/Waterstress,binclass,950,190,238,22,2,0.8025210084033614,0.802405941629764,0.803852951572994,0.8910569105691057,0.41573651288942404,6.963913202285767,1.0060675144195557,ok,,950,760,0,238,0.43054233491420746,15,1e-05,True,6.917343854904175,full_train_epoch_chunks,full train set chunked per epoch | validation=dataset_val_split,30,1,epoch_chunk,accuracy,0.7947368421052632,0.8157894736842105,0.7947368421052632,0.8157894736842105,7,True,False,,lora,"col,row,icl",411712,0.01472294527565292,4,tabiclv2
Wilt,/home/crc00006699/zh/tabiclv2/data184/Wilt,binclass,3856,772,965,5,2,0.9927461139896373,0.9926443320683425,0.9508277866711602,0.9919011711180385,0.030887524103051605,4.026499509811401,0.7361850738525391,ok,,3856,3084,0,965,0.033688345924019814,8,1e-05,True,3.9888792037963867,full_train_epoch_chunks,full train set chunked per epoch | validation=dataset_val_split,30,1,epoch_chunk,accuracy,0.9870466321243523,0.9870466321243523,0.9870466321243523,0.9870466321243523,0,True,False,,lora,"col,row,icl",411712,0.01472294527565292,4,tabiclv2
abalone,/home/crc00006699/zh/tabiclv2/data184/abalone,multiclass,3341,669,836,8,3,0.6399521531100478,0.6434301523934186,0.6377321444696306,0.8330716043595571,0.7393211787998618,5.287215232849121,1.0158500671386719,ok,,3341,2672,0,836,0.6602119505405426,10,1e-05,True,5.237341642379761,full_train_epoch_chunks,full train set chunked per epoch | validation=dataset_val_split,30,1,epoch_chunk,accuracy,0.6890881913303438,0.6920777279521674,0.6890881913303438,0.6920777279521674,2,True,False,,lora,"col,row,icl",411712,0.01472294527565292,4,tabiclv2
accelerometer,/home/crc00006699/zh/tabiclv2/data184/accelerometer,multiclass,122403,24481,30601,4,4,0.7428515407993203,0.74087078120347,0.8071323529411765,0.9297814589538576,0.5321150354865173,198.3924114704132,237.71471619606018,ok,,122403,97922,0,30601,0.5884390771389008,117,1e-05,True,197.97826719284058,full_train_epoch_chunks,full train set chunked per epoch | validation=dataset_val_split,30,10,epoch_chunk,accuracy,0.7431477472325477,0.7449450594338467,0.7431477472325477,0.7449450594338467,4,True,False,,lora,"col,row,icl",411712,0.01472294527565292,4,tabiclv2
ada,/home/crc00006699/zh/tabiclv2/data184/ada,binclass,3317,664,830,48,2,0.8674698795180723,0.8638213350415155,0.7980458053273587,0.9193622417226787,0.3031924958225649,11.693303108215332,1.9402010440826416,ok,,3317,2653,0,830,0.31864599883556366,13,1e-05,True,11.55422568321228,full_train_epoch_chunks,full train set chunked per epoch | validation=dataset_val_split,30,1,epoch_chunk,accuracy,0.8704819277108434,0.875,0.8704819277108434,0.875,5,True,False,,lora,"col,row,icl",411712,0.01472294527565292,4,tabiclv2
ada_agnostic,/home/crc00006699/zh/tabiclv2/data184/ada_agnostic,binclass,3649,730,913,48,2,0.8499452354874042,0.8461045430958111,0.7763482359589524,0.9070169918187538,0.32048605215342846,15.799646139144897,2.1400716304779053,ok,,3649,2919,0,913,0.32988564670085907,19,1e-05,True,15.649186849594116,full_train_epoch_chunks,full train set chunked per epoch | validation=dataset_val_split,30,1,epoch_chunk,accuracy,0.8095890410958904,0.8589041095890411,0.8095890410958904,0.8589041095890411,11,True,False,,lora,"col,row,icl",411712,0.01472294527565292,4,tabiclv2
ada_prior,/home/crc00006699/zh/tabiclv2/data184/ada_prior,binclass,3649,730,913,14,2,0.8554216867469879,0.8467806516402012,0.7593596280551238,0.897962394523574,0.33466545034509276,8.27865982055664,1.185398817062378,ok,,3649,2919,0,913,0.32739537954330444,15,1e-05,True,8.205877780914307,full_train_epoch_chunks,full train set chunked per epoch | validation=dataset_val_split,30,1,epoch_chunk,accuracy,0.8397260273972603,0.8438356164383561,0.8397260273972603,0.8438356164383561,7,True,False,,lora,"col,row,icl",411712,0.01472294527565292,4,tabiclv2
adult,/home/crc00006699/zh/tabiclv2/data184/adult,binclass,32561,6513,16281,14,2,0.8720594558073829,0.8683512332434448,0.7969952332472068,0.9258946208270527,0.2799822911948424,84.14645433425903,27.058080434799194,ok,,32561,26048,0,16281,0.30580492317676544,69,1e-05,True,83.7406895160675,full_train_epoch_chunks,full train set chunked per epoch | validation=dataset_val_split,30,3,epoch_chunk,accuracy,0.8661139259941655,0.8704130201136189,0.8661139259941655,0.8704130201136189,15,True,False,,lora,"col,row,icl",411712,0.01472294527565292,4,tabiclv2
airlines_seed_0_nrows_2000_nclasses_10_ncols_100_stratify_True,/home/crc00006699/zh/tabiclv2/data184/airlines_seed_0_nrows_2000_nclasses_10_ncols_100_stratify_True,binclass,1600,320,400,7,2,0.595,0.5815916808149405,0.5755643283733172,0.6761438404696831,0.631454676128801,4.3579652309417725,0.3655688762664795,ok,,1600,1280,0,400,0.6400637626647949,11,1e-05,True,4.322361946105957,full_train_epoch_chunks,full train set chunked per epoch | validation=dataset_val_split,30,1,epoch_chunk,accuracy,0.65625,0.6625,0.65625,0.6625,3,True,False,,lora,"col,row,icl",411712,0.01472294527565292,4,tabiclv2
allbp,/home/crc00006699/zh/tabiclv2/data184/allbp,multiclass,3017,604,755,29,3,0.9774834437086093,0.975153287094861,0.643059402893198,0.9900542673068916,0.060128511042717096,5.8447229862213135,1.363776683807373,ok,,3017,2413,0,755,0.06507420167326927,8,1e-05,True,5.733631372451782,full_train_epoch_chunks,full train set chunked per epoch | validation=dataset_val_split,30,1,epoch_chunk,accuracy,0.9817880794701986,0.9817880794701986,0.9817880794701986,0.9817880794701986,0,True,False,,lora,"col,row,icl",411712,0.01472294527565292,4,tabiclv2
allrep,/home/crc00006699/zh/tabiclv2/data184/allrep,multiclass,3017,604,755,29,4,0.9841059602649007,0.9836103393706578,0.7504158512720156,0.9964394192784365,0.03855395771064284,7.552767038345337,1.346557378768921,ok,,3017,2413,0,755,0.0481434166431427,11,1e-05,True,7.443698883056641,full_train_epoch_chunks,full train set chunked per epoch | validation=dataset_val_split,30,1,epoch_chunk,accuracy,0.9900662251655629,0.9917218543046358,0.9900662251655629,0.9917218543046358,3,True,False,,lora,"col,row,icl",411712,0.01472294527565292,4,tabiclv2
analcatdata_authorship,/home/crc00006699/zh/tabiclv2/data184/analcatdata_authorship,multiclass,672,135,169,69,4,0.9940828402366864,0.9940804879569156,0.9957627118644068,0.9999242768178149,0.010528673171386626,5.151013135910034,0.6496748924255371,ok,,672,537,0,169,0.002515356638468802,8,1e-05,True,5.042613983154297,full_train_epoch_chunks,full train set chunked per epoch | validation=dataset_val_split,30,1,epoch_chunk,accuracy,1.0,1.0,1.0,1.0,0,True,False,,lora,"col,row,icl",411712,0.01472294527565292,4,tabiclv2
artificial-characters,/home/crc00006699/zh/tabiclv2/data184/artificial-characters,multiclass,8174,1635,2044,7,10,0.9398238747553816,0.9399427798576259,0.9376764688703201,0.9987737403932757,0.12822297957745415,11.702049732208252,2.648238182067871,ok,,8174,6539,0,2044,0.366018608212471,14,1e-05,True,11.630262613296509,full_train_epoch_chunks,full train set chunked per epoch | validation=dataset_val_split,30,1,epoch_chunk,accuracy,0.8770642201834863,0.8825688073394495,0.8770642201834863,0.8825688073394495,6,True,False,,lora,"col,row,icl",411712,0.01472294527565292,4,tabiclv2
autoUniv-au4-2500,/home/crc00006699/zh/tabiclv2/data184/autoUniv-au4-2500,multiclass,2000,400,500,100,3,0.722,0.6922910981156595,0.5225632335404505,0.7670114757907239,0.6666218753045867,19.468296766281128,2.084839344024658,ok,,2000,1600,0,500,0.7654882371425629,18,1e-05,True,19.206419229507446,full_train_epoch_chunks,full train set chunked per epoch | validation=dataset_val_split,30,1,epoch_chunk,accuracy,0.715,0.72,0.715,0.72,10,True,False,,lora,"col,row,icl",411712,0.01472294527565292,4,tabiclv2
autoUniv-au7-1100,/home/crc00006699/zh/tabiclv2/data184/autoUniv-au7-1100,multiclass,880,176,220,12,5,0.40454545454545454,0.3829759752110832,0.38926203336269555,0.7423659352338323,1.3400574175679854,6.426812410354614,0.7523338794708252,ok,,880,704,0,220,1.300460398197174,16,1e-05,True,6.38867449760437,full_train_epoch_chunks,full train set chunked per epoch | validation=dataset_val_split,30,1,epoch_chunk,accuracy,0.5227272727272727,0.5284090909090909,0.5227272727272727,0.5284090909090909,8,True,False,,lora,"col,row,icl",411712,0.01472294527565292,4,tabiclv2
bank,/home/crc00006699/zh/tabiclv2/data184/bank,binclass,36168,7234,9043,16,2,0.9086586309852925,0.9048753844500744,0.7416519395416501,0.9434910447637525,0.18473717460313255,81.19565057754517,27.648539543151855,ok,,36168,28934,0,9043,0.21342602372169495,57,1e-05,True,80.69313144683838,full_train_epoch_chunks,full train set chunked per epoch | validation=dataset_val_split,30,3,epoch_chunk,accuracy,0.9158142106718274,0.918717168924523,0.9158142106718274,0.918717168924523,11,True,False,,lora,"col,row,icl",411712,0.01472294527565292,4,tabiclv2
banknote_authentication,/home/crc00006699/zh/tabiclv2/data184/banknote_authentication,binclass,1097,220,275,4,2,0.5381818181818182,0.44139184931811665,0.4919639987142398,0.526786670952534,0.6867512734265135,3.2579331398010254,0.18260860443115234,ok,,1097,877,0,275,0.6817410886287689,8,1e-05,True,3.2345614433288574,full_train_epoch_chunks,full train set chunked per epoch | validation=dataset_val_split,30,1,epoch_chunk,accuracy,0.5818181818181818,0.5818181818181818,0.5818181818181818,0.5818181818181818,0,True,False,,lora,"col,row,icl",411712,0.01472294527565292,4,tabiclv2
baseball,/home/crc00006699/zh/tabiclv2/data184/baseball,multiclass,1072,215,268,16,3,0.9440298507462687,0.9342657264063037,0.6038961038961039,0.9758630294910114,0.13207613179464697,3.879384994506836,0.49504899978637695,ok,,1072,857,0,268,0.2219655141234398,8,1e-05,True,3.8334693908691406,full_train_epoch_chunks,full train set chunked per epoch | validation=dataset_val_split,30,1,epoch_chunk,accuracy,0.9488372093023256,0.9488372093023256,0.9488372093023256,0.9488372093023256,0,True,False,,lora,"col,row,icl",411712,0.01472294527565292,4,tabiclv2
car-evaluation,/home/crc00006699/zh/tabiclv2/data184/car-evaluation,multiclass,1382,277,346,21,4,0.9855491329479769,0.985510846572902,0.9699959131777314,0.99971200002883,0.02197758209182091,6.477615118026733,0.6034054756164551,ok,,1382,1105,0,346,0.04305470734834671,13,1e-05,True,6.413095712661743,full_train_epoch_chunks,full train set chunked per epoch | validation=dataset_val_split,30,1,epoch_chunk,accuracy,0.9855595667870036,0.9891696750902527,0.9855595667870036,0.9891696750902527,5,True,False,,lora,"col,row,icl",411712,0.01472294527565292,4,tabiclv2
churn,/home/crc00006699/zh/tabiclv2/data184/churn,binclass,4000,800,1000,20,2,0.967,0.9656316025636733,0.8948348318595761,0.9326695233613224,0.1216436840947599,8.115602731704712,1.5596411228179932,ok,,4000,3200,0,1000,0.13811194896697998,11,1e-05,True,8.022867202758789,full_train_epoch_chunks,full train set chunked per epoch | validation=dataset_val_split,30,1,epoch_chunk,accuracy,0.97125,0.9725,0.97125,0.9725,3,True,False,,lora,"col,row,icl",411712,0.01472294527565292,4,tabiclv2
cmc,/home/crc00006699/zh/tabiclv2/data184/cmc,multiclass,1178,236,295,9,3,0.6033898305084746,0.603394360896538,0.5784569217405039,0.769222731769628,0.8665615793431031,3.576112985610962,0.42660093307495117,ok,,1178,942,0,295,0.833036333322525,8,1e-05,True,3.5390655994415283,full_train_epoch_chunks,full train set chunked per epoch | validation=dataset_val_split,30,1,epoch_chunk,accuracy,0.5508474576271186,0.5508474576271186,0.5508474576271186,0.5508474576271186,0,True,False,,lora,"col,row,icl",411712,0.01472294527565292,4,tabiclv2
company_bankruptcy_prediction,/home/crc00006699/zh/tabiclv2/data184/company_bankruptcy_prediction,binclass,5455,1091,1364,95,2,0.968475073313783,0.9642473162234833,0.6431818181818182,0.9650654269972452,0.07192441385681536,15.963480234146118,6.034635305404663,ok,,5455,4364,0,1364,0.0794491283595562,8,1e-05,True,15.530813932418823,full_train_epoch_chunks,full train set chunked per epoch | validation=dataset_val_split,30,1,epoch_chunk,accuracy,0.9670027497708524,0.9670027497708524,0.9670027497708524,0.9670027497708524,0,True,False,,lora,"col,row,icl",411712,0.01472294527565292,4,tabiclv2
compass,/home/crc00006699/zh/tabiclv2/data184/compass,binclass,13315,2663,3329,17,2,0.8471012316010814,0.8470700996892746,0.8470969767844767,0.9207053808616308,0.35131028117408764,53.847941160202026,6.071252822875977,ok,,13315,10652,0,3329,0.6042049825191498,60,1e-05,True,53.62950325012207,full_train_epoch_chunks,full train set chunked per epoch | validation=dataset_val_split,30,2,epoch_chunk,accuracy,0.8043559894855427,0.8148704468644387,0.8043559894855427,0.8148704468644387,29,False,False,,lora,"col,row,icl",411712,0.01472294527565292,4,tabiclv2
connect-4,/home/crc00006699/zh/tabiclv2/data184/connect-4,multiclass,54045,10809,13512,42,3,0.8573860272350503,0.8430446729081928,0.6817980803787599,0.9422111197330113,0.3491180695397434,117.8148307800293,91.5469913482666,ok,,54045,43236,0,13512,0.5883934497833252,55,1e-05,True,115.70792245864868,full_train_epoch_chunks,full train set chunked per epoch | validation=dataset_val_split,30,5,epoch_chunk,accuracy,0.8538255157738921,0.8554907947081136,0.8538255157738921,0.8554907947081136,3,True,False,,lora,"col,row,icl",411712,0.01472294527565292,4,tabiclv2
contraceptive_method_choice,/home/crc00006699/zh/tabiclv2/data184/contraceptive_method_choice,multiclass,1178,236,295,9,3,0.6372881355932203,0.6356221051172173,0.6106558709719377,0.7946809122058861,0.8235016122317977,4.569001913070679,0.3552219867706299,ok,,1178,942,0,295,0.9064550995826721,11,1e-05,True,4.5339930057525635,full_train_epoch_chunks,full train set chunked per epoch | validation=dataset_val_split,30,1,epoch_chunk,accuracy,0.5423728813559322,0.5466101694915254,0.5423728813559322,0.5466101694915254,3,True,False,,lora,"col,row,icl",411712,0.01472294527565292,4,tabiclv2
credit,/home/crc00006699/zh/tabiclv2/data184/credit,binclass,13371,2675,3343,10,2,0.784624588692791,0.7846089387743332,0.7846220639733821,0.8652607884571883,0.461396292681631,35.04143691062927,5.5115087032318115,ok,,13371,10696,0,3343,0.5653963685035706,44,1e-05,True,34.91403651237488,full_train_epoch_chunks,full train set chunked per epoch | validation=dataset_val_split,30,2,epoch_chunk,accuracy,0.7783177570093458,0.782803738317757,0.7783177570093458,0.782803738317757,14,True,False,,lora,"col,row,icl",411712,0.01472294527565292,4,tabiclv2
credit-g,/home/crc00006699/zh/tabiclv2/data184/credit-g,binclass,800,160,200,20,2,0.795,0.7804087385482734,0.705952380952381,0.8434523809523808,0.4388163420132596,3.8601555824279785,0.7908790111541748,ok,,800,640,0,200,0.49966925382614136,8,1e-05,True,3.80269718170166,full_train_epoch_chunks,full train set chunked per epoch | validation=dataset_val_split,30,1,epoch_chunk,accuracy,0.75,0.75,0.75,0.75,0,True,False,,lora,"col,row,icl",411712,0.01472294527565292,4,tabiclv2
customer_satisfaction_in_airline,/home/crc00006699/zh/tabiclv2/data184/customer_satisfaction_in_airline,binclass,103904,20781,25976,21,2,0.9647751770865414,0.9648185097004106,0.9659308903173529,0.995905569416754,0.07846633193338924,261.66589856147766,208.11753177642822,ok,,103904,83123,0,25976,0.14115306735038757,135,1e-05,True,259.6264338493347,full_train_epoch_chunks,full train set chunked per epoch | validation=dataset_val_split,30,9,epoch_chunk,accuracy,0.9622732303546508,0.9628988017900967,0.9622732303546508,0.9628988017900967,7,True,False,,lora,"col,row,icl",411712,0.01472294527565292,4,tabiclv2
dabetes_130-us_hospitals,/home/crc00006699/zh/tabiclv2/data184/dabetes_130-us_hospitals,binclass,81412,16283,20354,20,2,0.6435098752088042,0.6401406857291206,0.636219623414404,0.7025825122032778,0.6196430136952376,222.91921496391296,119.91553902626038,ok,,81412,65129,0,20354,0.6422337889671326,126,1e-05,True,221.385422706604,full_train_epoch_chunks,full train set chunked per epoch | validation=dataset_val_split,30,7,epoch_chunk,accuracy,0.6479764171221519,0.6506172081311797,0.6479764171221519,0.6506172081311797,10,True,False,,lora,"col,row,icl",411712,0.01472294527565292,4,tabiclv2
default_of_credit_card_clients,/home/crc00006699/zh/tabiclv2/data184/default_of_credit_card_clients,binclass,24000,4800,6000,23,2,0.8273333333333334,0.8072299567889477,0.6681907044766944,0.801374472248423,0.41350130121280404,30.4053475856781,15.676351308822632,ok,,24000,19200,0,6000,0.4307425767183304,18,1e-05,True,29.893564701080322,full_train_epoch_chunks,full train set chunked per epoch | validation=dataset_val_split,30,2,epoch_chunk,accuracy,0.82125,0.8214583333333333,0.82125,0.8214583333333333,1,True,False,,lora,"col,row,icl",411712,0.01472294527565292,4,tabiclv2
delta_ailerons,/home/crc00006699/zh/tabiclv2/data184/delta_ailerons,binclass,5703,1141,1426,5,2,0.9530154277699859,0.9530285710209139,0.9531399020206028,0.9823629186881581,0.15840449371340404,4.882848262786865,1.0874686241149902,ok,,5703,4562,0,1426,0.14974112063646317,8,1e-05,True,4.840559005737305,full_train_epoch_chunks,full train set chunked per epoch | validation=dataset_val_split,30,1,epoch_chunk,accuracy,0.9430324276950044,0.9430324276950044,0.9430324276950044,0.9430324276950044,0,True,False,,lora,"col,row,icl",411712,0.01472294527565292,4,tabiclv2
dis,/home/crc00006699/zh/tabiclv2/data184/dis,binclass,3017,604,755,29,2,0.990728476821192,0.989524085374335,0.7493270524899058,0.9862045760430687,0.03234629695553652,9.104188680648804,1.3367514610290527,ok,,3017,2413,0,755,0.025142692029476166,13,1e-05,True,8.994884014129639,full_train_epoch_chunks,full train set chunked per epoch | validation=dataset_val_split,30,1,epoch_chunk,accuracy,0.9884105960264901,0.9900662251655629,0.9884105960264901,0.9900662251655629,5,True,False,,lora,"col,row,icl",411712,0.01472294527565292,4,tabiclv2
dna,/home/crc00006699/zh/tabiclv2/data184/dna,multiclass,2548,510,638,180,3,0.9717868338557993,0.9719225529564051,0.9714135951918074,0.9980141120307623,0.0778851714541414,27.618622064590454,5.409284353256226,ok,,2548,2038,0,638,0.12444436922669411,13,1e-05,True,26.9949152469635,full_train_epoch_chunks,full train set chunked per epoch | validation=dataset_val_split,30,1,epoch_chunk,accuracy,0.9705882352941176,0.9725490196078431,0.9705882352941176,0.9725490196078431,5,True,False,,lora,"col,row,icl",411712,0.01472294527565292,4,tabiclv2
drug_consumption,/home/crc00006699/zh/tabiclv2/data184/drug_consumption,multiclass,1507,302,377,12,7,0.40318302387267907,0.23169686059980046,0.14285714285714285,0.5297343818540019,1.5125163592279736,3.684504270553589,0.5322084426879883,ok,,1507,1205,0,377,1.5028486251831055,8,1e-05,True,3.646359443664551,full_train_epoch_chunks,full train set chunked per epoch | validation=dataset_val_split,30,1,epoch_chunk,accuracy,0.40397350993377484,0.40397350993377484,0.40397350993377484,0.40397350993377484,0,True,False,,lora,"col,row,icl",411712,0.01472294527565292,4,tabiclv2
dry_bean_dataset,/home/crc00006699/zh/tabiclv2/data184/dry_bean_dataset,multiclass,10888,2178,2723,16,7,0.9287550495776716,0.928732548177597,0.9380410882603465,0.996025916872264,0.18598782241846162,17.119147539138794,4.6582887172698975,ok,,10888,8710,0,2723,0.1850280612707138,12,1e-05,True,16.953811168670654,full_train_epoch_chunks,full train set chunked per epoch | validation=dataset_val_split,30,1,epoch_chunk,accuracy,0.9297520661157025,0.9306703397612488,0.9297520661157025,0.9306703397612488,4,True,False,,lora,"col,row,icl",411712,0.01472294527565292,4,tabiclv2
eeg-eye-state,/home/crc00006699/zh/tabiclv2/data184/eeg-eye-state,binclass,11984,2397,2996,14,2,0.9939919893190922,0.9939911503547095,0.9937908533523672,0.9999045300921601,0.0129394228025185,12.423620462417603,5.071261405944824,ok,,11984,9587,0,2996,0.032401783391833305,8,1e-05,True,12.272027969360352,full_train_epoch_chunks,full train set chunked per epoch | validation=dataset_val_split,30,1,epoch_chunk,accuracy,0.9933249895702962,0.9933249895702962,0.9933249895702962,0.9933249895702962,0,True,False,,lora,"col,row,icl",411712,0.01472294527565292,4,tabiclv2
electricity,/home/crc00006699/zh/tabiclv2/data184/electricity,binclass,36249,7250,9063,8,2,0.9262937217256979,0.9262551985888143,0.9240669157615466,0.9813455907415638,0.17383202932813202,102.62845015525818,25.69036316871643,ok,,36249,28999,0,9063,0.3164979815483093,87,1e-05,True,102.3348035812378,full_train_epoch_chunks,full train set chunked per epoch | validation=dataset_val_split,30,3,epoch_chunk,accuracy,0.9142068965517242,0.9184827586206896,0.9142068965517242,0.9184827586206896,21,True,False,,lora,"col,row,icl",411712,0.01472294527565292,4,tabiclv2
estimation_of_obesity_levels,/home/crc00006699/zh/tabiclv2/data184/estimation_of_obesity_levels,multiclass,1688,338,423,16,7,0.9905437352245863,0.9905622153790828,0.9902298850574712,0.9999392671570282,0.02546002371761586,10.031128883361816,0.6372549533843994,ok,,1688,1350,0,423,0.029222482815384865,22,1e-05,True,9.977664232254028,full_train_epoch_chunks,full train set chunked per epoch | validation=dataset_val_split,30,1,epoch_chunk,accuracy,0.9763313609467456,0.9822485207100592,0.9763313609467456,0.9822485207100592,14,True,False,,lora,"col,row,icl",411712,0.01472294527565292,4,tabiclv2
eucalyptus,/home/crc00006699/zh/tabiclv2/data184/eucalyptus,multiclass,588,118,148,19,5,0.7364864864864865,0.7402095066246009,0.7268924873576037,0.9435029694274476,0.5869195716784144,3.5516839027404785,0.6388349533081055,ok,,588,470,0,148,0.6286125481128693,8,1e-05,True,3.5078845024108887,full_train_epoch_chunks,full train set chunked per epoch | validation=dataset_val_split,30,1,epoch_chunk,accuracy,0.7372881355932204,0.7372881355932204,0.7372881355932204,0.7372881355932204,0,True,False,,lora,"col,row,icl",411712,0.01472294527565292,4,tabiclv2
eye_movements,/home/crc00006699/zh/tabiclv2/data184/eye_movements,multiclass,8748,1750,2188,27,3,0.8391224862888482,0.838632129739392,0.8487562324554578,0.9554681088772315,0.38367965713444707,41.057326316833496,4.207167387008667,ok,,8748,6998,0,2188,0.4947291910648346,30,1e-05,True,40.821356534957886,full_train_epoch_chunks,full train set chunked per epoch | validation=dataset_val_split,30,1,epoch_chunk,accuracy,0.8137142857142857,0.832,0.8137142857142857,0.832,29,False,False,,lora,"col,row,icl",411712,0.01472294527565292,4,tabiclv2
eye_movements_bin,/home/crc00006699/zh/tabiclv2/data184/eye_movements_bin,binclass,6086,1218,1522,20,2,0.6819973718791065,0.6819622247896148,0.6819973718791064,0.7559413317769517,0.5729694636445706,19.38177227973938,2.4630446434020996,ok,,6086,4868,0,1522,0.6323868632316589,22,1e-05,True,19.248619318008423,full_train_epoch_chunks,full train set chunked per epoch | validation=dataset_val_split,30,1,epoch_chunk,accuracy,0.6305418719211823,0.6444991789819376,0.6305418719211823,0.6444991789819376,14,True,False,,lora,"col,row,icl",411712,0.01472294527565292,4,tabiclv2
first-order-theorem-proving,/home/crc00006699/zh/tabiclv2/data184/first-order-theorem-proving,multiclass,4894,979,1224,51,6,0.6511437908496732,0.6339349352347329,0.5250922040067,0.8600228081868121,1.0152177808870528,10.142805337905884,3.087008237838745,ok,,4894,3915,0,1224,1.0995471477508545,8,1e-05,True,9.912889003753662,full_train_epoch_chunks,full train set chunked per epoch | validation=dataset_val_split,30,1,epoch_chunk,accuracy,0.6312563840653729,0.6312563840653729,0.6312563840653729,0.6312563840653729,0,True,False,,lora,"col,row,icl",411712,0.01472294527565292,4,tabiclv2
golf_play_dataset_extended,/home/crc00006699/zh/tabiclv2/data184/golf_play_dataset_extended,binclass,876,176,219,9,2,0.9452054794520548,0.9452054794520548,0.9174415682332244,0.9805227444081428,0.15008355745329582,3.4090023040771484,0.6590220928192139,ok,,876,700,0,219,0.09845375642180443,8,1e-05,True,3.375560760498047,full_train_epoch_chunks,full train set chunked per epoch | validation=dataset_val_split,30,1,epoch_chunk,accuracy,0.9147727272727273,0.9147727272727273,0.9147727272727273,0.9147727272727273,0,True,False,,lora,"col,row,icl",411712,0.01472294527565292,4,tabiclv2
heloc,/home/crc00006699/zh/tabiclv2/data184/heloc,binclass,8000,1600,2000,22,2,0.7325,0.7321431477085347,0.7324999999999999,0.8033680000000001,0.540255007797339,12.69362473487854,3.516288995742798,ok,,8000,6400,0,2000,0.544463574886322,11,1e-05,True,12.53808069229126,full_train_epoch_chunks,full train set chunked per epoch | validation=dataset_val_split,30,1,epoch_chunk,accuracy,0.726875,0.73,0.726875,0.73,3,True,False,,lora,"col,row,icl",411712,0.01472294527565292,4,tabiclv2
hill-valley,/home/crc00006699/zh/tabiclv2/data184/hill-valley,binclass,969,194,243,100,2,0.9794238683127572,0.9794134081776917,0.9793388429752066,0.9991193605202547,0.09213703487170707,10.995052814483643,1.1131329536437988,ok,,969,775,0,243,0.23346948623657227,14,1e-05,True,10.849820137023926,full_train_epoch_chunks,full train set chunked per epoch | validation=dataset_val_split,30,1,epoch_chunk,accuracy,0.9072164948453608,0.9484536082474226,0.9072164948453608,0.9484536082474226,6,True,False,,lora,"col,row,icl",411712,0.01472294527565292,4,tabiclv2
house_16H,/home/crc00006699/zh/tabiclv2/data184/house_16H,binclass,10790,2158,2698,16,2,0.8917716827279466,0.8917695416715894,0.8917716827279467,0.9579489735416125,0.264692422547023,11.645972490310669,4.604009628295898,ok,,10790,8632,0,2698,0.2636043131351471,8,1e-05,True,11.482386112213135,full_train_epoch_chunks,full train set chunked per epoch | validation=dataset_val_split,30,1,epoch_chunk,accuracy,0.881371640407785,0.881371640407785,0.881371640407785,0.881371640407785,0,True,False,,lora,"col,row,icl",411712,0.01472294527565292,4,tabiclv2
htru,/home/crc00006699/zh/tabiclv2/data184/htru,binclass,14318,2864,3580,8,2,0.9810055865921787,0.9808461102593907,0.9347193471934719,0.9872953417034169,0.06140527152987178,14.407837152481079,5.8319480419158936,ok,,14318,11454,0,3580,0.08738884702324867,18,1e-05,True,14.299749851226807,full_train_epoch_chunks,full train set chunked per epoch | validation=dataset_val_split,30,2,epoch_chunk,accuracy,0.9783519553072626,0.9787011173184358,0.9783519553072626,0.9787011173184358,1,True,False,,lora,"col,row,icl",411712,0.01472294527565292,4,tabiclv2
ibm-employee-performance,/home/crc00006699/zh/tabiclv2/data184/ibm-employee-performance,binclass,1176,236,294,30,2,1.0,1.0,1.0,1.0,2.3057364057800555e-06,4.7628984451293945,0.6277565956115723,ok,,1176,940,0,294,1.1993532552878605e-05,8,1e-05,True,4.688506603240967,full_train_epoch_chunks,full train set chunked per epoch | validation=dataset_val_split,30,1,epoch_chunk,accuracy,1.0,1.0,1.0,1.0,0,True,False,,lora,"col,row,icl",411712,0.01472294527565292,4,tabiclv2
in_vehicle_coupon_recommendation,/home/crc00006699/zh/tabiclv2/data184/in_vehicle_coupon_recommendation,binclass,10147,2030,2537,21,2,0.788726842727631,0.7873963637710355,0.7797544632961577,0.8622005205859442,0.4581454821567852,22.753209829330444,4.533617734909058,ok,,10147,8117,0,2537,0.5301167964935303,16,1e-05,True,22.503331899642944,full_train_epoch_chunks,full train set chunked per epoch | validation=dataset_val_split,30,1,epoch_chunk,accuracy,0.7630541871921183,0.7640394088669951,0.7630541871921183,0.7640394088669951,8,True,False,,lora,"col,row,icl",411712,0.01472294527565292,4,tabiclv2
internet_firewall,/home/crc00006699/zh/tabiclv2/data184/internet_firewall,multiclass,52425,10485,13107,7,4,0.9311055161364157,0.9284386436830945,0.7765739770388135,0.9896019688664212,0.17645692370125474,86.4657769203186,49.11450219154358,ok,,52425,41940,0,13107,0.15307457745075226,79,1e-05,True,86.21466970443726,full_train_epoch_chunks,full train set chunked per epoch | validation=dataset_val_split,30,5,epoch_chunk,accuracy,0.7921793037672866,0.9346685741535526,0.7921793037672866,0.9346685741535526,8,True,False,,lora,"col,row,icl",411712,0.01472294527565292,4,tabiclv2
jasmine,/home/crc00006699/zh/tabiclv2/data184/jasmine,binclass,2387,478,597,144,2,0.8274706867671692,0.8260211189955259,0.8276245202127899,0.8864559718075913,0.380345070903496,26.99024796485901,4.2374818325042725,ok,,2387,1909,0,597,0.4001424163579941,16,1e-05,True,26.502774953842163,full_train_epoch_chunks,full train set chunked per epoch | validation=dataset_val_split,30,1,epoch_chunk,accuracy,0.8514644351464435,0.8556485355648535,0.8514644351464435,0.8556485355648535,8,True,False,,lora,"col,row,icl",411712,0.01472294527565292,4,tabiclv2
jm1,/home/crc00006699/zh/tabiclv2/data184/jm1,binclass,8708,1742,2177,21,2,0.8231511254019293,0.7879304528206537,0.5951241484912265,0.7636275220621256,0.42178502223609843,26.031286478042603,3.788033962249756,ok,,8708,6966,0,2177,0.41256149113178253,21,1e-05,True,25.86563491821289,full_train_epoch_chunks,full train set chunked per epoch | validation=dataset_val_split,30,1,epoch_chunk,accuracy,0.8231917336394948,0.8254879448909299,0.8231917336394948,0.8254879448909299,13,True,False,,lora,"col,row,icl",411712,0.01472294527565292,4,tabiclv2
jungle_chess_2pcs_raw_endgame_complete,/home/crc00006699/zh/tabiclv2/data184/jungle_chess_2pcs_raw_endgame_complete,multiclass,35855,7171,8964,6,3,0.9030566711289603,0.9027876164204932,0.8684191167739646,0.9882056296099826,0.1641409673865254,99.67702412605286,24.69815230369568,ok,,35855,28684,0,8964,0.25866004824638367,90,1e-05,True,99.49183964729309,full_train_epoch_chunks,full train set chunked per epoch | validation=dataset_val_split,30,3,epoch_chunk,accuracy,0.8931808673825129,0.9074048249895412,0.8931808673825129,0.9074048249895412,25,False,False,,lora,"col,row,icl",411712,0.01472294527565292,4,tabiclv2
kc1,/home/crc00006699/zh/tabiclv2/data184/kc1,binclass,1687,338,422,21,2,0.8720379146919431,0.855423482647913,0.6601163542340013,0.8574876104287869,0.30235077124882054,4.335515260696411,0.7261321544647217,ok,,1687,1349,0,422,0.34663647413253784,8,1e-05,True,4.276503324508667,full_train_epoch_chunks,full train set chunked per epoch | validation=dataset_val_split,30,1,epoch_chunk,accuracy,0.878698224852071,0.878698224852071,0.878698224852071,0.878698224852071,0,True,False,,lora,"col,row,icl",411712,0.01472294527565292,4,tabiclv2
kdd_ipums_la_97-small,/home/crc00006699/zh/tabiclv2/data184/kdd_ipums_la_97-small,binclass,4150,830,1038,20,2,0.8872832369942196,0.8866916895483286,0.8872832369942196,0.9507723835299098,0.25749145343934843,10.709428310394287,1.5967960357666016,ok,,4150,3320,0,1038,0.2538723945617676,16,1e-05,True,10.621513366699219,full_train_epoch_chunks,full train set chunked per epoch | validation=dataset_val_split,30,1,epoch_chunk,accuracy,0.8819277108433735,0.8855421686746988,0.8819277108433735,0.8855421686746988,8,True,False,,lora,"col,row,icl",411712,0.01472294527565292,4,tabiclv2
kr-vs-kp,/home/crc00006699/zh/tabiclv2/data184/kr-vs-kp,binclass,2556,512,640,36,2,0.9984375,0.9984376031804653,0.9985029940119761,0.9999706469414114,0.007196033605107383,11.459985494613647,1.3241539001464844,ok,,2556,2044,0,640,0.015560760162770748,16,1e-05,True,11.321144819259644,full_train_epoch_chunks,full train set chunked per epoch | validation=dataset_val_split,30,1,epoch_chunk,accuracy,0.99609375,0.998046875,0.99609375,0.998046875,8,True,False,,lora,"col,row,icl",411712,0.01472294527565292,4,tabiclv2
law-school-admission-bianry,/home/crc00006699/zh/tabiclv2/data184/law-school-admission-bianry,binclass,16640,3328,4160,11,2,1.0,1.0,1.0,1.0,7.029863807826597e-07,14.781919717788696,7.610414266586304,ok,,16640,13312,0,4160,8.632498975202907e-06,16,1e-05,True,14.610597133636475,full_train_epoch_chunks,full train set chunked per epoch | validation=dataset_val_split,30,2,epoch_chunk,accuracy,1.0,1.0,1.0,1.0,0,True,False,,lora,"col,row,icl",411712,0.01472294527565292,4,tabiclv2
led24,/home/crc00006699/zh/tabiclv2/data184/led24,multiclass,2560,512,640,24,10,0.734375,0.7298178871074521,0.734218004208807,0.957987469091403,0.7794829963446954,5.298961400985718,1.060389518737793,ok,,2560,2048,0,640,0.829091489315033,8,1e-05,True,5.2041590213775635,full_train_epoch_chunks,full train set chunked per epoch | validation=dataset_val_split,30,1,epoch_chunk,accuracy,0.71875,0.71875,0.71875,0.71875,0,True,False,,lora,"col,row,icl",411712,0.01472294527565292,4,tabiclv2
led7,/home/crc00006699/zh/tabiclv2/data184/led7,multiclass,2560,512,640,7,10,0.7390625,0.7348809865674293,0.7371144838134168,0.9595099604091344,0.779391786841342,5.2643609046936035,0.7455427646636963,ok,,2560,2048,0,640,0.8123676776885986,11,1e-05,True,5.22248387336731,full_train_epoch_chunks,full train set chunked per epoch | validation=dataset_val_split,30,1,epoch_chunk,accuracy,0.73046875,0.732421875,0.73046875,0.732421875,3,True,False,,lora,"col,row,icl",411712,0.01472294527565292,4,tabiclv2
madeline,/home/crc00006699/zh/tabiclv2/data184/madeline,binclass,2512,503,628,259,2,0.9251592356687898,0.9251552500828009,0.9251257708536189,0.9768338201882506,0.19085762932781442,27.575907945632935,7.158973932266235,ok,,2512,2009,0,628,0.33269003033638,11,1e-05,True,26.957438468933105,full_train_epoch_chunks,full train set chunked per epoch | validation=dataset_val_split,30,1,epoch_chunk,accuracy,0.9224652087475149,0.9244532803180915,0.9224652087475149,0.9244532803180915,3,True,False,,lora,"col,row,icl",411712,0.01472294527565292,4,tabiclv2
mammography,/home/crc00006699/zh/tabiclv2/data184/mammography,binclass,8946,1790,2237,6,2,0.989718372820742,0.988999218558277,0.8257789121633515,0.9873965851082557,0.0319975892860082,7.339672565460205,2.2486650943756104,ok,,8946,7156,0,2237,0.06881042756140232,8,1e-05,True,7.2661683559417725,full_train_epoch_chunks,full train set chunked per epoch | validation=dataset_val_split,30,1,epoch_chunk,accuracy,0.9871508379888269,0.9871508379888269,0.9871508379888269,0.9871508379888269,0,True,False,,lora,"col,row,icl",411712,0.01472294527565292,4,tabiclv2
maternal_health_risk,/home/crc00006699/zh/tabiclv2/data184/maternal_health_risk,multiclass,811,163,203,6,3,0.8719211822660099,0.8701077326808658,0.8734096074062906,0.9621390033883976,0.3317811481827289,3.158278226852417,0.5384025573730469,ok,,811,648,0,203,0.49796833097934723,8,1e-05,True,3.1333365440368652,full_train_epoch_chunks,full train set chunked per epoch | validation=dataset_val_split,30,1,epoch_chunk,accuracy,0.8159509202453987,0.8159509202453987,0.8159509202453987,0.8159509202453987,0,True,False,,lora,"col,row,icl",411712,0.01472294527565292,4,tabiclv2
mfeat-factors,/home/crc00006699/zh/tabiclv2/data184/mfeat-factors,multiclass,1600,320,400,216,10,0.9825,0.9824984372558212,0.9824999999999999,0.9997569444444444,0.07718598448875581,13.83473253250122,4.105544805526733,ok,,1600,1280,0,400,0.03935405611991882,8,1e-05,True,13.448424816131592,full_train_epoch_chunks,full train set chunked per epoch | validation=dataset_val_split,30,1,epoch_chunk,accuracy,0.984375,0.984375,0.984375,0.984375,0,True,False,,lora,"col,row,icl",411712,0.01472294527565292,4,tabiclv2
mfeat-fourier,/home/crc00006699/zh/tabiclv2/data184/mfeat-fourier,multiclass,1600,320,400,76,10,0.9225,0.9218915524806743,0.9225,0.9951180555555557,0.20610256498734247,7.091346025466919,1.3817148208618164,ok,,1600,1280,0,400,0.3012783080339432,8,1e-05,True,6.9388651847839355,full_train_epoch_chunks,full train set chunked per epoch | validation=dataset_val_split,30,1,epoch_chunk,accuracy,0.90625,0.90625,0.90625,0.90625,0,True,False,,lora,"col,row,icl",411712,0.01472294527565292,4,tabiclv2
mfeat-karhunen,/home/crc00006699/zh/tabiclv2/data184/mfeat-karhunen,multiclass,1600,320,400,64,10,0.975,0.9750157272070241,0.975,0.9996944444444443,0.09221786004628293,5.994272708892822,1.1953930854797363,ok,,1600,1280,0,400,0.04450288787484169,8,1e-05,True,5.869635820388794,full_train_epoch_chunks,full train set chunked per epoch | validation=dataset_val_split,30,1,epoch_chunk,accuracy,0.978125,0.978125,0.978125,0.978125,0,True,False,,lora,"col,row,icl",411712,0.01472294527565292,4,tabiclv2
mfeat-morphological,/home/crc00006699/zh/tabiclv2/data184/mfeat-morphological,multiclass,1600,320,400,6,10,0.77,0.7619729916146867,0.7699999999999999,0.9741041666666668,0.4927334706374584,3.4714367389678955,0.4155304431915283,ok,,1600,1280,0,400,0.7234824597835541,8,1e-05,True,3.4431917667388916,full_train_epoch_chunks,full train set chunked per epoch | validation=dataset_val_split,30,1,epoch_chunk,accuracy,0.74375,0.74375,0.74375,0.74375,0,True,False,,lora,"col,row,icl",411712,0.01472294527565292,4,tabiclv2
mfeat-pixel,/home/crc00006699/zh/tabiclv2/data184/mfeat-pixel,multiclass,1600,320,400,240,10,0.975,0.9749480106103701,0.975,0.9995416666666668,0.1172029145955122,27.227038383483887,4.951007604598999,ok,,1600,1280,0,400,0.06935933977365494,13,1e-05,True,26.56598210334778,full_train_epoch_chunks,full train set chunked per epoch | validation=dataset_val_split,30,1,epoch_chunk,accuracy,0.98125,0.984375,0.98125,0.984375,5,True,False,,lora,"col,row,icl",411712,0.01472294527565292,4,tabiclv2
mfeat-zernike,/home/crc00006699/zh/tabiclv2/data184/mfeat-zernike,multiclass,1600,320,400,47,10,0.8975,0.8961952300745445,0.8975,0.9926458333333332,0.22069224616083274,9.228923320770264,1.002366542816162,ok,,1600,1280,0,400,0.1941797435283661,14,1e-05,True,9.122994422912598,full_train_epoch_chunks,full train set chunked per epoch | validation=dataset_val_split,30,1,epoch_chunk,accuracy,0.865625,0.86875,0.865625,0.86875,6,True,False,,lora,"col,row,icl",411712,0.01472294527565292,4,tabiclv2
mice_protein_expression,/home/crc00006699/zh/tabiclv2/data184/mice_protein_expression,multiclass,864,173,216,75,8,1.0,1.0,1.0,1.0,1.6068522330736386e-06,5.858795404434204,0.825108528137207,ok,,864,691,0,216,0.000161707830557134,8,1e-05,True,5.742464303970337,full_train_epoch_chunks,full train set chunked per epoch | validation=dataset_val_split,30,1,epoch_chunk,accuracy,1.0,1.0,1.0,1.0,0,True,False,,lora,"col,row,icl",411712,0.01472294527565292,4,tabiclv2
microaggregation2,/home/crc00006699/zh/tabiclv2/data184/microaggregation2,multiclass,16000,3200,4000,20,5,0.6445,0.5978512114251717,0.438067173379301,0.8357834054145904,0.8613286429380488,17.02630043029785,8.282625198364258,ok,,16000,12800,0,4000,0.9441423118114471,16,1e-05,True,16.7761332988739,full_train_epoch_chunks,full train set chunked per epoch | validation=dataset_val_split,30,2,epoch_chunk,accuracy,0.650625,0.650625,0.650625,0.650625,0,True,False,,lora,"col,row,icl",411712,0.01472294527565292,4,tabiclv2
mobile_c36_oversampling,/home/crc00006699/zh/tabiclv2/data184/mobile_c36_oversampling,binclass,41408,8282,10352,6,2,0.9943006182380216,0.9942951938172699,0.9930950261844005,0.9993373902411394,0.023806655024802066,44.41100001335144,23.747546911239624,ok,,41408,33126,0,10352,0.08079520612955093,44,1e-05,True,44.223161935806274,full_train_epoch_chunks,full train set chunked per epoch | validation=dataset_val_split,30,4,epoch_chunk,accuracy,0.9942042984786283,0.9945665298237141,0.9942042984786283,0.9945665298237141,3,True,False,,lora,"col,row,icl",411712,0.01472294527565292,4,tabiclv2
mozilla4,/home/crc00006699/zh/tabiclv2/data184/mozilla4,binclass,12436,2488,3109,4,2,0.944033451270505,0.9434198517226945,0.926606745513415,0.9780999140143485,0.15917311060874945,9.653349876403809,2.20661997795105,ok,,12436,9948,0,3109,0.19004470109939575,8,1e-05,True,9.586565971374512,full_train_epoch_chunks,full train set chunked per epoch | validation=dataset_val_split,30,1,epoch_chunk,accuracy,0.942524115755627,0.942524115755627,0.942524115755627,0.942524115755627,0,True,False,,lora,"col,row,icl",411712,0.01472294527565292,4,tabiclv2
national-longitudinal-survey-binary,/home/crc00006699/zh/tabiclv2/data184/national-longitudinal-survey-binary,binclass,3926,786,982,16,2,1.0,1.0,1.0,1.0,0.00023895636236706294,5.410772323608398,1.3827641010284424,ok,,3926,3140,0,982,0.0004484137025428936,8,1e-05,True,5.325681209564209,full_train_epoch_chunks,full train set chunked per epoch | validation=dataset_val_split,30,1,epoch_chunk,accuracy,1.0,1.0,1.0,1.0,0,True,False,,lora,"col,row,icl",411712,0.01472294527565292,4,tabiclv2
okcupid_stem,/home/crc00006699/zh/tabiclv2/data184/okcupid_stem,multiclass,21341,4269,5336,13,3,0.7507496251874063,0.697834419276341,0.4950643543211581,0.8097257896906261,0.588670379457596,29.383604764938354,11.455543279647827,ok,,21341,17072,0,5336,0.610508531332016,24,1e-05,True,29.089934825897217,full_train_epoch_chunks,full train set chunked per epoch | validation=dataset_val_split,30,2,epoch_chunk,accuracy,0.7505270555165144,0.7514640431014289,0.7505270555165144,0.7514640431014289,4,True,False,,lora,"col,row,icl",411712,0.01472294527565292,4,tabiclv2
online_shoppers,/home/crc00006699/zh/tabiclv2/data184/online_shoppers,binclass,9864,1973,2466,14,2,0.9059205190592052,0.9004964363091227,0.7711634894634765,0.9299587482790848,0.22666794952855213,13.34128475189209,3.9079530239105225,ok,,9864,7891,0,2466,0.2231418788433075,11,1e-05,True,13.192094564437866,full_train_epoch_chunks,full train set chunked per epoch | validation=dataset_val_split,30,1,epoch_chunk,accuracy,0.8976178408514952,0.9001520527116067,0.8976178408514952,0.9001520527116067,3,True,False,,lora,"col,row,icl",411712,0.01472294527565292,4,tabiclv2
optdigits,/home/crc00006699/zh/tabiclv2/data184/optdigits,multiclass,4496,900,1124,64,10,0.9973309608540926,0.9973309085886541,0.9973370927318296,0.9999911977553776,0.009104501050854747,10.888916492462158,3.2522499561309814,ok,,4496,3596,0,1124,0.02106097899377346,8,1e-05,True,10.631547212600708,full_train_epoch_chunks,full train set chunked per epoch | validation=dataset_val_split,30,1,epoch_chunk,accuracy,0.9933333333333333,0.9933333333333333,0.9933333333333333,0.9933333333333333,0,True,False,,lora,"col,row,icl",411712,0.01472294527565292,4,tabiclv2
ozone-level-8hr,/home/crc00006699/zh/tabiclv2/data184/ozone-level-8hr,binclass,2027,406,507,72,2,0.9546351084812623,0.9468295802699368,0.684342105263158,0.9487828947368422,0.12184256439094712,11.057823657989502,1.6527769565582275,ok,,2027,1621,0,507,0.2141854092478752,12,1e-05,True,10.89072847366333,full_train_epoch_chunks,full train set chunked per epoch | validation=dataset_val_split,30,1,epoch_chunk,accuracy,0.9408866995073891,0.9433497536945813,0.9408866995073891,0.9433497536945813,4,True,False,,lora,"col,row,icl",411712,0.01472294527565292,4,tabiclv2
ozone_level,/home/crc00006699/zh/tabiclv2/data184/ozone_level,binclass,2028,406,508,36,2,0.9783464566929134,0.9715321032632115,0.49799599198396793,0.8274326430639055,0.08696811511994194,5.749679327011108,1.0102431774139404,ok,,2028,1622,0,508,0.07698728516697884,8,1e-05,True,5.60249662399292,full_train_epoch_chunks,full train set chunked per epoch | validation=dataset_val_split,30,1,epoch_chunk,accuracy,0.9679802955665024,0.9679802955665024,0.9679802955665024,0.9679802955665024,0,True,False,,lora,"col,row,icl",411712,0.01472294527565292,4,tabiclv2
page-blocks,/home/crc00006699/zh/tabiclv2/data184/page-blocks,multiclass,4378,876,1095,10,5,0.9771689497716894,0.9769424468656429,0.8995303112955375,0.9918795167484771,0.08606413347715969,4.527334213256836,1.2832136154174805,ok,,4378,3502,0,1095,0.07028306648135185,8,1e-05,True,4.471314430236816,full_train_epoch_chunks,full train set chunked per epoch | validation=dataset_val_split,30,1,epoch_chunk,accuracy,0.9714611872146118,0.9714611872146118,0.9714611872146118,0.9714611872146118,0,True,False,,lora,"col,row,icl",411712,0.01472294527565292,4,tabiclv2
pc1,/home/crc00006699/zh/tabiclv2/data184/pc1,binclass,887,178,222,21,2,0.9459459459459459,0.9366302968198703,0.6618357487922705,0.8974235104669888,0.1535725595447421,3.5595197677612305,0.7881665229797363,ok,,887,709,0,222,0.18738208711147308,8,1e-05,True,3.5121572017669678,full_train_epoch_chunks,full train set chunked per epoch | validation=dataset_val_split,30,1,epoch_chunk,accuracy,0.9325842696629213,0.9325842696629213,0.9325842696629213,0.9325842696629213,0,True,False,,lora,"col,row,icl",411712,0.01472294527565292,4,tabiclv2
pc3,/home/crc00006699/zh/tabiclv2/data184/pc3,binclass,1250,250,313,37,2,0.9009584664536742,0.8713234468060816,0.5571619217081851,0.8390791814946619,0.2603742499232982,4.96781587600708,0.7088744640350342,ok,,1250,1000,0,313,0.22384465485811234,8,1e-05,True,4.892107009887695,full_train_epoch_chunks,full train set chunked per epoch | validation=dataset_val_split,30,1,epoch_chunk,accuracy,0.884,0.884,0.884,0.884,0,True,False,,lora,"col,row,icl",411712,0.01472294527565292,4,tabiclv2
pc4,/home/crc00006699/zh/tabiclv2/data184/pc4,binclass,1166,234,292,37,2,0.910958904109589,0.9074272635916473,0.7582465277777778,0.9614800347222222,0.1932896215941702,4.7057740688323975,0.7001636028289795,ok,,1166,932,0,292,0.16148845851421356,8,1e-05,True,4.627889394760132,full_train_epoch_chunks,full train set chunked per epoch | validation=dataset_val_split,30,1,epoch_chunk,accuracy,0.9188034188034188,0.9188034188034188,0.9188034188034188,0.9188034188034188,0,True,False,,lora,"col,row,icl",411712,0.01472294527565292,4,tabiclv2
pendigits,/home/crc00006699/zh/tabiclv2/data184/pendigits,multiclass,8793,1759,2199,16,10,0.9972714870395635,0.9972742335430836,0.9972309029574287,0.9998058625154858,0.012029871925389306,9.204750299453735,3.529646635055542,ok,,8793,7034,0,2199,0.005367865087464452,8,1e-05,True,9.072997570037842,full_train_epoch_chunks,full train set chunked per epoch | validation=dataset_val_split,30,1,epoch_chunk,accuracy,0.9982944855031268,0.9982944855031268,0.9982944855031268,0.9982944855031268,0,True,False,,lora,"col,row,icl",411712,0.01472294527565292,4,tabiclv2
phoneme,/home/crc00006699/zh/tabiclv2/data184/phoneme,binclass,4323,865,1081,5,2,0.9037927844588344,0.9037927844588344,0.8839496589426397,0.9656651031430128,0.21826993767968814,5.658287525177002,0.7639896869659424,ok,,4323,3458,0,1081,0.22748494148254395,11,1e-05,True,5.619789361953735,full_train_epoch_chunks,full train set chunked per epoch | validation=dataset_val_split,30,1,epoch_chunk,accuracy,0.9248554913294798,0.9271676300578034,0.9248554913294798,0.9271676300578034,3,True,False,,lora,"col,row,icl",411712,0.01472294527565292,4,tabiclv2
pol,/home/crc00006699/zh/tabiclv2/data184/pol,binclass,8065,1613,2017,26,2,0.993554784333168,0.993554784333168,0.9935550285525508,0.9997561627888685,0.02088351942336358,14.32343053817749,3.7637250423431396,ok,,8065,6452,0,2017,0.031594314612448215,12,1e-05,True,14.167059421539307,full_train_epoch_chunks,full train set chunked per epoch | validation=dataset_val_split,30,1,epoch_chunk,accuracy,0.9882207067575945,0.9900805951642901,0.9882207067575945,0.9900805951642901,4,True,False,,lora,"col,row,icl",411712,0.01472294527565292,4,tabiclv2
predict_students_dropout_and_academic_success,/home/crc00006699/zh/tabiclv2/data184/predict_students_dropout_and_academic_success,multiclass,3539,708,885,34,3,0.784180790960452,0.7783916813875839,0.7108157449015025,0.8937113698011845,0.5517787763969653,9.73055386543274,1.7532157897949219,ok,,3539,2831,0,885,0.5419797599315643,11,1e-05,True,9.574132442474365,full_train_epoch_chunks,full train set chunked per epoch | validation=dataset_val_split,30,1,epoch_chunk,accuracy,0.8036723163841808,0.8050847457627118,0.8036723163841808,0.8050847457627118,3,True,False,,lora,"col,row,icl",411712,0.01472294527565292,4,tabiclv2
rice_cammeo_and_osmancik,/home/crc00006699/zh/tabiclv2/data184/rice_cammeo_and_osmancik,binclass,3048,610,762,7,2,0.931758530183727,0.9314798849732625,0.9268236055608712,0.9782708110542016,0.1859713640997366,4.156732797622681,0.8223614692687988,ok,,3048,2438,0,762,0.20623910427093506,8,1e-05,True,4.121201992034912,full_train_epoch_chunks,full train set chunked per epoch | validation=dataset_val_split,30,1,epoch_chunk,accuracy,0.9295081967213115,0.9295081967213115,0.9295081967213115,0.9295081967213115,0,True,False,,lora,"col,row,icl",411712,0.01472294527565292,4,tabiclv2
ringnorm,/home/crc00006699/zh/tabiclv2/data184/ringnorm,binclass,5920,1184,1480,20,2,0.9797297297297297,0.9797268415464133,0.9796512105721659,0.9972623554700841,0.060301288006399056,12.506007671356201,2.3393406867980957,ok,,5920,4736,0,1480,0.054967354983091354,14,1e-05,True,12.394352674484253,full_train_epoch_chunks,full train set chunked per epoch | validation=dataset_val_split,30,1,epoch_chunk,accuracy,0.981418918918919,0.9822635135135135,0.981418918918919,0.9822635135135135,6,True,False,,lora,"col,row,icl",411712,0.01472294527565292,4,tabiclv2
rl,/home/crc00006699/zh/tabiclv2/data184/rl,binclass,3976,796,994,12,2,0.9064386317907445,0.9064339915403745,0.9064386317907445,0.9567080551720788,0.2606995532448147,9.099162817001343,1.3134114742279053,ok,,3976,3180,0,994,0.3691756874322891,15,1e-05,True,9.031735897064209,full_train_epoch_chunks,full train set chunked per epoch | validation=dataset_val_split,30,1,epoch_chunk,accuracy,0.8831658291457286,0.885678391959799,0.8831658291457286,0.885678391959799,7,True,False,,lora,"col,row,icl",411712,0.01472294527565292,4,tabiclv2
satimage,/home/crc00006699/zh/tabiclv2/data184/satimage,multiclass,5144,1029,1286,36,6,0.9416796267496111,0.9403661525823097,0.9237728144634124,0.9965373733200873,0.1381777692143275,9.097581148147583,2.700033664703369,ok,,5144,4115,0,1286,0.20985890924930573,8,1e-05,True,8.930713891983032,full_train_epoch_chunks,full train set chunked per epoch | validation=dataset_val_split,30,1,epoch_chunk,accuracy,0.93488824101069,0.93488824101069,0.93488824101069,0.93488824101069,0,True,False,,lora,"col,row,icl",411712,0.01472294527565292,4,tabiclv2
segment,/home/crc00006699/zh/tabiclv2/data184/segment,multiclass,1848,370,462,17,7,0.9545454545454546,0.9545478826122294,0.9545454545454545,0.9971850540032359,0.13895818513630656,5.410455942153931,0.6773726940155029,ok,,1848,1478,0,462,0.15115095674991608,11,1e-05,True,5.35935378074646,full_train_epoch_chunks,full train set chunked per epoch | validation=dataset_val_split,30,1,epoch_chunk,accuracy,0.9486486486486486,0.9513513513513514,0.9486486486486486,0.9513513513513514,3,True,False,,lora,"col,row,icl",411712,0.01472294527565292,4,tabiclv2
seismic+bumps,/home/crc00006699/zh/tabiclv2/data184/seismic+bumps,binclass,2067,414,517,18,2,0.9342359767891683,0.9024719535783365,0.5,0.7202837656801852,0.22937034335914405,4.1470019817352295,0.7413840293884277,ok,,2067,1653,0,517,0.18927565217018127,8,1e-05,True,4.090364933013916,full_train_epoch_chunks,full train set chunked per epoch | validation=dataset_val_split,30,1,epoch_chunk,accuracy,0.9347826086956522,0.9347826086956522,0.9347826086956522,0.9347826086956522,0,True,False,,lora,"col,row,icl",411712,0.01472294527565292,4,tabiclv2
semeion,/home/crc00006699/zh/tabiclv2/data184/semeion,multiclass,1274,255,319,256,10,0.9686520376175548,0.9686948325435535,0.9686491935483872,0.9993351769635208,0.10077393346308919,19.057063102722168,3.7227256298065186,ok,,1274,1019,0,319,0.206515371799469,10,1e-05,True,18.596662998199463,full_train_epoch_chunks,full train set chunked per epoch | validation=dataset_val_split,30,1,epoch_chunk,accuracy,0.9568627450980393,0.9607843137254902,0.9568627450980393,0.9607843137254902,2,True,False,,lora,"col,row,icl",411712,0.01472294527565292,4,tabiclv2
shill-bidding,/home/crc00006699/zh/tabiclv2/data184/shill-bidding,binclass,5056,1012,1265,3,2,0.9090909090909091,0.8837209302325582,0.5911665195645778,0.9007696113830271,0.21100868657783534,4.27634596824646,0.5143840312957764,ok,,5056,4044,0,1265,0.28393154591321945,8,1e-05,True,4.242183208465576,full_train_epoch_chunks,full train set chunked per epoch | validation=dataset_val_split,30,1,epoch_chunk,accuracy,0.8893280632411067,0.8893280632411067,0.8893280632411067,0.8893280632411067,0,True,False,,lora,"col,row,icl",411712,0.01472294527565292,4,tabiclv2
shrutime,/home/crc00006699/zh/tabiclv2/data184/shrutime,binclass,8000,1600,2000,10,2,0.869,0.8566583203805755,0.7191233276201683,0.8810515847637563,0.30971950026037626,7.633686780929565,2.7445943355560303,ok,,8000,6400,0,2000,0.3394126892089844,8,1e-05,True,7.535651922225952,full_train_epoch_chunks,full train set chunked per epoch | validation=dataset_val_split,30,1,epoch_chunk,accuracy,0.8625,0.8625,0.8625,0.8625,0,True,False,,lora,"col,row,icl",411712,0.01472294527565292,4,tabiclv2
shuttle,/home/crc00006699/zh/tabiclv2/data184/shuttle,multiclass,46400,9280,11600,9,7,0.9993103448275862,0.9993053493768193,0.9197575345695059,0.9999959560437721,0.0010352882387268593,40.18799591064453,39.814510345458984,ok,,46400,37120,0,11600,0.0015124852070584893,30,1e-05,True,39.82774758338928,full_train_epoch_chunks,full train set chunked per epoch | validation=dataset_val_split,30,4,epoch_chunk,accuracy,0.9997844827586206,0.9997844827586206,0.9997844827586206,0.9997844827586206,0,True,False,,lora,"col,row,icl",411712,0.01472294527565292,4,tabiclv2
spambase,/home/crc00006699/zh/tabiclv2/data184/spambase,binclass,3680,736,921,57,2,0.9587404994571118,0.9587404994571118,0.9568041114961936,0.9919428893035931,0.11336581210638125,9.315449476242065,2.4807393550872803,ok,,3680,2944,0,921,0.13805941492319107,8,1e-05,True,9.136849164962769,full_train_epoch_chunks,full train set chunked per epoch | validation=dataset_val_split,30,1,epoch_chunk,accuracy,0.9660326086956522,0.9660326086956522,0.9660326086956522,0.9660326086956522,0,True,False,,lora,"col,row,icl",411712,0.01472294527565292,4,tabiclv2
splice,/home/crc00006699/zh/tabiclv2/data184/splice,multiclass,2552,511,638,60,3,0.9608150470219435,0.9607765132232094,0.9538905861102412,0.996896269173741,0.09757999841897448,8.607987403869629,1.845038652420044,ok,,2552,2041,0,638,0.12676344066858292,8,1e-05,True,8.390266418457031,full_train_epoch_chunks,full train set chunked per epoch | validation=dataset_val_split,30,1,epoch_chunk,accuracy,0.9686888454011742,0.9686888454011742,0.9686888454011742,0.9686888454011742,0,True,False,,lora,"col,row,icl",411712,0.01472294527565292,4,tabiclv2
sports_articles_for_objectivity_analysis,/home/crc00006699/zh/tabiclv2/data184/sports_articles_for_objectivity_analysis,binclass,800,160,200,59,2,0.845,0.8419021663172606,0.8167943048214863,0.8949412145399632,0.3955927970340074,5.0458292961120605,1.3546009063720703,ok,,800,640,0,200,0.4663744270801544,8,1e-05,True,4.937206268310547,full_train_epoch_chunks,full train set chunked per epoch | validation=dataset_val_split,30,1,epoch_chunk,accuracy,0.8375,0.8375,0.8375,0.8375,0,True,False,,lora,"col,row,icl",411712,0.01472294527565292,4,tabiclv2
statlog,/home/crc00006699/zh/tabiclv2/data184/statlog,binclass,800,160,200,20,2,0.73,0.7165280665280664,0.6404761904761905,0.7598809523809524,0.5213678978966343,3.5929055213928223,0.7203314304351807,ok,,800,640,0,200,0.4549384117126465,8,1e-05,True,3.5385546684265137,full_train_epoch_chunks,full train set chunked per epoch | validation=dataset_val_split,30,1,epoch_chunk,accuracy,0.775,0.775,0.775,0.775,0,True,False,,lora,"col,row,icl",411712,0.01472294527565292,4,tabiclv2
steel_plates_faults,/home/crc00006699/zh/tabiclv2/data184/steel_plates_faults,multiclass,1552,311,389,27,7,0.8534704370179949,0.8535671631581364,0.8930722055722056,0.9820034723082504,0.3680002226956034,7.316275596618652,0.7373101711273193,ok,,1552,1241,0,389,0.530426949262619,14,1e-05,True,7.246752500534058,full_train_epoch_chunks,full train set chunked per epoch | validation=dataset_val_split,30,1,epoch_chunk,accuracy,0.8167202572347267,0.8263665594855305,0.8167202572347267,0.8263665594855305,6,True,False,,lora,"col,row,icl",411712,0.01472294527565292,4,tabiclv2
svmguide3,/home/crc00006699/zh/tabiclv2/data184/svmguide3,binclass,994,199,249,22,2,0.891566265060241,0.8809269532161098,0.7754934210526316,0.9300073099415205,0.271304664320699,4.188486814498901,1.0059194564819336,ok,,994,795,0,249,0.3432420939207077,8,1e-05,True,4.120394468307495,full_train_epoch_chunks,full train set chunked per epoch | validation=dataset_val_split,30,1,epoch_chunk,accuracy,0.8592964824120602,0.8592964824120602,0.8592964824120602,0.8592964824120602,0,True,False,,lora,"col,row,icl",411712,0.01472294527565292,4,tabiclv2
sylvine,/home/crc00006699/zh/tabiclv2/data184/sylvine,binclass,4099,820,1025,20,2,0.9775609756097561,0.9775608474625496,0.9775638096978557,0.9985303971734892,0.05115348951519547,7.098403215408325,1.5794768333435059,ok,,4099,3279,0,1025,0.07848311588168144,10,1e-05,True,7.004365921020508,full_train_epoch_chunks,full train set chunked per epoch | validation=dataset_val_split,30,1,epoch_chunk,accuracy,0.9817073170731707,0.9829268292682927,0.9817073170731707,0.9829268292682927,2,True,False,,lora,"col,row,icl",411712,0.01472294527565292,4,tabiclv2
taiwanese_bankruptcy_prediction,/home/crc00006699/zh/tabiclv2/data184/taiwanese_bankruptcy_prediction,binclass,5455,1091,1364,95,2,0.9714076246334311,0.9652245346645261,0.6227272727272728,0.9290461432506887,0.08798270179335811,19.45708131790161,5.95825982093811,ok,,5455,4364,0,1364,0.08454063162207603,10,1e-05,True,19.022650957107544,full_train_epoch_chunks,full train set chunked per epoch | validation=dataset_val_split,30,1,epoch_chunk,accuracy,0.9670027497708524,0.9679193400549955,0.9670027497708524,0.9679193400549955,2,True,False,,lora,"col,row,icl",411712,0.01472294527565292,4,tabiclv2
telco-customer-churn,/home/crc00006699/zh/tabiclv2/data184/telco-customer-churn,binclass,5634,1127,1409,18,2,0.8062455642299503,0.7983669845484236,0.7178459789712986,0.8515913611821541,0.4092022130932777,11.550730466842651,2.1642251014709473,ok,,5634,4507,0,1409,0.42804694175720215,13,1e-05,True,11.4150972366333,full_train_epoch_chunks,full train set chunked per epoch | validation=dataset_val_split,30,1,epoch_chunk,accuracy,0.8154392191659272,0.8181011535048802,0.8154392191659272,0.8181011535048802,5,True,False,,lora,"col,row,icl",411712,0.01472294527565292,4,tabiclv2
thyroid,/home/crc00006699/zh/tabiclv2/data184/thyroid,multiclass,5760,1152,1440,21,3,0.9958333333333333,0.9958351747620041,0.9745432877465886,0.9998248728262716,0.011391992724352774,9.006872415542603,2.352034568786621,ok,,5760,4608,0,1440,0.011512632016092539,10,1e-05,True,8.91052794456482,full_train_epoch_chunks,full train set chunked per epoch | validation=dataset_val_split,30,1,epoch_chunk,accuracy,0.9930555555555556,0.9939236111111112,0.9930555555555556,0.9939236111111112,2,True,False,,lora,"col,row,icl",411712,0.01472294527565292,4,tabiclv2
thyroid-ann,/home/crc00006699/zh/tabiclv2/data184/thyroid-ann,multiclass,3017,604,755,21,3,0.9920529801324504,0.9919737363445972,0.9376413813904388,0.9996798462475232,0.01515805489912601,5.216890811920166,1.1974172592163086,ok,,3017,2413,0,755,0.007103416137397289,8,1e-05,True,5.146629571914673,full_train_epoch_chunks,full train set chunked per epoch | validation=dataset_val_split,30,1,epoch_chunk,accuracy,0.9950331125827815,0.9950331125827815,0.9950331125827815,0.9950331125827815,0,True,False,,lora,"col,row,icl",411712,0.01472294527565292,4,tabiclv2
thyroid-dis,/home/crc00006699/zh/tabiclv2/data184/thyroid-dis,multiclass,2240,448,560,26,5,0.6982142857142857,0.6783923802078972,0.4109996425592756,0.8838880720498905,0.6946470903638317,5.18975305557251,0.9994404315948486,ok,,2240,1792,0,560,0.6810477674007416,8,1e-05,True,5.096522092819214,full_train_epoch_chunks,full train set chunked per epoch | validation=dataset_val_split,30,1,epoch_chunk,accuracy,0.7477678571428571,0.7477678571428571,0.7477678571428571,0.7477678571428571,0,True,False,,lora,"col,row,icl",411712,0.01472294527565292,4,tabiclv2
turiye_student_evaluation,/home/crc00006699/zh/tabiclv2/data184/turiye_student_evaluation,multiclass,4656,932,1164,32,5,0.5189003436426117,0.489980248448483,0.4076929861503973,0.7691569771005297,1.1799741569450144,10.36389422416687,2.2524466514587402,ok,,4656,3724,0,1164,1.2066062688827515,11,1e-05,True,10.21992039680481,full_train_epoch_chunks,full train set chunked per epoch | validation=dataset_val_split,30,1,epoch_chunk,accuracy,0.5150214592274678,0.5171673819742489,0.5150214592274678,0.5171673819742489,3,True,False,,lora,"col,row,icl",411712,0.01472294527565292,4,tabiclv2
twonorm,/home/crc00006699/zh/tabiclv2/data184/twonorm,binclass,5920,1184,1480,20,2,0.9777027027027027,0.9777023464142109,0.977709053522742,0.9984422908003849,0.05202472561498736,7.007268667221069,2.3069608211517334,ok,,5920,4736,0,1480,0.047494616359472275,8,1e-05,True,6.8953094482421875,full_train_epoch_chunks,full train set chunked per epoch | validation=dataset_val_split,30,1,epoch_chunk,accuracy,0.9738175675675675,0.9738175675675675,0.9738175675675675,0.9738175675675675,0,True,False,,lora,"col,row,icl",411712,0.01472294527565292,4,tabiclv2
vehicle,/home/crc00006699/zh/tabiclv2/data184/vehicle,multiclass,676,136,170,18,4,0.8764705882352941,0.87399709513435,0.8766233766233766,0.9748813469516595,0.25655544411355224,3.4311530590057373,0.5651583671569824,ok,,676,540,0,170,0.251439169049263,8,1e-05,True,3.393155813217163,full_train_epoch_chunks,full train set chunked per epoch | validation=dataset_val_split,30,1,epoch_chunk,accuracy,0.9044117647058824,0.9044117647058824,0.9044117647058824,0.9044117647058824,0,True,False,,lora,"col,row,icl",411712,0.01472294527565292,4,tabiclv2
wall-robot-navigation,/home/crc00006699/zh/tabiclv2/data184/wall-robot-navigation,multiclass,4364,873,1092,24,4,0.9935897435897436,0.9935906981990156,0.9885848278705422,0.9999535857385144,0.015290200393510554,6.2852277755737305,1.7914988994598389,ok,,4364,3491,0,1092,0.030952755361795425,8,1e-05,True,6.174353122711182,full_train_epoch_chunks,full train set chunked per epoch | validation=dataset_val_split,30,1,epoch_chunk,accuracy,0.9862542955326461,0.9862542955326461,0.9862542955326461,0.9862542955326461,0,True,False,,lora,"col,row,icl",411712,0.01472294527565292,4,tabiclv2
water_quality,/home/crc00006699/zh/tabiclv2/data184/water_quality,binclass,6396,1280,1600,20,2,0.9125,0.9013763306864506,0.6872239185356251,0.9107917822656892,0.21416410411645512,7.931274175643921,2.306368827819824,ok,,6396,5116,0,1600,0.23526184260845184,10,1e-05,True,7.842430353164673,full_train_epoch_chunks,full train set chunked per epoch | validation=dataset_val_split,30,1,epoch_chunk,accuracy,0.89609375,0.89765625,0.89609375,0.89765625,2,True,False,,lora,"col,row,icl",411712,0.01472294527565292,4,tabiclv2
waveform-5000,/home/crc00006699/zh/tabiclv2/data184/waveform-5000,multiclass,4000,800,1000,40,3,0.865,0.8649918882185322,0.8650911409451961,0.9782348820370057,0.258950101065464,7.256810188293457,2.1301963329315186,ok,,4000,3200,0,1000,0.24842198938131332,8,1e-05,True,7.106427907943726,full_train_epoch_chunks,full train set chunked per epoch | validation=dataset_val_split,30,1,epoch_chunk,accuracy,0.87625,0.87625,0.87625,0.87625,0,True,False,,lora,"col,row,icl",411712,0.01472294527565292,4,tabiclv2
waveform_database_generator_version_1,/home/crc00006699/zh/tabiclv2/data184/waveform_database_generator_version_1,multiclass,4000,800,1000,21,3,0.871,0.8705334846679682,0.8708938469715716,0.9728360537150014,0.2924500980734523,7.475994110107422,1.5625367164611816,ok,,4000,3200,0,1000,0.30126090347766876,11,1e-05,True,7.388514757156372,full_train_epoch_chunks,full train set chunked per epoch | validation=dataset_val_split,30,1,epoch_chunk,accuracy,0.85625,0.8575,0.85625,0.8575,3,True,False,,lora,"col,row,icl",411712,0.01472294527565292,4,tabiclv2
website_phishing,/home/crc00006699/zh/tabiclv2/data184/website_phishing,multiclass,1082,217,271,9,3,0.9261992619926199,0.9264532281561662,0.9452380952380953,0.9791403696056866,0.23896401267154133,3.2950141429901123,0.31771302223205566,ok,,1082,865,0,271,0.19527796655893326,8,1e-05,True,3.259754180908203,full_train_epoch_chunks,full train set chunked per epoch | validation=dataset_val_split,30,1,epoch_chunk,accuracy,0.9170506912442397,0.9170506912442397,0.9170506912442397,0.9170506912442397,0,True,False,,lora,"col,row,icl",411712,0.01472294527565292,4,tabiclv2
wine,/home/crc00006699/zh/tabiclv2/data184/wine,binclass,2043,409,511,4,2,0.7886497064579256,0.7877377608921714,0.7887791053921569,0.8817938112745097,0.4331555642804695,4.245648622512817,0.2309103012084961,ok,,2043,1634,0,511,0.48266251385211945,11,1e-05,True,4.220345735549927,full_train_epoch_chunks,full train set chunked per epoch | validation=dataset_val_split,30,1,epoch_chunk,accuracy,0.823960880195599,0.8264058679706602,0.823960880195599,0.8264058679706602,3,True,False,,lora,"col,row,icl",411712,0.01472294527565292,4,tabiclv2
wine-quality-red,/home/crc00006699/zh/tabiclv2/data184/wine-quality-red,multiclass,1279,256,320,4,6,0.68125,0.6621077801687107,0.33596813725490193,0.8512393098501391,0.8172748421617271,3.0552875995635986,0.31696295738220215,ok,,1279,1023,0,320,0.8318980634212494,8,1e-05,True,3.031569004058838,full_train_epoch_chunks,full train set chunked per epoch | validation=dataset_val_split,30,1,epoch_chunk,accuracy,0.6484375,0.6484375,0.6484375,0.6484375,0,True,False,,lora,"col,row,icl",411712,0.01472294527565292,4,tabiclv2
wine-quality-white,/home/crc00006699/zh/tabiclv2/data184/wine-quality-white,multiclass,3918,784,980,11,7,0.689795918367347,0.6817477617181938,0.4024815268187875,0.9115285365381001,0.7502429571641825,8.00950837135315,1.196462869644165,ok,,3918,3134,0,980,0.8209658265113831,15,1e-05,True,7.950901031494141,full_train_epoch_chunks,full train set chunked per epoch | validation=dataset_val_split,30,1,epoch_chunk,accuracy,0.6938775510204082,0.6951530612244898,0.6938775510204082,0.6951530612244898,7,True,False,,lora,"col,row,icl",411712,0.01472294527565292,4,tabiclv2
yeast,/home/crc00006699/zh/tabiclv2/data184/yeast,multiclass,1187,238,297,8,10,0.632996632996633,0.6261926752044642,0.5807255406538709,0.8859665091304258,0.9736242936570227,5.887773275375366,0.33590197563171387,ok,,1187,949,0,297,1.0615670680999756,16,1e-05,True,5.857017517089844,full_train_epoch_chunks,full train set chunked per epoch | validation=dataset_val_split,30,1,epoch_chunk,accuracy,0.5630252100840336,0.5672268907563025,0.5630252100840336,0.5672268907563025,8,True,False,,lora,"col,row,icl",411712,0.01472294527565292,4,tabiclv2
