dataset_name,dataset_dir,task_type,n_train,n_val,n_test,n_features,n_classes,accuracy,f1,balanced_accuracy,roc_auc,log_loss,fit_seconds,predict_seconds,status,error,n_train_a,n_train_b,n_holdout_c,n_test_d,ttt_loss,ttt_wise_ft,ttt_wise_alpha,ttt_wise_applied,ttt_steps,ttt_lr,ttt_applied,ttt_update_seconds,ttt_split_strategy,ttt_split_reason,ttt_epochs,ttt_chunks_per_epoch,ttt_batch_mode,ttt_val_eval_metric,ttt_val_baseline_metric,ttt_val_best_metric,ttt_val_baseline_accuracy,ttt_val_best_accuracy,ttt_best_epoch,ttt_stopped_early,ttt_oom_fallback,ttt_fallback_reason,ttt_c_selection,ttt_c_source,ttt_c_metric,ttt_c_f_distance_mean,ttt_c_f_distance_std,ttt_c_fallback_reason,ttt_c_label_coverage_ok
stage1_graph_scm_0000_seed42,/home/crc00006699/zh/tabiclv2/results/tabiclv2_prior_data/graph_scm_3stage_512_seed42/stage1_graph_scm_0000_seed42,multiclass,584,59,440,36,5,0.6363636363636364,0.6155676377336613,0.5968947484770907,0.8879268880785828,0.8302327976262496,11.424911975860596,1.0338149070739746,ok,,584,525,0,440,0.8863887190818787,True,0.1,True,15,1e-05,True,11.334199666976929,full_train_epoch_chunks,full train set chunked per epoch | validation=auto_stratified_validation | wise_ft=alpha0.1 rows=1024<2000,30,1,epoch_chunk,accuracy,0.6271186440677966,0.6779661016949152,0.6271186440677966,0.6779661016949152,7,True,False,,random,none,standardized_l2,,,,True
stage1_graph_scm_0001_seed42,/home/crc00006699/zh/tabiclv2/results/tabiclv2_prior_data/graph_scm_3stage_512_seed42/stage1_graph_scm_0001_seed42,multiclass,584,59,440,36,3,0.8477272727272728,0.848131770716998,0.8205730641129563,0.9536704303408426,0.38575349205565923,4.330248117446899,1.0642554759979248,ok,,584,525,0,440,0.39454735815525055,True,0.1,True,8,1e-05,True,4.240707635879517,full_train_epoch_chunks,full train set chunked per epoch | validation=auto_stratified_validation | wise_ft=alpha0.1 rows=1024<2000,30,1,epoch_chunk,accuracy,0.864406779661017,0.864406779661017,0.864406779661017,0.864406779661017,0,True,False,,random,none,standardized_l2,,,,True
stage1_graph_scm_0002_seed42,/home/crc00006699/zh/tabiclv2/results/tabiclv2_prior_data/graph_scm_3stage_512_seed42/stage1_graph_scm_0002_seed42,multiclass,584,59,440,36,5,0.6659090909090909,0.6647523295255269,0.6555054455931669,0.9123695992581876,0.7691801837181912,4.460535287857056,1.0351674556732178,ok,,584,525,0,440,0.7216708362102509,True,0.1,True,8,1e-05,True,4.3689703941345215,full_train_epoch_chunks,full train set chunked per epoch | validation=auto_stratified_validation | wise_ft=alpha0.1 rows=1024<2000,30,1,epoch_chunk,accuracy,0.7288135593220338,0.7288135593220338,0.7288135593220338,0.7288135593220338,0,True,False,,random,none,standardized_l2,,,,True
stage1_graph_scm_0003_seed42,/home/crc00006699/zh/tabiclv2/results/tabiclv2_prior_data/graph_scm_3stage_512_seed42/stage1_graph_scm_0003_seed42,binclass,584,59,440,36,2,1.0,1.0,1.0,1.0,4.695825235411942e-05,4.260183334350586,1.0675547122955322,ok,,584,525,0,440,6.656987352471333e-06,True,0.1,True,8,1e-05,True,4.169596433639526,full_train_epoch_chunks,full train set chunked per epoch | validation=auto_stratified_validation | wise_ft=alpha0.1 rows=1024<2000,30,1,epoch_chunk,accuracy,1.0,1.0,1.0,1.0,0,True,False,,random,none,standardized_l2,,,,True
stage1_graph_scm_0004_seed42,/home/crc00006699/zh/tabiclv2/results/tabiclv2_prior_data/graph_scm_3stage_512_seed42/stage1_graph_scm_0004_seed42,multiclass,458,46,566,36,5,0.2597173144876325,0.1804156708821266,0.239127631167506,0.5849768558644737,1.5751291547323776,4.039644479751587,0.9992210865020752,ok,,458,412,0,566,1.4805521368980408,True,0.1,True,8,1e-05,True,3.955491781234741,full_train_epoch_chunks,full train set chunked per epoch | validation=auto_stratified_validation | wise_ft=alpha0.1 rows=1024<2000,30,1,epoch_chunk,accuracy,0.32608695652173914,0.32608695652173914,0.32608695652173914,0.32608695652173914,0,True,False,,random,none,standardized_l2,,,,True
stage1_graph_scm_0005_seed42,/home/crc00006699/zh/tabiclv2/results/tabiclv2_prior_data/graph_scm_3stage_512_seed42/stage1_graph_scm_0005_seed42,multiclass,458,46,566,36,5,0.9982332155477032,0.9982320954589424,0.9980582524271846,0.9999966138426114,0.00866250459360625,4.078116416931152,1.0122101306915283,ok,,458,412,0,566,0.00025851770624285564,True,0.1,True,8,1e-05,True,3.993479013442993,full_train_epoch_chunks,full train set chunked per epoch | validation=auto_stratified_validation | wise_ft=alpha0.1 rows=1024<2000,30,1,epoch_chunk,accuracy,1.0,1.0,1.0,1.0,0,True,False,,random,none,standardized_l2,,,,True
stage1_graph_scm_0006_seed42,/home/crc00006699/zh/tabiclv2/results/tabiclv2_prior_data/graph_scm_3stage_512_seed42/stage1_graph_scm_0006_seed42,multiclass,458,46,566,35,6,0.7773851590106007,0.7787705882035824,0.7728479557706183,0.9663304414113413,0.5379597411720543,6.516918659210205,0.995316743850708,ok,,458,412,0,566,0.6154656112194061,True,0.1,True,14,1e-05,True,6.431057691574097,full_train_epoch_chunks,full train set chunked per epoch | validation=auto_stratified_validation | wise_ft=alpha0.1 rows=1024<2000,30,1,epoch_chunk,accuracy,0.7391304347826086,0.7608695652173914,0.7391304347826086,0.7608695652173914,6,True,False,,random,none,standardized_l2,,,,True
stage1_graph_scm_0007_seed42,/home/crc00006699/zh/tabiclv2/results/tabiclv2_prior_data/graph_scm_3stage_512_seed42/stage1_graph_scm_0007_seed42,binclass,458,46,566,30,2,1.0,1.0,1.0,1.0,3.15751886450064e-05,3.8089287281036377,0.9090988636016846,ok,,458,412,0,566,3.2375498904002598e-06,True,0.1,True,8,1e-05,True,3.7386486530303955,full_train_epoch_chunks,full train set chunked per epoch | validation=auto_stratified_validation | wise_ft=alpha0.1 rows=1024<2000,30,1,epoch_chunk,accuracy,1.0,1.0,1.0,1.0,0,True,False,,random,none,standardized_l2,,,,True
stage1_graph_scm_0008_seed42,/home/crc00006699/zh/tabiclv2/results/tabiclv2_prior_data/graph_scm_3stage_512_seed42/stage1_graph_scm_0008_seed42,multiclass,769,77,255,68,4,0.788235294117647,0.788427382237439,0.7876774996340212,0.9438654733385498,0.5804229977820856,20.177078247070312,0.7428078651428223,ok,,769,692,0,255,0.5173324644565582,True,0.1,True,30,1e-05,True,19.99917483329773,full_train_epoch_chunks,full train set chunked per epoch | validation=auto_stratified_validation | wise_ft=alpha0.1 rows=1024<2000,30,1,epoch_chunk,accuracy,0.7922077922077922,0.8441558441558441,0.7922077922077922,0.8441558441558441,22,True,False,,random,none,standardized_l2,,,,True
stage1_graph_scm_0009_seed42,/home/crc00006699/zh/tabiclv2/results/tabiclv2_prior_data/graph_scm_3stage_512_seed42/stage1_graph_scm_0009_seed42,binclass,769,77,255,66,2,1.0,1.0,1.0,1.0,6.446656729892293e-07,6.0591113567352295,0.738459587097168,ok,,769,692,0,255,1.276316822895751e-06,True,0.1,True,8,1e-05,True,5.896413087844849,full_train_epoch_chunks,full train set chunked per epoch | validation=auto_stratified_validation | wise_ft=alpha0.1 rows=1024<2000,30,1,epoch_chunk,accuracy,1.0,1.0,1.0,1.0,0,True,False,,random,none,standardized_l2,,,,True
stage1_graph_scm_0010_seed42,/home/crc00006699/zh/tabiclv2/results/tabiclv2_prior_data/graph_scm_3stage_512_seed42/stage1_graph_scm_0010_seed42,multiclass,769,77,255,68,4,0.44313725490196076,0.41009329578717446,0.3893483709273183,0.680624260037991,1.259883391975475,8.746568441390991,0.7246344089508057,ok,,769,692,0,255,1.1451044082641602,True,0.1,True,12,1e-05,True,8.577134609222412,full_train_epoch_chunks,full train set chunked per epoch | validation=auto_stratified_validation | wise_ft=alpha0.1 rows=1024<2000,30,1,epoch_chunk,accuracy,0.5194805194805194,0.5454545454545454,0.5194805194805194,0.5454545454545454,4,True,False,,random,none,standardized_l2,,,,True
stage1_graph_scm_0011_seed42,/home/crc00006699/zh/tabiclv2/results/tabiclv2_prior_data/graph_scm_3stage_512_seed42/stage1_graph_scm_0011_seed42,binclass,769,77,255,58,2,1.0,1.0,1.0,1.0,1.7023915615863217e-06,6.286831378936768,1.41131591796875,ok,,769,692,0,255,9.061633647888812e-07,True,0.1,True,8,1e-05,True,6.13464093208313,full_train_epoch_chunks,full train set chunked per epoch | validation=auto_stratified_validation | wise_ft=alpha0.1 rows=1024<2000,30,1,epoch_chunk,accuracy,1.0,1.0,1.0,1.0,0,True,False,,random,none,standardized_l2,,,,True
stage1_graph_scm_0012_seed42,/home/crc00006699/zh/tabiclv2/results/tabiclv2_prior_data/graph_scm_3stage_512_seed42/stage1_graph_scm_0012_seed42,multiclass,402,41,622,50,4,0.5466237942122186,0.387814292568695,0.5,0.8044077393982639,0.8153111173522897,4.728729009628296,1.209747314453125,ok,,402,361,0,622,0.8233727514743805,True,0.1,True,8,1e-05,True,4.6096296310424805,full_train_epoch_chunks,full train set chunked per epoch | validation=auto_stratified_validation | wise_ft=alpha0.1 rows=1024<2000,30,1,epoch_chunk,accuracy,0.5365853658536586,0.5365853658536586,0.5365853658536586,0.5365853658536586,0,True,False,,random,none,standardized_l2,,,,True
stage1_graph_scm_0013_seed42,/home/crc00006699/zh/tabiclv2/results/tabiclv2_prior_data/graph_scm_3stage_512_seed42/stage1_graph_scm_0013_seed42,multiclass,402,41,622,56,3,0.9372990353697749,0.9372473067470758,0.9428424288440519,0.9917453368515083,0.15528972659193893,4.90994668006897,1.2718451023101807,ok,,402,361,0,622,0.22624043375253677,True,0.1,True,8,1e-05,True,4.789538621902466,full_train_epoch_chunks,full train set chunked per epoch | validation=auto_stratified_validation | wise_ft=alpha0.1 rows=1024<2000,30,1,epoch_chunk,accuracy,0.8536585365853658,0.8536585365853658,0.8536585365853658,0.8536585365853658,0,True,False,,random,none,standardized_l2,,,,True
stage1_graph_scm_0014_seed42,/home/crc00006699/zh/tabiclv2/results/tabiclv2_prior_data/graph_scm_3stage_512_seed42/stage1_graph_scm_0014_seed42,binclass,402,41,622,56,2,0.7604501607717041,0.7477818900780041,0.7035183534376728,0.7881991852946819,0.5202371136922508,6.4081666469573975,1.2786762714385986,ok,,402,361,0,622,0.4285481870174408,True,0.1,True,11,1e-05,True,6.286249876022339,full_train_epoch_chunks,full train set chunked per epoch | validation=auto_stratified_validation | wise_ft=alpha0.1 rows=1024<2000,30,1,epoch_chunk,accuracy,0.6829268292682927,0.7073170731707317,0.6829268292682927,0.7073170731707317,3,True,False,,random,none,standardized_l2,,,,True
stage1_graph_scm_0015_seed42,/home/crc00006699/zh/tabiclv2/results/tabiclv2_prior_data/graph_scm_3stage_512_seed42/stage1_graph_scm_0015_seed42,multiclass,402,41,622,56,6,0.9935691318327974,0.993585353098342,0.993472134330205,0.999889195014451,0.022714410454794928,4.924743413925171,1.2676587104797363,ok,,402,361,0,622,0.013647410552948713,True,0.1,True,8,1e-05,True,4.811979532241821,full_train_epoch_chunks,full train set chunked per epoch | validation=auto_stratified_validation | wise_ft=alpha0.1 rows=1024<2000,30,1,epoch_chunk,accuracy,0.975609756097561,0.975609756097561,0.975609756097561,0.975609756097561,0,True,False,,random,none,standardized_l2,,,,True
stage1_graph_scm_0016_seed42,/home/crc00006699/zh/tabiclv2/results/tabiclv2_prior_data/graph_scm_3stage_512_seed42/stage1_graph_scm_0016_seed42,multiclass,456,46,568,58,5,0.9630281690140845,0.9626941716273912,0.9300289724833763,0.9962238504047469,0.12671423685423466,5.2063376903533936,1.3063888549804688,ok,,456,410,0,568,0.20035278797149658,True,0.1,True,8,1e-05,True,5.08063817024231,full_train_epoch_chunks,full train set chunked per epoch | validation=auto_stratified_validation | wise_ft=alpha0.1 rows=1024<2000,30,1,epoch_chunk,accuracy,1.0,1.0,1.0,1.0,0,True,False,,random,none,standardized_l2,,,,True
stage1_graph_scm_0017_seed42,/home/crc00006699/zh/tabiclv2/results/tabiclv2_prior_data/graph_scm_3stage_512_seed42/stage1_graph_scm_0017_seed42,multiclass,456,46,568,65,3,0.926056338028169,0.924349375931553,0.8420295983086681,0.9835623999966062,0.18342369829193694,5.2443413734436035,0.7336902618408203,ok,,456,410,0,568,0.19948949664831161,True,0.1,True,8,1e-05,True,5.106830835342407,full_train_epoch_chunks,full train set chunked per epoch | validation=auto_stratified_validation | wise_ft=alpha0.1 rows=1024<2000,30,1,epoch_chunk,accuracy,0.9565217391304348,0.9565217391304348,0.9565217391304348,0.9565217391304348,0,True,False,,random,none,standardized_l2,,,,True
stage1_graph_scm_0018_seed42,/home/crc00006699/zh/tabiclv2/results/tabiclv2_prior_data/graph_scm_3stage_512_seed42/stage1_graph_scm_0018_seed42,multiclass,456,46,568,45,6,1.0,1.0,1.0,1.0,6.208403893350736e-05,4.527695894241333,1.1498486995697021,ok,,456,410,0,568,0.0008151167712640017,True,0.1,True,8,1e-05,True,4.417332649230957,full_train_epoch_chunks,full train set chunked per epoch | validation=auto_stratified_validation | wise_ft=alpha0.1 rows=1024<2000,30,1,epoch_chunk,accuracy,1.0,1.0,1.0,1.0,0,True,False,,random,none,standardized_l2,,,,True
stage1_graph_scm_0019_seed42,/home/crc00006699/zh/tabiclv2/results/tabiclv2_prior_data/graph_scm_3stage_512_seed42/stage1_graph_scm_0019_seed42,multiclass,456,46,568,52,9,0.29225352112676056,0.24837144054580956,0.22052860267421653,0.6940178137888355,1.9123261026606124,4.887109756469727,1.2446181774139404,ok,,456,410,0,568,1.937607228755951,True,0.1,True,8,1e-05,True,4.772799015045166,full_train_epoch_chunks,full train set chunked per epoch | validation=auto_stratified_validation | wise_ft=alpha0.1 rows=1024<2000,30,1,epoch_chunk,accuracy,0.32608695652173914,0.32608695652173914,0.32608695652173914,0.32608695652173914,0,True,False,,random,none,standardized_l2,,,,True
stage1_graph_scm_0020_seed42,/home/crc00006699/zh/tabiclv2/results/tabiclv2_prior_data/graph_scm_3stage_512_seed42/stage1_graph_scm_0020_seed42,multiclass,674,68,350,18,6,0.5657142857142857,0.4939739301425125,0.2832167832167832,0.7005490327953313,1.1089398350724415,3.467714786529541,0.7418537139892578,ok,,674,606,0,350,1.091150164604187,True,0.1,True,8,1e-05,True,3.4158401489257812,full_train_epoch_chunks,full train set chunked per epoch | validation=auto_stratified_validation | wise_ft=alpha0.1 rows=1024<2000,30,1,epoch_chunk,accuracy,0.5147058823529411,0.5147058823529411,0.5147058823529411,0.5147058823529411,0,True,False,,random,none,standardized_l2,,,,True
stage1_graph_scm_0021_seed42,/home/crc00006699/zh/tabiclv2/results/tabiclv2_prior_data/graph_scm_3stage_512_seed42/stage1_graph_scm_0021_seed42,multiclass,674,68,350,18,8,0.9742857142857143,0.9742350861483243,0.9490573197128075,0.999218532801,0.08938902184429795,3.527674913406372,0.7759358882904053,ok,,674,606,0,350,0.009968951810151339,True,0.1,True,8,1e-05,True,3.471440076828003,full_train_epoch_chunks,full train set chunked per epoch | validation=auto_stratified_validation | wise_ft=alpha0.1 rows=1024<2000,30,1,epoch_chunk,accuracy,0.9558823529411765,0.9558823529411765,0.9558823529411765,0.9558823529411765,0,True,False,,random,none,standardized_l2,,,,True
stage1_graph_scm_0022_seed42,/home/crc00006699/zh/tabiclv2/results/tabiclv2_prior_data/graph_scm_3stage_512_seed42/stage1_graph_scm_0022_seed42,multiclass,674,68,350,18,3,0.7914285714285715,0.7736685891990245,0.6854962357377817,0.9111479351564148,0.49532454246516205,8.509114265441895,0.7549355030059814,ok,,674,606,0,350,0.42344294488430023,True,0.1,True,23,1e-05,True,8.453381538391113,full_train_epoch_chunks,full train set chunked per epoch | validation=auto_stratified_validation | wise_ft=alpha0.1 rows=1024<2000,30,1,epoch_chunk,accuracy,0.8235294117647058,0.8970588235294118,0.8235294117647058,0.8970588235294118,15,True,False,,random,none,standardized_l2,,,,True
stage1_graph_scm_0023_seed42,/home/crc00006699/zh/tabiclv2/results/tabiclv2_prior_data/graph_scm_3stage_512_seed42/stage1_graph_scm_0023_seed42,multiclass,674,68,350,15,8,0.9342857142857143,0.9241798005337828,0.9154411764705882,0.988882358366325,0.1408571861022015,3.2752034664154053,0.7309520244598389,ok,,674,606,0,350,0.3078725337982178,True,0.1,True,8,1e-05,True,3.2281882762908936,full_train_epoch_chunks,full train set chunked per epoch | validation=auto_stratified_validation | wise_ft=alpha0.1 rows=1024<2000,30,1,epoch_chunk,accuracy,0.8823529411764706,0.8823529411764706,0.8823529411764706,0.8823529411764706,0,True,False,,random,none,standardized_l2,,,,True
stage1_graph_scm_0024_seed42,/home/crc00006699/zh/tabiclv2/results/tabiclv2_prior_data/graph_scm_3stage_512_seed42/stage1_graph_scm_0024_seed42,multiclass,740,74,284,66,3,0.9014084507042254,0.8924238239896898,0.5297658862876254,0.9131101964323651,0.2581462857644499,10.972635746002197,0.73154616355896,ok,,740,666,0,284,0.337773934006691,True,0.1,True,16,1e-05,True,10.813868761062622,full_train_epoch_chunks,full train set chunked per epoch | validation=auto_stratified_validation | wise_ft=alpha0.1 rows=1024<2000,30,1,epoch_chunk,accuracy,0.9324324324324325,0.9459459459459459,0.9324324324324325,0.9459459459459459,8,True,False,,random,none,standardized_l2,,,,True
stage1_graph_scm_0025_seed42,/home/crc00006699/zh/tabiclv2/results/tabiclv2_prior_data/graph_scm_3stage_512_seed42/stage1_graph_scm_0025_seed42,multiclass,740,74,284,72,8,0.43661971830985913,0.34535916882418144,0.23062782805429866,0.7284670142830323,1.4494662282918982,6.581088304519653,0.7681291103363037,ok,,740,666,0,284,1.430476188659668,True,0.1,True,8,1e-05,True,6.3954691886901855,full_train_epoch_chunks,full train set chunked per epoch | validation=auto_stratified_validation | wise_ft=alpha0.1 rows=1024<2000,30,1,epoch_chunk,accuracy,0.43243243243243246,0.43243243243243246,0.43243243243243246,0.43243243243243246,0,True,False,,random,none,standardized_l2,,,,True
stage1_graph_scm_0026_seed42,/home/crc00006699/zh/tabiclv2/results/tabiclv2_prior_data/graph_scm_3stage_512_seed42/stage1_graph_scm_0026_seed42,multiclass,740,74,284,73,10,0.9436619718309859,0.9422411345738756,0.8832943469785576,0.9909567424753822,0.2167762036084206,6.527585506439209,0.7621557712554932,ok,,740,666,0,284,0.18179373443126678,True,0.1,True,8,1e-05,True,6.351612567901611,full_train_epoch_chunks,full train set chunked per epoch | validation=auto_stratified_validation | wise_ft=alpha0.1 rows=1024<2000,30,1,epoch_chunk,accuracy,0.9324324324324325,0.9324324324324325,0.9324324324324325,0.9324324324324325,0,True,False,,random,none,standardized_l2,,,,True
stage1_graph_scm_0027_seed42,/home/crc00006699/zh/tabiclv2/results/tabiclv2_prior_data/graph_scm_3stage_512_seed42/stage1_graph_scm_0027_seed42,multiclass,740,74,284,79,9,0.3626760563380282,0.3316343871578205,0.29643917955946697,0.7678894908181646,1.726889838872529,7.060692548751831,0.8055641651153564,ok,,740,666,0,284,1.6790560483932495,True,0.1,True,8,1e-05,True,6.852590799331665,full_train_epoch_chunks,full train set chunked per epoch | validation=auto_stratified_validation | wise_ft=alpha0.1 rows=1024<2000,30,1,epoch_chunk,accuracy,0.43243243243243246,0.43243243243243246,0.43243243243243246,0.43243243243243246,0,True,False,,random,none,standardized_l2,,,,True
stage1_graph_scm_0028_seed42,/home/crc00006699/zh/tabiclv2/results/tabiclv2_prior_data/graph_scm_3stage_512_seed42/stage1_graph_scm_0028_seed42,multiclass,438,44,586,8,8,0.3003412969283277,0.2529298846864673,0.25028123046616746,0.6995883035952055,1.8354220393603298,2.8795156478881836,0.5694208145141602,ok,,438,394,0,586,1.9703149795532227,True,0.1,True,8,1e-05,True,2.849217653274536,full_train_epoch_chunks,full train set chunked per epoch | validation=auto_stratified_validation | wise_ft=alpha0.1 rows=1024<2000,30,1,epoch_chunk,accuracy,0.2727272727272727,0.2727272727272727,0.2727272727272727,0.2727272727272727,0,True,False,,random,none,standardized_l2,,,,True
stage1_graph_scm_0029_seed42,/home/crc00006699/zh/tabiclv2/results/tabiclv2_prior_data/graph_scm_3stage_512_seed42/stage1_graph_scm_0029_seed42,multiclass,438,44,586,9,5,0.47952218430034127,0.4332959094337116,0.4319815700237217,0.7581358583374881,1.2091419583779146,2.8168015480041504,0.5936708450317383,ok,,438,394,0,586,1.2337165474891663,True,0.1,True,8,1e-05,True,2.7839345932006836,full_train_epoch_chunks,full train set chunked per epoch | validation=auto_stratified_validation | wise_ft=alpha0.1 rows=1024<2000,30,1,epoch_chunk,accuracy,0.4090909090909091,0.4090909090909091,0.4090909090909091,0.4090909090909091,0,True,False,,random,none,standardized_l2,,,,True
stage1_graph_scm_0030_seed42,/home/crc00006699/zh/tabiclv2/results/tabiclv2_prior_data/graph_scm_3stage_512_seed42/stage1_graph_scm_0030_seed42,binclass,438,44,586,5,2,1.0,1.0,1.0,1.0,3.861757597073152e-05,2.8192732334136963,0.3502805233001709,ok,,438,394,0,586,6.868288892292185e-06,True,0.1,True,8,1e-05,True,2.7942421436309814,full_train_epoch_chunks,full train set chunked per epoch | validation=auto_stratified_validation | wise_ft=alpha0.1 rows=1024<2000,30,1,epoch_chunk,accuracy,1.0,1.0,1.0,1.0,0,True,False,,random,none,standardized_l2,,,,True
stage1_graph_scm_0031_seed42,/home/crc00006699/zh/tabiclv2/results/tabiclv2_prior_data/graph_scm_3stage_512_seed42/stage1_graph_scm_0031_seed42,multiclass,438,44,586,9,9,0.9948805460750854,0.9948634443090543,0.99224438113327,1.0,0.010586387432332518,2.8982675075531006,0.5653953552246094,ok,,438,394,0,586,0.03497276268899441,True,0.1,True,8,1e-05,True,2.8657400608062744,full_train_epoch_chunks,full train set chunked per epoch | validation=auto_stratified_validation | wise_ft=alpha0.1 rows=1024<2000,30,1,epoch_chunk,accuracy,0.9772727272727273,0.9772727272727273,0.9772727272727273,0.9772727272727273,0,True,False,,random,none,standardized_l2,,,,True
stage1_graph_scm_0032_seed42,/home/crc00006699/zh/tabiclv2/results/tabiclv2_prior_data/graph_scm_3stage_512_seed42/stage1_graph_scm_0032_seed42,multiclass,904,91,120,14,4,0.7833333333333333,0.7743019414217145,0.7096447361393013,0.9346456629169315,0.5277641649678142,3.422335386276245,0.7481687068939209,ok,,904,813,0,120,0.48343250155448914,True,0.1,True,8,1e-05,True,3.370211124420166,full_train_epoch_chunks,full train set chunked per epoch | validation=auto_stratified_validation | wise_ft=alpha0.1 rows=1024<2000,30,1,epoch_chunk,accuracy,0.8021978021978022,0.8021978021978022,0.8021978021978022,0.8021978021978022,0,True,False,,random,none,standardized_l2,,,,True
stage1_graph_scm_0033_seed42,/home/crc00006699/zh/tabiclv2/results/tabiclv2_prior_data/graph_scm_3stage_512_seed42/stage1_graph_scm_0033_seed42,multiclass,904,91,120,14,3,1.0,1.0,1.0,1.0,7.476678962997321e-06,3.4802653789520264,0.7661869525909424,ok,,904,813,0,120,0.0019101349753327668,True,0.1,True,8,1e-05,True,3.4336535930633545,full_train_epoch_chunks,full train set chunked per epoch | validation=auto_stratified_validation | wise_ft=alpha0.1 rows=1024<2000,30,1,epoch_chunk,accuracy,0.989010989010989,0.989010989010989,0.989010989010989,0.989010989010989,0,True,False,,random,none,standardized_l2,,,,True
stage1_graph_scm_0034_seed42,/home/crc00006699/zh/tabiclv2/results/tabiclv2_prior_data/graph_scm_3stage_512_seed42/stage1_graph_scm_0034_seed42,multiclass,904,91,120,14,4,1.0,1.0,1.0,1.0,3.010035248607639e-07,3.4948818683624268,0.7680790424346924,ok,,904,813,0,120,1.4260963325796183e-06,True,0.1,True,8,1e-05,True,3.4453768730163574,full_train_epoch_chunks,full train set chunked per epoch | validation=auto_stratified_validation | wise_ft=alpha0.1 rows=1024<2000,30,1,epoch_chunk,accuracy,1.0,1.0,1.0,1.0,0,True,False,,random,none,standardized_l2,,,,True
stage1_graph_scm_0035_seed42,/home/crc00006699/zh/tabiclv2/results/tabiclv2_prior_data/graph_scm_3stage_512_seed42/stage1_graph_scm_0035_seed42,binclass,904,91,120,14,2,0.975,0.9749913043478261,0.974694104560623,0.9947163515016686,0.0910620539580779,6.182924747467041,0.7692570686340332,ok,,904,813,0,120,0.10665622726082802,True,0.1,True,16,1e-05,True,6.131670951843262,full_train_epoch_chunks,full train set chunked per epoch | validation=auto_stratified_validation | wise_ft=alpha0.1 rows=1024<2000,30,1,epoch_chunk,accuracy,0.9560439560439561,0.978021978021978,0.9560439560439561,0.978021978021978,8,True,False,,random,none,standardized_l2,,,,True
stage1_graph_scm_0036_seed42,/home/crc00006699/zh/tabiclv2/results/tabiclv2_prior_data/graph_scm_3stage_512_seed42/stage1_graph_scm_0036_seed42,binclass,444,45,580,15,2,0.903448275862069,0.9017043202536662,0.8730756072528225,0.9595484091686622,0.23439003500653993,3.207925319671631,0.7019963264465332,ok,,444,399,0,580,0.324512243270874,True,0.1,True,8,1e-05,True,3.1438004970550537,full_train_epoch_chunks,full train set chunked per epoch | validation=auto_stratified_validation | wise_ft=alpha0.1 rows=1024<2000,30,1,epoch_chunk,accuracy,0.9111111111111111,0.9111111111111111,0.9111111111111111,0.9111111111111111,0,True,False,,random,none,standardized_l2,,,,True
stage1_graph_scm_0037_seed42,/home/crc00006699/zh/tabiclv2/results/tabiclv2_prior_data/graph_scm_3stage_512_seed42/stage1_graph_scm_0037_seed42,multiclass,444,45,580,15,10,0.9982758620689656,0.9982791165764583,0.9979591836734694,1.0,0.005038722738067916,3.132040500640869,0.6729176044464111,ok,,444,399,0,580,0.0003908978251274675,True,0.1,True,8,1e-05,True,3.0885891914367676,full_train_epoch_chunks,full train set chunked per epoch | validation=auto_stratified_validation | wise_ft=alpha0.1 rows=1024<2000,30,1,epoch_chunk,accuracy,1.0,1.0,1.0,1.0,0,True,False,,random,none,standardized_l2,,,,True
stage1_graph_scm_0038_seed42,/home/crc00006699/zh/tabiclv2/results/tabiclv2_prior_data/graph_scm_3stage_512_seed42/stage1_graph_scm_0038_seed42,multiclass,444,45,580,15,4,0.9982758620689656,0.998283020175635,0.9985380116959064,0.9997798569835319,0.024205664139916573,3.26263689994812,0.6647655963897705,ok,,444,399,0,580,1.7481514191786118e-06,True,0.1,True,8,1e-05,True,3.2200942039489746,full_train_epoch_chunks,full train set chunked per epoch | validation=auto_stratified_validation | wise_ft=alpha0.1 rows=1024<2000,30,1,epoch_chunk,accuracy,1.0,1.0,1.0,1.0,0,True,False,,random,none,standardized_l2,,,,True
stage1_graph_scm_0039_seed42,/home/crc00006699/zh/tabiclv2/results/tabiclv2_prior_data/graph_scm_3stage_512_seed42/stage1_graph_scm_0039_seed42,multiclass,444,45,580,15,3,1.0,1.0,1.0,1.0,5.743628658691614e-07,3.227813959121704,0.6711385250091553,ok,,444,399,0,580,1.4327749227049935e-06,True,0.1,True,8,1e-05,True,3.1820461750030518,full_train_epoch_chunks,full train set chunked per epoch | validation=auto_stratified_validation | wise_ft=alpha0.1 rows=1024<2000,30,1,epoch_chunk,accuracy,1.0,1.0,1.0,1.0,0,True,False,,random,none,standardized_l2,,,,True
stage1_graph_scm_0040_seed42,/home/crc00006699/zh/tabiclv2/results/tabiclv2_prior_data/graph_scm_3stage_512_seed42/stage1_graph_scm_0040_seed42,multiclass,349,35,675,22,4,1.0,1.0,1.0,1.0,6.255399471788176e-07,3.2910215854644775,0.7834787368774414,ok,,349,314,0,675,1.7169983266285271e-06,True,0.1,True,8,1e-05,True,3.2351839542388916,full_train_epoch_chunks,full train set chunked per epoch | validation=auto_stratified_validation | wise_ft=alpha0.1 rows=1024<2000,30,1,epoch_chunk,accuracy,1.0,1.0,1.0,1.0,0,True,False,,random,none,standardized_l2,,,,True
stage1_graph_scm_0041_seed42,/home/crc00006699/zh/tabiclv2/results/tabiclv2_prior_data/graph_scm_3stage_512_seed42/stage1_graph_scm_0041_seed42,multiclass,349,35,675,21,7,1.0,1.0,1.0,1.0,5.095631304258726e-05,3.311601400375366,0.8113188743591309,ok,,349,314,0,675,3.4743740116027766e-06,True,0.1,True,8,1e-05,True,3.2563233375549316,full_train_epoch_chunks,full train set chunked per epoch | validation=auto_stratified_validation | wise_ft=alpha0.1 rows=1024<2000,30,1,epoch_chunk,accuracy,1.0,1.0,1.0,1.0,0,True,False,,random,none,standardized_l2,,,,True
stage1_graph_scm_0042_seed42,/home/crc00006699/zh/tabiclv2/results/tabiclv2_prior_data/graph_scm_3stage_512_seed42/stage1_graph_scm_0042_seed42,multiclass,349,35,675,22,6,1.0,1.0,1.0,1.0,6.452321024565722e-07,3.3533315658569336,0.7641201019287109,ok,,349,314,0,675,2.4899359232222196e-06,True,0.1,True,8,1e-05,True,3.2979953289031982,full_train_epoch_chunks,full train set chunked per epoch | validation=auto_stratified_validation | wise_ft=alpha0.1 rows=1024<2000,30,1,epoch_chunk,accuracy,1.0,1.0,1.0,1.0,0,True,False,,random,none,standardized_l2,,,,True
stage1_graph_scm_0043_seed42,/home/crc00006699/zh/tabiclv2/results/tabiclv2_prior_data/graph_scm_3stage_512_seed42/stage1_graph_scm_0043_seed42,multiclass,349,35,675,22,3,0.9540740740740741,0.9523863599837393,0.8652195241599214,0.9962000700077555,0.09331069241527731,3.3768205642700195,0.7813873291015625,ok,,349,314,0,675,0.08611991629004478,True,0.1,True,8,1e-05,True,3.3212125301361084,full_train_epoch_chunks,full train set chunked per epoch | validation=auto_stratified_validation | wise_ft=alpha0.1 rows=1024<2000,30,1,epoch_chunk,accuracy,0.9428571428571428,0.9428571428571428,0.9428571428571428,0.9428571428571428,0,True,False,,random,none,standardized_l2,,,,True
stage1_graph_scm_0044_seed42,/home/crc00006699/zh/tabiclv2/results/tabiclv2_prior_data/graph_scm_3stage_512_seed42/stage1_graph_scm_0044_seed42,multiclass,776,78,248,94,4,1.0,1.0,1.0,1.0,1.4268909028963476e-05,7.779226064682007,0.9022507667541504,ok,,776,698,0,248,4.505939500631939e-06,True,0.1,True,8,1e-05,True,7.550564765930176,full_train_epoch_chunks,full train set chunked per epoch | validation=auto_stratified_validation | wise_ft=alpha0.1 rows=1024<2000,30,1,epoch_chunk,accuracy,1.0,1.0,1.0,1.0,0,True,False,,random,none,standardized_l2,,,,True
stage1_graph_scm_0045_seed42,/home/crc00006699/zh/tabiclv2/results/tabiclv2_prior_data/graph_scm_3stage_512_seed42/stage1_graph_scm_0045_seed42,multiclass,776,78,248,95,4,0.9919354838709677,0.9912148870550972,0.9166666666666666,0.9996320958049644,0.01866254603217001,7.721414804458618,0.9263198375701904,ok,,776,698,0,248,0.013587458524852991,True,0.1,True,8,1e-05,True,7.4978063106536865,full_train_epoch_chunks,full train set chunked per epoch | validation=auto_stratified_validation | wise_ft=alpha0.1 rows=1024<2000,30,1,epoch_chunk,accuracy,1.0,1.0,1.0,1.0,0,True,False,,random,none,standardized_l2,,,,True
stage1_graph_scm_0046_seed42,/home/crc00006699/zh/tabiclv2/results/tabiclv2_prior_data/graph_scm_3stage_512_seed42/stage1_graph_scm_0046_seed42,multiclass,776,78,248,87,4,0.9959677419354839,0.995954641681863,0.9939024390243902,1.0,0.006346925269542118,7.1706702709198,0.8518695831298828,ok,,776,698,0,248,2.0968827811884694e-06,True,0.1,True,8,1e-05,True,6.9621875286102295,full_train_epoch_chunks,full train set chunked per epoch | validation=auto_stratified_validation | wise_ft=alpha0.1 rows=1024<2000,30,1,epoch_chunk,accuracy,1.0,1.0,1.0,1.0,0,True,False,,random,none,standardized_l2,,,,True
stage1_graph_scm_0047_seed42,/home/crc00006699/zh/tabiclv2/results/tabiclv2_prior_data/graph_scm_3stage_512_seed42/stage1_graph_scm_0047_seed42,multiclass,776,78,248,96,3,0.592741935483871,0.5089556258240503,0.5312606184165817,0.8149759892030942,0.7170943786069343,7.893238067626953,0.9329812526702881,ok,,776,698,0,248,0.7928943336009979,True,0.1,True,8,1e-05,True,7.655369520187378,full_train_epoch_chunks,full train set chunked per epoch | validation=auto_stratified_validation | wise_ft=alpha0.1 rows=1024<2000,30,1,epoch_chunk,accuracy,0.5512820512820513,0.5512820512820513,0.5512820512820513,0.5512820512820513,0,True,False,,random,none,standardized_l2,,,,True
stage1_graph_scm_0048_seed42,/home/crc00006699/zh/tabiclv2/results/tabiclv2_prior_data/graph_scm_3stage_512_seed42/stage1_graph_scm_0048_seed42,binclass,467,47,557,16,2,1.0,1.0,1.0,0.9999999999999999,2.7905491807383246e-06,3.3428831100463867,0.7193210124969482,ok,,467,420,0,557,1.7647232084527786e-06,True,0.1,True,8,1e-05,True,3.295755386352539,full_train_epoch_chunks,full train set chunked per epoch | validation=auto_stratified_validation | wise_ft=alpha0.1 rows=1024<2000,30,1,epoch_chunk,accuracy,1.0,1.0,1.0,1.0,0,True,False,,random,none,standardized_l2,,,,True
stage1_graph_scm_0049_seed42,/home/crc00006699/zh/tabiclv2/results/tabiclv2_prior_data/graph_scm_3stage_512_seed42/stage1_graph_scm_0049_seed42,multiclass,467,47,557,17,7,0.7073608617594255,0.6791125533199873,0.31495222516088167,0.8058629857833761,0.8458115255227346,3.2472589015960693,0.7001492977142334,ok,,467,420,0,557,1.0717412829399109,True,0.1,True,8,1e-05,True,3.18558669090271,full_train_epoch_chunks,full train set chunked per epoch | validation=auto_stratified_validation | wise_ft=alpha0.1 rows=1024<2000,30,1,epoch_chunk,accuracy,0.5957446808510638,0.5957446808510638,0.5957446808510638,0.5957446808510638,0,True,False,,random,none,standardized_l2,,,,True
stage1_graph_scm_0050_seed42,/home/crc00006699/zh/tabiclv2/results/tabiclv2_prior_data/graph_scm_3stage_512_seed42/stage1_graph_scm_0050_seed42,multiclass,467,47,557,17,6,0.6140035906642729,0.599651211083197,0.529020133472024,0.9031736066610888,0.9350223839802911,4.1484808921813965,0.7134854793548584,ok,,467,420,0,557,0.7907135486602783,True,0.1,True,11,1e-05,True,4.098104238510132,full_train_epoch_chunks,full train set chunked per epoch | validation=auto_stratified_validation | wise_ft=alpha0.1 rows=1024<2000,30,1,epoch_chunk,accuracy,0.6595744680851063,0.6808510638297872,0.6595744680851063,0.6808510638297872,3,True,False,,random,none,standardized_l2,,,,True
stage1_graph_scm_0051_seed42,/home/crc00006699/zh/tabiclv2/results/tabiclv2_prior_data/graph_scm_3stage_512_seed42/stage1_graph_scm_0051_seed42,multiclass,467,47,557,17,6,0.8384201077199281,0.8397267191061182,0.8304124015000146,0.9749602785069493,0.4224299161612014,4.575050354003906,0.7053623199462891,ok,,467,420,0,557,0.4231746941804886,True,0.1,True,12,1e-05,True,4.5269787311553955,full_train_epoch_chunks,full train set chunked per epoch | validation=auto_stratified_validation | wise_ft=alpha0.1 rows=1024<2000,30,1,epoch_chunk,accuracy,0.8085106382978723,0.851063829787234,0.8085106382978723,0.851063829787234,4,True,False,,random,none,standardized_l2,,,,True
stage1_graph_scm_0052_seed42,/home/crc00006699/zh/tabiclv2/results/tabiclv2_prior_data/graph_scm_3stage_512_seed42/stage1_graph_scm_0052_seed42,multiclass,763,77,261,27,5,0.9003831417624522,0.8989681436824952,0.8762264150943396,0.9896716217665732,0.2152793875017597,8.984936714172363,0.9185292720794678,ok,,763,686,0,261,0.2676451504230499,True,0.1,True,20,1e-05,True,8.904584169387817,full_train_epoch_chunks,full train set chunked per epoch | validation=auto_stratified_validation | wise_ft=alpha0.1 rows=1024<2000,30,1,epoch_chunk,accuracy,0.8831168831168831,0.9090909090909091,0.8831168831168831,0.9090909090909091,12,True,False,,random,none,standardized_l2,,,,True
stage1_graph_scm_0053_seed42,/home/crc00006699/zh/tabiclv2/results/tabiclv2_prior_data/graph_scm_3stage_512_seed42/stage1_graph_scm_0053_seed42,multiclass,763,77,261,24,3,0.9846743295019157,0.9837668394929775,0.8607957803004243,0.940246815672781,0.0896101963025391,7.928523778915405,0.8493175506591797,ok,,763,686,0,261,0.16963696479797363,True,0.1,True,18,1e-05,True,7.854627847671509,full_train_epoch_chunks,full train set chunked per epoch | validation=auto_stratified_validation | wise_ft=alpha0.1 rows=1024<2000,30,1,epoch_chunk,accuracy,0.974025974025974,1.0,0.974025974025974,1.0,10,True,False,,random,none,standardized_l2,,,,True
stage1_graph_scm_0054_seed42,/home/crc00006699/zh/tabiclv2/results/tabiclv2_prior_data/graph_scm_3stage_512_seed42/stage1_graph_scm_0054_seed42,multiclass,763,77,261,27,10,0.946360153256705,0.9456816907053943,0.9347701149425287,0.9972421611259963,0.20911145867144676,4.106703758239746,0.9084639549255371,ok,,763,686,0,261,0.20711193978786469,True,0.1,True,8,1e-05,True,4.028499126434326,full_train_epoch_chunks,full train set chunked per epoch | validation=auto_stratified_validation | wise_ft=alpha0.1 rows=1024<2000,30,1,epoch_chunk,accuracy,0.974025974025974,0.974025974025974,0.974025974025974,0.974025974025974,0,True,False,,random,none,standardized_l2,,,,True
stage1_graph_scm_0055_seed42,/home/crc00006699/zh/tabiclv2/results/tabiclv2_prior_data/graph_scm_3stage_512_seed42/stage1_graph_scm_0055_seed42,multiclass,763,77,261,27,8,1.0,1.0,1.0,1.0,2.9379934410443712e-05,4.03483510017395,0.9100699424743652,ok,,763,686,0,261,4.939136670145672e-05,True,0.1,True,8,1e-05,True,3.959005355834961,full_train_epoch_chunks,full train set chunked per epoch | validation=auto_stratified_validation | wise_ft=alpha0.1 rows=1024<2000,30,1,epoch_chunk,accuracy,1.0,1.0,1.0,1.0,0,True,False,,random,none,standardized_l2,,,,True
stage1_graph_scm_0056_seed42,/home/crc00006699/zh/tabiclv2/results/tabiclv2_prior_data/graph_scm_3stage_512_seed42/stage1_graph_scm_0056_seed42,multiclass,579,58,445,3,5,0.9078651685393259,0.9009921138753089,0.8711253369272237,0.9717204543253525,0.2602034366216905,2.6388509273529053,0.47615480422973633,ok,,579,521,0,445,0.26783350110054016,True,0.1,True,8,1e-05,True,2.6159958839416504,full_train_epoch_chunks,full train set chunked per epoch | validation=auto_stratified_validation | wise_ft=alpha0.1 rows=1024<2000,30,1,epoch_chunk,accuracy,0.8793103448275862,0.8793103448275862,0.8793103448275862,0.8793103448275862,0,True,False,,random,none,standardized_l2,,,,True
stage1_graph_scm_0057_seed42,/home/crc00006699/zh/tabiclv2/results/tabiclv2_prior_data/graph_scm_3stage_512_seed42/stage1_graph_scm_0057_seed42,multiclass,579,58,445,3,6,0.7213483146067415,0.7257123010268967,0.6070061774665355,0.9239728500880381,0.6320019791776162,2.844278573989868,0.4987649917602539,ok,,579,521,0,445,0.556118369102478,True,0.1,True,8,1e-05,True,2.8218913078308105,full_train_epoch_chunks,full train set chunked per epoch | validation=auto_stratified_validation | wise_ft=alpha0.1 rows=1024<2000,30,1,epoch_chunk,accuracy,0.7931034482758621,0.7931034482758621,0.7931034482758621,0.7931034482758621,0,True,False,,random,none,standardized_l2,,,,True
stage1_graph_scm_0058_seed42,/home/crc00006699/zh/tabiclv2/results/tabiclv2_prior_data/graph_scm_3stage_512_seed42/stage1_graph_scm_0058_seed42,multiclass,579,58,445,3,5,0.3235955056179775,0.28054835307043235,0.28113074060442483,0.648721383048421,1.47663190552361,2.6024386882781982,0.4663991928100586,ok,,579,521,0,445,1.4615478515625,True,0.1,True,8,1e-05,True,2.5793588161468506,full_train_epoch_chunks,full train set chunked per epoch | validation=auto_stratified_validation | wise_ft=alpha0.1 rows=1024<2000,30,1,epoch_chunk,accuracy,0.3448275862068966,0.3448275862068966,0.3448275862068966,0.3448275862068966,0,True,False,,random,none,standardized_l2,,,,True
stage1_graph_scm_0059_seed42,/home/crc00006699/zh/tabiclv2/results/tabiclv2_prior_data/graph_scm_3stage_512_seed42/stage1_graph_scm_0059_seed42,multiclass,579,58,445,3,3,0.9955056179775281,0.9954325811716601,0.9770114942528735,1.0,0.0102235727992518,4.633472442626953,0.30841994285583496,ok,,579,521,0,445,1.1473320682853227e-05,True,0.1,True,16,1e-05,True,4.609863519668579,full_train_epoch_chunks,full train set chunked per epoch | validation=auto_stratified_validation | wise_ft=alpha0.1 rows=1024<2000,30,1,epoch_chunk,accuracy,0.9655172413793104,0.9827586206896551,0.9655172413793104,0.9827586206896551,8,True,False,,random,none,standardized_l2,,,,True
stage1_graph_scm_0060_seed42,/home/crc00006699/zh/tabiclv2/results/tabiclv2_prior_data/graph_scm_3stage_512_seed42/stage1_graph_scm_0060_seed42,multiclass,401,41,623,33,5,0.9085072231139647,0.9033377185931112,0.8335487036731228,0.9911633823318666,0.17425141667906013,3.8353500366210938,0.9647893905639648,ok,,401,360,0,623,0.103950634598732,True,0.1,True,8,1e-05,True,3.759284734725952,full_train_epoch_chunks,full train set chunked per epoch | validation=auto_stratified_validation | wise_ft=alpha0.1 rows=1024<2000,30,1,epoch_chunk,accuracy,0.9024390243902439,0.9024390243902439,0.9024390243902439,0.9024390243902439,0,True,False,,random,none,standardized_l2,,,,True
stage1_graph_scm_0061_seed42,/home/crc00006699/zh/tabiclv2/results/tabiclv2_prior_data/graph_scm_3stage_512_seed42/stage1_graph_scm_0061_seed42,multiclass,401,41,623,36,3,0.9229534510433387,0.9233162207529281,0.9065058996479808,0.9913112013428621,0.14832765268331885,5.515709638595581,0.9818432331085205,ok,,401,360,0,623,0.17545705288648605,True,0.1,True,12,1e-05,True,5.434914588928223,full_train_epoch_chunks,full train set chunked per epoch | validation=auto_stratified_validation | wise_ft=alpha0.1 rows=1024<2000,30,1,epoch_chunk,accuracy,0.9512195121951219,0.975609756097561,0.9512195121951219,0.975609756097561,4,True,False,,random,none,standardized_l2,,,,True
stage1_graph_scm_0062_seed42,/home/crc00006699/zh/tabiclv2/results/tabiclv2_prior_data/graph_scm_3stage_512_seed42/stage1_graph_scm_0062_seed42,multiclass,401,41,623,30,3,1.0,1.0,1.0,1.0,3.4056732642426856e-05,3.717162847518921,0.9083802700042725,ok,,401,360,0,623,1.6093254089355469e-06,True,0.1,True,8,1e-05,True,3.6424577236175537,full_train_epoch_chunks,full train set chunked per epoch | validation=auto_stratified_validation | wise_ft=alpha0.1 rows=1024<2000,30,1,epoch_chunk,accuracy,1.0,1.0,1.0,1.0,0,True,False,,random,none,standardized_l2,,,,True
stage1_graph_scm_0063_seed42,/home/crc00006699/zh/tabiclv2/results/tabiclv2_prior_data/graph_scm_3stage_512_seed42/stage1_graph_scm_0063_seed42,multiclass,401,41,623,36,6,0.9871589085072231,0.9870227705778891,0.9684944775596073,0.9997335286998869,0.04073069505595801,4.038804054260254,0.9658553600311279,ok,,401,360,0,623,0.04644480440765619,True,0.1,True,8,1e-05,True,3.948524236679077,full_train_epoch_chunks,full train set chunked per epoch | validation=auto_stratified_validation | wise_ft=alpha0.1 rows=1024<2000,30,1,epoch_chunk,accuracy,0.975609756097561,0.975609756097561,0.975609756097561,0.975609756097561,0,True,False,,random,none,standardized_l2,,,,True
stage1_graph_scm_0064_seed42,/home/crc00006699/zh/tabiclv2/results/tabiclv2_prior_data/graph_scm_3stage_512_seed42/stage1_graph_scm_0064_seed42,multiclass,552,56,472,42,4,0.9915254237288136,0.9914961257431634,0.9836142803302841,0.9999225939013026,0.0160087406902382,4.49517297744751,1.1185994148254395,ok,,552,496,0,472,0.0022551435395143926,True,0.1,True,8,1e-05,True,4.393651485443115,full_train_epoch_chunks,full train set chunked per epoch | validation=auto_stratified_validation | wise_ft=alpha0.1 rows=1024<2000,30,1,epoch_chunk,accuracy,1.0,1.0,1.0,1.0,0,True,False,,random,none,standardized_l2,,,,True
stage1_graph_scm_0065_seed42,/home/crc00006699/zh/tabiclv2/results/tabiclv2_prior_data/graph_scm_3stage_512_seed42/stage1_graph_scm_0065_seed42,multiclass,552,56,472,42,9,0.8728813559322034,0.871808568845376,0.8698400812082192,0.9878836298400571,0.3566200050367828,4.542432546615601,1.1267290115356445,ok,,552,496,0,472,0.35309311747550964,True,0.1,True,8,1e-05,True,4.43044114112854,full_train_epoch_chunks,full train set chunked per epoch | validation=auto_stratified_validation | wise_ft=alpha0.1 rows=1024<2000,30,1,epoch_chunk,accuracy,0.8571428571428571,0.8571428571428571,0.8571428571428571,0.8571428571428571,0,True,False,,random,none,standardized_l2,,,,True
stage1_graph_scm_0066_seed42,/home/crc00006699/zh/tabiclv2/results/tabiclv2_prior_data/graph_scm_3stage_512_seed42/stage1_graph_scm_0066_seed42,multiclass,552,56,472,42,5,0.9936440677966102,0.9936556339983019,0.994,0.9999589710000713,0.015662461029193928,4.705852746963501,1.1245841979980469,ok,,552,496,0,472,0.0004947986308252439,True,0.1,True,8,1e-05,True,4.600412845611572,full_train_epoch_chunks,full train set chunked per epoch | validation=auto_stratified_validation | wise_ft=alpha0.1 rows=1024<2000,30,1,epoch_chunk,accuracy,0.9821428571428571,0.9821428571428571,0.9821428571428571,0.9821428571428571,0,True,False,,random,none,standardized_l2,,,,True
stage1_graph_scm_0067_seed42,/home/crc00006699/zh/tabiclv2/results/tabiclv2_prior_data/graph_scm_3stage_512_seed42/stage1_graph_scm_0067_seed42,multiclass,552,56,472,36,3,0.989406779661017,0.9893755574935823,0.984508547008547,0.9998277425513716,0.03085756764541154,4.2494072914123535,1.0394904613494873,ok,,552,496,0,472,0.008187873288989067,True,0.1,True,8,1e-05,True,4.154086351394653,full_train_epoch_chunks,full train set chunked per epoch | validation=auto_stratified_validation | wise_ft=alpha0.1 rows=1024<2000,30,1,epoch_chunk,accuracy,1.0,1.0,1.0,1.0,0,True,False,,random,none,standardized_l2,,,,True
stage1_graph_scm_0068_seed42,/home/crc00006699/zh/tabiclv2/results/tabiclv2_prior_data/graph_scm_3stage_512_seed42/stage1_graph_scm_0068_seed42,multiclass,823,83,201,9,10,0.7263681592039801,0.7160008747862434,0.6995148503546672,0.9640320170309753,0.5405996290296085,5.495924234390259,0.6840071678161621,ok,,823,740,0,201,0.6337052285671234,True,0.1,True,16,1e-05,True,5.45933198928833,full_train_epoch_chunks,full train set chunked per epoch | validation=auto_stratified_validation | wise_ft=alpha0.1 rows=1024<2000,30,1,epoch_chunk,accuracy,0.6867469879518072,0.6987951807228916,0.6867469879518072,0.6987951807228916,8,True,False,,random,none,standardized_l2,,,,True
stage1_graph_scm_0069_seed42,/home/crc00006699/zh/tabiclv2/results/tabiclv2_prior_data/graph_scm_3stage_512_seed42/stage1_graph_scm_0069_seed42,multiclass,823,83,201,9,9,1.0,1.0,1.0,1.0,4.1960513057373544e-07,3.1604623794555664,0.664717435836792,ok,,823,740,0,201,1.721688249745057e-06,True,0.1,True,8,1e-05,True,3.124173402786255,full_train_epoch_chunks,full train set chunked per epoch | validation=auto_stratified_validation | wise_ft=alpha0.1 rows=1024<2000,30,1,epoch_chunk,accuracy,1.0,1.0,1.0,1.0,0,True,False,,random,none,standardized_l2,,,,True
stage1_graph_scm_0070_seed42,/home/crc00006699/zh/tabiclv2/results/tabiclv2_prior_data/graph_scm_3stage_512_seed42/stage1_graph_scm_0070_seed42,multiclass,823,83,201,9,3,0.9402985074626866,0.9320350416324193,0.6182795698924731,0.8968056175672245,0.22367474241750515,3.114135265350342,0.6589322090148926,ok,,823,740,0,201,0.29309844970703125,True,0.1,True,8,1e-05,True,3.0763800144195557,full_train_epoch_chunks,full train set chunked per epoch | validation=auto_stratified_validation | wise_ft=alpha0.1 rows=1024<2000,30,1,epoch_chunk,accuracy,0.8433734939759037,0.8433734939759037,0.8433734939759037,0.8433734939759037,0,True,False,,random,none,standardized_l2,,,,True
stage1_graph_scm_0071_seed42,/home/crc00006699/zh/tabiclv2/results/tabiclv2_prior_data/graph_scm_3stage_512_seed42/stage1_graph_scm_0071_seed42,binclass,823,83,201,9,2,0.9154228855721394,0.9146191228501259,0.897562582345191,0.9665129556433905,0.22537886564300735,4.475822687149048,0.6518962383270264,ok,,823,740,0,201,0.2103431150317192,True,0.1,True,13,1e-05,True,4.439768314361572,full_train_epoch_chunks,full train set chunked per epoch | validation=auto_stratified_validation | wise_ft=alpha0.1 rows=1024<2000,30,1,epoch_chunk,accuracy,0.9518072289156626,0.963855421686747,0.9518072289156626,0.963855421686747,5,True,False,,random,none,standardized_l2,,,,True
stage1_graph_scm_0072_seed42,/home/crc00006699/zh/tabiclv2/results/tabiclv2_prior_data/graph_scm_3stage_512_seed42/stage1_graph_scm_0072_seed42,multiclass,345,35,679,47,5,0.6774668630338734,0.6667794873900036,0.5809247279184935,0.9069025708279591,0.7538881767997001,6.966548919677734,1.1353633403778076,ok,,345,310,0,679,1.1698689460754395,True,0.1,True,14,1e-05,True,6.8665032386779785,full_train_epoch_chunks,full train set chunked per epoch | validation=auto_stratified_validation | wise_ft=alpha0.1 rows=1024<2000,30,1,epoch_chunk,accuracy,0.6571428571428571,0.6857142857142857,0.6571428571428571,0.6857142857142857,6,True,False,,random,none,standardized_l2,,,,True
stage1_graph_scm_0073_seed42,/home/crc00006699/zh/tabiclv2/results/tabiclv2_prior_data/graph_scm_3stage_512_seed42/stage1_graph_scm_0073_seed42,multiclass,345,35,679,43,7,0.47128129602356406,0.42538958488931594,0.37600943218233673,0.7578553359172604,1.4242525230006808,4.153761148452759,1.082451343536377,ok,,345,310,0,679,1.459984540939331,True,0.1,True,8,1e-05,True,4.062467336654663,full_train_epoch_chunks,full train set chunked per epoch | validation=auto_stratified_validation | wise_ft=alpha0.1 rows=1024<2000,30,1,epoch_chunk,accuracy,0.42857142857142855,0.42857142857142855,0.42857142857142855,0.42857142857142855,0,True,False,,random,none,standardized_l2,,,,True
stage1_graph_scm_0074_seed42,/home/crc00006699/zh/tabiclv2/results/tabiclv2_prior_data/graph_scm_3stage_512_seed42/stage1_graph_scm_0074_seed42,binclass,345,35,679,47,2,0.9823269513991163,0.982078299373409,0.959505728750333,0.9993471889155342,0.021572546378833393,4.247105360031128,1.121429681777954,ok,,345,310,0,679,0.015678388066589832,True,0.1,True,8,1e-05,True,4.1494646072387695,full_train_epoch_chunks,full train set chunked per epoch | validation=auto_stratified_validation | wise_ft=alpha0.1 rows=1024<2000,30,1,epoch_chunk,accuracy,0.9714285714285714,0.9714285714285714,0.9714285714285714,0.9714285714285714,0,True,False,,random,none,standardized_l2,,,,True
stage1_graph_scm_0075_seed42,/home/crc00006699/zh/tabiclv2/results/tabiclv2_prior_data/graph_scm_3stage_512_seed42/stage1_graph_scm_0075_seed42,multiclass,345,35,679,47,5,0.4698085419734904,0.4315140297224824,0.4001897780343895,0.7647535736927452,1.2472947152817768,4.5033957958221436,1.1322765350341797,ok,,345,310,0,679,1.2629882097244263,True,0.1,True,8,1e-05,True,4.402542352676392,full_train_epoch_chunks,full train set chunked per epoch | validation=auto_stratified_validation | wise_ft=alpha0.1 rows=1024<2000,30,1,epoch_chunk,accuracy,0.5142857142857142,0.5142857142857142,0.5142857142857142,0.5142857142857142,0,True,False,,random,none,standardized_l2,,,,True
stage1_graph_scm_0076_seed42,/home/crc00006699/zh/tabiclv2/results/tabiclv2_prior_data/graph_scm_3stage_512_seed42/stage1_graph_scm_0076_seed42,multiclass,448,45,576,87,8,0.5295138888888888,0.46790512780782806,0.271823052522999,0.7739046310357854,1.3741423280241412,6.235299825668335,0.8146836757659912,ok,,448,403,0,576,1.3673901557922363,True,0.1,True,8,1e-05,True,6.059960126876831,full_train_epoch_chunks,full train set chunked per epoch | validation=auto_stratified_validation | wise_ft=alpha0.1 rows=1024<2000,30,1,epoch_chunk,accuracy,0.5555555555555556,0.5555555555555556,0.5555555555555556,0.5555555555555556,0,True,False,,random,none,standardized_l2,,,,True
stage1_graph_scm_0077_seed42,/home/crc00006699/zh/tabiclv2/results/tabiclv2_prior_data/graph_scm_3stage_512_seed42/stage1_graph_scm_0077_seed42,multiclass,448,45,576,93,6,0.2864583333333333,0.2674516378430559,0.2844754560923148,0.6576034962735163,1.6866783246308508,7.868129014968872,0.8635470867156982,ok,,448,403,0,576,1.675036609172821,True,0.1,True,10,1e-05,True,7.674076080322266,full_train_epoch_chunks,full train set chunked per epoch | validation=auto_stratified_validation | wise_ft=alpha0.1 rows=1024<2000,30,1,epoch_chunk,accuracy,0.2222222222222222,0.24444444444444444,0.2222222222222222,0.24444444444444444,2,True,False,,random,none,standardized_l2,,,,True
stage1_graph_scm_0078_seed42,/home/crc00006699/zh/tabiclv2/results/tabiclv2_prior_data/graph_scm_3stage_512_seed42/stage1_graph_scm_0078_seed42,multiclass,448,45,576,90,8,0.9184027777777778,0.9177642748413842,0.8747570705926073,0.9954506712280667,0.18115577966308638,9.069161176681519,0.8424861431121826,ok,,448,403,0,576,0.09765487909317017,True,0.1,True,12,1e-05,True,8.882215976715088,full_train_epoch_chunks,full train set chunked per epoch | validation=auto_stratified_validation | wise_ft=alpha0.1 rows=1024<2000,30,1,epoch_chunk,accuracy,0.8888888888888888,0.9111111111111111,0.8888888888888888,0.9111111111111111,4,True,False,,random,none,standardized_l2,,,,True
stage1_graph_scm_0079_seed42,/home/crc00006699/zh/tabiclv2/results/tabiclv2_prior_data/graph_scm_3stage_512_seed42/stage1_graph_scm_0079_seed42,multiclass,448,45,576,93,4,0.9965277777777778,0.9965285770498254,0.998015873015873,1.0,0.0041940824897232255,6.604030132293701,0.8678100109100342,ok,,448,403,0,576,1.8090009348270542e-06,True,0.1,True,8,1e-05,True,6.41257119178772,full_train_epoch_chunks,full train set chunked per epoch | validation=auto_stratified_validation | wise_ft=alpha0.1 rows=1024<2000,30,1,epoch_chunk,accuracy,1.0,1.0,1.0,1.0,0,True,False,,random,none,standardized_l2,,,,True
stage1_graph_scm_0080_seed42,/home/crc00006699/zh/tabiclv2/results/tabiclv2_prior_data/graph_scm_3stage_512_seed42/stage1_graph_scm_0080_seed42,multiclass,628,63,396,92,7,0.8434343434343434,0.8400861703117971,0.7531500711490671,0.9821439403488468,0.40449021717596567,9.484784364700317,0.8623228073120117,ok,,628,565,0,396,0.3264716863632202,True,0.1,True,11,1e-05,True,9.27170181274414,full_train_epoch_chunks,full train set chunked per epoch | validation=auto_stratified_validation | wise_ft=alpha0.1 rows=1024<2000,30,1,epoch_chunk,accuracy,0.7777777777777778,0.7936507936507936,0.7777777777777778,0.7936507936507936,3,True,False,,random,none,standardized_l2,,,,True
stage1_graph_scm_0081_seed42,/home/crc00006699/zh/tabiclv2/results/tabiclv2_prior_data/graph_scm_3stage_512_seed42/stage1_graph_scm_0081_seed42,multiclass,628,63,396,94,10,0.9116161616161617,0.9082141426683396,0.8265307577170932,0.9931964044804138,0.26792788887336194,11.157555103302002,0.8869845867156982,ok,,628,565,0,396,0.18815938383340836,True,0.1,True,13,1e-05,True,10.927474737167358,full_train_epoch_chunks,full train set chunked per epoch | validation=auto_stratified_validation | wise_ft=alpha0.1 rows=1024<2000,30,1,epoch_chunk,accuracy,0.8571428571428571,0.873015873015873,0.8571428571428571,0.873015873015873,5,True,False,,random,none,standardized_l2,,,,True
stage1_graph_scm_0082_seed42,/home/crc00006699/zh/tabiclv2/results/tabiclv2_prior_data/graph_scm_3stage_512_seed42/stage1_graph_scm_0082_seed42,multiclass,628,63,396,94,3,0.7146464646464646,0.7003574999544591,0.6584967320261438,0.8240394506049996,0.7035781608722801,10.932136535644531,0.8974747657775879,ok,,628,565,0,396,0.7381024658679962,True,0.1,True,13,1e-05,True,10.708168029785156,full_train_epoch_chunks,full train set chunked per epoch | validation=auto_stratified_validation | wise_ft=alpha0.1 rows=1024<2000,30,1,epoch_chunk,accuracy,0.6349206349206349,0.6507936507936508,0.6349206349206349,0.6507936507936508,5,True,False,,random,none,standardized_l2,,,,True
stage1_graph_scm_0083_seed42,/home/crc00006699/zh/tabiclv2/results/tabiclv2_prior_data/graph_scm_3stage_512_seed42/stage1_graph_scm_0083_seed42,multiclass,628,63,396,83,4,0.9747474747474747,0.9746203597350941,0.972737356767468,0.9975207593146473,0.10034365453573205,6.449198961257935,0.8149209022521973,ok,,628,565,0,396,0.08817724511027336,True,0.1,True,8,1e-05,True,6.261908531188965,full_train_epoch_chunks,full train set chunked per epoch | validation=auto_stratified_validation | wise_ft=alpha0.1 rows=1024<2000,30,1,epoch_chunk,accuracy,0.9206349206349206,0.9206349206349206,0.9206349206349206,0.9206349206349206,0,True,False,,random,none,standardized_l2,,,,True
stage1_graph_scm_0084_seed42,/home/crc00006699/zh/tabiclv2/results/tabiclv2_prior_data/graph_scm_3stage_512_seed42/stage1_graph_scm_0084_seed42,multiclass,491,50,533,37,6,0.9568480300187617,0.9557096939732789,0.9404870468814837,0.9981371194865071,0.09536940946811652,4.272837400436401,1.021618366241455,ok,,491,441,0,533,0.11675380170345306,True,0.1,True,8,1e-05,True,4.186279773712158,full_train_epoch_chunks,full train set chunked per epoch | validation=auto_stratified_validation | wise_ft=alpha0.1 rows=1024<2000,30,1,epoch_chunk,accuracy,0.96,0.96,0.96,0.96,0,True,False,,random,none,standardized_l2,,,,True
stage1_graph_scm_0085_seed42,/home/crc00006699/zh/tabiclv2/results/tabiclv2_prior_data/graph_scm_3stage_512_seed42/stage1_graph_scm_0085_seed42,multiclass,491,50,533,37,5,0.34896810506566606,0.3378651116967551,0.3253108412879403,0.6336984571480387,1.5116200545712484,4.953518390655518,1.0287561416625977,ok,,491,441,0,533,1.520751953125,True,0.1,True,10,1e-05,True,4.866851806640625,full_train_epoch_chunks,full train set chunked per epoch | validation=auto_stratified_validation | wise_ft=alpha0.1 rows=1024<2000,30,1,epoch_chunk,accuracy,0.34,0.36,0.34,0.36,2,True,False,,random,none,standardized_l2,,,,True
stage1_graph_scm_0086_seed42,/home/crc00006699/zh/tabiclv2/results/tabiclv2_prior_data/graph_scm_3stage_512_seed42/stage1_graph_scm_0086_seed42,multiclass,491,50,533,37,4,0.9831144465290806,0.9829848433071348,0.9707920535872716,0.9997839964918429,0.03534079797473238,4.135812759399414,1.01304292678833,ok,,491,441,0,533,0.027030753903090954,True,0.1,True,8,1e-05,True,4.049477577209473,full_train_epoch_chunks,full train set chunked per epoch | validation=auto_stratified_validation | wise_ft=alpha0.1 rows=1024<2000,30,1,epoch_chunk,accuracy,0.96,0.96,0.96,0.96,0,True,False,,random,none,standardized_l2,,,,True
stage1_graph_scm_0087_seed42,/home/crc00006699/zh/tabiclv2/results/tabiclv2_prior_data/graph_scm_3stage_512_seed42/stage1_graph_scm_0087_seed42,multiclass,491,50,533,37,7,0.40337711069418386,0.36847211824716064,0.31533794468947113,0.77104512345066,1.482173278515319,5.01417875289917,1.0335817337036133,ok,,491,441,0,533,1.4916548132896423,True,0.1,True,10,1e-05,True,4.926366806030273,full_train_epoch_chunks,full train set chunked per epoch | validation=auto_stratified_validation | wise_ft=alpha0.1 rows=1024<2000,30,1,epoch_chunk,accuracy,0.46,0.48,0.46,0.48,2,True,False,,random,none,standardized_l2,,,,True
stage1_graph_scm_0088_seed42,/home/crc00006699/zh/tabiclv2/results/tabiclv2_prior_data/graph_scm_3stage_512_seed42/stage1_graph_scm_0088_seed42,multiclass,372,38,652,69,7,0.3619631901840491,0.2801686484158103,0.368766854810571,0.7908013246632429,1.3544612411080958,10.532469987869263,0.7175989151000977,ok,,372,334,0,652,1.128724992275238,True,0.1,True,18,1e-05,True,10.38435673713684,full_train_epoch_chunks,full train set chunked per epoch | validation=auto_stratified_validation | wise_ft=alpha0.1 rows=1024<2000,30,1,epoch_chunk,accuracy,0.2894736842105263,0.3684210526315789,0.2894736842105263,0.3684210526315789,10,True,False,,random,none,standardized_l2,,,,True
stage1_graph_scm_0089_seed42,/home/crc00006699/zh/tabiclv2/results/tabiclv2_prior_data/graph_scm_3stage_512_seed42/stage1_graph_scm_0089_seed42,multiclass,372,38,652,69,8,0.7147239263803681,0.6350274624592885,0.5543893129770993,0.9255647701894569,0.6198192492066964,5.358221769332886,0.7015669345855713,ok,,372,334,0,652,0.7274853587150574,True,0.1,True,8,1e-05,True,5.213927984237671,full_train_epoch_chunks,full train set chunked per epoch | validation=auto_stratified_validation | wise_ft=alpha0.1 rows=1024<2000,30,1,epoch_chunk,accuracy,0.6842105263157895,0.6842105263157895,0.6842105263157895,0.6842105263157895,0,True,False,,random,none,standardized_l2,,,,True
stage1_graph_scm_0090_seed42,/home/crc00006699/zh/tabiclv2/results/tabiclv2_prior_data/graph_scm_3stage_512_seed42/stage1_graph_scm_0090_seed42,multiclass,372,38,652,69,8,0.25,0.2549408023929945,0.2503141129576392,0.703622224352953,1.8702015790229698,8.487843036651611,0.7008914947509766,ok,,372,334,0,652,2.0361032485961914,True,0.1,True,14,1e-05,True,8.344223976135254,full_train_epoch_chunks,full train set chunked per epoch | validation=auto_stratified_validation | wise_ft=alpha0.1 rows=1024<2000,30,1,epoch_chunk,accuracy,0.18421052631578946,0.23684210526315788,0.18421052631578946,0.23684210526315788,6,True,False,,random,none,standardized_l2,,,,True
stage1_graph_scm_0091_seed42,/home/crc00006699/zh/tabiclv2/results/tabiclv2_prior_data/graph_scm_3stage_512_seed42/stage1_graph_scm_0091_seed42,multiclass,372,38,652,69,4,0.9570552147239264,0.9570684511531772,0.9587936793069955,0.9978889256820639,0.10907769877018751,5.208496809005737,0.709942102432251,ok,,372,334,0,652,0.25350452959537506,True,0.1,True,8,1e-05,True,5.066202878952026,full_train_epoch_chunks,full train set chunked per epoch | validation=auto_stratified_validation | wise_ft=alpha0.1 rows=1024<2000,30,1,epoch_chunk,accuracy,0.9210526315789473,0.9210526315789473,0.9210526315789473,0.9210526315789473,0,True,False,,random,none,standardized_l2,,,,True
stage1_graph_scm_0092_seed42,/home/crc00006699/zh/tabiclv2/results/tabiclv2_prior_data/graph_scm_3stage_512_seed42/stage1_graph_scm_0092_seed42,multiclass,860,86,164,3,9,1.0,1.0,1.0,1.0,0.000874999988391213,2.7808051109313965,0.5542659759521484,ok,,860,774,0,164,0.012553055305033922,True,0.1,True,8,1e-05,True,2.7589313983917236,full_train_epoch_chunks,full train set chunked per epoch | validation=auto_stratified_validation | wise_ft=alpha0.1 rows=1024<2000,30,1,epoch_chunk,accuracy,1.0,1.0,1.0,1.0,0,True,False,,random,none,standardized_l2,,,,True
stage1_graph_scm_0093_seed42,/home/crc00006699/zh/tabiclv2/results/tabiclv2_prior_data/graph_scm_3stage_512_seed42/stage1_graph_scm_0093_seed42,multiclass,860,86,164,3,4,0.7804878048780488,0.7763808948389354,0.6592659330938854,0.8989962490185336,0.5919367405620205,2.8183414936065674,0.4231736660003662,ok,,860,774,0,164,0.743943601846695,True,0.1,True,8,1e-05,True,2.7945785522460938,full_train_epoch_chunks,full train set chunked per epoch | validation=auto_stratified_validation | wise_ft=alpha0.1 rows=1024<2000,30,1,epoch_chunk,accuracy,0.7209302325581395,0.7209302325581395,0.7209302325581395,0.7209302325581395,0,True,False,,random,none,standardized_l2,,,,True
stage1_graph_scm_0094_seed42,/home/crc00006699/zh/tabiclv2/results/tabiclv2_prior_data/graph_scm_3stage_512_seed42/stage1_graph_scm_0094_seed42,multiclass,860,86,164,3,7,0.3231707317073171,0.22497649248719082,0.1787402904424181,0.6187613872345068,1.7510706854821625,2.79417085647583,0.545997142791748,ok,,860,774,0,164,1.768068015575409,True,0.1,True,8,1e-05,True,2.770193099975586,full_train_epoch_chunks,full train set chunked per epoch | validation=auto_stratified_validation | wise_ft=alpha0.1 rows=1024<2000,30,1,epoch_chunk,accuracy,0.313953488372093,0.313953488372093,0.313953488372093,0.313953488372093,0,True,False,,random,none,standardized_l2,,,,True
stage1_graph_scm_0095_seed42,/home/crc00006699/zh/tabiclv2/results/tabiclv2_prior_data/graph_scm_3stage_512_seed42/stage1_graph_scm_0095_seed42,multiclass,860,86,164,3,5,0.5,0.4837741882422515,0.46915575838730544,0.765773129611439,1.3047854932444587,3.8558759689331055,0.4751882553100586,ok,,860,774,0,164,1.1923838257789612,True,0.1,True,12,1e-05,True,3.8308722972869873,full_train_epoch_chunks,full train set chunked per epoch | validation=auto_stratified_validation | wise_ft=alpha0.1 rows=1024<2000,30,1,epoch_chunk,accuracy,0.43023255813953487,0.45348837209302323,0.43023255813953487,0.45348837209302323,4,True,False,,random,none,standardized_l2,,,,True
stage1_graph_scm_0096_seed42,/home/crc00006699/zh/tabiclv2/results/tabiclv2_prior_data/graph_scm_3stage_512_seed42/stage1_graph_scm_0096_seed42,multiclass,698,70,326,50,3,0.5705521472392638,0.5502102797835629,0.4590742916829873,0.7253723285371833,0.8853384386478254,6.9690775871276855,1.288837194442749,ok,,698,628,0,326,0.8793315589427948,True,0.1,True,11,1e-05,True,6.8428053855896,full_train_epoch_chunks,full train set chunked per epoch | validation=auto_stratified_validation | wise_ft=alpha0.1 rows=1024<2000,30,1,epoch_chunk,accuracy,0.6,0.6142857142857143,0.6,0.6142857142857143,3,True,False,,random,none,standardized_l2,,,,True
stage1_graph_scm_0097_seed42,/home/crc00006699/zh/tabiclv2/results/tabiclv2_prior_data/graph_scm_3stage_512_seed42/stage1_graph_scm_0097_seed42,multiclass,698,70,326,50,10,0.9631901840490797,0.9633046689564009,0.9416450346801579,0.9993421761105818,0.09113637335498179,5.427332878112793,1.2909793853759766,ok,,698,628,0,326,0.08625787124037743,True,0.1,True,8,1e-05,True,5.302368402481079,full_train_epoch_chunks,full train set chunked per epoch | validation=auto_stratified_validation | wise_ft=alpha0.1 rows=1024<2000,30,1,epoch_chunk,accuracy,0.9857142857142858,0.9857142857142858,0.9857142857142858,0.9857142857142858,0,True,False,,random,none,standardized_l2,,,,True
stage1_graph_scm_0098_seed42,/home/crc00006699/zh/tabiclv2/results/tabiclv2_prior_data/graph_scm_3stage_512_seed42/stage1_graph_scm_0098_seed42,multiclass,698,70,326,50,7,0.4785276073619632,0.4301245498192215,0.28691462732279055,0.7464651564084976,1.3903609529892473,5.4418957233428955,1.2999529838562012,ok,,698,628,0,326,1.3594467639923096,True,0.1,True,8,1e-05,True,5.3165788650512695,full_train_epoch_chunks,full train set chunked per epoch | validation=auto_stratified_validation | wise_ft=alpha0.1 rows=1024<2000,30,1,epoch_chunk,accuracy,0.44285714285714284,0.44285714285714284,0.44285714285714284,0.44285714285714284,0,True,False,,random,none,standardized_l2,,,,True
stage1_graph_scm_0099_seed42,/home/crc00006699/zh/tabiclv2/results/tabiclv2_prior_data/graph_scm_3stage_512_seed42/stage1_graph_scm_0099_seed42,multiclass,698,70,326,50,4,0.9815950920245399,0.9818332979138301,0.97573385518591,0.9990860296810697,0.04120682719620785,5.465094804763794,1.297576904296875,ok,,698,628,0,326,0.04579915106296539,True,0.1,True,8,1e-05,True,5.33919882774353,full_train_epoch_chunks,full train set chunked per epoch | validation=auto_stratified_validation | wise_ft=alpha0.1 rows=1024<2000,30,1,epoch_chunk,accuracy,0.9571428571428572,0.9571428571428572,0.9571428571428572,0.9571428571428572,0,True,False,,random,none,standardized_l2,,,,True
stage1_graph_scm_0100_seed42,/home/crc00006699/zh/tabiclv2/results/tabiclv2_prior_data/graph_scm_3stage_512_seed42/stage1_graph_scm_0100_seed42,multiclass,446,45,578,98,7,0.9117647058823529,0.8998848054120416,0.7307088744588744,0.9850884437309408,0.1921196279231759,6.818792819976807,0.8788068294525146,ok,,446,401,0,578,0.15466216951608658,True,0.1,True,8,1e-05,True,6.614725112915039,full_train_epoch_chunks,full train set chunked per epoch | validation=auto_stratified_validation | wise_ft=alpha0.1 rows=1024<2000,30,1,epoch_chunk,accuracy,0.9111111111111111,0.9111111111111111,0.9111111111111111,0.9111111111111111,0,True,False,,random,none,standardized_l2,,,,True
stage1_graph_scm_0101_seed42,/home/crc00006699/zh/tabiclv2/results/tabiclv2_prior_data/graph_scm_3stage_512_seed42/stage1_graph_scm_0101_seed42,multiclass,446,45,578,96,8,0.5190311418685121,0.5081474576125207,0.5143276944960735,0.8649100273925945,1.2964326886144202,6.673305034637451,0.8955974578857422,ok,,446,401,0,578,1.3728005290031433,True,0.1,True,8,1e-05,True,6.472880840301514,full_train_epoch_chunks,full train set chunked per epoch | validation=auto_stratified_validation | wise_ft=alpha0.1 rows=1024<2000,30,1,epoch_chunk,accuracy,0.5777777777777777,0.5777777777777777,0.5777777777777777,0.5777777777777777,0,True,False,,random,none,standardized_l2,,,,True
stage1_graph_scm_0102_seed42,/home/crc00006699/zh/tabiclv2/results/tabiclv2_prior_data/graph_scm_3stage_512_seed42/stage1_graph_scm_0102_seed42,multiclass,446,45,578,98,4,0.6349480968858131,0.5885523007156828,0.4791092892362604,0.8057242949816754,0.8712160747690583,6.9256110191345215,0.9026732444763184,ok,,446,401,0,578,0.8585910797119141,True,0.1,True,8,1e-05,True,6.724057197570801,full_train_epoch_chunks,full train set chunked per epoch | validation=auto_stratified_validation | wise_ft=alpha0.1 rows=1024<2000,30,1,epoch_chunk,accuracy,0.8,0.8,0.8,0.8,0,True,False,,random,none,standardized_l2,,,,True
stage1_graph_scm_0103_seed42,/home/crc00006699/zh/tabiclv2/results/tabiclv2_prior_data/graph_scm_3stage_512_seed42/stage1_graph_scm_0103_seed42,binclass,446,45,578,88,2,1.0,1.0,1.0,1.0,1.2837747354956562e-06,6.3244853019714355,0.8381891250610352,ok,,446,401,0,578,1.7575919741830148e-06,True,0.1,True,8,1e-05,True,6.131976366043091,full_train_epoch_chunks,full train set chunked per epoch | validation=auto_stratified_validation | wise_ft=alpha0.1 rows=1024<2000,30,1,epoch_chunk,accuracy,1.0,1.0,1.0,1.0,0,True,False,,random,none,standardized_l2,,,,True
stage1_graph_scm_0104_seed42,/home/crc00006699/zh/tabiclv2/results/tabiclv2_prior_data/graph_scm_3stage_512_seed42/stage1_graph_scm_0104_seed42,binclass,383,39,641,2,2,0.9953198127925117,0.9954101743389223,0.9975247524752475,0.9998585572842998,0.009196345665468567,2.5742359161376953,0.12192106246948242,ok,,383,344,0,641,0.0028655598871409893,True,0.1,True,8,1e-05,True,2.554208755493164,full_train_epoch_chunks,full train set chunked per epoch | validation=auto_stratified_validation | wise_ft=alpha0.1 rows=1024<2000,30,1,epoch_chunk,accuracy,1.0,1.0,1.0,1.0,0,True,False,,random,none,standardized_l2,,,,True
stage1_graph_scm_0105_seed42,/home/crc00006699/zh/tabiclv2/results/tabiclv2_prior_data/graph_scm_3stage_512_seed42/stage1_graph_scm_0105_seed42,multiclass,383,39,641,2,3,0.7535101404056163,0.7450136518948779,0.7030466518565536,0.9020334153321864,0.5478971426436394,4.3669188022613525,0.17992734909057617,ok,,383,344,0,641,0.5119732916355133,True,0.1,True,15,1e-05,True,4.345768690109253,full_train_epoch_chunks,full train set chunked per epoch | validation=auto_stratified_validation | wise_ft=alpha0.1 rows=1024<2000,30,1,epoch_chunk,accuracy,0.7948717948717948,0.8205128205128205,0.7948717948717948,0.8205128205128205,7,True,False,,random,none,standardized_l2,,,,True
stage1_graph_scm_0106_seed42,/home/crc00006699/zh/tabiclv2/results/tabiclv2_prior_data/graph_scm_3stage_512_seed42/stage1_graph_scm_0106_seed42,multiclass,383,39,641,2,5,0.5054602184087363,0.43795956972635275,0.39653428021867276,0.7384880109390364,1.3023266420105786,3.8321847915649414,0.28688597679138184,ok,,383,344,0,641,1.365988314151764,True,0.1,True,13,1e-05,True,3.8100483417510986,full_train_epoch_chunks,full train set chunked per epoch | validation=auto_stratified_validation | wise_ft=alpha0.1 rows=1024<2000,30,1,epoch_chunk,accuracy,0.48717948717948717,0.5128205128205128,0.48717948717948717,0.5128205128205128,5,True,False,,random,none,standardized_l2,,,,True
stage1_graph_scm_0107_seed42,/home/crc00006699/zh/tabiclv2/results/tabiclv2_prior_data/graph_scm_3stage_512_seed42/stage1_graph_scm_0107_seed42,multiclass,383,39,641,2,10,0.22932917316692666,0.18396156933427787,0.20043365803606328,0.7245922117084739,1.9899867950723884,2.587233543395996,0.4718968868255615,ok,,383,344,0,641,1.96575927734375,True,0.1,True,8,1e-05,True,2.5676615238189697,full_train_epoch_chunks,full train set chunked per epoch | validation=auto_stratified_validation | wise_ft=alpha0.1 rows=1024<2000,30,1,epoch_chunk,accuracy,0.28205128205128205,0.28205128205128205,0.28205128205128205,0.28205128205128205,0,True,False,,random,none,standardized_l2,,,,True
stage1_graph_scm_0108_seed42,/home/crc00006699/zh/tabiclv2/results/tabiclv2_prior_data/graph_scm_3stage_512_seed42/stage1_graph_scm_0108_seed42,multiclass,709,71,315,56,8,0.8412698412698413,0.8416519994409246,0.8240505398287261,0.9869832176119067,0.37922419218318343,5.91457462310791,1.384293794631958,ok,,709,638,0,315,0.3042702227830887,True,0.1,True,8,1e-05,True,5.770887136459351,full_train_epoch_chunks,full train set chunked per epoch | validation=auto_stratified_validation | wise_ft=alpha0.1 rows=1024<2000,30,1,epoch_chunk,accuracy,0.9014084507042254,0.9014084507042254,0.9014084507042254,0.9014084507042254,0,True,False,,random,none,standardized_l2,,,,True
stage1_graph_scm_0109_seed42,/home/crc00006699/zh/tabiclv2/results/tabiclv2_prior_data/graph_scm_3stage_512_seed42/stage1_graph_scm_0109_seed42,multiclass,709,71,315,52,7,0.9428571428571428,0.9429032932781964,0.9389844768403871,0.9957141511537723,0.1608969009291873,5.549225807189941,1.3083305358886719,ok,,709,638,0,315,0.26634620130062103,True,0.1,True,8,1e-05,True,5.422537565231323,full_train_epoch_chunks,full train set chunked per epoch | validation=auto_stratified_validation | wise_ft=alpha0.1 rows=1024<2000,30,1,epoch_chunk,accuracy,0.9014084507042254,0.9014084507042254,0.9014084507042254,0.9014084507042254,0,True,False,,random,none,standardized_l2,,,,True
stage1_graph_scm_0110_seed42,/home/crc00006699/zh/tabiclv2/results/tabiclv2_prior_data/graph_scm_3stage_512_seed42/stage1_graph_scm_0110_seed42,multiclass,709,71,315,56,3,1.0,1.0,1.0,1.0,3.5403313004378506e-07,5.740884065628052,1.3772728443145752,ok,,709,638,0,315,9.85119299912185e-07,True,0.1,True,8,1e-05,True,5.59943699836731,full_train_epoch_chunks,full train set chunked per epoch | validation=auto_stratified_validation | wise_ft=alpha0.1 rows=1024<2000,30,1,epoch_chunk,accuracy,1.0,1.0,1.0,1.0,0,True,False,,random,none,standardized_l2,,,,True
stage1_graph_scm_0111_seed42,/home/crc00006699/zh/tabiclv2/results/tabiclv2_prior_data/graph_scm_3stage_512_seed42/stage1_graph_scm_0111_seed42,multiclass,709,71,315,56,4,1.0,1.0,1.0,1.0,1.2485373130965558e-05,5.811781406402588,1.3760573863983154,ok,,709,638,0,315,2.919688995461911e-06,True,0.1,True,8,1e-05,True,5.674567461013794,full_train_epoch_chunks,full train set chunked per epoch | validation=auto_stratified_validation | wise_ft=alpha0.1 rows=1024<2000,30,1,epoch_chunk,accuracy,1.0,1.0,1.0,1.0,0,True,False,,random,none,standardized_l2,,,,True
stage1_graph_scm_0112_seed42,/home/crc00006699/zh/tabiclv2/results/tabiclv2_prior_data/graph_scm_3stage_512_seed42/stage1_graph_scm_0112_seed42,binclass,423,43,601,71,2,0.9983361064891847,0.998338632862374,0.9989561586638831,0.9999828878469489,0.004650149944869463,7.760048151016235,0.7447316646575928,ok,,423,380,0,601,0.0038059832295402884,True,0.1,True,12,1e-05,True,7.612285852432251,full_train_epoch_chunks,full train set chunked per epoch | validation=auto_stratified_validation | wise_ft=alpha0.1 rows=1024<2000,30,1,epoch_chunk,accuracy,0.9767441860465116,1.0,0.9767441860465116,1.0,4,True,False,,random,none,standardized_l2,,,,True
stage1_graph_scm_0113_seed42,/home/crc00006699/zh/tabiclv2/results/tabiclv2_prior_data/graph_scm_3stage_512_seed42/stage1_graph_scm_0113_seed42,binclass,423,43,601,75,2,0.9883527454242929,0.9883774753551375,0.980257957145829,0.9977324734761805,0.04082262990331294,5.643651723861694,0.7682874202728271,ok,,423,380,0,601,0.06947570666670799,True,0.1,True,8,1e-05,True,5.48521614074707,full_train_epoch_chunks,full train set chunked per epoch | validation=auto_stratified_validation | wise_ft=alpha0.1 rows=1024<2000,30,1,epoch_chunk,accuracy,0.9534883720930233,0.9534883720930233,0.9534883720930233,0.9534883720930233,0,True,False,,random,none,standardized_l2,,,,True
stage1_graph_scm_0114_seed42,/home/crc00006699/zh/tabiclv2/results/tabiclv2_prior_data/graph_scm_3stage_512_seed42/stage1_graph_scm_0114_seed42,multiclass,423,43,601,77,3,0.9983361064891847,0.9983354263052088,0.9983818770226538,1.0,0.002755842499160807,5.801367998123169,0.7890269756317139,ok,,423,380,0,601,4.789546892425278e-06,True,0.1,True,8,1e-05,True,5.637793302536011,full_train_epoch_chunks,full train set chunked per epoch | validation=auto_stratified_validation | wise_ft=alpha0.1 rows=1024<2000,30,1,epoch_chunk,accuracy,0.9767441860465116,0.9767441860465116,0.9767441860465116,0.9767441860465116,0,True,False,,random,none,standardized_l2,,,,True
stage1_graph_scm_0115_seed42,/home/crc00006699/zh/tabiclv2/results/tabiclv2_prior_data/graph_scm_3stage_512_seed42/stage1_graph_scm_0115_seed42,multiclass,423,43,601,65,9,0.908485856905158,0.9074669472510538,0.8586538813225623,0.9946309367835118,0.1766446830411528,5.2342848777771,0.6914918422698975,ok,,423,380,0,601,0.12525911256670952,True,0.1,True,8,1e-05,True,5.096901178359985,full_train_epoch_chunks,full train set chunked per epoch | validation=auto_stratified_validation | wise_ft=alpha0.1 rows=1024<2000,30,1,epoch_chunk,accuracy,0.9069767441860465,0.9069767441860465,0.9069767441860465,0.9069767441860465,0,True,False,,random,none,standardized_l2,,,,True
stage1_graph_scm_0116_seed42,/home/crc00006699/zh/tabiclv2/results/tabiclv2_prior_data/graph_scm_3stage_512_seed42/stage1_graph_scm_0116_seed42,multiclass,661,67,363,22,10,0.45454545454545453,0.4311487757754427,0.43168666524664906,0.8602890854610216,1.4783531984750284,5.2722578048706055,0.8119316101074219,ok,,661,594,0,363,1.5630555748939514,True,0.1,True,12,1e-05,True,5.205087423324585,full_train_epoch_chunks,full train set chunked per epoch | validation=auto_stratified_validation | wise_ft=alpha0.1 rows=1024<2000,30,1,epoch_chunk,accuracy,0.4626865671641791,0.4925373134328358,0.4626865671641791,0.4925373134328358,4,True,False,,random,none,standardized_l2,,,,True
stage1_graph_scm_0117_seed42,/home/crc00006699/zh/tabiclv2/results/tabiclv2_prior_data/graph_scm_3stage_512_seed42/stage1_graph_scm_0117_seed42,multiclass,661,67,363,22,6,0.9008264462809917,0.9009650459042767,0.894332739928946,0.9903943617034402,0.27676648007686805,4.833143711090088,0.8161540031433105,ok,,661,594,0,363,0.38412681221961975,True,0.1,True,11,1e-05,True,4.7650306224823,full_train_epoch_chunks,full train set chunked per epoch | validation=auto_stratified_validation | wise_ft=alpha0.1 rows=1024<2000,30,1,epoch_chunk,accuracy,0.835820895522388,0.8507462686567164,0.835820895522388,0.8507462686567164,3,True,False,,random,none,standardized_l2,,,,True
stage1_graph_scm_0118_seed42,/home/crc00006699/zh/tabiclv2/results/tabiclv2_prior_data/graph_scm_3stage_512_seed42/stage1_graph_scm_0118_seed42,binclass,661,67,363,22,2,0.9146005509641874,0.914639555348343,0.9147820786345626,0.9721121609265468,0.20270302705905177,3.647829532623291,0.8308241367340088,ok,,661,594,0,363,0.2126757577061653,True,0.1,True,8,1e-05,True,3.584628105163574,full_train_epoch_chunks,full train set chunked per epoch | validation=auto_stratified_validation | wise_ft=alpha0.1 rows=1024<2000,30,1,epoch_chunk,accuracy,0.9701492537313433,0.9701492537313433,0.9701492537313433,0.9701492537313433,0,True,False,,random,none,standardized_l2,,,,True
stage1_graph_scm_0119_seed42,/home/crc00006699/zh/tabiclv2/results/tabiclv2_prior_data/graph_scm_3stage_512_seed42/stage1_graph_scm_0119_seed42,multiclass,661,67,363,22,7,0.7052341597796143,0.6962084762909019,0.6024174499747943,0.9262546382904165,0.7475200818311843,5.191694736480713,0.8102033138275146,ok,,661,594,0,363,0.9194231033325195,True,0.1,True,12,1e-05,True,5.128798246383667,full_train_epoch_chunks,full train set chunked per epoch | validation=auto_stratified_validation | wise_ft=alpha0.1 rows=1024<2000,30,1,epoch_chunk,accuracy,0.6268656716417911,0.6417910447761194,0.6268656716417911,0.6417910447761194,4,True,False,,random,none,standardized_l2,,,,True
stage1_graph_scm_0120_seed42,/home/crc00006699/zh/tabiclv2/results/tabiclv2_prior_data/graph_scm_3stage_512_seed42/stage1_graph_scm_0120_seed42,multiclass,747,75,277,43,6,0.9963898916967509,0.9963832327354537,0.9940476190476191,0.9998326639892904,0.028768979879176145,4.991888999938965,1.2149977684020996,ok,,747,672,0,277,0.0036686609964817762,True,0.1,True,8,1e-05,True,4.881352424621582,full_train_epoch_chunks,full train set chunked per epoch | validation=auto_stratified_validation | wise_ft=alpha0.1 rows=1024<2000,30,1,epoch_chunk,accuracy,0.9866666666666667,0.9866666666666667,0.9866666666666667,0.9866666666666667,0,True,False,,random,none,standardized_l2,,,,True
stage1_graph_scm_0121_seed42,/home/crc00006699/zh/tabiclv2/results/tabiclv2_prior_data/graph_scm_3stage_512_seed42/stage1_graph_scm_0121_seed42,multiclass,747,75,277,43,5,0.6462093862815884,0.6163317089444159,0.6555492971382101,0.9283477237642511,0.6133637596002696,9.875522375106812,1.1963856220245361,ok,,747,672,0,277,0.6762384474277496,True,0.1,True,17,1e-05,True,9.76520562171936,full_train_epoch_chunks,full train set chunked per epoch | validation=auto_stratified_validation | wise_ft=alpha0.1 rows=1024<2000,30,1,epoch_chunk,accuracy,0.6133333333333333,0.6533333333333333,0.6133333333333333,0.6533333333333333,9,True,False,,random,none,standardized_l2,,,,True
stage1_graph_scm_0122_seed42,/home/crc00006699/zh/tabiclv2/results/tabiclv2_prior_data/graph_scm_3stage_512_seed42/stage1_graph_scm_0122_seed42,multiclass,747,75,277,43,4,1.0,1.0,1.0,1.0,4.2777659211730497e-07,5.0014872550964355,1.1914308071136475,ok,,747,672,0,277,1.5061293083817873e-06,True,0.1,True,8,1e-05,True,4.894638299942017,full_train_epoch_chunks,full train set chunked per epoch | validation=auto_stratified_validation | wise_ft=alpha0.1 rows=1024<2000,30,1,epoch_chunk,accuracy,1.0,1.0,1.0,1.0,0,True,False,,random,none,standardized_l2,,,,True
stage1_graph_scm_0123_seed42,/home/crc00006699/zh/tabiclv2/results/tabiclv2_prior_data/graph_scm_3stage_512_seed42/stage1_graph_scm_0123_seed42,multiclass,747,75,277,43,5,1.0,1.0,1.0,1.0,6.304524796114031e-06,5.022988319396973,1.2091326713562012,ok,,747,672,0,277,5.227861038292758e-06,True,0.1,True,8,1e-05,True,4.9149744510650635,full_train_epoch_chunks,full train set chunked per epoch | validation=auto_stratified_validation | wise_ft=alpha0.1 rows=1024<2000,30,1,epoch_chunk,accuracy,1.0,1.0,1.0,1.0,0,True,False,,random,none,standardized_l2,,,,True
stage1_graph_scm_0124_seed42,/home/crc00006699/zh/tabiclv2/results/tabiclv2_prior_data/graph_scm_3stage_512_seed42/stage1_graph_scm_0124_seed42,binclass,751,76,273,59,2,1.0,1.0,1.0,1.0,3.5182375634773637e-06,6.122508764266968,1.4561207294464111,ok,,751,675,0,273,1.0309395861440862e-06,True,0.1,True,8,1e-05,True,5.976251840591431,full_train_epoch_chunks,full train set chunked per epoch | validation=auto_stratified_validation | wise_ft=alpha0.1 rows=1024<2000,30,1,epoch_chunk,accuracy,1.0,1.0,1.0,1.0,0,True,False,,random,none,standardized_l2,,,,True
stage1_graph_scm_0125_seed42,/home/crc00006699/zh/tabiclv2/results/tabiclv2_prior_data/graph_scm_3stage_512_seed42/stage1_graph_scm_0125_seed42,multiclass,751,76,273,59,7,0.9157509157509157,0.9118024739494506,0.8750570120521327,0.9896332972612741,0.2530414728244047,11.088210105895996,1.4434998035430908,ok,,751,675,0,273,0.27608537673950195,True,0.1,True,16,1e-05,True,10.941016435623169,full_train_epoch_chunks,full train set chunked per epoch | validation=auto_stratified_validation | wise_ft=alpha0.1 rows=1024<2000,30,1,epoch_chunk,accuracy,0.868421052631579,0.881578947368421,0.868421052631579,0.881578947368421,8,True,False,,random,none,standardized_l2,,,,True
stage1_graph_scm_0126_seed42,/home/crc00006699/zh/tabiclv2/results/tabiclv2_prior_data/graph_scm_3stage_512_seed42/stage1_graph_scm_0126_seed42,multiclass,751,76,273,59,8,0.4249084249084249,0.39440975587278954,0.3229053441869898,0.7839889258415912,1.526310737155957,13.626074314117432,1.4372503757476807,ok,,751,675,0,273,1.5600481629371643,True,0.1,True,20,1e-05,True,13.48255467414856,full_train_epoch_chunks,full train set chunked per epoch | validation=auto_stratified_validation | wise_ft=alpha0.1 rows=1024<2000,30,1,epoch_chunk,accuracy,0.4342105263157895,0.47368421052631576,0.4342105263157895,0.47368421052631576,12,True,False,,random,none,standardized_l2,,,,True
stage1_graph_scm_0127_seed42,/home/crc00006699/zh/tabiclv2/results/tabiclv2_prior_data/graph_scm_3stage_512_seed42/stage1_graph_scm_0127_seed42,multiclass,751,76,273,58,3,1.0,1.0,1.0,1.0,8.39712200092074e-07,6.100451231002808,1.4257473945617676,ok,,751,675,0,273,1.6561261304559594e-06,True,0.1,True,8,1e-05,True,5.956912279129028,full_train_epoch_chunks,full train set chunked per epoch | validation=auto_stratified_validation | wise_ft=alpha0.1 rows=1024<2000,30,1,epoch_chunk,accuracy,1.0,1.0,1.0,1.0,0,True,False,,random,none,standardized_l2,,,,True
stage1_graph_scm_0128_seed42,/home/crc00006699/zh/tabiclv2/results/tabiclv2_prior_data/graph_scm_3stage_512_seed42/stage1_graph_scm_0128_seed42,multiclass,472,48,552,15,4,0.9927536231884058,0.9927516421887141,0.9914402797574469,0.9999580647440072,0.019254550522826288,3.246269941329956,0.6933856010437012,ok,,472,424,0,552,0.002160141128115356,True,0.1,True,8,1e-05,True,3.201366901397705,full_train_epoch_chunks,full train set chunked per epoch | validation=auto_stratified_validation | wise_ft=alpha0.1 rows=1024<2000,30,1,epoch_chunk,accuracy,1.0,1.0,1.0,1.0,0,True,False,,random,none,standardized_l2,,,,True
stage1_graph_scm_0129_seed42,/home/crc00006699/zh/tabiclv2/results/tabiclv2_prior_data/graph_scm_3stage_512_seed42/stage1_graph_scm_0129_seed42,multiclass,472,48,552,15,4,0.625,0.6107297168191103,0.5050542944450508,0.7978306401300932,0.924852136987907,3.12391996383667,0.7014758586883545,ok,,472,424,0,552,0.8324408829212189,True,0.1,True,8,1e-05,True,3.077495813369751,full_train_epoch_chunks,full train set chunked per epoch | validation=auto_stratified_validation | wise_ft=alpha0.1 rows=1024<2000,30,1,epoch_chunk,accuracy,0.75,0.75,0.75,0.75,0,True,False,,random,none,standardized_l2,,,,True
stage1_graph_scm_0130_seed42,/home/crc00006699/zh/tabiclv2/results/tabiclv2_prior_data/graph_scm_3stage_512_seed42/stage1_graph_scm_0130_seed42,multiclass,472,48,552,15,3,0.8514492753623188,0.8415888296265672,0.6985846545830653,0.949838913994184,0.3124992632497989,3.283046245574951,0.6901588439941406,ok,,472,424,0,552,0.32249145209789276,True,0.1,True,8,1e-05,True,3.2395458221435547,full_train_epoch_chunks,full train set chunked per epoch | validation=auto_stratified_validation | wise_ft=alpha0.1 rows=1024<2000,30,1,epoch_chunk,accuracy,0.8333333333333334,0.8333333333333334,0.8333333333333334,0.8333333333333334,0,True,False,,random,none,standardized_l2,,,,True
stage1_graph_scm_0131_seed42,/home/crc00006699/zh/tabiclv2/results/tabiclv2_prior_data/graph_scm_3stage_512_seed42/stage1_graph_scm_0131_seed42,binclass,472,48,552,11,2,1.0,1.0,1.0,1.0,1.7430334838105824e-05,2.894092321395874,0.6214709281921387,ok,,472,424,0,552,1.3403949310486496e-06,True,0.1,True,8,1e-05,True,2.8598339557647705,full_train_epoch_chunks,full train set chunked per epoch | validation=auto_stratified_validation | wise_ft=alpha0.1 rows=1024<2000,30,1,epoch_chunk,accuracy,1.0,1.0,1.0,1.0,0,True,False,,random,none,standardized_l2,,,,True
stage1_graph_scm_0132_seed42,/home/crc00006699/zh/tabiclv2/results/tabiclv2_prior_data/graph_scm_3stage_512_seed42/stage1_graph_scm_0132_seed42,binclass,752,76,272,70,2,1.0,1.0,1.0,1.0,1.1690954482075855e-06,6.382960081100464,0.7361838817596436,ok,,752,676,0,272,9.430779357444408e-07,True,0.1,True,8,1e-05,True,6.208380222320557,full_train_epoch_chunks,full train set chunked per epoch | validation=auto_stratified_validation | wise_ft=alpha0.1 rows=1024<2000,30,1,epoch_chunk,accuracy,1.0,1.0,1.0,1.0,0,True,False,,random,none,standardized_l2,,,,True
stage1_graph_scm_0133_seed42,/home/crc00006699/zh/tabiclv2/results/tabiclv2_prior_data/graph_scm_3stage_512_seed42/stage1_graph_scm_0133_seed42,multiclass,752,76,272,82,6,0.4411764705882353,0.34933072885087996,0.30027401539029447,0.7122354695106489,1.405621893351322,7.031041145324707,0.8544342517852783,ok,,752,676,0,272,1.4883027076721191,True,0.1,True,8,1e-05,True,6.82939076423645,full_train_epoch_chunks,full train set chunked per epoch | validation=auto_stratified_validation | wise_ft=alpha0.1 rows=1024<2000,30,1,epoch_chunk,accuracy,0.47368421052631576,0.47368421052631576,0.47368421052631576,0.47368421052631576,0,True,False,,random,none,standardized_l2,,,,True
stage1_graph_scm_0134_seed42,/home/crc00006699/zh/tabiclv2/results/tabiclv2_prior_data/graph_scm_3stage_512_seed42/stage1_graph_scm_0134_seed42,multiclass,752,76,272,88,5,0.5404411764705882,0.5225745592470777,0.41128411028514816,0.7818102281495081,1.1567444499274757,10.471324443817139,0.8526980876922607,ok,,752,676,0,272,1.1153521537780762,True,0.1,True,12,1e-05,True,10.241156816482544,full_train_epoch_chunks,full train set chunked per epoch | validation=auto_stratified_validation | wise_ft=alpha0.1 rows=1024<2000,30,1,epoch_chunk,accuracy,0.47368421052631576,0.4868421052631579,0.47368421052631576,0.4868421052631579,4,True,False,,random,none,standardized_l2,,,,True
stage1_graph_scm_0135_seed42,/home/crc00006699/zh/tabiclv2/results/tabiclv2_prior_data/graph_scm_3stage_512_seed42/stage1_graph_scm_0135_seed42,multiclass,752,76,272,88,3,0.9705882352941176,0.9691301820592194,0.8366796039209833,0.9937332506126699,0.08148911128135747,7.270366191864014,0.8686683177947998,ok,,752,676,0,272,0.050583360716700554,True,0.1,True,8,1e-05,True,7.05870246887207,full_train_epoch_chunks,full train set chunked per epoch | validation=auto_stratified_validation | wise_ft=alpha0.1 rows=1024<2000,30,1,epoch_chunk,accuracy,0.9736842105263158,0.9736842105263158,0.9736842105263158,0.9736842105263158,0,True,False,,random,none,standardized_l2,,,,True
stage1_graph_scm_0136_seed42,/home/crc00006699/zh/tabiclv2/results/tabiclv2_prior_data/graph_scm_3stage_512_seed42/stage1_graph_scm_0136_seed42,multiclass,771,78,253,43,7,0.9881422924901185,0.9881849824445372,0.9896825396825397,0.9999642519313297,0.028084510977114875,6.696834564208984,1.186880350112915,ok,,771,693,0,253,0.009406877215951681,True,0.1,True,11,1e-05,True,6.585391998291016,full_train_epoch_chunks,full train set chunked per epoch | validation=auto_stratified_validation | wise_ft=alpha0.1 rows=1024<2000,30,1,epoch_chunk,accuracy,0.9358974358974359,0.9487179487179487,0.9358974358974359,0.9487179487179487,3,True,False,,random,none,standardized_l2,,,,True
stage1_graph_scm_0137_seed42,/home/crc00006699/zh/tabiclv2/results/tabiclv2_prior_data/graph_scm_3stage_512_seed42/stage1_graph_scm_0137_seed42,multiclass,771,78,253,43,5,1.0,1.0,1.0,1.0,0.0005617518751595247,5.0078513622283936,1.2043097019195557,ok,,771,693,0,253,0.0002274461367051117,True,0.1,True,8,1e-05,True,4.895678758621216,full_train_epoch_chunks,full train set chunked per epoch | validation=auto_stratified_validation | wise_ft=alpha0.1 rows=1024<2000,30,1,epoch_chunk,accuracy,1.0,1.0,1.0,1.0,0,True,False,,random,none,standardized_l2,,,,True
stage1_graph_scm_0138_seed42,/home/crc00006699/zh/tabiclv2/results/tabiclv2_prior_data/graph_scm_3stage_512_seed42/stage1_graph_scm_0138_seed42,multiclass,771,78,253,42,5,0.525691699604743,0.49023865777159487,0.42503932774964975,0.7649776119798777,1.265783951051884,8.172199487686157,1.1667811870574951,ok,,771,693,0,253,1.3383342027664185,True,0.1,True,14,1e-05,True,8.055892944335938,full_train_epoch_chunks,full train set chunked per epoch | validation=auto_stratified_validation | wise_ft=alpha0.1 rows=1024<2000,30,1,epoch_chunk,accuracy,0.4358974358974359,0.5128205128205128,0.4358974358974359,0.5128205128205128,6,True,False,,random,none,standardized_l2,,,,True
stage1_graph_scm_0139_seed42,/home/crc00006699/zh/tabiclv2/results/tabiclv2_prior_data/graph_scm_3stage_512_seed42/stage1_graph_scm_0139_seed42,multiclass,771,78,253,43,9,0.6837944664031621,0.6746320222432957,0.5080658786936723,0.9443056670467853,0.842276135623101,7.976854562759399,1.1975362300872803,ok,,771,693,0,253,0.8867604434490204,True,0.1,True,13,1e-05,True,7.86014723777771,full_train_epoch_chunks,full train set chunked per epoch | validation=auto_stratified_validation | wise_ft=alpha0.1 rows=1024<2000,30,1,epoch_chunk,accuracy,0.6666666666666666,0.6923076923076923,0.6666666666666666,0.6923076923076923,5,True,False,,random,none,standardized_l2,,,,True
stage1_graph_scm_0140_seed42,/home/crc00006699/zh/tabiclv2/results/tabiclv2_prior_data/graph_scm_3stage_512_seed42/stage1_graph_scm_0140_seed42,binclass,678,68,346,5,2,1.0,1.0,1.0,1.0,7.970837349173504e-07,2.797865629196167,0.34589672088623047,ok,,678,610,0,346,7.269812272170384e-07,True,0.1,True,8,1e-05,True,2.771763801574707,full_train_epoch_chunks,full train set chunked per epoch | validation=auto_stratified_validation | wise_ft=alpha0.1 rows=1024<2000,30,1,epoch_chunk,accuracy,1.0,1.0,1.0,1.0,0,True,False,,random,none,standardized_l2,,,,True
stage1_graph_scm_0141_seed42,/home/crc00006699/zh/tabiclv2/results/tabiclv2_prior_data/graph_scm_3stage_512_seed42/stage1_graph_scm_0141_seed42,multiclass,678,68,346,5,5,0.861271676300578,0.8566826626256279,0.709103987855433,0.9652181158644032,0.33410299269510146,2.7180628776550293,0.5421600341796875,ok,,678,610,0,346,0.36316218972206116,True,0.1,True,8,1e-05,True,2.691934108734131,full_train_epoch_chunks,full train set chunked per epoch | validation=auto_stratified_validation | wise_ft=alpha0.1 rows=1024<2000,30,1,epoch_chunk,accuracy,0.8235294117647058,0.8235294117647058,0.8235294117647058,0.8235294117647058,0,True,False,,random,none,standardized_l2,,,,True
stage1_graph_scm_0142_seed42,/home/crc00006699/zh/tabiclv2/results/tabiclv2_prior_data/graph_scm_3stage_512_seed42/stage1_graph_scm_0142_seed42,multiclass,678,68,346,5,8,0.43641618497109824,0.40461726825365024,0.3962028493428299,0.8305276693854524,1.3703573679223768,4.318307638168335,0.5383715629577637,ok,,678,610,0,346,1.2725179195404053,True,0.1,True,14,1e-05,True,4.288700819015503,full_train_epoch_chunks,full train set chunked per epoch | validation=auto_stratified_validation | wise_ft=alpha0.1 rows=1024<2000,30,1,epoch_chunk,accuracy,0.45588235294117646,0.47058823529411764,0.45588235294117646,0.47058823529411764,6,True,False,,random,none,standardized_l2,,,,True
stage1_graph_scm_0143_seed42,/home/crc00006699/zh/tabiclv2/results/tabiclv2_prior_data/graph_scm_3stage_512_seed42/stage1_graph_scm_0143_seed42,multiclass,678,68,346,5,3,0.884393063583815,0.8751438443803092,0.7718797521246135,0.9526142881805436,0.32502975352501345,2.752763271331787,0.5047380924224854,ok,,678,610,0,346,0.3509330004453659,True,0.1,True,8,1e-05,True,2.726332902908325,full_train_epoch_chunks,full train set chunked per epoch | validation=auto_stratified_validation | wise_ft=alpha0.1 rows=1024<2000,30,1,epoch_chunk,accuracy,0.8676470588235294,0.8676470588235294,0.8676470588235294,0.8676470588235294,0,True,False,,random,none,standardized_l2,,,,True
stage1_graph_scm_0144_seed42,/home/crc00006699/zh/tabiclv2/results/tabiclv2_prior_data/graph_scm_3stage_512_seed42/stage1_graph_scm_0144_seed42,binclass,345,35,679,98,2,0.9189985272459499,0.9142007940593861,0.7909233017297039,0.9419410745233969,0.2040550415270003,8.440258502960205,0.9125103950500488,ok,,345,310,0,679,0.30046676099300385,True,0.1,True,11,1e-05,True,8.241568565368652,full_train_epoch_chunks,full train set chunked per epoch | validation=auto_stratified_validation | wise_ft=alpha0.1 rows=1024<2000,30,1,epoch_chunk,accuracy,0.7714285714285715,0.8,0.7714285714285715,0.8,3,True,False,,random,none,standardized_l2,,,,True
stage1_graph_scm_0145_seed42,/home/crc00006699/zh/tabiclv2/results/tabiclv2_prior_data/graph_scm_3stage_512_seed42/stage1_graph_scm_0145_seed42,multiclass,345,35,679,98,5,0.812960235640648,0.8138922126159841,0.7978851874511111,0.9736472803879016,0.4217315181219575,6.476398468017578,0.9224157333374023,ok,,345,310,0,679,0.5067587047815323,True,0.1,True,8,1e-05,True,6.278588056564331,full_train_epoch_chunks,full train set chunked per epoch | validation=auto_stratified_validation | wise_ft=alpha0.1 rows=1024<2000,30,1,epoch_chunk,accuracy,0.9142857142857143,0.9142857142857143,0.9142857142857143,0.9142857142857143,0,True,False,,random,none,standardized_l2,,,,True
stage1_graph_scm_0146_seed42,/home/crc00006699/zh/tabiclv2/results/tabiclv2_prior_data/graph_scm_3stage_512_seed42/stage1_graph_scm_0146_seed42,multiclass,345,35,679,98,3,0.6863033873343152,0.6837071670799554,0.6589120274826805,0.8609623199915036,0.684540118672954,6.263073682785034,0.9048724174499512,ok,,345,310,0,679,0.7398558557033539,True,0.1,True,8,1e-05,True,6.078176498413086,full_train_epoch_chunks,full train set chunked per epoch | validation=auto_stratified_validation | wise_ft=alpha0.1 rows=1024<2000,30,1,epoch_chunk,accuracy,0.6285714285714286,0.6285714285714286,0.6285714285714286,0.6285714285714286,0,True,False,,random,none,standardized_l2,,,,True
stage1_graph_scm_0147_seed42,/home/crc00006699/zh/tabiclv2/results/tabiclv2_prior_data/graph_scm_3stage_512_seed42/stage1_graph_scm_0147_seed42,multiclass,345,35,679,98,3,0.9278350515463918,0.9237059509783454,0.846052445228835,0.9607793348606788,0.22479085939715993,6.3705010414123535,0.9005920886993408,ok,,345,310,0,679,0.18753132224082947,True,0.1,True,8,1e-05,True,6.17688775062561,full_train_epoch_chunks,full train set chunked per epoch | validation=auto_stratified_validation | wise_ft=alpha0.1 rows=1024<2000,30,1,epoch_chunk,accuracy,0.8857142857142857,0.8857142857142857,0.8857142857142857,0.8857142857142857,0,True,False,,random,none,standardized_l2,,,,True
stage1_graph_scm_0148_seed42,/home/crc00006699/zh/tabiclv2/results/tabiclv2_prior_data/graph_scm_3stage_512_seed42/stage1_graph_scm_0148_seed42,binclass,381,39,643,17,2,1.0,1.0,1.0,1.0,1.8714890373180726e-05,3.368284225463867,0.6615903377532959,ok,,381,342,0,643,1.3305860306900286e-06,True,0.1,True,8,1e-05,True,3.322608709335327,full_train_epoch_chunks,full train set chunked per epoch | validation=auto_stratified_validation | wise_ft=alpha0.1 rows=1024<2000,30,1,epoch_chunk,accuracy,1.0,1.0,1.0,1.0,0,True,False,,random,none,standardized_l2,,,,True
stage1_graph_scm_0149_seed42,/home/crc00006699/zh/tabiclv2/results/tabiclv2_prior_data/graph_scm_3stage_512_seed42/stage1_graph_scm_0149_seed42,multiclass,381,39,643,21,4,0.536547433903577,0.5011839563155467,0.491644449723718,0.7631182637542775,1.055540473420263,3.3630099296569824,0.737206220626831,ok,,381,342,0,643,1.2718658447265625,True,0.1,True,8,1e-05,True,3.307751178741455,full_train_epoch_chunks,full train set chunked per epoch | validation=auto_stratified_validation | wise_ft=alpha0.1 rows=1024<2000,30,1,epoch_chunk,accuracy,0.5128205128205128,0.5128205128205128,0.5128205128205128,0.5128205128205128,0,True,False,,random,none,standardized_l2,,,,True
stage1_graph_scm_0150_seed42,/home/crc00006699/zh/tabiclv2/results/tabiclv2_prior_data/graph_scm_3stage_512_seed42/stage1_graph_scm_0150_seed42,multiclass,381,39,643,21,10,0.23950233281493002,0.2181540346846633,0.24284376288453377,0.7707145941345257,1.863597293904742,5.363158464431763,0.7638363838195801,ok,,381,342,0,643,1.8516791462898254,True,0.1,True,14,1e-05,True,5.304942846298218,full_train_epoch_chunks,full train set chunked per epoch | validation=auto_stratified_validation | wise_ft=alpha0.1 rows=1024<2000,30,1,epoch_chunk,accuracy,0.3076923076923077,0.3333333333333333,0.3076923076923077,0.3333333333333333,6,True,False,,random,none,standardized_l2,,,,True
stage1_graph_scm_0151_seed42,/home/crc00006699/zh/tabiclv2/results/tabiclv2_prior_data/graph_scm_3stage_512_seed42/stage1_graph_scm_0151_seed42,binclass,381,39,643,21,2,1.0,1.0,1.0,1.0,0.00091353287304792,3.42226505279541,0.7284185886383057,ok,,381,342,0,643,1.0915538723565987e-05,True,0.1,True,8,1e-05,True,3.3481717109680176,full_train_epoch_chunks,full train set chunked per epoch | validation=auto_stratified_validation | wise_ft=alpha0.1 rows=1024<2000,30,1,epoch_chunk,accuracy,1.0,1.0,1.0,1.0,0,True,False,,random,none,standardized_l2,,,,True
stage1_graph_scm_0152_seed42,/home/crc00006699/zh/tabiclv2/results/tabiclv2_prior_data/graph_scm_3stage_512_seed42/stage1_graph_scm_0152_seed42,binclass,592,60,432,75,2,0.9606481481481481,0.9606420054779162,0.9603314679294016,0.994059405940594,0.10306145761690007,6.412575006484985,0.7697312831878662,ok,,592,532,0,432,0.056759364902973175,True,0.1,True,8,1e-05,True,6.2079854011535645,full_train_epoch_chunks,full train set chunked per epoch | validation=auto_stratified_validation | wise_ft=alpha0.1 rows=1024<2000,30,1,epoch_chunk,accuracy,0.9833333333333333,0.9833333333333333,0.9833333333333333,0.9833333333333333,0,True,False,,random,none,standardized_l2,,,,True
stage1_graph_scm_0153_seed42,/home/crc00006699/zh/tabiclv2/results/tabiclv2_prior_data/graph_scm_3stage_512_seed42/stage1_graph_scm_0153_seed42,multiclass,592,60,432,79,6,0.9375,0.9374698488981501,0.8618827724326446,0.9955328235963342,0.15045746789924766,6.481676340103149,0.775393009185791,ok,,592,532,0,432,0.1580856591463089,True,0.1,True,8,1e-05,True,6.29744815826416,full_train_epoch_chunks,full train set chunked per epoch | validation=auto_stratified_validation | wise_ft=alpha0.1 rows=1024<2000,30,1,epoch_chunk,accuracy,0.9166666666666666,0.9166666666666666,0.9166666666666666,0.9166666666666666,0,True,False,,random,none,standardized_l2,,,,True
stage1_graph_scm_0154_seed42,/home/crc00006699/zh/tabiclv2/results/tabiclv2_prior_data/graph_scm_3stage_512_seed42/stage1_graph_scm_0154_seed42,multiclass,592,60,432,79,4,0.9884259259259259,0.9884422868693306,0.9863897632265952,0.9996664138084465,0.03455517601068246,6.534348964691162,0.7834134101867676,ok,,592,532,0,432,0.02716198656708002,True,0.1,True,8,1e-05,True,6.34113883972168,full_train_epoch_chunks,full train set chunked per epoch | validation=auto_stratified_validation | wise_ft=alpha0.1 rows=1024<2000,30,1,epoch_chunk,accuracy,0.9833333333333333,0.9833333333333333,0.9833333333333333,0.9833333333333333,0,True,False,,random,none,standardized_l2,,,,True
stage1_graph_scm_0155_seed42,/home/crc00006699/zh/tabiclv2/results/tabiclv2_prior_data/graph_scm_3stage_512_seed42/stage1_graph_scm_0155_seed42,binclass,592,60,432,67,2,1.0,1.0,1.0,1.0,0.000227487325081426,5.782196283340454,0.7469234466552734,ok,,592,532,0,432,3.411522357055219e-06,True,0.1,True,8,1e-05,True,5.635132074356079,full_train_epoch_chunks,full train set chunked per epoch | validation=auto_stratified_validation | wise_ft=alpha0.1 rows=1024<2000,30,1,epoch_chunk,accuracy,1.0,1.0,1.0,1.0,0,True,False,,random,none,standardized_l2,,,,True
stage1_graph_scm_0156_seed42,/home/crc00006699/zh/tabiclv2/results/tabiclv2_prior_data/graph_scm_3stage_512_seed42/stage1_graph_scm_0156_seed42,multiclass,521,53,503,83,3,0.9980119284294234,0.9980095911068672,0.9966329966329966,0.9999719473313452,0.010656205091172408,6.28215479850769,0.8008453845977783,ok,,521,468,0,503,0.027835840359330177,True,0.1,True,8,1e-05,True,6.101548910140991,full_train_epoch_chunks,full train set chunked per epoch | validation=auto_stratified_validation | wise_ft=alpha0.1 rows=1024<2000,30,1,epoch_chunk,accuracy,1.0,1.0,1.0,1.0,0,True,False,,random,none,standardized_l2,,,,True
stage1_graph_scm_0157_seed42,/home/crc00006699/zh/tabiclv2/results/tabiclv2_prior_data/graph_scm_3stage_512_seed42/stage1_graph_scm_0157_seed42,multiclass,521,53,503,83,3,0.9900596421471173,0.9900556814571599,0.9911236424394319,0.9999325654706644,0.012792782586480169,6.5350563526153564,0.7898693084716797,ok,,521,468,0,503,0.014517963398247957,True,0.1,True,8,1e-05,True,6.344039678573608,full_train_epoch_chunks,full train set chunked per epoch | validation=auto_stratified_validation | wise_ft=alpha0.1 rows=1024<2000,30,1,epoch_chunk,accuracy,1.0,1.0,1.0,1.0,0,True,False,,random,none,standardized_l2,,,,True
stage1_graph_scm_0158_seed42,/home/crc00006699/zh/tabiclv2/results/tabiclv2_prior_data/graph_scm_3stage_512_seed42/stage1_graph_scm_0158_seed42,multiclass,521,53,503,83,8,0.5765407554671969,0.5430804577018423,0.4606216393012319,0.9039340106156025,1.035161145643135,13.759533405303955,0.8107762336730957,ok,,521,468,0,503,0.992164134979248,True,0.1,True,19,1e-05,True,13.562280178070068,full_train_epoch_chunks,full train set chunked per epoch | validation=auto_stratified_validation | wise_ft=alpha0.1 rows=1024<2000,30,1,epoch_chunk,accuracy,0.49056603773584906,0.5660377358490566,0.49056603773584906,0.5660377358490566,11,True,False,,random,none,standardized_l2,,,,True
stage1_graph_scm_0159_seed42,/home/crc00006699/zh/tabiclv2/results/tabiclv2_prior_data/graph_scm_3stage_512_seed42/stage1_graph_scm_0159_seed42,binclass,521,53,503,72,2,1.0,1.0,1.0,1.0,2.899298875601669e-06,5.86504340171814,0.7485795021057129,ok,,521,468,0,503,1.401029578573798e-06,True,0.1,True,8,1e-05,True,5.6991798877716064,full_train_epoch_chunks,full train set chunked per epoch | validation=auto_stratified_validation | wise_ft=alpha0.1 rows=1024<2000,30,1,epoch_chunk,accuracy,1.0,1.0,1.0,1.0,0,True,False,,random,none,standardized_l2,,,,True
stage1_graph_scm_0160_seed42,/home/crc00006699/zh/tabiclv2/results/tabiclv2_prior_data/graph_scm_3stage_512_seed42/stage1_graph_scm_0160_seed42,multiclass,483,49,541,63,5,0.5545286506469501,0.5483377114219963,0.537594465803094,0.8249290437033879,1.1494493422647967,8.74350881576538,0.7061455249786377,ok,,483,434,0,541,1.1195366382598877,True,0.1,True,14,1e-05,True,8.602542877197266,full_train_epoch_chunks,full train set chunked per epoch | validation=auto_stratified_validation | wise_ft=alpha0.1 rows=1024<2000,30,1,epoch_chunk,accuracy,0.3877551020408163,0.40816326530612246,0.3877551020408163,0.40816326530612246,6,True,False,,random,none,standardized_l2,,,,True
stage1_graph_scm_0161_seed42,/home/crc00006699/zh/tabiclv2/results/tabiclv2_prior_data/graph_scm_3stage_512_seed42/stage1_graph_scm_0161_seed42,multiclass,483,49,541,70,8,0.988909426987061,0.9889088001096082,0.9823169778278138,0.999922045289631,0.03698225442761321,5.602832317352295,0.7510988712310791,ok,,483,434,0,541,0.06375033222138882,True,0.1,True,8,1e-05,True,5.453460693359375,full_train_epoch_chunks,full train set chunked per epoch | validation=auto_stratified_validation | wise_ft=alpha0.1 rows=1024<2000,30,1,epoch_chunk,accuracy,0.9795918367346939,0.9795918367346939,0.9795918367346939,0.9795918367346939,0,True,False,,random,none,standardized_l2,,,,True
stage1_graph_scm_0162_seed42,/home/crc00006699/zh/tabiclv2/results/tabiclv2_prior_data/graph_scm_3stage_512_seed42/stage1_graph_scm_0162_seed42,multiclass,483,49,541,70,6,1.0,1.0,1.0,1.0,0.00017939198907848482,5.689466238021851,0.7641098499298096,ok,,483,434,0,541,0.0004055215831613168,True,0.1,True,8,1e-05,True,5.541910648345947,full_train_epoch_chunks,full train set chunked per epoch | validation=auto_stratified_validation | wise_ft=alpha0.1 rows=1024<2000,30,1,epoch_chunk,accuracy,1.0,1.0,1.0,1.0,0,True,False,,random,none,standardized_l2,,,,True
stage1_graph_scm_0163_seed42,/home/crc00006699/zh/tabiclv2/results/tabiclv2_prior_data/graph_scm_3stage_512_seed42/stage1_graph_scm_0163_seed42,multiclass,483,49,541,70,6,0.5027726432532348,0.47344073503748185,0.41070909262146826,0.8105900091106419,1.281146406049978,5.671270370483398,0.7598321437835693,ok,,483,434,0,541,1.4615329504013062,True,0.1,True,8,1e-05,True,5.52231764793396,full_train_epoch_chunks,full train set chunked per epoch | validation=auto_stratified_validation | wise_ft=alpha0.1 rows=1024<2000,30,1,epoch_chunk,accuracy,0.4897959183673469,0.4897959183673469,0.4897959183673469,0.4897959183673469,0,True,False,,random,none,standardized_l2,,,,True
stage1_graph_scm_0164_seed42,/home/crc00006699/zh/tabiclv2/results/tabiclv2_prior_data/graph_scm_3stage_512_seed42/stage1_graph_scm_0164_seed42,binclass,509,51,515,33,2,0.9728155339805825,0.9727883635114714,0.9719954648526077,0.9969009826152684,0.07992382773522176,4.011070966720581,0.9709300994873047,ok,,509,458,0,515,0.06235264241695404,True,0.1,True,8,1e-05,True,3.9287853240966797,full_train_epoch_chunks,full train set chunked per epoch | validation=auto_stratified_validation | wise_ft=alpha0.1 rows=1024<2000,30,1,epoch_chunk,accuracy,0.9607843137254902,0.9607843137254902,0.9607843137254902,0.9607843137254902,0,True,False,,random,none,standardized_l2,,,,True
stage1_graph_scm_0165_seed42,/home/crc00006699/zh/tabiclv2/results/tabiclv2_prior_data/graph_scm_3stage_512_seed42/stage1_graph_scm_0165_seed42,multiclass,509,51,515,33,7,0.5262135922330097,0.4086705245086431,0.21705215419501137,0.6277033930117925,1.3735348464599078,4.10452938079834,0.9647886753082275,ok,,509,458,0,515,1.3176618218421936,True,0.1,True,8,1e-05,True,4.01946496963501,full_train_epoch_chunks,full train set chunked per epoch | validation=auto_stratified_validation | wise_ft=alpha0.1 rows=1024<2000,30,1,epoch_chunk,accuracy,0.5490196078431373,0.5490196078431373,0.5490196078431373,0.5490196078431373,0,True,False,,random,none,standardized_l2,,,,True
stage1_graph_scm_0166_seed42,/home/crc00006699/zh/tabiclv2/results/tabiclv2_prior_data/graph_scm_3stage_512_seed42/stage1_graph_scm_0166_seed42,multiclass,509,51,515,33,5,0.996116504854369,0.9961490777818026,0.9960499147140677,0.9999905437352247,0.006476348767739264,4.173301696777344,0.9631567001342773,ok,,509,458,0,515,0.0006541105394717306,True,0.1,True,8,1e-05,True,4.092396259307861,full_train_epoch_chunks,full train set chunked per epoch | validation=auto_stratified_validation | wise_ft=alpha0.1 rows=1024<2000,30,1,epoch_chunk,accuracy,0.9803921568627451,0.9803921568627451,0.9803921568627451,0.9803921568627451,0,True,False,,random,none,standardized_l2,,,,True
stage1_graph_scm_0167_seed42,/home/crc00006699/zh/tabiclv2/results/tabiclv2_prior_data/graph_scm_3stage_512_seed42/stage1_graph_scm_0167_seed42,multiclass,509,51,515,31,7,0.6504854368932039,0.6256703143051522,0.5742430449615867,0.9334651612799469,0.7734734315637148,3.991030216217041,0.9718961715698242,ok,,509,458,0,515,0.7687518894672394,True,0.1,True,8,1e-05,True,3.9118452072143555,full_train_epoch_chunks,full train set chunked per epoch | validation=auto_stratified_validation | wise_ft=alpha0.1 rows=1024<2000,30,1,epoch_chunk,accuracy,0.6470588235294118,0.6470588235294118,0.6470588235294118,0.6470588235294118,0,True,False,,random,none,standardized_l2,,,,True
stage1_graph_scm_0168_seed42,/home/crc00006699/zh/tabiclv2/results/tabiclv2_prior_data/graph_scm_3stage_512_seed42/stage1_graph_scm_0168_seed42,multiclass,721,73,303,31,8,0.8316831683168316,0.8128977146150067,0.5569450571434433,0.972461918815596,0.4249323005278105,5.107567071914673,1.0048842430114746,ok,,721,648,0,303,0.4247038662433624,True,0.1,True,10,1e-05,True,5.017884969711304,full_train_epoch_chunks,full train set chunked per epoch | validation=auto_stratified_validation | wise_ft=alpha0.1 rows=1024<2000,30,1,epoch_chunk,accuracy,0.8356164383561644,0.8493150684931506,0.8356164383561644,0.8493150684931506,2,True,False,,random,none,standardized_l2,,,,True
stage1_graph_scm_0169_seed42,/home/crc00006699/zh/tabiclv2/results/tabiclv2_prior_data/graph_scm_3stage_512_seed42/stage1_graph_scm_0169_seed42,multiclass,721,73,303,31,9,0.47854785478547857,0.38584392789892147,0.3443278147579223,0.8355921492105044,1.3322163059300391,4.372679233551025,1.0012805461883545,ok,,721,648,0,303,1.3744357824325562,True,0.1,True,8,1e-05,True,4.285852432250977,full_train_epoch_chunks,full train set chunked per epoch | validation=auto_stratified_validation | wise_ft=alpha0.1 rows=1024<2000,30,1,epoch_chunk,accuracy,0.4383561643835616,0.4383561643835616,0.4383561643835616,0.4383561643835616,0,True,False,,random,none,standardized_l2,,,,True
stage1_graph_scm_0170_seed42,/home/crc00006699/zh/tabiclv2/results/tabiclv2_prior_data/graph_scm_3stage_512_seed42/stage1_graph_scm_0170_seed42,multiclass,721,73,303,31,7,0.5577557755775577,0.5247309496029725,0.501104985719817,0.8083767135218982,1.1858223551043903,4.274913311004639,1.0125813484191895,ok,,721,648,0,303,1.3728107213974,True,0.1,True,8,1e-05,True,4.192074537277222,full_train_epoch_chunks,full train set chunked per epoch | validation=auto_stratified_validation | wise_ft=alpha0.1 rows=1024<2000,30,1,epoch_chunk,accuracy,0.547945205479452,0.547945205479452,0.547945205479452,0.547945205479452,0,True,False,,random,none,standardized_l2,,,,True
stage2_graph_scm_0000_seed42,/home/crc00006699/zh/tabiclv2/results/tabiclv2_prior_data/graph_scm_3stage_512_seed42/stage2_graph_scm_0000_seed42,multiclass,1448,145,344,58,7,0.9447674418604651,0.9451712571634896,0.9184102429457474,0.9966278655007844,0.1571569083081831,6.844999074935913,1.0514366626739502,ok,,1448,1303,0,344,0.19787199795246124,True,0.1,True,8,1e-05,True,6.67890477180481,full_train_epoch_chunks,full train set chunked per epoch | validation=auto_stratified_validation | wise_ft=alpha0.1 rows=1792<2000,30,1,epoch_chunk,accuracy,0.9103448275862069,0.9103448275862069,0.9103448275862069,0.9103448275862069,0,True,False,,random,none,standardized_l2,,,,True
stage2_graph_scm_0001_seed42,/home/crc00006699/zh/tabiclv2/results/tabiclv2_prior_data/graph_scm_3stage_512_seed42/stage2_graph_scm_0001_seed42,binclass,5203,521,1266,41,2,1.0,1.0,1.0,1.0,2.1718505116442587e-07,11.182595014572144,2.834146738052368,ok,,5203,4682,0,1266,6.580709452919109e-07,True,0.1,False,8,1e-05,True,10.888582468032837,full_train_epoch_chunks,full train set chunked per epoch | validation=auto_stratified_validation | wise_ft_skipped rows=6469>=2000,30,1,epoch_chunk,accuracy,1.0,1.0,1.0,1.0,0,True,False,,random,none,standardized_l2,,,,True
stage2_graph_scm_0002_seed42,/home/crc00006699/zh/tabiclv2/results/tabiclv2_prior_data/graph_scm_3stage_512_seed42/stage2_graph_scm_0002_seed42,binclass,3427,343,836,41,2,1.0,1.0,1.0,1.0,3.468627030241235e-07,8.371677160263062,1.8521451950073242,ok,,3427,3084,0,836,1.245214548362128e-06,True,0.1,False,8,1e-05,True,8.161896705627441,full_train_epoch_chunks,full train set chunked per epoch | validation=auto_stratified_validation | wise_ft_skipped rows=4263>=2000,30,1,epoch_chunk,accuracy,1.0,1.0,1.0,1.0,0,True,False,,random,none,standardized_l2,,,,True
stage2_graph_scm_0003_seed42,/home/crc00006699/zh/tabiclv2/results/tabiclv2_prior_data/graph_scm_3stage_512_seed42/stage2_graph_scm_0003_seed42,multiclass,535,54,136,5,3,0.5294117647058824,0.517738547031716,0.47943469785575044,0.7202881837339076,0.8821262862365938,5.017500638961792,0.3753209114074707,ok,,535,481,0,136,0.7586539387702942,True,0.1,True,17,1e-05,True,4.9912450313568115,full_train_epoch_chunks,full train set chunked per epoch | validation=auto_stratified_validation | wise_ft=alpha0.1 rows=671<2000,30,1,epoch_chunk,accuracy,0.6111111111111112,0.6481481481481481,0.6111111111111112,0.6481481481481481,9,True,False,,random,none,standardized_l2,,,,True
stage2_graph_scm_0004_seed42,/home/crc00006699/zh/tabiclv2/results/tabiclv2_prior_data/graph_scm_3stage_512_seed42/stage2_graph_scm_0004_seed42,multiclass,601,61,147,80,6,1.0,1.0,1.0,1.0,0.00012868962255545993,6.418179035186768,0.6418912410736084,ok,,601,540,0,147,4.0007411371334456e-05,True,0.1,True,8,1e-05,True,6.2355427742004395,full_train_epoch_chunks,full train set chunked per epoch | validation=auto_stratified_validation | wise_ft=alpha0.1 rows=748<2000,30,1,epoch_chunk,accuracy,1.0,1.0,1.0,1.0,0,True,False,,random,none,standardized_l2,,,,True
stage2_graph_scm_0005_seed42,/home/crc00006699/zh/tabiclv2/results/tabiclv2_prior_data/graph_scm_3stage_512_seed42/stage2_graph_scm_0005_seed42,multiclass,849,85,205,70,5,0.3951219512195122,0.3937670865719646,0.38101557126588415,0.6967016282582702,1.4525181290947333,9.71622920036316,0.7652420997619629,ok,,849,764,0,205,1.5126776695251465,True,0.1,True,12,1e-05,True,9.53161883354187,full_train_epoch_chunks,full train set chunked per epoch | validation=auto_stratified_validation | wise_ft=alpha0.1 rows=1054<2000,30,1,epoch_chunk,accuracy,0.4117647058823529,0.43529411764705883,0.4117647058823529,0.43529411764705883,4,True,False,,random,none,standardized_l2,,,,True
stage2_graph_scm_0006_seed42,/home/crc00006699/zh/tabiclv2/results/tabiclv2_prior_data/graph_scm_3stage_512_seed42/stage2_graph_scm_0006_seed42,multiclass,6680,668,1584,71,3,0.9545454545454546,0.9449531665366886,0.7330307533364887,0.9818412823798918,0.11601795500168494,19.429115056991577,6.115804195404053,ok,,6680,6012,0,1584,0.09816344827413559,True,0.1,False,8,1e-05,True,18.875749588012695,full_train_epoch_chunks,full train set chunked per epoch | validation=auto_stratified_validation | wise_ft_skipped rows=8264>=2000,30,1,epoch_chunk,accuracy,0.9580838323353293,0.9580838323353293,0.9580838323353293,0.9580838323353293,0,True,False,,random,none,standardized_l2,,,,True
stage2_graph_scm_0007_seed42,/home/crc00006699/zh/tabiclv2/results/tabiclv2_prior_data/graph_scm_3stage_512_seed42/stage2_graph_scm_0007_seed42,multiclass,1930,193,488,75,7,0.7622950819672131,0.7585739170018101,0.7409006728901735,0.9600979175818809,0.3665361791152226,11.169535160064697,1.6074061393737793,ok,,1930,1737,0,488,0.39439085125923157,True,0.1,False,10,1e-05,True,10.914921760559082,full_train_epoch_chunks,full train set chunked per epoch | validation=auto_stratified_validation | wise_ft_skipped rows=2418>=2000,30,1,epoch_chunk,accuracy,0.7357512953367875,0.7564766839378239,0.7357512953367875,0.7564766839378239,2,True,False,,random,none,standardized_l2,,,,True
stage2_graph_scm_0008_seed42,/home/crc00006699/zh/tabiclv2/results/tabiclv2_prior_data/graph_scm_3stage_512_seed42/stage2_graph_scm_0008_seed42,multiclass,6852,686,1766,53,7,0.9320498301245753,0.9318603454312484,0.9274881036376978,0.9967115008687628,0.1629418002715804,19.72499108314514,5.291947364807129,ok,,6852,6166,0,1766,0.13824696093797684,True,0.1,False,10,1e-05,True,19.29863429069519,full_train_epoch_chunks,full train set chunked per epoch | validation=auto_stratified_validation | wise_ft_skipped rows=8618>=2000,30,1,epoch_chunk,accuracy,0.9518950437317785,0.9533527696793003,0.9518950437317785,0.9533527696793003,2,True,False,,random,none,standardized_l2,,,,True
stage2_graph_scm_0009_seed42,/home/crc00006699/zh/tabiclv2/results/tabiclv2_prior_data/graph_scm_3stage_512_seed42/stage2_graph_scm_0009_seed42,multiclass,1613,162,398,84,8,0.542713567839196,0.4718977678447483,0.36327471050887966,0.8651949531452712,1.1957310602237397,12.071429014205933,1.4762744903564453,ok,,1613,1451,0,398,1.125450074672699,True,0.1,False,11,1e-05,True,11.807283163070679,full_train_epoch_chunks,full train set chunked per epoch | validation=auto_stratified_validation | wise_ft_skipped rows=2011>=2000,30,1,epoch_chunk,accuracy,0.5925925925925926,0.6111111111111112,0.5925925925925926,0.6111111111111112,3,True,False,,random,none,standardized_l2,,,,True
stage2_graph_scm_0010_seed42,/home/crc00006699/zh/tabiclv2/results/tabiclv2_prior_data/graph_scm_3stage_512_seed42/stage2_graph_scm_0010_seed42,multiclass,3982,399,956,83,4,0.9539748953974896,0.9536803784769098,0.9083034509312431,0.9951531818989792,0.11812221322033817,34.98500871658325,4.453016757965088,ok,,3982,3583,0,956,0.08673186972737312,True,0.1,False,20,1e-05,True,34.50670552253723,full_train_epoch_chunks,full train set chunked per epoch | validation=auto_stratified_validation | wise_ft_skipped rows=4938>=2000,30,1,epoch_chunk,accuracy,0.9548872180451128,0.9649122807017544,0.9548872180451128,0.9649122807017544,12,True,False,,random,none,standardized_l2,,,,True
stage2_graph_scm_0011_seed42,/home/crc00006699/zh/tabiclv2/results/tabiclv2_prior_data/graph_scm_3stage_512_seed42/stage2_graph_scm_0011_seed42,multiclass,931,94,228,54,7,0.9912280701754386,0.9911658646426601,0.9738775510204081,1.0,0.011045205511131008,6.208615064620972,1.5721924304962158,ok,,931,837,0,228,0.019220621325075626,True,0.1,True,8,1e-05,True,6.065145015716553,full_train_epoch_chunks,full train set chunked per epoch | validation=auto_stratified_validation | wise_ft=alpha0.1 rows=1159<2000,30,1,epoch_chunk,accuracy,1.0,1.0,1.0,1.0,0,True,False,,random,none,standardized_l2,,,,True
stage2_graph_scm_0012_seed42,/home/crc00006699/zh/tabiclv2/results/tabiclv2_prior_data/graph_scm_3stage_512_seed42/stage2_graph_scm_0012_seed42,multiclass,4867,487,1225,51,8,0.590204081632653,0.4381083686041152,0.125,0.5184398648943784,1.1676529093822285,10.553034543991089,3.466831684112549,ok,,4867,4380,0,1225,1.1654208898544312,True,0.1,False,8,1e-05,True,10.332131624221802,full_train_epoch_chunks,full train set chunked per epoch | validation=auto_stratified_validation | wise_ft_skipped rows=6092>=2000,30,1,epoch_chunk,accuracy,0.6119096509240246,0.6119096509240246,0.6119096509240246,0.6119096509240246,0,True,False,,random,none,standardized_l2,,,,True
stage2_graph_scm_0013_seed42,/home/crc00006699/zh/tabiclv2/results/tabiclv2_prior_data/graph_scm_3stage_512_seed42/stage2_graph_scm_0013_seed42,multiclass,714,72,171,89,6,0.9005847953216374,0.9011874757315823,0.8338761174968071,0.9886261155463617,0.24270815048273128,16.25588035583496,0.8002269268035889,ok,,714,642,0,171,0.1684560626745224,True,0.1,True,15,1e-05,True,16.007256031036377,full_train_epoch_chunks,full train set chunked per epoch | validation=auto_stratified_validation | wise_ft=alpha0.1 rows=885<2000,30,1,epoch_chunk,accuracy,0.8888888888888888,0.9027777777777778,0.8888888888888888,0.9027777777777778,7,True,False,,random,none,standardized_l2,,,,True
stage2_graph_scm_0014_seed42,/home/crc00006699/zh/tabiclv2/results/tabiclv2_prior_data/graph_scm_3stage_512_seed42/stage2_graph_scm_0014_seed42,binclass,3333,334,785,60,2,0.9987261146496815,0.998726777854066,0.99906191369606,0.9999925548706037,0.003277206899031912,14.554084300994873,2.5619516372680664,ok,,3333,2999,0,785,0.011239838320761919,True,0.1,False,8,1e-05,True,13.94187307357788,full_train_epoch_chunks,full train set chunked per epoch | validation=auto_stratified_validation | wise_ft_skipped rows=4118>=2000,30,1,epoch_chunk,accuracy,1.0,1.0,1.0,1.0,0,True,False,,random,none,standardized_l2,,,,True
stage2_graph_scm_0015_seed42,/home/crc00006699/zh/tabiclv2/results/tabiclv2_prior_data/graph_scm_3stage_512_seed42/stage2_graph_scm_0015_seed42,multiclass,1036,104,266,14,3,0.8872180451127819,0.8867292400568013,0.8647506757937364,0.9725500904581886,0.31725823096942696,4.258364200592041,0.6190056800842285,ok,,1036,932,0,266,0.17281198501586914,True,0.1,True,8,1e-05,True,4.136311054229736,full_train_epoch_chunks,full train set chunked per epoch | validation=auto_stratified_validation | wise_ft=alpha0.1 rows=1302<2000,30,1,epoch_chunk,accuracy,0.9423076923076923,0.9423076923076923,0.9423076923076923,0.9423076923076923,0,True,False,,random,none,standardized_l2,,,,True
stage2_graph_scm_0016_seed42,/home/crc00006699/zh/tabiclv2/results/tabiclv2_prior_data/graph_scm_3stage_512_seed42/stage2_graph_scm_0016_seed42,multiclass,6980,698,1742,43,3,0.9741676234213548,0.9742095757223641,0.9751604415767416,0.9979186779600678,0.07621029639430672,42.87441682815552,4.734767198562622,ok,,6980,6282,0,1742,0.08452001959085464,True,0.1,False,20,1e-05,True,42.5031464099884,full_train_epoch_chunks,full train set chunked per epoch | validation=auto_stratified_validation | wise_ft_skipped rows=8722>=2000,30,1,epoch_chunk,accuracy,0.9512893982808023,0.9570200573065902,0.9512893982808023,0.9570200573065902,12,True,False,,random,none,standardized_l2,,,,True
stage2_graph_scm_0017_seed42,/home/crc00006699/zh/tabiclv2/results/tabiclv2_prior_data/graph_scm_3stage_512_seed42/stage2_graph_scm_0017_seed42,multiclass,2611,262,670,35,6,0.5104477611940299,0.5035117848000562,0.4969926505876063,0.8185874201470092,1.3139901623307486,10.967212677001953,1.3415155410766602,ok,,2611,2349,0,670,1.205206573009491,True,0.1,False,14,1e-05,True,10.808310508728027,full_train_epoch_chunks,full train set chunked per epoch | validation=auto_stratified_validation | wise_ft_skipped rows=3281>=2000,30,1,epoch_chunk,accuracy,0.5076335877862596,0.5305343511450382,0.5076335877862596,0.5305343511450382,6,True,False,,random,none,standardized_l2,,,,True
stage2_graph_scm_0018_seed42,/home/crc00006699/zh/tabiclv2/results/tabiclv2_prior_data/graph_scm_3stage_512_seed42/stage2_graph_scm_0018_seed42,multiclass,2948,295,698,61,5,0.9928366762177651,0.992804937671446,0.9887577570921986,0.9999823620186848,0.01256620773991037,10.263857126235962,2.06282377243042,ok,,2948,2653,0,698,0.014354139100760221,True,0.1,False,8,1e-05,True,9.98643708229065,full_train_epoch_chunks,full train set chunked per epoch | validation=auto_stratified_validation | wise_ft_skipped rows=3646>=2000,30,1,epoch_chunk,accuracy,0.9966101694915255,0.9966101694915255,0.9966101694915255,0.9966101694915255,0,True,False,,random,none,standardized_l2,,,,True
stage2_graph_scm_0019_seed42,/home/crc00006699/zh/tabiclv2/results/tabiclv2_prior_data/graph_scm_3stage_512_seed42/stage2_graph_scm_0019_seed42,multiclass,2997,300,716,67,7,0.8924581005586593,0.8933749130133147,0.8519609991570346,0.9905840169270453,0.2925185747935148,32.94417929649353,2.2217772006988525,ok,,2997,2697,0,716,0.2769722044467926,True,0.1,False,27,1e-05,True,32.634679079055786,full_train_epoch_chunks,full train set chunked per epoch | validation=auto_stratified_validation | wise_ft_skipped rows=3713>=2000,30,1,epoch_chunk,accuracy,0.88,0.9,0.88,0.9,19,True,False,,random,none,standardized_l2,,,,True
stage2_graph_scm_0020_seed42,/home/crc00006699/zh/tabiclv2/results/tabiclv2_prior_data/graph_scm_3stage_512_seed42/stage2_graph_scm_0020_seed42,multiclass,1138,114,268,53,9,1.0,1.0,1.0,1.0,1.4589992101619968e-06,6.176954030990601,0.7876372337341309,ok,,1138,1024,0,268,3.0182155796865118e-06,True,0.1,True,8,1e-05,True,6.0139853954315186,full_train_epoch_chunks,full train set chunked per epoch | validation=auto_stratified_validation | wise_ft=alpha0.1 rows=1406<2000,30,1,epoch_chunk,accuracy,1.0,1.0,1.0,1.0,0,True,False,,random,none,standardized_l2,,,,True
stage2_graph_scm_0021_seed42,/home/crc00006699/zh/tabiclv2/results/tabiclv2_prior_data/graph_scm_3stage_512_seed42/stage2_graph_scm_0021_seed42,multiclass,1223,123,293,2,6,0.6416382252559727,0.5887590167924842,0.576984126984127,0.9182983306108463,0.7585715992867845,2.7320809364318848,0.28366756439208984,ok,,1223,1100,0,293,0.6948847770690918,True,0.1,True,8,1e-05,True,2.710653305053711,full_train_epoch_chunks,full train set chunked per epoch | validation=auto_stratified_validation | wise_ft=alpha0.1 rows=1516<2000,30,1,epoch_chunk,accuracy,0.6666666666666666,0.6666666666666666,0.6666666666666666,0.6666666666666666,0,True,False,,random,none,standardized_l2,,,,True
stage2_graph_scm_0022_seed42,/home/crc00006699/zh/tabiclv2/results/tabiclv2_prior_data/graph_scm_3stage_512_seed42/stage2_graph_scm_0022_seed42,multiclass,3947,395,1049,65,3,0.6415633937082936,0.5618004756462551,0.3915361720584496,0.6402713684852084,0.8564009695728062,17.33474063873291,3.365236282348633,ok,,3947,3552,0,1049,0.8732958436012268,True,0.1,False,12,1e-05,True,16.926152229309082,full_train_epoch_chunks,full train set chunked per epoch | validation=auto_stratified_validation | wise_ft_skipped rows=4996>=2000,30,1,epoch_chunk,accuracy,0.6303797468354431,0.6354430379746835,0.6303797468354431,0.6354430379746835,4,True,False,,random,none,standardized_l2,,,,True
stage2_graph_scm_0023_seed42,/home/crc00006699/zh/tabiclv2/results/tabiclv2_prior_data/graph_scm_3stage_512_seed42/stage2_graph_scm_0023_seed42,multiclass,7179,718,1896,41,6,0.9926160337552743,0.9926274169546512,0.9847194501127025,0.9999082024710492,0.016563668124985692,21.41770052909851,4.564834833145142,ok,,7179,6461,0,1896,0.03544633276760578,True,0.1,False,12,1e-05,True,21.03118133544922,full_train_epoch_chunks,full train set chunked per epoch | validation=auto_stratified_validation | wise_ft_skipped rows=9075>=2000,30,1,epoch_chunk,accuracy,0.9930362116991643,0.9958217270194986,0.9930362116991643,0.9958217270194986,4,True,False,,random,none,standardized_l2,,,,True
stage2_graph_scm_0024_seed42,/home/crc00006699/zh/tabiclv2/results/tabiclv2_prior_data/graph_scm_3stage_512_seed42/stage2_graph_scm_0024_seed42,multiclass,2510,251,630,31,10,0.2619047619047619,0.1800030897123041,0.1762545515100874,0.684756867396482,2.0313480375865955,9.443301439285278,1.1547966003417969,ok,,2510,2259,0,630,2.029687523841858,True,0.1,False,14,1e-05,True,9.320967435836792,full_train_epoch_chunks,full train set chunked per epoch | validation=auto_stratified_validation | wise_ft_skipped rows=3140>=2000,30,1,epoch_chunk,accuracy,0.26294820717131473,0.27091633466135456,0.26294820717131473,0.27091633466135456,6,True,False,,random,none,standardized_l2,,,,True
stage2_graph_scm_0025_seed42,/home/crc00006699/zh/tabiclv2/results/tabiclv2_prior_data/graph_scm_3stage_512_seed42/stage2_graph_scm_0025_seed42,multiclass,754,76,198,33,7,1.0,1.0,1.0,1.0,0.0017534337750361461,4.513250350952148,1.0115010738372803,ok,,754,678,0,198,0.0018368349992670119,True,0.1,True,8,1e-05,True,4.426656723022461,full_train_epoch_chunks,full train set chunked per epoch | validation=auto_stratified_validation | wise_ft=alpha0.1 rows=952<2000,30,1,epoch_chunk,accuracy,1.0,1.0,1.0,1.0,0,True,False,,random,none,standardized_l2,,,,True
stage2_graph_scm_0026_seed42,/home/crc00006699/zh/tabiclv2/results/tabiclv2_prior_data/graph_scm_3stage_512_seed42/stage2_graph_scm_0026_seed42,binclass,1948,195,467,34,2,1.0,1.0,1.0,1.0,7.187315346204902e-06,5.705064058303833,1.001828908920288,ok,,1948,1753,0,467,1.6348702729374054e-06,True,0.1,False,8,1e-05,True,5.563941240310669,full_train_epoch_chunks,full train set chunked per epoch | validation=auto_stratified_validation | wise_ft_skipped rows=2415>=2000,30,1,epoch_chunk,accuracy,1.0,1.0,1.0,1.0,0,True,False,,random,none,standardized_l2,,,,True
stage2_graph_scm_0027_seed42,/home/crc00006699/zh/tabiclv2/results/tabiclv2_prior_data/graph_scm_3stage_512_seed42/stage2_graph_scm_0027_seed42,multiclass,380,38,98,38,10,0.9897959183673469,0.9898136645962733,0.9923076923076923,1.0,0.033850579913831974,5.54410719871521,0.6162567138671875,ok,,380,342,0,98,0.003334806300699711,True,0.1,True,11,1e-05,True,5.454271554946899,full_train_epoch_chunks,full train set chunked per epoch | validation=auto_stratified_validation | wise_ft=alpha0.1 rows=478<2000,30,1,epoch_chunk,accuracy,0.9736842105263158,1.0,0.9736842105263158,1.0,3,True,False,,random,none,standardized_l2,,,,True
stage2_graph_scm_0028_seed42,/home/crc00006699/zh/tabiclv2/results/tabiclv2_prior_data/graph_scm_3stage_512_seed42/stage2_graph_scm_0028_seed42,binclass,1163,117,306,21,2,1.0,1.0,1.0,0.9999999999999999,0.000819178622570084,3.8738062381744385,0.5201354026794434,ok,,1163,1046,0,306,0.001119213760830462,True,0.1,True,8,1e-05,True,3.7976150512695312,full_train_epoch_chunks,full train set chunked per epoch | validation=auto_stratified_validation | wise_ft=alpha0.1 rows=1469<2000,30,1,epoch_chunk,accuracy,0.9914529914529915,0.9914529914529915,0.9914529914529915,0.9914529914529915,0,True,False,,random,none,standardized_l2,,,,True
stage2_graph_scm_0029_seed42,/home/crc00006699/zh/tabiclv2/results/tabiclv2_prior_data/graph_scm_3stage_512_seed42/stage2_graph_scm_0029_seed42,binclass,6913,692,1754,12,2,0.9783352337514253,0.9741680574474334,0.7164179104477612,0.9249882773447523,0.08262919529068236,7.505250453948975,2.4135398864746094,ok,,6913,6221,0,1754,0.08386780321598053,True,0.1,False,8,1e-05,True,7.403012752532959,full_train_epoch_chunks,full train set chunked per epoch | validation=auto_stratified_validation | wise_ft_skipped rows=8667>=2000,30,1,epoch_chunk,accuracy,0.9855491329479769,0.9855491329479769,0.9855491329479769,0.9855491329479769,0,True,False,,random,none,standardized_l2,,,,True
stage2_graph_scm_0030_seed42,/home/crc00006699/zh/tabiclv2/results/tabiclv2_prior_data/graph_scm_3stage_512_seed42/stage2_graph_scm_0030_seed42,multiclass,1002,101,244,6,4,0.6967213114754098,0.667363807492104,0.45133487530462446,0.8588713757574266,0.6925476866981458,5.333333253860474,0.7312965393066406,ok,,1002,901,0,244,0.6715883016586304,True,0.1,True,16,1e-05,True,5.302947044372559,full_train_epoch_chunks,full train set chunked per epoch | validation=auto_stratified_validation | wise_ft=alpha0.1 rows=1246<2000,30,1,epoch_chunk,accuracy,0.7227722772277227,0.7425742574257426,0.7227722772277227,0.7425742574257426,8,True,False,,random,none,standardized_l2,,,,True
stage2_graph_scm_0031_seed42,/home/crc00006699/zh/tabiclv2/results/tabiclv2_prior_data/graph_scm_3stage_512_seed42/stage2_graph_scm_0031_seed42,multiclass,3552,356,903,11,3,0.9977851605758582,0.9977935292933408,0.9944297082228117,1.0,0.004151482086698608,6.30373477935791,1.1112864017486572,ok,,3552,3196,0,903,0.007962643168866634,True,0.1,False,12,1e-05,True,6.23695707321167,full_train_epoch_chunks,full train set chunked per epoch | validation=auto_stratified_validation | wise_ft_skipped rows=4455>=2000,30,1,epoch_chunk,accuracy,0.9971910112359551,1.0,0.9971910112359551,1.0,4,True,False,,random,none,standardized_l2,,,,True
stage2_graph_scm_0032_seed42,/home/crc00006699/zh/tabiclv2/results/tabiclv2_prior_data/graph_scm_3stage_512_seed42/stage2_graph_scm_0032_seed42,binclass,412,42,99,29,2,1.0,1.0,1.0,1.0,5.4954104328178335e-05,3.8815724849700928,0.5591058731079102,ok,,412,370,0,99,3.830806690530153e-06,True,0.1,True,8,1e-05,True,3.813915729522705,full_train_epoch_chunks,full train set chunked per epoch | validation=auto_stratified_validation | wise_ft=alpha0.1 rows=511<2000,30,1,epoch_chunk,accuracy,1.0,1.0,1.0,1.0,0,True,False,,random,none,standardized_l2,,,,True
stage2_graph_scm_0033_seed42,/home/crc00006699/zh/tabiclv2/results/tabiclv2_prior_data/graph_scm_3stage_512_seed42/stage2_graph_scm_0033_seed42,multiclass,646,65,165,75,3,0.8787878787878788,0.8696528696528696,0.758624764974483,0.9337078747808523,0.4041397044417379,6.329693555831909,0.6601343154907227,ok,,646,581,0,165,0.28594908118247986,True,0.1,True,8,1e-05,True,6.156368970870972,full_train_epoch_chunks,full train set chunked per epoch | validation=auto_stratified_validation | wise_ft=alpha0.1 rows=811<2000,30,1,epoch_chunk,accuracy,0.8615384615384616,0.8615384615384616,0.8615384615384616,0.8615384615384616,0,True,False,,random,none,standardized_l2,,,,True
stage2_graph_scm_0034_seed42,/home/crc00006699/zh/tabiclv2/results/tabiclv2_prior_data/graph_scm_3stage_512_seed42/stage2_graph_scm_0034_seed42,multiclass,2749,275,696,15,3,0.9971264367816092,0.9971082667097365,0.9906103286384976,1.0,0.005222900259669765,4.4660422801971436,1.004425287246704,ok,,2749,2474,0,696,0.0016318692942149937,True,0.1,False,8,1e-05,True,4.38752007484436,full_train_epoch_chunks,full train set chunked per epoch | validation=auto_stratified_validation | wise_ft_skipped rows=3445>=2000,30,1,epoch_chunk,accuracy,1.0,1.0,1.0,1.0,0,True,False,,random,none,standardized_l2,,,,True
stage2_graph_scm_0035_seed42,/home/crc00006699/zh/tabiclv2/results/tabiclv2_prior_data/graph_scm_3stage_512_seed42/stage2_graph_scm_0035_seed42,multiclass,3111,312,813,89,9,1.0,1.0,1.0,1.0,3.217039536888017e-07,13.184585571289062,3.2729930877685547,ok,,3111,2799,0,813,1.503871033037285e-06,True,0.1,False,8,1e-05,True,12.780268430709839,full_train_epoch_chunks,full train set chunked per epoch | validation=auto_stratified_validation | wise_ft_skipped rows=3924>=2000,30,1,epoch_chunk,accuracy,1.0,1.0,1.0,1.0,0,True,False,,random,none,standardized_l2,,,,True
stage2_graph_scm_0036_seed42,/home/crc00006699/zh/tabiclv2/results/tabiclv2_prior_data/graph_scm_3stage_512_seed42/stage2_graph_scm_0036_seed42,multiclass,5780,578,1452,95,4,1.0,1.0,1.0,1.0,2.46669665934629e-07,22.0745906829834,6.328164339065552,ok,,5780,5202,0,1452,6.925601212515176e-07,True,0.1,False,8,1e-05,True,21.375144720077515,full_train_epoch_chunks,full train set chunked per epoch | validation=auto_stratified_validation | wise_ft_skipped rows=7232>=2000,30,1,epoch_chunk,accuracy,1.0,1.0,1.0,1.0,0,True,False,,random,none,standardized_l2,,,,True
stage2_graph_scm_0037_seed42,/home/crc00006699/zh/tabiclv2/results/tabiclv2_prior_data/graph_scm_3stage_512_seed42/stage2_graph_scm_0037_seed42,multiclass,6444,645,1708,4,3,0.382903981264637,0.3312887387134469,0.3606567891799375,0.5416998260085432,1.0876806731697217,7.361507177352905,1.441002368927002,ok,,6444,5799,0,1708,1.0849220156669617,True,0.1,False,11,1e-05,True,7.311979055404663,full_train_epoch_chunks,full train set chunked per epoch | validation=auto_stratified_validation | wise_ft_skipped rows=8152>=2000,30,1,epoch_chunk,accuracy,0.37829457364341085,0.38449612403100775,0.37829457364341085,0.38449612403100775,3,True,False,,random,none,standardized_l2,,,,True
stage2_graph_scm_0038_seed42,/home/crc00006699/zh/tabiclv2/results/tabiclv2_prior_data/graph_scm_3stage_512_seed42/stage2_graph_scm_0038_seed42,multiclass,3783,379,954,73,7,0.8238993710691824,0.8193892892586326,0.7921189053110852,0.9704735566995701,0.5050324486850042,23.00571632385254,3.617546558380127,ok,,3783,3404,0,954,0.5890834331512451,True,0.1,False,14,1e-05,True,22.59210753440857,full_train_epoch_chunks,full train set chunked per epoch | validation=auto_stratified_validation | wise_ft_skipped rows=4737>=2000,30,1,epoch_chunk,accuracy,0.783641160949868,0.7968337730870713,0.783641160949868,0.7968337730870713,6,True,False,,random,none,standardized_l2,,,,True
stage2_graph_scm_0039_seed42,/home/crc00006699/zh/tabiclv2/results/tabiclv2_prior_data/graph_scm_3stage_512_seed42/stage2_graph_scm_0039_seed42,binclass,6179,618,1482,80,2,1.0,1.0,1.0,1.0,4.4269351381571797e-07,20.223496198654175,6.038872718811035,ok,,6179,5561,0,1482,7.813997342509538e-07,True,0.1,False,8,1e-05,True,19.616170644760132,full_train_epoch_chunks,full train set chunked per epoch | validation=auto_stratified_validation | wise_ft_skipped rows=7661>=2000,30,1,epoch_chunk,accuracy,1.0,1.0,1.0,1.0,0,True,False,,random,none,standardized_l2,,,,True
stage2_graph_scm_0040_seed42,/home/crc00006699/zh/tabiclv2/results/tabiclv2_prior_data/graph_scm_3stage_512_seed42/stage2_graph_scm_0040_seed42,multiclass,1997,200,469,41,3,0.8486140724946695,0.8273146205312958,0.6256742179072275,0.9067264182366102,0.35053862274250497,6.283242702484131,1.1355328559875488,ok,,1997,1797,0,469,0.4014909267425537,True,0.1,False,8,1e-05,True,6.133936166763306,full_train_epoch_chunks,full train set chunked per epoch | validation=auto_stratified_validation | wise_ft_skipped rows=2466>=2000,30,1,epoch_chunk,accuracy,0.855,0.855,0.855,0.855,0,True,False,,random,none,standardized_l2,,,,True
stage2_graph_scm_0041_seed42,/home/crc00006699/zh/tabiclv2/results/tabiclv2_prior_data/graph_scm_3stage_512_seed42/stage2_graph_scm_0041_seed42,multiclass,677,68,171,60,10,0.9766081871345029,0.9766759894906348,0.9731789044289043,0.9998499791149407,0.032903899319160185,5.882631301879883,0.6117990016937256,ok,,677,609,0,171,0.016668975353240967,True,0.1,True,8,1e-05,True,5.7349607944488525,full_train_epoch_chunks,full train set chunked per epoch | validation=auto_stratified_validation | wise_ft=alpha0.1 rows=848<2000,30,1,epoch_chunk,accuracy,0.9852941176470589,0.9852941176470589,0.9852941176470589,0.9852941176470589,0,True,False,,random,none,standardized_l2,,,,True
stage2_graph_scm_0042_seed42,/home/crc00006699/zh/tabiclv2/results/tabiclv2_prior_data/graph_scm_3stage_512_seed42/stage2_graph_scm_0042_seed42,multiclass,3074,308,740,9,8,0.8594594594594595,0.8591570588029035,0.8070433259231351,0.9842292347716698,0.37040842959311804,3.8441972732543945,0.9441626071929932,ok,,3074,2766,0,740,0.3217677175998688,True,0.1,False,8,1e-05,True,3.7898101806640625,full_train_epoch_chunks,full train set chunked per epoch | validation=auto_stratified_validation | wise_ft_skipped rows=3814>=2000,30,1,epoch_chunk,accuracy,0.8896103896103896,0.8896103896103896,0.8896103896103896,0.8896103896103896,0,True,False,,random,none,standardized_l2,,,,True
stage2_graph_scm_0043_seed42,/home/crc00006699/zh/tabiclv2/results/tabiclv2_prior_data/graph_scm_3stage_512_seed42/stage2_graph_scm_0043_seed42,multiclass,518,52,123,42,6,0.991869918699187,0.9918423857678345,0.9916666666666667,1.0,0.019862188335186638,4.503525972366333,0.825289249420166,ok,,518,466,0,123,0.03991851583123207,True,0.1,True,8,1e-05,True,4.403231143951416,full_train_epoch_chunks,full train set chunked per epoch | validation=auto_stratified_validation | wise_ft=alpha0.1 rows=641<2000,30,1,epoch_chunk,accuracy,1.0,1.0,1.0,1.0,0,True,False,,random,none,standardized_l2,,,,True
stage2_graph_scm_0044_seed42,/home/crc00006699/zh/tabiclv2/results/tabiclv2_prior_data/graph_scm_3stage_512_seed42/stage2_graph_scm_0044_seed42,multiclass,866,87,216,30,9,0.9675925925925926,0.9533113622096673,0.8888888888888888,0.990943559364612,0.08461379373769906,4.577252149581909,1.0450212955474854,ok,,866,779,0,216,0.08327691629529,True,0.1,True,8,1e-05,True,4.488825798034668,full_train_epoch_chunks,full train set chunked per epoch | validation=auto_stratified_validation | wise_ft=alpha0.1 rows=1082<2000,30,1,epoch_chunk,accuracy,0.9540229885057471,0.9540229885057471,0.9540229885057471,0.9540229885057471,0,True,False,,random,none,standardized_l2,,,,True
stage2_graph_scm_0045_seed42,/home/crc00006699/zh/tabiclv2/results/tabiclv2_prior_data/graph_scm_3stage_512_seed42/stage2_graph_scm_0045_seed42,multiclass,1349,135,342,70,6,0.6228070175438597,0.6234254494138095,0.6143398580757271,0.9077490275876104,0.9387347076081164,7.621693849563599,1.1265997886657715,ok,,1349,1214,0,342,1.0529598593711853,True,0.1,True,8,1e-05,True,7.413375377655029,full_train_epoch_chunks,full train set chunked per epoch | validation=auto_stratified_validation | wise_ft=alpha0.1 rows=1691<2000,30,1,epoch_chunk,accuracy,0.5925925925925926,0.5925925925925926,0.5925925925925926,0.5925925925925926,0,True,False,,random,none,standardized_l2,,,,True
stage2_graph_scm_0046_seed42,/home/crc00006699/zh/tabiclv2/results/tabiclv2_prior_data/graph_scm_3stage_512_seed42/stage2_graph_scm_0046_seed42,multiclass,4652,466,1124,70,10,0.9145907473309609,0.9117193546244879,0.8425983173280889,0.9933540733795689,0.25259837569321253,14.985411167144775,4.392653942108154,ok,,4652,4186,0,1124,0.2640835642814636,True,0.1,False,8,1e-05,True,14.543841361999512,full_train_epoch_chunks,full train set chunked per epoch | validation=auto_stratified_validation | wise_ft_skipped rows=5776>=2000,30,1,epoch_chunk,accuracy,0.9291845493562232,0.9291845493562232,0.9291845493562232,0.9291845493562232,0,True,False,,random,none,standardized_l2,,,,True
stage2_graph_scm_0047_seed42,/home/crc00006699/zh/tabiclv2/results/tabiclv2_prior_data/graph_scm_3stage_512_seed42/stage2_graph_scm_0047_seed42,multiclass,477,48,117,43,7,0.7692307692307693,0.7254275737034357,0.550453514739229,0.9222997139824277,0.544551175799031,4.457909345626831,0.7695577144622803,ok,,477,429,0,117,0.5800274312496185,True,0.1,True,8,1e-05,True,4.3578362464904785,full_train_epoch_chunks,full train set chunked per epoch | validation=auto_stratified_validation | wise_ft=alpha0.1 rows=594<2000,30,1,epoch_chunk,accuracy,0.7916666666666666,0.7916666666666666,0.7916666666666666,0.7916666666666666,0,True,False,,random,none,standardized_l2,,,,True
stage2_graph_scm_0048_seed42,/home/crc00006699/zh/tabiclv2/results/tabiclv2_prior_data/graph_scm_3stage_512_seed42/stage2_graph_scm_0048_seed42,multiclass,845,85,220,94,6,0.6772727272727272,0.6587867416404453,0.6290802365363769,0.9052764582425782,0.8524332710830836,9.698428392410278,0.9331426620483398,ok,,845,760,0,220,0.7946240305900574,True,0.1,True,10,1e-05,True,9.454537153244019,full_train_epoch_chunks,full train set chunked per epoch | validation=auto_stratified_validation | wise_ft=alpha0.1 rows=1065<2000,30,1,epoch_chunk,accuracy,0.7058823529411765,0.7176470588235294,0.7058823529411765,0.7176470588235294,2,True,False,,random,none,standardized_l2,,,,True
stage2_graph_scm_0049_seed42,/home/crc00006699/zh/tabiclv2/results/tabiclv2_prior_data/graph_scm_3stage_512_seed42/stage2_graph_scm_0049_seed42,multiclass,3200,320,825,21,9,0.8715151515151515,0.8260590174351643,0.1291984976450115,0.8456028237383197,0.4863076359222705,5.537852764129639,1.2508430480957031,ok,,3200,2880,0,825,0.4909265786409378,True,0.1,False,8,1e-05,True,5.425760269165039,full_train_epoch_chunks,full train set chunked per epoch | validation=auto_stratified_validation | wise_ft_skipped rows=4025>=2000,30,1,epoch_chunk,accuracy,0.86875,0.86875,0.86875,0.86875,0,True,False,,random,none,standardized_l2,,,,True
stage2_graph_scm_0050_seed42,/home/crc00006699/zh/tabiclv2/results/tabiclv2_prior_data/graph_scm_3stage_512_seed42/stage2_graph_scm_0050_seed42,multiclass,755,76,197,29,3,0.9949238578680203,0.9949762883255723,0.9957805907172995,0.9999303934417482,0.014942292125585217,4.230889081954956,0.9354205131530762,ok,,755,679,0,197,0.011025612242519855,True,0.1,True,8,1e-05,True,4.151355504989624,full_train_epoch_chunks,full train set chunked per epoch | validation=auto_stratified_validation | wise_ft=alpha0.1 rows=952<2000,30,1,epoch_chunk,accuracy,0.9868421052631579,0.9868421052631579,0.9868421052631579,0.9868421052631579,0,True,False,,random,none,standardized_l2,,,,True
stage2_graph_scm_0051_seed42,/home/crc00006699/zh/tabiclv2/results/tabiclv2_prior_data/graph_scm_3stage_512_seed42/stage2_graph_scm_0051_seed42,multiclass,3132,314,783,88,8,1.0,1.0,1.0,1.0,2.9337980303316e-07,13.95104694366455,3.2282907962799072,ok,,3132,2818,0,783,1.7107485632550379e-06,True,0.1,False,8,1e-05,True,13.500017166137695,full_train_epoch_chunks,full train set chunked per epoch | validation=auto_stratified_validation | wise_ft_skipped rows=3915>=2000,30,1,epoch_chunk,accuracy,1.0,1.0,1.0,1.0,0,True,False,,random,none,standardized_l2,,,,True
stage2_graph_scm_0052_seed42,/home/crc00006699/zh/tabiclv2/results/tabiclv2_prior_data/graph_scm_3stage_512_seed42/stage2_graph_scm_0052_seed42,multiclass,347,35,85,30,5,0.8941176470588236,0.8891067538126362,0.762724358974359,0.9813268819127092,0.33838205459494736,3.6172361373901367,0.4896395206451416,ok,,347,312,0,85,0.49307413399219513,True,0.1,True,8,1e-05,True,3.5458297729492188,full_train_epoch_chunks,full train set chunked per epoch | validation=auto_stratified_validation | wise_ft=alpha0.1 rows=432<2000,30,1,epoch_chunk,accuracy,0.7714285714285715,0.7714285714285715,0.7714285714285715,0.7714285714285715,0,True,False,,random,none,standardized_l2,,,,True
stage2_graph_scm_0053_seed42,/home/crc00006699/zh/tabiclv2/results/tabiclv2_prior_data/graph_scm_3stage_512_seed42/stage2_graph_scm_0053_seed42,binclass,4517,452,1074,89,2,1.0,1.0,1.0,1.0,3.1450613757096775e-07,17.694028615951538,5.0190582275390625,ok,,4517,4065,0,1074,7.70754780887728e-07,True,0.1,False,8,1e-05,True,17.12321901321411,full_train_epoch_chunks,full train set chunked per epoch | validation=auto_stratified_validation | wise_ft_skipped rows=5591>=2000,30,1,epoch_chunk,accuracy,1.0,1.0,1.0,1.0,0,True,False,,random,none,standardized_l2,,,,True
stage2_graph_scm_0054_seed42,/home/crc00006699/zh/tabiclv2/results/tabiclv2_prior_data/graph_scm_3stage_512_seed42/stage2_graph_scm_0054_seed42,multiclass,3592,360,850,75,3,0.9423529411764706,0.9188437798157992,0.6918238993710691,0.9348783931214446,0.17029453754860344,13.215198755264282,3.3081867694854736,ok,,3592,3232,0,850,0.17916487157344818,True,0.1,False,8,1e-05,True,12.823457479476929,full_train_epoch_chunks,full train set chunked per epoch | validation=auto_stratified_validation | wise_ft_skipped rows=4442>=2000,30,1,epoch_chunk,accuracy,0.9416666666666667,0.9416666666666667,0.9416666666666667,0.9416666666666667,0,True,False,,random,none,standardized_l2,,,,True
stage2_graph_scm_0055_seed42,/home/crc00006699/zh/tabiclv2/results/tabiclv2_prior_data/graph_scm_3stage_512_seed42/stage2_graph_scm_0055_seed42,multiclass,3451,346,838,34,3,0.8556085918854416,0.8209139297482212,0.5360304099918545,0.8642777550834841,0.4232052771557971,7.273212909698486,1.6832451820373535,ok,,3451,3105,0,838,0.38439685106277466,True,0.1,False,8,1e-05,True,7.112790584564209,full_train_epoch_chunks,full train set chunked per epoch | validation=auto_stratified_validation | wise_ft_skipped rows=4289>=2000,30,1,epoch_chunk,accuracy,0.8583815028901735,0.8583815028901735,0.8583815028901735,0.8583815028901735,0,True,False,,random,none,standardized_l2,,,,True
stage2_graph_scm_0056_seed42,/home/crc00006699/zh/tabiclv2/results/tabiclv2_prior_data/graph_scm_3stage_512_seed42/stage2_graph_scm_0056_seed42,binclass,830,83,218,74,2,1.0,1.0,1.0,1.0,1.330448819896925e-06,6.540095567703247,0.8054056167602539,ok,,830,747,0,218,1.0400810879218625e-06,True,0.1,True,8,1e-05,True,6.36133337020874,full_train_epoch_chunks,full train set chunked per epoch | validation=auto_stratified_validation | wise_ft=alpha0.1 rows=1048<2000,30,1,epoch_chunk,accuracy,1.0,1.0,1.0,1.0,0,True,False,,random,none,standardized_l2,,,,True
stage2_graph_scm_0057_seed42,/home/crc00006699/zh/tabiclv2/results/tabiclv2_prior_data/graph_scm_3stage_512_seed42/stage2_graph_scm_0057_seed42,multiclass,2853,286,702,92,3,0.8490028490028491,0.8495648952435588,0.8490248197433307,0.959736344681521,0.38567784807066213,12.73848819732666,3.019239664077759,ok,,2853,2567,0,702,0.36679278314113617,True,0.1,False,8,1e-05,True,12.364688158035278,full_train_epoch_chunks,full train set chunked per epoch | validation=auto_stratified_validation | wise_ft_skipped rows=3555>=2000,30,1,epoch_chunk,accuracy,0.8251748251748252,0.8251748251748252,0.8251748251748252,0.8251748251748252,0,True,False,,random,none,standardized_l2,,,,True
stage2_graph_scm_0058_seed42,/home/crc00006699/zh/tabiclv2/results/tabiclv2_prior_data/graph_scm_3stage_512_seed42/stage2_graph_scm_0058_seed42,multiclass,2420,242,621,92,10,0.6972624798711755,0.6978980286818407,0.6870056107202939,0.9615917284584106,0.7772245260494676,31.633020401000977,2.3017704486846924,ok,,2420,2178,0,621,0.7919293940067291,True,0.1,False,23,1e-05,True,31.2525851726532,full_train_epoch_chunks,full train set chunked per epoch | validation=auto_stratified_validation | wise_ft_skipped rows=3041>=2000,30,1,epoch_chunk,accuracy,0.6942148760330579,0.7024793388429752,0.6942148760330579,0.7024793388429752,15,True,False,,random,none,standardized_l2,,,,True
stage2_graph_scm_0059_seed42,/home/crc00006699/zh/tabiclv2/results/tabiclv2_prior_data/graph_scm_3stage_512_seed42/stage2_graph_scm_0059_seed42,binclass,5235,524,1392,16,2,0.8491379310344828,0.8497707611984314,0.8376392942803481,0.9195818718321463,0.3406287576492126,8.594164609909058,1.906930685043335,ok,,5235,4711,0,1392,0.3753317594528198,True,0.1,False,10,1e-05,True,8.470790147781372,full_train_epoch_chunks,full train set chunked per epoch | validation=auto_stratified_validation | wise_ft_skipped rows=6627>=2000,30,1,epoch_chunk,accuracy,0.8549618320610687,0.8606870229007634,0.8549618320610687,0.8606870229007634,2,True,False,,random,none,standardized_l2,,,,True
stage2_graph_scm_0060_seed42,/home/crc00006699/zh/tabiclv2/results/tabiclv2_prior_data/graph_scm_3stage_512_seed42/stage2_graph_scm_0060_seed42,binclass,5147,515,1305,13,2,0.7425287356321839,0.6328147272010434,0.5,0.6118451766671582,0.5572222978689094,6.0882861614227295,1.7548494338989258,ok,,5147,4632,0,1305,0.5659055411815643,True,0.1,False,8,1e-05,True,5.9915382862091064,full_train_epoch_chunks,full train set chunked per epoch | validation=auto_stratified_validation | wise_ft_skipped rows=6452>=2000,30,1,epoch_chunk,accuracy,0.7339805825242719,0.7339805825242719,0.7339805825242719,0.7339805825242719,0,True,False,,random,none,standardized_l2,,,,True
stage2_graph_scm_0061_seed42,/home/crc00006699/zh/tabiclv2/results/tabiclv2_prior_data/graph_scm_3stage_512_seed42/stage2_graph_scm_0061_seed42,multiclass,3216,322,819,86,7,0.9438339438339438,0.9446682255368781,0.9105559633287773,0.9973989334863106,0.13101256331469568,38.57148456573486,3.278343915939331,ok,,3216,2894,0,819,0.08323617652058601,True,0.1,False,26,1e-05,True,38.172606468200684,full_train_epoch_chunks,full train set chunked per epoch | validation=auto_stratified_validation | wise_ft_skipped rows=4035>=2000,30,1,epoch_chunk,accuracy,0.968944099378882,0.9813664596273292,0.968944099378882,0.9813664596273292,18,True,False,,random,none,standardized_l2,,,,True
stage2_graph_scm_0062_seed42,/home/crc00006699/zh/tabiclv2/results/tabiclv2_prior_data/graph_scm_3stage_512_seed42/stage2_graph_scm_0062_seed42,multiclass,1146,115,283,91,4,0.6431095406360424,0.6332151404927043,0.45460646150896367,0.7611199687266441,0.7947028618975905,8.355532884597778,1.1871623992919922,ok,,1146,1031,0,283,0.8431079387664795,True,0.1,True,8,1e-05,True,8.118814468383789,full_train_epoch_chunks,full train set chunked per epoch | validation=auto_stratified_validation | wise_ft=alpha0.1 rows=1429<2000,30,1,epoch_chunk,accuracy,0.6608695652173913,0.6608695652173913,0.6608695652173913,0.6608695652173913,0,True,False,,random,none,standardized_l2,,,,True
stage2_graph_scm_0063_seed42,/home/crc00006699/zh/tabiclv2/results/tabiclv2_prior_data/graph_scm_3stage_512_seed42/stage2_graph_scm_0063_seed42,binclass,1962,197,481,71,2,0.817047817047817,0.7520217204576224,0.5455762987012986,0.6449540043290043,0.47520854995953343,14.292271614074707,1.5735368728637695,ok,,1962,1765,0,481,0.46019330620765686,True,0.1,False,14,1e-05,True,14.046891689300537,full_train_epoch_chunks,full train set chunked per epoch | validation=auto_stratified_validation | wise_ft_skipped rows=2443>=2000,30,1,epoch_chunk,accuracy,0.8274111675126904,0.8324873096446701,0.8274111675126904,0.8324873096446701,6,True,False,,random,none,standardized_l2,,,,True
stage2_graph_scm_0064_seed42,/home/crc00006699/zh/tabiclv2/results/tabiclv2_prior_data/graph_scm_3stage_512_seed42/stage2_graph_scm_0064_seed42,multiclass,2450,245,632,63,8,0.9636075949367089,0.9633722519844561,0.9683744701994443,0.9988005148254053,0.11103239640723873,11.160075426101685,1.7835724353790283,ok,,2450,2205,0,632,0.15463007986545563,True,0.1,False,10,1e-05,True,10.901501655578613,full_train_epoch_chunks,full train set chunked per epoch | validation=auto_stratified_validation | wise_ft_skipped rows=3082>=2000,30,1,epoch_chunk,accuracy,0.9673469387755103,0.9714285714285714,0.9673469387755103,0.9714285714285714,2,True,False,,random,none,standardized_l2,,,,True
