dataset_name,dataset_dir,task_type,n_train,n_val,n_test,n_features,n_classes,accuracy,f1,balanced_accuracy,roc_auc,log_loss,fit_seconds,predict_seconds,status,error,n_train_a,n_train_b,n_holdout_c,n_test_d,ttt_loss,ttt_steps,ttt_lr,ttt_applied,ttt_update_seconds,ttt_split_strategy,ttt_split_reason,ttt_epochs,ttt_chunks_per_epoch,ttt_batch_mode,ttt_val_eval_metric,ttt_val_baseline_metric,ttt_val_best_metric,ttt_val_baseline_accuracy,ttt_val_best_accuracy,ttt_best_epoch,ttt_stopped_early,ttt_oom_fallback,ttt_fallback_reason
ASP-POTASSCO-classification,/home/crc00006699/zh/tabiclv2/data200/ASP-POTASSCO-classification,multiclass,1035,207,259,141,11,0.4903474903474903,0.4709621259507563,0.4015997490329041,0.8512095632231967,1.503941898782927,1.2721405029296875,3.896211862564087,ok,,1035,828,0,259,,0,1e-05,False,0.7007126808166504,full_train_epoch_chunks,full train set chunked per epoch | validation=dataset_val_split | TTT training skipped because n_classes=11 exceeds model max_classes=10,0,0,epoch_chunk,,,,,,0,False,False,
Amazon_employee_access,/home/crc00006699/zh/tabiclv2/data200/Amazon_employee_access,binclass,26215,5243,6554,7,2,0.9456820262435154,0.9326993002237476,0.5947340647132342,0.8310488927819853,0.167102885291426,57.498541831970215,12.710114002227783,ok,,26215,20972,0,6554,0.1930976510047912,63,1e-05,True,57.27211356163025,full_train_epoch_chunks,full train set chunked per epoch | validation=dataset_val_split,30,3,epoch_chunk,roc_auc,0.8550393751132234,0.8595496637930116,0.949074957085638,0.950028609574671,13,True,False,
BLE_RSSI_dataset_for_Indoor_localization,/home/crc00006699/zh/tabiclv2/data200/BLE_RSSI_dataset_for_Indoor_localization,multiclass,7987,1598,1997,3,3,0.771156735102654,0.7708757995581969,0.7706335051294483,0.9237003768417869,0.5230027152997048,19.912998914718628,1.390162467956543,ok,,7987,6389,0,1997,0.549175351858139,30,1e-05,True,19.877238512039185,full_train_epoch_chunks,full train set chunked per epoch | validation=dataset_val_split,30,1,epoch_chunk,roc_auc,0.9016391855752374,0.9197547328610516,0.7509386733416771,0.7809762202753442,26,False,False,
BNG(breast-w),/home/crc00006699/zh/tabiclv2/data200/BNG(breast-w),binclass,31492,6299,7874,9,2,0.9880619761239524,0.9880774596607574,0.9880918254272,0.999091193994276,0.0343132452765176,26.110191822052,20.18600082397461,ok,,31492,25193,0,7874,0.04829235188663,24,1e-05,True,25.855996131896973,full_train_epoch_chunks,full train set chunked per epoch | validation=dataset_val_split,30,3,epoch_chunk,roc_auc,0.9988056620762288,0.9988056620762288,0.98666454992856,0.98666454992856,0,True,False,
BNG(cmc),/home/crc00006699/zh/tabiclv2/data200/BNG(cmc),multiclass,44236,8848,11060,9,3,0.5879746835443038,0.5869752334107461,0.5700660443566302,0.7654706345378747,0.8739653952674937,75.10599637031555,36.40194988250733,ok,,44236,35388,0,11060,0.8951334357261658,64,1e-05,True,74.71418952941895,full_train_epoch_chunks,full train set chunked per epoch | validation=dataset_val_split,30,4,epoch_chunk,roc_auc,0.7589704602393859,0.7603372528392423,0.5762884267631103,0.5780967450271248,8,True,False,
BNG(tic-tac-toe),/home/crc00006699/zh/tabiclv2/data200/BNG(tic-tac-toe),binclass,31492,6299,7874,9,2,0.8159766319532639,0.8133762698249005,0.7846936301173358,0.884857875101074,0.402567797617642,95.65090203285216,20.25777316093445,ok,,31492,25193,0,7874,0.3953484296798706,90,1e-05,True,95.33059573173524,full_train_epoch_chunks,full train set chunked per epoch | validation=dataset_val_split,30,3,epoch_chunk,roc_auc,0.8779035922294894,0.8802997613840836,0.8096523257659946,0.8099698364819813,26,False,False,
Bank_Customer_Churn_Dataset,/home/crc00006699/zh/tabiclv2/data200/Bank_Customer_Churn_Dataset,binclass,8000,1600,2000,10,2,0.875,0.8648358896033153,0.7440938627379305,0.8856491314118433,0.3093091418191468,16.486820936203003,2.779195547103882,ok,,8000,6400,0,2000,0.3153521567583084,20,1e-05,True,16.398749351501465,full_train_epoch_chunks,full train set chunked per epoch | validation=dataset_val_split,30,1,epoch_chunk,roc_auc,0.8777604954204428,0.8791124519652127,0.861875,0.865,12,True,False,
Basketball_c,/home/crc00006699/zh/tabiclv2/data200/Basketball_c,binclass,1072,215,268,11,2,0.7052238805970149,0.7030301526820772,0.6807819513347508,0.7439168438459721,0.5776582937451252,3.5953409671783447,0.3879292011260986,ok,,1072,857,0,268,0.5986699461936951,10,1e-05,True,3.5625,full_train_epoch_chunks,full train set chunked per epoch | validation=dataset_val_split,30,1,epoch_chunk,roc_auc,0.8182193288098295,0.8184027141023289,0.7581395348837209,0.7534883720930232,2,True,False,
California-Housing-Classification,/home/crc00006699/zh/tabiclv2/data200/California-Housing-Classification,binclass,16512,3303,4128,8,2,0.9258720930232558,0.9258718842161716,0.9258713714130788,0.9802669893511764,0.180525324621806,26.589604377746586,7.165140390396118,ok,,16512,13209,0,4128,0.2426188066601753,32,1e-05,True,26.45095992088318,full_train_epoch_chunks,full train set chunked per epoch | validation=dataset_val_split,30,2,epoch_chunk,roc_auc,0.9770747569526432,0.9786652524040752,0.9182561307901907,0.9224947017862548,8,True,False,
Cardiovascular-Disease-dataset,/home/crc00006699/zh/tabiclv2/data200/Cardiovascular-Disease-dataset,binclass,56000,11200,14000,11,2,0.7342142857142857,0.7338342783499381,0.7341927703486597,0.8013281494132733,0.5423410533507298,60.08426570892334,56.173216819763184,ok,,56000,44800,0,14000,0.5444620251655579,45,1e-05,True,59.58716130256653,full_train_epoch_chunks,full train set chunked per epoch | validation=dataset_val_split,30,5,epoch_chunk,roc_auc,0.8000135905651249,0.8007824523929231,0.7323214285714286,0.7333928571428572,1,True,False,
Click_prediction_small,/home/crc00006699/zh/tabiclv2/data200/Click_prediction_small,binclass,31958,6392,7990,3,2,0.8334167709637046,0.762274813109356,0.5091266472425265,0.6257463526062909,0.4391553942751703,24.92266130447388,7.276014089584351,ok,,31958,25566,0,7990,0.4549749344587326,27,1e-05,True,24.833284616470337,full_train_epoch_chunks,full train set chunked per epoch | validation=dataset_val_split,30,3,epoch_chunk,roc_auc,0.6253027089434714,0.6264287547447419,0.8322903629536921,0.8319774718397998,1,True,False,
Contaminant-detection-in-packaged-cocoa-hazelnut-spread-jars-using-Microwaves-Sensing-and-Machine-Learning-10.0GHz(Urbinati),/home/crc00006699/zh/tabiclv2/data200/Contaminant-detection-in-packaged-cocoa-hazelnut-spread-jars-using-Microwaves-Sensing-and-Machine-Learning-10.0GHz(Urbinati),binclass,1920,384,480,30,2,0.9770833333333332,0.97708960094233,0.9776835372636264,0.9959156006674084,0.0669761434036654,4.3963541984558105,0.9214863777160645,ok,,1920,1536,0,480,0.082058660686016,8,1e-05,True,4.320537090301514,full_train_epoch_chunks,full train set chunked per epoch | validation=dataset_val_split,30,1,epoch_chunk,roc_auc,0.9943274790007636,0.9943274790007636,0.9661458333333334,0.9661458333333334,0,True,False,
Contaminant-detection-in-packaged-cocoa-hazelnut-spread-jars-using-Microwaves-Sensing-and-Machine-Learning-10.5GHz(Urbinati),/home/crc00006699/zh/tabiclv2/data200/Contaminant-detection-in-packaged-cocoa-hazelnut-spread-jars-using-Microwaves-Sensing-and-Machine-Learning-10.5GHz(Urbinati),binclass,1920,384,480,30,2,0.9833333333333332,0.9833368077270516,0.9835928809788654,0.9976188820912124,0.0530041823718663,11.428822994232178,0.9189660549163818,ok,,1920,1536,0,480,0.0715532712638378,24,1e-05,True,11.358553886413574,full_train_epoch_chunks,full train set chunked per epoch | validation=dataset_val_split,30,1,epoch_chunk,roc_auc,0.99769553834406,0.9983909676011782,0.9635416666666666,0.9765625,16,True,False,
Contaminant-detection-in-packaged-cocoa-hazelnut-spread-jars-using-Microwaves-Sensing-and-Machine-Learning-11.0GHz(Urbinati),/home/crc00006699/zh/tabiclv2/data200/Contaminant-detection-in-packaged-cocoa-hazelnut-spread-jars-using-Microwaves-Sensing-and-Machine-Learning-11.0GHz(Urbinati),binclass,1920,384,480,30,2,0.9625,0.9625097671511172,0.9631535038932146,0.9930999721913236,0.1121071039477093,7.954755544662476,0.9160141944885254,ok,,1920,1536,0,480,0.1174193657934665,16,1e-05,True,7.8843994140625,full_train_epoch_chunks,full train set chunked per epoch | validation=dataset_val_split,30,1,epoch_chunk,roc_auc,0.9962774080942512,0.9968364786735028,0.96875,0.9713541666666666,8,True,False,
Contaminant-detection-in-packaged-cocoa-hazelnut-spread-jars-using-Microwaves-Sensing-and-Machine-Learning-9.0GHz(Urbinati),/home/crc00006699/zh/tabiclv2/data200/Contaminant-detection-in-packaged-cocoa-hazelnut-spread-jars-using-Microwaves-Sensing-and-Machine-Learning-9.0GHz(Urbinati),binclass,1920,384,480,30,2,0.9708333333333332,0.970840932117528,0.9712180200222468,0.9950118186874304,0.0913925440922476,11.488340377807615,0.913933515548706,ok,,1920,1536,0,480,0.0482811573892831,24,1e-05,True,11.416595458984377,full_train_epoch_chunks,full train set chunked per epoch | validation=dataset_val_split,30,1,epoch_chunk,roc_auc,0.9969455656157958,0.9980091633031526,0.9609375,0.9765625,16,True,False,
Contaminant-detection-in-packaged-cocoa-hazelnut-spread-jars-using-Microwaves-Sensing-and-Machine-Learning-9.5GHz(Urbinati),/home/crc00006699/zh/tabiclv2/data200/Contaminant-detection-in-packaged-cocoa-hazelnut-spread-jars-using-Microwaves-Sensing-and-Machine-Learning-9.5GHz(Urbinati),binclass,1920,384,480,30,2,0.9604166666666668,0.9604261207781286,0.9607202447163516,0.9932390155728588,0.102320705497276,6.971518278121948,0.9006752967834473,ok,,1920,1536,0,480,0.1601035073399543,14,1e-05,True,6.900640249252319,full_train_epoch_chunks,full train set chunked per epoch | validation=dataset_val_split,30,1,epoch_chunk,roc_auc,0.9909730555252536,0.9913821315588524,0.953125,0.9557291666666666,6,True,False,
Credit_c,/home/crc00006699/zh/tabiclv2/data200/Credit_c,multiclass,80000,16000,20000,22,3,0.82285,0.8228154202267965,0.8373137719978891,0.9322280520675124,0.4159018336018762,141.88974499702454,115.48460030555724,ok,,80000,64000,0,20000,0.6872375011444092,77,1e-05,True,140.40212893486023,full_train_epoch_chunks,full train set chunked per epoch | validation=dataset_val_split,30,7,epoch_chunk,roc_auc,0.9259133161803352,0.9292262446619146,0.812875,0.821125,3,True,False,
Customer_Personality_Analysis,/home/crc00006699/zh/tabiclv2/data200/Customer_Personality_Analysis,binclass,1792,359,448,24,2,0.890625,0.8819285508425728,0.7204332667371802,0.9132487170446978,0.2436533436666687,4.321391820907593,0.7635281085968018,ok,,1792,1433,0,448,0.2709705084562301,8,1e-05,True,4.25651216506958,full_train_epoch_chunks,full train set chunked per epoch | validation=dataset_val_split,30,1,epoch_chunk,roc_auc,0.8795474164508571,0.8795474164508571,0.8913649025069638,0.8913649025069638,0,True,False,
Diabetic_Retinopathy_Debrecen,/home/crc00006699/zh/tabiclv2/data200/Diabetic_Retinopathy_Debrecen,binclass,920,184,231,19,2,0.7272727272727273,0.7267577685809969,0.724706413730804,0.8404095152062632,0.4949531753918872,7.934934139251709,0.878995418548584,ok,,920,736,0,231,0.4834744036197662,23,1e-05,True,7.891669511795044,full_train_epoch_chunks,full train set chunked per epoch | validation=dataset_val_split,30,1,epoch_chunk,roc_auc,0.8179876601803513,0.8271238728049358,0.7445652173913043,0.7445652173913043,15,True,False,
E-CommereShippingData,/home/crc00006699/zh/tabiclv2/data200/E-CommereShippingData,binclass,8799,1760,2200,10,2,0.6763636363636364,0.6643989307797264,0.7263047265614603,0.7302141193219139,0.5037008522350079,7.875513553619385,3.1125142574310303,ok,,8799,7039,0,2200,0.496147871017456,8,1e-05,True,7.78406286239624,full_train_epoch_chunks,full train set chunked per epoch | validation=dataset_val_split,30,1,epoch_chunk,roc_auc,0.7443400402414486,0.7443400402414486,0.6823863636363636,0.6823863636363636,0,True,False,
Employee,/home/crc00006699/zh/tabiclv2/data200/Employee,binclass,3722,745,931,8,2,0.8614393125671321,0.8553344171386984,0.8148092266775777,0.881585004091653,0.3503578550610365,8.331425666809082,1.0996975898742676,ok,,3722,2977,0,931,0.353693813085556,19,1e-05,True,8.283686399459839,full_train_epoch_chunks,full train set chunked per epoch | validation=dataset_val_split,30,1,epoch_chunk,roc_auc,0.8829083588957055,0.8881246804703475,0.8523489932885906,0.8563758389261745,11,True,False,
FICO-HELOC-cleaned,/home/crc00006699/zh/tabiclv2/data200/FICO-HELOC-cleaned,binclass,7896,1580,1975,23,2,0.7458227848101265,0.7455671298964587,0.7446872984111201,0.825180068945965,0.5143551863772551,23.06335949897766,3.435662746429444,ok,,7896,6316,0,1975,0.5363382697105408,20,1e-05,True,22.89350724220276,full_train_epoch_chunks,full train set chunked per epoch | validation=dataset_val_split,30,1,epoch_chunk,roc_auc,0.8069288497711355,0.8077168756299392,0.7487341772151899,0.7411392405063291,12,True,False,
FOREX_audcad-day-High,/home/crc00006699/zh/tabiclv2/data200/FOREX_audcad-day-High,binclass,1467,294,367,10,2,0.7493188010899182,0.7492927350116001,0.7491980039208697,0.831848155409018,0.5067212536663024,3.7212955951690674,0.4907546043395996,ok,,1467,1173,0,367,0.5109972804784775,11,1e-05,True,3.689353227615357,full_train_epoch_chunks,full train set chunked per epoch | validation=dataset_val_split,30,1,epoch_chunk,roc_auc,0.7950011571395511,0.7963897246007868,0.7108843537414966,0.7108843537414966,3,True,False,
FOREX_audcad-hour-High,/home/crc00006699/zh/tabiclv2/data200/FOREX_audcad-hour-High,binclass,35060,7012,8765,10,2,0.7154592127780947,0.7154272893352406,0.7151139298316596,0.7901937613295902,0.5525352364919023,78.55056118965149,24.586808919906616,ok,,35060,28048,0,8765,0.568707287311554,66,1e-05,True,78.25143241882324,full_train_epoch_chunks,full train set chunked per epoch | validation=dataset_val_split,30,3,epoch_chunk,roc_auc,0.7929345262565985,0.7959190328615722,0.7154877353108956,0.7160581859669138,14,True,False,
FOREX_audchf-day-High,/home/crc00006699/zh/tabiclv2/data200/FOREX_audchf-day-High,binclass,1466,294,367,10,2,0.7547683923705722,0.7547246920543923,0.7550199013841858,0.8402542624606428,0.4959536277610092,5.270160913467407,0.4896388053894043,ok,,1466,1172,0,367,0.515874594449997,16,1e-05,True,5.233442544937134,full_train_epoch_chunks,full train set chunked per epoch | validation=dataset_val_split,30,1,epoch_chunk,roc_auc,0.7934968757232121,0.794839157602407,0.7108843537414966,0.7142857142857143,8,True,False,
FOREX_audjpy-day-High,/home/crc00006699/zh/tabiclv2/data200/FOREX_audjpy-day-High,binclass,1465,293,367,10,2,0.784741144414169,0.7843529871692693,0.7836484156708876,0.8545568039950062,0.4777396977776262,5.374582290649414,0.5048248767852783,ok,,1465,1172,0,367,0.6043878793716431,17,1e-05,True,5.344748497009277,full_train_epoch_chunks,full train set chunked per epoch | validation=dataset_val_split,30,1,epoch_chunk,roc_auc,0.8309090909090909,0.8373659673659675,0.7508532423208191,0.764505119453925,9,True,False,
FOREX_audjpy-hour-High,/home/crc00006699/zh/tabiclv2/data200/FOREX_audjpy-hour-High,binclass,35060,7012,8765,10,2,0.7229891614375357,0.7229574316346902,0.7226367389173827,0.8012597729096451,0.5396813732135737,61.15411925315857,24.588969945907596,ok,,35060,28048,0,8765,0.5337052345275879,51,1e-05,True,60.88370156288147,full_train_epoch_chunks,full train set chunked per epoch | validation=dataset_val_split,30,3,epoch_chunk,roc_auc,0.7906073856623042,0.7921961392266483,0.7183399885909869,0.7139189960068454,9,True,False,
FOREX_audsgd-hour-High,/home/crc00006699/zh/tabiclv2/data200/FOREX_audsgd-hour-High,binclass,35060,7012,8765,10,2,0.7124928693667998,0.7125464822253403,0.712511547960305,0.789519220266712,0.5519981667947144,99.28329277038574,24.540091276168823,ok,,35060,28048,0,8765,0.5476095676422119,81,1e-05,True,98.94263648986816,full_train_epoch_chunks,full train set chunked per epoch | validation=dataset_val_split,30,3,epoch_chunk,roc_auc,0.7774450395707273,0.7928050624736034,0.7007986309184255,0.7160581859669138,19,True,False,
FOREX_audusd-hour-High,/home/crc00006699/zh/tabiclv2/data200/FOREX_audusd-hour-High,binclass,35060,7012,8765,10,2,0.7124928693667998,0.7125267285320465,0.7116033070961096,0.7888216636154743,0.5519142480284619,108.52527928352356,24.560473918914795,ok,,35060,28048,0,8765,0.531157374382019,90,1e-05,True,108.2033007144928,full_train_epoch_chunks,full train set chunked per epoch | validation=dataset_val_split,30,3,epoch_chunk,roc_auc,0.7781984185843283,0.7841158689213906,0.7102110667427267,0.7152025099828865,22,True,False,
FOREX_cadjpy-day-High,/home/crc00006699/zh/tabiclv2/data200/FOREX_cadjpy-day-High,binclass,1467,294,367,10,2,0.7411444141689373,0.7408442805973467,0.7412390116417201,0.7944286053694464,0.5513517337161514,4.58628249168396,0.499028205871582,ok,,1467,1173,0,367,0.5587936639785767,14,1e-05,True,4.555086851119995,full_train_epoch_chunks,full train set chunked per epoch | validation=dataset_val_split,30,1,epoch_chunk,roc_auc,0.7791095890410958,0.7836218067382451,0.7006802721088435,0.6972789115646258,6,True,False,
FOREX_cadjpy-hour-High,/home/crc00006699/zh/tabiclv2/data200/FOREX_cadjpy-hour-High,binclass,35060,7012,8765,10,2,0.7152310325156874,0.715242277290343,0.7149082198378109,0.7906441226048797,0.5532841594358057,57.6807165145874,24.489048957824707,ok,,35060,28048,0,8765,0.5480017364025116,48,1e-05,True,57.39808964729309,full_train_epoch_chunks,full train set chunked per epoch | validation=dataset_val_split,30,3,epoch_chunk,roc_auc,0.7883437594261059,0.7924267931401124,0.7139189960068454,0.7126354820308043,8,True,False,
Firm-Teacher_Clave-Direction_Classification,/home/crc00006699/zh/tabiclv2/data200/Firm-Teacher_Clave-Direction_Classification,multiclass,8640,1728,2160,16,4,0.8847222222222222,0.883908806288822,0.8108675886690468,0.9726085344103026,0.301890333848155,33.280235052108765,3.454339504241944,ok,,8640,6912,0,2160,0.3084141910076141,30,1e-05,True,33.12119698524475,full_train_epoch_chunks,full train set chunked per epoch | validation=dataset_val_split,30,1,epoch_chunk,roc_auc,0.9649145982054098,0.9681193430873458,0.8674768518518519,0.8715277777777778,24,False,False,
Fitness_Club_c,/home/crc00006699/zh/tabiclv2/data200/Fitness_Club_c,binclass,1200,240,300,6,2,0.8033333333333333,0.7961465279630122,0.7378673957621326,0.8231505336768494,0.4538117058789082,2.8175456523895264,0.3044588565826416,ok,,1200,960,0,300,0.4363348484039306,8,1e-05,True,2.790101289749145,full_train_epoch_chunks,full train set chunked per epoch | validation=dataset_val_split,30,1,epoch_chunk,roc_auc,0.8249528340579115,0.8249528340579115,0.7666666666666667,0.7666666666666667,0,True,False,
GAMETES_Epistasis_2-Way_20atts_0.1H_EDM-1_1,/home/crc00006699/zh/tabiclv2/data200/GAMETES_Epistasis_2-Way_20atts_0.1H_EDM-1_1,binclass,1280,256,320,20,2,0.678125,0.6727529066015349,0.6781250000000001,0.7283203125000001,0.6026621843575768,3.504778861999512,0.536306619644165,ok,,1280,1024,0,320,0.6142901182174683,8,1e-05,True,3.445231437683105,full_train_epoch_chunks,full train set chunked per epoch | validation=dataset_val_split,30,1,epoch_chunk,roc_auc,0.67071533203125,0.67071533203125,0.65234375,0.65234375,0,True,False,
GAMETES_Heterogeneity_20atts_1600_Het_0.4_0.2_50_EDM-2_001,/home/crc00006699/zh/tabiclv2/data200/GAMETES_Heterogeneity_20atts_1600_Het_0.4_0.2_50_EDM-2_001,binclass,1280,256,320,20,2,0.68125,0.6810506566604128,0.68125,0.7605664062499999,0.5650481606049933,4.28404426574707,0.5434896945953369,ok,,1280,1024,0,320,0.5299256145954132,10,1e-05,True,4.226056814193726,full_train_epoch_chunks,full train set chunked per epoch | validation=dataset_val_split,30,1,epoch_chunk,roc_auc,0.71820068359375,0.72064208984375,0.671875,0.671875,2,True,False,
Gender_Gap_in_Spanish_WP,/home/crc00006699/zh/tabiclv2/data200/Gender_Gap_in_Spanish_WP,multiclass,3796,760,950,13,3,0.6021052631578947,0.550915664560984,0.4113743470063074,0.7074756193375157,0.7909265306148051,11.92360806465149,1.2524070739746094,ok,,3796,3036,0,950,0.7802020609378815,25,1e-05,True,11.87164855003357,full_train_epoch_chunks,full train set chunked per epoch | validation=dataset_val_split,30,1,epoch_chunk,roc_auc,0.6748721072245575,0.67966255262413,0.6092105263157894,0.625,17,True,False,
GesturePhaseSegmentationProcessed,/home/crc00006699/zh/tabiclv2/data200/GesturePhaseSegmentationProcessed,multiclass,7898,1580,1975,32,5,0.8465822784810126,0.8456436090663896,0.8277184780103053,0.972666032324664,0.4335243719127143,37.37402129173279,3.992990255355835,ok,,7898,6318,0,1975,0.5548823773860931,29,1e-05,True,37.160173654556274,full_train_epoch_chunks,full train set chunked per epoch | validation=dataset_val_split,30,1,epoch_chunk,roc_auc,0.948143365819948,0.9554174261224422,0.7879746835443038,0.8006329113924051,21,True,False,
HR_Analytics_Job_Change_of_Data_Scientists,/home/crc00006699/zh/tabiclv2/data200/HR_Analytics_Job_Change_of_Data_Scientists,binclass,15326,3066,3832,13,2,0.7998434237995825,0.8023030303590943,0.745681674664745,0.8103505505844328,0.4304824413473427,18.7896945476532,6.938525438308716,ok,,15326,12260,0,3832,0.4352112412452698,20,1e-05,True,18.57651376724243,full_train_epoch_chunks,full train set chunked per epoch | validation=dataset_val_split,30,2,epoch_chunk,roc_auc,0.8086660247178692,0.8104933064055696,0.8036529680365296,0.8036529680365296,2,True,False,
Heart-Disease-Dataset-(Comprehensive),/home/crc00006699/zh/tabiclv2/data200/Heart-Disease-Dataset-(Comprehensive),binclass,952,191,238,11,2,0.953781512605042,0.9536614172576188,0.9511664407505172,0.9830919597631448,0.1517899502703318,2.751549482345581,0.7951638698577881,ok,,952,761,0,238,0.2593349814414978,8,1e-05,True,2.721473932266236,full_train_epoch_chunks,full train set chunked per epoch | validation=dataset_val_split,30,1,epoch_chunk,roc_auc,0.9632191480017568,0.9632191480017568,0.9109947643979056,0.9109947643979056,0,True,False,
INNHotelsGroup,/home/crc00006699/zh/tabiclv2/data200/INNHotelsGroup,binclass,29020,5804,7255,17,2,0.9054445210199862,0.9048290209448996,0.8865450349917887,0.9642561202641896,0.2187182951780212,72.70553135871887,19.49262833595276,ok,,29020,23216,0,7255,0.2950693517923355,63,1e-05,True,72.27745628356934,full_train_epoch_chunks,full train set chunked per epoch | validation=dataset_val_split,30,3,epoch_chunk,roc_auc,0.9610815263115629,0.9635795712085958,0.9016195727084768,0.9059269469331496,13,True,False,
Indian_pines,/home/crc00006699/zh/tabiclv2/data200/Indian_pines,multiclass,7315,1463,1829,220,8,0.9879715691634772,0.9879578467409422,0.993097442680776,0.9998888550784032,0.0299785469077627,6.041340827941895,15.274145603179932,ok,,7315,5852,0,1829,,0,1e-05,False,4.386989593505859,full_train_epoch_chunks,"full train set chunked per epoch | validation=dataset_val_split | TTT OOM; used original model parameters for inference: OutOfMemoryError: CUDA out of memory. Tried to allocate 962.00 MiB. GPU 0 has a total capacity of 23.57 GiB of which 116.00 MiB is free. Process 92758 has 23.45 GiB memory in use. Of the allocated memory 21.04 GiB is allocated by PyTorch, and 2.09 GiB is reserved by PyTorch but unallocated. If reserved but unallocated memory is large try setting PYTORCH_CUDA_ALLOC_CONF=expandable_segments:True to avoid fragmentation. See documentation for Memory Management (https://pytorch.org/docs/stable/notes/cuda.html#environment-variables)",0,0,,,,,,,0,False,True,"TTT OOM; used original model parameters for inference: OutOfMemoryError: CUDA out of memory. Tried to allocate 962.00 MiB. GPU 0 has a total capacity of 23.57 GiB of which 116.00 MiB is free. Process 92758 has 23.45 GiB memory in use. Of the allocated memory 21.04 GiB is allocated by PyTorch, and 2.09 GiB is reserved by PyTorch but unallocated. If reserved but unallocated memory is large try setting PYTORCH_CUDA_ALLOC_CONF=expandable_segments:True to avoid fragmentation. See documentation for Memory Management (https://pytorch.org/docs/stable/notes/cuda.html#environment-variables)"
Insurance,/home/crc00006699/zh/tabiclv2/data200/Insurance,binclass,18838,3768,4710,10,2,0.7575371549893843,0.6530303380048618,0.5,0.5015801333904015,0.5557010896849837,17.725049257278442,9.022446870803831,ok,,18838,15070,0,4710,0.5578919649124146,18,1e-05,True,17.527137756347656,full_train_epoch_chunks,full train set chunked per epoch | validation=dataset_val_split,30,2,epoch_chunk,roc_auc,0.5007089184357953,0.5059452783306305,0.7579617834394905,0.7579617834394905,1,True,False,
Intersectional-Bias-Assessment,/home/crc00006699/zh/tabiclv2/data200/Intersectional-Bias-Assessment,binclass,8800,1760,2200,19,2,0.9440909090909092,0.9440914289155364,0.9441031083076918,0.9900834827195482,0.1316214789758505,9.86100459098816,3.665332555770874,ok,,8800,7040,0,2200,0.1180253326892852,8,1e-05,True,9.707581520080566,full_train_epoch_chunks,full train set chunked per epoch | validation=dataset_val_split,30,1,epoch_chunk,roc_auc,0.9920902750871756,0.9920902750871756,0.9517045454545454,0.9517045454545454,0,True,False,
Is-this-a-good-customer,/home/crc00006699/zh/tabiclv2/data200/Is-this-a-good-customer,binclass,1378,276,345,13,2,0.8840579710144928,0.829654403567447,0.5,0.7395491803278689,0.3230499658181415,6.077143669128418,0.4873318672180176,ok,,1378,1102,0,345,0.302527591586113,18,1e-05,True,6.035185813903809,full_train_epoch_chunks,full train set chunked per epoch | validation=dataset_val_split,30,1,epoch_chunk,roc_auc,0.7506613756613757,0.7555390211640212,0.9130434782608696,0.9130434782608696,10,True,False,
JapaneseVowels,/home/crc00006699/zh/tabiclv2/data200/JapaneseVowels,multiclass,7968,1594,1993,14,9,0.9994982438534872,0.999498083906782,0.9993540051679586,1.0,0.0009732406068493,7.700292110443115,2.983781576156616,ok,,7968,6374,0,1993,0.0103025222197175,8,1e-05,True,7.597459077835083,full_train_epoch_chunks,full train set chunked per epoch | validation=dataset_val_split,30,1,epoch_chunk,roc_auc,0.9999138240003982,0.9999138240003982,0.9968632371392724,0.9968632371392724,0,True,False,
KDD,/home/crc00006699/zh/tabiclv2/data200/KDD,binclass,4025,805,1007,45,2,0.8083416087388282,0.8077010702851227,0.8091430938572612,0.9063656448494892,0.3675077991100463,9.932553052902222,2.3175599575042725,ok,,4025,3220,0,1007,0.3664497882127762,10,1e-05,True,9.7450590133667,full_train_epoch_chunks,full train set chunked per epoch | validation=dataset_val_split,30,1,epoch_chunk,roc_auc,0.9212319028720496,0.9218438979760888,0.7987577639751553,0.8024844720496894,2,True,False,
KDDCup09_upselling,/home/crc00006699/zh/tabiclv2/data200/KDDCup09_upselling,binclass,4102,821,1026,49,2,0.8070175438596491,0.8044307014571331,0.8070175438596492,0.9120052133799954,0.3590256927610249,16.97213077545166,2.481873035430908,ok,,4102,3281,0,1026,0.3760052323341369,16,1e-05,True,16.76361107826233,full_train_epoch_chunks,full train set chunked per epoch | validation=dataset_val_split,30,1,epoch_chunk,roc_auc,0.9113999169188772,0.9128716396653016,0.8148599269183922,0.8172959805115713,8,True,False,
Long,/home/crc00006699/zh/tabiclv2/data200/Long,binclass,3581,717,896,19,2,0.9955357142857144,0.9955409855049664,0.9956950474648614,0.999914146245738,0.0111936189201758,4.718871593475342,1.352247714996338,ok,,3581,2864,0,896,0.01576604321599,8,1e-05,True,4.647988796234131,full_train_epoch_chunks,full train set chunked per epoch | validation=dataset_val_split,30,1,epoch_chunk,roc_auc,0.9999906594433028,0.9999906594433028,0.99581589958159,0.99581589958159,0,True,False,
MIC,/home/crc00006699/zh/tabiclv2/data200/MIC,binclass,1319,264,330,104,2,0.9090909090909092,0.8995772562318263,0.7459413873076113,0.8833719867875466,0.2644560252864975,8.250230073928833,1.484455108642578,ok,,1319,1055,0,330,0.2961936295032501,8,1e-05,True,7.994932889938354,full_train_epoch_chunks,full train set chunked per epoch | validation=dataset_val_split,30,1,epoch_chunk,roc_auc,0.8825877720660615,0.8825877720660615,0.8674242424242424,0.8674242424242424,0,True,False,
MagicTelescope,/home/crc00006699/zh/tabiclv2/data200/MagicTelescope,binclass,15216,3044,3804,9,2,0.8964248159831756,0.894995347749505,0.8744740124891348,0.9494858021256504,0.2556281666470311,47.01607799530029,6.426388740539551,ok,,15216,12172,0,3804,0.3034862726926803,60,1e-05,True,46.88956379890442,full_train_epoch_chunks,full train set chunked per epoch | validation=dataset_val_split,30,2,epoch_chunk,roc_auc,0.9361896239903796,0.9397454288933708,0.8814060446780552,0.885676741130092,22,True,False,
Marketing_Campaign,/home/crc00006699/zh/tabiclv2/data200/Marketing_Campaign,binclass,1792,359,448,27,2,0.8839285714285714,0.8741572521865889,0.7041955576448466,0.9261370313785404,0.2390741623888206,4.063077926635742,0.7987985610961914,ok,,1792,1433,0,448,0.2114144414663314,8,1e-05,True,3.990865468978882,full_train_epoch_chunks,full train set chunked per epoch | validation=dataset_val_split,30,1,epoch_chunk,roc_auc,0.9427487976322604,0.9427487976322604,0.9025069637883008,0.9025069637883008,0,True,False,
Mobile_Price_Classification,/home/crc00006699/zh/tabiclv2/data200/Mobile_Price_Classification,multiclass,1600,320,400,20,4,0.965,0.965028546694125,0.965,0.9990666666666668,0.0693897856811749,3.4909675121307373,0.6675894260406494,ok,,1600,1280,0,400,0.1001017056405544,8,1e-05,True,3.437223434448242,full_train_epoch_chunks,full train set chunked per epoch | validation=dataset_val_split,30,1,epoch_chunk,roc_auc,0.9990885416666668,0.9990885416666668,0.96875,0.96875,0,True,False,
National_Health_and_Nutrition_Health_Survey,/home/crc00006699/zh/tabiclv2/data200/National_Health_and_Nutrition_Health_Survey,binclass,1822,365,456,7,2,0.8333333333333334,0.7812470672147456,0.5238027111127007,0.7765478021388461,0.3778768936798609,3.3486440181732178,0.5103178024291992,ok,,1822,1457,0,456,0.3915826976299286,10,1e-05,True,3.3190903663635254,full_train_epoch_chunks,full train set chunked per epoch | validation=dataset_val_split,30,1,epoch_chunk,roc_auc,0.7972593507806358,0.7976805571155791,0.852054794520548,0.8575342465753425,2,True,False,
Performance-Prediction,/home/crc00006699/zh/tabiclv2/data200/Performance-Prediction,binclass,1072,215,268,19,2,0.75,0.7433845046398448,0.7118223656685195,0.807034845496384,0.523991078118411,4.695271253585815,0.4698262214660644,ok,,1072,857,0,268,0.5740557909011841,12,1e-05,True,4.650689125061035,full_train_epoch_chunks,full train set chunked per epoch | validation=dataset_val_split,30,1,epoch_chunk,roc_auc,0.7225341568407262,0.7242186037806476,0.6976744186046512,0.6930232558139535,4,True,False,
PhishingWebsites,/home/crc00006699/zh/tabiclv2/data200/PhishingWebsites,binclass,8844,1769,2211,30,2,0.9787426503844414,0.978722543559194,0.9775808617516868,0.9987483214244268,0.045046059918613,25.143507957458496,4.449678897857666,ok,,8844,7075,0,2211,0.0541268102824687,18,1e-05,True,24.878719091415405,full_train_epoch_chunks,full train set chunked per epoch | validation=dataset_val_split,30,1,epoch_chunk,roc_auc,0.9981832072930696,0.9983994613073656,0.9762577727529678,0.9773883550028264,10,True,False,
PieChart3,/home/crc00006699/zh/tabiclv2/data200/PieChart3,binclass,861,173,216,37,2,0.8842592592592593,0.8504784688995214,0.5687830687830688,0.8743876151283558,0.2667959622414046,13.585630655288696,1.1875455379486084,ok,,861,688,0,216,0.3125216513872146,30,1e-05,True,13.519260168075562,full_train_epoch_chunks,full train set chunked per epoch | validation=dataset_val_split,30,1,epoch_chunk,roc_auc,0.837719298245614,0.8455513784461153,0.884393063583815,0.8901734104046243,24,False,False,
Pima_Indians_Diabetes_Database,/home/crc00006699/zh/tabiclv2/data200/Pima_Indians_Diabetes_Database,binclass,614,123,154,8,2,0.7337662337662337,0.7256102474747123,0.6842592592592592,0.8592592592592592,0.4634097771288052,4.492730140686035,0.4974398612976074,ok,,614,491,0,154,0.5490938127040863,15,1e-05,True,4.468491315841675,full_train_epoch_chunks,full train set chunked per epoch | validation=dataset_val_split,30,1,epoch_chunk,roc_auc,0.8636627906976744,0.8662790697674418,0.7723577235772358,0.7967479674796748,7,True,False,
PizzaCutter3,/home/crc00006699/zh/tabiclv2/data200/PizzaCutter3,binclass,834,167,209,37,2,0.8899521531100478,0.8463166234064067,0.54,0.8917391304347826,0.2503060765165394,4.728391170501709,1.2591218948364258,ok,,834,667,0,209,0.3074111491441726,10,1e-05,True,4.661706924438477,full_train_epoch_chunks,full train set chunked per epoch | validation=dataset_val_split,30,1,epoch_chunk,roc_auc,0.8187074829931973,0.8193877551020408,0.8922155688622755,0.8922155688622755,2,True,False,
Pumpkin_Seeds,/home/crc00006699/zh/tabiclv2/data200/Pumpkin_Seeds,binclass,2000,400,500,12,2,0.882,0.8818763921833047,0.8810897435897436,0.9480288461538462,0.292501298130593,3.160499811172486,0.6715834140777588,ok,,2000,1600,0,500,0.2505280524492264,8,1e-05,True,3.118884801864624,full_train_epoch_chunks,full train set chunked per epoch | validation=dataset_val_split,30,1,epoch_chunk,roc_auc,0.9458258213141024,0.9458258213141024,0.875,0.875,0,True,False,
QSAR_biodegradation,/home/crc00006699/zh/tabiclv2/data200/QSAR_biodegradation,binclass,843,169,211,41,2,0.8909952606635071,0.8890044360150116,0.8623239436619718,0.950804828973843,0.2724100919148065,8.826286315917969,1.2286837100982666,ok,,843,674,0,211,0.2066660523414611,16,1e-05,True,8.714498043060303,full_train_epoch_chunks,full train set chunked per epoch | validation=dataset_val_split,30,1,epoch_chunk,roc_auc,0.9177631578947368,0.9193295739348372,0.863905325443787,0.863905325443787,8,True,False,
Rain_in_Australia,/home/crc00006699/zh/tabiclv2/data200/Rain_in_Australia,multiclass,116368,23274,29092,18,3,0.8597896328887666,0.8520176255637403,0.7009706539720303,0.9225203064301748,0.3457632515202417,422.8551328182221,260.1166076660156,ok,,116368,93094,0,29092,0.3993299007415771,220,1e-05,True,421.169308423996,full_train_epoch_chunks,full train set chunked per epoch | validation=dataset_val_split,30,10,epoch_chunk,roc_auc,0.9096758290154132,0.9175950885071066,0.8526252470568015,0.8533986422617513,14,True,False,
SDSS17,/home/crc00006699/zh/tabiclv2/data200/SDSS17,multiclass,80000,16000,20000,12,3,0.97765,0.9775357364332884,0.9725435011231732,0.9971593504693648,0.0686239318971587,194.12339282035828,107.87735533714294,ok,,80000,64000,0,20000,0.1048244088888168,133,1e-05,True,193.34311509132385,full_train_epoch_chunks,full train set chunked per epoch | validation=dataset_val_split,30,7,epoch_chunk,roc_auc,0.996115680034087,0.9964738821352402,0.9756875,0.9763125,11,True,False,
Shipping,/home/crc00006699/zh/tabiclv2/data200/Shipping,binclass,8799,1760,2200,9,2,0.69,0.6806534485986308,0.7316879626271892,0.73566330339811,0.4991204883253063,8.082923889160156,3.068805932998657,ok,,8799,7039,0,2200,0.5005282759666443,8,1e-05,True,7.993094205856323,full_train_epoch_chunks,full train set chunked per epoch | validation=dataset_val_split,30,1,epoch_chunk,roc_auc,0.7490122742121116,0.7490122742121116,0.675,0.675,0,True,False,
Telecom_Churn_Dataset,/home/crc00006699/zh/tabiclv2/data200/Telecom_Churn_Dataset,binclass,2666,534,667,17,2,0.95952023988006,0.9586941339858616,0.8993217580032555,0.931398082835956,0.1309806601307054,8.47680926322937,0.99106764793396,ok,,2666,2132,0,667,0.171437107026577,18,1e-05,True,8.416977405548096,full_train_epoch_chunks,full train set chunked per epoch | validation=dataset_val_split,30,1,epoch_chunk,roc_auc,0.9018869533092728,0.9190229901389638,0.9550561797752808,0.9588014981273408,10,True,False,
UJI_Pen_Characters,/home/crc00006699/zh/tabiclv2/data200/UJI_Pen_Characters,multiclass,1091,219,273,80,35,0.5384615384615384,0.5267602845208057,0.5493589743589743,0.9655602451002824,1.3751577156336197,0.923736810684204,3.510108232498169,ok,,1091,872,0,273,,0,1e-05,False,0.4722225666046142,full_train_epoch_chunks,full train set chunked per epoch | validation=dataset_val_split | TTT training skipped because n_classes=35 exceeds model max_classes=10,0,0,epoch_chunk,,,,,,0,False,False,
VulNoneVul,/home/crc00006699/zh/tabiclv2/data200/VulNoneVul,binclass,4553,911,1139,16,2,0.9894644424934153,0.9842245601854184,0.5,0.8356625258799172,0.0497760234008272,10.00941562652588,1.6279444694519043,ok,,4553,3642,0,1139,0.0395371951162815,16,1e-05,True,9.934662818908691,full_train_epoch_chunks,full train set chunked per epoch | validation=dataset_val_split,30,1,epoch_chunk,roc_auc,0.8350166481687015,0.8406215316315205,0.9890230515916576,0.9890230515916576,8,True,False,
Water_Quality_and_Potability,/home/crc00006699/zh/tabiclv2/data200/Water_Quality_and_Potability,binclass,2620,524,656,8,2,0.6570121951219512,0.5961836671620173,0.57671875,0.669423828125,0.6237619892167472,3.943485736846924,0.7809264659881592,ok,,2620,2096,0,656,0.6486940979957581,10,1e-05,True,3.909574031829834,full_train_epoch_chunks,full train set chunked per epoch | validation=dataset_val_split,30,1,epoch_chunk,roc_auc,0.6301700367647058,0.6306066176470588,0.6335877862595419,0.6374045801526718,2,True,False,
Waterstress,/home/crc00006699/zh/tabiclv2/data200/Waterstress,binclass,950,190,238,22,2,0.8067226890756303,0.8066544414375919,0.8079179922234005,0.8916931778013433,0.4144494113021705,3.2341482639312744,0.9601945877075196,ok,,950,760,0,238,0.3495744615793228,8,1e-05,True,3.190003633499145,full_train_epoch_chunks,full train set chunked per epoch | validation=dataset_val_split,30,1,epoch_chunk,roc_auc,0.8876666666666667,0.8876666666666667,0.7947368421052632,0.7947368421052632,0,True,False,
Wilt,/home/crc00006699/zh/tabiclv2/data200/Wilt,binclass,3856,772,965,5,2,0.9927461139896372,0.9926443320683423,0.9508277866711602,0.9919011711180384,0.0308875241030516,3.4033687114715576,0.7199575901031494,ok,,3856,3084,0,965,0.033378966152668,8,1e-05,True,3.368455410003662,full_train_epoch_chunks,full train set chunked per epoch | validation=dataset_val_split,30,1,epoch_chunk,roc_auc,0.9974475326148612,0.9974475326148612,0.9870466321243524,0.9870466321243524,0,True,False,
abalone,/home/crc00006699/zh/tabiclv2/data200/abalone,multiclass,3341,669,836,8,3,0.6399521531100478,0.6434301523934186,0.6377321444696306,0.8330190610722652,0.7394075433806286,3.650593280792236,0.9964277744293212,ok,,3341,2672,0,836,0.7060554623603821,8,1e-05,True,3.606958150863648,full_train_epoch_chunks,full train set chunked per epoch | validation=dataset_val_split,30,1,epoch_chunk,roc_auc,0.8537227791286502,0.8537227791286502,0.6890881913303438,0.6890881913303438,0,True,False,
accelerometer,/home/crc00006699/zh/tabiclv2/data200/accelerometer,multiclass,122403,24481,30601,4,4,0.74634815855691,0.7448138867056583,0.8097549019607844,0.930703935721144,0.52830481465779,289.84556341171265,231.30962109565732,ok,,122403,97922,0,30601,0.5588033497333527,177,1e-05,True,289.4323019981384,full_train_epoch_chunks,full train set chunked per epoch | validation=dataset_val_split,30,10,epoch_chunk,roc_auc,0.9283886763684704,0.9292469193424568,0.7431477472325477,0.744414035374372,10,True,False,
ada,/home/crc00006699/zh/tabiclv2/data200/ada,binclass,3317,664,830,48,2,0.8626506024096385,0.8577022271436191,0.7850852626338063,0.9187593353248692,0.3039243488474311,7.066141605377197,1.9524476528167725,ok,,3317,2653,0,830,0.277515172958374,8,1e-05,True,6.930110216140747,full_train_epoch_chunks,full train set chunked per epoch | validation=dataset_val_split,30,1,epoch_chunk,roc_auc,0.9222080524685734,0.9222080524685734,0.8704819277108434,0.8704819277108434,0,True,False,
ada_agnostic,/home/crc00006699/zh/tabiclv2/data200/ada_agnostic,binclass,3649,730,913,48,2,0.8433734939759037,0.8474476920957056,0.8206098046518797,0.9139171086936976,0.3304649093768297,15.886930465698242,2.1754472255706787,ok,,3649,2919,0,913,0.3618122935295105,19,1e-05,True,15.744712114334106,full_train_epoch_chunks,full train set chunked per epoch | validation=dataset_val_split,30,1,epoch_chunk,roc_auc,0.8587134820718736,0.9041552194346324,0.8095890410958904,0.8547945205479452,11,True,False,
ada_prior,/home/crc00006699/zh/tabiclv2/data200/ada_prior,binclass,3649,730,913,14,2,0.8576122672508215,0.850072466173233,0.7667124747948266,0.9019342161030556,0.3272388874923176,11.014882564544678,1.2213199138641355,ok,,3649,2919,0,913,0.3371802717447281,22,1e-05,True,10.94596266746521,full_train_epoch_chunks,full train set chunked per epoch | validation=dataset_val_split,30,1,epoch_chunk,roc_auc,0.8967988004307178,0.9008644547092152,0.8397260273972603,0.8356164383561644,14,True,False,
adult,/home/crc00006699/zh/tabiclv2/data200/adult,binclass,32561,6513,16281,14,2,0.8752533628155519,0.8699493823142148,0.7911840478444228,0.9297876571275152,0.2735175997529441,111.09708952903748,27.07182788848877,ok,,32561,26048,0,16281,0.2851317822933197,90,1e-05,True,110.69366025924684,full_train_epoch_chunks,full train set chunked per epoch | validation=dataset_val_split,30,3,epoch_chunk,roc_auc,0.917986692907699,0.9286657698974434,0.8661139259941655,0.8765545831414094,29,False,False,
airlines_seed_0_nrows_2000_nclasses_10_ncols_100_stratify_True,/home/crc00006699/zh/tabiclv2/data200/airlines_seed_0_nrows_2000_nclasses_10_ncols_100_stratify_True,binclass,1600,320,400,7,2,0.595,0.5815916808149405,0.5755643283733172,0.6760932280595203,0.6313806314304802,2.9695849418640137,0.4519369602203369,ok,,1600,1280,0,400,0.6504721641540527,8,1e-05,True,2.93590784072876,full_train_epoch_chunks,full train set chunked per epoch | validation=dataset_val_split,30,1,epoch_chunk,roc_auc,0.6905100549168348,0.6905100549168348,0.65625,0.65625,0,True,False,
allbp,/home/crc00006699/zh/tabiclv2/data200/allbp,multiclass,3017,604,755,29,3,0.976158940397351,0.9734757295684447,0.6319482917820868,0.990050422412166,0.0594911881448052,8.74140191078186,1.4193248748779297,ok,,3017,2413,0,755,0.0584385991096496,14,1e-05,True,8.634456396102905,full_train_epoch_chunks,full train set chunked per epoch | validation=dataset_val_split,30,1,epoch_chunk,roc_auc,0.9945471709513888,0.9948461148385084,0.9817880794701986,0.9801324503311258,6,True,False,
allrep,/home/crc00006699/zh/tabiclv2/data200/allrep,multiclass,3017,604,755,29,4,0.9854304635761588,0.9849641051995724,0.7754158512720156,0.99671422716125,0.0368981635794245,10.35597825050354,1.3266518115997314,ok,,3017,2413,0,755,0.0357414130121469,16,1e-05,True,10.248713493347168,full_train_epoch_chunks,full train set chunked per epoch | validation=dataset_val_split,30,1,epoch_chunk,roc_auc,0.9987803748811264,0.999003757469986,0.9900662251655628,0.9900662251655628,8,True,False,
analcatdata_authorship,/home/crc00006699/zh/tabiclv2/data200/analcatdata_authorship,multiclass,672,135,169,69,4,0.9940828402366864,0.9940804879569156,0.9957627118644068,0.9999242768178148,0.0105286731713866,4.926059722900391,0.6563997268676758,ok,,672,537,0,169,0.0001663253715378,8,1e-05,True,4.817910432815552,full_train_epoch_chunks,full train set chunked per epoch | validation=dataset_val_split,30,1,epoch_chunk,roc_auc,1.0,1.0,1.0,1.0,0,True,False,
artificial-characters,/home/crc00006699/zh/tabiclv2/data200/artificial-characters,multiclass,8174,1635,2044,7,10,0.9672211350293544,0.96722503058327,0.9656162001829554,0.9995583097724264,0.0778950110540716,23.78752827644348,2.6267735958099365,ok,,8174,6539,0,2044,0.235179029405117,30,1e-05,True,23.71767950057984,full_train_epoch_chunks,full train set chunked per epoch | validation=dataset_val_split,30,1,epoch_chunk,roc_auc,0.9949625821083856,0.9978524372689483,0.8770642201834863,0.9327217125382264,23,False,False,
autoUniv-au4-2500,/home/crc00006699/zh/tabiclv2/data200/autoUniv-au4-2500,multiclass,2000,400,500,100,3,0.706,0.6770087233729221,0.5109332831230778,0.769929466091127,0.6610360893112845,23.15173363685608,2.038787364959717,ok,,2000,1600,0,500,0.7173499763011932,22,1e-05,True,22.89826202392578,full_train_epoch_chunks,full train set chunked per epoch | validation=dataset_val_split,30,1,epoch_chunk,roc_auc,0.7020048839629335,0.7429144284061997,0.715,0.7275,14,True,False,
autoUniv-au7-1100,/home/crc00006699/zh/tabiclv2/data200/autoUniv-au7-1100,multiclass,880,176,220,12,5,0.4181818181818181,0.3965784377701766,0.4021779100959025,0.7437358636155839,1.3391730783268163,4.171456575393677,0.7443084716796875,ok,,880,704,0,220,1.273797631263733,12,1e-05,True,4.1365954875946045,full_train_epoch_chunks,full train set chunked per epoch | validation=dataset_val_split,30,1,epoch_chunk,roc_auc,0.777562302442065,0.7812320078470429,0.5227272727272727,0.5170454545454546,4,True,False,
bank,/home/crc00006699/zh/tabiclv2/data200/bank,binclass,36168,7234,9043,16,2,0.9082162999004756,0.9049626613821408,0.7455011937553044,0.9433820857396844,0.1845906219261547,52.76195335388184,27.614142179489136,ok,,36168,28934,0,9043,0.1828650161623954,36,1e-05,True,52.2619616985321,full_train_epoch_chunks,full train set chunked per epoch | validation=dataset_val_split,30,3,epoch_chunk,roc_auc,0.9412811921288587,0.9440332864072856,0.9158142106718274,0.9166436273154548,4,True,False,
banknote_authentication,/home/crc00006699/zh/tabiclv2/data200/banknote_authentication,binclass,1097,220,275,4,2,0.5381818181818182,0.4413918493181166,0.4919639987142398,0.526786670952534,0.6867512734265135,2.7764391899108887,0.1616716384887695,ok,,1097,877,0,275,0.6796344816684723,8,1e-05,True,2.7555601596832275,full_train_epoch_chunks,full train set chunked per epoch | validation=dataset_val_split,30,1,epoch_chunk,roc_auc,0.5502258280361325,0.5502258280361325,0.5818181818181818,0.5818181818181818,0,True,False,
baseball,/home/crc00006699/zh/tabiclv2/data200/baseball,multiclass,1072,215,268,16,3,0.9477611940298508,0.9395562619715698,0.6277056277056278,0.9761442443391554,0.132297649958116,4.233884572982788,0.445134162902832,ok,,1072,857,0,268,0.1349411681294441,11,1e-05,True,4.190709352493286,full_train_epoch_chunks,full train set chunked per epoch | validation=dataset_val_split,30,1,epoch_chunk,roc_auc,0.9590231652139134,0.9592966981830487,0.9488372093023256,0.9534883720930232,3,True,False,
car-evaluation,/home/crc00006699/zh/tabiclv2/data200/car-evaluation,multiclass,1382,277,346,21,4,0.9855491329479767,0.985510846572902,0.9699959131777314,0.99971200002883,0.0226770861655106,3.698954820632935,0.5832209587097168,ok,,1382,1105,0,346,0.0235620196908712,8,1e-05,True,3.637258052825928,full_train_epoch_chunks,full train set chunked per epoch | validation=dataset_val_split,30,1,epoch_chunk,roc_auc,1.0,1.0,0.9855595667870036,0.9855595667870036,0,True,False,
churn,/home/crc00006699/zh/tabiclv2/data200/churn,binclass,4000,800,1000,20,2,0.97,0.968920424403183,0.9054731297319164,0.9403190250910262,0.1168235008035046,17.29715657234192,1.5327234268188477,ok,,4000,3200,0,1000,0.109716035425663,28,1e-05,True,17.208442211151123,full_train_epoch_chunks,full train set chunked per epoch | validation=dataset_val_split,30,1,epoch_chunk,roc_auc,0.9262021615076452,0.93165101570249,0.97125,0.9725,20,True,False,
cmc,/home/crc00006699/zh/tabiclv2/data200/cmc,multiclass,1178,236,295,9,3,0.5898305084745763,0.5882034784017324,0.5632156676932797,0.7668166338873194,0.8697848039108113,6.857741117477417,0.4023692607879638,ok,,1178,942,0,295,0.8779995143413544,20,1e-05,True,6.823895454406738,full_train_epoch_chunks,full train set chunked per epoch | validation=dataset_val_split,30,1,epoch_chunk,roc_auc,0.7199163697811981,0.7256881697047975,0.5508474576271186,0.5550847457627118,12,True,False,
company_bankruptcy_prediction,/home/crc00006699/zh/tabiclv2/data200/company_bankruptcy_prediction,binclass,5455,1091,1364,95,2,0.968475073313783,0.9642473162234833,0.6431818181818182,0.9650654269972452,0.0719244138568153,16.047359466552734,5.895466327667236,ok,,5455,4364,0,1364,0.0781659558415412,8,1e-05,True,15.614322662353516,full_train_epoch_chunks,full train set chunked per epoch | validation=dataset_val_split,30,1,epoch_chunk,roc_auc,0.958022186147186,0.958022186147186,0.9670027497708524,0.9670027497708524,0,True,False,
compass,/home/crc00006699/zh/tabiclv2/data200/compass,binclass,13315,2663,3329,17,2,0.878341844397717,0.8783127242793713,0.8783372314622315,0.9446418774543774,0.2921430575917005,54.13209342956543,6.001481771469116,ok,,13315,10652,0,3329,0.596595287322998,60,1e-05,True,53.92351651191712,full_train_epoch_chunks,full train set chunked per epoch | validation=dataset_val_split,30,2,epoch_chunk,roc_auc,0.8838758931734139,0.9363365055513816,0.8043559894855427,0.8599324070597071,28,False,False,
connect-4,/home/crc00006699/zh/tabiclv2/data200/connect-4,multiclass,54045,10809,13512,42,3,0.8684872705743043,0.8568192117272235,0.7046998077082957,0.9504273195356148,0.3210683767145971,287.01420760154724,90.17880582809448,ok,,54045,43236,0,13512,0.5496698915958405,135,1e-05,True,284.95280933380127,full_train_epoch_chunks,full train set chunked per epoch | validation=dataset_val_split,30,5,epoch_chunk,roc_auc,0.9355160931566616,0.9476053519400592,0.8538255157738921,0.8670552317513184,19,True,False,
contraceptive_method_choice,/home/crc00006699/zh/tabiclv2/data200/contraceptive_method_choice,multiclass,1178,236,295,9,3,0.6237288135593221,0.6212679006083576,0.594792145714007,0.7969703668770158,0.8209413896978943,6.282897233963013,0.4013309478759765,ok,,1178,942,0,295,0.8729517757892609,18,1e-05,True,6.250108957290649,full_train_epoch_chunks,full train set chunked per epoch | validation=dataset_val_split,30,1,epoch_chunk,roc_auc,0.733528144749453,0.7374060532576833,0.5423728813559322,0.5254237288135594,10,True,False,
credit,/home/crc00006699/zh/tabiclv2/data200/credit,binclass,13371,2675,3343,10,2,0.7858211187556088,0.7858055557811423,0.7858185941432658,0.86536476453088,0.4611800933771846,13.752273559570312,5.460554599761963,ok,,13371,10696,0,3343,0.5238586962223053,16,1e-05,True,13.62764310836792,full_train_epoch_chunks,full train set chunked per epoch | validation=dataset_val_split,30,2,epoch_chunk,roc_auc,0.856356063426474,0.856356063426474,0.7783177570093458,0.7783177570093458,0,True,False,
credit-g,/home/crc00006699/zh/tabiclv2/data200/credit-g,binclass,800,160,200,20,2,0.79,0.7720394736842104,0.6928571428571428,0.8457142857142858,0.4349263238841159,10.987349510192873,0.8115229606628418,ok,,800,640,0,200,0.490588903427124,29,1e-05,True,10.931609630584717,full_train_epoch_chunks,full train set chunked per epoch | validation=dataset_val_split,30,1,epoch_chunk,roc_auc,0.7829241071428572,0.7924107142857143,0.75,0.74375,21,True,False,
customer_satisfaction_in_airline,/home/crc00006699/zh/tabiclv2/data200/customer_satisfaction_in_airline,binclass,103904,20781,25976,21,2,0.9658530951647676,0.9658991771383584,0.9672023337944772,0.9959910024604178,0.0772717691487649,331.45511865615845,214.74750447273252,ok,,103904,83123,0,25976,0.0977207906544208,171,1e-05,True,329.4716205596924,full_train_epoch_chunks,full train set chunked per epoch | validation=dataset_val_split,30,9,epoch_chunk,roc_auc,0.9950317218849912,0.9954531425881108,0.9622732303546508,0.9641499446609884,11,True,False,
dabetes_130-us_hospitals,/home/crc00006699/zh/tabiclv2/data200/dabetes_130-us_hospitals,binclass,81412,16283,20354,20,2,0.6436572663849858,0.6405734904736511,0.6366656358491276,0.702450412901635,0.6199745941970545,166.494731426239,118.01340770721436,ok,,81412,65129,0,20354,0.6165595948696136,91,1e-05,True,164.9489026069641,full_train_epoch_chunks,full train set chunked per epoch | validation=dataset_val_split,30,7,epoch_chunk,roc_auc,0.7100402054622013,0.7110695687591366,0.6479764171221519,0.6515998280415157,5,True,False,
default_of_credit_card_clients,/home/crc00006699/zh/tabiclv2/data200/default_of_credit_card_clients,binclass,24000,4800,6000,23,2,0.8271666666666667,0.8069975508115931,0.6678139147253757,0.8013387526122504,0.4135244618795424,27.382699251174927,15.640533685684204,ok,,24000,19200,0,6000,0.431205689907074,16,1e-05,True,26.87188458442688,full_train_epoch_chunks,full train set chunked per epoch | validation=dataset_val_split,30,2,epoch_chunk,roc_auc,0.7970798457134394,0.7970798457134394,0.82125,0.82125,0,True,False,
delta_ailerons,/home/crc00006699/zh/tabiclv2/data200/delta_ailerons,binclass,5703,1141,1426,5,2,0.953015427769986,0.953028571020914,0.9531399020206028,0.982362918688158,0.158404493713404,4.828128576278687,1.0545740127563477,ok,,5703,4562,0,1426,0.144280694425106,8,1e-05,True,4.789493799209595,full_train_epoch_chunks,full train set chunked per epoch | validation=dataset_val_split,30,1,epoch_chunk,roc_auc,0.9757755643271248,0.9757755643271248,0.9430324276950044,0.9430324276950044,0,True,False,
dis,/home/crc00006699/zh/tabiclv2/data200/dis,binclass,3017,604,755,29,2,0.9894039735099338,0.9883585937152762,0.7486541049798116,0.9894571556751908,0.0300701255327919,8.9048330783844,1.30407452583313,ok,,3017,2413,0,755,0.0232646036893129,14,1e-05,True,8.79728651046753,full_train_epoch_chunks,full train set chunked per epoch | validation=dataset_val_split,30,1,epoch_chunk,roc_auc,0.9952380952380953,0.9968253968253968,0.98841059602649,0.9917218543046358,6,True,False,
dna,/home/crc00006699/zh/tabiclv2/data200/dna,multiclass,2548,510,638,180,3,0.9717868338557992,0.9719225529564052,0.9714135951918074,0.997980097351232,0.078726645084531,17.621824264526367,5.38383674621582,ok,,2548,2038,0,638,0.1331393346190452,8,1e-05,True,17.008273363113403,full_train_epoch_chunks,full train set chunked per epoch | validation=dataset_val_split,30,1,epoch_chunk,roc_auc,0.9948384527020075,0.9948384527020075,0.9705882352941176,0.9705882352941176,0,True,False,
drug_consumption,/home/crc00006699/zh/tabiclv2/data200/drug_consumption,multiclass,1507,302,377,12,7,0.403183023872679,0.2316968605998004,0.1428571428571428,0.5297343818540019,1.5125163592279736,3.023609638214112,0.519359827041626,ok,,1507,1205,0,377,1.4991430044174194,8,1e-05,True,2.98801326751709,full_train_epoch_chunks,full train set chunked per epoch | validation=dataset_val_split,30,1,epoch_chunk,roc_auc,0.5154807630566068,0.5154807630566068,0.4039735099337748,0.4039735099337748,0,True,False,
dry_bean_dataset,/home/crc00006699/zh/tabiclv2/data200/dry_bean_dataset,multiclass,10888,2178,2723,16,7,0.9287550495776716,0.928732548177597,0.9380410882603464,0.9960278357419874,0.1859349155547139,11.40441393852234,4.579447746276856,ok,,10888,8710,0,2723,0.166860319674015,8,1e-05,True,11.241638660430908,full_train_epoch_chunks,full train set chunked per epoch | validation=dataset_val_split,30,1,epoch_chunk,roc_auc,0.9956862042423494,0.9956862042423494,0.9297520661157024,0.9297520661157024,0,True,False,
eeg-eye-state,/home/crc00006699/zh/tabiclv2/data200/eeg-eye-state,binclass,11984,2397,2996,14,2,0.9939919893190922,0.9939911503547096,0.9937908533523672,0.99990453009216,0.0129394228025185,12.04602336883545,5.02048397064209,ok,,11984,9587,0,2996,0.0279055191203951,8,1e-05,True,11.898240089416504,full_train_epoch_chunks,full train set chunked per epoch | validation=dataset_val_split,30,1,epoch_chunk,roc_auc,0.9997748692130836,0.9997748692130836,0.9933249895702962,0.9933249895702962,0,True,False,
electricity,/home/crc00006699/zh/tabiclv2/data200/electricity,binclass,36249,7250,9063,8,2,0.9382103056383096,0.938169153074983,0.9361246793293774,0.9859147110824964,0.1510224945665453,107.54546189308168,25.4016056060791,ok,,36249,28999,0,9063,0.2587452977895736,90,1e-05,True,107.25172877311708,full_train_epoch_chunks,full train set chunked per epoch | validation=dataset_val_split,30,3,epoch_chunk,roc_auc,0.9749248836732648,0.9827044385136344,0.9142068965517242,0.9299310344827586,27,False,False,
estimation_of_obesity_levels,/home/crc00006699/zh/tabiclv2/data200/estimation_of_obesity_levels,multiclass,1688,338,423,16,7,0.9905437352245864,0.9905622153790828,0.9902298850574712,0.9999460152506916,0.0253623234324732,3.5787570476531982,0.6579225063323975,ok,,1688,1350,0,423,0.0193322636187076,8,1e-05,True,3.52639102935791,full_train_epoch_chunks,full train set chunked per epoch | validation=dataset_val_split,30,1,epoch_chunk,roc_auc,0.9997979239343148,0.9997979239343148,0.9763313609467456,0.9763313609467456,0,True,False,
eucalyptus,/home/crc00006699/zh/tabiclv2/data200/eucalyptus,multiclass,588,118,148,19,5,0.7364864864864865,0.7402095066246009,0.7268924873576037,0.9439421333738076,0.5870156728186371,5.226608037948608,0.639087438583374,ok,,588,470,0,148,0.6229785680770874,13,1e-05,True,5.185569524765015,full_train_epoch_chunks,full train set chunked per epoch | validation=dataset_val_split,30,1,epoch_chunk,roc_auc,0.9323314904203476,0.933294592875801,0.7372881355932204,0.7288135593220338,5,True,False,
eye_movements,/home/crc00006699/zh/tabiclv2/data200/eye_movements,multiclass,8748,1750,2188,27,3,0.9620658135283364,0.9620347322876476,0.9642979431406796,0.997042395553212,0.0975767754597312,40.438671350479126,4.195810079574585,ok,,8748,6998,0,2188,0.1355575770139694,30,1e-05,True,40.201387882232666,full_train_epoch_chunks,full train set chunked per epoch | validation=dataset_val_split,30,1,epoch_chunk,roc_auc,0.9498238999449112,0.997682341689904,0.8137142857142857,0.9685714285714284,27,False,False,
eye_movements_bin,/home/crc00006699/zh/tabiclv2/data200/eye_movements_bin,binclass,6086,1218,1522,20,2,0.6977660972404731,0.6976324358874695,0.6977660972404731,0.7847530999566585,0.5404882996663504,26.54892110824585,2.4410958290100098,ok,,6086,4868,0,1522,0.5986447632312775,30,1e-05,True,26.421284914016724,full_train_epoch_chunks,full train set chunked per epoch | validation=dataset_val_split,30,1,epoch_chunk,roc_auc,0.6888988651346388,0.7585627195785171,0.6305418719211823,0.6699507389162561,29,False,False,
first-order-theorem-proving,/home/crc00006699/zh/tabiclv2/data200/first-order-theorem-proving,multiclass,4894,979,1224,51,6,0.6519607843137255,0.6351171096906006,0.5275570757079674,0.861282690350809,1.012267084720353,33.119656801223755,3.397716522216797,ok,,4894,3915,0,1224,1.0752944946289062,29,1e-05,True,32.89246463775635,full_train_epoch_chunks,full train set chunked per epoch | validation=dataset_val_split,30,1,epoch_chunk,roc_auc,0.8584658103314835,0.859646485579978,0.6312563840653729,0.6281920326864147,21,True,False,
gas-drift,/home/crc00006699/zh/tabiclv2/data200/gas-drift,multiclass,11128,2226,2782,128,6,0.9971243709561468,0.9971239510816552,0.9969872270355647,0.9999633592368268,0.0124406551740761,6.2126994132995605,16.373499155044556,ok,,11128,8902,0,2782,,0,1e-05,False,4.470224142074585,full_train_epoch_chunks,"full train set chunked per epoch | validation=dataset_val_split | TTT OOM; used original model parameters for inference: OutOfMemoryError: CUDA out of memory. Tried to allocate 574.00 MiB. GPU 0 has a total capacity of 23.57 GiB of which 256.00 MiB is free. Process 92758 has 23.27 GiB memory in use. Of the allocated memory 21.54 GiB is allocated by PyTorch, and 1.39 GiB is reserved by PyTorch but unallocated. If reserved but unallocated memory is large try setting PYTORCH_CUDA_ALLOC_CONF=expandable_segments:True to avoid fragmentation. See documentation for Memory Management (https://pytorch.org/docs/stable/notes/cuda.html#environment-variables)",0,0,,,,,,,0,False,True,"TTT OOM; used original model parameters for inference: OutOfMemoryError: CUDA out of memory. Tried to allocate 574.00 MiB. GPU 0 has a total capacity of 23.57 GiB of which 256.00 MiB is free. Process 92758 has 23.27 GiB memory in use. Of the allocated memory 21.54 GiB is allocated by PyTorch, and 1.39 GiB is reserved by PyTorch but unallocated. If reserved but unallocated memory is large try setting PYTORCH_CUDA_ALLOC_CONF=expandable_segments:True to avoid fragmentation. See documentation for Memory Management (https://pytorch.org/docs/stable/notes/cuda.html#environment-variables)"
golf_play_dataset_extended,/home/crc00006699/zh/tabiclv2/data200/golf_play_dataset_extended,binclass,876,176,219,9,2,0.9452054794520548,0.9452054794520548,0.9174415682332244,0.9801457652676552,0.1500640215106181,3.3017120361328125,0.6287844181060791,ok,,876,700,0,219,0.1133565083146095,10,1e-05,True,3.270141124725342,full_train_epoch_chunks,full train set chunked per epoch | validation=dataset_val_split,30,1,epoch_chunk,roc_auc,0.9737507291464128,0.9741396072331324,0.9147727272727272,0.9147727272727272,2,True,False,
helena,/home/crc00006699/zh/tabiclv2/data200/helena,multiclass,52156,10432,13040,27,100,0.4322852760736196,0.4057353673476964,0.2850063594525104,0.9092834394118544,2.344683534634565,2.5910961627960205,100.4868631362915,ok,,52156,41724,0,13040,,0,1e-05,False,1.2033698558807373,full_train_epoch_chunks,full train set chunked per epoch | validation=dataset_val_split | TTT training skipped because n_classes=100 exceeds model max_classes=10,0,0,epoch_chunk,,,,,,0,False,False,
heloc,/home/crc00006699/zh/tabiclv2/data200/heloc,binclass,8000,1600,2000,22,2,0.73,0.7296298632828342,0.73,0.8036875,0.5393546043783107,13.589698553085327,3.4569761753082275,ok,,8000,6400,0,2000,0.5478842854499817,12,1e-05,True,13.43791651725769,full_train_epoch_chunks,full train set chunked per epoch | validation=dataset_val_split,30,1,epoch_chunk,roc_auc,0.79278828125,0.7933749999999999,0.726875,0.7275,4,True,False,
hill-valley,/home/crc00006699/zh/tabiclv2/data200/hill-valley,binclass,969,194,243,100,2,0.9835390946502056,0.9835335169511852,0.9834710743801652,0.9989838775233708,0.0755402430193538,16.120107412338257,1.0844504833221436,ok,,969,775,0,243,0.1497578769922256,23,1e-05,True,15.978689193725586,full_train_epoch_chunks,full train set chunked per epoch | validation=dataset_val_split,30,1,epoch_chunk,roc_auc,0.9805505367201616,0.9964927197364226,0.9072164948453608,0.9484536082474226,15,True,False,
house_16H,/home/crc00006699/zh/tabiclv2/data200/house_16H,binclass,10790,2158,2698,16,2,0.8921423276501111,0.8921398234793486,0.8921423276501113,0.9581500944334024,0.2640853146827647,16.665340662002563,4.4761621952056885,ok,,10790,8632,0,2698,0.248148113489151,12,1e-05,True,16.50644612312317,full_train_epoch_chunks,full train set chunked per epoch | validation=dataset_val_split,30,1,epoch_chunk,roc_auc,0.9528345076320108,0.9534138550351688,0.881371640407785,0.881371640407785,4,True,False,
htru,/home/crc00006699/zh/tabiclv2/data200/htru,binclass,14318,2864,3580,8,2,0.9807262569832402,0.9805781782399,0.9345655956559564,0.9873051855518556,0.0614127685301421,12.359198331832886,5.730205774307251,ok,,14318,11454,0,3580,0.0262876395136117,16,1e-05,True,12.25758409500122,full_train_epoch_chunks,full train set chunked per epoch | validation=dataset_val_split,30,2,epoch_chunk,roc_auc,0.9791777904254508,0.9791777904254508,0.9783519553072626,0.9783519553072626,0,True,False,
ibm-employee-performance,/home/crc00006699/zh/tabiclv2/data200/ibm-employee-performance,binclass,1176,236,294,30,2,1.0,1.0,1.0,1.0,2.3057364057800555e-06,4.197869300842285,0.5863173007965088,ok,,1176,940,0,294,1.7618244783079715e-06,8,1e-05,True,4.127002716064453,full_train_epoch_chunks,full train set chunked per epoch | validation=dataset_val_split,30,1,epoch_chunk,roc_auc,1.0,1.0,1.0,1.0,0,True,False,
in_vehicle_coupon_recommendation,/home/crc00006699/zh/tabiclv2/data200/in_vehicle_coupon_recommendation,binclass,10147,2030,2537,21,2,0.788726842727631,0.7875031324284266,0.780084104395848,0.8644171274042268,0.4530429126903295,40.83839750289917,4.47443151473999,ok,,10147,8117,0,2537,0.5035913288593292,30,1e-05,True,40.58678960800171,full_train_epoch_chunks,full train set chunked per epoch | validation=dataset_val_split,30,1,epoch_chunk,roc_auc,0.8352177852694221,0.8439871639641351,0.7630541871921183,0.7699507389162562,22,True,False,
internet_firewall,/home/crc00006699/zh/tabiclv2/data200/internet_firewall,multiclass,52425,10485,13107,7,4,0.9311055161364156,0.92846482506063,0.776724515761405,0.9895659260296564,0.1216214380483536,59.606234312057495,48.005722761154175,ok,,52425,41940,0,13107,0.3194608837366104,54,1e-05,True,59.35776615142822,full_train_epoch_chunks,full train set chunked per epoch | validation=dataset_val_split,30,5,epoch_chunk,roc_auc,0.9195736323026532,0.9896451511181332,0.7921793037672866,0.934763948497854,3,True,False,
internet_usage,/home/crc00006699/zh/tabiclv2/data200/internet_usage,multiclass,8086,1618,2022,70,46,0.5499505440158259,0.4736042321329964,0.1894273526256094,0.9367467893281256,1.3632963379808478,1.6861259937286377,15.325745105743408,ok,,8086,6468,0,2022,,0,1e-05,False,0.7998714447021484,full_train_epoch_chunks,full train set chunked per epoch | validation=dataset_val_split | TTT training skipped because n_classes=46 exceeds model max_classes=10,0,0,epoch_chunk,,,,,,0,False,False,
jasmine,/home/crc00006699/zh/tabiclv2/data200/jasmine,binclass,2387,478,597,144,2,0.8291457286432161,0.8276566087176425,0.8293023725617831,0.8874043231352833,0.3776650371191695,19.13801670074463,4.471676588058472,ok,,2387,1909,0,597,0.3794631361961365,11,1e-05,True,18.66249632835388,full_train_epoch_chunks,full train set chunked per epoch | validation=dataset_val_split,30,1,epoch_chunk,roc_auc,0.912405245006215,0.9126853521471964,0.8514644351464435,0.8451882845188284,3,True,False,
jm1,/home/crc00006699/zh/tabiclv2/data200/jm1,binclass,8708,1742,2177,21,2,0.8231511254019293,0.787103817038484,0.5933183276611171,0.7634550560277893,0.4215915261229907,36.12078499794006,3.740492582321167,ok,,8708,6966,0,2177,0.390694797039032,30,1e-05,True,35.96173548698425,full_train_epoch_chunks,full train set chunked per epoch | validation=dataset_val_split,30,1,epoch_chunk,roc_auc,0.7647876912679389,0.7756201358015564,0.8231917336394948,0.830654420206659,24,False,False,
jungle_chess_2pcs_raw_endgame_complete,/home/crc00006699/zh/tabiclv2/data200/jungle_chess_2pcs_raw_endgame_complete,multiclass,35855,7171,8964,6,3,0.9718875502008032,0.9718202024448124,0.9586247311440386,0.9982591411141096,0.0883818703653804,99.00213670730592,24.347326517105103,ok,,35855,28684,0,8964,0.1944498121738433,90,1e-05,True,98.821528673172,full_train_epoch_chunks,full train set chunked per epoch | validation=dataset_val_split,30,3,epoch_chunk,roc_auc,0.9859599545807148,0.9972814280095684,0.8931808673825129,0.9608143912982848,30,False,False,
kc1,/home/crc00006699/zh/tabiclv2/data200/kc1,binclass,1687,338,422,21,2,0.8767772511848341,0.860778168475768,0.6692092221503987,0.8589097177332472,0.3029270090481302,6.371963739395142,0.6693260669708252,ok,,1687,1349,0,422,0.2838007360696792,15,1e-05,True,6.316785097122192,full_train_epoch_chunks,full train set chunked per epoch | validation=dataset_val_split,30,1,epoch_chunk,roc_auc,0.8641070467993545,0.8650484131253362,0.878698224852071,0.878698224852071,7,True,False,
kdd_ipums_la_97-small,/home/crc00006699/zh/tabiclv2/data200/kdd_ipums_la_97-small,binclass,4150,830,1038,20,2,0.8853564547206165,0.8848768121682643,0.8853564547206165,0.9490776318769236,0.2593998057345941,13.511775016784668,1.5815417766571045,ok,,4150,3320,0,1038,0.2262095361948013,22,1e-05,True,13.427774906158447,full_train_epoch_chunks,full train set chunked per epoch | validation=dataset_val_split,30,1,epoch_chunk,roc_auc,0.9285324430251124,0.933581071273044,0.8819277108433735,0.8819277108433735,14,True,False,
kr-vs-k,/home/crc00006699/zh/tabiclv2/data200/kr-vs-k,multiclass,22444,4489,5612,6,18,0.9196364932287956,0.9195808375758182,0.9049146291370672,0.997887329309374,0.2340716765726374,0.9347808361053468,25.595686197280884,ok,,22444,17955,0,5612,,0,1e-05,False,0.4553742408752441,full_train_epoch_chunks,full train set chunked per epoch | validation=dataset_val_split | TTT training skipped because n_classes=18 exceeds model max_classes=10,0,0,epoch_chunk,,,,,,0,False,False,
kr-vs-kp,/home/crc00006699/zh/tabiclv2/data200/kr-vs-kp,binclass,2556,512,640,36,2,0.9984375,0.9984376031804651,0.998502994011976,0.9999706469414114,0.0071731444775303,5.780589818954468,1.2977337837219238,ok,,2556,2044,0,640,0.0228410772979259,8,1e-05,True,5.645080327987671,full_train_epoch_chunks,full train set chunked per epoch | validation=dataset_val_split,30,1,epoch_chunk,roc_auc,0.9999006344110678,0.9999006344110678,0.99609375,0.99609375,0,True,False,
kropt,/home/crc00006699/zh/tabiclv2/data200/kropt,multiclass,22444,4489,5612,6,18,0.9164290805416964,0.916335241288993,0.9030691720131352,0.9977791407022818,0.2397020323865644,0.9532315731048584,25.50991106033325,ok,,22444,17955,0,5612,,0,1e-05,False,0.4677891731262207,full_train_epoch_chunks,full train set chunked per epoch | validation=dataset_val_split | TTT training skipped because n_classes=18 exceeds model max_classes=10,0,0,epoch_chunk,,,,,,0,False,False,
law-school-admission-bianry,/home/crc00006699/zh/tabiclv2/data200/law-school-admission-bianry,binclass,16640,3328,4160,11,2,1.0,1.0,1.0,1.0,7.029863807826597e-07,14.70307183265686,7.547019720077515,ok,,16640,13312,0,4160,1.0304760280632763e-06,16,1e-05,True,14.534110069274902,full_train_epoch_chunks,full train set chunked per epoch | validation=dataset_val_split,30,2,epoch_chunk,roc_auc,1.0,1.0,1.0,1.0,0,True,False,
led24,/home/crc00006699/zh/tabiclv2/data200/led24,multiclass,2560,512,640,24,10,0.725,0.7203513826147827,0.7247530195501843,0.9585838692200674,0.7740614280497192,8.790932416915894,1.0700569152832031,ok,,2560,2048,0,640,0.8014719486236572,16,1e-05,True,8.698305368423462,full_train_epoch_chunks,full train set chunked per epoch | validation=dataset_val_split,30,1,epoch_chunk,roc_auc,0.9567171379640248,0.957562065348274,0.71875,0.71875,8,True,False,
led7,/home/crc00006699/zh/tabiclv2/data200/led7,multiclass,2560,512,640,7,10,0.7375,0.7331325740704353,0.7356000607364938,0.9593830934615944,0.7771456203395531,5.17726731300354,1.2429373264312744,ok,,2560,2048,0,640,0.8032405376434326,13,1e-05,True,5.137006998062134,full_train_epoch_chunks,full train set chunked per epoch | validation=dataset_val_split,30,1,epoch_chunk,roc_auc,0.9549059792448724,0.956243549638942,0.73046875,0.728515625,5,True,False,
letter,/home/crc00006699/zh/tabiclv2/data200/letter,multiclass,16000,3200,4000,15,26,0.99,0.9899971395278518,0.989935619656272,0.9999759352083476,0.026340379181361,1.4163494110107422,27.766202211380005,ok,,16000,12800,0,4000,,0,1e-05,False,0.8591389656066895,full_train_epoch_chunks,full train set chunked per epoch | validation=dataset_val_split | TTT training skipped because n_classes=26 exceeds model max_classes=10,0,0,epoch_chunk,,,,,,0,False,False,
madeline,/home/crc00006699/zh/tabiclv2/data200/madeline,binclass,2512,503,628,259,2,0.9235668789808916,0.9235645531228877,0.9235434923726062,0.9768033917559236,0.1907436470134321,13.632484436035156,10.797637939453123,ok,,2512,2009,0,628,,0,1e-05,False,12.374761581420898,full_train_epoch_chunks,"full train set chunked per epoch | validation=dataset_val_split | TTT OOM; used original model parameters for inference: OutOfMemoryError: CUDA out of memory. Tried to allocate 258.00 MiB. GPU 0 has a total capacity of 23.57 GiB of which 212.69 MiB is free. Process 92758 has 14.26 GiB memory in use. Process 61454 has 9.04 GiB memory in use. Of the allocated memory 13.42 GiB is allocated by PyTorch, and 517.87 MiB is reserved by PyTorch but unallocated. If reserved but unallocated memory is large try setting PYTORCH_CUDA_ALLOC_CONF=expandable_segments:True to avoid fragmentation. See documentation for Memory Management (https://pytorch.org/docs/stable/notes/cuda.html#environment-variables)",0,0,,,,,,,0,False,True,"TTT OOM; used original model parameters for inference: OutOfMemoryError: CUDA out of memory. Tried to allocate 258.00 MiB. GPU 0 has a total capacity of 23.57 GiB of which 212.69 MiB is free. Process 92758 has 14.26 GiB memory in use. Process 61454 has 9.04 GiB memory in use. Of the allocated memory 13.42 GiB is allocated by PyTorch, and 517.87 MiB is reserved by PyTorch but unallocated. If reserved but unallocated memory is large try setting PYTORCH_CUDA_ALLOC_CONF=expandable_segments:True to avoid fragmentation. See documentation for Memory Management (https://pytorch.org/docs/stable/notes/cuda.html#environment-variables)"
mammography,/home/crc00006699/zh/tabiclv2/data200/mammography,binclass,8946,1790,2237,6,2,0.9892713455520786,0.9885863407758956,0.8255500792114064,0.9858475620489352,0.0315882624424762,22.107833862304688,3.533624649047852,ok,,8946,7156,0,2237,0.0316439978778362,14,1e-05,True,22.036536931991577,full_train_epoch_chunks,full train set chunked per epoch | validation=dataset_val_split,30,1,epoch_chunk,roc_auc,0.9514002397297592,0.9538384003486976,0.9871508379888267,0.987709497206704,6,True,False,
maternal_health_risk,/home/crc00006699/zh/tabiclv2/data200/maternal_health_risk,multiclass,811,163,203,6,3,0.8719211822660099,0.869008943001581,0.8736351910481264,0.9618808574365088,0.3436947645724657,10.172417640686035,0.9870188236236572,ok,,811,648,0,203,0.4763361513614654,25,1e-05,True,10.150118827819824,full_train_epoch_chunks,full train set chunked per epoch | validation=dataset_val_split,30,1,epoch_chunk,roc_auc,0.9303988387244626,0.9379234968273336,0.8159509202453987,0.8282208588957055,17,True,False,
mfeat-factors,/home/crc00006699/zh/tabiclv2/data200/mfeat-factors,multiclass,1600,320,400,216,10,0.9825,0.9824984372558212,0.9825,0.9997569444444444,0.0771978788605411,18.23594617843628,6.533329963684082,ok,,1600,1280,0,400,0.0269360607489943,8,1e-05,True,17.86161708831787,full_train_epoch_chunks,full train set chunked per epoch | validation=dataset_val_split,30,1,epoch_chunk,roc_auc,0.9991644965277778,0.9991644965277778,0.984375,0.984375,0,True,False,
mfeat-fourier,/home/crc00006699/zh/tabiclv2/data200/mfeat-fourier,multiclass,1600,320,400,76,10,0.92,0.919276344013186,0.92,0.9954444444444444,0.2072788960252304,25.429943561553955,2.6331136226654053,ok,,1600,1280,0,400,0.2362410053610801,23,1e-05,True,25.280571222305294,full_train_epoch_chunks,full train set chunked per epoch | validation=dataset_val_split,30,1,epoch_chunk,roc_auc,0.9923068576388888,0.9930121527777775,0.90625,0.915625,15,True,False,
mfeat-karhunen,/home/crc00006699/zh/tabiclv2/data200/mfeat-karhunen,multiclass,1600,320,400,64,10,0.975,0.975015727207024,0.975,0.9996944444444444,0.0922160719942056,10.1978759765625,2.603529930114746,ok,,1600,1280,0,400,0.0362113490700721,8,1e-05,True,10.072185277938845,full_train_epoch_chunks,full train set chunked per epoch | validation=dataset_val_split,30,1,epoch_chunk,roc_auc,0.9990451388888888,0.9990451388888888,0.978125,0.978125,0,True,False,
mfeat-morphological,/home/crc00006699/zh/tabiclv2/data200/mfeat-morphological,multiclass,1600,320,400,6,10,0.77,0.75953715966489,0.77,0.9754097222222222,0.4927432216920644,14.75428342819214,1.0353765487670898,ok,,1600,1280,0,400,0.54056116938591,29,1e-05,True,14.727360486984251,full_train_epoch_chunks,full train set chunked per epoch | validation=dataset_val_split,30,1,epoch_chunk,roc_auc,0.969574652777778,0.9706380208333334,0.74375,0.740625,21,True,False,
mfeat-pixel,/home/crc00006699/zh/tabiclv2/data200/mfeat-pixel,multiclass,1600,320,400,240,10,0.975,0.97494801061037,0.975,0.9995833333333334,0.1137641883438717,33.45761251449585,7.540723323822021,ok,,1600,1280,0,400,0.0219908533617854,12,1e-05,True,32.79801797866821,full_train_epoch_chunks,full train set chunked per epoch | validation=dataset_val_split,30,1,epoch_chunk,roc_auc,0.998589409722222,0.9986979166666666,0.98125,0.9875,4,True,False,
mfeat-zernike,/home/crc00006699/zh/tabiclv2/data200/mfeat-zernike,multiclass,1600,320,400,47,10,0.9075,0.906424450587201,0.9075,0.9943888888888888,0.2154838996829438,18.940659284591675,1.9673619270324707,ok,,1600,1280,0,400,0.1982161328196525,22,1e-05,True,18.83733606338501,full_train_epoch_chunks,full train set chunked per epoch | validation=dataset_val_split,30,1,epoch_chunk,roc_auc,0.9861111111111112,0.9921657986111112,0.865625,0.90625,14,True,False,
mice_protein_expression,/home/crc00006699/zh/tabiclv2/data200/mice_protein_expression,multiclass,864,173,216,75,8,1.0,1.0,1.0,1.0,1.6068522330736386e-06,7.872711420059204,1.6154861450195312,ok,,864,691,0,216,2.420121290924726e-05,8,1e-05,True,7.757815599441528,full_train_epoch_chunks,full train set chunked per epoch | validation=dataset_val_split,30,1,epoch_chunk,roc_auc,1.0,1.0,1.0,1.0,0,True,False,
microaggregation2,/home/crc00006699/zh/tabiclv2/data200/microaggregation2,multiclass,16000,3200,4000,20,5,0.64275,0.6031372433652493,0.4429727435734171,0.8363144182659896,0.855097589738449,39.6153883934021,17.90195369720459,ok,,16000,12800,0,4000,0.9403468668460846,22,1e-05,True,39.33060240745544,full_train_epoch_chunks,full train set chunked per epoch | validation=dataset_val_split,30,2,epoch_chunk,roc_auc,0.8281007440151779,0.8288784261079559,0.650625,0.64875,3,True,False,
mobile_c36_oversampling,/home/crc00006699/zh/tabiclv2/data200/mobile_c36_oversampling,binclass,41408,8282,10352,6,2,0.9943006182380216,0.99429519381727,0.9930950261844004,0.9993381139345324,0.0238069501083895,60.25847244262695,43.10427975654602,ok,,41408,33126,0,10352,0.0845841728150844,32,1e-05,True,60.071335792541504,full_train_epoch_chunks,full train set chunked per epoch | validation=dataset_val_split,30,4,epoch_chunk,roc_auc,0.999565174478706,0.999565174478706,0.9942042984786283,0.9942042984786283,0,True,False,
mozilla4,/home/crc00006699/zh/tabiclv2/data200/mozilla4,binclass,12436,2488,3109,4,2,0.9459633322611772,0.945466660146142,0.9302911416025212,0.978270103717262,0.15872121409674,20.237380027771,3.8505172729492183,ok,,12436,9948,0,3109,0.1500304639339447,11,1e-05,True,20.173226833343502,full_train_epoch_chunks,full train set chunked per epoch | validation=dataset_val_split,30,1,epoch_chunk,roc_auc,0.976009132680978,0.9762471918177976,0.942524115755627,0.9421221864951768,3,True,False,
naticusdroid+android+permissions+dataset,/home/crc00006699/zh/tabiclv2/data200/naticusdroid+android+permissions+dataset,binclass,23465,4693,5867,86,2,0.9730697119481848,0.9730692362659236,0.9730816651908456,0.9955494702151444,0.0771021161548306,9.038962364196776,64.01667857170105,ok,,23465,18772,0,5867,,0,1e-05,False,6.879863739013672,full_train_epoch_chunks,"full train set chunked per epoch | validation=dataset_val_split | TTT OOM; used original model parameters for inference: OutOfMemoryError: CUDA out of memory. Tried to allocate 660.00 MiB. GPU 0 has a total capacity of 23.57 GiB of which 112.69 MiB is free. Process 92758 has 16.43 GiB memory in use. Process 61454 has 6.97 GiB memory in use. Of the allocated memory 14.33 GiB is allocated by PyTorch, and 1.76 GiB is reserved by PyTorch but unallocated. If reserved but unallocated memory is large try setting PYTORCH_CUDA_ALLOC_CONF=expandable_segments:True to avoid fragmentation. See documentation for Memory Management (https://pytorch.org/docs/stable/notes/cuda.html#environment-variables)",0,0,,,,,,,0,False,True,"TTT OOM; used original model parameters for inference: OutOfMemoryError: CUDA out of memory. Tried to allocate 660.00 MiB. GPU 0 has a total capacity of 23.57 GiB of which 112.69 MiB is free. Process 92758 has 16.43 GiB memory in use. Process 61454 has 6.97 GiB memory in use. Of the allocated memory 14.33 GiB is allocated by PyTorch, and 1.76 GiB is reserved by PyTorch but unallocated. If reserved but unallocated memory is large try setting PYTORCH_CUDA_ALLOC_CONF=expandable_segments:True to avoid fragmentation. See documentation for Memory Management (https://pytorch.org/docs/stable/notes/cuda.html#environment-variables)"
national-longitudinal-survey-binary,/home/crc00006699/zh/tabiclv2/data200/national-longitudinal-survey-binary,binclass,3926,786,982,16,2,1.0,1.0,1.0,1.0,0.000238956362367,7.961258888244629,2.2843127250671387,ok,,3926,3140,0,982,7.321975090235355e-06,8,1e-05,True,7.87978982925415,full_train_epoch_chunks,full train set chunked per epoch | validation=dataset_val_split,30,1,epoch_chunk,roc_auc,1.0,1.0,1.0,1.0,0,True,False,
okcupid_stem,/home/crc00006699/zh/tabiclv2/data200/okcupid_stem,multiclass,21341,4269,5336,13,3,0.751311844077961,0.7002265655534257,0.5024734170841408,0.8102864814962955,0.58776449866075,117.00783491134644,21.60640549659729,ok,,21341,17072,0,5336,0.6122622787952423,60,1e-05,True,116.71175026893616,full_train_epoch_chunks,full train set chunked per epoch | validation=dataset_val_split,30,2,epoch_chunk,roc_auc,0.8083370719552944,0.8104262599737243,0.7505270555165144,0.7531037713750293,26,False,False,
one-hundred-plants-margin,/home/crc00006699/zh/tabiclv2/data200/one-hundred-plants-margin,multiclass,1280,256,320,64,100,0.903125,0.9008283730158728,0.9041666666666668,0.9990319982962638,0.3318891650733621,1.5865726470947266,23.455981016159058,ok,,1280,1024,0,320,,0,1e-05,False,1.126310110092163,full_train_epoch_chunks,full train set chunked per epoch | validation=dataset_val_split | TTT training skipped because n_classes=100 exceeds model max_classes=10,0,0,epoch_chunk,,,,,,0,False,False,
one-hundred-plants-shape,/home/crc00006699/zh/tabiclv2/data200/one-hundred-plants-shape,multiclass,1280,256,320,64,100,0.840625,0.8301463293650793,0.8383333333333333,0.9961034520624524,0.5680515309917483,2.443460464477539,23.740333795547485,ok,,1280,1024,0,320,,0,1e-05,False,1.2906601428985596,full_train_epoch_chunks,full train set chunked per epoch | validation=dataset_val_split | TTT training skipped because n_classes=100 exceeds model max_classes=10,0,0,epoch_chunk,,,,,,0,False,False,
one-hundred-plants-texture,/home/crc00006699/zh/tabiclv2/data200/one-hundred-plants-texture,multiclass,1279,256,320,64,100,0.928125,0.9280704365079364,0.93,0.9995710794100812,0.2260649364695971,2.188191175460815,20.16838312149048,ok,,1279,1023,0,320,,0,1e-05,False,1.0947332382202148,full_train_epoch_chunks,full train set chunked per epoch | validation=dataset_val_split | TTT training skipped because n_classes=100 exceeds model max_classes=10,0,0,epoch_chunk,,,,,,0,False,False,
online_shoppers,/home/crc00006699/zh/tabiclv2/data200/online_shoppers,binclass,9864,1973,2466,14,2,0.9059205190592052,0.9006335122010617,0.7722324667624685,0.9299198078604376,0.2269217538690363,15.888704299926758,7.531774282455444,ok,,9864,7891,0,2466,0.2159972265362739,8,1e-05,True,15.735109567642212,full_train_epoch_chunks,full train set chunked per epoch | validation=dataset_val_split,30,1,epoch_chunk,roc_auc,0.934600188701498,0.934600188701498,0.8976178408514952,0.8976178408514952,0,True,False,
optdigits,/home/crc00006699/zh/tabiclv2/data200/optdigits,multiclass,4496,900,1124,64,10,0.9973309608540926,0.997330908588654,0.9973370927318296,0.9999911977553776,0.0090998555124409,16.625683784484863,6.407520294189453,ok,,4496,3596,0,1124,0.0164772705174982,8,1e-05,True,16.372089624404907,full_train_epoch_chunks,full train set chunked per epoch | validation=dataset_val_split,30,1,epoch_chunk,roc_auc,0.9999371617988771,0.9999371617988771,0.9933333333333332,0.9933333333333332,0,True,False,
ozone-level-8hr,/home/crc00006699/zh/tabiclv2/data200/ozone-level-8hr,binclass,2027,406,507,72,2,0.9546351084812624,0.9468295802699368,0.684342105263158,0.9489473684210528,0.1218860956080699,8.357883930206299,2.0912177562713623,ok,,2027,1621,0,507,0.1372366920113563,8,1e-05,True,8.198112487792969,full_train_epoch_chunks,full train set chunked per epoch | validation=dataset_val_split,30,1,epoch_chunk,roc_auc,0.9633097165991904,0.9633097165991904,0.9408866995073892,0.9408866995073892,0,True,False,
ozone_level,/home/crc00006699/zh/tabiclv2/data200/ozone_level,binclass,2028,406,508,36,2,0.9783464566929134,0.9715321032632116,0.4979959919839679,0.8227566243598308,0.0868248614322919,11.1508367061615,1.388152837753296,ok,,2028,1622,0,508,0.0967250205576419,15,1e-05,True,11.005693197250366,full_train_epoch_chunks,full train set chunked per epoch | validation=dataset_val_split,30,1,epoch_chunk,roc_auc,0.9332179300291544,0.9335823615160348,0.9679802955665024,0.9655172413793104,7,True,False,
page-blocks,/home/crc00006699/zh/tabiclv2/data200/page-blocks,multiclass,4378,876,1095,10,5,0.9771689497716894,0.9769424468656428,0.8995303112955375,0.992000191581724,0.0853280618964087,9.728132486343384,1.9288949966430664,ok,,4378,3502,0,1095,0.0780748836696147,13,1e-05,True,9.674685955047607,full_train_epoch_chunks,full train set chunked per epoch | validation=dataset_val_split,30,1,epoch_chunk,roc_auc,0.9926983338403298,0.9928023085837708,0.9714611872146118,0.9726027397260274,5,True,False,
pc1,/home/crc00006699/zh/tabiclv2/data200/pc1,binclass,887,178,222,21,2,0.945945945945946,0.9395752895752896,0.6927536231884058,0.8954911433172302,0.1548474173761483,12.465711116790771,0.8990964889526367,ok,,887,709,0,222,0.1372378692030906,28,1e-05,True,12.420286655426024,full_train_epoch_chunks,full train set chunked per epoch | validation=dataset_val_split,30,1,epoch_chunk,roc_auc,0.8990963855421688,0.9196787148594378,0.9325842696629212,0.9606741573033708,20,True,False,
pc3,/home/crc00006699/zh/tabiclv2/data200/pc3,binclass,1250,250,313,37,2,0.9009584664536742,0.8713234468060816,0.5571619217081851,0.8390791814946619,0.2603742499232982,7.1597394943237305,1.2215092182159424,ok,,1250,1000,0,313,0.2219889312982559,8,1e-05,True,7.086247444152832,full_train_epoch_chunks,full train set chunked per epoch | validation=dataset_val_split,30,1,epoch_chunk,roc_auc,0.8277815934065935,0.8277815934065935,0.884,0.884,0,True,False,
pc4,/home/crc00006699/zh/tabiclv2/data200/pc4,binclass,1166,234,292,37,2,0.910958904109589,0.9074272635916472,0.7582465277777778,0.9619140625,0.1963583379741894,10.456374883651732,1.456920862197876,ok,,1166,932,0,292,0.1421625837683677,13,1e-05,True,10.38259983062744,full_train_epoch_chunks,full train set chunked per epoch | validation=dataset_val_split,30,1,epoch_chunk,roc_auc,0.9559639389736476,0.957004160887656,0.9188034188034188,0.9145299145299144,5,True,False,
pendigits,/home/crc00006699/zh/tabiclv2/data200/pendigits,multiclass,8793,1759,2199,16,10,0.9972714870395636,0.9972742335430836,0.9972309029574288,0.9998058625154858,0.0120298719253893,14.528105974197388,7.311832427978516,ok,,8793,7034,0,2199,0.0037925551878288,8,1e-05,True,14.398164987564089,full_train_epoch_chunks,full train set chunked per epoch | validation=dataset_val_split,30,1,epoch_chunk,roc_auc,0.9995015132224216,0.9995015132224216,0.9982944855031268,0.9982944855031268,0,True,False,
philippine,/home/crc00006699/zh/tabiclv2/data200/philippine,binclass,4665,933,1167,308,2,0.8646101113967438,0.864534914685274,0.8646305716769661,0.943422660306868,0.3069941155425356,7.353248596191406,30.85667634010315,ok,,4665,3732,0,1167,,0,1e-05,False,5.54780125617981,full_train_epoch_chunks,"full train set chunked per epoch | validation=dataset_val_split | TTT OOM; used original model parameters for inference: OutOfMemoryError: CUDA out of memory. Tried to allocate 286.00 MiB. GPU 0 has a total capacity of 23.57 GiB of which 108.69 MiB is free. Process 92758 has 10.85 GiB memory in use. Process 61454 has 12.56 GiB memory in use. Of the allocated memory 10.15 GiB is allocated by PyTorch, and 375.26 MiB is reserved by PyTorch but unallocated. If reserved but unallocated memory is large try setting PYTORCH_CUDA_ALLOC_CONF=expandable_segments:True to avoid fragmentation. See documentation for Memory Management (https://pytorch.org/docs/stable/notes/cuda.html#environment-variables)",0,0,,,,,,,0,False,True,"TTT OOM; used original model parameters for inference: OutOfMemoryError: CUDA out of memory. Tried to allocate 286.00 MiB. GPU 0 has a total capacity of 23.57 GiB of which 108.69 MiB is free. Process 92758 has 10.85 GiB memory in use. Process 61454 has 12.56 GiB memory in use. Of the allocated memory 10.15 GiB is allocated by PyTorch, and 375.26 MiB is reserved by PyTorch but unallocated. If reserved but unallocated memory is large try setting PYTORCH_CUDA_ALLOC_CONF=expandable_segments:True to avoid fragmentation. See documentation for Memory Management (https://pytorch.org/docs/stable/notes/cuda.html#environment-variables)"
phoneme,/home/crc00006699/zh/tabiclv2/data200/phoneme,binclass,4323,865,1081,5,2,0.906567992599445,0.9062594794693244,0.884067336119048,0.9674550349315408,0.2157678269298828,17.74854874610901,1.6179933547973633,ok,,4323,3458,0,1081,0.1776327937841415,30,1e-05,True,17.709442138671875,full_train_epoch_chunks,full train set chunked per epoch | validation=dataset_val_split,30,1,epoch_chunk,roc_auc,0.9723893964972872,0.97461242058327,0.9248554913294798,0.9202312138728324,24,False,False,
pol,/home/crc00006699/zh/tabiclv2/data200/pol,binclass,8065,1613,2017,26,2,0.9940505701536936,0.9940505672289106,0.9940510602985826,0.9997551795743074,0.0208046739215171,14.075500011444092,5.510536193847656,ok,,8065,6452,0,2017,0.0256116427481174,8,1e-05,True,13.88577651977539,full_train_epoch_chunks,full train set chunked per epoch | validation=dataset_val_split,30,1,epoch_chunk,roc_auc,0.9995556867483956,0.9995556867483956,0.9882207067575944,0.9882207067575944,0,True,False,
predict_students_dropout_and_academic_success,/home/crc00006699/zh/tabiclv2/data200/predict_students_dropout_and_academic_success,multiclass,3539,708,885,34,3,0.7819209039548023,0.7772434965465757,0.7106497375212887,0.893783633041517,0.5513107018185462,17.807310342788696,3.984914779663086,ok,,3539,2831,0,885,0.5349611043930054,13,1e-05,True,17.650367498397827,full_train_epoch_chunks,full train set chunked per epoch | validation=dataset_val_split,30,1,epoch_chunk,roc_auc,0.9138459947167756,0.915192256607266,0.8036723163841808,0.8036723163841808,5,True,False,
rice_cammeo_and_osmancik,/home/crc00006699/zh/tabiclv2/data200/rice_cammeo_and_osmancik,binclass,3048,610,762,7,2,0.931758530183727,0.9314798849732624,0.9268236055608712,0.9782708110542016,0.1859713640997366,7.266612529754639,1.822835922241211,ok,,3048,2438,0,762,0.2133079618215561,8,1e-05,True,7.232096910476685,full_train_epoch_chunks,full train set chunked per epoch | validation=dataset_val_split,30,1,epoch_chunk,roc_auc,0.9785264960642888,0.9785264960642888,0.9295081967213116,0.9295081967213116,0,True,False,
ringnorm,/home/crc00006699/zh/tabiclv2/data200/ringnorm,binclass,5920,1184,1480,20,2,0.9783783783783784,0.9783745075281124,0.9782869540919475,0.9971381661251646,0.060785799035195,20.102962970733643,5.231292486190796,ok,,5920,4736,0,1480,0.0616822149604558,13,1e-05,True,19.993136644363403,full_train_epoch_chunks,full train set chunked per epoch | validation=dataset_val_split,30,1,epoch_chunk,roc_auc,0.9970821395550584,0.9972148344310384,0.981418918918919,0.9805743243243245,5,True,False,
rl,/home/crc00006699/zh/tabiclv2/data200/rl,binclass,3976,796,994,12,2,0.9074446680080482,0.9074386723510384,0.9074446680080483,0.9580602326231028,0.2571269119320352,13.221611499786375,1.9907939434051516,ok,,3976,3180,0,994,0.3105941116809845,14,1e-05,True,13.15701150894165,full_train_epoch_chunks,full train set chunked per epoch | validation=dataset_val_split,30,1,epoch_chunk,roc_auc,0.9396416757152598,0.9425361733289565,0.8831658291457286,0.885678391959799,6,True,False,
satimage,/home/crc00006699/zh/tabiclv2/data200/satimage,multiclass,5144,1029,1286,36,6,0.9471228615863142,0.9463554933425546,0.9336100449732404,0.997056534950562,0.1267785499743325,39.07426476478577,6.334763050079346,ok,,5144,4115,0,1286,0.1431141570210456,27,1e-05,True,38.908679485321045,full_train_epoch_chunks,full train set chunked per epoch | validation=dataset_val_split,30,1,epoch_chunk,roc_auc,0.9945580770045072,0.9960038957708792,0.93488824101069,0.9387755102040816,19,True,False,
segment,/home/crc00006699/zh/tabiclv2/data200/segment,multiclass,1848,370,462,17,7,0.9545454545454546,0.9545478826122294,0.9545454545454544,0.9971741221741224,0.1382754734090897,4.34148907661438,1.5970802307128906,ok,,1848,1478,0,462,,0,1e-05,False,3.213578462600708,full_train_epoch_chunks,"full train set chunked per epoch | validation=dataset_val_split | TTT OOM; used original model parameters for inference: OutOfMemoryError: CUDA out of memory. Tried to allocate 2.00 MiB. GPU 0 has a total capacity of 23.57 GiB of which 704.00 KiB is free. Process 92758 has 1.88 GiB memory in use. Process 61454 has 21.57 GiB memory in use. Of the allocated memory 1.53 GiB is allocated by PyTorch, and 13.77 MiB is reserved by PyTorch but unallocated. If reserved but unallocated memory is large try setting PYTORCH_CUDA_ALLOC_CONF=expandable_segments:True to avoid fragmentation. See documentation for Memory Management (https://pytorch.org/docs/stable/notes/cuda.html#environment-variables)",0,0,,,,,,,0,False,True,"TTT OOM; used original model parameters for inference: OutOfMemoryError: CUDA out of memory. Tried to allocate 2.00 MiB. GPU 0 has a total capacity of 23.57 GiB of which 704.00 KiB is free. Process 92758 has 1.88 GiB memory in use. Process 61454 has 21.57 GiB memory in use. Of the allocated memory 1.53 GiB is allocated by PyTorch, and 13.77 MiB is reserved by PyTorch but unallocated. If reserved but unallocated memory is large try setting PYTORCH_CUDA_ALLOC_CONF=expandable_segments:True to avoid fragmentation. See documentation for Memory Management (https://pytorch.org/docs/stable/notes/cuda.html#environment-variables)"
seismic+bumps,/home/crc00006699/zh/tabiclv2/data200/seismic+bumps,binclass,2067,414,517,18,2,0.9342359767891684,0.9024719535783364,0.5,0.721349409328949,0.2308641895713148,8.952888250350952,1.634533405303955,ok,,2067,1653,0,517,0.2051246762275695,10,1e-05,True,8.896838665008545,full_train_epoch_chunks,full train set chunked per epoch | validation=dataset_val_split,30,1,epoch_chunk,roc_auc,0.7966791080486171,0.8150062206909752,0.9347826086956522,0.9347826086956522,2,True,False,
semeion,/home/crc00006699/zh/tabiclv2/data200/semeion,multiclass,1274,255,319,256,10,0.9686520376175548,0.9686948325435536,0.9686491935483872,0.999346065465263,0.1002492720355508,4.516118288040161,7.052878379821777,ok,,1274,1019,0,319,,0,1e-05,False,2.9238014221191406,full_train_epoch_chunks,"full train set chunked per epoch | validation=dataset_val_split | TTT OOM; used original model parameters for inference: OutOfMemoryError: CUDA out of memory. Tried to allocate 130.00 MiB. GPU 0 has a total capacity of 23.57 GiB of which 102.69 MiB is free. Process 92758 has 7.89 GiB memory in use. Process 61454 has 15.47 GiB memory in use. Of the allocated memory 7.17 GiB is allocated by PyTorch, and 386.09 MiB is reserved by PyTorch but unallocated. If reserved but unallocated memory is large try setting PYTORCH_CUDA_ALLOC_CONF=expandable_segments:True to avoid fragmentation. See documentation for Memory Management (https://pytorch.org/docs/stable/notes/cuda.html#environment-variables)",0,0,,,,,,,0,False,True,"TTT OOM; used original model parameters for inference: OutOfMemoryError: CUDA out of memory. Tried to allocate 130.00 MiB. GPU 0 has a total capacity of 23.57 GiB of which 102.69 MiB is free. Process 92758 has 7.89 GiB memory in use. Process 61454 has 15.47 GiB memory in use. Of the allocated memory 7.17 GiB is allocated by PyTorch, and 386.09 MiB is reserved by PyTorch but unallocated. If reserved but unallocated memory is large try setting PYTORCH_CUDA_ALLOC_CONF=expandable_segments:True to avoid fragmentation. See documentation for Memory Management (https://pytorch.org/docs/stable/notes/cuda.html#environment-variables)"
shill-bidding,/home/crc00006699/zh/tabiclv2/data200/shill-bidding,binclass,5056,1012,1265,3,2,0.9090909090909092,0.8837209302325582,0.5911665195645778,0.9007696113830272,0.2110086865778353,8.289043188095093,1.1361052989959717,ok,,5056,4044,0,1265,0.2191756144165992,8,1e-05,True,8.25570011138916,full_train_epoch_chunks,full train set chunked per epoch | validation=dataset_val_split,30,1,epoch_chunk,roc_auc,0.9017772813135716,0.9017772813135716,0.8893280632411067,0.8893280632411067,0,True,False,
shrutime,/home/crc00006699/zh/tabiclv2/data200/shrutime,binclass,8000,1600,2000,10,2,0.8675,0.8553472768638645,0.7181928065283569,0.8812394476989589,0.3077927396236455,32.368645906448364,4.411248922348023,ok,,8000,6400,0,2000,0.3365855515003204,30,1e-05,True,32.2726571559906,full_train_epoch_chunks,full train set chunked per epoch | validation=dataset_val_split,30,1,epoch_chunk,roc_auc,0.8561827566856304,0.8620931537598204,0.8625,0.86875,28,False,False,
shuttle,/home/crc00006699/zh/tabiclv2/data200/shuttle,multiclass,46400,9280,11600,9,7,0.9993103448275862,0.9993053493768193,0.919757534569506,0.999995956043772,0.0010326961247164,59.08155417442322,71.85690188407898,ok,,46400,37120,0,11600,0.0003822194703388,30,1e-05,True,58.72364068031311,full_train_epoch_chunks,full train set chunked per epoch | validation=dataset_val_split,30,4,epoch_chunk,roc_auc,0.9999999744600236,0.9999999744600236,0.9997844827586206,0.9997844827586206,0,True,False,
spambase,/home/crc00006699/zh/tabiclv2/data200/spambase,binclass,3680,736,921,57,2,0.9576547231270358,0.957644474401364,0.955426701027874,0.9920366914501813,0.1129765734570833,19.832438707351685,5.68194317817688,ok,,3680,2944,0,921,0.0946275554597377,12,1e-05,True,19.65391516685486,full_train_epoch_chunks,full train set chunked per epoch | validation=dataset_val_split,30,1,epoch_chunk,roc_auc,0.9926086284212152,0.9928173805473944,0.9660326086956522,0.9646739130434784,4,True,False,
splice,/home/crc00006699/zh/tabiclv2/data200/splice,multiclass,2552,511,638,60,3,0.9608150470219436,0.9607765132232094,0.9538905861102412,0.996896269173741,0.0975799984189744,13.030271291732788,3.916177988052368,ok,,2552,2041,0,638,0.1203101128339767,8,1e-05,True,12.80863094329834,full_train_epoch_chunks,full train set chunked per epoch | validation=dataset_val_split,30,1,epoch_chunk,roc_auc,0.9968012876977632,0.9968012876977632,0.9686888454011742,0.9686888454011742,0,True,False,
sports_articles_for_objectivity_analysis,/home/crc00006699/zh/tabiclv2/data200/sports_articles_for_objectivity_analysis,binclass,800,160,200,59,2,0.845,0.8419021663172606,0.8167943048214863,0.8951569409988136,0.3953348253105754,6.986760139465332,1.815907001495361,ok,,800,640,0,200,0.3505715131759643,10,1e-05,True,6.8799662590026855,full_train_epoch_chunks,full train set chunked per epoch | validation=dataset_val_split,30,1,epoch_chunk,roc_auc,0.8696754563894523,0.869844489519946,0.8375,0.8375,2,True,False,
statlog,/home/crc00006699/zh/tabiclv2/data200/statlog,binclass,800,160,200,20,2,0.735,0.7247807087493221,0.6535714285714286,0.7601190476190477,0.5225732925019476,7.240776538848877,1.5350937843322754,ok,,800,640,0,200,0.4738352596759796,14,1e-05,True,7.186617612838745,full_train_epoch_chunks,full train set chunked per epoch | validation=dataset_val_split,30,1,epoch_chunk,roc_auc,0.8563988095238094,0.8569568452380951,0.775,0.7875,6,True,False,
steel_plates_faults,/home/crc00006699/zh/tabiclv2/data200/steel_plates_faults,multiclass,1552,311,389,27,7,0.8457583547557841,0.846108087623748,0.8906030697697365,0.9825285424939064,0.3622717421222279,10.60417866706848,1.1359140872955322,ok,,1552,1241,0,389,0.4640203416347503,15,1e-05,True,10.53674054145813,full_train_epoch_chunks,full train set chunked per epoch | validation=dataset_val_split,30,1,epoch_chunk,roc_auc,0.9724710155009078,0.9731888312022596,0.8167202572347267,0.8295819935691319,7,True,False,
svmguide3,/home/crc00006699/zh/tabiclv2/data200/svmguide3,binclass,994,199,249,22,2,0.891566265060241,0.8809269532161098,0.7754934210526316,0.930921052631579,0.2699618709490026,7.452361345291138,1.5662333965301514,ok,,994,795,0,249,0.2532034963369369,11,1e-05,True,7.385256767272949,full_train_epoch_chunks,full train set chunked per epoch | validation=dataset_val_split,30,1,epoch_chunk,roc_auc,0.9189115646258504,0.9194557823129252,0.8592964824120602,0.8592964824120602,3,True,False,
sylvine,/home/crc00006699/zh/tabiclv2/data200/sylvine,binclass,4099,820,1025,20,2,0.9785365853658536,0.9785359724756584,0.97854227582846,0.9984847100389864,0.0507619082305759,27.519301414489743,2.730694055557251,ok,,4099,3279,0,1025,0.0563131310045719,29,1e-05,True,27.42772364616394,full_train_epoch_chunks,full train set chunked per epoch | validation=dataset_val_split,30,1,epoch_chunk,roc_auc,0.9984235574063058,0.9989113622843546,0.9817073170731708,0.9804878048780488,21,True,False,
taiwanese_bankruptcy_prediction,/home/crc00006699/zh/tabiclv2/data200/taiwanese_bankruptcy_prediction,binclass,5455,1091,1364,95,2,0.9714076246334312,0.965224534664526,0.6227272727272728,0.9289428374655648,0.0879862608783764,22.254572868347168,10.277372598648071,ok,,5455,4364,0,1364,0.0892992578446865,8,1e-05,True,21.81934237480164,full_train_epoch_chunks,full train set chunked per epoch | validation=dataset_val_split,30,1,epoch_chunk,roc_auc,0.967762445887446,0.967762445887446,0.9670027497708524,0.9670027497708524,0,True,False,
telco-customer-churn,/home/crc00006699/zh/tabiclv2/data200/telco-customer-churn,binclass,5634,1127,1409,18,2,0.8055358410220014,0.7975092184456082,0.7165090805755767,0.8516288201710196,0.4089684917967654,12.879131317138672,4.100344896316528,ok,,5634,4507,0,1409,0.4065567702054977,10,1e-05,True,12.749355554580688,full_train_epoch_chunks,full train set chunked per epoch | validation=dataset_val_split,30,1,epoch_chunk,roc_auc,0.8532123988173137,0.8533133795421131,0.8154392191659272,0.8163265306122449,2,True,False,
texture,/home/crc00006699/zh/tabiclv2/data200/texture,multiclass,4400,880,1100,40,11,1.0,1.0,1.0,1.0,4.257315294932833e-05,1.6839606761932373,10.64954686164856,ok,,4400,3520,0,1100,,0,1e-05,False,0.8839273452758789,full_train_epoch_chunks,full train set chunked per epoch | validation=dataset_val_split | TTT training skipped because n_classes=11 exceeds model max_classes=10,0,0,epoch_chunk,,,,,,0,False,False,
thyroid,/home/crc00006699/zh/tabiclv2/data200/thyroid,multiclass,5760,1152,1440,21,3,0.9958333333333332,0.995835174762004,0.9745432877465886,0.999827209859128,0.0113334622103812,11.12570071220398,3.9631094932556152,ok,,5760,4608,0,1440,0.0074701802805066,8,1e-05,True,11.030855178833008,full_train_epoch_chunks,full train set chunked per epoch | validation=dataset_val_split,30,1,epoch_chunk,roc_auc,0.999288801977983,0.999288801977983,0.9930555555555556,0.9930555555555556,0,True,False,
thyroid-ann,/home/crc00006699/zh/tabiclv2/data200/thyroid-ann,multiclass,3017,604,755,21,3,0.9920529801324504,0.9919737363445972,0.9376413813904388,0.9996798462475232,0.015158054899126,8.272226810455322,2.273871421813965,ok,,3017,2413,0,755,0.0059407064691185,8,1e-05,True,8.203324556350708,full_train_epoch_chunks,full train set chunked per epoch | validation=dataset_val_split,30,1,epoch_chunk,roc_auc,0.999974027323256,0.999974027323256,0.9950331125827816,0.9950331125827816,0,True,False,
thyroid-dis,/home/crc00006699/zh/tabiclv2/data200/thyroid-dis,multiclass,2240,448,560,26,5,0.6946428571428571,0.6731569481904869,0.4063409984510901,0.8824226998531672,0.6967546461529248,10.864242315292358,2.034065723419189,ok,,2240,1792,0,560,0.7344861626625061,12,1e-05,True,10.772266626358032,full_train_epoch_chunks,full train set chunked per epoch | validation=dataset_val_split,30,1,epoch_chunk,roc_auc,0.877936396657559,0.879759958389512,0.7477678571428571,0.7388392857142857,4,True,False,
turiye_student_evaluation,/home/crc00006699/zh/tabiclv2/data200/turiye_student_evaluation,multiclass,4656,932,1164,32,5,0.5214776632302406,0.4977459245296916,0.4161739403255164,0.7706562679254564,1.1804391479409135,40.694817543029785,4.162822246551514,ok,,4656,3724,0,1164,1.2012283205986023,30,1e-05,True,40.5535831451416,full_train_epoch_chunks,full train set chunked per epoch | validation=dataset_val_split,30,1,epoch_chunk,roc_auc,0.7563202519620805,0.7580578895734571,0.5150214592274678,0.5203862660944206,28,False,False,
twonorm,/home/crc00006699/zh/tabiclv2/data200/twonorm,binclass,5920,1184,1480,20,2,0.9777027027027028,0.9777023464142108,0.977709053522742,0.9984422908003848,0.0520247256149873,11.335175514221191,4.406842708587647,ok,,5920,4736,0,1480,0.0473948139697313,8,1e-05,True,11.2297523021698,full_train_epoch_chunks,full train set chunked per epoch | validation=dataset_val_split,30,1,epoch_chunk,roc_auc,0.9975603771000732,0.9975603771000732,0.9738175675675677,0.9738175675675677,0,True,False,
vehicle,/home/crc00006699/zh/tabiclv2/data200/vehicle,multiclass,676,136,170,18,4,0.8764705882352941,0.874646619160595,0.8768939393939393,0.9763525320165944,0.2547341077378171,9.967742919921877,1.267362117767334,ok,,676,540,0,170,0.1464945301413536,20,1e-05,True,9.931267499923706,full_train_epoch_chunks,full train set chunked per epoch | validation=dataset_val_split,30,1,epoch_chunk,roc_auc,0.9843641622183852,0.9882879944187084,0.9044117647058824,0.9044117647058824,12,True,False,
walking-activity,/home/crc00006699/zh/tabiclv2/data200/walking-activity,multiclass,119465,23893,29867,4,22,0.6750929119094653,0.6743677865423084,0.6296679340696095,0.9747951285768078,0.916165406886618,1.9437406063079836,392.7090926170349,ok,,119465,95572,0,29867,,0,1e-05,False,1.1429274082183838,full_train_epoch_chunks,full train set chunked per epoch | validation=dataset_val_split | TTT training skipped because n_classes=22 exceeds model max_classes=10,0,0,epoch_chunk,,,,,,0,False,False,
wall-robot-navigation,/home/crc00006699/zh/tabiclv2/data200/wall-robot-navigation,multiclass,4364,873,1092,24,4,0.9935897435897436,0.9935906981990156,0.9885848278705422,0.9999535857385144,0.0152902003935105,6.402235269546509,1.7933015823364258,ok,,4364,3491,0,1092,0.0231700735166668,8,1e-05,True,6.293767690658569,full_train_epoch_chunks,full train set chunked per epoch | validation=dataset_val_split,30,1,epoch_chunk,roc_auc,0.9998391771979702,0.9998391771979702,0.986254295532646,0.986254295532646,0,True,False,
water_quality,/home/crc00006699/zh/tabiclv2/data200/water_quality,binclass,6396,1280,1600,20,2,0.904375,0.8989872948795345,0.7137703622188812,0.9083293293448442,0.2221998336868404,16.680896282196045,2.3824708461761475,ok,,6396,5116,0,1600,0.2408221215009689,21,1e-05,True,16.59288191795349,full_train_epoch_chunks,full train set chunked per epoch | validation=dataset_val_split,30,1,epoch_chunk,roc_auc,0.8791645526805345,0.8818946147713271,0.89609375,0.89609375,13,True,False,
waveform-5000,/home/crc00006699/zh/tabiclv2/data200/waveform-5000,multiclass,4000,800,1000,40,3,0.865,0.8649918882185322,0.8650911409451961,0.9782348820370056,0.258950101065464,7.434979438781738,2.1263349056243896,ok,,4000,3200,0,1000,0.248115599155426,8,1e-05,True,7.288669109344482,full_train_epoch_chunks,full train set chunked per epoch | validation=dataset_val_split,30,1,epoch_chunk,roc_auc,0.974378057404017,0.974378057404017,0.87625,0.87625,0,True,False,
waveform_database_generator_version_1,/home/crc00006699/zh/tabiclv2/data200/waveform_database_generator_version_1,multiclass,4000,800,1000,21,3,0.871,0.8705334846679682,0.8708938469715716,0.9728375791046724,0.2924337073546543,5.342888355255127,1.586090087890625,ok,,4000,3200,0,1000,0.2594292312860489,8,1e-05,True,5.2576823234558105,full_train_epoch_chunks,full train set chunked per epoch | validation=dataset_val_split,30,1,epoch_chunk,roc_auc,0.9727996603621526,0.9727996603621526,0.85625,0.85625,0,True,False,
website_phishing,/home/crc00006699/zh/tabiclv2/data200/website_phishing,multiclass,1082,217,271,9,3,0.92619926199262,0.9264532281561662,0.9452380952380952,0.979094406202272,0.2383767325556464,3.512178421020508,0.3731083869934082,ok,,1082,865,0,271,0.2177469283342361,10,1e-05,True,3.479369640350342,full_train_epoch_chunks,full train set chunked per epoch | validation=dataset_val_split,30,1,epoch_chunk,roc_auc,0.9901283185476736,0.9903025000863334,0.9170506912442395,0.9170506912442395,2,True,False,
wine,/home/crc00006699/zh/tabiclv2/data200/wine,binclass,2043,409,511,4,2,0.7847358121330724,0.7838069786864709,0.7848651960784314,0.8825903799019608,0.4315776583884607,3.481400728225708,0.2811739444732666,ok,,2043,1634,0,511,0.4708962589502334,11,1e-05,True,3.4583334922790527,full_train_epoch_chunks,full train set chunked per epoch | validation=dataset_val_split,30,1,epoch_chunk,roc_auc,0.902128168340507,0.9023194643711144,0.823960880195599,0.8264058679706602,3,True,False,
wine-quality-red,/home/crc00006699/zh/tabiclv2/data200/wine-quality-red,multiclass,1279,256,320,4,6,0.675,0.6599472383244419,0.3876940359477124,0.8325962989722143,0.806393554746444,6.05339503288269,0.4053847789764404,ok,,1279,1023,0,320,0.8573180139064789,21,1e-05,True,6.029485464096069,full_train_epoch_chunks,full train set chunked per epoch | validation=dataset_val_split,30,1,epoch_chunk,roc_auc,0.8413538410911275,0.8470834648212618,0.6484375,0.65625,13,True,False,
wine-quality-white,/home/crc00006699/zh/tabiclv2/data200/wine-quality-white,multiclass,3918,784,980,11,7,0.686734693877551,0.6774571868843265,0.3925942307569701,0.9117062821981438,0.7455303799966027,6.965798139572144,1.2564265727996826,ok,,3918,3134,0,980,0.8038813173770905,14,1e-05,True,6.909760713577271,full_train_epoch_chunks,full train set chunked per epoch | validation=dataset_val_split,30,1,epoch_chunk,roc_auc,0.9264790563800666,0.9267130986860418,0.6938775510204082,0.6836734693877551,6,True,False,
yeast,/home/crc00006699/zh/tabiclv2/data200/yeast,multiclass,1187,238,297,8,10,0.6363636363636364,0.6295226566676336,0.5827663569804015,0.8859902435086162,0.9740751730238654,3.5673632621765137,0.434114933013916,ok,,1187,949,0,297,1.001594066619873,10,1e-05,True,3.5389609336853027,full_train_epoch_chunks,full train set chunked per epoch | validation=dataset_val_split,30,1,epoch_chunk,roc_auc,0.8524839647483095,0.8530463196708435,0.5630252100840336,0.5630252100840336,2,True,False,
