dataset_name,dataset_dir,task_type,n_train,n_val,n_test,n_features,n_classes,accuracy,f1,balanced_accuracy,roc_auc,log_loss,fit_seconds,predict_seconds,status,error,n_train_a,n_train_b,n_holdout_c,n_test_d,ttt_loss,ttt_wise_ft,ttt_wise_alpha,ttt_wise_applied,ttt_steps,ttt_lr,ttt_applied,ttt_update_seconds,ttt_split_strategy,ttt_split_reason,ttt_epochs,ttt_chunks_per_epoch,ttt_batch_mode,ttt_val_eval_metric,ttt_val_baseline_metric,ttt_val_best_metric,ttt_val_baseline_accuracy,ttt_val_best_accuracy,ttt_best_epoch,ttt_stopped_early,ttt_oom_fallback,ttt_fallback_reason,ttt_c_selection,ttt_c_source,ttt_c_metric,ttt_c_f_distance_mean,ttt_c_f_distance_std,ttt_c_fallback_reason,ttt_c_label_coverage_ok
Amazon_employee_access,/home/crc00006699/zh/tabiclv2/data184/Amazon_employee_access,binclass,26215,5243,6554,7,2,0.9449191333536772,0.9336428000748402,0.606712101951652,0.8362958136156303,0.1689763324123952,32.668545961380005,11.978193759918211,ok,,26215,20972,0,6554,0.2152447253465652,True,0.1,False,33,1e-05,True,32.439000368118286,full_train_epoch_chunks,full train set chunked per epoch | validation=dataset_val_split | c_selection=f_mmd c_source=test c_metric=standardized_l2 | f_mmd_reserved_context=5% source=test | wise_ft_skipped rows=32769>=2000,30,3,epoch_chunk,accuracy,0.9494564180812513,0.9507915315658974,0.9494564180812513,0.9507915315658974,3,True,False,,f_mmd,test,standardized_l2,3.4619756433109408,0.729000827545894,,True
BNG(breast-w),/home/crc00006699/zh/tabiclv2/data184/BNG(breast-w),binclass,31492,6299,7874,9,2,0.9885699771399544,0.9885789252425096,0.9881279889879812,0.9991393286942488,0.0332334586551975,28.366040229797363,19.06529712677002,ok,,31492,25193,0,7874,0.0432410929352045,True,0.1,False,27,1e-05,True,28.113142490386963,full_train_epoch_chunks,full train set chunked per epoch | validation=dataset_val_split | c_selection=f_mmd c_source=test c_metric=standardized_l2 | f_mmd_reserved_context=5% source=test | wise_ft_skipped rows=39366>=2000,30,3,epoch_chunk,accuracy,0.98618828385458,0.9865057945705668,0.98618828385458,0.9865057945705668,1,True,False,,f_mmd,test,standardized_l2,4.03468127466638,0.7850725487970175,,True
BNG(tic-tac-toe),/home/crc00006699/zh/tabiclv2/data184/BNG(tic-tac-toe),binclass,31492,6299,7874,9,2,0.8163576327152654,0.8135452393371386,0.7842141759712371,0.8840319172052119,0.4038532693214209,56.26850438117981,19.61093783378601,ok,,31492,25193,0,7874,0.4471082985401153,True,0.1,False,54,1e-05,True,55.93901252746582,full_train_epoch_chunks,full train set chunked per epoch | validation=dataset_val_split | c_selection=f_mmd c_source=test c_metric=standardized_l2 | f_mmd_reserved_context=5% source=test | wise_ft_skipped rows=39366>=2000,30,3,epoch_chunk,accuracy,0.8066359739641213,0.8094935704080013,0.8066359739641213,0.8094935704080013,10,True,False,,f_mmd,test,standardized_l2,1.585180139223586,0.1122770358924738,,True
Basketball_c,/home/crc00006699/zh/tabiclv2/data184/Basketball_c,binclass,1072,215,268,11,2,0.7089552238805971,0.7077771855010662,0.6875738247106071,0.7458953460902434,0.5785373848600164,5.119307041168213,0.2961618900299072,ok,,1072,857,0,268,0.5869775116443634,True,0.1,True,17,1e-05,True,5.083242416381836,full_train_epoch_chunks,full train set chunked per epoch | validation=dataset_val_split | c_selection=f_mmd c_source=test c_metric=standardized_l2 | f_mmd_reserved_context=5% source=test | wise_ft=alpha0.1 rows=1340<2000,30,1,epoch_chunk,accuracy,0.7348837209302326,0.7441860465116279,0.7348837209302326,0.7441860465116279,9,True,False,,f_mmd,test,standardized_l2,4.639848744988571,2.2692785611157227,,True
Cardiovascular-Disease-dataset,/home/crc00006699/zh/tabiclv2/data184/Cardiovascular-Disease-dataset,binclass,56000,11200,14000,11,2,0.7336428571428572,0.733276315181127,0.7336217497540407,0.8002323021166702,0.5434408363273033,56.11624503135681,56.965959310531616,ok,,56000,44800,0,14000,0.5483472347259521,True,0.1,False,40,1e-05,True,55.403844118118286,full_train_epoch_chunks,full train set chunked per epoch | validation=dataset_val_split | c_selection=f_mmd c_source=test c_metric=standardized_l2 | f_mmd_reserved_context=5% source=test | wise_ft_skipped rows=70000>=2000,30,5,epoch_chunk,accuracy,0.7327678571428572,0.7327678571428572,0.7327678571428572,0.7327678571428572,0,True,False,,f_mmd,test,standardized_l2,9.176271858979922,71.74893279752877,,True
Contaminant-detection-in-packaged-cocoa-hazelnut-spread-jars-using-Microwaves-Sensing-and-Machine-Learning-10.0GHz(Urbinati),/home/crc00006699/zh/tabiclv2/data184/Contaminant-detection-in-packaged-cocoa-hazelnut-spread-jars-using-Microwaves-Sensing-and-Machine-Learning-10.0GHz(Urbinati),binclass,1920,384,480,30,2,0.975,0.9750052086950484,0.9758064516129032,0.9917790600667408,0.0968882973656903,6.2989466190338135,0.792292594909668,ok,,1920,1536,0,480,0.1147699020802974,True,0.1,False,12,1e-05,True,6.20669960975647,full_train_epoch_chunks,full train set chunked per epoch | validation=dataset_val_split | c_selection=f_mmd c_source=test c_metric=standardized_l2 | f_mmd_reserved_context=5% source=test | wise_ft_skipped rows=2400>=2000,30,1,epoch_chunk,accuracy,0.9557291666666666,0.9635416666666666,0.9557291666666666,0.9635416666666666,4,True,False,,f_mmd,test,standardized_l2,3.235187064973895,0.57722955952411,,True
Contaminant-detection-in-packaged-cocoa-hazelnut-spread-jars-using-Microwaves-Sensing-and-Machine-Learning-11.0GHz(Urbinati),/home/crc00006699/zh/tabiclv2/data184/Contaminant-detection-in-packaged-cocoa-hazelnut-spread-jars-using-Microwaves-Sensing-and-Machine-Learning-11.0GHz(Urbinati),binclass,1920,384,480,30,2,0.95625,0.9562619654353574,0.9568270300333704,0.9887896273637377,0.1363902782326712,5.7917256355285645,0.7085847854614258,ok,,1920,1536,0,480,0.1861118599772453,True,0.1,False,8,1e-05,True,5.722101926803589,full_train_epoch_chunks,full train set chunked per epoch | validation=dataset_val_split | c_selection=f_mmd c_source=test c_metric=standardized_l2 | f_mmd_reserved_context=5% source=test | wise_ft_skipped rows=2400>=2000,30,1,epoch_chunk,accuracy,0.9739583333333334,0.9739583333333334,0.9739583333333334,0.9739583333333334,0,True,False,,f_mmd,test,standardized_l2,2.4236105300425663,0.2842333772813796,,True
Contaminant-detection-in-packaged-cocoa-hazelnut-spread-jars-using-Microwaves-Sensing-and-Machine-Learning-9.5GHz(Urbinati),/home/crc00006699/zh/tabiclv2/data184/Contaminant-detection-in-packaged-cocoa-hazelnut-spread-jars-using-Microwaves-Sensing-and-Machine-Learning-9.5GHz(Urbinati),binclass,1920,384,480,30,2,0.95625,0.9562619670978078,0.9566879866518354,0.9899193548387096,0.1216055842285305,5.518362760543823,0.7242133617401123,ok,,1920,1536,0,480,0.1339605376124382,True,0.1,False,10,1e-05,True,5.448033809661865,full_train_epoch_chunks,full train set chunked per epoch | validation=dataset_val_split | c_selection=f_mmd c_source=test c_metric=standardized_l2 | f_mmd_reserved_context=5% source=test | wise_ft_skipped rows=2400>=2000,30,1,epoch_chunk,accuracy,0.9375,0.9401041666666666,0.9375,0.9401041666666666,2,True,False,,f_mmd,test,standardized_l2,2.788729298338286,0.2439985671109573,,True
Customer_Personality_Analysis,/home/crc00006699/zh/tabiclv2/data184/Customer_Personality_Analysis,binclass,1792,359,448,24,2,0.8839285714285714,0.8706553447746426,0.6857445058173698,0.8937007874015748,0.2672729937914634,6.842153072357178,0.5935709476470947,ok,,1792,1433,0,448,0.2173450291156768,True,0.1,False,13,1e-05,True,6.774481534957886,full_train_epoch_chunks,full train set chunked per epoch | validation=dataset_val_split | c_selection=f_mmd c_source=test c_metric=standardized_l2 | f_mmd_reserved_context=5% source=test | wise_ft_skipped rows=2240>=2000,30,1,epoch_chunk,accuracy,0.8774373259052924,0.8913649025069638,0.8774373259052924,0.8913649025069638,5,True,False,,f_mmd,test,standardized_l2,5.096833339744328,1.5476323432049623,,True
E-CommereShippingData,/home/crc00006699/zh/tabiclv2/data184/E-CommereShippingData,binclass,8799,1760,2200,10,2,0.6772727272727272,0.6663616118672299,0.7257861073593267,0.7321688157021409,0.505401159700583,23.93914270401001,2.7099711894989014,ok,,8799,7039,0,2200,0.5111922919750214,True,0.1,False,20,1e-05,True,23.82282948493957,full_train_epoch_chunks,full train set chunked per epoch | validation=dataset_val_split | c_selection=f_mmd c_source=test c_metric=standardized_l2 | f_mmd_reserved_context=5% source=test | wise_ft_skipped rows=10999>=2000,30,1,epoch_chunk,accuracy,0.6869318181818181,0.6920454545454545,0.6869318181818181,0.6920454545454545,12,True,False,,f_mmd,test,standardized_l2,2.21504584139602,0.4201014222702063,,True
FICO-HELOC-cleaned,/home/crc00006699/zh/tabiclv2/data184/FICO-HELOC-cleaned,binclass,7896,1580,1975,23,2,0.7453164556962025,0.745142929367927,0.7443673242144968,0.824013164652661,0.5155122667301137,13.721437931060793,2.876136302947998,ok,,7896,6316,0,1975,0.5258849263191223,True,0.1,False,12,1e-05,True,13.555679559707642,full_train_epoch_chunks,full train set chunked per epoch | validation=dataset_val_split | c_selection=f_mmd c_source=test c_metric=standardized_l2 | f_mmd_reserved_context=5% source=test | wise_ft_skipped rows=9871>=2000,30,1,epoch_chunk,accuracy,0.7493670886075949,0.7531645569620253,0.7493670886075949,0.7531645569620253,4,True,False,,f_mmd,test,standardized_l2,4.7456024021450345,5.10366229608819,,True
FOREX_audcad-hour-High,/home/crc00006699/zh/tabiclv2/data184/FOREX_audcad-hour-High,binclass,35060,7012,8765,10,2,0.7153451226468911,0.7153096247678038,0.714989697127546,0.7881889195892358,0.5576198019147031,69.69473671913147,25.76109743118286,ok,,35060,28048,0,8765,0.5682976543903351,True,0.1,False,60,1e-05,True,69.39359760284424,full_train_epoch_chunks,full train set chunked per epoch | validation=dataset_val_split | c_selection=f_mmd c_source=test c_metric=standardized_l2 | f_mmd_reserved_context=5% source=test | wise_ft_skipped rows=43825>=2000,30,3,epoch_chunk,accuracy,0.7040787221905305,0.7159155733029093,0.7040787221905305,0.7159155733029093,12,True,False,,f_mmd,test,standardized_l2,5.43116151532086,4.31876329431037,,True
FOREX_audjpy-day-High,/home/crc00006699/zh/tabiclv2/data184/FOREX_audjpy-day-High,binclass,1465,293,367,10,2,0.771117166212534,0.7709434604904631,0.7704209024433744,0.8400214018191546,0.4945946432339349,2.702889204025269,0.3719592094421386,ok,,1465,1172,0,367,0.4960285127162933,True,0.1,True,8,1e-05,True,2.6746246814727783,full_train_epoch_chunks,full train set chunked per epoch | validation=dataset_val_split | c_selection=f_mmd c_source=test c_metric=standardized_l2 | f_mmd_reserved_context=5% source=test | wise_ft=alpha0.1 rows=1832<2000,30,1,epoch_chunk,accuracy,0.7508532423208191,0.7508532423208191,0.7508532423208191,0.7508532423208191,0,True,False,,f_mmd,test,standardized_l2,5.1941268865742245,1.7303308194988347,,True
FOREX_audsgd-hour-High,/home/crc00006699/zh/tabiclv2/data184/FOREX_audsgd-hour-High,binclass,35060,7012,8765,10,2,0.7112378779235596,0.7112308727930661,0.7109619013195525,0.7825213699799725,0.5686328681439471,68.6000669002533,23.1790235042572,ok,,35060,28048,0,8765,0.5756473541259766,True,0.1,False,57,1e-05,True,68.2607626914978,full_train_epoch_chunks,full train set chunked per epoch | validation=dataset_val_split | c_selection=f_mmd c_source=test c_metric=standardized_l2 | f_mmd_reserved_context=5% source=test | wise_ft_skipped rows=43825>=2000,30,3,epoch_chunk,accuracy,0.6755561893896178,0.7166286366229321,0.6755561893896178,0.7166286366229321,11,True,False,,f_mmd,test,standardized_l2,4.03607579564577,1.5740468869546798,,True
FOREX_cadjpy-day-High,/home/crc00006699/zh/tabiclv2/data184/FOREX_cadjpy-day-High,binclass,1467,294,367,10,2,0.7166212534059946,0.7161154607835637,0.7167379425041578,0.776179021145165,0.5715814858413789,2.7314772605896,0.3813645839691162,ok,,1467,1173,0,367,0.5863713324069977,True,0.1,True,8,1e-05,True,2.701498031616211,full_train_epoch_chunks,full train set chunked per epoch | validation=dataset_val_split | c_selection=f_mmd c_source=test c_metric=standardized_l2 | f_mmd_reserved_context=5% source=test | wise_ft=alpha0.1 rows=1834<2000,30,1,epoch_chunk,accuracy,0.7040816326530612,0.7040816326530612,0.7040816326530612,0.7040816326530612,0,True,False,,f_mmd,test,standardized_l2,5.95742834159038,2.324401860219325,,True
Firm-Teacher_Clave-Direction_Classification,/home/crc00006699/zh/tabiclv2/data184/Firm-Teacher_Clave-Direction_Classification,multiclass,8640,1728,2160,16,4,0.8791666666666667,0.8774518508277023,0.7941899788843501,0.9703992948539611,0.3146454371649574,14.00789213180542,2.9436612129211426,ok,,8640,6912,0,2160,0.3153652995824814,True,0.1,False,13,1e-05,True,13.847687005996704,full_train_epoch_chunks,full train set chunked per epoch | validation=dataset_val_split | c_selection=f_mmd c_source=test c_metric=standardized_l2 | f_mmd_reserved_context=5% source=test | wise_ft_skipped rows=10800>=2000,30,1,epoch_chunk,accuracy,0.8634259259259259,0.875,0.8634259259259259,0.875,5,True,False,,f_mmd,test,standardized_l2,1.024722019907584,0.0032795510110513,,True
GAMETES_Epistasis_2-Way_20atts_0.1H_EDM-1_1,/home/crc00006699/zh/tabiclv2/data184/GAMETES_Epistasis_2-Way_20atts_0.1H_EDM-1_1,binclass,1280,256,320,20,2,0.66875,0.6617605998962945,0.66875,0.7203124999999999,0.6155629744901602,3.2431845664978027,0.3957157135009765,ok,,1280,1024,0,320,0.5979240238666534,True,0.1,True,8,1e-05,True,3.18578839302063,full_train_epoch_chunks,full train set chunked per epoch | validation=dataset_val_split | c_selection=f_mmd c_source=test c_metric=standardized_l2 | f_mmd_reserved_context=5% source=test | wise_ft=alpha0.1 rows=1600<2000,30,1,epoch_chunk,accuracy,0.65625,0.65625,0.65625,0.65625,0,True,False,,f_mmd,test,standardized_l2,2.129731276553802,0.3116304635087812,,True
Gender_Gap_in_Spanish_WP,/home/crc00006699/zh/tabiclv2/data184/Gender_Gap_in_Spanish_WP,multiclass,3796,760,950,13,3,0.608421052631579,0.5580348384350654,0.4199414247860448,0.7024416108590458,0.7958125705570405,3.8708090782165527,1.043621301651001,ok,,3796,3036,0,950,0.8212547302246094,True,0.1,False,8,1e-05,True,3.820462942123413,full_train_epoch_chunks,full train set chunked per epoch | validation=dataset_val_split | c_selection=f_mmd c_source=test c_metric=standardized_l2 | f_mmd_reserved_context=5% source=test | wise_ft_skipped rows=4746>=2000,30,1,epoch_chunk,accuracy,0.6131578947368421,0.6131578947368421,0.6131578947368421,0.6131578947368421,0,True,False,,f_mmd,test,standardized_l2,3951.416581077398,34220.31982152177,,True
HR_Analytics_Job_Change_of_Data_Scientists,/home/crc00006699/zh/tabiclv2/data184/HR_Analytics_Job_Change_of_Data_Scientists,binclass,15326,3066,3832,13,2,0.800365344467641,0.8022591659873793,0.7432311144353029,0.8064261237800429,0.4337485932636578,26.46386432647705,6.277044057846069,ok,,15326,12260,0,3832,0.4188199043273926,True,0.1,False,30,1e-05,True,26.255089044570923,full_train_epoch_chunks,full train set chunked per epoch | validation=dataset_val_split | c_selection=f_mmd c_source=test c_metric=standardized_l2 | f_mmd_reserved_context=5% source=test | wise_ft_skipped rows=19158>=2000,30,2,epoch_chunk,accuracy,0.8085453359425963,0.8114807566862361,0.8085453359425963,0.8114807566862361,7,True,False,,f_mmd,test,standardized_l2,2.397578138150081,0.3149186105650119,,True
INNHotelsGroup,/home/crc00006699/zh/tabiclv2/data184/INNHotelsGroup,binclass,29020,5804,7255,17,2,0.9021364576154376,0.9014994240100273,0.8827908325360073,0.9611127842452172,0.2281185178532532,76.37846374511719,17.79053282737732,ok,,29020,23216,0,7255,0.2958259135484695,True,0.1,False,66,1e-05,True,75.94717574119568,full_train_epoch_chunks,full train set chunked per epoch | validation=dataset_val_split | c_selection=f_mmd c_source=test c_metric=standardized_l2 | f_mmd_reserved_context=5% source=test | wise_ft_skipped rows=36275>=2000,30,3,epoch_chunk,accuracy,0.8985182632667126,0.9043762922122676,0.8985182632667126,0.9043762922122676,14,True,False,,f_mmd,test,standardized_l2,7.023015649516078,14.89995502738334,,True
Intersectional-Bias-Assessment,/home/crc00006699/zh/tabiclv2/data184/Intersectional-Bias-Assessment,binclass,8800,1760,2200,19,2,0.9459090909090908,0.945908029128168,0.9458924369664556,0.9899756271121722,0.1345576000809304,27.912760257720947,3.102628707885742,ok,,8800,7040,0,2200,0.1151928603649139,True,0.1,False,26,1e-05,True,27.759840726852417,full_train_epoch_chunks,full train set chunked per epoch | validation=dataset_val_split | c_selection=f_mmd c_source=test c_metric=standardized_l2 | f_mmd_reserved_context=5% source=test | wise_ft_skipped rows=11000>=2000,30,1,epoch_chunk,accuracy,0.9482954545454544,0.9511363636363636,0.9482954545454544,0.9511363636363636,18,True,False,,f_mmd,test,standardized_l2,1.9859182395441872,0.2820640766134658,,True
JapaneseVowels,/home/crc00006699/zh/tabiclv2/data184/JapaneseVowels,multiclass,7968,1594,1993,14,9,0.9994982438534872,0.999498348510072,0.9994499449944996,1.0,0.0008649314326523,14.02919316291809,2.543530225753784,ok,,7968,6374,0,1993,0.0062939061317592,True,0.1,False,16,1e-05,True,13.929939270019531,full_train_epoch_chunks,full train set chunked per epoch | validation=dataset_val_split | c_selection=f_mmd c_source=test c_metric=standardized_l2 | f_mmd_reserved_context=5% source=test | wise_ft_skipped rows=9961>=2000,30,1,epoch_chunk,accuracy,0.9956085319949812,0.9968632371392724,0.9956085319949812,0.9968632371392724,8,True,False,,f_mmd,test,standardized_l2,2.1956065719221014,0.3318559491095892,,True
KDDCup09_upselling,/home/crc00006699/zh/tabiclv2/data184/KDDCup09_upselling,binclass,4102,821,1026,49,2,0.8187134502923976,0.8165271330946456,0.8187134502923976,0.9098355049416916,0.3553313989774143,13.471079111099243,1.911097764968872,ok,,4102,3281,0,1026,0.3702672570943832,True,0.1,False,13,1e-05,True,13.26571488380432,full_train_epoch_chunks,full train set chunked per epoch | validation=dataset_val_split | c_selection=f_mmd c_source=test c_metric=standardized_l2 | f_mmd_reserved_context=5% source=test | wise_ft_skipped rows=5128>=2000,30,1,epoch_chunk,accuracy,0.7990255785627284,0.8087697929354446,0.7990255785627284,0.8087697929354446,5,True,False,,f_mmd,test,standardized_l2,23.151876111253067,99.985039969184,,True
MIC,/home/crc00006699/zh/tabiclv2/data184/MIC,binclass,1319,264,330,104,2,0.912121212121212,0.902323174171188,0.7477335020029516,0.8905053060650784,0.2556704133976621,8.24962568283081,1.082118272781372,ok,,1319,1055,0,330,0.2898751646280288,True,0.1,True,8,1e-05,True,7.988153696060181,full_train_epoch_chunks,full train set chunked per epoch | validation=dataset_val_split | c_selection=f_mmd c_source=test c_metric=standardized_l2 | f_mmd_reserved_context=5% source=test | wise_ft=alpha0.1 rows=1649<2000,30,1,epoch_chunk,accuracy,0.8825757575757576,0.8825757575757576,0.8825757575757576,0.8825757575757576,0,True,False,,f_mmd,test,standardized_l2,2494949752511.6045,2919085368573.2065,,True
Marketing_Campaign,/home/crc00006699/zh/tabiclv2/data184/Marketing_Campaign,binclass,1792,359,448,27,2,0.8883928571428571,0.8789973578717201,0.7129705801700161,0.9177733380342382,0.2494150952688934,5.976891040802002,0.5978906154632568,ok,,1792,1433,0,448,0.2014750391244888,True,0.1,False,14,1e-05,True,5.907215356826782,full_train_epoch_chunks,full train set chunked per epoch | validation=dataset_val_split | c_selection=f_mmd c_source=test c_metric=standardized_l2 | f_mmd_reserved_context=5% source=test | wise_ft_skipped rows=2240>=2000,30,1,epoch_chunk,accuracy,0.8885793871866295,0.8941504178272981,0.8885793871866295,0.8941504178272981,6,True,False,,f_mmd,test,standardized_l2,5.243853995006287,4.300549736090943,,True
National_Health_and_Nutrition_Health_Survey,/home/crc00006699/zh/tabiclv2/data184/National_Health_and_Nutrition_Health_Survey,binclass,1822,365,456,7,2,0.8333333333333334,0.792531516065824,0.5459780392717908,0.7723809864444364,0.3798655227084765,4.271540880203247,0.3986995220184326,ok,,1822,1457,0,456,0.3979821801185608,True,0.1,False,16,1e-05,True,4.2439281940460205,full_train_epoch_chunks,full train set chunked per epoch | validation=dataset_val_split | c_selection=f_mmd c_source=test c_metric=standardized_l2 | f_mmd_reserved_context=5% source=test | wise_ft_skipped rows=2278>=2000,30,1,epoch_chunk,accuracy,0.8547945205479452,0.863013698630137,0.8547945205479452,0.863013698630137,8,True,False,,f_mmd,test,standardized_l2,8.537261899240963,10.667354690902938,,True
PhishingWebsites,/home/crc00006699/zh/tabiclv2/data184/PhishingWebsites,binclass,8844,1769,2211,30,2,0.9796472184531886,0.9796279672375264,0.978497239675724,0.9985941411495548,0.0477952332836317,36.96293544769287,3.575438499450684,ok,,8844,7075,0,2211,0.0569180678576231,True,0.1,False,27,1e-05,True,36.700159788131714,full_train_epoch_chunks,full train set chunked per epoch | validation=dataset_val_split | c_selection=f_mmd c_source=test c_metric=standardized_l2 | f_mmd_reserved_context=5% source=test | wise_ft_skipped rows=11055>=2000,30,1,epoch_chunk,accuracy,0.9785189372526852,0.9813453928773318,0.9785189372526852,0.9813453928773318,19,True,False,,f_mmd,test,standardized_l2,3.0044363137708614,0.4290420136807014,,True
Pima_Indians_Diabetes_Database,/home/crc00006699/zh/tabiclv2/data184/Pima_Indians_Diabetes_Database,binclass,614,123,154,8,2,0.7467532467532467,0.7389951134515554,0.6985185185185185,0.8611111111111112,0.4553915900881868,4.370743274688721,0.3025734424591064,ok,,614,491,0,154,0.470254972577095,True,0.1,True,18,1e-05,True,4.343644142150879,full_train_epoch_chunks,full train set chunked per epoch | validation=dataset_val_split | c_selection=f_mmd c_source=test c_metric=standardized_l2 | f_mmd_reserved_context=5% source=test | wise_ft=alpha0.1 rows=768<2000,30,1,epoch_chunk,accuracy,0.7560975609756098,0.7723577235772358,0.7560975609756098,0.7723577235772358,10,True,False,,f_mmd,test,standardized_l2,4.170886126569887,1.136162347166407,,True
Pumpkin_Seeds,/home/crc00006699/zh/tabiclv2/data184/Pumpkin_Seeds,binclass,2000,400,500,12,2,0.872,0.8718025833815308,0.8708333333333333,0.9456410256410256,0.2988901327576733,2.7391152381896973,0.5166349411010742,ok,,2000,1600,0,500,0.238054558634758,True,0.1,False,8,1e-05,True,2.7033419609069824,full_train_epoch_chunks,full train set chunked per epoch | validation=dataset_val_split | c_selection=f_mmd c_source=test c_metric=standardized_l2 | f_mmd_reserved_context=5% source=test | wise_ft_skipped rows=2500>=2000,30,1,epoch_chunk,accuracy,0.87,0.87,0.87,0.87,0,True,False,,f_mmd,test,standardized_l2,3.905974238506141,1.2309593081692027,,True
Rain_in_Australia,/home/crc00006699/zh/tabiclv2/data184/Rain_in_Australia,multiclass,116368,23274,29092,18,3,0.8565241303451121,0.8484512506439622,0.6884880712561978,0.9112248653400824,0.3588581593842652,430.1878442764282,306.2477090358734,ok,,116368,93094,0,29092,0.3684713989496231,True,0.1,False,220,1e-05,True,428.4805037975311,full_train_epoch_chunks,full train set chunked per epoch | validation=dataset_val_split | c_selection=f_mmd c_source=test c_metric=standardized_l2 | f_mmd_reserved_context=5% source=test | wise_ft_skipped rows=145460>=2000,30,10,epoch_chunk,accuracy,0.8425281429921802,0.8509925238463522,0.8425281429921802,0.8509925238463522,14,True,False,,f_mmd,test,standardized_l2,3.066544989904409,3.6013257237401555,,True
Shipping,/home/crc00006699/zh/tabiclv2/data184/Shipping,binclass,8799,1760,2200,9,2,0.6836363636363636,0.6768847809150663,0.7207918257642014,0.7395098018302437,0.5000651804444505,7.31983470916748,2.7459094524383545,ok,,8799,7039,0,2200,0.5109738409519196,True,0.1,False,8,1e-05,True,7.237346887588501,full_train_epoch_chunks,full train set chunked per epoch | validation=dataset_val_split | c_selection=f_mmd c_source=test c_metric=standardized_l2 | f_mmd_reserved_context=5% source=test | wise_ft_skipped rows=10999>=2000,30,1,epoch_chunk,accuracy,0.6744318181818182,0.6744318181818182,0.6744318181818182,0.6744318181818182,0,True,False,,f_mmd,test,standardized_l2,2.270818489309199,0.4586166733842999,,True
VulNoneVul,/home/crc00006699/zh/tabiclv2/data184/VulNoneVul,binclass,4553,911,1139,16,2,0.9894644424934153,0.9842245601854184,0.5,0.860581188997338,0.0481508655141425,5.050941705703735,1.388573169708252,ok,,4553,3642,0,1139,0.0226421980187296,True,0.1,False,8,1e-05,True,4.974969387054443,full_train_epoch_chunks,full train set chunked per epoch | validation=dataset_val_split | c_selection=f_mmd c_source=test c_metric=standardized_l2 | f_mmd_reserved_context=5% source=test | wise_ft_skipped rows=5692>=2000,30,1,epoch_chunk,accuracy,0.9890230515916576,0.9890230515916576,0.9890230515916576,0.9890230515916576,0,True,False,,f_mmd,test,standardized_l2,10.558260699854262,15.555495637622768,,True
Waterstress,/home/crc00006699/zh/tabiclv2/data184/Waterstress,binclass,950,190,238,22,2,0.7773109243697479,0.7772755413271711,0.7783315659243548,0.8429833863556028,0.4879533649540663,2.98998498916626,0.6001536846160889,ok,,950,760,0,238,0.4087301939725876,True,0.1,True,8,1e-05,True,2.9472808837890625,full_train_epoch_chunks,full train set chunked per epoch | validation=dataset_val_split | c_selection=f_mmd c_source=test c_metric=standardized_l2 | f_mmd_reserved_context=5% source=test | wise_ft=alpha0.1 rows=1188<2000,30,1,epoch_chunk,accuracy,0.7736842105263158,0.7736842105263158,0.7736842105263158,0.7736842105263158,0,True,False,,f_mmd,test,standardized_l2,4.578801312572221,1.1806652322809337,,True
abalone,/home/crc00006699/zh/tabiclv2/data184/abalone,multiclass,3341,669,836,8,3,0.6411483253588517,0.6447313814045441,0.638994019407405,0.8290655189693892,0.7472248974012417,6.370907068252564,0.8004348278045654,ok,,3341,2672,0,836,0.6853281855583191,True,0.1,False,17,1e-05,True,6.329912900924683,full_train_epoch_chunks,full train set chunked per epoch | validation=dataset_val_split | c_selection=f_mmd c_source=test c_metric=standardized_l2 | f_mmd_reserved_context=5% source=test | wise_ft_skipped rows=4177>=2000,30,1,epoch_chunk,accuracy,0.6771300448430493,0.6920777279521674,0.6771300448430493,0.6920777279521674,9,True,False,,f_mmd,test,standardized_l2,5.15629399052212,7.38896535026018,,True
ada,/home/crc00006699/zh/tabiclv2/data184/ada,binclass,3317,664,830,48,2,0.8542168674698796,0.8497478770879306,0.7778503858600947,0.908552713467762,0.3254559602523229,15.583615064620972,1.4927973747253418,ok,,3317,2653,0,830,0.3321274071931839,True,0.1,False,20,1e-05,True,15.450851917266846,full_train_epoch_chunks,full train set chunked per epoch | validation=dataset_val_split | c_selection=f_mmd c_source=test c_metric=standardized_l2 | f_mmd_reserved_context=5% source=test | wise_ft_skipped rows=4147>=2000,30,1,epoch_chunk,accuracy,0.8554216867469879,0.8644578313253012,0.8554216867469879,0.8644578313253012,12,True,False,,f_mmd,test,standardized_l2,415726876111.47,4776338167304.483,,True
ada_prior,/home/crc00006699/zh/tabiclv2/data184/ada_prior,binclass,3649,730,913,14,2,0.8411829134720701,0.8332974692445698,0.7469368490001413,0.8869170701634965,0.3558937227653628,4.086803197860718,1.0301823616027832,ok,,3649,2919,0,913,0.3240831792354584,True,0.1,False,8,1e-05,True,4.019633293151856,full_train_epoch_chunks,full train set chunked per epoch | validation=dataset_val_split | c_selection=f_mmd c_source=test c_metric=standardized_l2 | f_mmd_reserved_context=5% source=test | wise_ft_skipped rows=4562>=2000,30,1,epoch_chunk,accuracy,0.8356164383561644,0.8356164383561644,0.8356164383561644,0.8356164383561644,0,True,False,,f_mmd,test,standardized_l2,3.360482379662278,2.3191427667938544,,True
airlines_seed_0_nrows_2000_nclasses_10_ncols_100_stratify_True,/home/crc00006699/zh/tabiclv2/data184/airlines_seed_0_nrows_2000_nclasses_10_ncols_100_stratify_True,binclass,1600,320,400,7,2,0.6275,0.6096821474625134,0.6048436076525965,0.6722719910922158,0.6293452338109365,3.2341630458831787,0.3506896495819092,ok,,1600,1280,0,400,0.6471414566040039,True,0.1,False,11,1e-05,True,3.202406644821167,full_train_epoch_chunks,full train set chunked per epoch | validation=dataset_val_split | c_selection=f_mmd c_source=test c_metric=standardized_l2 | f_mmd_reserved_context=5% source=test | wise_ft_skipped rows=2000>=2000,30,1,epoch_chunk,accuracy,0.63125,0.653125,0.63125,0.653125,3,True,False,,f_mmd,test,standardized_l2,2.2024571055919666,0.4402763890554259,,True
allrep,/home/crc00006699/zh/tabiclv2/data184/allrep,multiclass,3017,604,755,29,4,0.9801324503311258,0.978530722648991,0.6938233855185909,0.9954519022413808,0.0423831640523705,8.042402982711792,1.0350210666656494,ok,,3017,2413,0,755,0.0450772084295749,True,0.1,False,14,1e-05,True,7.938345670700073,full_train_epoch_chunks,full train set chunked per epoch | validation=dataset_val_split | c_selection=f_mmd c_source=test c_metric=standardized_l2 | f_mmd_reserved_context=5% source=test | wise_ft_skipped rows=3772>=2000,30,1,epoch_chunk,accuracy,0.97682119205298,0.9817880794701986,0.97682119205298,0.9817880794701986,6,True,False,,f_mmd,test,standardized_l2,687945401713.0776,7536064296949.785,,True
artificial-characters,/home/crc00006699/zh/tabiclv2/data184/artificial-characters,multiclass,8174,1635,2044,7,10,0.8987279843444227,0.8986399840653678,0.8932538433292301,0.997105811012533,0.2017098531556958,12.590850353240969,2.321630954742432,ok,,8174,6539,0,2044,0.392157107591629,True,0.1,False,17,1e-05,True,12.522428035736084,full_train_epoch_chunks,full train set chunked per epoch | validation=dataset_val_split | c_selection=f_mmd c_source=test c_metric=standardized_l2 | f_mmd_reserved_context=5% source=test | wise_ft_skipped rows=10218>=2000,30,1,epoch_chunk,accuracy,0.818348623853211,0.8538226299694189,0.818348623853211,0.8538226299694189,9,True,False,,f_mmd,test,standardized_l2,3.305058560595948,0.9687616399671922,,True
autoUniv-au7-1100,/home/crc00006699/zh/tabiclv2/data184/autoUniv-au7-1100,multiclass,880,176,220,12,5,0.4136363636363636,0.3882013024902608,0.3991868966460975,0.7263242782521983,1.3604798160028584,5.2586870193481445,0.4878833293914795,ok,,880,704,0,220,1.3387945890426636,True,0.1,True,14,1e-05,True,5.221978187561035,full_train_epoch_chunks,full train set chunked per epoch | validation=dataset_val_split | c_selection=f_mmd c_source=test c_metric=standardized_l2 | f_mmd_reserved_context=5% source=test | wise_ft=alpha0.1 rows=1100<2000,30,1,epoch_chunk,accuracy,0.4090909090909091,0.4772727272727273,0.4090909090909091,0.4772727272727273,6,True,False,,f_mmd,test,standardized_l2,1.5804263971158183,0.0858809798421379,,True
banknote_authentication,/home/crc00006699/zh/tabiclv2/data184/banknote_authentication,binclass,1097,220,275,4,2,0.5490909090909091,0.4006953633368727,0.4942944390871102,0.5084378013500482,0.6874021725812687,2.211292266845703,0.122779369354248,ok,,1097,877,0,275,0.6789432168006897,True,0.1,True,8,1e-05,True,2.1919798851013184,full_train_epoch_chunks,full train set chunked per epoch | validation=dataset_val_split | c_selection=f_mmd c_source=test c_metric=standardized_l2 | f_mmd_reserved_context=5% source=test | wise_ft=alpha0.1 rows=1372<2000,30,1,epoch_chunk,accuracy,0.5681818181818182,0.5681818181818182,0.5681818181818182,0.5681818181818182,0,True,False,,f_mmd,test,standardized_l2,4.310600397241112,1.26382239704713,,True
car-evaluation,/home/crc00006699/zh/tabiclv2/data184/car-evaluation,multiclass,1382,277,346,21,4,0.976878612716763,0.9771444454831776,0.9660566706021252,0.999305569560334,0.0501961901682022,5.962928771972656,0.5422849655151367,ok,,1382,1105,0,346,0.010249251499772,True,0.1,True,16,1e-05,True,5.902618169784546,full_train_epoch_chunks,full train set chunked per epoch | validation=dataset_val_split | c_selection=f_mmd c_source=test c_metric=standardized_l2 | f_mmd_reserved_context=5% source=test | wise_ft=alpha0.1 rows=1728<2000,30,1,epoch_chunk,accuracy,0.9783393501805054,1.0,0.9783393501805054,1.0,8,True,False,,f_mmd,test,standardized_l2,1.0626940286377764,0.0069607824700083,,True
cmc,/home/crc00006699/zh/tabiclv2/data184/cmc,multiclass,1178,236,295,9,3,0.5898305084745763,0.584679426217323,0.5556043312847527,0.7615580147547272,0.8745187517400208,2.5706329345703125,0.3036563396453857,ok,,1178,942,0,295,0.9180318415164948,True,0.1,True,8,1e-05,True,2.538241147994995,full_train_epoch_chunks,full train set chunked per epoch | validation=dataset_val_split | c_selection=f_mmd c_source=test c_metric=standardized_l2 | f_mmd_reserved_context=5% source=test | wise_ft=alpha0.1 rows=1473<2000,30,1,epoch_chunk,accuracy,0.538135593220339,0.538135593220339,0.538135593220339,0.538135593220339,0,True,False,,f_mmd,test,standardized_l2,2.8544457917077994,0.5620698218187822,,True
compass,/home/crc00006699/zh/tabiclv2/data184/compass,binclass,13315,2663,3329,17,2,0.8885551216581556,0.8885284461917202,0.8885505096442596,0.9517774384961886,0.2690243231587836,50.38525152206421,5.631455183029175,ok,,13315,10652,0,3329,0.5347616672515869,True,0.1,False,60,1e-05,True,50.17568469047546,full_train_epoch_chunks,full train set chunked per epoch | validation=dataset_val_split | c_selection=f_mmd c_source=test c_metric=standardized_l2 | f_mmd_reserved_context=5% source=test | wise_ft_skipped rows=16644>=2000,30,2,epoch_chunk,accuracy,0.7983477281261735,0.8802102891475779,0.7983477281261735,0.8802102891475779,25,False,False,,f_mmd,test,standardized_l2,5.223260629557688,5.640205112214479,,True
contraceptive_method_choice,/home/crc00006699/zh/tabiclv2/data184/contraceptive_method_choice,multiclass,1178,236,295,9,3,0.6237288135593221,0.6153207568789493,0.5820593577397791,0.7972472966995596,0.8234417834054552,6.179785490036011,0.2988157272338867,ok,,1178,942,0,295,0.876603901386261,True,0.1,True,23,1e-05,True,6.14370059967041,full_train_epoch_chunks,full train set chunked per epoch | validation=dataset_val_split | c_selection=f_mmd c_source=test c_metric=standardized_l2 | f_mmd_reserved_context=5% source=test | wise_ft=alpha0.1 rows=1473<2000,30,1,epoch_chunk,accuracy,0.5084745762711864,0.5296610169491526,0.5084745762711864,0.5296610169491526,15,True,False,,f_mmd,test,standardized_l2,2.531386759294044,0.5033566163809239,,True
credit-g,/home/crc00006699/zh/tabiclv2/data184/credit-g,binclass,800,160,200,20,2,0.785,0.7655220017256255,0.6845238095238095,0.842857142857143,0.4462109284771653,4.052226543426514,0.4801416397094726,ok,,800,640,0,200,0.4966362714767456,True,0.1,True,12,1e-05,True,3.992384672164917,full_train_epoch_chunks,full train set chunked per epoch | validation=dataset_val_split | c_selection=f_mmd c_source=test c_metric=standardized_l2 | f_mmd_reserved_context=5% source=test | wise_ft=alpha0.1 rows=1000<2000,30,1,epoch_chunk,accuracy,0.74375,0.775,0.74375,0.775,4,True,False,,f_mmd,test,standardized_l2,2.5971271849374844,0.3732470410597031,,True
dabetes_130-us_hospitals,/home/crc00006699/zh/tabiclv2/data184/dabetes_130-us_hospitals,binclass,81412,16283,20354,20,2,0.6409550948216567,0.6365462944715603,0.6326747807190937,0.6973631617403431,0.6230085643551397,165.68665194511414,121.09255623817444,ok,,81412,65129,0,20354,0.6166635751724243,True,0.1,False,91,1e-05,True,164.16290068626404,full_train_epoch_chunks,full train set chunked per epoch | validation=dataset_val_split | c_selection=f_mmd c_source=test c_metric=standardized_l2 | f_mmd_reserved_context=5% source=test | wise_ft_skipped rows=101766>=2000,30,7,epoch_chunk,accuracy,0.6482220720997359,0.6485291408217159,0.6482220720997359,0.6485291408217159,5,True,False,,f_mmd,test,standardized_l2,3.188240333296989,7.454093537094826,,True
delta_ailerons,/home/crc00006699/zh/tabiclv2/data184/delta_ailerons,binclass,5703,1141,1426,5,2,0.9516129032258064,0.9516107771657324,0.9513844871878412,0.9816885945426148,0.1608770891901322,5.615258693695068,0.9393751621246338,ok,,5703,4562,0,1426,0.1774558499455452,True,0.1,False,11,1e-05,True,5.577773809432983,full_train_epoch_chunks,full train set chunked per epoch | validation=dataset_val_split | c_selection=f_mmd c_source=test c_metric=standardized_l2 | f_mmd_reserved_context=5% source=test | wise_ft_skipped rows=7129>=2000,30,1,epoch_chunk,accuracy,0.9421560035056968,0.943908851884312,0.9421560035056968,0.943908851884312,3,True,False,,f_mmd,test,standardized_l2,3.6576655796362494,1.1438445096906111,,True
dna,/home/crc00006699/zh/tabiclv2/data184/dna,multiclass,2548,510,638,180,3,0.9561128526645768,0.9560939941247858,0.9508411439280464,0.9961020532324651,0.1097276586695792,60.69835996627808,3.1652379035949707,ok,,2548,2038,0,638,0.1820944547653198,True,0.1,False,30,1e-05,True,60.08337664604187,full_train_epoch_chunks,full train set chunked per epoch | validation=dataset_val_split | c_selection=f_mmd c_source=test c_metric=standardized_l2 | f_mmd_reserved_context=5% source=test | wise_ft_skipped rows=3186>=2000,30,1,epoch_chunk,accuracy,0.8549019607843137,0.931372549019608,0.8549019607843137,0.931372549019608,26,False,False,,f_mmd,test,standardized_l2,1.1780108593624985,0.0348247238163944,,True
dry_bean_dataset,/home/crc00006699/zh/tabiclv2/data184/dry_bean_dataset,multiclass,10888,2178,2723,16,7,0.9272860815277268,0.927272383567684,0.9376847916860752,0.9958449945415097,0.1905580663195198,32.08691644668579,3.968480348587036,ok,,10888,8710,0,2723,0.1971469521522522,True,0.1,False,25,1e-05,True,31.925458431243896,full_train_epoch_chunks,full train set chunked per epoch | validation=dataset_val_split | c_selection=f_mmd c_source=test c_metric=standardized_l2 | f_mmd_reserved_context=5% source=test | wise_ft_skipped rows=13611>=2000,30,1,epoch_chunk,accuracy,0.9302112029384756,0.9361799816345272,0.9302112029384756,0.9361799816345272,17,True,False,,f_mmd,test,standardized_l2,5.742783700351929,2.145720719074438,,True
electricity,/home/crc00006699/zh/tabiclv2/data184/electricity,binclass,36249,7250,9063,8,2,0.9259627055059032,0.9259200438739326,0.9236771028717338,0.9810117145687616,0.1752415986036996,103.31499457359314,26.629472017288208,ok,,36249,28999,0,9063,0.2611554265022278,True,0.1,False,90,1e-05,True,103.0283863544464,full_train_epoch_chunks,full train set chunked per epoch | validation=dataset_val_split | c_selection=f_mmd c_source=test c_metric=standardized_l2 | f_mmd_reserved_context=5% source=test | wise_ft_skipped rows=45312>=2000,30,3,epoch_chunk,accuracy,0.8917241379310344,0.9271724137931034,0.8917241379310344,0.9271724137931034,28,False,False,,f_mmd,test,standardized_l2,6.053094169866894,53.54712337484384,,True
eucalyptus,/home/crc00006699/zh/tabiclv2/data184/eucalyptus,multiclass,588,118,148,19,5,0.7027027027027027,0.7065125416232881,0.6880757485408647,0.9406504484527972,0.5975079704242969,4.052632808685303,0.4118983745574951,ok,,588,470,0,148,0.6372238993644714,True,0.1,True,13,1e-05,True,4.010010957717896,full_train_epoch_chunks,full train set chunked per epoch | validation=dataset_val_split | c_selection=f_mmd c_source=test c_metric=standardized_l2 | f_mmd_reserved_context=5% source=test | wise_ft=alpha0.1 rows=736<2000,30,1,epoch_chunk,accuracy,0.7033898305084746,0.7203389830508474,0.7033898305084746,0.7203389830508474,5,True,False,,f_mmd,test,standardized_l2,3.610248365227743,5.765886056923073,,True
eye_movements_bin,/home/crc00006699/zh/tabiclv2/data184/eye_movements_bin,binclass,6086,1218,1522,20,2,0.6793692509855453,0.6792274537240981,0.6793692509855453,0.7588673178834819,0.5714769586168943,25.21824741363525,2.132660388946533,ok,,6086,4868,0,1522,0.523094117641449,True,0.1,False,30,1e-05,True,25.090595483779907,full_train_epoch_chunks,full train set chunked per epoch | validation=dataset_val_split | c_selection=f_mmd c_source=test c_metric=standardized_l2 | f_mmd_reserved_context=5% source=test | wise_ft_skipped rows=7608>=2000,30,1,epoch_chunk,accuracy,0.6313628899835796,0.6970443349753694,0.6313628899835796,0.6970443349753694,25,False,False,,f_mmd,test,standardized_l2,7.755779069194227,5.221569339889184,,True
golf_play_dataset_extended,/home/crc00006699/zh/tabiclv2/data184/golf_play_dataset_extended,binclass,876,176,219,9,2,0.9315068493150684,0.9312292066229928,0.8928122643880372,0.9775069112842424,0.1539722251939055,2.493805408477783,0.4552056789398193,ok,,876,700,0,219,0.1282575502991676,True,0.1,True,8,1e-05,True,2.463566541671753,full_train_epoch_chunks,full train set chunked per epoch | validation=dataset_val_split | c_selection=f_mmd c_source=test c_metric=standardized_l2 | f_mmd_reserved_context=5% source=test | wise_ft=alpha0.1 rows=1095<2000,30,1,epoch_chunk,accuracy,0.9318181818181818,0.9318181818181818,0.9318181818181818,0.9318181818181818,0,True,False,,f_mmd,test,standardized_l2,4.822633304434,0.1819762793356976,,True
hill-valley,/home/crc00006699/zh/tabiclv2/data184/hill-valley,binclass,969,194,243,100,2,0.925925925925926,0.9259183980728696,0.9258908007045116,0.9755453190624576,0.241050721406817,15.2724130153656,0.9025981426239014,ok,,969,775,0,243,0.2952377200126648,True,0.1,True,22,1e-05,True,15.123725652694702,full_train_epoch_chunks,full train set chunked per epoch | validation=dataset_val_split | c_selection=f_mmd c_source=test c_metric=standardized_l2 | f_mmd_reserved_context=5% source=test | wise_ft=alpha0.1 rows=1212<2000,30,1,epoch_chunk,accuracy,0.8350515463917526,0.9123711340206184,0.8350515463917526,0.9123711340206184,14,True,False,,f_mmd,test,standardized_l2,10.408316818988588,6.637803755725998,,True
htru,/home/crc00006699/zh/tabiclv2/data184/htru,binclass,14318,2864,3580,8,2,0.9798882681564246,0.979719410862884,0.9313630636306364,0.9865683031830318,0.06536813383611,11.772216081619264,5.287719964981079,ok,,14318,11454,0,3580,0.0840591751039028,True,0.1,False,16,1e-05,True,11.672372579574583,full_train_epoch_chunks,full train set chunked per epoch | validation=dataset_val_split | c_selection=f_mmd c_source=test c_metric=standardized_l2 | f_mmd_reserved_context=5% source=test | wise_ft_skipped rows=17898>=2000,30,2,epoch_chunk,accuracy,0.9793994413407822,0.9793994413407822,0.9793994413407822,0.9793994413407822,0,True,False,,f_mmd,test,standardized_l2,8.423732365700445,3.614463327402937,,True
in_vehicle_coupon_recommendation,/home/crc00006699/zh/tabiclv2/data184/in_vehicle_coupon_recommendation,binclass,10147,2030,2537,21,2,0.7954276704769413,0.7944580694223327,0.7876269007403467,0.8657369584354556,0.450480500131917,24.5357518196106,3.972743511199951,ok,,10147,8117,0,2537,0.4862140864133835,True,0.1,False,18,1e-05,True,24.28499150276184,full_train_epoch_chunks,full train set chunked per epoch | validation=dataset_val_split | c_selection=f_mmd c_source=test c_metric=standardized_l2 | f_mmd_reserved_context=5% source=test | wise_ft_skipped rows=12684>=2000,30,1,epoch_chunk,accuracy,0.7625615763546798,0.7729064039408867,0.7625615763546798,0.7729064039408867,10,True,False,,f_mmd,test,standardized_l2,1.4574786005071252,0.0956186976103334,,True
jasmine,/home/crc00006699/zh/tabiclv2/data184/jasmine,binclass,2387,478,597,144,2,0.8174204355108877,0.8151271250315825,0.8176079100356894,0.8745594936140604,0.3935001245399058,14.940997838974,2.6952641010284424,ok,,2387,1909,0,597,0.4152791500091553,True,0.1,False,8,1e-05,True,14.460394859313965,full_train_epoch_chunks,full train set chunked per epoch | validation=dataset_val_split | c_selection=f_mmd c_source=test c_metric=standardized_l2 | f_mmd_reserved_context=5% source=test | wise_ft_skipped rows=2984>=2000,30,1,epoch_chunk,accuracy,0.8326359832635983,0.8326359832635983,0.8326359832635983,0.8326359832635983,0,True,False,,f_mmd,test,standardized_l2,138165547175.4543,1346671173825.972,,True
jungle_chess_2pcs_raw_endgame_complete,/home/crc00006699/zh/tabiclv2/data184/jungle_chess_2pcs_raw_endgame_complete,multiclass,35855,7171,8964,6,3,0.9598393574297188,0.9595944168873458,0.9346951511777156,0.9946525216911276,0.1457443843032192,96.96229481697084,24.927900791168213,ok,,35855,28684,0,8964,0.0941575765609741,True,0.1,False,90,1e-05,True,96.78162574768066,full_train_epoch_chunks,full train set chunked per epoch | validation=dataset_val_split | c_selection=f_mmd c_source=test c_metric=standardized_l2 | f_mmd_reserved_context=5% source=test | wise_ft_skipped rows=44819>=2000,30,3,epoch_chunk,accuracy,0.8722632826662948,0.98689164691117,0.8722632826662948,0.98689164691117,28,False,False,,f_mmd,test,standardized_l2,1.6842624684719274,0.1188326255471405,,True
kdd_ipums_la_97-small,/home/crc00006699/zh/tabiclv2/data184/kdd_ipums_la_97-small,binclass,4150,830,1038,20,2,0.8882466281310212,0.8877360742309872,0.8882466281310213,0.949669774020738,0.2585792979247317,7.598296403884888,1.304858684539795,ok,,4150,3320,0,1038,0.2699303328990936,True,0.1,False,12,1e-05,True,7.515755891799927,full_train_epoch_chunks,full train set chunked per epoch | validation=dataset_val_split | c_selection=f_mmd c_source=test c_metric=standardized_l2 | f_mmd_reserved_context=5% source=test | wise_ft_skipped rows=5188>=2000,30,1,epoch_chunk,accuracy,0.8819277108433735,0.8855421686746988,0.8819277108433735,0.8855421686746988,4,True,False,,f_mmd,test,standardized_l2,2.8931288887307254,0.6358918142971975,,True
law-school-admission-bianry,/home/crc00006699/zh/tabiclv2/data184/law-school-admission-bianry,binclass,16640,3328,4160,11,2,1.0,1.0,1.0,1.0,1.9723999026383644e-07,14.084321975708008,6.900784015655518,ok,,16640,13312,0,4160,9.003722767353395e-11,True,0.1,False,16,1e-05,True,13.91674780845642,full_train_epoch_chunks,full train set chunked per epoch | validation=dataset_val_split | c_selection=f_mmd c_source=test c_metric=standardized_l2 | f_mmd_reserved_context=5% source=test | wise_ft_skipped rows=20800>=2000,30,2,epoch_chunk,accuracy,1.0,1.0,1.0,1.0,0,True,False,,f_mmd,test,standardized_l2,3.112586008945274,0.8474250258118484,,True
led7,/home/crc00006699/zh/tabiclv2/data184/led7,multiclass,2560,512,640,7,10,0.74375,0.7405336795425409,0.7430770293507575,0.9590159014060516,0.7806888600985253,3.789961099624634,0.658057689666748,ok,,2560,2048,0,640,0.8048574030399323,True,0.1,False,12,1e-05,True,3.7523021697998047,full_train_epoch_chunks,full train set chunked per epoch | validation=dataset_val_split | c_selection=f_mmd c_source=test c_metric=standardized_l2 | f_mmd_reserved_context=5% source=test | wise_ft_skipped rows=3200>=2000,30,1,epoch_chunk,accuracy,0.728515625,0.736328125,0.728515625,0.736328125,4,True,False,,f_mmd,test,standardized_l2,1.8215096776673143,0.1369328259101747,,True
mammography,/home/crc00006699/zh/tabiclv2/data184/mammography,binclass,8946,1790,2237,6,2,0.989718372820742,0.988999218558277,0.8257789121633515,0.9846505896849146,0.031235192147498,9.663995742797852,2.003453731536865,ok,,8946,7156,0,2237,0.0306926798075437,True,0.1,False,12,1e-05,True,9.595365762710571,full_train_epoch_chunks,full train set chunked per epoch | validation=dataset_val_split | c_selection=f_mmd c_source=test c_metric=standardized_l2 | f_mmd_reserved_context=5% source=test | wise_ft_skipped rows=11183>=2000,30,1,epoch_chunk,accuracy,0.9860335195530726,0.988268156424581,0.9860335195530726,0.988268156424581,4,True,False,,f_mmd,test,standardized_l2,7.970916834701689,14.781896406581865,,True
mfeat-factors,/home/crc00006699/zh/tabiclv2/data184/mfeat-factors,multiclass,1600,320,400,216,10,0.9775,0.9774660103141116,0.9775,0.9996527777777776,0.0952553044585848,31.9541335105896,2.35180139541626,ok,,1600,1280,0,400,0.0025519838090986,True,0.1,False,20,1e-05,True,31.57877516746521,full_train_epoch_chunks,full train set chunked per epoch | validation=dataset_val_split | c_selection=f_mmd c_source=test c_metric=standardized_l2 | f_mmd_reserved_context=5% source=test | wise_ft_skipped rows=2000>=2000,30,1,epoch_chunk,accuracy,0.96875,0.98125,0.96875,0.98125,12,True,False,,f_mmd,test,standardized_l2,1.7975999419873248,0.2074111681229197,,True
mfeat-karhunen,/home/crc00006699/zh/tabiclv2/data184/mfeat-karhunen,multiclass,1600,320,400,64,10,0.975,0.9749923943067405,0.975,0.9996944444444444,0.1091946784177414,8.442124605178833,0.9946792125701904,ok,,1600,1280,0,400,0.01001808186993,True,0.1,False,13,1e-05,True,8.322568893432617,full_train_epoch_chunks,full train set chunked per epoch | validation=dataset_val_split | c_selection=f_mmd c_source=test c_metric=standardized_l2 | f_mmd_reserved_context=5% source=test | wise_ft_skipped rows=2000>=2000,30,1,epoch_chunk,accuracy,0.975,0.978125,0.975,0.978125,5,True,False,,f_mmd,test,standardized_l2,1.4833980234349975,0.0835337499785578,,True
mfeat-pixel,/home/crc00006699/zh/tabiclv2/data184/mfeat-pixel,multiclass,1600,320,400,240,10,0.975,0.974927538957332,0.975,0.9996180555555556,0.1207095201947719,33.290732622146606,2.5841715335845947,ok,,1600,1280,0,400,0.0048446834553033,True,0.1,False,16,1e-05,True,32.642014026641846,full_train_epoch_chunks,full train set chunked per epoch | validation=dataset_val_split | c_selection=f_mmd c_source=test c_metric=standardized_l2 | f_mmd_reserved_context=5% source=test | wise_ft_skipped rows=2000>=2000,30,1,epoch_chunk,accuracy,0.971875,0.98125,0.971875,0.98125,8,True,False,,f_mmd,test,standardized_l2,1.4547364797647877,0.0851544454049838,,True
mice_protein_expression,/home/crc00006699/zh/tabiclv2/data184/mice_protein_expression,multiclass,864,173,216,75,8,1.0,1.0,1.0,1.0,1.5056252801509784e-05,4.919259786605835,0.6293637752532959,ok,,864,691,0,216,9.725274867378177e-05,True,0.1,True,8,1e-05,True,4.806742668151856,full_train_epoch_chunks,full train set chunked per epoch | validation=dataset_val_split | c_selection=f_mmd c_source=test c_metric=standardized_l2 | f_mmd_reserved_context=5% source=test | wise_ft=alpha0.1 rows=1080<2000,30,1,epoch_chunk,accuracy,1.0,1.0,1.0,1.0,0,True,False,,f_mmd,test,standardized_l2,2.7442066627269504,0.7115219973976314,,True
mobile_c36_oversampling,/home/crc00006699/zh/tabiclv2/data184/mobile_c36_oversampling,binclass,41408,8282,10352,6,2,0.9931414219474498,0.9931382681078164,0.9923569371605684,0.9992948879237556,0.0252304490268879,45.9556622505188,23.461815118789676,ok,,41408,33126,0,10352,0.0775075778365135,True,0.1,False,48,1e-05,True,45.77215576171875,full_train_epoch_chunks,full train set chunked per epoch | validation=dataset_val_split | c_selection=f_mmd c_source=test c_metric=standardized_l2 | f_mmd_reserved_context=5% source=test | wise_ft_skipped rows=51760>=2000,30,4,epoch_chunk,accuracy,0.9903404974643806,0.9948080173871046,0.9903404974643806,0.9948080173871046,4,True,False,,f_mmd,test,standardized_l2,3.6527846337416494,1.0369087279793725,,True
national-longitudinal-survey-binary,/home/crc00006699/zh/tabiclv2/data184/national-longitudinal-survey-binary,binclass,3926,786,982,16,2,1.0,1.0,1.0,1.0,0.0045199184499496,8.540219783782959,1.1691153049468994,ok,,3926,3140,0,982,0.0032268048962578,True,0.1,False,16,1e-05,True,8.46066164970398,full_train_epoch_chunks,full train set chunked per epoch | validation=dataset_val_split | c_selection=f_mmd c_source=test c_metric=standardized_l2 | f_mmd_reserved_context=5% source=test | wise_ft_skipped rows=4908>=2000,30,1,epoch_chunk,accuracy,0.9974554707379136,0.9987277353689568,0.9974554707379136,0.9987277353689568,8,True,False,,f_mmd,test,standardized_l2,2.495915587824656,0.4043416212163684,,True
online_shoppers,/home/crc00006699/zh/tabiclv2/data184/online_shoppers,binclass,9864,1973,2466,14,2,0.9047039740470396,0.9000951198603814,0.7757886062847323,0.928054436192984,0.2313809883367899,9.25366711616516,3.3638510704040527,ok,,9864,7891,0,2466,0.2366692423820495,True,0.1,False,8,1e-05,True,9.10644555091858,full_train_epoch_chunks,full train set chunked per epoch | validation=dataset_val_split | c_selection=f_mmd c_source=test c_metric=standardized_l2 | f_mmd_reserved_context=5% source=test | wise_ft_skipped rows=12330>=2000,30,1,epoch_chunk,accuracy,0.9052204764318296,0.9052204764318296,0.9052204764318296,0.9052204764318296,0,True,False,,f_mmd,test,standardized_l2,3.5098644981147658,2.697652877655743,,True
ozone-level-8hr,/home/crc00006699/zh/tabiclv2/data184/ozone-level-8hr,binclass,2027,406,507,72,2,0.9546351084812624,0.9455028296657256,0.6697697368421053,0.9373026315789474,0.1301244304655765,11.177652835845947,1.2057926654815674,ok,,2027,1621,0,507,0.1711633205413818,True,0.1,False,14,1e-05,True,11.02031397819519,full_train_epoch_chunks,full train set chunked per epoch | validation=dataset_val_split | c_selection=f_mmd c_source=test c_metric=standardized_l2 | f_mmd_reserved_context=5% source=test | wise_ft_skipped rows=2534>=2000,30,1,epoch_chunk,accuracy,0.9433497536945812,0.958128078817734,0.9433497536945812,0.958128078817734,6,True,False,,f_mmd,test,standardized_l2,3.640077308972662,1.068289197665083,,True
page-blocks,/home/crc00006699/zh/tabiclv2/data184/page-blocks,multiclass,4378,876,1095,10,5,0.9771689497716894,0.9769424468656428,0.8995303112955375,0.993198667677234,0.0862571224190307,5.202293157577515,1.1437883377075195,ok,,4378,3502,0,1095,0.0420791245996952,True,0.1,False,10,1e-05,True,5.150611400604248,full_train_epoch_chunks,full train set chunked per epoch | validation=dataset_val_split | c_selection=f_mmd c_source=test c_metric=standardized_l2 | f_mmd_reserved_context=5% source=test | wise_ft_skipped rows=5473>=2000,30,1,epoch_chunk,accuracy,0.976027397260274,0.9771689497716894,0.976027397260274,0.9771689497716894,2,True,False,,f_mmd,test,standardized_l2,12.757393955219287,30.614221119910603,,True
pc3,/home/crc00006699/zh/tabiclv2/data184/pc3,binclass,1250,250,313,37,2,0.8977635782747604,0.8604309188161464,0.52769128113879,0.8386343416370107,0.2623913278278175,6.225713491439819,0.5488922595977783,ok,,1250,1000,0,313,0.2074743434786796,True,0.1,True,13,1e-05,True,6.153045415878296,full_train_epoch_chunks,full train set chunked per epoch | validation=dataset_val_split | c_selection=f_mmd c_source=test c_metric=standardized_l2 | f_mmd_reserved_context=5% source=test | wise_ft=alpha0.1 rows=1563<2000,30,1,epoch_chunk,accuracy,0.884,0.892,0.884,0.892,5,True,False,,f_mmd,test,standardized_l2,21.94413297514876,53.81827503926654,,True
pendigits,/home/crc00006699/zh/tabiclv2/data184/pendigits,multiclass,8793,1759,2199,16,10,0.9968167348794906,0.9968214347753576,0.9967942217347212,0.9997114526226062,0.0141017349998366,8.652920961380005,2.973211765289306,ok,,8793,7034,0,2199,0.0046522927004843,True,0.1,False,8,1e-05,True,8.525662183761597,full_train_epoch_chunks,full train set chunked per epoch | validation=dataset_val_split | c_selection=f_mmd c_source=test c_metric=standardized_l2 | f_mmd_reserved_context=5% source=test | wise_ft_skipped rows=10992>=2000,30,1,epoch_chunk,accuracy,0.9965889710062537,0.9965889710062537,0.9965889710062537,0.9965889710062537,0,True,False,,f_mmd,test,standardized_l2,2.1886864949826115,0.5111119886651195,,True
pol,/home/crc00006699/zh/tabiclv2/data184/pol,binclass,8065,1613,2017,26,2,0.9846306395637084,0.9846300501992123,0.984633831233187,0.9992920855160696,0.0367586864910713,25.35342502593994,3.04534912109375,ok,,8065,6452,0,2017,0.0397954303771257,True,0.1,False,23,1e-05,True,25.19815158843994,full_train_epoch_chunks,full train set chunked per epoch | validation=dataset_val_split | c_selection=f_mmd c_source=test c_metric=standardized_l2 | f_mmd_reserved_context=5% source=test | wise_ft_skipped rows=10082>=2000,30,1,epoch_chunk,accuracy,0.9783013019218848,0.9832610043397396,0.9783013019218848,0.9832610043397396,15,True,False,,f_mmd,test,standardized_l2,7.999090254317198,3.5220047343063365,,True
rice_cammeo_and_osmancik,/home/crc00006699/zh/tabiclv2/data184/rice_cammeo_and_osmancik,binclass,3048,610,762,7,2,0.9291338582677166,0.9289836767733808,0.9256908876006078,0.9766913378735858,0.1937822705118417,2.825364828109741,0.6641337871551514,ok,,3048,2438,0,762,0.2020521014928817,True,0.1,False,8,1e-05,True,2.7940495014190674,full_train_epoch_chunks,full train set chunked per epoch | validation=dataset_val_split | c_selection=f_mmd c_source=test c_metric=standardized_l2 | f_mmd_reserved_context=5% source=test | wise_ft_skipped rows=3810>=2000,30,1,epoch_chunk,accuracy,0.9327868852459016,0.9327868852459016,0.9327868852459016,0.9327868852459016,0,True,False,,f_mmd,test,standardized_l2,3.644353127062179,0.9587593970817964,,True
rl,/home/crc00006699/zh/tabiclv2/data184/rl,binclass,3976,796,994,12,2,0.852112676056338,0.8520694064370735,0.852112676056338,0.9360347193826946,0.3285803158761493,8.789579153060913,1.1007769107818604,ok,,3976,3180,0,994,0.3492755889892578,True,0.1,False,19,1e-05,True,8.726868629455566,full_train_epoch_chunks,full train set chunked per epoch | validation=dataset_val_split | c_selection=f_mmd c_source=test c_metric=standardized_l2 | f_mmd_reserved_context=5% source=test | wise_ft_skipped rows=4970>=2000,30,1,epoch_chunk,accuracy,0.8417085427135679,0.8655778894472361,0.8417085427135679,0.8655778894472361,11,True,False,,f_mmd,test,standardized_l2,4.331501638673812,1.3525293926667916,,True
segment,/home/crc00006699/zh/tabiclv2/data184/segment,multiclass,1848,370,462,17,7,0.9372294372294372,0.9373080631969972,0.9372294372294372,0.9966111329747692,0.1633141755818869,5.439965009689331,0.5296547412872314,ok,,1848,1478,0,462,0.1643902957439422,True,0.1,False,16,1e-05,True,5.394173860549927,full_train_epoch_chunks,full train set chunked per epoch | validation=dataset_val_split | c_selection=f_mmd c_source=test c_metric=standardized_l2 | f_mmd_reserved_context=5% source=test | wise_ft_skipped rows=2310>=2000,30,1,epoch_chunk,accuracy,0.9432432432432432,0.945945945945946,0.9432432432432432,0.945945945945946,8,True,False,,f_mmd,test,standardized_l2,4.673877413366435,6.964756634065661,,True
semeion,/home/crc00006699/zh/tabiclv2/data184/semeion,multiclass,1274,255,319,256,10,0.9561128526645768,0.9566138727650756,0.9561491935483872,0.9988442577398124,0.1375834296573637,25.66583824157715,2.3446195125579834,ok,,1274,1019,0,319,0.1291318386793136,True,0.1,True,14,1e-05,True,25.21115779876709,full_train_epoch_chunks,full train set chunked per epoch | validation=dataset_val_split | c_selection=f_mmd c_source=test c_metric=standardized_l2 | f_mmd_reserved_context=5% source=test | wise_ft=alpha0.1 rows=1593<2000,30,1,epoch_chunk,accuracy,0.9098039215686274,0.9215686274509804,0.9098039215686274,0.9215686274509804,6,True,False,,f_mmd,test,standardized_l2,1.2567126074262522,0.0692987756638097,,True
shrutime,/home/crc00006699/zh/tabiclv2/data184/shrutime,binclass,8000,1600,2000,10,2,0.8695,0.8575307141942213,0.7213904735105268,0.8782872016576705,0.3131685770606242,12.199295043945312,2.4202136993408203,ok,,8000,6400,0,2000,0.3523707538843155,True,0.1,False,15,1e-05,True,12.103683710098268,full_train_epoch_chunks,full train set chunked per epoch | validation=dataset_val_split | c_selection=f_mmd c_source=test c_metric=standardized_l2 | f_mmd_reserved_context=5% source=test | wise_ft_skipped rows=10000>=2000,30,1,epoch_chunk,accuracy,0.86625,0.869375,0.86625,0.869375,7,True,False,,f_mmd,test,standardized_l2,1.979149733578361,0.3821365240737275,,True
spambase,/home/crc00006699/zh/tabiclv2/data184/spambase,binclass,3680,736,921,57,2,0.9598262757871878,0.9598358904607924,0.9581815219645132,0.99089131787079,0.1175406666422136,8.400364875793457,1.834167003631592,ok,,3680,2944,0,921,0.1149203181266784,True,0.1,False,8,1e-05,True,8.225951671600342,full_train_epoch_chunks,full train set chunked per epoch | validation=dataset_val_split | c_selection=f_mmd c_source=test c_metric=standardized_l2 | f_mmd_reserved_context=5% source=test | wise_ft_skipped rows=4601>=2000,30,1,epoch_chunk,accuracy,0.9646739130434784,0.9646739130434784,0.9646739130434784,0.9646739130434784,0,True,False,,f_mmd,test,standardized_l2,14.631184390913331,18.713219754946216,,True
sports_articles_for_objectivity_analysis,/home/crc00006699/zh/tabiclv2/data184/sports_articles_for_objectivity_analysis,binclass,800,160,200,59,2,0.85,0.8473262032085561,0.8236436198899795,0.8924603602631862,0.3971671935025519,7.437491416931152,0.8172624111175537,ok,,800,640,0,200,0.2670082449913025,True,0.1,True,14,1e-05,True,7.329211473464966,full_train_epoch_chunks,full train set chunked per epoch | validation=dataset_val_split | c_selection=f_mmd c_source=test c_metric=standardized_l2 | f_mmd_reserved_context=5% source=test | wise_ft=alpha0.1 rows=1000<2000,30,1,epoch_chunk,accuracy,0.8125,0.83125,0.8125,0.83125,6,True,False,,f_mmd,test,standardized_l2,339513540762.89,1890331392914.6987,,True
steel_plates_faults,/home/crc00006699/zh/tabiclv2/data184/steel_plates_faults,multiclass,1552,311,389,27,7,0.8380462724935732,0.8378453982716294,0.8754996546663214,0.9781639465949086,0.4029893564253593,11.609386444091797,0.5705006122589111,ok,,1552,1241,0,389,0.3444955348968506,True,0.1,True,30,1e-05,True,11.540664911270142,full_train_epoch_chunks,full train set chunked per epoch | validation=dataset_val_split | c_selection=f_mmd c_source=test c_metric=standardized_l2 | f_mmd_reserved_context=5% source=test | wise_ft=alpha0.1 rows=1941<2000,30,1,epoch_chunk,accuracy,0.7781350482315113,0.797427652733119,0.7781350482315113,0.797427652733119,23,False,False,,f_mmd,test,standardized_l2,2.8493004018632764,1.789397759747483,,True
sylvine,/home/crc00006699/zh/tabiclv2/data184/sylvine,binclass,4099,820,1025,20,2,0.9707317073170731,0.9707266363485906,0.9707450048732944,0.99708363791423,0.0749184127766623,7.294751167297363,1.2648580074310305,ok,,4099,3279,0,1025,0.0599586386233568,True,0.1,False,12,1e-05,True,7.2056872844696045,full_train_epoch_chunks,full train set chunked per epoch | validation=dataset_val_split | c_selection=f_mmd c_source=test c_metric=standardized_l2 | f_mmd_reserved_context=5% source=test | wise_ft_skipped rows=5124>=2000,30,1,epoch_chunk,accuracy,0.9719512195121952,0.9780487804878047,0.9719512195121952,0.9780487804878047,4,True,False,,f_mmd,test,standardized_l2,2.4997594629152973,0.4835628761936727,,True
telco-customer-churn,/home/crc00006699/zh/tabiclv2/data184/telco-customer-churn,binclass,5634,1127,1409,18,2,0.8069552874378992,0.7994573812835726,0.720036683975303,0.8499586659433207,0.4113303486294214,6.406598091125488,1.804612636566162,ok,,5634,4507,0,1409,0.4155173152685165,True,0.1,False,8,1e-05,True,6.2785420417785645,full_train_epoch_chunks,full train set chunked per epoch | validation=dataset_val_split | c_selection=f_mmd c_source=test c_metric=standardized_l2 | f_mmd_reserved_context=5% source=test | wise_ft_skipped rows=7043>=2000,30,1,epoch_chunk,accuracy,0.8163265306122449,0.8163265306122449,0.8163265306122449,0.8163265306122449,0,True,False,,f_mmd,test,standardized_l2,1.7132918057712652,0.096393168135779,,True
thyroid-ann,/home/crc00006699/zh/tabiclv2/data184/thyroid-ann,multiclass,3017,604,755,21,3,0.990728476821192,0.9905986229528848,0.9205750766601316,0.999436390939632,0.0206577883157448,4.077762126922607,0.9386942386627196,ok,,3017,2413,0,755,0.0287094675004482,True,0.1,False,8,1e-05,True,4.012403964996338,full_train_epoch_chunks,full train set chunked per epoch | validation=dataset_val_split | c_selection=f_mmd c_source=test c_metric=standardized_l2 | f_mmd_reserved_context=5% source=test | wise_ft_skipped rows=3772>=2000,30,1,epoch_chunk,accuracy,0.98841059602649,0.98841059602649,0.98841059602649,0.98841059602649,0,True,False,,f_mmd,test,standardized_l2,950019840460.8036,10406945933882.355,,True
turiye_student_evaluation,/home/crc00006699/zh/tabiclv2/data184/turiye_student_evaluation,multiclass,4656,932,1164,32,5,0.520618556701031,0.491025553726544,0.4085668004648554,0.7574909131351703,1.2012412672272872,13.924918413162231,1.744556903839111,ok,,4656,3724,0,1164,1.2016335725784302,True,0.1,False,17,1e-05,True,13.788067102432253,full_train_epoch_chunks,full train set chunked per epoch | validation=dataset_val_split | c_selection=f_mmd c_source=test c_metric=standardized_l2 | f_mmd_reserved_context=5% source=test | wise_ft_skipped rows=5820>=2000,30,1,epoch_chunk,accuracy,0.5042918454935622,0.51931330472103,0.5042918454935622,0.51931330472103,9,True,False,,f_mmd,test,standardized_l2,2.548276027395312,0.105000513211854,,True
vehicle,/home/crc00006699/zh/tabiclv2/data184/vehicle,multiclass,676,136,170,18,4,0.8588235294117647,0.857898255269547,0.8601190476190477,0.970756673881674,0.2648312210923065,4.840157508850098,0.4039397239685058,ok,,676,540,0,170,0.1665206626057624,True,0.1,True,17,1e-05,True,4.801889181137085,full_train_epoch_chunks,full train set chunked per epoch | validation=dataset_val_split | c_selection=f_mmd c_source=test c_metric=standardized_l2 | f_mmd_reserved_context=5% source=test | wise_ft=alpha0.1 rows=846<2000,30,1,epoch_chunk,accuracy,0.8602941176470589,0.8897058823529411,0.8602941176470589,0.8897058823529411,9,True,False,,f_mmd,test,standardized_l2,8.128469240664243,10.098560536286527,,True
water_quality,/home/crc00006699/zh/tabiclv2/data184/water_quality,binclass,6396,1280,1600,20,2,0.908125,0.895466468251777,0.6703877927432229,0.909067483996962,0.216378274580298,10.667364835739136,2.0032761096954346,ok,,6396,5116,0,1600,0.2263624370098114,True,0.1,False,14,1e-05,True,10.582543134689333,full_train_epoch_chunks,full train set chunked per epoch | validation=dataset_val_split | c_selection=f_mmd c_source=test c_metric=standardized_l2 | f_mmd_reserved_context=5% source=test | wise_ft_skipped rows=7996>=2000,30,1,epoch_chunk,accuracy,0.89609375,0.90078125,0.89609375,0.90078125,6,True,False,,f_mmd,test,standardized_l2,2.184871844324284,0.6855332423111686,,True
waveform_database_generator_version_1,/home/crc00006699/zh/tabiclv2/data184/waveform_database_generator_version_1,multiclass,4000,800,1000,21,3,0.87,0.8695895949200051,0.8698715205839543,0.9723641492704548,0.2947506780254789,11.06413435935974,1.2568721771240234,ok,,4000,3200,0,1000,0.2765458226203918,True,0.1,False,19,1e-05,True,10.982030391693115,full_train_epoch_chunks,full train set chunked per epoch | validation=dataset_val_split | c_selection=f_mmd c_source=test c_metric=standardized_l2 | f_mmd_reserved_context=5% source=test | wise_ft_skipped rows=5000>=2000,30,1,epoch_chunk,accuracy,0.84875,0.85625,0.84875,0.85625,11,True,False,,f_mmd,test,standardized_l2,1.882549090208192,0.1979372705495605,,True
wine,/home/crc00006699/zh/tabiclv2/data184/wine,binclass,2043,409,511,4,2,0.7788649706457925,0.7778527163618255,0.7789981617647059,0.8777420343137255,0.4495642811547125,4.832724332809448,0.2331552505493164,ok,,2043,1634,0,511,0.4476726055145263,True,0.1,False,19,1e-05,True,4.811452388763428,full_train_epoch_chunks,full train set chunked per epoch | validation=dataset_val_split | c_selection=f_mmd c_source=test c_metric=standardized_l2 | f_mmd_reserved_context=5% source=test | wise_ft_skipped rows=2554>=2000,30,1,epoch_chunk,accuracy,0.8190709046454768,0.823960880195599,0.8190709046454768,0.823960880195599,11,True,False,,f_mmd,test,standardized_l2,2.8824947638964247,0.9327613221191868,,True
wine-quality-white,/home/crc00006699/zh/tabiclv2/data184/wine-quality-white,multiclass,3918,784,980,11,7,0.6857142857142857,0.6783374715140674,0.405032626921434,0.9107414049180586,0.750879095809343,7.204223394393921,1.028731346130371,ok,,3918,3134,0,980,0.7964256703853607,True,0.1,False,16,1e-05,True,7.1506507396698,full_train_epoch_chunks,full train set chunked per epoch | validation=dataset_val_split | c_selection=f_mmd c_source=test c_metric=standardized_l2 | f_mmd_reserved_context=5% source=test | wise_ft_skipped rows=4898>=2000,30,1,epoch_chunk,accuracy,0.6772959183673469,0.6862244897959183,0.6772959183673469,0.6862244897959183,8,True,False,,f_mmd,test,standardized_l2,3.673236654260074,3.411157006688521,,True
BLE_RSSI_dataset_for_Indoor_localization,/home/crc00006699/zh/tabiclv2/data184/BLE_RSSI_dataset_for_Indoor_localization,multiclass,7987,1598,1997,3,3,0.7661492238357537,0.765672834291374,0.7656332253965831,0.9176317267274322,0.5413359544753553,21.868929147720337,1.2315094470977783,ok,,7987,6389,0,1997,0.5395618975162506,True,0.1,False,30,1e-05,True,21.83265352249145,full_train_epoch_chunks,full train set chunked per epoch | validation=dataset_val_split | c_selection=f_mmd c_source=test c_metric=standardized_l2 | f_mmd_reserved_context=5% source=test | wise_ft_skipped rows=9984>=2000,30,1,epoch_chunk,accuracy,0.753441802252816,0.7847309136420526,0.753441802252816,0.7847309136420526,28,False,False,,f_mmd,test,standardized_l2,2.7880152284378377,0.5126020498832063,,True
BNG(cmc),/home/crc00006699/zh/tabiclv2/data184/BNG(cmc),multiclass,44236,8848,11060,9,3,0.5861663652802893,0.5846926415876872,0.566581922870753,0.7641787002721335,0.8763218203058557,51.00189661979675,34.25863480567932,ok,,44236,35388,0,11060,0.9301306307315826,True,0.1,False,44,1e-05,True,50.59706473350525,full_train_epoch_chunks,full train set chunked per epoch | validation=dataset_val_split | c_selection=f_mmd c_source=test c_metric=standardized_l2 | f_mmd_reserved_context=5% source=test | wise_ft_skipped rows=55296>=2000,30,4,epoch_chunk,accuracy,0.5751582278481012,0.5782097649186256,0.5751582278481012,0.5782097649186256,3,True,False,,f_mmd,test,standardized_l2,2.794321193095839,0.4145964578631019,,True
Bank_Customer_Churn_Dataset,/home/crc00006699/zh/tabiclv2/data184/Bank_Customer_Churn_Dataset,binclass,8000,1600,2000,10,2,0.877,0.8662531611446974,0.7435200994523028,0.8768329192058005,0.3184736997033852,13.09769368171692,2.3918731212615967,ok,,8000,6400,0,2000,0.3337035179138183,True,0.1,False,16,1e-05,True,13.010951519012451,full_train_epoch_chunks,full train set chunked per epoch | validation=dataset_val_split | c_selection=f_mmd c_source=test c_metric=standardized_l2 | f_mmd_reserved_context=5% source=test | wise_ft_skipped rows=10000>=2000,30,1,epoch_chunk,accuracy,0.86625,0.869375,0.86625,0.869375,8,True,False,,f_mmd,test,standardized_l2,1.971439636592256,0.3832377446610424,,True
California-Housing-Classification,/home/crc00006699/zh/tabiclv2/data184/California-Housing-Classification,binclass,16512,3303,4128,8,2,0.9164244186046512,0.9164242469445664,0.9164238121450344,0.9774148229088788,0.1929318420656697,28.30541062355041,6.5782551765441895,ok,,16512,13209,0,4128,0.2787720859050751,True,0.1,False,36,1e-05,True,28.124035120010376,full_train_epoch_chunks,full train set chunked per epoch | validation=dataset_val_split | c_selection=f_mmd c_source=test c_metric=standardized_l2 | f_mmd_reserved_context=5% source=test | wise_ft_skipped rows=20640>=2000,30,2,epoch_chunk,accuracy,0.9043293975174084,0.9118982742960944,0.9043293975174084,0.9118982742960944,10,True,False,,f_mmd,test,standardized_l2,7.588304091144047,12.422353217839712,,True
Click_prediction_small,/home/crc00006699/zh/tabiclv2/data184/Click_prediction_small,binclass,31958,6392,7990,3,2,0.8319148936170213,0.7559605235423814,0.5011144130757801,0.625747358999797,0.4386445558097154,28.2505841255188,6.893669128417969,ok,,31958,25566,0,7990,0.4626760333776474,True,0.1,False,33,1e-05,True,28.16262197494507,full_train_epoch_chunks,full train set chunked per epoch | validation=dataset_val_split | c_selection=f_mmd c_source=test c_metric=standardized_l2 | f_mmd_reserved_context=5% source=test | wise_ft_skipped rows=39948>=2000,30,3,epoch_chunk,accuracy,0.8322903629536921,0.8324468085106383,0.8322903629536921,0.8324468085106383,3,True,False,,f_mmd,test,standardized_l2,186.67616031451504,5491.78852005629,,True
Contaminant-detection-in-packaged-cocoa-hazelnut-spread-jars-using-Microwaves-Sensing-and-Machine-Learning-10.5GHz(Urbinati),/home/crc00006699/zh/tabiclv2/data184/Contaminant-detection-in-packaged-cocoa-hazelnut-spread-jars-using-Microwaves-Sensing-and-Machine-Learning-10.5GHz(Urbinati),binclass,1920,384,480,30,2,0.9645833333333332,0.9645930209839396,0.9650305895439376,0.993047830923248,0.0962208748072024,4.071409702301025,0.7147753238677979,ok,,1920,1536,0,480,0.0895918570458889,True,0.1,False,8,1e-05,True,3.980996370315552,full_train_epoch_chunks,full train set chunked per epoch | validation=dataset_val_split | c_selection=f_mmd c_source=test c_metric=standardized_l2 | f_mmd_reserved_context=5% source=test | wise_ft_skipped rows=2400>=2000,30,1,epoch_chunk,accuracy,0.9713541666666666,0.9713541666666666,0.9713541666666666,0.9713541666666666,0,True,False,,f_mmd,test,standardized_l2,2.9673940492514594,0.4280873122957878,,True
Contaminant-detection-in-packaged-cocoa-hazelnut-spread-jars-using-Microwaves-Sensing-and-Machine-Learning-9.0GHz(Urbinati),/home/crc00006699/zh/tabiclv2/data184/Contaminant-detection-in-packaged-cocoa-hazelnut-spread-jars-using-Microwaves-Sensing-and-Machine-Learning-9.0GHz(Urbinati),binclass,1920,384,480,30,2,0.9520833333333332,0.9520947730150116,0.9527947719688544,0.9924221357063404,0.123282671650567,7.500993728637695,0.8348569869995117,ok,,1920,1536,0,480,0.0782155655324459,True,0.1,False,15,1e-05,True,7.399385690689087,full_train_epoch_chunks,full train set chunked per epoch | validation=dataset_val_split | c_selection=f_mmd c_source=test c_metric=standardized_l2 | f_mmd_reserved_context=5% source=test | wise_ft_skipped rows=2400>=2000,30,1,epoch_chunk,accuracy,0.9479166666666666,0.953125,0.9479166666666666,0.953125,7,True,False,,f_mmd,test,standardized_l2,2.6716678488244696,0.3750358422935138,,True
Credit_c,/home/crc00006699/zh/tabiclv2/data184/Credit_c,multiclass,80000,16000,20000,22,3,0.8043,0.8043194739859185,0.8040202402314045,0.922270036010748,0.4658291598832224,385.5610451698303,110.68794059753418,ok,,80000,64000,0,20000,0.6143129765987396,True,0.1,False,210,1e-05,True,384.0517871379852,full_train_epoch_chunks,full train set chunked per epoch | validation=dataset_val_split | c_selection=f_mmd c_source=test c_metric=standardized_l2 | f_mmd_reserved_context=5% source=test | wise_ft_skipped rows=100000>=2000,30,7,epoch_chunk,accuracy,0.7894375,0.81725,0.7894375,0.81725,25,False,False,,f_mmd,test,standardized_l2,2.7378888322606523,11.934273427643102,,True
Diabetic_Retinopathy_Debrecen,/home/crc00006699/zh/tabiclv2/data184/Diabetic_Retinopathy_Debrecen,binclass,920,184,231,19,2,0.7445887445887446,0.744328695796539,0.7426603432700993,0.8344625112917796,0.4990586952900511,6.81123685836792,0.5313529968261719,ok,,920,736,0,231,0.4640063345432281,True,0.1,True,22,1e-05,True,6.769354343414307,full_train_epoch_chunks,full train set chunked per epoch | validation=dataset_val_split | c_selection=f_mmd c_source=test c_metric=standardized_l2 | f_mmd_reserved_context=5% source=test | wise_ft=alpha0.1 rows=1151<2000,30,1,epoch_chunk,accuracy,0.7010869565217391,0.7228260869565217,0.7010869565217391,0.7228260869565217,14,True,False,,f_mmd,test,standardized_l2,5.664250304322983,5.561929671744881,,True
Employee,/home/crc00006699/zh/tabiclv2/data184/Employee,binclass,3722,745,931,8,2,0.8582169709989259,0.852257123541658,0.8123542348608839,0.8752659574468086,0.3596740532292447,5.459641933441162,0.9002127647399902,ok,,3722,2977,0,931,0.3715496808290481,True,0.1,False,14,1e-05,True,5.413677930831909,full_train_epoch_chunks,full train set chunked per epoch | validation=dataset_val_split | c_selection=f_mmd c_source=test c_metric=standardized_l2 | f_mmd_reserved_context=5% source=test | wise_ft_skipped rows=4653>=2000,30,1,epoch_chunk,accuracy,0.8416107382550335,0.8577181208053691,0.8416107382550335,0.8577181208053691,6,True,False,,f_mmd,test,standardized_l2,2.470791548339392,0.3079936704936895,,True
FOREX_audcad-day-High,/home/crc00006699/zh/tabiclv2/data184/FOREX_audcad-day-High,binclass,1467,294,367,10,2,0.7574931880108992,0.757070856347107,0.7569654844650389,0.8276599536624488,0.5146413819975227,2.637598991394043,0.3821537494659424,ok,,1467,1173,0,367,0.5358190536499023,True,0.1,True,8,1e-05,True,2.607046604156494,full_train_epoch_chunks,full train set chunked per epoch | validation=dataset_val_split | c_selection=f_mmd c_source=test c_metric=standardized_l2 | f_mmd_reserved_context=5% source=test | wise_ft=alpha0.1 rows=1834<2000,30,1,epoch_chunk,accuracy,0.7517006802721088,0.7517006802721088,0.7517006802721088,0.7517006802721088,0,True,False,,f_mmd,test,standardized_l2,6.945461230026011,6.131591205835924,,True
FOREX_audchf-day-High,/home/crc00006699/zh/tabiclv2/data184/FOREX_audchf-day-High,binclass,1466,294,367,10,2,0.7465940054495913,0.7465940054495913,0.7467326085665063,0.8274223251945583,0.50798040826523,2.613896369934082,0.3854439258575439,ok,,1466,1172,0,367,0.5691587626934052,True,0.1,True,8,1e-05,True,2.5805976390838623,full_train_epoch_chunks,full train set chunked per epoch | validation=dataset_val_split | c_selection=f_mmd c_source=test c_metric=standardized_l2 | f_mmd_reserved_context=5% source=test | wise_ft=alpha0.1 rows=1833<2000,30,1,epoch_chunk,accuracy,0.7006802721088435,0.7006802721088435,0.7006802721088435,0.7006802721088435,0,True,False,,f_mmd,test,standardized_l2,3.727798601022341,0.7163133752509551,,True
FOREX_audjpy-hour-High,/home/crc00006699/zh/tabiclv2/data184/FOREX_audjpy-hour-High,binclass,35060,7012,8765,10,2,0.7249286936679977,0.7249770690601683,0.7253421150247741,0.7970995799992643,0.5500018251253322,75.54623293876648,22.837860584259037,ok,,35060,28048,0,8765,0.5378620624542236,True,0.1,False,66,1e-05,True,75.2751235961914,full_train_epoch_chunks,full train set chunked per epoch | validation=dataset_val_split | c_selection=f_mmd c_source=test c_metric=standardized_l2 | f_mmd_reserved_context=5% source=test | wise_ft_skipped rows=43825>=2000,30,3,epoch_chunk,accuracy,0.6935253850541928,0.7153451226468911,0.6935253850541928,0.7153451226468911,14,True,False,,f_mmd,test,standardized_l2,4.451297781660736,4.825160442342949,,True
FOREX_audusd-hour-High,/home/crc00006699/zh/tabiclv2/data184/FOREX_audusd-hour-High,binclass,35060,7012,8765,10,2,0.7033656588705077,0.703205741178233,0.7018473986525708,0.7831863017051182,0.5605519274191946,84.1023542881012,22.83085870742798,ok,,35060,28048,0,8765,0.5575104057788849,True,0.1,False,72,1e-05,True,83.78144478797913,full_train_epoch_chunks,full train set chunked per epoch | validation=dataset_val_split | c_selection=f_mmd c_source=test c_metric=standardized_l2 | f_mmd_reserved_context=5% source=test | wise_ft_skipped rows=43825>=2000,30,3,epoch_chunk,accuracy,0.6772675413576725,0.7166286366229321,0.6772675413576725,0.7166286366229321,16,True,False,,f_mmd,test,standardized_l2,4.069167608838231,3.0725488284327875,,True
FOREX_cadjpy-hour-High,/home/crc00006699/zh/tabiclv2/data184/FOREX_cadjpy-hour-High,binclass,35060,7012,8765,10,2,0.7145464917284655,0.7145871057225109,0.7143451865397089,0.7875042735791308,0.5616349920623211,72.24926137924194,22.828096389770508,ok,,35060,28048,0,8765,0.5607538223266602,True,0.1,False,63,1e-05,True,71.96766877174377,full_train_epoch_chunks,full train set chunked per epoch | validation=dataset_val_split | c_selection=f_mmd c_source=test c_metric=standardized_l2 | f_mmd_reserved_context=5% source=test | wise_ft_skipped rows=43825>=2000,30,3,epoch_chunk,accuracy,0.6948088990302339,0.7183399885909869,0.6948088990302339,0.7183399885909869,13,True,False,,f_mmd,test,standardized_l2,5.0751026383273325,5.18723860676393,,True
Fitness_Club_c,/home/crc00006699/zh/tabiclv2/data184/Fitness_Club_c,binclass,1200,240,300,6,2,0.7866666666666666,0.782957328117076,0.73210999526789,0.8204952941795047,0.455492207233056,2.575460195541382,0.239356517791748,ok,,1200,960,0,300,0.4823411703109741,True,0.1,True,8,1e-05,True,2.549492359161377,full_train_epoch_chunks,full train set chunked per epoch | validation=dataset_val_split | c_selection=f_mmd c_source=test c_metric=standardized_l2 | f_mmd_reserved_context=5% source=test | wise_ft=alpha0.1 rows=1500<2000,30,1,epoch_chunk,accuracy,0.7708333333333334,0.7708333333333334,0.7708333333333334,0.7708333333333334,0,True,False,,f_mmd,test,standardized_l2,2.847059097133309,1.33718557654517,,True
GAMETES_Heterogeneity_20atts_1600_Het_0.4_0.2_50_EDM-2_001,/home/crc00006699/zh/tabiclv2/data184/GAMETES_Heterogeneity_20atts_1600_Het_0.4_0.2_50_EDM-2_001,binclass,1280,256,320,20,2,0.68125,0.6808011265842591,0.68125,0.7515625,0.5483828403279871,3.2669830322265625,0.4112660884857178,ok,,1280,1024,0,320,0.4878508150577545,True,0.1,True,8,1e-05,True,3.209963798522949,full_train_epoch_chunks,full train set chunked per epoch | validation=dataset_val_split | c_selection=f_mmd c_source=test c_metric=standardized_l2 | f_mmd_reserved_context=5% source=test | wise_ft=alpha0.1 rows=1600<2000,30,1,epoch_chunk,accuracy,0.68359375,0.68359375,0.68359375,0.68359375,0,True,False,,f_mmd,test,standardized_l2,2.760004018332749,0.7851864701644636,,True
GesturePhaseSegmentationProcessed,/home/crc00006699/zh/tabiclv2/data184/GesturePhaseSegmentationProcessed,multiclass,7898,1580,1975,32,5,0.8283544303797469,0.8269857687209825,0.8063285004103928,0.9647636022444164,0.48899259988292,37.8225371837616,3.191370964050293,ok,,7898,6318,0,1975,0.6061637997627258,True,0.1,False,30,1e-05,True,37.60732626914978,full_train_epoch_chunks,full train set chunked per epoch | validation=dataset_val_split | c_selection=f_mmd c_source=test c_metric=standardized_l2 | f_mmd_reserved_context=5% source=test | wise_ft_skipped rows=9873>=2000,30,1,epoch_chunk,accuracy,0.7367088607594937,0.7943037974683544,0.7367088607594937,0.7943037974683544,28,False,False,,f_mmd,test,standardized_l2,10.164513204206571,8.802748713724569,,True
Heart-Disease-Dataset-(Comprehensive),/home/crc00006699/zh/tabiclv2/data184/Heart-Disease-Dataset-(Comprehensive),binclass,952,191,238,11,2,0.9495798319327732,0.9494787388639668,0.9473496468573874,0.9825212242277234,0.1599209250954009,4.515724182128906,0.4950950145721435,ok,,952,761,0,238,0.2275459989905357,True,0.1,True,17,1e-05,True,4.481544256210327,full_train_epoch_chunks,full train set chunked per epoch | validation=dataset_val_split | c_selection=f_mmd c_source=test c_metric=standardized_l2 | f_mmd_reserved_context=5% source=test | wise_ft=alpha0.1 rows=1190<2000,30,1,epoch_chunk,accuracy,0.8952879581151832,0.9057591623036648,0.8952879581151832,0.9057591623036648,9,True,False,,f_mmd,test,standardized_l2,2.297013720855799,0.7238989973059439,,True
Insurance,/home/crc00006699/zh/tabiclv2/data184/Insurance,binclass,18838,3768,4710,10,2,0.7575371549893843,0.6530303380048618,0.5,0.5049995631533066,0.5555292650780866,15.31727147102356,8.131282329559326,ok,,18838,15070,0,4710,0.5601411759853363,True,0.1,False,16,1e-05,True,15.120244979858398,full_train_epoch_chunks,full train set chunked per epoch | validation=dataset_val_split | c_selection=f_mmd c_source=test c_metric=standardized_l2 | f_mmd_reserved_context=5% source=test | wise_ft_skipped rows=23548>=2000,30,2,epoch_chunk,accuracy,0.7579617834394905,0.7579617834394905,0.7579617834394905,0.7579617834394905,0,True,False,,f_mmd,test,standardized_l2,2.30414368210648,0.3510525874002378,,True
Is-this-a-good-customer,/home/crc00006699/zh/tabiclv2/data184/Is-this-a-good-customer,binclass,1378,276,345,13,2,0.8840579710144928,0.829654403567447,0.5,0.7329508196721312,0.3256472725464758,2.888279438018799,0.3587961196899414,ok,,1378,1102,0,345,0.3891309052705765,True,0.1,True,8,1e-05,True,2.846989393234253,full_train_epoch_chunks,full train set chunked per epoch | validation=dataset_val_split | c_selection=f_mmd c_source=test c_metric=standardized_l2 | f_mmd_reserved_context=5% source=test | wise_ft=alpha0.1 rows=1723<2000,30,1,epoch_chunk,accuracy,0.9130434782608696,0.9130434782608696,0.9130434782608696,0.9130434782608696,0,True,False,,f_mmd,test,standardized_l2,3.313018002018816,3.274431791979562,,True
KDD,/home/crc00006699/zh/tabiclv2/data184/KDD,binclass,4025,805,1007,45,2,0.814299900695134,0.8135901015494964,0.8151536671006431,0.9039985008087744,0.3707995050111616,12.37191081047058,1.7768001556396484,ok,,4025,3220,0,1007,0.3506805300712585,True,0.1,False,13,1e-05,True,12.186575889587402,full_train_epoch_chunks,full train set chunked per epoch | validation=dataset_val_split | c_selection=f_mmd c_source=test c_metric=standardized_l2 | f_mmd_reserved_context=5% source=test | wise_ft_skipped rows=5032>=2000,30,1,epoch_chunk,accuracy,0.8024844720496894,0.822360248447205,0.8024844720496894,0.822360248447205,5,True,False,,f_mmd,test,standardized_l2,9.62334292887423,31.04883999646379,,True
Long,/home/crc00006699/zh/tabiclv2/data184/Long,binclass,3581,717,896,19,2,0.9910714285714286,0.9910819710099328,0.9902004071920916,0.999546201584615,0.0233289493034197,5.915976047515869,1.0791823863983154,ok,,3581,2864,0,896,0.0079552566166967,True,0.1,False,11,1e-05,True,5.847494125366211,full_train_epoch_chunks,full train set chunked per epoch | validation=dataset_val_split | c_selection=f_mmd c_source=test c_metric=standardized_l2 | f_mmd_reserved_context=5% source=test | wise_ft_skipped rows=4477>=2000,30,1,epoch_chunk,accuracy,0.98884239888424,0.99302649930265,0.98884239888424,0.99302649930265,3,True,False,,f_mmd,test,standardized_l2,13.848161857679845,55.50582326621205,,True
MagicTelescope,/home/crc00006699/zh/tabiclv2/data184/MagicTelescope,binclass,15216,3044,3804,9,2,0.8859095688748686,0.884074357741732,0.8612356751370205,0.9432063810725722,0.2767133488581866,19.519099712371823,5.845768690109253,ok,,15216,12172,0,3804,0.3517338037490845,True,0.1,False,26,1e-05,True,19.395808219909668,full_train_epoch_chunks,full train set chunked per epoch | validation=dataset_val_split | c_selection=f_mmd c_source=test c_metric=standardized_l2 | f_mmd_reserved_context=5% source=test | wise_ft_skipped rows=19020>=2000,30,2,epoch_chunk,accuracy,0.8735216819973719,0.8791064388961892,0.8735216819973719,0.8791064388961892,5,True,False,,f_mmd,test,standardized_l2,5.481799553873681,2.400133954491208,,True
Mobile_Price_Classification,/home/crc00006699/zh/tabiclv2/data184/Mobile_Price_Classification,multiclass,1600,320,400,20,4,0.9575,0.9575179826951749,0.9575,0.9974416666666668,0.1111171932861058,4.565597295761108,0.5034449100494385,ok,,1600,1280,0,400,0.0762648358941078,True,0.1,False,12,1e-05,True,4.513492584228516,full_train_epoch_chunks,full train set chunked per epoch | validation=dataset_val_split | c_selection=f_mmd c_source=test c_metric=standardized_l2 | f_mmd_reserved_context=5% source=test | wise_ft_skipped rows=2000>=2000,30,1,epoch_chunk,accuracy,0.91875,0.95,0.91875,0.95,4,True,False,,f_mmd,test,standardized_l2,1.5343548494813246,0.122489719663225,,True
Performance-Prediction,/home/crc00006699/zh/tabiclv2/data184/Performance-Prediction,binclass,1072,215,268,19,2,0.7611940298507462,0.7568580024777299,0.7290658059888829,0.8065865758173449,0.5243592472204587,4.143852949142456,0.3236196041107178,ok,,1072,857,0,268,0.604010283946991,True,0.1,True,12,1e-05,True,4.095059633255005,full_train_epoch_chunks,full train set chunked per epoch | validation=dataset_val_split | c_selection=f_mmd c_source=test c_metric=standardized_l2 | f_mmd_reserved_context=5% source=test | wise_ft=alpha0.1 rows=1340<2000,30,1,epoch_chunk,accuracy,0.6744186046511628,0.6930232558139535,0.6744186046511628,0.6930232558139535,4,True,False,,f_mmd,test,standardized_l2,4.5790564134794,1.9611933854420576,,True
PieChart3,/home/crc00006699/zh/tabiclv2/data184/PieChart3,binclass,861,173,216,37,2,0.8796296296296297,0.8276166902404526,0.5185185185185185,0.8604742308446012,0.2749414102556491,3.844393730163574,0.6977624893188477,ok,,861,688,0,216,0.2653960585594177,True,0.1,True,8,1e-05,True,3.7781171798706055,full_train_epoch_chunks,full train set chunked per epoch | validation=dataset_val_split | c_selection=f_mmd c_source=test c_metric=standardized_l2 | f_mmd_reserved_context=5% source=test | wise_ft=alpha0.1 rows=1077<2000,30,1,epoch_chunk,accuracy,0.8786127167630058,0.8786127167630058,0.8786127167630058,0.8786127167630058,0,True,False,,f_mmd,test,standardized_l2,22.461270819800944,43.99854294287042,,True
PizzaCutter3,/home/crc00006699/zh/tabiclv2/data184/PizzaCutter3,binclass,834,167,209,37,2,0.8803827751196173,0.8243787817913973,0.5,0.8841304347826087,0.2556337011879645,3.723246097564697,0.6553056240081787,ok,,834,667,0,209,0.3078175485134125,True,0.1,True,8,1e-05,True,3.6578094959259033,full_train_epoch_chunks,full train set chunked per epoch | validation=dataset_val_split | c_selection=f_mmd c_source=test c_metric=standardized_l2 | f_mmd_reserved_context=5% source=test | wise_ft=alpha0.1 rows=1043<2000,30,1,epoch_chunk,accuracy,0.8802395209580839,0.8802395209580839,0.8802395209580839,0.8802395209580839,0,True,False,,f_mmd,test,standardized_l2,88.72763149086336,425.0092942499962,,True
QSAR_biodegradation,/home/crc00006699/zh/tabiclv2/data184/QSAR_biodegradation,binclass,843,169,211,41,2,0.8862559241706162,0.8839085412054851,0.8552816901408451,0.9525150905432596,0.2726821626005907,4.571775913238525,0.7037432193756104,ok,,843,674,0,211,0.2726665288209915,True,0.1,True,8,1e-05,True,4.459666013717651,full_train_epoch_chunks,full train set chunked per epoch | validation=dataset_val_split | c_selection=f_mmd c_source=test c_metric=standardized_l2 | f_mmd_reserved_context=5% source=test | wise_ft=alpha0.1 rows=1054<2000,30,1,epoch_chunk,accuracy,0.863905325443787,0.863905325443787,0.863905325443787,0.863905325443787,0,True,False,,f_mmd,test,standardized_l2,10.759187905894857,27.080394262185187,,True
SDSS17,/home/crc00006699/zh/tabiclv2/data184/SDSS17,multiclass,80000,16000,20000,12,3,0.97645,0.9763275026459696,0.9715390960184676,0.996609450015692,0.0751682145262652,122.1476902961731,104.96583199501038,ok,,80000,64000,0,20000,0.0854970142245292,True,0.1,False,84,1e-05,True,121.38133144378662,full_train_epoch_chunks,full train set chunked per epoch | validation=dataset_val_split | c_selection=f_mmd c_source=test c_metric=standardized_l2 | f_mmd_reserved_context=5% source=test | wise_ft_skipped rows=100000>=2000,30,7,epoch_chunk,accuracy,0.973625,0.9753125,0.973625,0.9753125,4,True,False,,f_mmd,test,standardized_l2,1.8090733536893504,0.9428551875943192,,True
Telecom_Churn_Dataset,/home/crc00006699/zh/tabiclv2/data184/Telecom_Churn_Dataset,binclass,2666,534,667,17,2,0.9655172413793104,0.9648135215435116,0.9113854223186832,0.9213781877373848,0.1420351575592669,10.347044229507446,0.7646703720092773,ok,,2666,2132,0,667,0.1215267665684223,True,0.1,False,25,1e-05,True,10.288827657699583,full_train_epoch_chunks,full train set chunked per epoch | validation=dataset_val_split | c_selection=f_mmd c_source=test c_metric=standardized_l2 | f_mmd_reserved_context=5% source=test | wise_ft_skipped rows=3333>=2000,30,1,epoch_chunk,accuracy,0.9344569288389512,0.949438202247191,0.9344569288389512,0.949438202247191,17,True,False,,f_mmd,test,standardized_l2,2.27933018528504,0.3898723748210558,,True
Water_Quality_and_Potability,/home/crc00006699/zh/tabiclv2/data184/Water_Quality_and_Potability,binclass,2620,524,656,8,2,0.6554878048780488,0.608113531419739,0.583203125,0.6559179687500001,0.6264220063912793,5.752732753753662,0.6169660091400146,ok,,2620,2096,0,656,0.6199980974197388,True,0.1,False,19,1e-05,True,5.72106409072876,full_train_epoch_chunks,full train set chunked per epoch | validation=dataset_val_split | c_selection=f_mmd c_source=test c_metric=standardized_l2 | f_mmd_reserved_context=5% source=test | wise_ft_skipped rows=3276>=2000,30,1,epoch_chunk,accuracy,0.6278625954198473,0.648854961832061,0.6278625954198473,0.648854961832061,11,True,False,,f_mmd,test,standardized_l2,2.7432560225181115,0.5957934012043982,,True
Wilt,/home/crc00006699/zh/tabiclv2/data184/Wilt,binclass,3856,772,965,5,2,0.9927461139896372,0.9926443320683423,0.9508277866711602,0.9919959558513776,0.0324632934535395,4.533994436264038,0.5979170799255371,ok,,3856,3084,0,965,0.0310928579419851,True,0.1,False,12,1e-05,True,4.5007641315460205,full_train_epoch_chunks,full train set chunked per epoch | validation=dataset_val_split | c_selection=f_mmd c_source=test c_metric=standardized_l2 | f_mmd_reserved_context=5% source=test | wise_ft_skipped rows=4821>=2000,30,1,epoch_chunk,accuracy,0.9857512953367876,0.9883419689119172,0.9857512953367876,0.9883419689119172,4,True,False,,f_mmd,test,standardized_l2,9.790203970837483,23.866550266749208,,True
accelerometer,/home/crc00006699/zh/tabiclv2/data184/accelerometer,multiclass,122403,24481,30601,4,4,0.7431783275056371,0.7411434919879786,0.8073774509803922,0.928493178679246,0.5370273944292034,237.83050537109372,230.99274897575376,ok,,122403,97922,0,30601,0.5706312358379364,True,0.1,False,150,1e-05,True,237.43036484718323,full_train_epoch_chunks,full train set chunked per epoch | validation=dataset_val_split | c_selection=f_mmd c_source=test c_metric=standardized_l2 | f_mmd_reserved_context=5% source=test | wise_ft_skipped rows=153004>=2000,30,10,epoch_chunk,accuracy,0.7375924186103509,0.7429435072096728,0.7375924186103509,0.7429435072096728,7,True,False,,f_mmd,test,standardized_l2,10.267611682774602,6.231884767974682,,True
ada_agnostic,/home/crc00006699/zh/tabiclv2/data184/ada_agnostic,binclass,3649,730,913,48,2,0.8313253012048193,0.8271626867602837,0.7521673238206548,0.8906256020343947,0.3486905054871617,10.496811866760254,1.892072916030884,ok,,3649,2919,0,913,0.3497157394886017,True,0.1,False,12,1e-05,True,10.35476803779602,full_train_epoch_chunks,full train set chunked per epoch | validation=dataset_val_split | c_selection=f_mmd c_source=test c_metric=standardized_l2 | f_mmd_reserved_context=5% source=test | wise_ft_skipped rows=4562>=2000,30,1,epoch_chunk,accuracy,0.8315068493150685,0.8342465753424657,0.8315068493150685,0.8342465753424657,4,True,False,,f_mmd,test,standardized_l2,416666715572.8049,5017331663346.411,,True
adult,/home/crc00006699/zh/tabiclv2/data184/adult,binclass,32561,6513,16281,14,2,0.8584239297340458,0.8541431763520134,0.7771136900964579,0.913289218339944,0.3046999153473115,37.76038360595703,24.819875240325928,ok,,32561,26048,0,16281,0.3051875084638595,True,0.1,False,30,1e-05,True,37.35266041755676,full_train_epoch_chunks,full train set chunked per epoch | validation=dataset_val_split | c_selection=f_mmd c_source=test c_metric=standardized_l2 | f_mmd_reserved_context=5% source=test | wise_ft_skipped rows=48842>=2000,30,3,epoch_chunk,accuracy,0.8570551205281745,0.8582834331337326,0.8570551205281745,0.8582834331337326,2,True,False,,f_mmd,test,standardized_l2,4.078601887331979,3.090963586866193,,True
allbp,/home/crc00006699/zh/tabiclv2/data184/allbp,multiclass,3017,604,755,29,3,0.9788079470198676,0.9749902435560656,0.5328716528162512,0.9851957869864252,0.0668863662306648,5.015610694885254,1.0417025089263916,ok,,3017,2413,0,755,0.0828167013823986,True,0.1,False,8,1e-05,True,4.912159204483032,full_train_epoch_chunks,full train set chunked per epoch | validation=dataset_val_split | c_selection=f_mmd c_source=test c_metric=standardized_l2 | f_mmd_reserved_context=5% source=test | wise_ft_skipped rows=3772>=2000,30,1,epoch_chunk,accuracy,0.9817880794701986,0.9817880794701986,0.9817880794701986,0.9817880794701986,0,True,False,,f_mmd,test,standardized_l2,687945401712.3317,7536064296949.487,,True
analcatdata_authorship,/home/crc00006699/zh/tabiclv2/data184/analcatdata_authorship,multiclass,672,135,169,69,4,0.9881656804733728,0.9881656804733728,0.9918564618644068,0.9999242768178148,0.0182682552459223,4.437194108963013,0.4659006595611572,ok,,672,537,0,169,0.0016521666839253,True,0.1,True,8,1e-05,True,4.331653594970703,full_train_epoch_chunks,full train set chunked per epoch | validation=dataset_val_split | c_selection=f_mmd c_source=test c_metric=standardized_l2 | f_mmd_reserved_context=5% source=test | wise_ft=alpha0.1 rows=841<2000,30,1,epoch_chunk,accuracy,1.0,1.0,1.0,1.0,0,True,False,,f_mmd,test,standardized_l2,2.073671286872028,0.4557773109299677,,True
autoUniv-au4-2500,/home/crc00006699/zh/tabiclv2/data184/autoUniv-au4-2500,multiclass,2000,400,500,100,3,0.58,0.5564644513606534,0.4193121195004079,0.6504734682279297,0.8802364927542877,17.069485902786255,1.5446417331695557,ok,,2000,1600,0,500,0.8436222076416016,True,0.1,False,16,1e-05,True,16.81551456451416,full_train_epoch_chunks,full train set chunked per epoch | validation=dataset_val_split | c_selection=f_mmd c_source=test c_metric=standardized_l2 | f_mmd_reserved_context=5% source=test | wise_ft_skipped rows=2500>=2000,30,1,epoch_chunk,accuracy,0.5325,0.58,0.5325,0.58,8,True,False,,f_mmd,test,standardized_l2,1.1886135338841908,0.0346595516588325,,True
bank,/home/crc00006699/zh/tabiclv2/data184/bank,binclass,36168,7234,9043,16,2,0.9097644586973348,0.9059814361571225,0.743918003155728,0.942658197731332,0.1867273160559865,75.13448405265808,25.20675110816956,ok,,36168,28934,0,9043,0.1778172776103019,True,0.1,False,54,1e-05,True,74.64190125465393,full_train_epoch_chunks,full train set chunked per epoch | validation=dataset_val_split | c_selection=f_mmd c_source=test c_metric=standardized_l2 | f_mmd_reserved_context=5% source=test | wise_ft_skipped rows=45211>=2000,30,3,epoch_chunk,accuracy,0.9138789051700305,0.917473043959082,0.9138789051700305,0.917473043959082,10,True,False,,f_mmd,test,standardized_l2,5.251497438960645,31.877369713655597,,True
baseball,/home/crc00006699/zh/tabiclv2/data184/baseball,multiclass,1072,215,268,16,3,0.9514925373134328,0.942167188252287,0.670995670995671,0.9744187694985026,0.1292599922069854,3.003858804702759,0.3022639751434326,ok,,1072,857,0,268,0.1396093517541885,True,0.1,True,8,1e-05,True,2.96201491355896,full_train_epoch_chunks,full train set chunked per epoch | validation=dataset_val_split | c_selection=f_mmd c_source=test c_metric=standardized_l2 | f_mmd_reserved_context=5% source=test | wise_ft=alpha0.1 rows=1340<2000,30,1,epoch_chunk,accuracy,0.9534883720930232,0.9534883720930232,0.9534883720930232,0.9534883720930232,0,True,False,,f_mmd,test,standardized_l2,6.137480174137875,2.8029398586181515,,True
churn,/home/crc00006699/zh/tabiclv2/data184/churn,binclass,4000,800,1000,20,2,0.96,0.9588437369082532,0.8907603266209265,0.9260396799841478,0.1456517895757361,13.716511726379396,1.235069990158081,ok,,4000,3200,0,1000,0.1253354139626026,True,0.1,False,24,1e-05,True,13.629623413085938,full_train_epoch_chunks,full train set chunked per epoch | validation=dataset_val_split | c_selection=f_mmd c_source=test c_metric=standardized_l2 | f_mmd_reserved_context=5% source=test | wise_ft_skipped rows=5000>=2000,30,1,epoch_chunk,accuracy,0.94875,0.97,0.94875,0.97,16,True,False,,f_mmd,test,standardized_l2,2.086835136805577,0.3287816775703766,,True
company_bankruptcy_prediction,/home/crc00006699/zh/tabiclv2/data184/company_bankruptcy_prediction,binclass,5455,1091,1364,95,2,0.9699413489736072,0.9634411774678352,0.6109848484848485,0.9659090909090908,0.0710466409165773,16.378226041793823,3.826994419097901,ok,,5455,4364,0,1364,0.0838817581534385,True,0.1,False,8,1e-05,True,15.953968048095703,full_train_epoch_chunks,full train set chunked per epoch | validation=dataset_val_split | c_selection=f_mmd c_source=test c_metric=standardized_l2 | f_mmd_reserved_context=5% source=test | wise_ft_skipped rows=6819>=2000,30,1,epoch_chunk,accuracy,0.9679193400549956,0.9679193400549956,0.9679193400549956,0.9679193400549956,0,True,False,,f_mmd,test,standardized_l2,1049182312704.701,5988977632699.357,,True
connect-4,/home/crc00006699/zh/tabiclv2/data184/connect-4,multiclass,54045,10809,13512,42,3,0.8473949082297217,0.8242725018395951,0.6437927257679626,0.933367220578178,0.3823491282442625,280.1591250896454,148.9576051235199,ok,,54045,43236,0,13512,0.4536993652582168,True,0.1,False,130,1e-05,True,278.0878469944,full_train_epoch_chunks,full train set chunked per epoch | validation=dataset_val_split | c_selection=f_mmd c_source=test c_metric=standardized_l2 | f_mmd_reserved_context=5% source=test | wise_ft_skipped rows=67557>=2000,30,5,epoch_chunk,accuracy,0.8343047460449625,0.8576186511240633,0.8343047460449625,0.8576186511240633,18,True,False,,f_mmd,test,standardized_l2,6.046356006733759,7.7534357161837395,,True
credit,/home/crc00006699/zh/tabiclv2/data184/credit,binclass,13371,2675,3343,10,2,0.7834280586299731,0.7834144537448516,0.7834257127640383,0.864898214403317,0.4622284044394528,12.506511211395264,4.879678249359131,ok,,13371,10696,0,3343,0.5191554725170135,True,0.1,False,16,1e-05,True,12.384384870529177,full_train_epoch_chunks,full train set chunked per epoch | validation=dataset_val_split | c_selection=f_mmd c_source=test c_metric=standardized_l2 | f_mmd_reserved_context=5% source=test | wise_ft_skipped rows=16714>=2000,30,2,epoch_chunk,accuracy,0.7801869158878505,0.7801869158878505,0.7801869158878505,0.7801869158878505,0,True,False,,f_mmd,test,standardized_l2,42.98922320197784,381.15770751012826,,True
customer_satisfaction_in_airline,/home/crc00006699/zh/tabiclv2/data184/customer_satisfaction_in_airline,binclass,103904,20781,25976,21,2,0.9625423467816446,0.9625836738398884,0.9634941000475404,0.9953906442894482,0.0837854375545568,460.8627896308899,270.5731167793274,ok,,103904,83123,0,25976,0.1005491502583026,True,0.1,False,243,1e-05,True,458.7775361537933,full_train_epoch_chunks,full train set chunked per epoch | validation=dataset_val_split | c_selection=f_mmd c_source=test c_metric=standardized_l2 | f_mmd_reserved_context=5% source=test | wise_ft_skipped rows=129880>=2000,30,9,epoch_chunk,accuracy,0.9569318127135364,0.9630912853086956,0.9569318127135364,0.9630912853086956,19,True,False,,f_mmd,test,standardized_l2,2.897922950015863,4.576942283393958,,True
default_of_credit_card_clients,/home/crc00006699/zh/tabiclv2/data184/default_of_credit_card_clients,binclass,24000,4800,6000,23,2,0.8268333333333333,0.8069951784168329,0.668409295749073,0.7985069837129748,0.4158941768552966,82.54925799369812,13.644951581954956,ok,,24000,19200,0,6000,0.4138995260000229,True,0.1,False,52,1e-05,True,82.04302668571472,full_train_epoch_chunks,full train set chunked per epoch | validation=dataset_val_split | c_selection=f_mmd c_source=test c_metric=standardized_l2 | f_mmd_reserved_context=5% source=test | wise_ft_skipped rows=30000>=2000,30,2,epoch_chunk,accuracy,0.819375,0.8227083333333334,0.819375,0.8227083333333334,18,True,False,,f_mmd,test,standardized_l2,8.92239759848211,26.87516580213163,,True
dis,/home/crc00006699/zh/tabiclv2/data184/dis,binclass,3017,604,755,29,2,0.9841059602649008,0.9801750046543792,0.5819874383131449,0.936294302377748,0.0510957116230424,7.395121812820435,1.0416171550750732,ok,,3017,2413,0,755,0.0207638535648584,True,0.1,False,12,1e-05,True,7.289796829223633,full_train_epoch_chunks,full train set chunked per epoch | validation=dataset_val_split | c_selection=f_mmd c_source=test c_metric=standardized_l2 | f_mmd_reserved_context=5% source=test | wise_ft_skipped rows=3772>=2000,30,1,epoch_chunk,accuracy,0.9834437086092715,0.9867549668874172,0.9834437086092715,0.9867549668874172,4,True,False,,f_mmd,test,standardized_l2,687945401713.1622,7536064296949.645,,True
drug_consumption,/home/crc00006699/zh/tabiclv2/data184/drug_consumption,multiclass,1507,302,377,12,7,0.403183023872679,0.2316968605998004,0.1428571428571428,0.4983287850777797,1.5088681227186862,2.7080140113830566,0.390042781829834,ok,,1507,1205,0,377,1.4948467016220093,True,0.1,True,8,1e-05,True,2.673336744308472,full_train_epoch_chunks,full train set chunked per epoch | validation=dataset_val_split | c_selection=f_mmd c_source=test c_metric=standardized_l2 | f_mmd_reserved_context=5% source=test | wise_ft=alpha0.1 rows=1884<2000,30,1,epoch_chunk,accuracy,0.4039735099337748,0.4039735099337748,0.4039735099337748,0.4039735099337748,0,True,False,,f_mmd,test,standardized_l2,3.8862233013522007,4.405816908006386,,True
eeg-eye-state,/home/crc00006699/zh/tabiclv2/data184/eeg-eye-state,binclass,11984,2397,2996,14,2,0.9946595460614152,0.9946595460614152,0.9946032482285154,0.9997676298469554,0.0179109622726872,26.593628406524655,4.381185293197632,ok,,11984,9587,0,2996,0.0262865684926509,True,0.1,False,20,1e-05,True,26.44766521453857,full_train_epoch_chunks,full train set chunked per epoch | validation=dataset_val_split | c_selection=f_mmd c_source=test c_metric=standardized_l2 | f_mmd_reserved_context=5% source=test | wise_ft_skipped rows=14980>=2000,30,1,epoch_chunk,accuracy,0.9849812265331664,0.9924906132665832,0.9849812265331664,0.9924906132665832,12,True,False,,f_mmd,test,standardized_l2,88567.84271924397,1938094.3486493696,,True
estimation_of_obesity_levels,/home/crc00006699/zh/tabiclv2/data184/estimation_of_obesity_levels,multiclass,1688,338,423,16,7,0.9810874704491724,0.9810832526682736,0.9801131180441524,0.999850699359003,0.0290707606247156,5.5171544551849365,0.4791839122772217,ok,,1688,1350,0,423,0.0068736190441995,True,0.1,False,16,1e-05,True,5.468348979949951,full_train_epoch_chunks,full train set chunked per epoch | validation=dataset_val_split | c_selection=f_mmd c_source=test c_metric=standardized_l2 | f_mmd_reserved_context=5% source=test | wise_ft_skipped rows=2111>=2000,30,1,epoch_chunk,accuracy,0.9822485207100592,0.9881656804733728,0.9822485207100592,0.9881656804733728,8,True,False,,f_mmd,test,standardized_l2,3.1094003042859764,0.8554877525001727,,True
eye_movements,/home/crc00006699/zh/tabiclv2/data184/eye_movements,multiclass,8748,1750,2188,27,3,0.7838208409506399,0.7838079673376688,0.7928428837769713,0.9245667142153832,0.499111839983035,38.472532987594604,3.3603832721710205,ok,,8748,6998,0,2188,0.3894458413124084,True,0.1,False,30,1e-05,True,38.24360871315002,full_train_epoch_chunks,full train set chunked per epoch | validation=dataset_val_split | c_selection=f_mmd c_source=test c_metric=standardized_l2 | f_mmd_reserved_context=5% source=test | wise_ft_skipped rows=10936>=2000,30,1,epoch_chunk,accuracy,0.7102857142857143,0.8451428571428572,0.7102857142857143,0.8451428571428572,24,False,False,,f_mmd,test,standardized_l2,6.182171826153057,3.578734870729693,,True
first-order-theorem-proving,/home/crc00006699/zh/tabiclv2/data184/first-order-theorem-proving,multiclass,4894,979,1224,51,6,0.6388888888888888,0.6224800005167899,0.5162806648852477,0.8518171765809784,1.0487978161761913,26.013410091400143,2.303133249282837,ok,,4894,3915,0,1224,1.0854430198669434,True,0.1,False,23,1e-05,True,25.79360270500183,full_train_epoch_chunks,full train set chunked per epoch | validation=dataset_val_split | c_selection=f_mmd c_source=test c_metric=standardized_l2 | f_mmd_reserved_context=5% source=test | wise_ft_skipped rows=6118>=2000,30,1,epoch_chunk,accuracy,0.6241062308478039,0.6414708886618999,0.6241062308478039,0.6414708886618999,15,True,False,,f_mmd,test,standardized_l2,38.38795054206259,375.7377047579412,,True
heloc,/home/crc00006699/zh/tabiclv2/data184/heloc,binclass,8000,1600,2000,22,2,0.7235,0.7232907386210822,0.7235,0.8020325,0.5408612251185427,14.896419286727903,2.808682441711426,ok,,8000,6400,0,2000,0.5441730618476868,True,0.1,False,14,1e-05,True,14.747759342193604,full_train_epoch_chunks,full train set chunked per epoch | validation=dataset_val_split | c_selection=f_mmd c_source=test c_metric=standardized_l2 | f_mmd_reserved_context=5% source=test | wise_ft_skipped rows=10000>=2000,30,1,epoch_chunk,accuracy,0.72625,0.729375,0.72625,0.729375,6,True,False,,f_mmd,test,standardized_l2,7.810766012110639,2.226264101312888,,True
house_16H,/home/crc00006699/zh/tabiclv2/data184/house_16H,binclass,10790,2158,2698,16,2,0.8914010378057821,0.8913992325681683,0.8914010378057821,0.9563639101198428,0.2685994225656334,16.347976446151733,3.8987631797790527,ok,,10790,8632,0,2698,0.2699690759181976,True,0.1,False,12,1e-05,True,16.18833041191101,full_train_epoch_chunks,full train set chunked per epoch | validation=dataset_val_split | c_selection=f_mmd c_source=test c_metric=standardized_l2 | f_mmd_reserved_context=5% source=test | wise_ft_skipped rows=13488>=2000,30,1,epoch_chunk,accuracy,0.8818350324374421,0.8860055607043559,0.8818350324374421,0.8860055607043559,4,True,False,,f_mmd,test,standardized_l2,7.473396841696051,19.360452637589024,,True
ibm-employee-performance,/home/crc00006699/zh/tabiclv2/data184/ibm-employee-performance,binclass,1176,236,294,30,2,1.0,1.0,1.0,1.0,0.0010567293027559,5.077733516693115,0.4496550559997558,ok,,1176,940,0,294,0.0194320045411586,True,0.1,True,11,1e-05,True,5.006221532821655,full_train_epoch_chunks,full train set chunked per epoch | validation=dataset_val_split | c_selection=f_mmd c_source=test c_metric=standardized_l2 | f_mmd_reserved_context=5% source=test | wise_ft=alpha0.1 rows=1470<2000,30,1,epoch_chunk,accuracy,0.9745762711864406,0.9957627118644068,0.9745762711864406,0.9957627118644068,3,True,False,,f_mmd,test,standardized_l2,1.9646457186047224,0.3322900508176658,,True
internet_firewall,/home/crc00006699/zh/tabiclv2/data184/internet_firewall,multiclass,52425,10485,13107,7,4,0.9310292210269322,0.92839777077415,0.7766913064096516,0.98939855341568,0.1115191464400683,42.4317319393158,46.065930128097534,ok,,52425,41940,0,13107,0.1216905638575553,True,0.1,False,40,1e-05,True,42.19019508361816,full_train_epoch_chunks,full train set chunked per epoch | validation=dataset_val_split | c_selection=f_mmd c_source=test c_metric=standardized_l2 | f_mmd_reserved_context=5% source=test | wise_ft_skipped rows=65532>=2000,30,5,epoch_chunk,accuracy,0.9346685741535526,0.9346685741535526,0.9346685741535526,0.9346685741535526,0,True,False,,f_mmd,test,standardized_l2,16470.270904650773,706506.9606975722,,True
jm1,/home/crc00006699/zh/tabiclv2/data184/jm1,binclass,8708,1742,2177,21,2,0.8208543867707855,0.7849681907054705,0.590991727041051,0.7642416364118408,0.4203212567988199,13.084530591964722,3.144008159637451,ok,,8708,6966,0,2177,0.4023067057132721,True,0.1,False,11,1e-05,True,12.926202535629272,full_train_epoch_chunks,full train set chunked per epoch | validation=dataset_val_split | c_selection=f_mmd c_source=test c_metric=standardized_l2 | f_mmd_reserved_context=5% source=test | wise_ft_skipped rows=10885>=2000,30,1,epoch_chunk,accuracy,0.8237657864523537,0.8277841561423651,0.8237657864523537,0.8277841561423651,3,True,False,,f_mmd,test,standardized_l2,8.672431670097861,29.63471039300055,,True
kc1,/home/crc00006699/zh/tabiclv2/data184/kc1,binclass,1687,338,422,21,2,0.8791469194312796,0.8612588822088569,0.6643180349062702,0.8592975651799181,0.3045443704919036,3.1580493450164795,0.5187034606933594,ok,,1687,1349,0,422,0.3185780197381973,True,0.1,False,8,1e-05,True,3.104644775390625,full_train_epoch_chunks,full train set chunked per epoch | validation=dataset_val_split | c_selection=f_mmd c_source=test c_metric=standardized_l2 | f_mmd_reserved_context=5% source=test | wise_ft_skipped rows=2109>=2000,30,1,epoch_chunk,accuracy,0.8727810650887574,0.8727810650887574,0.8727810650887574,0.8727810650887574,0,True,False,,f_mmd,test,standardized_l2,17.70368834832587,23.440896113892087,,True
kr-vs-kp,/home/crc00006699/zh/tabiclv2/data184/kr-vs-kp,binclass,2556,512,640,36,2,0.9984375,0.9984376031804651,0.998502994011976,0.9999902156471372,0.0048518289855842,11.969223976135254,1.0247459411621094,ok,,2556,2044,0,640,0.006057588616386,True,0.1,False,20,1e-05,True,11.836775541305542,full_train_epoch_chunks,full train set chunked per epoch | validation=dataset_val_split | c_selection=f_mmd c_source=test c_metric=standardized_l2 | f_mmd_reserved_context=5% source=test | wise_ft_skipped rows=3196>=2000,30,1,epoch_chunk,accuracy,0.994140625,0.998046875,0.994140625,0.998046875,12,True,False,,f_mmd,test,standardized_l2,3.3365956922599134,2.093658835891804,,True
led24,/home/crc00006699/zh/tabiclv2/data184/led24,multiclass,2560,512,640,24,10,0.7296875,0.7264366151599283,0.729343230350824,0.9566898670979282,0.7826129814485822,8.038838148117065,0.8368415832519531,ok,,2560,2048,0,640,0.7306696176528931,True,0.1,False,16,1e-05,True,7.949090242385864,full_train_epoch_chunks,full train set chunked per epoch | validation=dataset_val_split | c_selection=f_mmd c_source=test c_metric=standardized_l2 | f_mmd_reserved_context=5% source=test | wise_ft_skipped rows=3200>=2000,30,1,epoch_chunk,accuracy,0.71484375,0.72265625,0.71484375,0.72265625,8,True,False,,f_mmd,test,standardized_l2,1.2460390539930215,0.0463505429728669,,True
madeline,/home/crc00006699/zh/tabiclv2/data184/madeline,binclass,2512,503,628,259,2,0.8232484076433121,0.8232497521879132,0.8232513794222656,0.8951841934436872,0.4383518926442835,73.1962959766388,4.546947240829468,ok,,2512,2009,0,628,0.5396887958049774,True,0.1,False,30,1e-05,True,72.59182691574097,full_train_epoch_chunks,full train set chunked per epoch | validation=dataset_val_split | c_selection=f_mmd c_source=test c_metric=standardized_l2 | f_mmd_reserved_context=5% source=test | wise_ft_skipped rows=3140>=2000,30,1,epoch_chunk,accuracy,0.6481113320079522,0.7157057654075547,0.6481113320079522,0.7157057654075547,29,False,False,,f_mmd,test,standardized_l2,1.2161044084964665,0.0516059365668643,,True
maternal_health_risk,/home/crc00006699/zh/tabiclv2/data184/maternal_health_risk,multiclass,811,163,203,6,3,0.8719211822660099,0.8701077326808658,0.8734096074062906,0.9593668188707296,0.3453123468028883,4.693534851074219,0.4001302719116211,ok,,811,648,0,203,0.4541031569242477,True,0.1,True,20,1e-05,True,4.673118829727173,full_train_epoch_chunks,full train set chunked per epoch | validation=dataset_val_split | c_selection=f_mmd c_source=test c_metric=standardized_l2 | f_mmd_reserved_context=5% source=test | wise_ft=alpha0.1 rows=1014<2000,30,1,epoch_chunk,accuracy,0.8220858895705522,0.8466257668711656,0.8220858895705522,0.8466257668711656,12,True,False,,f_mmd,test,standardized_l2,2.8651601197264247,0.2930476432656921,,True
mfeat-fourier,/home/crc00006699/zh/tabiclv2/data184/mfeat-fourier,multiclass,1600,320,400,76,10,0.8875,0.8871318353424147,0.8875,0.9917083333333334,0.2365586481986002,9.729140758514404,1.027578830718994,ok,,1600,1280,0,400,0.1946893855929374,True,0.1,False,13,1e-05,True,9.58189344406128,full_train_epoch_chunks,full train set chunked per epoch | validation=dataset_val_split | c_selection=f_mmd c_source=test c_metric=standardized_l2 | f_mmd_reserved_context=5% source=test | wise_ft_skipped rows=2000>=2000,30,1,epoch_chunk,accuracy,0.86875,0.884375,0.86875,0.884375,5,True,False,,f_mmd,test,standardized_l2,2.075592569060178,0.272994434658135,,True
mfeat-morphological,/home/crc00006699/zh/tabiclv2/data184/mfeat-morphological,multiclass,1600,320,400,6,10,0.77,0.7672036903252593,0.77,0.9737013888888888,0.4925321676082244,7.387197494506836,0.3808200359344482,ok,,1600,1280,0,400,0.5294882953166962,True,0.1,False,30,1e-05,True,7.362999439239502,full_train_epoch_chunks,full train set chunked per epoch | validation=dataset_val_split | c_selection=f_mmd c_source=test c_metric=standardized_l2 | f_mmd_reserved_context=5% source=test | wise_ft_skipped rows=2000>=2000,30,1,epoch_chunk,accuracy,0.759375,0.78125,0.759375,0.78125,23,False,False,,f_mmd,test,standardized_l2,2.826168198711413,0.4466100761311123,,True
mfeat-zernike,/home/crc00006699/zh/tabiclv2/data184/mfeat-zernike,multiclass,1600,320,400,47,10,0.8775,0.8761581158505937,0.8775000000000001,0.9902847222222222,0.2425083867098387,6.441280364990234,0.7993888854980469,ok,,1600,1280,0,400,0.2076325789093971,True,0.1,False,11,1e-05,True,6.339720964431763,full_train_epoch_chunks,full train set chunked per epoch | validation=dataset_val_split | c_selection=f_mmd c_source=test c_metric=standardized_l2 | f_mmd_reserved_context=5% source=test | wise_ft_skipped rows=2000>=2000,30,1,epoch_chunk,accuracy,0.8875,0.903125,0.8875,0.903125,3,True,False,,f_mmd,test,standardized_l2,2.949952197919472,0.8003382614280143,,True
microaggregation2,/home/crc00006699/zh/tabiclv2/data184/microaggregation2,multiclass,16000,3200,4000,20,5,0.6405,0.5952171270246113,0.4233193795557145,0.8277559671480155,0.8771181859981634,22.35252165794373,7.13846492767334,ok,,16000,12800,0,4000,0.9490887224674224,True,0.1,False,22,1e-05,True,22.116169691085812,full_train_epoch_chunks,full train set chunked per epoch | validation=dataset_val_split | c_selection=f_mmd c_source=test c_metric=standardized_l2 | f_mmd_reserved_context=5% source=test | wise_ft_skipped rows=20000>=2000,30,2,epoch_chunk,accuracy,0.6478125,0.6515625,0.6478125,0.6515625,3,True,False,,f_mmd,test,standardized_l2,7.760386354983574,5.846089285902546,,True
mozilla4,/home/crc00006699/zh/tabiclv2/data184/mozilla4,binclass,12436,2488,3109,4,2,0.9421035702798328,0.9412371731564562,0.9211747402848872,0.97325302379749,0.1732820231675007,18.984362363815308,1.959615707397461,ok,,12436,9948,0,3109,0.1805435568094253,True,0.1,False,19,1e-05,True,18.92296242713928,full_train_epoch_chunks,full train set chunked per epoch | validation=dataset_val_split | c_selection=f_mmd c_source=test c_metric=standardized_l2 | f_mmd_reserved_context=5% source=test | wise_ft_skipped rows=15545>=2000,30,1,epoch_chunk,accuracy,0.9368971061093248,0.939710610932476,0.9368971061093248,0.939710610932476,11,True,False,,f_mmd,test,standardized_l2,5.423535831286688,7.008580170893905,,True
okcupid_stem,/home/crc00006699/zh/tabiclv2/data184/okcupid_stem,multiclass,21341,4269,5336,13,3,0.7507496251874063,0.6955825470586658,0.5018033945082441,0.8064320520993585,0.5937290085153488,37.45840835571289,10.36195182800293,ok,,21341,17072,0,5336,0.5902783572673798,True,0.1,False,32,1e-05,True,37.17282223701477,full_train_epoch_chunks,full train set chunked per epoch | validation=dataset_val_split | c_selection=f_mmd c_source=test c_metric=standardized_l2 | f_mmd_reserved_context=5% source=test | wise_ft_skipped rows=26677>=2000,30,2,epoch_chunk,accuracy,0.7458421175919419,0.7514640431014289,0.7458421175919419,0.7514640431014289,8,True,False,,f_mmd,test,standardized_l2,3.1497099379658486,0.9124517443517176,,True
optdigits,/home/crc00006699/zh/tabiclv2/data184/optdigits,multiclass,4496,900,1124,64,10,0.994661921708185,0.9946617107836436,0.994674185463659,0.9999894397811536,0.0107396085054149,16.475163459777832,2.3713936805725098,ok,,4496,3596,0,1124,0.0063841827213764,True,0.1,False,13,1e-05,True,16.22295880317688,full_train_epoch_chunks,full train set chunked per epoch | validation=dataset_val_split | c_selection=f_mmd c_source=test c_metric=standardized_l2 | f_mmd_reserved_context=5% source=test | wise_ft_skipped rows=5620>=2000,30,1,epoch_chunk,accuracy,0.9888888888888888,0.99,0.9888888888888888,0.99,5,True,False,,f_mmd,test,standardized_l2,312326485513.6084,2946482171258.6685,,True
ozone_level,/home/crc00006699/zh/tabiclv2/data184/ozone_level,binclass,2028,406,508,36,2,0.9783464566929134,0.9715321032632116,0.4979959919839679,0.861278111779114,0.0809136468414064,8.910768032073975,0.8372693061828613,ok,,2028,1622,0,508,0.0890794433653354,True,0.1,False,15,1e-05,True,8.773071765899658,full_train_epoch_chunks,full train set chunked per epoch | validation=dataset_val_split | c_selection=f_mmd c_source=test c_metric=standardized_l2 | f_mmd_reserved_context=5% source=test | wise_ft_skipped rows=2536>=2000,30,1,epoch_chunk,accuracy,0.9655172413793104,0.9704433497536946,0.9655172413793104,0.9704433497536946,7,True,False,,f_mmd,test,standardized_l2,4.148307381103009,0.3036468978766678,,True
pc1,/home/crc00006699/zh/tabiclv2/data184/pc1,binclass,887,178,222,21,2,0.9414414414414416,0.9330171853150268,0.6594202898550725,0.8990338164251208,0.1557677340100202,2.9032814502716064,0.513887882232666,ok,,887,709,0,222,0.1487032100558281,True,0.1,True,8,1e-05,True,2.859801769256592,full_train_epoch_chunks,full train set chunked per epoch | validation=dataset_val_split | c_selection=f_mmd c_source=test c_metric=standardized_l2 | f_mmd_reserved_context=5% source=test | wise_ft=alpha0.1 rows=1109<2000,30,1,epoch_chunk,accuracy,0.9325842696629212,0.9325842696629212,0.9325842696629212,0.9325842696629212,0,True,False,,f_mmd,test,standardized_l2,11.125933531469435,26.702626696384275,,True
pc4,/home/crc00006699/zh/tabiclv2/data184/pc4,binclass,1166,234,292,37,2,0.910958904109589,0.9074272635916472,0.7582465277777778,0.9619140625,0.1734171338714007,5.47976016998291,0.5028750896453857,ok,,1166,932,0,292,0.1703510954976081,True,0.1,True,11,1e-05,True,5.408623695373535,full_train_epoch_chunks,full train set chunked per epoch | validation=dataset_val_split | c_selection=f_mmd c_source=test c_metric=standardized_l2 | f_mmd_reserved_context=5% source=test | wise_ft=alpha0.1 rows=1458<2000,30,1,epoch_chunk,accuracy,0.9273504273504274,0.9316239316239316,0.9273504273504274,0.9316239316239316,3,True,False,,f_mmd,test,standardized_l2,16.153503508236025,37.60305142934611,,True
phoneme,/home/crc00006699/zh/tabiclv2/data184/phoneme,binclass,4323,865,1081,5,2,0.8982423681776133,0.8976572416105301,0.8717174261317654,0.9644491056534592,0.2286422528752908,5.12987494468689,0.6802754402160645,ok,,4323,3458,0,1081,0.1826103553175926,True,0.1,False,13,1e-05,True,5.095792055130005,full_train_epoch_chunks,full train set chunked per epoch | validation=dataset_val_split | c_selection=f_mmd c_source=test c_metric=standardized_l2 | f_mmd_reserved_context=5% source=test | wise_ft_skipped rows=5404>=2000,30,1,epoch_chunk,accuracy,0.9132947976878611,0.9179190751445088,0.9132947976878611,0.9179190751445088,5,True,False,,f_mmd,test,standardized_l2,2.7404465402045712,0.4800843746351508,,True
predict_students_dropout_and_academic_success,/home/crc00006699/zh/tabiclv2/data184/predict_students_dropout_and_academic_success,multiclass,3539,708,885,34,3,0.7604519774011299,0.7566533997017985,0.6878476384932436,0.886635558668513,0.5787701547671701,13.32705545425415,1.3520839214324951,ok,,3539,2831,0,885,0.5506722927093506,True,0.1,False,18,1e-05,True,13.175199508666992,full_train_epoch_chunks,full train set chunked per epoch | validation=dataset_val_split | c_selection=f_mmd c_source=test c_metric=standardized_l2 | f_mmd_reserved_context=5% source=test | wise_ft_skipped rows=4424>=2000,30,1,epoch_chunk,accuracy,0.7838983050847458,0.78954802259887,0.7838983050847458,0.78954802259887,10,True,False,,f_mmd,test,standardized_l2,3.178959492227599,0.6719897009959991,,True
ringnorm,/home/crc00006699/zh/tabiclv2/data184/ringnorm,binclass,5920,1184,1480,20,2,0.9783783783783784,0.9783745075281124,0.9782869540919475,0.9971783450308738,0.059514219462213,16.100443840026855,1.9344298839569087,ok,,5920,4736,0,1480,0.0441917721182107,True,0.1,False,21,1e-05,True,15.994686126708984,full_train_epoch_chunks,full train set chunked per epoch | validation=dataset_val_split | c_selection=f_mmd c_source=test c_metric=standardized_l2 | f_mmd_reserved_context=5% source=test | wise_ft_skipped rows=7400>=2000,30,1,epoch_chunk,accuracy,0.9780405405405406,0.983108108108108,0.9780405405405406,0.983108108108108,13,True,False,,f_mmd,test,standardized_l2,2.747028854489126,0.3293774769992431,,True
satimage,/home/crc00006699/zh/tabiclv2/data184/satimage,multiclass,5144,1029,1286,36,6,0.9354587869362364,0.9332300817275142,0.9124938177048528,0.9950984543126568,0.1623602719250892,19.88377285003662,2.139509439468384,ok,,5144,4115,0,1286,0.1519695669412613,True,0.1,False,21,1e-05,True,19.723246097564697,full_train_epoch_chunks,full train set chunked per epoch | validation=dataset_val_split | c_selection=f_mmd c_source=test c_metric=standardized_l2 | f_mmd_reserved_context=5% source=test | wise_ft_skipped rows=6430>=2000,30,1,epoch_chunk,accuracy,0.9154518950437318,0.9251700680272108,0.9154518950437318,0.9251700680272108,13,True,False,,f_mmd,test,standardized_l2,4.272404297459221,0.7978666392829623,,True
seismic+bumps,/home/crc00006699/zh/tabiclv2/data184/seismic+bumps,binclass,2067,414,517,18,2,0.9342359767891684,0.9024719535783364,0.5,0.7178175618073316,0.2327078828170799,3.151790142059326,0.5654313564300537,ok,,2067,1653,0,517,0.2011365294456482,True,0.1,False,8,1e-05,True,3.100109100341797,full_train_epoch_chunks,full train set chunked per epoch | validation=dataset_val_split | c_selection=f_mmd c_source=test c_metric=standardized_l2 | f_mmd_reserved_context=5% source=test | wise_ft_skipped rows=2584>=2000,30,1,epoch_chunk,accuracy,0.9347826086956522,0.9347826086956522,0.9347826086956522,0.9347826086956522,0,True,False,,f_mmd,test,standardized_l2,4.562025277111943,5.192427614330208,,True
shill-bidding,/home/crc00006699/zh/tabiclv2/data184/shill-bidding,binclass,5056,1012,1265,3,2,0.9035573122529644,0.8743294808292056,0.5679979405707561,0.9015084650565676,0.2124492687412986,5.928393602371216,0.4455194473266601,ok,,5056,4044,0,1265,0.2119802087545395,True,0.1,False,15,1e-05,True,5.898790597915649,full_train_epoch_chunks,full train set chunked per epoch | validation=dataset_val_split | c_selection=f_mmd c_source=test c_metric=standardized_l2 | f_mmd_reserved_context=5% source=test | wise_ft_skipped rows=6321>=2000,30,1,epoch_chunk,accuracy,0.8863636363636364,0.8913043478260869,0.8863636363636364,0.8913043478260869,7,True,False,,f_mmd,test,standardized_l2,2.0413201483413848,0.3177568350216586,,True
shuttle,/home/crc00006699/zh/tabiclv2/data184/shuttle,multiclass,46400,9280,11600,9,7,0.999396551724138,0.999382135837301,0.9155871925267988,0.9999941144080527,0.0016110157204966,99.29472303390504,37.51781249046326,ok,,46400,37120,0,11600,0.0002037035155808,True,0.1,False,84,1e-05,True,98.94414496421814,full_train_epoch_chunks,full train set chunked per epoch | validation=dataset_val_split | c_selection=f_mmd c_source=test c_metric=standardized_l2 | f_mmd_reserved_context=5% source=test | wise_ft_skipped rows=58000>=2000,30,4,epoch_chunk,accuracy,0.9996767241379312,1.0,0.9996767241379312,1.0,13,True,False,,f_mmd,test,standardized_l2,22.807005843946666,221.7299504238049,,True
splice,/home/crc00006699/zh/tabiclv2/data184/splice,multiclass,2552,511,638,60,3,0.957680250783699,0.957763684955302,0.9518764874194056,0.9955553133214924,0.1118012238855859,13.62806797027588,1.3603167533874512,ok,,2552,2041,0,638,0.1422705799341201,True,0.1,False,15,1e-05,True,13.416959047317505,full_train_epoch_chunks,full train set chunked per epoch | validation=dataset_val_split | c_selection=f_mmd c_source=test c_metric=standardized_l2 | f_mmd_reserved_context=5% source=test | wise_ft_skipped rows=3190>=2000,30,1,epoch_chunk,accuracy,0.9549902152641878,0.9647749510763208,0.9549902152641878,0.9647749510763208,7,True,False,,f_mmd,test,standardized_l2,1.5115603133141056,0.0862894879792748,,True
statlog,/home/crc00006699/zh/tabiclv2/data184/statlog,binclass,800,160,200,20,2,0.73,0.7143308330043427,0.6357142857142857,0.776547619047619,0.5130725911669972,4.209645748138428,0.4735023975372314,ok,,800,640,0,200,0.5187361240386963,True,0.1,True,13,1e-05,True,4.159229278564453,full_train_epoch_chunks,full train set chunked per epoch | validation=dataset_val_split | c_selection=f_mmd c_source=test c_metric=standardized_l2 | f_mmd_reserved_context=5% source=test | wise_ft=alpha0.1 rows=1000<2000,30,1,epoch_chunk,accuracy,0.74375,0.7875,0.74375,0.7875,5,True,False,,f_mmd,test,standardized_l2,2.74364933734693,0.4201239668637038,,True
svmguide3,/home/crc00006699/zh/tabiclv2/data184/svmguide3,binclass,994,199,249,22,2,0.8594377510040161,0.8500999395685424,0.7484923245614035,0.9040570175438596,0.3168906322690122,3.515523910522461,0.5911214351654053,ok,,994,795,0,249,0.3304807990789413,True,0.1,True,8,1e-05,True,3.450968742370605,full_train_epoch_chunks,full train set chunked per epoch | validation=dataset_val_split | c_selection=f_mmd c_source=test c_metric=standardized_l2 | f_mmd_reserved_context=5% source=test | wise_ft=alpha0.1 rows=1243<2000,30,1,epoch_chunk,accuracy,0.8492462311557789,0.8492462311557789,0.8492462311557789,0.8492462311557789,0,True,False,,f_mmd,test,standardized_l2,15.49867858206968,11.778998009371666,,True
taiwanese_bankruptcy_prediction,/home/crc00006699/zh/tabiclv2/data184/taiwanese_bankruptcy_prediction,binclass,5455,1091,1364,95,2,0.9706744868035192,0.9632550524302907,0.6003787878787878,0.9389634986225897,0.0860764792804543,19.922198057174683,3.779946565628052,ok,,5455,4364,0,1364,0.0713560581207275,True,0.1,False,10,1e-05,True,19.49866008758545,full_train_epoch_chunks,full train set chunked per epoch | validation=dataset_val_split | c_selection=f_mmd c_source=test c_metric=standardized_l2 | f_mmd_reserved_context=5% source=test | wise_ft_skipped rows=6819>=2000,30,1,epoch_chunk,accuracy,0.9688359303391384,0.9697525206232814,0.9688359303391384,0.9697525206232814,2,True,False,,f_mmd,test,standardized_l2,629656202859.0387,4527013016994.145,,True
thyroid,/home/crc00006699/zh/tabiclv2/data184/thyroid,multiclass,5760,1152,1440,21,3,0.9923611111111112,0.992250877817975,0.9394856904234248,0.9996634724152724,0.0172259052818826,8.3602876663208,1.894006967544556,ok,,5760,4608,0,1440,0.0069191737566143,True,0.1,False,10,1e-05,True,8.27109432220459,full_train_epoch_chunks,full train set chunked per epoch | validation=dataset_val_split | c_selection=f_mmd c_source=test c_metric=standardized_l2 | f_mmd_reserved_context=5% source=test | wise_ft_skipped rows=7200>=2000,30,1,epoch_chunk,accuracy,0.9878472222222222,0.9887152777777778,0.9878472222222222,0.9887152777777778,2,True,False,,f_mmd,test,standardized_l2,11781.24963079843,178547.55553335187,,True
thyroid-dis,/home/crc00006699/zh/tabiclv2/data184/thyroid-dis,multiclass,2240,448,560,26,5,0.6964285714285714,0.6753541122926597,0.4066761984193177,0.8690497960622704,0.7105834274350398,6.460644721984863,0.7623534202575684,ok,,2240,1792,0,560,0.7300327718257904,True,0.1,False,13,1e-05,True,6.372726202011108,full_train_epoch_chunks,full train set chunked per epoch | validation=dataset_val_split | c_selection=f_mmd c_source=test c_metric=standardized_l2 | f_mmd_reserved_context=5% source=test | wise_ft_skipped rows=2800>=2000,30,1,epoch_chunk,accuracy,0.7232142857142857,0.7299107142857143,0.7232142857142857,0.7299107142857143,5,True,False,,f_mmd,test,standardized_l2,766239554859.5499,7228689503083.427,,True
twonorm,/home/crc00006699/zh/tabiclv2/data184/twonorm,binclass,5920,1184,1480,20,2,0.9783783783783784,0.9783781414706402,0.9783838173554006,0.9984422908003848,0.0527319016919076,13.34360694885254,1.9359469413757324,ok,,5920,4736,0,1480,0.0543084498494863,True,0.1,False,17,1e-05,True,13.24240779876709,full_train_epoch_chunks,full train set chunked per epoch | validation=dataset_val_split | c_selection=f_mmd c_source=test c_metric=standardized_l2 | f_mmd_reserved_context=5% source=test | wise_ft_skipped rows=7400>=2000,30,1,epoch_chunk,accuracy,0.9738175675675677,0.977195945945946,0.9738175675675677,0.977195945945946,9,True,False,,f_mmd,test,standardized_l2,1.7616868619991268,0.174364659680837,,True
wall-robot-navigation,/home/crc00006699/zh/tabiclv2/data184/wall-robot-navigation,multiclass,4364,873,1092,24,4,0.9871794871794872,0.9871840889253188,0.9890486497629356,0.9997991712361064,0.0301015646324761,12.262454271316528,1.4223852157592771,ok,,4364,3491,0,1092,0.0239097401499748,True,0.1,False,18,1e-05,True,12.158154726028442,full_train_epoch_chunks,full train set chunked per epoch | validation=dataset_val_split | c_selection=f_mmd c_source=test c_metric=standardized_l2 | f_mmd_reserved_context=5% source=test | wise_ft_skipped rows=5456>=2000,30,1,epoch_chunk,accuracy,0.9747995418098512,0.9805269186712484,0.9747995418098512,0.9805269186712484,10,True,False,,f_mmd,test,standardized_l2,2.527445956607139,0.3062365322860305,,True
waveform-5000,/home/crc00006699/zh/tabiclv2/data184/waveform-5000,multiclass,4000,800,1000,40,3,0.865,0.8648937260613908,0.8651954212028579,0.9778489381980636,0.2616745905373445,8.615923404693604,1.6632015705108645,ok,,4000,3200,0,1000,0.2615554332733154,True,0.1,False,10,1e-05,True,8.470823287963867,full_train_epoch_chunks,full train set chunked per epoch | validation=dataset_val_split | c_selection=f_mmd c_source=test c_metric=standardized_l2 | f_mmd_reserved_context=5% source=test | wise_ft_skipped rows=5000>=2000,30,1,epoch_chunk,accuracy,0.8675,0.87,0.8675,0.87,2,True,False,,f_mmd,test,standardized_l2,1.5964716001350103,0.104326165083648,,True
website_phishing,/home/crc00006699/zh/tabiclv2/data184/website_phishing,multiclass,1082,217,271,9,3,0.911439114391144,0.9115135523667396,0.881096681096681,0.9791090258710572,0.2406666428382164,4.044604539871216,0.2851819992065429,ok,,1082,865,0,271,0.182884119451046,True,0.1,True,14,1e-05,True,4.0129876136779785,full_train_epoch_chunks,full train set chunked per epoch | validation=dataset_val_split | c_selection=f_mmd c_source=test c_metric=standardized_l2 | f_mmd_reserved_context=5% source=test | wise_ft=alpha0.1 rows=1353<2000,30,1,epoch_chunk,accuracy,0.9170506912442395,0.9216589861751152,0.9170506912442395,0.9216589861751152,6,True,False,,f_mmd,test,standardized_l2,2.183467463771005,0.1504512705193689,,True
wine-quality-red,/home/crc00006699/zh/tabiclv2/data184/wine-quality-red,multiclass,1279,256,320,4,6,0.6625,0.6479033665304732,0.3826388888888889,0.8412294137496006,0.7891689228631702,2.944191694259644,0.3073835372924804,ok,,1279,1023,0,320,0.7861116826534271,True,0.1,True,11,1e-05,True,2.924178123474121,full_train_epoch_chunks,full train set chunked per epoch | validation=dataset_val_split | c_selection=f_mmd c_source=test c_metric=standardized_l2 | f_mmd_reserved_context=5% source=test | wise_ft=alpha0.1 rows=1599<2000,30,1,epoch_chunk,accuracy,0.6484375,0.66796875,0.6484375,0.66796875,3,True,False,,f_mmd,test,standardized_l2,7.576596067748482,6.8630231094595855,,True
yeast,/home/crc00006699/zh/tabiclv2/data184/yeast,multiclass,1187,238,297,8,10,0.6296296296296297,0.6212941968677967,0.5818186391836054,0.8892885706029883,0.9811020074292174,4.410501003265381,0.2990128993988037,ok,,1187,949,0,297,0.9667980074882508,True,0.1,True,15,1e-05,True,4.384113788604736,full_train_epoch_chunks,full train set chunked per epoch | validation=dataset_val_split | c_selection=f_mmd c_source=test c_metric=standardized_l2 | f_mmd_reserved_context=5% source=test | wise_ft=alpha0.1 rows=1484<2000,30,1,epoch_chunk,accuracy,0.5504201680672269,0.5672268907563025,0.5504201680672269,0.5672268907563025,7,True,False,,f_mmd,test,standardized_l2,12.46185473875808,11.962263109816169,,True
