dataset_name,dataset_dir,task_type,n_train,n_val,n_test,n_features,n_classes,accuracy,f1,balanced_accuracy,roc_auc,log_loss,fit_seconds,predict_seconds,status,error,n_train_a,n_train_b,n_holdout_c,n_test_d,ttt_loss,ttt_wise_ft,ttt_wise_alpha,ttt_wise_applied,ttt_steps,ttt_lr,ttt_applied,ttt_update_seconds,ttt_split_strategy,ttt_split_reason,ttt_epochs,ttt_chunks_per_epoch,ttt_batch_mode,ttt_val_eval_metric,ttt_val_baseline_metric,ttt_val_best_metric,ttt_val_baseline_accuracy,ttt_val_best_accuracy,ttt_best_epoch,ttt_stopped_early,ttt_oom_fallback,ttt_fallback_reason,ttt_c_selection,ttt_c_source,ttt_c_metric,ttt_c_f_distance_mean,ttt_c_f_distance_std,ttt_c_fallback_reason,ttt_c_label_coverage_ok
Amazon_employee_access,/home/crc00006699/zh/tabiclv2/data184/Amazon_employee_access,binclass,26215,5243,6554,7,2,0.94537686908758,0.9318429832829644,0.5896189631781911,0.8362962409067117,0.1654465683422701,29.259167432785038,12.61772322654724,ok,,26215,20972,0,6554,0.1989220678806305,True,0.1,False,27,1e-05,True,29.03258371353149,full_train_epoch_chunks,full train set chunked per epoch | validation=dataset_val_split | c_selection=f_mmd c_source=test c_metric=standardized_l2 | f_mmd_reserved_context=5% source=test | wise_ft_skipped rows=32769>=2000,30,3,epoch_chunk,accuracy,0.9486934960900248,0.9494564180812513,0.9486934960900248,0.9494564180812513,1,True,False,,f_mmd,test,standardized_l2,3.626854706595408,0.7188123557025738,,True
BNG(breast-w),/home/crc00006699/zh/tabiclv2/data184/BNG(breast-w),binclass,31492,6299,7874,9,2,0.9879349758699516,0.9879511376713446,0.9879950200060964,0.9990900147477288,0.0342933685775106,26.81630229949951,20.170605659484863,ok,,31492,25193,0,7874,0.0361160896718502,True,0.1,False,24,1e-05,True,26.55726146697998,full_train_epoch_chunks,full train set chunked per epoch | validation=dataset_val_split | c_selection=f_mmd c_source=test c_metric=standardized_l2 | f_mmd_reserved_context=5% source=test | wise_ft_skipped rows=39366>=2000,30,3,epoch_chunk,accuracy,0.98714081600254,0.98714081600254,0.98714081600254,0.98714081600254,0,True,False,,f_mmd,test,standardized_l2,4.266356135759509,0.7553151369521584,,True
BNG(tic-tac-toe),/home/crc00006699/zh/tabiclv2/data184/BNG(tic-tac-toe),binclass,31492,6299,7874,9,2,0.8154686309372619,0.8132664283933776,0.785847053095392,0.8842599541805107,0.4034348297696981,62.80238556861877,20.39720845222473,ok,,31492,25193,0,7874,0.4402214288711548,True,0.1,False,57,1e-05,True,62.45314621925354,full_train_epoch_chunks,full train set chunked per epoch | validation=dataset_val_split | c_selection=f_mmd c_source=test c_metric=standardized_l2 | f_mmd_reserved_context=5% source=test | wise_ft_skipped rows=39366>=2000,30,3,epoch_chunk,accuracy,0.807906016828068,0.8117161454199079,0.807906016828068,0.8117161454199079,11,True,False,,f_mmd,test,standardized_l2,1.8408121454446684,0.1126048979836661,,True
Basketball_c,/home/crc00006699/zh/tabiclv2/data184/Basketball_c,binclass,1072,215,268,11,2,0.7014925373134329,0.6996191714905836,0.6777699031419797,0.7444188518781006,0.5769613938953725,3.5109992027282715,0.4162721633911133,ok,,1072,857,0,268,0.5604385435581207,True,0.1,True,8,1e-05,True,3.476875305175781,full_train_epoch_chunks,full train set chunked per epoch | validation=dataset_val_split | c_selection=f_mmd c_source=test c_metric=standardized_l2 | f_mmd_reserved_context=5% source=test | wise_ft=alpha0.1 rows=1340<2000,30,1,epoch_chunk,accuracy,0.7581395348837209,0.7581395348837209,0.7581395348837209,0.7581395348837209,0,True,False,,f_mmd,test,standardized_l2,4.580026916701443,1.8472818550739796,,True
Cardiovascular-Disease-dataset,/home/crc00006699/zh/tabiclv2/data184/Cardiovascular-Disease-dataset,binclass,56000,11200,14000,11,2,0.7325,0.7321678910132209,0.7324799534628419,0.801109751382776,0.5411315507059646,129.9000325202942,59.59163475036621,ok,,56000,44800,0,14000,0.5448634922504425,True,0.1,False,100,1e-05,True,129.38016033172607,full_train_epoch_chunks,full train set chunked per epoch | validation=dataset_val_split | c_selection=f_mmd c_source=test c_metric=standardized_l2 | f_mmd_reserved_context=5% source=test | wise_ft_skipped rows=70000>=2000,30,5,epoch_chunk,accuracy,0.7194642857142857,0.7339285714285714,0.7194642857142857,0.7339285714285714,12,True,False,,f_mmd,test,standardized_l2,6.554668299698503,33.66639040487304,,True
Contaminant-detection-in-packaged-cocoa-hazelnut-spread-jars-using-Microwaves-Sensing-and-Machine-Learning-10.0GHz(Urbinati),/home/crc00006699/zh/tabiclv2/data184/Contaminant-detection-in-packaged-cocoa-hazelnut-spread-jars-using-Microwaves-Sensing-and-Machine-Learning-10.0GHz(Urbinati),binclass,1920,384,480,30,2,0.9770833333333332,0.97708960094233,0.9776835372636264,0.9960025027808675,0.0673488182524622,4.5728607177734375,0.9366326332092284,ok,,1920,1536,0,480,0.0945128388702869,True,0.1,False,8,1e-05,True,4.497039556503296,full_train_epoch_chunks,full train set chunked per epoch | validation=dataset_val_split | c_selection=f_mmd c_source=test c_metric=standardized_l2 | f_mmd_reserved_context=5% source=test | wise_ft_skipped rows=2400>=2000,30,1,epoch_chunk,accuracy,0.9739583333333334,0.9739583333333334,0.9739583333333334,0.9739583333333334,0,True,False,,f_mmd,test,standardized_l2,3.4741110173005367,0.5011058777592458,,True
Contaminant-detection-in-packaged-cocoa-hazelnut-spread-jars-using-Microwaves-Sensing-and-Machine-Learning-11.0GHz(Urbinati),/home/crc00006699/zh/tabiclv2/data184/Contaminant-detection-in-packaged-cocoa-hazelnut-spread-jars-using-Microwaves-Sensing-and-Machine-Learning-11.0GHz(Urbinati),binclass,1920,384,480,30,2,0.9645833333333332,0.964591788750226,0.9653086763070078,0.9930130700778642,0.1031397937407378,8.119784355163574,0.92224383354187,ok,,1920,1536,0,480,0.1005649492144584,True,0.1,False,16,1e-05,True,8.047247886657715,full_train_epoch_chunks,full train set chunked per epoch | validation=dataset_val_split | c_selection=f_mmd c_source=test c_metric=standardized_l2 | f_mmd_reserved_context=5% source=test | wise_ft_skipped rows=2400>=2000,30,1,epoch_chunk,accuracy,0.9739583333333334,0.9791666666666666,0.9739583333333334,0.9791666666666666,8,True,False,,f_mmd,test,standardized_l2,2.7700159416008097,0.3098385256639233,,True
Contaminant-detection-in-packaged-cocoa-hazelnut-spread-jars-using-Microwaves-Sensing-and-Machine-Learning-9.5GHz(Urbinati),/home/crc00006699/zh/tabiclv2/data184/Contaminant-detection-in-packaged-cocoa-hazelnut-spread-jars-using-Microwaves-Sensing-and-Machine-Learning-9.5GHz(Urbinati),binclass,1920,384,480,30,2,0.9666666666666668,0.9666753509914604,0.9670467185761956,0.9938125695216908,0.0972136885462188,6.787598133087158,0.907524824142456,ok,,1920,1536,0,480,0.134647399187088,True,0.1,False,13,1e-05,True,6.714484453201294,full_train_epoch_chunks,full train set chunked per epoch | validation=dataset_val_split | c_selection=f_mmd c_source=test c_metric=standardized_l2 | f_mmd_reserved_context=5% source=test | wise_ft_skipped rows=2400>=2000,30,1,epoch_chunk,accuracy,0.9583333333333334,0.9635416666666666,0.9583333333333334,0.9635416666666666,5,True,False,,f_mmd,test,standardized_l2,3.064720688473775,0.2426838793946008,,True
Customer_Personality_Analysis,/home/crc00006699/zh/tabiclv2/data184/Customer_Personality_Analysis,binclass,1792,359,448,24,2,0.8950892857142857,0.886747793665325,0.7292082892623497,0.913209542836996,0.2445325633110633,8.64099907875061,0.7787222862243652,ok,,1792,1433,0,448,0.1956295371055603,True,0.1,False,19,1e-05,True,8.546314477920532,full_train_epoch_chunks,full train set chunked per epoch | validation=dataset_val_split | c_selection=f_mmd c_source=test c_metric=standardized_l2 | f_mmd_reserved_context=5% source=test | wise_ft_skipped rows=2240>=2000,30,1,epoch_chunk,accuracy,0.8774373259052924,0.8941504178272981,0.8774373259052924,0.8941504178272981,11,True,False,,f_mmd,test,standardized_l2,4.672547501062974,1.1700370204343185,,True
E-CommereShippingData,/home/crc00006699/zh/tabiclv2/data184/E-CommereShippingData,binclass,8799,1760,2200,10,2,0.6768181818181818,0.6649352723104652,0.7266855338729606,0.730011480031014,0.503843044840211,8.138266324996948,3.059217691421509,ok,,8799,7039,0,2200,0.5159339010715485,True,0.1,False,8,1e-05,True,8.04637885093689,full_train_epoch_chunks,full train set chunked per epoch | validation=dataset_val_split | c_selection=f_mmd c_source=test c_metric=standardized_l2 | f_mmd_reserved_context=5% source=test | wise_ft_skipped rows=10999>=2000,30,1,epoch_chunk,accuracy,0.6840909090909091,0.6840909090909091,0.6840909090909091,0.6840909090909091,0,True,False,,f_mmd,test,standardized_l2,2.462655441028002,0.413209532243618,,True
FICO-HELOC-cleaned,/home/crc00006699/zh/tabiclv2/data184/FICO-HELOC-cleaned,binclass,7896,1580,1975,23,2,0.7498734177215189,0.7496944975204536,0.7489111632474453,0.8260989033564934,0.5129483912960623,16.69259762763977,3.472726821899414,ok,,7896,6316,0,1975,0.5300022065639496,True,0.1,False,14,1e-05,True,16.522247552871704,full_train_epoch_chunks,full train set chunked per epoch | validation=dataset_val_split | c_selection=f_mmd c_source=test c_metric=standardized_l2 | f_mmd_reserved_context=5% source=test | wise_ft_skipped rows=9871>=2000,30,1,epoch_chunk,accuracy,0.7436708860759493,0.7455696202531645,0.7436708860759493,0.7455696202531645,6,True,False,,f_mmd,test,standardized_l2,4.485100134651287,4.018561708468313,,True
FOREX_audcad-hour-High,/home/crc00006699/zh/tabiclv2/data184/FOREX_audcad-hour-High,binclass,35060,7012,8765,10,2,0.7139760410724473,0.7139403724620778,0.7136194374989122,0.7903981408033874,0.5530734093345852,51.24167609214783,24.672030687332157,ok,,35060,28048,0,8765,0.5565497279167175,True,0.1,False,42,1e-05,True,50.91917967796326,full_train_epoch_chunks,full train set chunked per epoch | validation=dataset_val_split | c_selection=f_mmd c_source=test c_metric=standardized_l2 | f_mmd_reserved_context=5% source=test | wise_ft_skipped rows=43825>=2000,30,3,epoch_chunk,accuracy,0.7133485453508271,0.7183399885909869,0.7133485453508271,0.7183399885909869,6,True,False,,f_mmd,test,standardized_l2,5.709728118445561,4.425062077440991,,True
FOREX_audjpy-day-High,/home/crc00006699/zh/tabiclv2/data184/FOREX_audjpy-day-High,binclass,1465,293,367,10,2,0.7874659400544959,0.7870287054052342,0.7862939183163902,0.8558646929433447,0.4746121042575816,3.863060712814331,0.5170211791992188,ok,,1465,1172,0,367,0.532994419336319,True,0.1,True,10,1e-05,True,3.8290185928344727,full_train_epoch_chunks,full train set chunked per epoch | validation=dataset_val_split | c_selection=f_mmd c_source=test c_metric=standardized_l2 | f_mmd_reserved_context=5% source=test | wise_ft=alpha0.1 rows=1832<2000,30,1,epoch_chunk,accuracy,0.7508532423208191,0.757679180887372,0.7508532423208191,0.757679180887372,2,True,False,,f_mmd,test,standardized_l2,4.970620801922388,1.658229757105251,,True
FOREX_audsgd-hour-High,/home/crc00006699/zh/tabiclv2/data184/FOREX_audsgd-hour-High,binclass,35060,7012,8765,10,2,0.7108956075299486,0.7109168469304116,0.7107239330851981,0.788808989440912,0.5526113236007673,90.23744082450868,24.729833841323853,ok,,35060,28048,0,8765,0.5760087966918945,True,0.1,False,72,1e-05,True,89.89635682106018,full_train_epoch_chunks,full train set chunked per epoch | validation=dataset_val_split | c_selection=f_mmd c_source=test c_metric=standardized_l2 | f_mmd_reserved_context=5% source=test | wise_ft_skipped rows=43825>=2000,30,3,epoch_chunk,accuracy,0.6975185396463206,0.7183399885909869,0.6975185396463206,0.7183399885909869,16,True,False,,f_mmd,test,standardized_l2,4.313698670596087,1.599167944891625,,True
FOREX_cadjpy-day-High,/home/crc00006699/zh/tabiclv2/data184/FOREX_cadjpy-day-High,binclass,1467,294,367,10,2,0.7302452316076294,0.7299324608330247,0.7303397481587075,0.7942504157757186,0.5527274814494376,7.640612363815308,0.4987123012542724,ok,,1467,1173,0,367,0.5345236361026764,True,0.1,True,23,1e-05,True,7.602217674255371,full_train_epoch_chunks,full train set chunked per epoch | validation=dataset_val_split | c_selection=f_mmd c_source=test c_metric=standardized_l2 | f_mmd_reserved_context=5% source=test | wise_ft=alpha0.1 rows=1834<2000,30,1,epoch_chunk,accuracy,0.7108843537414966,0.7312925170068028,0.7108843537414966,0.7312925170068028,15,True,False,,f_mmd,test,standardized_l2,5.276405738110378,1.9134195780321548,,True
Firm-Teacher_Clave-Direction_Classification,/home/crc00006699/zh/tabiclv2/data184/Firm-Teacher_Clave-Direction_Classification,multiclass,8640,1728,2160,16,4,0.8805555555555555,0.879055345314156,0.7990489020338708,0.9708974099010336,0.3123054118170194,12.920863389968872,3.423828601837158,ok,,8640,6912,0,2160,0.3310011029243469,True,0.1,False,11,1e-05,True,12.755577325820925,full_train_epoch_chunks,full train set chunked per epoch | validation=dataset_val_split | c_selection=f_mmd c_source=test c_metric=standardized_l2 | f_mmd_reserved_context=5% source=test | wise_ft_skipped rows=10800>=2000,30,1,epoch_chunk,accuracy,0.8668981481481481,0.8738425925925926,0.8668981481481481,0.8738425925925926,3,True,False,,f_mmd,test,standardized_l2,1.2743595976531017,0.0032793621498138,,True
GAMETES_Epistasis_2-Way_20atts_0.1H_EDM-1_1,/home/crc00006699/zh/tabiclv2/data184/GAMETES_Epistasis_2-Way_20atts_0.1H_EDM-1_1,binclass,1280,256,320,20,2,0.675,0.6698412698412699,0.675,0.7327539062499999,0.6021417044872637,6.919077396392822,0.5633625984191895,ok,,1280,1024,0,320,0.6321264505386353,True,0.1,True,16,1e-05,True,6.85478663444519,full_train_epoch_chunks,full train set chunked per epoch | validation=dataset_val_split | c_selection=f_mmd c_source=test c_metric=standardized_l2 | f_mmd_reserved_context=5% source=test | wise_ft=alpha0.1 rows=1600<2000,30,1,epoch_chunk,accuracy,0.59765625,0.65625,0.59765625,0.65625,8,True,False,,f_mmd,test,standardized_l2,2.251024782293219,0.2753977890508877,,True
Gender_Gap_in_Spanish_WP,/home/crc00006699/zh/tabiclv2/data184/Gender_Gap_in_Spanish_WP,multiclass,3796,760,950,13,3,0.6105263157894737,0.5649236297110013,0.4279047458573744,0.7057676406901244,0.7916315429617898,6.386192321777344,1.2731385231018066,ok,,3796,3036,0,950,0.8119687736034393,True,0.1,False,12,1e-05,True,6.325166463851929,full_train_epoch_chunks,full train set chunked per epoch | validation=dataset_val_split | c_selection=f_mmd c_source=test c_metric=standardized_l2 | f_mmd_reserved_context=5% source=test | wise_ft_skipped rows=4746>=2000,30,1,epoch_chunk,accuracy,0.625,0.6328947368421053,0.625,0.6328947368421053,4,True,False,,f_mmd,test,standardized_l2,16.147780497995985,30.14246577788064,,True
HR_Analytics_Job_Change_of_Data_Scientists,/home/crc00006699/zh/tabiclv2/data184/HR_Analytics_Job_Change_of_Data_Scientists,binclass,15326,3066,3832,13,2,0.7980167014613778,0.8005913159732737,0.7437655935229215,0.8107450860498593,0.4299748902042172,19.33369255065918,6.998654842376709,ok,,15326,12260,0,3832,0.4412874281406402,True,0.1,False,20,1e-05,True,19.114906072616577,full_train_epoch_chunks,full train set chunked per epoch | validation=dataset_val_split | c_selection=f_mmd c_source=test c_metric=standardized_l2 | f_mmd_reserved_context=5% source=test | wise_ft_skipped rows=19158>=2000,30,2,epoch_chunk,accuracy,0.8078930202217873,0.8085453359425963,0.8078930202217873,0.8085453359425963,2,True,False,,f_mmd,test,standardized_l2,2.5772490099793504,0.3069183235157489,,True
INNHotelsGroup,/home/crc00006699/zh/tabiclv2/data184/INNHotelsGroup,binclass,29020,5804,7255,17,2,0.906960716747071,0.906349470210098,0.8882117870400412,0.9648003631908426,0.2165635191293005,87.1588339805603,19.566567420959476,ok,,29020,23216,0,7255,0.2678181231021881,True,0.1,False,75,1e-05,True,86.68608903884888,full_train_epoch_chunks,full train set chunked per epoch | validation=dataset_val_split | c_selection=f_mmd c_source=test c_metric=standardized_l2 | f_mmd_reserved_context=5% source=test | wise_ft_skipped rows=36275>=2000,30,3,epoch_chunk,accuracy,0.903342522398346,0.9073053066850448,0.903342522398346,0.9073053066850448,17,True,False,,f_mmd,test,standardized_l2,6.1576147362745095,9.39666760616813,,True
Intersectional-Bias-Assessment,/home/crc00006699/zh/tabiclv2/data184/Intersectional-Bias-Assessment,binclass,8800,1760,2200,19,2,0.9459090909090908,0.9459094597199642,0.9459155783994558,0.9901438157412988,0.1298247514411379,14.393037796020508,3.6960973739624015,ok,,8800,7040,0,2200,0.1240604519844055,True,0.1,False,12,1e-05,True,14.228454351425173,full_train_epoch_chunks,full train set chunked per epoch | validation=dataset_val_split | c_selection=f_mmd c_source=test c_metric=standardized_l2 | f_mmd_reserved_context=5% source=test | wise_ft_skipped rows=11000>=2000,30,1,epoch_chunk,accuracy,0.95,0.9528409090909092,0.95,0.9528409090909092,4,True,False,,f_mmd,test,standardized_l2,2.246525388968858,0.2827963217985475,,True
JapaneseVowels,/home/crc00006699/zh/tabiclv2/data184/JapaneseVowels,multiclass,7968,1594,1993,14,9,0.9994982438534872,0.999498083906782,0.9993540051679586,1.0,0.0010583511573374,7.952343225479126,2.9893569946289062,ok,,7968,6374,0,1993,0.0095930746756494,True,0.1,False,8,1e-05,True,7.84663987159729,full_train_epoch_chunks,full train set chunked per epoch | validation=dataset_val_split | c_selection=f_mmd c_source=test c_metric=standardized_l2 | f_mmd_reserved_context=5% source=test | wise_ft_skipped rows=9961>=2000,30,1,epoch_chunk,accuracy,0.9962358845671268,0.9962358845671268,0.9962358845671268,0.9962358845671268,0,True,False,,f_mmd,test,standardized_l2,2.451838212173457,0.3377310441453923,,True
KDDCup09_upselling,/home/crc00006699/zh/tabiclv2/data184/KDDCup09_upselling,binclass,4102,821,1026,49,2,0.8157894736842105,0.8143928480840006,0.8157894736842105,0.9103902815301196,0.3591802414934523,15.562909841537476,2.4910552501678467,ok,,4102,3281,0,1026,0.3597872406244278,True,0.1,False,14,1e-05,True,15.351116180419922,full_train_epoch_chunks,full train set chunked per epoch | validation=dataset_val_split | c_selection=f_mmd c_source=test c_metric=standardized_l2 | f_mmd_reserved_context=5% source=test | wise_ft_skipped rows=5128>=2000,30,1,epoch_chunk,accuracy,0.8197320341047503,0.8221680876979294,0.8197320341047503,0.8221680876979294,6,True,False,,f_mmd,test,standardized_l2,7.833671778281296,21.96172061478189,,True
MIC,/home/crc00006699/zh/tabiclv2/data184/MIC,binclass,1319,264,330,104,2,0.9090909090909092,0.8995772562318263,0.7459413873076113,0.8829151732377538,0.2647364753167854,8.698520421981812,1.478898286819458,ok,,1319,1055,0,330,0.3280043751001358,True,0.1,True,8,1e-05,True,8.43313980102539,full_train_epoch_chunks,full train set chunked per epoch | validation=dataset_val_split | c_selection=f_mmd c_source=test c_metric=standardized_l2 | f_mmd_reserved_context=5% source=test | wise_ft=alpha0.1 rows=1649<2000,30,1,epoch_chunk,accuracy,0.875,0.875,0.875,0.875,0,True,False,,f_mmd,test,standardized_l2,5.712530890529921,2.467797472822383,,True
Marketing_Campaign,/home/crc00006699/zh/tabiclv2/data184/Marketing_Campaign,binclass,1792,359,448,27,2,0.8839285714285714,0.8741572521865889,0.7041955576448466,0.9256669408861206,0.2392275930955025,4.144456624984741,0.7943639755249023,ok,,1792,1433,0,448,0.2550839930772781,True,0.1,False,8,1e-05,True,4.070860147476196,full_train_epoch_chunks,full train set chunked per epoch | validation=dataset_val_split | c_selection=f_mmd c_source=test c_metric=standardized_l2 | f_mmd_reserved_context=5% source=test | wise_ft_skipped rows=2240>=2000,30,1,epoch_chunk,accuracy,0.9080779944289692,0.9080779944289692,0.9080779944289692,0.9080779944289692,0,True,False,,f_mmd,test,standardized_l2,4.276515050841072,2.1214029418271223,,True
National_Health_and_Nutrition_Health_Survey,/home/crc00006699/zh/tabiclv2/data184/National_Health_and_Nutrition_Health_Survey,binclass,1822,365,456,7,2,0.831140350877193,0.7829148262823291,0.5280410601237526,0.7766014521263278,0.3776370651626478,2.895229816436768,0.500812292098999,ok,,1822,1457,0,456,0.3479208648204803,True,0.1,False,8,1e-05,True,2.864877700805664,full_train_epoch_chunks,full train set chunked per epoch | validation=dataset_val_split | c_selection=f_mmd c_source=test c_metric=standardized_l2 | f_mmd_reserved_context=5% source=test | wise_ft_skipped rows=2278>=2000,30,1,epoch_chunk,accuracy,0.852054794520548,0.852054794520548,0.852054794520548,0.852054794520548,0,True,False,,f_mmd,test,standardized_l2,7.836993826876295,8.426130310236019,,True
PhishingWebsites,/home/crc00006699/zh/tabiclv2/data184/PhishingWebsites,binclass,8844,1769,2211,30,2,0.9787426503844414,0.978722543559194,0.9775808617516868,0.9986878098111708,0.0456510561023555,28.45458698272705,4.517527341842651,ok,,8844,7075,0,2211,0.0657318755984306,True,0.1,False,20,1e-05,True,28.17201781272888,full_train_epoch_chunks,full train set chunked per epoch | validation=dataset_val_split | c_selection=f_mmd c_source=test c_metric=standardized_l2 | f_mmd_reserved_context=5% source=test | wise_ft_skipped rows=11055>=2000,30,1,epoch_chunk,accuracy,0.9773883550028264,0.9790842283776144,0.9773883550028264,0.9790842283776144,12,True,False,,f_mmd,test,standardized_l2,3.127134346417661,0.426983204791658,,True
Pima_Indians_Diabetes_Database,/home/crc00006699/zh/tabiclv2/data184/Pima_Indians_Diabetes_Database,binclass,614,123,154,8,2,0.7272727272727273,0.7179459691252145,0.675,0.8598148148148148,0.4641800192291879,2.8644938468933105,0.4812996387481689,ok,,614,491,0,154,0.4470045864582062,True,0.1,True,8,1e-05,True,2.8388242721557617,full_train_epoch_chunks,full train set chunked per epoch | validation=dataset_val_split | c_selection=f_mmd c_source=test c_metric=standardized_l2 | f_mmd_reserved_context=5% source=test | wise_ft=alpha0.1 rows=768<2000,30,1,epoch_chunk,accuracy,0.7967479674796748,0.7967479674796748,0.7967479674796748,0.7967479674796748,0,True,False,,f_mmd,test,standardized_l2,4.29744305286492,1.2550670932773182,,True
Pumpkin_Seeds,/home/crc00006699/zh/tabiclv2/data184/Pumpkin_Seeds,binclass,2000,400,500,12,2,0.888,0.8878651144118828,0.8870192307692308,0.947596153846154,0.2979376476823792,6.099950790405273,0.6617915630340576,ok,,2000,1600,0,500,0.2436846643686294,True,0.1,False,16,1e-05,True,6.061225891113281,full_train_epoch_chunks,full train set chunked per epoch | validation=dataset_val_split | c_selection=f_mmd c_source=test c_metric=standardized_l2 | f_mmd_reserved_context=5% source=test | wise_ft_skipped rows=2500>=2000,30,1,epoch_chunk,accuracy,0.8675,0.8775,0.8675,0.8775,8,True,False,,f_mmd,test,standardized_l2,4.323479325957341,1.5603260508387111,,True
Rain_in_Australia,/home/crc00006699/zh/tabiclv2/data184/Rain_in_Australia,multiclass,116368,23274,29092,18,3,0.8592052798020074,0.852031403728733,0.7095194896177336,0.9209974629578171,0.3473339649188383,221.4251499176025,257.6879765987396,ok,,116368,93094,0,29092,0.370623305439949,True,0.1,False,110,1e-05,True,219.66776537895203,full_train_epoch_chunks,full train set chunked per epoch | validation=dataset_val_split | c_selection=f_mmd c_source=test c_metric=standardized_l2 | f_mmd_reserved_context=5% source=test | wise_ft_skipped rows=145460>=2000,30,10,epoch_chunk,accuracy,0.8521096502535017,0.8552032310733007,0.8521096502535017,0.8552032310733007,3,True,False,,f_mmd,test,standardized_l2,3.3047362427864546,3.4451760528598303,,True
Shipping,/home/crc00006699/zh/tabiclv2/data184/Shipping,binclass,8799,1760,2200,9,2,0.6886363636363636,0.6790786448113595,0.730529661468888,0.7356500778600226,0.4991803331188694,8.067882776260376,3.052806854248047,ok,,8799,7039,0,2200,0.512915700674057,True,0.1,False,8,1e-05,True,7.981695890426636,full_train_epoch_chunks,full train set chunked per epoch | validation=dataset_val_split | c_selection=f_mmd c_source=test c_metric=standardized_l2 | f_mmd_reserved_context=5% source=test | wise_ft_skipped rows=10999>=2000,30,1,epoch_chunk,accuracy,0.6767045454545455,0.6767045454545455,0.6767045454545455,0.6767045454545455,0,True,False,,f_mmd,test,standardized_l2,2.5718753578300464,0.4729183355357883,,True
VulNoneVul,/home/crc00006699/zh/tabiclv2/data184/VulNoneVul,binclass,4553,911,1139,16,2,0.9894644424934153,0.9842245601854184,0.5,0.831078083407276,0.0502740580715328,5.452558279037476,1.6483581066131592,ok,,4553,3642,0,1139,0.0230702981352806,True,0.1,False,8,1e-05,True,5.374675750732422,full_train_epoch_chunks,full train set chunked per epoch | validation=dataset_val_split | c_selection=f_mmd c_source=test c_metric=standardized_l2 | f_mmd_reserved_context=5% source=test | wise_ft_skipped rows=5692>=2000,30,1,epoch_chunk,accuracy,0.9890230515916576,0.9890230515916576,0.9890230515916576,0.9890230515916576,0,True,False,,f_mmd,test,standardized_l2,10.160203666004811,10.610619381915178,,True
Waterstress,/home/crc00006699/zh/tabiclv2/data184/Waterstress,binclass,950,190,238,22,2,0.8151260504201681,0.8151260504201681,0.8160480735242135,0.8915517850830682,0.4135382111379312,3.5494112968444824,0.9631624221801758,ok,,950,760,0,238,0.3403912782669067,True,0.1,True,8,1e-05,True,3.50409197807312,full_train_epoch_chunks,full train set chunked per epoch | validation=dataset_val_split | c_selection=f_mmd c_source=test c_metric=standardized_l2 | f_mmd_reserved_context=5% source=test | wise_ft=alpha0.1 rows=1188<2000,30,1,epoch_chunk,accuracy,0.8157894736842105,0.8157894736842105,0.8157894736842105,0.8157894736842105,0,True,False,,f_mmd,test,standardized_l2,6.664162551711222,1.4893363023500763,,True
abalone,/home/crc00006699/zh/tabiclv2/data184/abalone,multiclass,3341,669,836,8,3,0.6411483253588517,0.6446304636465436,0.6388815697569868,0.8332097439385954,0.7390854422617743,3.6831533908844,1.0265917778015137,ok,,3341,2672,0,836,0.7229947447776794,True,0.1,False,8,1e-05,True,3.63856840133667,full_train_epoch_chunks,full train set chunked per epoch | validation=dataset_val_split | c_selection=f_mmd c_source=test c_metric=standardized_l2 | f_mmd_reserved_context=5% source=test | wise_ft_skipped rows=4177>=2000,30,1,epoch_chunk,accuracy,0.6875934230194319,0.6875934230194319,0.6875934230194319,0.6875934230194319,0,True,False,,f_mmd,test,standardized_l2,4.941358578465779,5.413631318904715,,True
ada,/home/crc00006699/zh/tabiclv2/data184/ada,binclass,3317,664,830,48,2,0.8602409638554217,0.8555096105240209,0.7834826985312422,0.9199884864326612,0.3015738715956328,11.0591459274292,1.956914186477661,ok,,3317,2653,0,830,0.3754396289587021,True,0.1,False,13,1e-05,True,10.922892093658447,full_train_epoch_chunks,full train set chunked per epoch | validation=dataset_val_split | c_selection=f_mmd c_source=test c_metric=standardized_l2 | f_mmd_reserved_context=5% source=test | wise_ft_skipped rows=4147>=2000,30,1,epoch_chunk,accuracy,0.8689759036144579,0.8719879518072289,0.8689759036144579,0.8719879518072289,5,True,False,,f_mmd,test,standardized_l2,4.338794762934015,6.538881940189219,,True
ada_prior,/home/crc00006699/zh/tabiclv2/data184/ada_prior,binclass,3649,730,913,14,2,0.8543263964950711,0.8457882567749521,0.758630765081363,0.898610986244718,0.3336352040380488,6.005746603012085,1.2508466243743896,ok,,3649,2919,0,913,0.3383617699146271,True,0.1,False,11,1e-05,True,5.934645414352417,full_train_epoch_chunks,full train set chunked per epoch | validation=dataset_val_split | c_selection=f_mmd c_source=test c_metric=standardized_l2 | f_mmd_reserved_context=5% source=test | wise_ft_skipped rows=4562>=2000,30,1,epoch_chunk,accuracy,0.836986301369863,0.8397260273972603,0.836986301369863,0.8397260273972603,3,True,False,,f_mmd,test,standardized_l2,4.223381226452108,2.933874905659921,,True
airlines_seed_0_nrows_2000_nclasses_10_ncols_100_stratify_True,/home/crc00006699/zh/tabiclv2/data184/airlines_seed_0_nrows_2000_nclasses_10_ncols_100_stratify_True,binclass,1600,320,400,7,2,0.5975,0.5845832091405863,0.5783733171373621,0.6763715963154165,0.631319859460725,4.529267072677612,0.461212158203125,ok,,1600,1280,0,400,0.6447415351867676,True,0.1,False,13,1e-05,True,4.494541883468628,full_train_epoch_chunks,full train set chunked per epoch | validation=dataset_val_split | c_selection=f_mmd c_source=test c_metric=standardized_l2 | f_mmd_reserved_context=5% source=test | wise_ft_skipped rows=2000>=2000,30,1,epoch_chunk,accuracy,0.65,0.671875,0.65,0.671875,5,True,False,,f_mmd,test,standardized_l2,2.519760960365534,0.4749052057318942,,True
allrep,/home/crc00006699/zh/tabiclv2/data184/allrep,multiclass,3017,604,755,29,4,0.9841059602649008,0.9836103393706578,0.7504158512720156,0.9966646068970342,0.0373990700046589,7.834223031997681,1.339948654174805,ok,,3017,2413,0,755,0.0405985284596681,True,0.1,False,12,1e-05,True,7.727102756500244,full_train_epoch_chunks,full train set chunked per epoch | validation=dataset_val_split | c_selection=f_mmd c_source=test c_metric=standardized_l2 | f_mmd_reserved_context=5% source=test | wise_ft_skipped rows=3772>=2000,30,1,epoch_chunk,accuracy,0.9867549668874172,0.9900662251655628,0.9867549668874172,0.9900662251655628,4,True,False,,f_mmd,test,standardized_l2,5.180888819236119,7.502598832556349,,True
artificial-characters,/home/crc00006699/zh/tabiclv2/data184/artificial-characters,multiclass,8174,1635,2044,7,10,0.9584148727984344,0.958362449211244,0.9561261331580084,0.999382088225348,0.0882823289562785,23.954083919525143,2.6250076293945312,ok,,8174,6539,0,2044,0.2442494928836822,True,0.1,False,30,1e-05,True,23.883880853652958,full_train_epoch_chunks,full train set chunked per epoch | validation=dataset_val_split | c_selection=f_mmd c_source=test c_metric=standardized_l2 | f_mmd_reserved_context=5% source=test | wise_ft_skipped rows=10218>=2000,30,1,epoch_chunk,accuracy,0.8764525993883792,0.9296636085626911,0.8764525993883792,0.9296636085626911,27,False,False,,f_mmd,test,standardized_l2,3.462708810274597,0.9582121405367794,,True
autoUniv-au7-1100,/home/crc00006699/zh/tabiclv2/data184/autoUniv-au7-1100,multiclass,880,176,220,12,5,0.4227272727272727,0.4038064768160807,0.4077251302342704,0.7436319419733184,1.3400701897710747,4.178121566772461,0.7392032146453857,ok,,880,704,0,220,1.1850786805152893,True,0.1,True,11,1e-05,True,4.141824007034302,full_train_epoch_chunks,full train set chunked per epoch | validation=dataset_val_split | c_selection=f_mmd c_source=test c_metric=standardized_l2 | f_mmd_reserved_context=5% source=test | wise_ft=alpha0.1 rows=1100<2000,30,1,epoch_chunk,accuracy,0.5170454545454546,0.5227272727272727,0.5170454545454546,0.5227272727272727,3,True,False,,f_mmd,test,standardized_l2,1.819417358002407,0.0817604692692741,,True
banknote_authentication,/home/crc00006699/zh/tabiclv2/data184/banknote_authentication,binclass,1097,220,275,4,2,0.5381818181818182,0.4369710902124695,0.4911336119147112,0.5257152041144326,0.6868466033626077,2.8906211853027344,0.1854665279388427,ok,,1097,877,0,275,0.6846930682659149,True,0.1,True,8,1e-05,True,2.868559598922729,full_train_epoch_chunks,full train set chunked per epoch | validation=dataset_val_split | c_selection=f_mmd c_source=test c_metric=standardized_l2 | f_mmd_reserved_context=5% source=test | wise_ft=alpha0.1 rows=1372<2000,30,1,epoch_chunk,accuracy,0.5863636363636363,0.5863636363636363,0.5863636363636363,0.5863636363636363,0,True,False,,f_mmd,test,standardized_l2,4.318591661619124,1.0112856072925065,,True
car-evaluation,/home/crc00006699/zh/tabiclv2/data184/car-evaluation,multiclass,1382,277,346,21,4,0.9855491329479767,0.985510846572902,0.9699959131777314,0.9997581424214156,0.0220022751601747,10.590830087661743,0.5988385677337646,ok,,1382,1105,0,346,0.0034006997011601,True,0.1,True,26,1e-05,True,10.522362470626833,full_train_epoch_chunks,full train set chunked per epoch | validation=dataset_val_split | c_selection=f_mmd c_source=test c_metric=standardized_l2 | f_mmd_reserved_context=5% source=test | wise_ft=alpha0.1 rows=1728<2000,30,1,epoch_chunk,accuracy,0.9855595667870036,1.0,0.9855595667870036,1.0,18,True,False,,f_mmd,test,standardized_l2,1.2854933727395064,0.0041006102282326,,True
cmc,/home/crc00006699/zh/tabiclv2/data184/cmc,multiclass,1178,236,295,9,3,0.5966101694915255,0.592590799031477,0.5650923719404843,0.7682639255351459,0.8680963088184175,4.009389400482178,0.41534423828125,ok,,1178,942,0,295,0.8596830368041992,True,0.1,True,10,1e-05,True,3.967098474502564,full_train_epoch_chunks,full train set chunked per epoch | validation=dataset_val_split | c_selection=f_mmd c_source=test c_metric=standardized_l2 | f_mmd_reserved_context=5% source=test | wise_ft=alpha0.1 rows=1473<2000,30,1,epoch_chunk,accuracy,0.5466101694915254,0.5550847457627118,0.5466101694915254,0.5550847457627118,2,True,False,,f_mmd,test,standardized_l2,3.158996617404455,0.5584780100985502,,True
compass,/home/crc00006699/zh/tabiclv2/data184/compass,binclass,13315,2663,3329,17,2,0.8891559026734756,0.8891228261634861,0.8891507493069992,0.95287865990991,0.2664090460231829,54.83324313163757,6.033505439758301,ok,,13315,10652,0,3329,0.6021189987659454,True,0.1,False,60,1e-05,True,54.61454319953919,full_train_epoch_chunks,full train set chunked per epoch | validation=dataset_val_split | c_selection=f_mmd c_source=test c_metric=standardized_l2 | f_mmd_reserved_context=5% source=test | wise_ft_skipped rows=16644>=2000,30,2,epoch_chunk,accuracy,0.8009763424708974,0.8719489297784454,0.8009763424708974,0.8719489297784454,30,False,False,,f_mmd,test,standardized_l2,5.590307878403356,5.696671443389805,,True
contraceptive_method_choice,/home/crc00006699/zh/tabiclv2/data184/contraceptive_method_choice,multiclass,1178,236,295,9,3,0.6338983050847458,0.6311828831251282,0.6056807465938282,0.7951975268377293,0.8230180450103923,5.661233425140381,0.4193000793457031,ok,,1178,942,0,295,0.8841321468353271,True,0.1,True,16,1e-05,True,5.626689434051514,full_train_epoch_chunks,full train set chunked per epoch | validation=dataset_val_split | c_selection=f_mmd c_source=test c_metric=standardized_l2 | f_mmd_reserved_context=5% source=test | wise_ft=alpha0.1 rows=1473<2000,30,1,epoch_chunk,accuracy,0.5254237288135594,0.5338983050847458,0.5254237288135594,0.5338983050847458,8,True,False,,f_mmd,test,standardized_l2,3.188844304160801,0.5644437069734072,,True
credit-g,/home/crc00006699/zh/tabiclv2/data184/credit-g,binclass,800,160,200,20,2,0.79,0.7759999999999999,0.7023809523809523,0.843452380952381,0.4388589785254461,3.541193962097168,0.8038086891174316,ok,,800,640,0,200,0.4591438770294189,True,0.1,True,8,1e-05,True,3.4844512939453125,full_train_epoch_chunks,full train set chunked per epoch | validation=dataset_val_split | c_selection=f_mmd c_source=test c_metric=standardized_l2 | f_mmd_reserved_context=5% source=test | wise_ft=alpha0.1 rows=1000<2000,30,1,epoch_chunk,accuracy,0.775,0.775,0.775,0.775,0,True,False,,f_mmd,test,standardized_l2,2.743756151430304,0.3917983502035519,,True
dabetes_130-us_hospitals,/home/crc00006699/zh/tabiclv2/data184/dabetes_130-us_hospitals,binclass,81412,16283,20354,20,2,0.6464576987324359,0.6437306644636014,0.6398506152939303,0.7050579266318069,0.6185262162863369,156.25253176689148,123.71988034248352,ok,,81412,65129,0,20354,0.6405595541000366,True,0.1,False,84,1e-05,True,154.67001104354858,full_train_epoch_chunks,full train set chunked per epoch | validation=dataset_val_split | c_selection=f_mmd c_source=test c_metric=standardized_l2 | f_mmd_reserved_context=5% source=test | wise_ft_skipped rows=101766>=2000,30,7,epoch_chunk,accuracy,0.64816065835534,0.6534422403733956,0.64816065835534,0.6534422403733956,4,True,False,,f_mmd,test,standardized_l2,3.5510443580369984,8.060076499789226,,True
delta_ailerons,/home/crc00006699/zh/tabiclv2/data184/delta_ailerons,binclass,5703,1141,1426,5,2,0.9523141654978962,0.9523220722696378,0.9523056356911972,0.9827351298197392,0.1571838759416814,8.038284540176392,1.0935378074645996,ok,,5703,4562,0,1426,0.1879880055785179,True,0.1,False,14,1e-05,True,7.998172998428345,full_train_epoch_chunks,full train set chunked per epoch | validation=dataset_val_split | c_selection=f_mmd c_source=test c_metric=standardized_l2 | f_mmd_reserved_context=5% source=test | wise_ft_skipped rows=7129>=2000,30,1,epoch_chunk,accuracy,0.9404031551270816,0.9447852760736196,0.9404031551270816,0.9447852760736196,6,True,False,,f_mmd,test,standardized_l2,3.689035907319629,1.070969887580371,,True
dna,/home/crc00006699/zh/tabiclv2/data184/dna,multiclass,2548,510,638,180,3,0.9702194357366772,0.9703712732874086,0.9692349459543346,0.9979520728588884,0.0818184826701491,29.38959574699402,5.420300960540772,ok,,2548,2038,0,638,0.0973815694451332,True,0.1,False,14,1e-05,True,28.75291633605957,full_train_epoch_chunks,full train set chunked per epoch | validation=dataset_val_split | c_selection=f_mmd c_source=test c_metric=standardized_l2 | f_mmd_reserved_context=5% source=test | wise_ft_skipped rows=3186>=2000,30,1,epoch_chunk,accuracy,0.9725490196078432,0.976470588235294,0.9725490196078432,0.976470588235294,6,True,False,,f_mmd,test,standardized_l2,1.4325375806702203,0.0358320191438582,,True
dry_bean_dataset,/home/crc00006699/zh/tabiclv2/data184/dry_bean_dataset,multiclass,10888,2178,2723,16,7,0.929122291590158,0.9291216298758732,0.9390186358058982,0.9960345834562168,0.1857935766895938,11.58827257156372,4.553823232650757,ok,,10888,8710,0,2723,0.1808751598000526,True,0.1,False,8,1e-05,True,11.410584449768066,full_train_epoch_chunks,full train set chunked per epoch | validation=dataset_val_split | c_selection=f_mmd c_source=test c_metric=standardized_l2 | f_mmd_reserved_context=5% source=test | wise_ft_skipped rows=13611>=2000,30,1,epoch_chunk,accuracy,0.9329660238751148,0.9329660238751148,0.9329660238751148,0.9329660238751148,0,True,False,,f_mmd,test,standardized_l2,6.0717561377440346,2.162688232861121,,True
electricity,/home/crc00006699/zh/tabiclv2/data184/electricity,binclass,36249,7250,9063,8,2,0.9420721615359152,0.9420770752654528,0.9408087377886036,0.987396224308976,0.142258352519676,108.0985074043274,25.742015838623047,ok,,36249,28999,0,9063,0.2398016527295112,True,0.1,False,90,1e-05,True,107.80193018913268,full_train_epoch_chunks,full train set chunked per epoch | validation=dataset_val_split | c_selection=f_mmd c_source=test c_metric=standardized_l2 | f_mmd_reserved_context=5% source=test | wise_ft_skipped rows=45312>=2000,30,3,epoch_chunk,accuracy,0.9146206896551724,0.9427586206896552,0.9146206896551724,0.9427586206896552,28,False,False,,f_mmd,test,standardized_l2,6.1214708007166445,45.34163114899332,,True
eucalyptus,/home/crc00006699/zh/tabiclv2/data184/eucalyptus,multiclass,588,118,148,19,5,0.7297297297297297,0.7343152382239386,0.7213369318020482,0.943633389162328,0.5901141618672139,4.612813234329224,0.6382701396942139,ok,,588,470,0,148,0.7099291384220123,True,0.1,True,12,1e-05,True,4.570010423660278,full_train_epoch_chunks,full train set chunked per epoch | validation=dataset_val_split | c_selection=f_mmd c_source=test c_metric=standardized_l2 | f_mmd_reserved_context=5% source=test | wise_ft=alpha0.1 rows=736<2000,30,1,epoch_chunk,accuracy,0.7203389830508474,0.7288135593220338,0.7203389830508474,0.7288135593220338,4,True,False,,f_mmd,test,standardized_l2,2.879876383534911,2.4820270165095435,,True
eye_movements_bin,/home/crc00006699/zh/tabiclv2/data184/eye_movements_bin,binclass,6086,1218,1522,20,2,0.8909329829172142,0.8909299695219348,0.8909329829172141,0.9678944469290528,0.2469839185845612,26.469417810440063,2.444205045700073,ok,,6086,4868,0,1522,0.3961737006902694,True,0.1,False,30,1e-05,True,26.339802503585812,full_train_epoch_chunks,full train set chunked per epoch | validation=dataset_val_split | c_selection=f_mmd c_source=test c_metric=standardized_l2 | f_mmd_reserved_context=5% source=test | wise_ft_skipped rows=7608>=2000,30,1,epoch_chunk,accuracy,0.6305418719211823,0.8809523809523809,0.6305418719211823,0.8809523809523809,29,False,False,,f_mmd,test,standardized_l2,6.804704470839492,4.178498860938383,,True
golf_play_dataset_extended,/home/crc00006699/zh/tabiclv2/data184/golf_play_dataset_extended,binclass,876,176,219,9,2,0.9452054794520548,0.9452054794520548,0.9174415682332244,0.9801457652676552,0.1514617867195956,3.1075198650360107,0.7343816757202148,ok,,876,700,0,219,0.1600273922085762,True,0.1,True,8,1e-05,True,3.0754973888397217,full_train_epoch_chunks,full train set chunked per epoch | validation=dataset_val_split | c_selection=f_mmd c_source=test c_metric=standardized_l2 | f_mmd_reserved_context=5% source=test | wise_ft=alpha0.1 rows=1095<2000,30,1,epoch_chunk,accuracy,0.9318181818181818,0.9318181818181818,0.9318181818181818,0.9318181818181818,0,True,False,,f_mmd,test,standardized_l2,3.242069230095117,0.1752892601920303,,True
hill-valley,/home/crc00006699/zh/tabiclv2/data184/hill-valley,binclass,969,194,243,100,2,0.9835390946502056,0.9835335169511852,0.9834710743801652,0.9998645170031162,0.0922239041063401,17.5947003364563,1.0923707485198977,ok,,969,775,0,243,0.1524548940360546,True,0.1,True,24,1e-05,True,17.448123693466187,full_train_epoch_chunks,full train set chunked per epoch | validation=dataset_val_split | c_selection=f_mmd c_source=test c_metric=standardized_l2 | f_mmd_reserved_context=5% source=test | wise_ft=alpha0.1 rows=1212<2000,30,1,epoch_chunk,accuracy,0.9432989690721648,0.9742268041237112,0.9432989690721648,0.9742268041237112,16,True,False,,f_mmd,test,standardized_l2,13.65825619890966,8.43537543839596,,True
htru,/home/crc00006699/zh/tabiclv2/data184/htru,binclass,14318,2864,3580,8,2,0.9810055865921788,0.9808461102593908,0.934719347193472,0.98729862298623,0.0614609572393445,12.432479858398438,5.753640174865723,ok,,14318,11454,0,3580,0.0700234062969684,True,0.1,False,16,1e-05,True,12.32918906211853,full_train_epoch_chunks,full train set chunked per epoch | validation=dataset_val_split | c_selection=f_mmd c_source=test c_metric=standardized_l2 | f_mmd_reserved_context=5% source=test | wise_ft_skipped rows=17898>=2000,30,2,epoch_chunk,accuracy,0.9783519553072626,0.9783519553072626,0.9783519553072626,0.9783519553072626,0,True,False,,f_mmd,test,standardized_l2,8.946950700716208,3.6753390943866817,,True
in_vehicle_coupon_recommendation,/home/crc00006699/zh/tabiclv2/data184/in_vehicle_coupon_recommendation,binclass,10147,2030,2537,21,2,0.7950335041387465,0.7936006577159603,0.7857418349704558,0.8636150323941254,0.4545818365537188,22.90307879447937,4.481012344360352,ok,,10147,8117,0,2537,0.4806060642004013,True,0.1,False,16,1e-05,True,22.642625093460083,full_train_epoch_chunks,full train set chunked per epoch | validation=dataset_val_split | c_selection=f_mmd c_source=test c_metric=standardized_l2 | f_mmd_reserved_context=5% source=test | wise_ft_skipped rows=12684>=2000,30,1,epoch_chunk,accuracy,0.7645320197044335,0.7729064039408867,0.7645320197044335,0.7729064039408867,8,True,False,,f_mmd,test,standardized_l2,1.6951515820085172,0.095839444744012,,True
jasmine,/home/crc00006699/zh/tabiclv2/data184/jasmine,binclass,2387,478,597,144,2,0.830820770519263,0.8291809474845703,0.8309858364570941,0.8871069111804449,0.3789710200501225,14.75757336616516,4.6362464427948,ok,,2387,1909,0,597,0.3770138621330261,True,0.1,False,8,1e-05,True,14.26320481300354,full_train_epoch_chunks,full train set chunked per epoch | validation=dataset_val_split | c_selection=f_mmd c_source=test c_metric=standardized_l2 | f_mmd_reserved_context=5% source=test | wise_ft_skipped rows=2984>=2000,30,1,epoch_chunk,accuracy,0.8514644351464435,0.8514644351464435,0.8514644351464435,0.8514644351464435,0,True,False,,f_mmd,test,standardized_l2,3.744939232855234,2.496165052757057,,True
jungle_chess_2pcs_raw_endgame_complete,/home/crc00006699/zh/tabiclv2/data184/jungle_chess_2pcs_raw_endgame_complete,multiclass,35855,7171,8964,6,3,0.966309683177153,0.9661225074224415,0.9448962180740176,0.997594599568163,0.0991451116914678,101.41298294067384,24.60414028167725,ok,,35855,28684,0,8964,0.1719302609562873,True,0.1,False,90,1e-05,True,101.22999548912048,full_train_epoch_chunks,full train set chunked per epoch | validation=dataset_val_split | c_selection=f_mmd c_source=test c_metric=standardized_l2 | f_mmd_reserved_context=5% source=test | wise_ft_skipped rows=44819>=2000,30,3,epoch_chunk,accuracy,0.8954120764189095,0.9620694463812578,0.8954120764189095,0.9620694463812578,24,False,False,,f_mmd,test,standardized_l2,1.92503797877294,0.1182629266496289,,True
kdd_ipums_la_97-small,/home/crc00006699/zh/tabiclv2/data184/kdd_ipums_la_97-small,binclass,4150,830,1038,20,2,0.8863198458574181,0.8858004893039354,0.8863198458574182,0.9497403113294056,0.2601791647164491,11.377618074417114,1.6145548820495603,ok,,4150,3320,0,1038,0.2352442219853401,True,0.1,False,17,1e-05,True,11.292725563049316,full_train_epoch_chunks,full train set chunked per epoch | validation=dataset_val_split | c_selection=f_mmd c_source=test c_metric=standardized_l2 | f_mmd_reserved_context=5% source=test | wise_ft_skipped rows=5188>=2000,30,1,epoch_chunk,accuracy,0.880722891566265,0.8831325301204819,0.880722891566265,0.8831325301204819,9,True,False,,f_mmd,test,standardized_l2,3.345398383764991,0.6661016526204125,,True
law-school-admission-bianry,/home/crc00006699/zh/tabiclv2/data184/law-school-admission-bianry,binclass,16640,3328,4160,11,2,1.0,1.0,1.0,1.0,7.075402308094682e-07,15.355973482131958,7.6003336906433105,ok,,16640,13312,0,4160,8.730910110443801e-07,True,0.1,False,16,1e-05,True,15.184940338134766,full_train_epoch_chunks,full train set chunked per epoch | validation=dataset_val_split | c_selection=f_mmd c_source=test c_metric=standardized_l2 | f_mmd_reserved_context=5% source=test | wise_ft_skipped rows=20800>=2000,30,2,epoch_chunk,accuracy,1.0,1.0,1.0,1.0,0,True,False,,f_mmd,test,standardized_l2,3.31833245002201,0.8464428013944479,,True
led7,/home/crc00006699/zh/tabiclv2/data184/led7,multiclass,2560,512,640,7,10,0.740625,0.7363906987718676,0.7386482164741988,0.9596981831276266,0.779188549985037,3.57556700706482,0.7687563896179199,ok,,2560,2048,0,640,0.8177502155303955,True,0.1,False,8,1e-05,True,3.535193920135498,full_train_epoch_chunks,full train set chunked per epoch | validation=dataset_val_split | c_selection=f_mmd c_source=test c_metric=standardized_l2 | f_mmd_reserved_context=5% source=test | wise_ft_skipped rows=3200>=2000,30,1,epoch_chunk,accuracy,0.728515625,0.728515625,0.728515625,0.728515625,0,True,False,,f_mmd,test,standardized_l2,2.027332511650197,0.1355588945793369,,True
mammography,/home/crc00006699/zh/tabiclv2/data184/mammography,binclass,8946,1790,2237,6,2,0.9892713455520786,0.9885863407758956,0.8255500792114064,0.988065481429326,0.0318061027430531,8.995433807373047,2.205282211303711,ok,,8946,7156,0,2237,0.0373348854482173,True,0.1,False,10,1e-05,True,8.922407865524292,full_train_epoch_chunks,full train set chunked per epoch | validation=dataset_val_split | c_selection=f_mmd c_source=test c_metric=standardized_l2 | f_mmd_reserved_context=5% source=test | wise_ft_skipped rows=11183>=2000,30,1,epoch_chunk,accuracy,0.988268156424581,0.988826815642458,0.988268156424581,0.988826815642458,2,True,False,,f_mmd,test,standardized_l2,8.315249255577932,13.625643987045803,,True
mfeat-factors,/home/crc00006699/zh/tabiclv2/data184/mfeat-factors,multiclass,1600,320,400,216,10,0.9825,0.9824984372558212,0.9825,0.9997638888888888,0.0773916157270376,14.037314653396606,4.188274383544922,ok,,1600,1280,0,400,0.0218159332871437,True,0.1,False,8,1e-05,True,13.653347730636597,full_train_epoch_chunks,full train set chunked per epoch | validation=dataset_val_split | c_selection=f_mmd c_source=test c_metric=standardized_l2 | f_mmd_reserved_context=5% source=test | wise_ft_skipped rows=2000>=2000,30,1,epoch_chunk,accuracy,0.9875,0.9875,0.9875,0.9875,0,True,False,,f_mmd,test,standardized_l2,2.0588483748197195,0.210254983477665,,True
mfeat-karhunen,/home/crc00006699/zh/tabiclv2/data184/mfeat-karhunen,multiclass,1600,320,400,64,10,0.975,0.975015727207024,0.975,0.9997222222222222,0.0914196129201407,9.265563011169434,1.297041416168213,ok,,1600,1280,0,400,0.0241599716246128,True,0.1,False,13,1e-05,True,9.141371488571169,full_train_epoch_chunks,full train set chunked per epoch | validation=dataset_val_split | c_selection=f_mmd c_source=test c_metric=standardized_l2 | f_mmd_reserved_context=5% source=test | wise_ft_skipped rows=2000>=2000,30,1,epoch_chunk,accuracy,0.971875,0.975,0.971875,0.975,5,True,False,,f_mmd,test,standardized_l2,1.742347368462596,0.081358236381311,,True
mfeat-pixel,/home/crc00006699/zh/tabiclv2/data184/mfeat-pixel,multiclass,1600,320,400,240,10,0.975,0.97494801061037,0.975,0.9995277777777778,0.1193144933919635,18.45816683769226,4.803579807281494,ok,,1600,1280,0,400,0.0034770264755934,True,0.1,False,8,1e-05,True,17.79587697982788,full_train_epoch_chunks,full train set chunked per epoch | validation=dataset_val_split | c_selection=f_mmd c_source=test c_metric=standardized_l2 | f_mmd_reserved_context=5% source=test | wise_ft_skipped rows=2000>=2000,30,1,epoch_chunk,accuracy,0.9875,0.9875,0.9875,0.9875,0,True,False,,f_mmd,test,standardized_l2,1.7238650669662636,0.0898627304730422,,True
mice_protein_expression,/home/crc00006699/zh/tabiclv2/data184/mice_protein_expression,multiclass,864,173,216,75,8,1.0,1.0,1.0,1.0,1.8524631875884251e-06,5.643454551696777,0.8303701877593994,ok,,864,691,0,216,9.144432169705397e-05,True,0.1,True,8,1e-05,True,5.527080059051514,full_train_epoch_chunks,full train set chunked per epoch | validation=dataset_val_split | c_selection=f_mmd c_source=test c_metric=standardized_l2 | f_mmd_reserved_context=5% source=test | wise_ft=alpha0.1 rows=1080<2000,30,1,epoch_chunk,accuracy,1.0,1.0,1.0,1.0,0,True,False,,f_mmd,test,standardized_l2,3.20523906295369,0.9839110698146576,,True
mobile_c36_oversampling,/home/crc00006699/zh/tabiclv2/data184/mobile_c36_oversampling,binclass,41408,8282,10352,6,2,0.9939142194744977,0.9939092500630864,0.9928201009321485,0.9993854082757352,0.0225396451645785,110.50004601478577,23.78747582435608,ok,,41408,33126,0,10352,0.0443257857114076,True,0.1,False,112,1e-05,True,110.3005437850952,full_train_epoch_chunks,full train set chunked per epoch | validation=dataset_val_split | c_selection=f_mmd c_source=test c_metric=standardized_l2 | f_mmd_reserved_context=5% source=test | wise_ft_skipped rows=51760>=2000,30,4,epoch_chunk,accuracy,0.9940835546969332,0.9956532238589711,0.9940835546969332,0.9956532238589711,20,True,False,,f_mmd,test,standardized_l2,3.8771423022845175,1.0416077006286055,,True
national-longitudinal-survey-binary,/home/crc00006699/zh/tabiclv2/data184/national-longitudinal-survey-binary,binclass,3926,786,982,16,2,1.0,1.0,1.0,1.0,0.0002421948431301,5.201898574829102,1.493727207183838,ok,,3926,3140,0,982,1.710482456473983e-05,True,0.1,False,8,1e-05,True,5.118851900100708,full_train_epoch_chunks,full train set chunked per epoch | validation=dataset_val_split | c_selection=f_mmd c_source=test c_metric=standardized_l2 | f_mmd_reserved_context=5% source=test | wise_ft_skipped rows=4908>=2000,30,1,epoch_chunk,accuracy,1.0,1.0,1.0,1.0,0,True,False,,f_mmd,test,standardized_l2,2.8596667308055475,0.4325343223026717,,True
online_shoppers,/home/crc00006699/zh/tabiclv2/data184/online_shoppers,binclass,9864,1973,2466,14,2,0.9051094890510948,0.8997769045476226,0.7706836430143402,0.9296780004220638,0.2273390813450008,10.097651481628418,3.904111862182617,ok,,9864,7891,0,2466,0.2176550924777984,True,0.1,False,8,1e-05,True,9.948106288909912,full_train_epoch_chunks,full train set chunked per epoch | validation=dataset_val_split | c_selection=f_mmd c_source=test c_metric=standardized_l2 | f_mmd_reserved_context=5% source=test | wise_ft_skipped rows=12330>=2000,30,1,epoch_chunk,accuracy,0.9026862645717182,0.9026862645717182,0.9026862645717182,0.9026862645717182,0,True,False,,f_mmd,test,standardized_l2,3.612355004594364,2.287742417931651,,True
ozone-level-8hr,/home/crc00006699/zh/tabiclv2/data184/ozone-level-8hr,binclass,2027,406,507,72,2,0.9546351084812624,0.9455028296657256,0.6697697368421053,0.9473684210526316,0.1229630889561248,7.13537073135376,1.684318780899048,ok,,2027,1621,0,507,0.1294588074088096,True,0.1,False,8,1e-05,True,6.97181248664856,full_train_epoch_chunks,full train set chunked per epoch | validation=dataset_val_split | c_selection=f_mmd c_source=test c_metric=standardized_l2 | f_mmd_reserved_context=5% source=test | wise_ft_skipped rows=2534>=2000,30,1,epoch_chunk,accuracy,0.9507389162561576,0.9507389162561576,0.9507389162561576,0.9507389162561576,0,True,False,,f_mmd,test,standardized_l2,3.760222356214882,0.9378070589744152,,True
page-blocks,/home/crc00006699/zh/tabiclv2/data184/page-blocks,multiclass,4378,876,1095,10,5,0.9789954337899544,0.9786887633636332,0.8999372288947237,0.9915083779831544,0.0872055830419127,6.896958351135254,1.3772969245910645,ok,,4378,3502,0,1095,0.0629476867616176,True,0.1,False,13,1e-05,True,6.84331750869751,full_train_epoch_chunks,full train set chunked per epoch | validation=dataset_val_split | c_selection=f_mmd c_source=test c_metric=standardized_l2 | f_mmd_reserved_context=5% source=test | wise_ft_skipped rows=5473>=2000,30,1,epoch_chunk,accuracy,0.973744292237443,0.9748858447488584,0.973744292237443,0.9748858447488584,5,True,False,,f_mmd,test,standardized_l2,206.5625700184721,27.311700503881685,,True
pc3,/home/crc00006699/zh/tabiclv2/data184/pc3,binclass,1250,250,313,37,2,0.9009584664536742,0.8713234468060816,0.5571619217081851,0.8391903914590747,0.2596583577594416,5.170046329498291,0.70021653175354,ok,,1250,1000,0,313,0.2335140258073806,True,0.1,True,8,1e-05,True,5.095557451248169,full_train_epoch_chunks,full train set chunked per epoch | validation=dataset_val_split | c_selection=f_mmd c_source=test c_metric=standardized_l2 | f_mmd_reserved_context=5% source=test | wise_ft=alpha0.1 rows=1563<2000,30,1,epoch_chunk,accuracy,0.884,0.884,0.884,0.884,0,True,False,,f_mmd,test,standardized_l2,11.670120732183827,18.552186057997343,,True
pendigits,/home/crc00006699/zh/tabiclv2/data184/pendigits,multiclass,8793,1759,2199,16,10,0.9977262391996362,0.9977270042310732,0.997667584180136,0.999780927902962,0.0120104219770805,9.30242919921875,3.497899293899536,ok,,8793,7034,0,2199,0.0050815474241971,True,0.1,False,8,1e-05,True,9.170929670333862,full_train_epoch_chunks,full train set chunked per epoch | validation=dataset_val_split | c_selection=f_mmd c_source=test c_metric=standardized_l2 | f_mmd_reserved_context=5% source=test | wise_ft_skipped rows=10992>=2000,30,1,epoch_chunk,accuracy,0.9971574758385446,0.9971574758385446,0.9971574758385446,0.9971574758385446,0,True,False,,f_mmd,test,standardized_l2,2.452164893334547,0.5092612150003182,,True
pol,/home/crc00006699/zh/tabiclv2/data184/pol,binclass,8065,1613,2017,26,2,0.992563212692117,0.9925632017241728,0.9925639482750483,0.9997512467160634,0.020965631762511,20.8119912147522,3.7546873092651367,ok,,8065,6452,0,2017,0.0170314060524106,True,0.1,False,18,1e-05,True,20.651769399642944,full_train_epoch_chunks,full train set chunked per epoch | validation=dataset_val_split | c_selection=f_mmd c_source=test c_metric=standardized_l2 | f_mmd_reserved_context=5% source=test | wise_ft_skipped rows=10082>=2000,30,1,epoch_chunk,accuracy,0.9888406695598264,0.990700557966522,0.9888406695598264,0.990700557966522,10,True,False,,f_mmd,test,standardized_l2,7.343504204160314,2.726870135818952,,True
rice_cammeo_and_osmancik,/home/crc00006699/zh/tabiclv2/data184/rice_cammeo_and_osmancik,binclass,3048,610,762,7,2,0.9304461942257218,0.930143932752019,0.925289863229583,0.9786120335453368,0.1845309481833716,4.471159219741821,0.8014974594116211,ok,,3048,2438,0,762,0.1902205199003219,True,0.1,False,11,1e-05,True,4.436734914779663,full_train_epoch_chunks,full train set chunked per epoch | validation=dataset_val_split | c_selection=f_mmd c_source=test c_metric=standardized_l2 | f_mmd_reserved_context=5% source=test | wise_ft_skipped rows=3810>=2000,30,1,epoch_chunk,accuracy,0.9327868852459016,0.9360655737704918,0.9327868852459016,0.9360655737704918,3,True,False,,f_mmd,test,standardized_l2,3.804583445804758,0.943029575717378,,True
rl,/home/crc00006699/zh/tabiclv2/data184/rl,binclass,3976,796,994,12,2,0.9104627766599598,0.9104605110671844,0.9104627766599598,0.9578618592844796,0.2559375073686927,10.260043621063232,1.2935328483581543,ok,,3976,3180,0,994,0.3287830501794815,True,0.1,False,20,1e-05,True,10.1947181224823,full_train_epoch_chunks,full train set chunked per epoch | validation=dataset_val_split | c_selection=f_mmd c_source=test c_metric=standardized_l2 | f_mmd_reserved_context=5% source=test | wise_ft_skipped rows=4970>=2000,30,1,epoch_chunk,accuracy,0.8819095477386935,0.8932160804020101,0.8819095477386935,0.8932160804020101,12,True,False,,f_mmd,test,standardized_l2,5.271763022459757,1.441281731123037,,True
segment,/home/crc00006699/zh/tabiclv2/data184/segment,multiclass,1848,370,462,17,7,0.9502164502164502,0.9503107053968052,0.9502164502164502,0.9971741221741224,0.1381314616927325,3.642113208770752,0.6808648109436035,ok,,1848,1478,0,462,0.1519546806812286,True,0.1,False,8,1e-05,True,3.593440055847168,full_train_epoch_chunks,full train set chunked per epoch | validation=dataset_val_split | c_selection=f_mmd c_source=test c_metric=standardized_l2 | f_mmd_reserved_context=5% source=test | wise_ft_skipped rows=2310>=2000,30,1,epoch_chunk,accuracy,0.9513513513513514,0.9513513513513514,0.9513513513513514,0.9513513513513514,0,True,False,,f_mmd,test,standardized_l2,5.893529068765413,9.402798278109907,,True
semeion,/home/crc00006699/zh/tabiclv2/data184/semeion,multiclass,1274,255,319,256,10,0.9717868338557992,0.9718257967019218,0.9717741935483872,0.9994658389844266,0.0937537436479936,52.65469622612,4.153507709503174,ok,,1274,1019,0,319,0.0592479147017002,True,0.1,True,30,1e-05,True,52.17617726325989,full_train_epoch_chunks,full train set chunked per epoch | validation=dataset_val_split | c_selection=f_mmd c_source=test c_metric=standardized_l2 | f_mmd_reserved_context=5% source=test | wise_ft=alpha0.1 rows=1593<2000,30,1,epoch_chunk,accuracy,0.9215686274509804,0.9568627450980391,0.9215686274509804,0.9568627450980391,22,True,False,,f_mmd,test,standardized_l2,1.5199568110473975,0.0683442662826731,,True
shrutime,/home/crc00006699/zh/tabiclv2/data184/shrutime,binclass,8000,1600,2000,10,2,0.8645,0.8522951550818406,0.7143747921516461,0.8834954017548795,0.307063647180904,21.626680850982662,2.739510059356689,ok,,8000,6400,0,2000,0.3227155357599258,True,0.1,False,26,1e-05,True,21.52936172485352,full_train_epoch_chunks,full train set chunked per epoch | validation=dataset_val_split | c_selection=f_mmd c_source=test c_metric=standardized_l2 | f_mmd_reserved_context=5% source=test | wise_ft_skipped rows=10000>=2000,30,1,epoch_chunk,accuracy,0.863125,0.87,0.863125,0.87,18,True,False,,f_mmd,test,standardized_l2,2.1953466679650435,0.3733174812006346,,True
spambase,/home/crc00006699/zh/tabiclv2/data184/spambase,binclass,3680,736,921,57,2,0.9630836047774158,0.9631011755161604,0.9618324002488224,0.992120619686602,0.1114924143160071,12.712109804153442,2.4492249488830566,ok,,3680,2944,0,921,0.1173185743391513,True,0.1,False,12,1e-05,True,12.53403353691101,full_train_epoch_chunks,full train set chunked per epoch | validation=dataset_val_split | c_selection=f_mmd c_source=test c_metric=standardized_l2 | f_mmd_reserved_context=5% source=test | wise_ft_skipped rows=4601>=2000,30,1,epoch_chunk,accuracy,0.9646739130434784,0.9660326086956522,0.9646739130434784,0.9660326086956522,4,True,False,,f_mmd,test,standardized_l2,8.755897123901873,7.154825931036991,,True
sports_articles_for_objectivity_analysis,/home/crc00006699/zh/tabiclv2/data184/sports_articles_for_objectivity_analysis,binclass,800,160,200,59,2,0.845,0.8425608503788404,0.8197066120159637,0.8951569409988136,0.3931604070058936,5.289196252822876,1.378345966339111,ok,,800,640,0,200,0.3112590909004211,True,0.1,True,8,1e-05,True,5.181200265884399,full_train_epoch_chunks,full train set chunked per epoch | validation=dataset_val_split | c_selection=f_mmd c_source=test c_metric=standardized_l2 | f_mmd_reserved_context=5% source=test | wise_ft=alpha0.1 rows=1000<2000,30,1,epoch_chunk,accuracy,0.8375,0.8375,0.8375,0.8375,0,True,False,,f_mmd,test,standardized_l2,7.269896438741965,4.760994848359357,,True
steel_plates_faults,/home/crc00006699/zh/tabiclv2/data184/steel_plates_faults,multiclass,1552,311,389,27,7,0.8406169665809768,0.8405516535299553,0.8843751156251157,0.9820091260831522,0.3681819184386689,11.81014895439148,0.7128770351409912,ok,,1552,1241,0,389,0.4620141685009002,True,0.1,True,26,1e-05,True,11.737195014953612,full_train_epoch_chunks,full train set chunked per epoch | validation=dataset_val_split | c_selection=f_mmd c_source=test c_metric=standardized_l2 | f_mmd_reserved_context=5% source=test | wise_ft=alpha0.1 rows=1941<2000,30,1,epoch_chunk,accuracy,0.8006430868167203,0.8327974276527331,0.8006430868167203,0.8327974276527331,18,True,False,,f_mmd,test,standardized_l2,37.381978418108666,1.6745122809902615,,True
sylvine,/home/crc00006699/zh/tabiclv2/data184/sylvine,binclass,4099,820,1025,20,2,0.977560975609756,0.9775605484475218,0.97756571332846,0.998534204434698,0.0503345811717062,7.399209499359131,1.5731284618377686,ok,,4099,3279,0,1025,0.0811744406819343,True,0.1,False,11,1e-05,True,7.307594537734985,full_train_epoch_chunks,full train set chunked per epoch | validation=dataset_val_split | c_selection=f_mmd c_source=test c_metric=standardized_l2 | f_mmd_reserved_context=5% source=test | wise_ft_skipped rows=5124>=2000,30,1,epoch_chunk,accuracy,0.9804878048780488,0.9841463414634146,0.9804878048780488,0.9841463414634146,3,True,False,,f_mmd,test,standardized_l2,2.6819580007971275,0.4605404270183973,,True
telco-customer-churn,/home/crc00006699/zh/tabiclv2/data184/telco-customer-churn,binclass,5634,1127,1409,18,2,0.8055358410220014,0.7975092184456082,0.7165090805755767,0.8515280684078638,0.4091938885301509,9.332780122756958,2.1310646533966064,ok,,5634,4507,0,1409,0.39566870033741,True,0.1,False,11,1e-05,True,9.201384782791138,full_train_epoch_chunks,full train set chunked per epoch | validation=dataset_val_split | c_selection=f_mmd c_source=test c_metric=standardized_l2 | f_mmd_reserved_context=5% source=test | wise_ft_skipped rows=7043>=2000,30,1,epoch_chunk,accuracy,0.8181011535048802,0.8198757763975155,0.8181011535048802,0.8198757763975155,3,True,False,,f_mmd,test,standardized_l2,1.8744802035134616,0.0915116518437279,,True
thyroid-ann,/home/crc00006699/zh/tabiclv2/data184/thyroid-ann,multiclass,3017,604,755,21,3,0.9920529801324504,0.9919737363445972,0.9376413813904388,0.9997004586157432,0.0148843128480156,6.181108713150024,1.2022888660430908,ok,,3017,2413,0,755,0.0035456521436572,True,0.1,False,11,1e-05,True,6.112395763397217,full_train_epoch_chunks,full train set chunked per epoch | validation=dataset_val_split | c_selection=f_mmd c_source=test c_metric=standardized_l2 | f_mmd_reserved_context=5% source=test | wise_ft_skipped rows=3772>=2000,30,1,epoch_chunk,accuracy,0.9917218543046358,0.9950331125827816,0.9917218543046358,0.9950331125827816,3,True,False,,f_mmd,test,standardized_l2,7.608014398270635,10.63850520188659,,True
turiye_student_evaluation,/home/crc00006699/zh/tabiclv2/data184/turiye_student_evaluation,multiclass,4656,932,1164,32,5,0.5214776632302406,0.4923013417239895,0.410304304583312,0.7696361281440501,1.1791436597349982,7.353295087814331,2.2162561416625977,ok,,4656,3724,0,1164,1.183232307434082,True,0.1,False,8,1e-05,True,7.208373546600342,full_train_epoch_chunks,full train set chunked per epoch | validation=dataset_val_split | c_selection=f_mmd c_source=test c_metric=standardized_l2 | f_mmd_reserved_context=5% source=test | wise_ft_skipped rows=5820>=2000,30,1,epoch_chunk,accuracy,0.5085836909871244,0.5085836909871244,0.5085836909871244,0.5085836909871244,0,True,False,,f_mmd,test,standardized_l2,2.9406910194641416,0.0997119509815928,,True
vehicle,/home/crc00006699/zh/tabiclv2/data184/vehicle,multiclass,676,136,170,18,4,0.8588235294117647,0.8578992971984212,0.859577922077922,0.9761679292929292,0.2505207858705506,3.3583481311798096,0.7027120590209961,ok,,676,540,0,170,0.2192160934209823,True,0.1,True,8,1e-05,True,3.3207833766937256,full_train_epoch_chunks,full train set chunked per epoch | validation=dataset_val_split | c_selection=f_mmd c_source=test c_metric=standardized_l2 | f_mmd_reserved_context=5% source=test | wise_ft=alpha0.1 rows=846<2000,30,1,epoch_chunk,accuracy,0.9044117647058824,0.9044117647058824,0.9044117647058824,0.9044117647058824,0,True,False,,f_mmd,test,standardized_l2,4.49103675899385,3.2020568125740487,,True
water_quality,/home/crc00006699/zh/tabiclv2/data184/water_quality,binclass,6396,1280,1600,20,2,0.91125,0.8992140410958904,0.6793347696027527,0.9127892558781134,0.2133733647784634,9.913171768188477,2.3797922134399414,ok,,6396,5116,0,1600,0.220501109957695,True,0.1,False,12,1e-05,True,9.824651956558228,full_train_epoch_chunks,full train set chunked per epoch | validation=dataset_val_split | c_selection=f_mmd c_source=test c_metric=standardized_l2 | f_mmd_reserved_context=5% source=test | wise_ft_skipped rows=7996>=2000,30,1,epoch_chunk,accuracy,0.89453125,0.90078125,0.89453125,0.90078125,4,True,False,,f_mmd,test,standardized_l2,2.505492927759106,0.7610815188570307,,True
waveform_database_generator_version_1,/home/crc00006699/zh/tabiclv2/data184/waveform_database_generator_version_1,multiclass,4000,800,1000,21,3,0.868,0.8674397874967668,0.8678817987788005,0.9727760805430008,0.2948096716772314,12.40917158126831,1.5771405696868896,ok,,4000,3200,0,1000,0.2282150387763977,True,0.1,False,20,1e-05,True,12.323442697525024,full_train_epoch_chunks,full train set chunked per epoch | validation=dataset_val_split | c_selection=f_mmd c_source=test c_metric=standardized_l2 | f_mmd_reserved_context=5% source=test | wise_ft_skipped rows=5000>=2000,30,1,epoch_chunk,accuracy,0.8575,0.86125,0.8575,0.86125,12,True,False,,f_mmd,test,standardized_l2,2.227887633634742,0.2053287922161207,,True
wine,/home/crc00006699/zh/tabiclv2/data184/wine,binclass,2043,409,511,4,2,0.7827788649706457,0.7818969420011729,0.7829044117647059,0.8826516544117647,0.4330176752204304,2.820265769958496,0.2816653251647949,ok,,2043,1634,0,511,0.4338930696249008,True,0.1,False,8,1e-05,True,2.796624660491944,full_train_epoch_chunks,full train set chunked per epoch | validation=dataset_val_split | c_selection=f_mmd c_source=test c_metric=standardized_l2 | f_mmd_reserved_context=5% source=test | wise_ft_skipped rows=2554>=2000,30,1,epoch_chunk,accuracy,0.8264058679706602,0.8264058679706602,0.8264058679706602,0.8264058679706602,0,True,False,,f_mmd,test,standardized_l2,3.448447365431737,1.1637056535210322,,True
wine-quality-white,/home/crc00006699/zh/tabiclv2/data184/wine-quality-white,multiclass,3918,784,980,11,7,0.6908163265306122,0.6825566790880103,0.4023191891564498,0.9112596532562108,0.7498503871865786,4.313896894454956,1.292485237121582,ok,,3918,3134,0,980,0.8484619557857513,True,0.1,False,8,1e-05,True,4.257134199142456,full_train_epoch_chunks,full train set chunked per epoch | validation=dataset_val_split | c_selection=f_mmd c_source=test c_metric=standardized_l2 | f_mmd_reserved_context=5% source=test | wise_ft_skipped rows=4898>=2000,30,1,epoch_chunk,accuracy,0.6862244897959183,0.6862244897959183,0.6862244897959183,0.6862244897959183,0,True,False,,f_mmd,test,standardized_l2,4.045075943656547,3.4223756910751177,,True
BLE_RSSI_dataset_for_Indoor_localization,/home/crc00006699/zh/tabiclv2/data184/BLE_RSSI_dataset_for_Indoor_localization,multiclass,7987,1598,1997,3,3,0.7616424636955433,0.761265433239101,0.7610993384418222,0.9163839929475828,0.5440270017721021,24.269630908966064,1.390676736831665,ok,,7987,6389,0,1997,0.5712533593177795,True,0.1,False,30,1e-05,True,24.232403993606567,full_train_epoch_chunks,full train set chunked per epoch | validation=dataset_val_split | c_selection=f_mmd c_source=test c_metric=standardized_l2 | f_mmd_reserved_context=5% source=test | wise_ft_skipped rows=9984>=2000,30,1,epoch_chunk,accuracy,0.7521902377972466,0.7866082603254068,0.7521902377972466,0.7866082603254068,27,False,False,,f_mmd,test,standardized_l2,2.914627962138002,0.4912430661847667,,True
BNG(cmc),/home/crc00006699/zh/tabiclv2/data184/BNG(cmc),multiclass,44236,8848,11060,9,3,0.5868896925858951,0.5860982131230833,0.5699146559118108,0.7659587431306587,0.8737159435832316,117.14945197105408,35.93231129646301,ok,,44236,35388,0,11060,0.9053601622581482,True,0.1,False,100,1e-05,True,116.73452281951904,full_train_epoch_chunks,full train set chunked per epoch | validation=dataset_val_split | c_selection=f_mmd c_source=test c_metric=standardized_l2 | f_mmd_reserved_context=5% source=test | wise_ft_skipped rows=55296>=2000,30,4,epoch_chunk,accuracy,0.5727848101265823,0.580244122965642,0.5727848101265823,0.580244122965642,17,True,False,,f_mmd,test,standardized_l2,3.027924255054405,0.4148835370295952,,True
Bank_Customer_Churn_Dataset,/home/crc00006699/zh/tabiclv2/data184/Bank_Customer_Churn_Dataset,binclass,8000,1600,2000,10,2,0.875,0.8648358896033153,0.7440938627379305,0.88551957196025,0.310052307468487,15.991998434066772,2.723789691925049,ok,,8000,6400,0,2000,0.3296597450971603,True,0.1,False,19,1e-05,True,15.902801752090454,full_train_epoch_chunks,full train set chunked per epoch | validation=dataset_val_split | c_selection=f_mmd c_source=test c_metric=standardized_l2 | f_mmd_reserved_context=5% source=test | wise_ft_skipped rows=10000>=2000,30,1,epoch_chunk,accuracy,0.865,0.868125,0.865,0.868125,11,True,False,,f_mmd,test,standardized_l2,2.216024872546387,0.3879831111864557,,True
California-Housing-Classification,/home/crc00006699/zh/tabiclv2/data184/California-Housing-Classification,binclass,16512,3303,4128,8,2,0.9258720930232558,0.9258720582221976,0.9258725450958254,0.9804703885711468,0.1794101786048178,36.36611080169678,7.07583475112915,ok,,16512,13209,0,4128,0.2045749723911285,True,0.1,False,44,1e-05,True,36.216946840286255,full_train_epoch_chunks,full train set chunked per epoch | validation=dataset_val_split | c_selection=f_mmd c_source=test c_metric=standardized_l2 | f_mmd_reserved_context=5% source=test | wise_ft_skipped rows=20640>=2000,30,2,epoch_chunk,accuracy,0.9179533757190432,0.9234029669996972,0.9179533757190432,0.9234029669996972,14,True,False,,f_mmd,test,standardized_l2,7.436476980459149,11.32650533217733,,True
Click_prediction_small,/home/crc00006699/zh/tabiclv2/data184/Click_prediction_small,binclass,31958,6392,7990,3,2,0.8334167709637046,0.7620510855224499,0.5088304320872243,0.5504782381941096,0.4623484716965968,24.673831701278687,7.14514422416687,ok,,31958,25566,0,7990,0.4515699446201324,True,0.1,False,27,1e-05,True,24.58388113975525,full_train_epoch_chunks,full train set chunked per epoch | validation=dataset_val_split | c_selection=f_mmd c_source=test c_metric=standardized_l2 | f_mmd_reserved_context=5% source=test | wise_ft_skipped rows=39948>=2000,30,3,epoch_chunk,accuracy,0.8322903629536921,0.8324468085106383,0.8322903629536921,0.8324468085106383,1,True,False,,f_mmd,test,standardized_l2,9.468216224395396,198.6885311004445,,True
Contaminant-detection-in-packaged-cocoa-hazelnut-spread-jars-using-Microwaves-Sensing-and-Machine-Learning-10.5GHz(Urbinati),/home/crc00006699/zh/tabiclv2/data184/Contaminant-detection-in-packaged-cocoa-hazelnut-spread-jars-using-Microwaves-Sensing-and-Machine-Learning-10.5GHz(Urbinati),binclass,1920,384,480,30,2,0.9854166666666668,0.9854176170305204,0.9854699666295884,0.9975145995550612,0.0518573338832321,6.952149629592896,0.9317705631256104,ok,,1920,1536,0,480,0.1260577850043773,True,0.1,False,13,1e-05,True,6.880513906478882,full_train_epoch_chunks,full train set chunked per epoch | validation=dataset_val_split | c_selection=f_mmd c_source=test c_metric=standardized_l2 | f_mmd_reserved_context=5% source=test | wise_ft_skipped rows=2400>=2000,30,1,epoch_chunk,accuracy,0.96875,0.9791666666666666,0.96875,0.9791666666666666,5,True,False,,f_mmd,test,standardized_l2,3.3164216657329444,0.4455324463801787,,True
Contaminant-detection-in-packaged-cocoa-hazelnut-spread-jars-using-Microwaves-Sensing-and-Machine-Learning-9.0GHz(Urbinati),/home/crc00006699/zh/tabiclv2/data184/Contaminant-detection-in-packaged-cocoa-hazelnut-spread-jars-using-Microwaves-Sensing-and-Machine-Learning-9.0GHz(Urbinati),binclass,1920,384,480,30,2,0.9729166666666668,0.972923135269246,0.973234149054505,0.9954463292547274,0.0854793404613036,5.376343250274658,0.9202666282653807,ok,,1920,1536,0,480,0.1129049621522426,True,0.1,False,10,1e-05,True,5.301931619644165,full_train_epoch_chunks,full train set chunked per epoch | validation=dataset_val_split | c_selection=f_mmd c_source=test c_metric=standardized_l2 | f_mmd_reserved_context=5% source=test | wise_ft_skipped rows=2400>=2000,30,1,epoch_chunk,accuracy,0.9661458333333334,0.96875,0.9661458333333334,0.96875,2,True,False,,f_mmd,test,standardized_l2,3.020260597973345,0.3775370022206092,,True
Credit_c,/home/crc00006699/zh/tabiclv2/data184/Credit_c,multiclass,80000,16000,20000,22,3,0.8225,0.8224359251534115,0.8364301923018084,0.9327655583998268,0.4128778314943394,239.81180834770203,115.09587216377258,ok,,80000,64000,0,20000,0.6638515591621399,True,0.1,False,133,1e-05,True,238.2957513332367,full_train_epoch_chunks,full train set chunked per epoch | validation=dataset_val_split | c_selection=f_mmd c_source=test c_metric=standardized_l2 | f_mmd_reserved_context=5% source=test | wise_ft_skipped rows=100000>=2000,30,7,epoch_chunk,accuracy,0.812125,0.8245625,0.812125,0.8245625,11,True,False,,f_mmd,test,standardized_l2,3.4847253874575577,22.928899146985337,,True
Diabetic_Retinopathy_Debrecen,/home/crc00006699/zh/tabiclv2/data184/Diabetic_Retinopathy_Debrecen,binclass,920,184,231,19,2,0.7316017316017316,0.731429785168103,0.7299006323396567,0.8387533875338753,0.485810385380533,3.8878326416015625,0.869072437286377,ok,,920,736,0,231,0.509798139333725,True,0.1,True,8,1e-05,True,3.843320608139038,full_train_epoch_chunks,full train set chunked per epoch | validation=dataset_val_split | c_selection=f_mmd c_source=test c_metric=standardized_l2 | f_mmd_reserved_context=5% source=test | wise_ft=alpha0.1 rows=1151<2000,30,1,epoch_chunk,accuracy,0.75,0.75,0.75,0.75,0,True,False,,f_mmd,test,standardized_l2,8.22173201408297,6.802277606946484,,True
Employee,/home/crc00006699/zh/tabiclv2/data184/Employee,binclass,3722,745,931,8,2,0.8528464017185822,0.8467588505968201,0.8067742430441899,0.8779843494271686,0.3545988709130553,7.500378370285034,1.1226534843444824,ok,,3722,2977,0,931,0.3744760453701019,True,0.1,False,16,1e-05,True,7.450348854064941,full_train_epoch_chunks,full train set chunked per epoch | validation=dataset_val_split | c_selection=f_mmd c_source=test c_metric=standardized_l2 | f_mmd_reserved_context=5% source=test | wise_ft_skipped rows=4653>=2000,30,1,epoch_chunk,accuracy,0.8469798657718121,0.8577181208053691,0.8469798657718121,0.8577181208053691,8,True,False,,f_mmd,test,standardized_l2,2.650466586771,0.3238351009864854,,True
FOREX_audcad-day-High,/home/crc00006699/zh/tabiclv2/data184/FOREX_audcad-day-High,binclass,1467,294,367,10,2,0.7493188010899182,0.7492517580972228,0.749123745024654,0.8318184518505316,0.5061844340998376,4.287123441696167,0.5058426856994629,ok,,1467,1173,0,367,0.4955033808946609,True,0.1,True,11,1e-05,True,4.249214172363281,full_train_epoch_chunks,full train set chunked per epoch | validation=dataset_val_split | c_selection=f_mmd c_source=test c_metric=standardized_l2 | f_mmd_reserved_context=5% source=test | wise_ft=alpha0.1 rows=1834<2000,30,1,epoch_chunk,accuracy,0.7142857142857143,0.7244897959183674,0.7142857142857143,0.7244897959183674,3,True,False,,f_mmd,test,standardized_l2,5.602017009747492,3.437885365574402,,True
FOREX_audchf-day-High,/home/crc00006699/zh/tabiclv2/data184/FOREX_audchf-day-High,binclass,1466,294,367,10,2,0.7465940054495913,0.7465676648480121,0.7468068674627221,0.838531456068437,0.4982134343827201,7.366159439086914,0.4905154705047607,ok,,1466,1172,0,367,0.55893674492836,True,0.1,True,21,1e-05,True,7.324577331542969,full_train_epoch_chunks,full train set chunked per epoch | validation=dataset_val_split | c_selection=f_mmd c_source=test c_metric=standardized_l2 | f_mmd_reserved_context=5% source=test | wise_ft=alpha0.1 rows=1833<2000,30,1,epoch_chunk,accuracy,0.7040816326530612,0.7210884353741497,0.7040816326530612,0.7210884353741497,13,True,False,,f_mmd,test,standardized_l2,4.134880364480625,0.7823959004217129,,True
FOREX_audjpy-hour-High,/home/crc00006699/zh/tabiclv2/data184/FOREX_audjpy-hour-High,binclass,35060,7012,8765,10,2,0.7226468910439247,0.7226652519896967,0.7224689085119225,0.8013902121286689,0.5396515709784471,40.72423458099365,24.236109495162964,ok,,35060,28048,0,8765,0.5396074950695038,True,0.1,False,33,1e-05,True,40.45193934440613,full_train_epoch_chunks,full train set chunked per epoch | validation=dataset_val_split | c_selection=f_mmd c_source=test c_metric=standardized_l2 | f_mmd_reserved_context=5% source=test | wise_ft_skipped rows=43825>=2000,30,3,epoch_chunk,accuracy,0.7147746719908727,0.7159155733029093,0.7147746719908727,0.7159155733029093,3,True,False,,f_mmd,test,standardized_l2,5.08926605239165,6.349091081745399,,True
FOREX_audusd-hour-High,/home/crc00006699/zh/tabiclv2/data184/FOREX_audusd-hour-High,binclass,35060,7012,8765,10,2,0.7097547062179121,0.7096228834487245,0.7083267194267444,0.7894051329627734,0.5515446212137545,94.70185947418211,24.2637312412262,ok,,35060,28048,0,8765,0.5691050291061401,True,0.1,False,78,1e-05,True,94.36254119873048,full_train_epoch_chunks,full train set chunked per epoch | validation=dataset_val_split | c_selection=f_mmd c_source=test c_metric=standardized_l2 | f_mmd_reserved_context=5% source=test | wise_ft_skipped rows=43825>=2000,30,3,epoch_chunk,accuracy,0.703936109526526,0.7126354820308043,0.703936109526526,0.7126354820308043,18,True,False,,f_mmd,test,standardized_l2,4.531512580978126,3.4402234432044057,,True
FOREX_cadjpy-hour-High,/home/crc00006699/zh/tabiclv2/data184/FOREX_cadjpy-hour-High,binclass,35060,7012,8765,10,2,0.7186537364517969,0.7186732045740547,0.7183679291228661,0.7909237624762706,0.5531271744391735,82.35630202293396,24.32677388191223,ok,,35060,28048,0,8765,0.5456083118915558,True,0.1,False,69,1e-05,True,82.06903290748596,full_train_epoch_chunks,full train set chunked per epoch | validation=dataset_val_split | c_selection=f_mmd c_source=test c_metric=standardized_l2 | f_mmd_reserved_context=5% source=test | wise_ft_skipped rows=43825>=2000,30,3,epoch_chunk,accuracy,0.7127780946948089,0.7171990872789503,0.7127780946948089,0.7171990872789503,15,True,False,,f_mmd,test,standardized_l2,5.1985038296670645,5.089079415366328,,True
Fitness_Club_c,/home/crc00006699/zh/tabiclv2/data184/Fitness_Club_c,binclass,1200,240,300,6,2,0.8033333333333333,0.7961465279630122,0.7378673957621326,0.8225195856774804,0.4542179061173791,5.58620285987854,0.3133168220520019,ok,,1200,960,0,300,0.4758795946836471,True,0.1,True,15,1e-05,True,5.5508713722229,full_train_epoch_chunks,full train set chunked per epoch | validation=dataset_val_split | c_selection=f_mmd c_source=test c_metric=standardized_l2 | f_mmd_reserved_context=5% source=test | wise_ft=alpha0.1 rows=1500<2000,30,1,epoch_chunk,accuracy,0.7666666666666667,0.775,0.7666666666666667,0.775,7,True,False,,f_mmd,test,standardized_l2,3.622632904996408,1.7583273291903971,,True
GAMETES_Heterogeneity_20atts_1600_Het_0.4_0.2_50_EDM-2_001,/home/crc00006699/zh/tabiclv2/data184/GAMETES_Heterogeneity_20atts_1600_Het_0.4_0.2_50_EDM-2_001,binclass,1280,256,320,20,2,0.678125,0.677870190287239,0.6781250000000001,0.7616015625,0.5639410940898582,3.839526891708374,0.5427155494689941,ok,,1280,1024,0,320,0.5712246894836426,True,0.1,True,8,1e-05,True,3.7758171558380127,full_train_epoch_chunks,full train set chunked per epoch | validation=dataset_val_split | c_selection=f_mmd c_source=test c_metric=standardized_l2 | f_mmd_reserved_context=5% source=test | wise_ft=alpha0.1 rows=1600<2000,30,1,epoch_chunk,accuracy,0.68359375,0.68359375,0.68359375,0.68359375,0,True,False,,f_mmd,test,standardized_l2,2.80196601154119,0.5769098553408307,,True
GesturePhaseSegmentationProcessed,/home/crc00006699/zh/tabiclv2/data184/GesturePhaseSegmentationProcessed,multiclass,7898,1580,1975,32,5,0.8349367088607595,0.8341036977400829,0.8136211584001849,0.9702929561436218,0.4527238079726621,18.653132438659668,3.9959592819213863,ok,,7898,6318,0,1975,0.5919748842716217,True,0.1,False,14,1e-05,True,18.4391508102417,full_train_epoch_chunks,full train set chunked per epoch | validation=dataset_val_split | c_selection=f_mmd c_source=test c_metric=standardized_l2 | f_mmd_reserved_context=5% source=test | wise_ft_skipped rows=9873>=2000,30,1,epoch_chunk,accuracy,0.7816455696202531,0.7968354430379747,0.7816455696202531,0.7968354430379747,6,True,False,,f_mmd,test,standardized_l2,8.950639236500635,6.886046474480635,,True
Heart-Disease-Dataset-(Comprehensive),/home/crc00006699/zh/tabiclv2/data184/Heart-Disease-Dataset-(Comprehensive),binclass,952,191,238,11,2,0.953781512605042,0.9536614172576188,0.9511664407505172,0.982877933937362,0.151654628426245,3.232383251190185,0.7836208343505859,ok,,952,761,0,238,0.2842077761888504,True,0.1,True,8,1e-05,True,3.2005727291107178,full_train_epoch_chunks,full train set chunked per epoch | validation=dataset_val_split | c_selection=f_mmd c_source=test c_metric=standardized_l2 | f_mmd_reserved_context=5% source=test | wise_ft=alpha0.1 rows=1190<2000,30,1,epoch_chunk,accuracy,0.9057591623036648,0.9057591623036648,0.9057591623036648,0.9057591623036648,0,True,False,,f_mmd,test,standardized_l2,2.505020198631557,0.7008210997003148,,True
Insurance,/home/crc00006699/zh/tabiclv2/data184/Insurance,binclass,18838,3768,4710,10,2,0.7575371549893843,0.6530303380048618,0.5,0.4977844755483653,0.5558596577661984,16.276143550872803,8.931180238723755,ok,,18838,15070,0,4710,0.548676460981369,True,0.1,False,16,1e-05,True,16.072620391845703,full_train_epoch_chunks,full train set chunked per epoch | validation=dataset_val_split | c_selection=f_mmd c_source=test c_metric=standardized_l2 | f_mmd_reserved_context=5% source=test | wise_ft_skipped rows=23548>=2000,30,2,epoch_chunk,accuracy,0.7579617834394905,0.7579617834394905,0.7579617834394905,0.7579617834394905,0,True,False,,f_mmd,test,standardized_l2,2.527252546147456,0.3423164239347711,,True
Is-this-a-good-customer,/home/crc00006699/zh/tabiclv2/data184/Is-this-a-good-customer,binclass,1378,276,345,13,2,0.881159420289855,0.8282083919519438,0.4983606557377049,0.7391393442622951,0.3252648942475897,3.496394395828247,0.5028915405273438,ok,,1378,1102,0,345,0.316719114780426,True,0.1,True,8,1e-05,True,3.452359676361084,full_train_epoch_chunks,full train set chunked per epoch | validation=dataset_val_split | c_selection=f_mmd c_source=test c_metric=standardized_l2 | f_mmd_reserved_context=5% source=test | wise_ft=alpha0.1 rows=1723<2000,30,1,epoch_chunk,accuracy,0.9130434782608696,0.9130434782608696,0.9130434782608696,0.9130434782608696,0,True,False,,f_mmd,test,standardized_l2,3.3798427330960905,3.1452585709159706,,True
KDD,/home/crc00006699/zh/tabiclv2/data184/KDD,binclass,4025,805,1007,45,2,0.8033763654419066,0.8027418498333954,0.8041642008916243,0.9048013571625833,0.3695294144455394,17.296299695968628,2.3288028240203857,ok,,4025,3220,0,1007,0.3678362071514129,True,0.1,False,18,1e-05,True,17.1041362285614,full_train_epoch_chunks,full train set chunked per epoch | validation=dataset_val_split | c_selection=f_mmd c_source=test c_metric=standardized_l2 | f_mmd_reserved_context=5% source=test | wise_ft_skipped rows=5032>=2000,30,1,epoch_chunk,accuracy,0.8,0.8173913043478261,0.8,0.8173913043478261,10,True,False,,f_mmd,test,standardized_l2,7.599353329446519,16.051517797129186,,True
Long,/home/crc00006699/zh/tabiclv2/data184/Long,binclass,3581,717,896,19,2,0.9944196428571428,0.9944294891772116,0.9949162312654845,0.9999018814237004,0.0125848511656478,4.811640739440918,1.3439695835113523,ok,,3581,2864,0,896,0.0132753881625831,True,0.1,False,8,1e-05,True,4.739742279052734,full_train_epoch_chunks,full train set chunked per epoch | validation=dataset_val_split | c_selection=f_mmd c_source=test c_metric=standardized_l2 | f_mmd_reserved_context=5% source=test | wise_ft_skipped rows=4477>=2000,30,1,epoch_chunk,accuracy,0.99581589958159,0.99581589958159,0.99581589958159,0.99581589958159,0,True,False,,f_mmd,test,standardized_l2,7.369905592299474,18.074806337481736,,True
MagicTelescope,/home/crc00006699/zh/tabiclv2/data184/MagicTelescope,binclass,15216,3044,3804,9,2,0.8927444794952681,0.891191632303868,0.869926061703745,0.9466914461186334,0.2642147731533786,18.16580009460449,6.3823401927948,ok,,15216,12172,0,3804,0.3161762058734894,True,0.1,False,22,1e-05,True,18.03434491157532,full_train_epoch_chunks,full train set chunked per epoch | validation=dataset_val_split | c_selection=f_mmd c_source=test c_metric=standardized_l2 | f_mmd_reserved_context=5% source=test | wise_ft_skipped rows=19020>=2000,30,2,epoch_chunk,accuracy,0.8797634691195795,0.8807490144546649,0.8797634691195795,0.8807490144546649,3,True,False,,f_mmd,test,standardized_l2,5.718770039702255,2.388253205408174,,True
Mobile_Price_Classification,/home/crc00006699/zh/tabiclv2/data184/Mobile_Price_Classification,multiclass,1600,320,400,20,4,0.9675,0.967447757577701,0.9675,0.999125,0.0676957621948143,6.48656702041626,0.6532385349273682,ok,,1600,1280,0,400,0.0530781522393226,True,0.1,False,15,1e-05,True,6.431239128112793,full_train_epoch_chunks,full train set chunked per epoch | validation=dataset_val_split | c_selection=f_mmd c_source=test c_metric=standardized_l2 | f_mmd_reserved_context=5% source=test | wise_ft_skipped rows=2000>=2000,30,1,epoch_chunk,accuracy,0.96875,0.971875,0.96875,0.971875,7,True,False,,f_mmd,test,standardized_l2,1.7758030841458323,0.117853978135082,,True
Performance-Prediction,/home/crc00006699/zh/tabiclv2/data184/Performance-Prediction,binclass,1072,215,268,19,2,0.7425373134328358,0.7347943489201461,0.7017213555675095,0.806825652979499,0.5240331983976182,4.716022968292236,0.4647152423858642,ok,,1072,857,0,268,0.5931892693042755,True,0.1,True,10,1e-05,True,4.67058801651001,full_train_epoch_chunks,full train set chunked per epoch | validation=dataset_val_split | c_selection=f_mmd c_source=test c_metric=standardized_l2 | f_mmd_reserved_context=5% source=test | wise_ft=alpha0.1 rows=1340<2000,30,1,epoch_chunk,accuracy,0.6837209302325581,0.6930232558139535,0.6837209302325581,0.6930232558139535,2,True,False,,f_mmd,test,standardized_l2,5.168455260886196,2.131973244062796,,True
PieChart3,/home/crc00006699/zh/tabiclv2/data184/PieChart3,binclass,861,173,216,37,2,0.8842592592592593,0.8504784688995214,0.5687830687830688,0.8726239466980208,0.2692107052663739,4.381209373474121,1.1460509300231934,ok,,861,688,0,216,0.2916359901428222,True,0.1,True,8,1e-05,True,4.313560962677002,full_train_epoch_chunks,full train set chunked per epoch | validation=dataset_val_split | c_selection=f_mmd c_source=test c_metric=standardized_l2 | f_mmd_reserved_context=5% source=test | wise_ft=alpha0.1 rows=1077<2000,30,1,epoch_chunk,accuracy,0.884393063583815,0.884393063583815,0.884393063583815,0.884393063583815,0,True,False,,f_mmd,test,standardized_l2,11.726465615371712,18.10639723424589,,True
PizzaCutter3,/home/crc00006699/zh/tabiclv2/data184/PizzaCutter3,binclass,834,167,209,37,2,0.8899521531100478,0.8463166234064067,0.54,0.8941304347826087,0.2494937364515727,4.205578327178955,1.1729989051818848,ok,,834,667,0,209,0.258350059390068,True,0.1,True,8,1e-05,True,4.136496305465698,full_train_epoch_chunks,full train set chunked per epoch | validation=dataset_val_split | c_selection=f_mmd c_source=test c_metric=standardized_l2 | f_mmd_reserved_context=5% source=test | wise_ft=alpha0.1 rows=1043<2000,30,1,epoch_chunk,accuracy,0.8862275449101796,0.8862275449101796,0.8862275449101796,0.8862275449101796,0,True,False,,f_mmd,test,standardized_l2,12.30645318665295,36.67378334803762,,True
QSAR_biodegradation,/home/crc00006699/zh/tabiclv2/data184/QSAR_biodegradation,binclass,843,169,211,41,2,0.8909952606635071,0.8890044360150116,0.8623239436619718,0.9509054325955734,0.2729949830628012,7.261908292770386,1.1912331581115725,ok,,843,674,0,211,0.3203897029161453,True,0.1,True,12,1e-05,True,7.144260406494141,full_train_epoch_chunks,full train set chunked per epoch | validation=dataset_val_split | c_selection=f_mmd c_source=test c_metric=standardized_l2 | f_mmd_reserved_context=5% source=test | wise_ft=alpha0.1 rows=1054<2000,30,1,epoch_chunk,accuracy,0.863905325443787,0.8698224852071006,0.863905325443787,0.8698224852071006,4,True,False,,f_mmd,test,standardized_l2,6.581316791012153,5.080780063042981,,True
SDSS17,/home/crc00006699/zh/tabiclv2/data184/SDSS17,multiclass,80000,16000,20000,12,3,0.97775,0.9776380259649808,0.9727193098432856,0.9971289058539164,0.0684810379938062,124.8991367816925,107.29499554634094,ok,,80000,64000,0,20000,0.113878060132265,True,0.1,False,84,1e-05,True,124.08343935012816,full_train_epoch_chunks,full train set chunked per epoch | validation=dataset_val_split | c_selection=f_mmd c_source=test c_metric=standardized_l2 | f_mmd_reserved_context=5% source=test | wise_ft_skipped rows=100000>=2000,30,7,epoch_chunk,accuracy,0.976,0.9764375,0.976,0.9764375,4,True,False,,f_mmd,test,standardized_l2,104503.2260833457,1.007453795478688,,True
Telecom_Churn_Dataset,/home/crc00006699/zh/tabiclv2/data184/Telecom_Churn_Dataset,binclass,2666,534,667,17,2,0.967016491754123,0.9662636073267716,0.9122626153011396,0.9325013564839936,0.1247458031273273,4.424323081970215,0.9884088039398192,ok,,2666,2132,0,667,0.1047459691762924,True,0.1,False,8,1e-05,True,4.3620285987854,full_train_epoch_chunks,full train set chunked per epoch | validation=dataset_val_split | c_selection=f_mmd c_source=test c_metric=standardized_l2 | f_mmd_reserved_context=5% source=test | wise_ft_skipped rows=3333>=2000,30,1,epoch_chunk,accuracy,0.9625468164794008,0.9625468164794008,0.9625468164794008,0.9625468164794008,0,True,False,,f_mmd,test,standardized_l2,2.5428180752661933,0.4096505069084605,,True
Water_Quality_and_Potability,/home/crc00006699/zh/tabiclv2/data184/Water_Quality_and_Potability,binclass,2620,524,656,8,2,0.6539634146341463,0.5964307028676341,0.575625,0.6717041015625,0.6228941718737324,5.730140209197998,0.7947371006011963,ok,,2620,2096,0,656,0.6429387629032135,True,0.1,False,15,1e-05,True,5.695614814758301,full_train_epoch_chunks,full train set chunked per epoch | validation=dataset_val_split | c_selection=f_mmd c_source=test c_metric=standardized_l2 | f_mmd_reserved_context=5% source=test | wise_ft_skipped rows=3276>=2000,30,1,epoch_chunk,accuracy,0.6374045801526718,0.6431297709923665,0.6374045801526718,0.6431297709923665,7,True,False,,f_mmd,test,standardized_l2,2.845965988516334,0.5788925625667236,,True
Wilt,/home/crc00006699/zh/tabiclv2/data184/Wilt,binclass,3856,772,965,5,2,0.9927461139896372,0.9926443320683423,0.9508277866711602,0.9920591456736036,0.0307568071987222,3.5527913570404053,0.7399756908416748,ok,,3856,3084,0,965,0.0314989918842911,True,0.1,False,8,1e-05,True,3.5162012577056885,full_train_epoch_chunks,full train set chunked per epoch | validation=dataset_val_split | c_selection=f_mmd c_source=test c_metric=standardized_l2 | f_mmd_reserved_context=5% source=test | wise_ft_skipped rows=4821>=2000,30,1,epoch_chunk,accuracy,0.9870466321243524,0.9870466321243524,0.9870466321243524,0.9870466321243524,0,True,False,,f_mmd,test,standardized_l2,9.513533140919357,22.45502005078995,,True
accelerometer,/home/crc00006699/zh/tabiclv2/data184/accelerometer,multiclass,122403,24481,30601,4,4,0.7463808372275416,0.7443858245909795,0.8097794117647059,0.930454700653851,0.5296973909094543,243.96440982818604,231.0080807209015,ok,,122403,97922,0,30601,0.5611603856086731,True,0.1,False,150,1e-05,True,243.5467963218689,full_train_epoch_chunks,full train set chunked per epoch | validation=dataset_val_split | c_selection=f_mmd c_source=test c_metric=standardized_l2 | f_mmd_reserved_context=5% source=test | wise_ft_skipped rows=153004>=2000,30,10,epoch_chunk,accuracy,0.7416363710632735,0.7455169314978963,0.7416363710632735,0.7455169314978963,7,True,False,,f_mmd,test,standardized_l2,10.405428717203796,6.1619828121362765,,True
ada_agnostic,/home/crc00006699/zh/tabiclv2/data184/ada_agnostic,binclass,3649,730,913,48,2,0.8521358159912377,0.8469415445817221,0.7719108411142934,0.90823711485853,0.3181357732642692,11.32695484161377,2.1542139053344727,ok,,3649,2919,0,913,0.3101725429296493,True,0.1,False,13,1e-05,True,11.179538011550903,full_train_epoch_chunks,full train set chunked per epoch | validation=dataset_val_split | c_selection=f_mmd c_source=test c_metric=standardized_l2 | f_mmd_reserved_context=5% source=test | wise_ft_skipped rows=4562>=2000,30,1,epoch_chunk,accuracy,0.8493150684931506,0.8534246575342466,0.8493150684931506,0.8534246575342466,5,True,False,,f_mmd,test,standardized_l2,4.246447594053471,6.874691533063112,,True
adult,/home/crc00006699/zh/tabiclv2/data184/adult,binclass,32561,6513,16281,14,2,0.8742092009090351,0.8710068000132133,0.8028025608358471,0.9306280019596442,0.2709733597059677,100.76946377754211,26.72124409675598,ok,,32561,26048,0,16281,0.2842511236667633,True,0.1,False,81,1e-05,True,100.35956954956056,full_train_epoch_chunks,full train set chunked per epoch | validation=dataset_val_split | c_selection=f_mmd c_source=test c_metric=standardized_l2 | f_mmd_reserved_context=5% source=test | wise_ft_skipped rows=48842>=2000,30,3,epoch_chunk,accuracy,0.8676493167511131,0.8760939659143252,0.8676493167511131,0.8760939659143252,19,True,False,,f_mmd,test,standardized_l2,4.358359680451432,3.1674047792708526,,True
allbp,/home/crc00006699/zh/tabiclv2/data184/allbp,multiclass,3017,604,755,29,3,0.9788079470198676,0.9767921821931314,0.654170514004309,0.9904058980165916,0.0601889384278012,9.173748016357422,1.332789182662964,ok,,3017,2413,0,755,0.0705647952854633,True,0.1,False,14,1e-05,True,9.065975666046144,full_train_epoch_chunks,full train set chunked per epoch | validation=dataset_val_split | c_selection=f_mmd c_source=test c_metric=standardized_l2 | f_mmd_reserved_context=5% source=test | wise_ft_skipped rows=3772>=2000,30,1,epoch_chunk,accuracy,0.9817880794701986,0.9867549668874172,0.9817880794701986,0.9867549668874172,6,True,False,,f_mmd,test,standardized_l2,5.450873249965507,7.691411589164347,,True
analcatdata_authorship,/home/crc00006699/zh/tabiclv2/data184/analcatdata_authorship,multiclass,672,135,169,69,4,0.9940828402366864,0.9940804879569156,0.9957627118644068,1.0,0.0100437954354424,5.024513244628906,0.6790223121643066,ok,,672,537,0,169,2.2267627173278012e-05,True,0.1,True,8,1e-05,True,4.916526556015015,full_train_epoch_chunks,full train set chunked per epoch | validation=dataset_val_split | c_selection=f_mmd c_source=test c_metric=standardized_l2 | f_mmd_reserved_context=5% source=test | wise_ft=alpha0.1 rows=841<2000,30,1,epoch_chunk,accuracy,1.0,1.0,1.0,1.0,0,True,False,,f_mmd,test,standardized_l2,2.148679396514,0.4050333414709074,,True
autoUniv-au4-2500,/home/crc00006699/zh/tabiclv2/data184/autoUniv-au4-2500,multiclass,2000,400,500,100,3,0.722,0.6925086278586279,0.5223937739283249,0.7700879242727434,0.6574380919102425,25.174633741378784,2.0511484146118164,ok,,2000,1600,0,500,0.7505352199077606,True,0.1,False,24,1e-05,True,24.90754747390747,full_train_epoch_chunks,full train set chunked per epoch | validation=dataset_val_split | c_selection=f_mmd c_source=test c_metric=standardized_l2 | f_mmd_reserved_context=5% source=test | wise_ft_skipped rows=2500>=2000,30,1,epoch_chunk,accuracy,0.7125,0.7275,0.7125,0.7275,16,True,False,,f_mmd,test,standardized_l2,1.441765975181659,0.0346919115391849,,True
bank,/home/crc00006699/zh/tabiclv2/data184/bank,binclass,36168,7234,9043,16,2,0.911091451951786,0.9086247486957446,0.7590184455021407,0.944316908002126,0.1835697201387872,102.74251794815063,27.29867792129517,ok,,36168,28934,0,9043,0.1830874532461166,True,0.1,False,72,1e-05,True,102.22101306915285,full_train_epoch_chunks,full train set chunked per epoch | validation=dataset_val_split | c_selection=f_mmd c_source=test c_metric=standardized_l2 | f_mmd_reserved_context=5% source=test | wise_ft_skipped rows=45211>=2000,30,3,epoch_chunk,accuracy,0.9141553773845728,0.92065247442632,0.9141553773845728,0.92065247442632,16,True,False,,f_mmd,test,standardized_l2,4.972430139387603,19.85529688912612,,True
baseball,/home/crc00006699/zh/tabiclv2/data184/baseball,multiclass,1072,215,268,16,3,0.9440298507462688,0.9342657264063036,0.6038961038961039,0.9765270273015496,0.1315434379858088,7.672799110412598,0.4343206882476806,ok,,1072,857,0,268,0.1298459507524967,True,0.1,True,19,1e-05,True,7.626043796539307,full_train_epoch_chunks,full train set chunked per epoch | validation=dataset_val_split | c_selection=f_mmd c_source=test c_metric=standardized_l2 | f_mmd_reserved_context=5% source=test | wise_ft=alpha0.1 rows=1340<2000,30,1,epoch_chunk,accuracy,0.958139534883721,0.9674418604651164,0.958139534883721,0.9674418604651164,11,True,False,,f_mmd,test,standardized_l2,5.667167471686947,2.5140895091013427,,True
churn,/home/crc00006699/zh/tabiclv2/data184/churn,binclass,4000,800,1000,20,2,0.967,0.9656316025636732,0.8948348318595761,0.9350473501267348,0.1185787021392155,8.881991386413574,2.167234182357788,ok,,4000,3200,0,1000,0.0953096933662891,True,0.1,False,13,1e-05,True,8.740703821182251,full_train_epoch_chunks,full train set chunked per epoch | validation=dataset_val_split | c_selection=f_mmd c_source=test c_metric=standardized_l2 | f_mmd_reserved_context=5% source=test | wise_ft_skipped rows=5000>=2000,30,1,epoch_chunk,accuracy,0.975,0.9775,0.975,0.9775,5,True,False,,f_mmd,test,standardized_l2,2.333854864970065,0.3123434634986611,,True
company_bankruptcy_prediction,/home/crc00006699/zh/tabiclv2/data184/company_bankruptcy_prediction,binclass,5455,1091,1364,95,2,0.9706744868035192,0.9675044263073802,0.6772727272727272,0.9609848484848486,0.0742080305772004,28.93496608734131,6.063947439193726,ok,,5455,4364,0,1364,0.0792013518512249,True,0.1,False,15,1e-05,True,28.48910069465637,full_train_epoch_chunks,full train set chunked per epoch | validation=dataset_val_split | c_selection=f_mmd c_source=test c_metric=standardized_l2 | f_mmd_reserved_context=5% source=test | wise_ft_skipped rows=6819>=2000,30,1,epoch_chunk,accuracy,0.9679193400549956,0.9725022914757104,0.9679193400549956,0.9725022914757104,7,True,False,,f_mmd,test,standardized_l2,112.96131606941503,24.50766725520001,,True
connect-4,/home/crc00006699/zh/tabiclv2/data184/connect-4,multiclass,54045,10809,13512,42,3,0.8672291296625222,0.85491619789979,0.7010353645808364,0.9485801145669676,0.3274097942826238,288.2181360721588,98.53504180908205,ok,,54045,43236,0,13512,0.4995382130146026,True,0.1,False,135,1e-05,True,286.0736439228058,full_train_epoch_chunks,full train set chunked per epoch | validation=dataset_val_split | c_selection=f_mmd c_source=test c_metric=standardized_l2 | f_mmd_reserved_context=5% source=test | wise_ft_skipped rows=67557>=2000,30,5,epoch_chunk,accuracy,0.854380608751966,0.8652974373207513,0.854380608751966,0.8652974373207513,19,True,False,,f_mmd,test,standardized_l2,6.226711526712231,6.773610728956536,,True
credit,/home/crc00006699/zh/tabiclv2/data184/credit,binclass,13371,2675,3343,10,2,0.7861202512713132,0.7860987761960616,0.7861172792843869,0.8652135428746504,0.461127083396562,18.19242763519287,5.425546884536743,ok,,13371,10696,0,3343,0.5389949381351471,True,0.1,False,22,1e-05,True,18.06436228752136,full_train_epoch_chunks,full train set chunked per epoch | validation=dataset_val_split | c_selection=f_mmd c_source=test c_metric=standardized_l2 | f_mmd_reserved_context=5% source=test | wise_ft_skipped rows=16714>=2000,30,2,epoch_chunk,accuracy,0.7786915887850467,0.7805607476635514,0.7786915887850467,0.7805607476635514,3,True,False,,f_mmd,test,standardized_l2,13.155764649515575,45.59304998460195,,True
customer_satisfaction_in_airline,/home/crc00006699/zh/tabiclv2/data184/customer_satisfaction_in_airline,binclass,103904,20781,25976,21,2,0.9660455805358792,0.9660916377749528,0.9674075854481624,0.9960298981976085,0.0771920456573319,283.5010888576508,215.15551900863647,ok,,103904,83123,0,25976,0.1106888614594936,True,0.1,False,144,1e-05,True,281.41116976737976,full_train_epoch_chunks,full train set chunked per epoch | validation=dataset_val_split | c_selection=f_mmd c_source=test c_metric=standardized_l2 | f_mmd_reserved_context=5% source=test | wise_ft_skipped rows=129880>=2000,30,9,epoch_chunk,accuracy,0.9610220874837592,0.9643424281795872,0.9610220874837592,0.9643424281795872,8,True,False,,f_mmd,test,standardized_l2,3.0573288538643983,4.260966721885328,,True
default_of_credit_card_clients,/home/crc00006699/zh/tabiclv2/data184/default_of_credit_card_clients,binclass,24000,4800,6000,23,2,0.8266666666666667,0.8065784434257225,0.6674929217872203,0.8012473974253802,0.4137153382280013,30.811779499053955,15.522292375564575,ok,,24000,19200,0,6000,0.4355002641677856,True,0.1,False,18,1e-05,True,30.2762348651886,full_train_epoch_chunks,full train set chunked per epoch | validation=dataset_val_split | c_selection=f_mmd c_source=test c_metric=standardized_l2 | f_mmd_reserved_context=5% source=test | wise_ft_skipped rows=30000>=2000,30,2,epoch_chunk,accuracy,0.821875,0.8220833333333334,0.821875,0.8220833333333334,1,True,False,,f_mmd,test,standardized_l2,7.608660268976763,16.644165938836842,,True
dis,/home/crc00006699/zh/tabiclv2/data184/dis,binclass,3017,604,755,29,2,0.990728476821192,0.989524085374335,0.7493270524899058,0.9857559443696724,0.0317592419937428,7.561261653900146,1.3171203136444092,ok,,3017,2413,0,755,0.0172561258077621,True,0.1,False,11,1e-05,True,7.44950008392334,full_train_epoch_chunks,full train set chunked per epoch | validation=dataset_val_split | c_selection=f_mmd c_source=test c_metric=standardized_l2 | f_mmd_reserved_context=5% source=test | wise_ft_skipped rows=3772>=2000,30,1,epoch_chunk,accuracy,0.9900662251655628,0.9917218543046358,0.9900662251655628,0.9917218543046358,3,True,False,,f_mmd,test,standardized_l2,5.355088270758079,7.483798799229331,,True
drug_consumption,/home/crc00006699/zh/tabiclv2/data184/drug_consumption,multiclass,1507,302,377,12,7,0.403183023872679,0.2316968605998004,0.1428571428571428,0.5228620701452213,1.513055558688133,3.377902030944824,0.5416672229766846,ok,,1507,1205,0,377,1.5151174664497375,True,0.1,True,8,1e-05,True,3.3402140140533447,full_train_epoch_chunks,full train set chunked per epoch | validation=dataset_val_split | c_selection=f_mmd c_source=test c_metric=standardized_l2 | f_mmd_reserved_context=5% source=test | wise_ft=alpha0.1 rows=1884<2000,30,1,epoch_chunk,accuracy,0.4039735099337748,0.4039735099337748,0.4039735099337748,0.4039735099337748,0,True,False,,f_mmd,test,standardized_l2,3.0060375948929003,2.1932353050659934,,True
eeg-eye-state,/home/crc00006699/zh/tabiclv2/data184/eeg-eye-state,binclass,11984,2397,2996,14,2,0.9933244325767692,0.9933235003941218,0.9931162593809316,0.9998991261351124,0.0129554076818778,12.345921516418455,4.985320329666138,ok,,11984,9587,0,2996,0.0258527314290404,True,0.1,False,8,1e-05,True,12.195112228393556,full_train_epoch_chunks,full train set chunked per epoch | validation=dataset_val_split | c_selection=f_mmd c_source=test c_metric=standardized_l2 | f_mmd_reserved_context=5% source=test | wise_ft_skipped rows=14980>=2000,30,1,epoch_chunk,accuracy,0.9937421777221528,0.9937421777221528,0.9937421777221528,0.9937421777221528,0,True,False,,f_mmd,test,standardized_l2,7586696.755650853,238.20348116159008,,True
estimation_of_obesity_levels,/home/crc00006699/zh/tabiclv2/data184/estimation_of_obesity_levels,multiclass,1688,338,423,16,7,0.9905437352245864,0.9905622153790828,0.9902298850574712,0.9999595114380188,0.0227027776969885,7.1890950202941895,0.6312239170074463,ok,,1688,1350,0,423,0.0125524685718119,True,0.1,False,18,1e-05,True,7.136418581008911,full_train_epoch_chunks,full train set chunked per epoch | validation=dataset_val_split | c_selection=f_mmd c_source=test c_metric=standardized_l2 | f_mmd_reserved_context=5% source=test | wise_ft_skipped rows=2111>=2000,30,1,epoch_chunk,accuracy,0.9822485207100592,0.9911242603550297,0.9822485207100592,0.9911242603550297,10,True,False,,f_mmd,test,standardized_l2,3.7695767221365033,0.92874274878404,,True
eye_movements,/home/crc00006699/zh/tabiclv2/data184/eye_movements,multiclass,8748,1750,2188,27,3,0.893510054844607,0.8933929903728589,0.8982881272388782,0.9804453552094846,0.2587644650160302,40.98078942298889,4.179736852645874,ok,,8748,6998,0,2188,0.3122107684612274,True,0.1,False,30,1e-05,True,40.74600887298584,full_train_epoch_chunks,full train set chunked per epoch | validation=dataset_val_split | c_selection=f_mmd c_source=test c_metric=standardized_l2 | f_mmd_reserved_context=5% source=test | wise_ft_skipped rows=10936>=2000,30,1,epoch_chunk,accuracy,0.7891428571428571,0.9131428571428571,0.7891428571428571,0.9131428571428571,30,False,False,,f_mmd,test,standardized_l2,5.83758410993292,3.0502346507256157,,True
first-order-theorem-proving,/home/crc00006699/zh/tabiclv2/data184/first-order-theorem-proving,multiclass,4894,979,1224,51,6,0.6503267973856209,0.6337219444154613,0.5253883418941386,0.8615126594410788,1.0121746220772918,22.46190452575684,3.534069538116455,ok,,4894,3915,0,1224,1.1636152267456057,True,0.1,False,19,1e-05,True,22.23499846458435,full_train_epoch_chunks,full train set chunked per epoch | validation=dataset_val_split | c_selection=f_mmd c_source=test c_metric=standardized_l2 | f_mmd_reserved_context=5% source=test | wise_ft_skipped rows=6118>=2000,30,1,epoch_chunk,accuracy,0.6281920326864147,0.6363636363636364,0.6281920326864147,0.6363636363636364,11,True,False,,f_mmd,test,standardized_l2,8.690973891333929,14.195526825499456,,True
heloc,/home/crc00006699/zh/tabiclv2/data184/heloc,binclass,8000,1600,2000,22,2,0.726,0.7256639383244475,0.726,0.8029595,0.5402705937748675,16.61625385284424,3.442375421524048,ok,,8000,6400,0,2000,0.5375784933567047,True,0.1,False,15,1e-05,True,16.461249589920044,full_train_epoch_chunks,full train set chunked per epoch | validation=dataset_val_split | c_selection=f_mmd c_source=test c_metric=standardized_l2 | f_mmd_reserved_context=5% source=test | wise_ft_skipped rows=10000>=2000,30,1,epoch_chunk,accuracy,0.725,0.725625,0.725,0.725625,7,True,False,,f_mmd,test,standardized_l2,7.5216218818738545,1.8748892458154789,,True
house_16H,/home/crc00006699/zh/tabiclv2/data184/house_16H,binclass,10790,2158,2698,16,2,0.8928836174944403,0.8928818369017085,0.8928836174944403,0.9579055622015814,0.2645781466075036,11.690553665161133,4.493208408355713,ok,,10790,8632,0,2698,0.2519603222608566,True,0.1,False,8,1e-05,True,11.525297403335571,full_train_epoch_chunks,full train set chunked per epoch | validation=dataset_val_split | c_selection=f_mmd c_source=test c_metric=standardized_l2 | f_mmd_reserved_context=5% source=test | wise_ft_skipped rows=13488>=2000,30,1,epoch_chunk,accuracy,0.8827618164967562,0.8827618164967562,0.8827618164967562,0.8827618164967562,0,True,False,,f_mmd,test,standardized_l2,7.526607633218355,21.70788022471811,,True
ibm-employee-performance,/home/crc00006699/zh/tabiclv2/data184/ibm-employee-performance,binclass,1176,236,294,30,2,1.0,1.0,1.0,1.0,2.313440282620388e-06,4.612615585327148,0.5878143310546875,ok,,1176,940,0,294,1.339202242434112e-06,True,0.1,True,8,1e-05,True,4.539978981018066,full_train_epoch_chunks,full train set chunked per epoch | validation=dataset_val_split | c_selection=f_mmd c_source=test c_metric=standardized_l2 | f_mmd_reserved_context=5% source=test | wise_ft=alpha0.1 rows=1470<2000,30,1,epoch_chunk,accuracy,1.0,1.0,1.0,1.0,0,True,False,,f_mmd,test,standardized_l2,2.3734940379938068,0.3681200407707451,,True
internet_firewall,/home/crc00006699/zh/tabiclv2/data184/internet_firewall,multiclass,52425,10485,13107,7,4,0.9250782024872206,0.9237303259273156,0.7824494902053338,0.9895098091562924,0.1213808873792979,122.99151992797852,47.80189871788025,ok,,52425,41940,0,13107,0.1636134982109069,True,0.1,False,115,1e-05,True,122.74008655548096,full_train_epoch_chunks,full train set chunked per epoch | validation=dataset_val_split | c_selection=f_mmd c_source=test c_metric=standardized_l2 | f_mmd_reserved_context=5% source=test | wise_ft_skipped rows=65532>=2000,30,5,epoch_chunk,accuracy,0.923795898903195,0.9348593228421554,0.923795898903195,0.9348593228421554,15,True,False,,f_mmd,test,standardized_l2,19.98660212144773,571.6974123342934,,True
jm1,/home/crc00006699/zh/tabiclv2/data184/jm1,binclass,8708,1742,2177,21,2,0.8208543867707855,0.7878092302860504,0.5973120999464341,0.7646880190889465,0.4236616512039053,31.282859325408936,3.739170789718628,ok,,8708,6966,0,2177,0.3786365687847137,True,0.1,False,25,1e-05,True,31.120834350585938,full_train_epoch_chunks,full train set chunked per epoch | validation=dataset_val_split | c_selection=f_mmd c_source=test c_metric=standardized_l2 | f_mmd_reserved_context=5% source=test | wise_ft_skipped rows=10885>=2000,30,1,epoch_chunk,accuracy,0.8168771526980482,0.830654420206659,0.8168771526980482,0.830654420206659,17,True,False,,f_mmd,test,standardized_l2,16.400178198037292,52.60882944017484,,True
kc1,/home/crc00006699/zh/tabiclv2/data184/kc1,binclass,1687,338,422,21,2,0.8720379146919431,0.855423482647913,0.6601163542340013,0.8561732385261798,0.302951173422593,3.818138599395752,0.6911070346832275,ok,,1687,1349,0,422,0.3056183159351349,True,0.1,False,8,1e-05,True,3.760739088058472,full_train_epoch_chunks,full train set chunked per epoch | validation=dataset_val_split | c_selection=f_mmd c_source=test c_metric=standardized_l2 | f_mmd_reserved_context=5% source=test | wise_ft_skipped rows=2109>=2000,30,1,epoch_chunk,accuracy,0.8757396449704142,0.8757396449704142,0.8757396449704142,0.8757396449704142,0,True,False,,f_mmd,test,standardized_l2,13.059992117936376,15.88365908678478,,True
kr-vs-kp,/home/crc00006699/zh/tabiclv2/data184/kr-vs-kp,binclass,2556,512,640,36,2,0.9984375,0.9984376031804651,0.998502994011976,0.9999706469414114,0.0072638973140973,6.0187461376190186,1.3394560813903809,ok,,2556,2044,0,640,0.0165510550141334,True,0.1,False,8,1e-05,True,5.877306699752808,full_train_epoch_chunks,full train set chunked per epoch | validation=dataset_val_split | c_selection=f_mmd c_source=test c_metric=standardized_l2 | f_mmd_reserved_context=5% source=test | wise_ft_skipped rows=3196>=2000,30,1,epoch_chunk,accuracy,0.998046875,0.998046875,0.998046875,0.998046875,0,True,False,,f_mmd,test,standardized_l2,4.25504407824825,2.465590555421538,,True
led24,/home/crc00006699/zh/tabiclv2/data184/led24,multiclass,2560,512,640,24,10,0.728125,0.7235083885285855,0.7277085983996034,0.9583137072319386,0.7746368672211489,10.063304662704468,1.0803027153015137,ok,,2560,2048,0,640,0.7517004013061523,True,0.1,False,18,1e-05,True,9.970675706863403,full_train_epoch_chunks,full train set chunked per epoch | validation=dataset_val_split | c_selection=f_mmd c_source=test c_metric=standardized_l2 | f_mmd_reserved_context=5% source=test | wise_ft_skipped rows=3200>=2000,30,1,epoch_chunk,accuracy,0.724609375,0.732421875,0.724609375,0.732421875,10,True,False,,f_mmd,test,standardized_l2,1.486386502668945,0.0462827325732716,,True
madeline,/home/crc00006699/zh/tabiclv2/data184/madeline,binclass,2512,503,628,259,2,0.926751592356688,0.9267404458114094,0.92668776371308,0.9766816780266148,0.1899019437190292,20.99457049369812,7.241652488708496,ok,,2512,2009,0,628,0.2262647747993469,True,0.1,False,8,1e-05,True,20.390050649642944,full_train_epoch_chunks,full train set chunked per epoch | validation=dataset_val_split | c_selection=f_mmd c_source=test c_metric=standardized_l2 | f_mmd_reserved_context=5% source=test | wise_ft_skipped rows=3140>=2000,30,1,epoch_chunk,accuracy,0.9224652087475148,0.9224652087475148,0.9224652087475148,0.9224652087475148,0,True,False,,f_mmd,test,standardized_l2,1.4636400990177851,0.0523940358563418,,True
maternal_health_risk,/home/crc00006699/zh/tabiclv2/data184/maternal_health_risk,multiclass,811,163,203,6,3,0.8768472906403941,0.8748005893782885,0.8794702134668967,0.9627523426352328,0.328930737270081,4.599690675735474,0.5990860462188721,ok,,811,648,0,203,0.4415558129549026,True,0.1,True,13,1e-05,True,4.57661247253418,full_train_epoch_chunks,full train set chunked per epoch | validation=dataset_val_split | c_selection=f_mmd c_source=test c_metric=standardized_l2 | f_mmd_reserved_context=5% source=test | wise_ft=alpha0.1 rows=1014<2000,30,1,epoch_chunk,accuracy,0.8404907975460123,0.8466257668711656,0.8404907975460123,0.8466257668711656,5,True,False,,f_mmd,test,standardized_l2,3.31848649755426,0.3370939541517145,,True
mfeat-fourier,/home/crc00006699/zh/tabiclv2/data184/mfeat-fourier,multiclass,1600,320,400,76,10,0.925,0.9246514055564689,0.925,0.9952708333333332,0.2112310007929753,14.224238634109495,1.432050704956055,ok,,1600,1280,0,400,0.2327667474746704,True,0.1,False,18,1e-05,True,14.073918342590332,full_train_epoch_chunks,full train set chunked per epoch | validation=dataset_val_split | c_selection=f_mmd c_source=test c_metric=standardized_l2 | f_mmd_reserved_context=5% source=test | wise_ft_skipped rows=2000>=2000,30,1,epoch_chunk,accuracy,0.890625,0.90625,0.890625,0.90625,10,True,False,,f_mmd,test,standardized_l2,2.2686421988334144,0.252848896625346,,True
mfeat-morphological,/home/crc00006699/zh/tabiclv2/data184/mfeat-morphological,multiclass,1600,320,400,6,10,0.795,0.7925832478432437,0.7949999999999999,0.9782847222222224,0.4950588091044928,5.458958625793457,0.5104019641876221,ok,,1600,1280,0,400,0.6105640232563019,True,0.1,False,16,1e-05,True,5.431823015213013,full_train_epoch_chunks,full train set chunked per epoch | validation=dataset_val_split | c_selection=f_mmd c_source=test c_metric=standardized_l2 | f_mmd_reserved_context=5% source=test | wise_ft_skipped rows=2000>=2000,30,1,epoch_chunk,accuracy,0.746875,0.775,0.746875,0.775,8,True,False,,f_mmd,test,standardized_l2,3.0462114326407037,0.433867195832736,,True
mfeat-zernike,/home/crc00006699/zh/tabiclv2/data184/mfeat-zernike,multiclass,1600,320,400,47,10,0.905,0.90195806132982,0.905,0.9926631944444444,0.2214579298714872,8.494193315505981,1.0188236236572266,ok,,1600,1280,0,400,0.1932409107685089,True,0.1,False,13,1e-05,True,8.3903489112854,full_train_epoch_chunks,full train set chunked per epoch | validation=dataset_val_split | c_selection=f_mmd c_source=test c_metric=standardized_l2 | f_mmd_reserved_context=5% source=test | wise_ft_skipped rows=2000>=2000,30,1,epoch_chunk,accuracy,0.88125,0.90625,0.88125,0.90625,5,True,False,,f_mmd,test,standardized_l2,3.202519510756844,0.8268509840926855,,True
microaggregation2,/home/crc00006699/zh/tabiclv2/data184/microaggregation2,multiclass,16000,3200,4000,20,5,0.64575,0.6017901874506743,0.4391396744946198,0.8372583699123908,0.8554911541079943,23.839311122894287,8.352378368377686,ok,,16000,12800,0,4000,0.9366157352924348,True,0.1,False,22,1e-05,True,23.592026472091675,full_train_epoch_chunks,full train set chunked per epoch | validation=dataset_val_split | c_selection=f_mmd c_source=test c_metric=standardized_l2 | f_mmd_reserved_context=5% source=test | wise_ft_skipped rows=20000>=2000,30,2,epoch_chunk,accuracy,0.64,0.6484375,0.64,0.6484375,3,True,False,,f_mmd,test,standardized_l2,7.8634205604474365,5.537082618827356,,True
mozilla4,/home/crc00006699/zh/tabiclv2/data184/mozilla4,binclass,12436,2488,3109,4,2,0.9504663879060792,0.9499381080357936,0.934144555289149,0.9782881541402982,0.1581126576816675,24.35537004470825,2.1596176624298096,ok,,12436,9948,0,3109,0.167095310986042,True,0.1,False,22,1e-05,True,24.28994107246399,full_train_epoch_chunks,full train set chunked per epoch | validation=dataset_val_split | c_selection=f_mmd c_source=test c_metric=standardized_l2 | f_mmd_reserved_context=5% source=test | wise_ft_skipped rows=15545>=2000,30,1,epoch_chunk,accuracy,0.9409163987138264,0.9457395498392284,0.9409163987138264,0.9457395498392284,14,True,False,,f_mmd,test,standardized_l2,5.793754919248116,7.383930248487411,,True
okcupid_stem,/home/crc00006699/zh/tabiclv2/data184/okcupid_stem,multiclass,21341,4269,5336,13,3,0.7529985007496252,0.6995438033262217,0.4980894532850223,0.8090377895095381,0.5892560633135114,36.59647011756897,11.328962087631226,ok,,21341,17072,0,5336,0.597347766160965,True,0.1,False,30,1e-05,True,36.29984736442566,full_train_epoch_chunks,full train set chunked per epoch | validation=dataset_val_split | c_selection=f_mmd c_source=test c_metric=standardized_l2 | f_mmd_reserved_context=5% source=test | wise_ft_skipped rows=26677>=2000,30,2,epoch_chunk,accuracy,0.7507613024127431,0.7516982899976575,0.7507613024127431,0.7516982899976575,7,True,False,,f_mmd,test,standardized_l2,3.349829659806233,0.9194834931701044,,True
optdigits,/home/crc00006699/zh/tabiclv2/data184/optdigits,multiclass,4496,900,1124,64,10,0.998220640569395,0.9982205883039564,0.9982142857142856,0.9999894399079864,0.0096551543484255,10.820895910263062,3.773545742034912,ok,,4496,3596,0,1124,0.0138695719651877,True,0.1,False,8,1e-05,True,10.567650318145752,full_train_epoch_chunks,full train set chunked per epoch | validation=dataset_val_split | c_selection=f_mmd c_source=test c_metric=standardized_l2 | f_mmd_reserved_context=5% source=test | wise_ft_skipped rows=5620>=2000,30,1,epoch_chunk,accuracy,0.9922222222222222,0.9922222222222222,0.9922222222222222,0.9922222222222222,0,True,False,,f_mmd,test,standardized_l2,5.620109054672164,7.162230727142715,,True
ozone_level,/home/crc00006699/zh/tabiclv2/data184/ozone_level,binclass,2028,406,508,36,2,0.9783464566929134,0.9715321032632116,0.4979959919839679,0.8200846136717881,0.0870474924193012,9.3183913230896,1.1061220169067385,ok,,2028,1622,0,508,0.0932561010122299,True,0.1,False,14,1e-05,True,9.177032232284546,full_train_epoch_chunks,full train set chunked per epoch | validation=dataset_val_split | c_selection=f_mmd c_source=test c_metric=standardized_l2 | f_mmd_reserved_context=5% source=test | wise_ft_skipped rows=2536>=2000,30,1,epoch_chunk,accuracy,0.9679802955665024,0.9704433497536946,0.9679802955665024,0.9704433497536946,6,True,False,,f_mmd,test,standardized_l2,4.099503720039605,0.211152115527965,,True
pc1,/home/crc00006699/zh/tabiclv2/data184/pc1,binclass,887,178,222,21,2,0.9414414414414416,0.9330171853150268,0.6594202898550725,0.8983896940418679,0.1537915611145331,6.868051290512085,0.8854706287384033,ok,,887,709,0,222,0.1748695224523544,True,0.1,True,17,1e-05,True,6.818049430847168,full_train_epoch_chunks,full train set chunked per epoch | validation=dataset_val_split | c_selection=f_mmd c_source=test c_metric=standardized_l2 | f_mmd_reserved_context=5% source=test | wise_ft=alpha0.1 rows=1109<2000,30,1,epoch_chunk,accuracy,0.9325842696629212,0.9550561797752808,0.9325842696629212,0.9550561797752808,9,True,False,,f_mmd,test,standardized_l2,14.86032532681965,34.44235946504253,,True
pc4,/home/crc00006699/zh/tabiclv2/data184/pc4,binclass,1166,234,292,37,2,0.9075342465753424,0.9045311583625552,0.7562934027777778,0.9616970486111112,0.1918606394407825,6.787670135498047,0.655005693435669,ok,,1166,932,0,292,0.212074764072895,True,0.1,True,12,1e-05,True,6.71300220489502,full_train_epoch_chunks,full train set chunked per epoch | validation=dataset_val_split | c_selection=f_mmd c_source=test c_metric=standardized_l2 | f_mmd_reserved_context=5% source=test | wise_ft=alpha0.1 rows=1458<2000,30,1,epoch_chunk,accuracy,0.9145299145299144,0.9188034188034188,0.9145299145299144,0.9188034188034188,4,True,False,,f_mmd,test,standardized_l2,10.755746728435785,14.540866632121269,,True
phoneme,/home/crc00006699/zh/tabiclv2/data184/phoneme,binclass,4323,865,1081,5,2,0.901017576318224,0.9009717595025069,0.8801406345483673,0.9663030373098584,0.2265822861839063,6.847610950469971,0.8087460994720459,ok,,4323,3458,0,1081,0.1932923048734665,True,0.1,False,15,1e-05,True,6.8094258308410645,full_train_epoch_chunks,full train set chunked per epoch | validation=dataset_val_split | c_selection=f_mmd c_source=test c_metric=standardized_l2 | f_mmd_reserved_context=5% source=test | wise_ft_skipped rows=5404>=2000,30,1,epoch_chunk,accuracy,0.9283236994219654,0.9294797687861271,0.9283236994219654,0.9294797687861271,7,True,False,,f_mmd,test,standardized_l2,2.9289108186790944,0.4359154972984724,,True
predict_students_dropout_and_academic_success,/home/crc00006699/zh/tabiclv2/data184/predict_students_dropout_and_academic_success,multiclass,3539,708,885,34,3,0.7796610169491526,0.7745048229955538,0.7073795925424006,0.8932384638593017,0.5529621799093997,8.694847583770752,1.7465925216674805,ok,,3539,2831,0,885,0.5471231341362,True,0.1,False,10,1e-05,True,8.534668684005737,full_train_epoch_chunks,full train set chunked per epoch | validation=dataset_val_split | c_selection=f_mmd c_source=test c_metric=standardized_l2 | f_mmd_reserved_context=5% source=test | wise_ft_skipped rows=4424>=2000,30,1,epoch_chunk,accuracy,0.8107344632768362,0.8121468926553672,0.8107344632768362,0.8121468926553672,2,True,False,,f_mmd,test,standardized_l2,3.729705293545762,0.933365176443968,,True
ringnorm,/home/crc00006699/zh/tabiclv2/data184/ringnorm,binclass,5920,1184,1480,20,2,0.9797297297297296,0.9797268415464132,0.979651210572166,0.9972404397033336,0.0605418678002554,8.659943103790283,2.351892232894897,ok,,5920,4736,0,1480,0.0524045340716838,True,0.1,False,10,1e-05,True,8.549169063568115,full_train_epoch_chunks,full train set chunked per epoch | validation=dataset_val_split | c_selection=f_mmd c_source=test c_metric=standardized_l2 | f_mmd_reserved_context=5% source=test | wise_ft_skipped rows=7400>=2000,30,1,epoch_chunk,accuracy,0.981418918918919,0.9822635135135136,0.981418918918919,0.9822635135135136,2,True,False,,f_mmd,test,standardized_l2,2.910172080710768,0.3080442709710692,,True
satimage,/home/crc00006699/zh/tabiclv2/data184/satimage,multiclass,5144,1029,1286,36,6,0.9471228615863142,0.9461801496151312,0.9309130771722252,0.9971954597694452,0.1248962956224323,25.17305898666382,2.7710747718811035,ok,,5144,4115,0,1286,0.1618678048253059,True,0.1,False,26,1e-05,True,25.01000142097473,full_train_epoch_chunks,full train set chunked per epoch | validation=dataset_val_split | c_selection=f_mmd c_source=test c_metric=standardized_l2 | f_mmd_reserved_context=5% source=test | wise_ft_skipped rows=6430>=2000,30,1,epoch_chunk,accuracy,0.9300291545189504,0.9446064139941692,0.9300291545189504,0.9446064139941692,18,True,False,,f_mmd,test,standardized_l2,4.55548934771573,0.7999410967399644,,True
seismic+bumps,/home/crc00006699/zh/tabiclv2/data184/seismic+bumps,binclass,2067,414,517,18,2,0.9342359767891684,0.9024719535783364,0.5,0.7156558275484106,0.2337074459494886,6.787921667098999,0.7295918464660645,ok,,2067,1653,0,517,0.2123636156320572,True,0.1,False,16,1e-05,True,6.729171514511108,full_train_epoch_chunks,full train set chunked per epoch | validation=dataset_val_split | c_selection=f_mmd c_source=test c_metric=standardized_l2 | f_mmd_reserved_context=5% source=test | wise_ft_skipped rows=2584>=2000,30,1,epoch_chunk,accuracy,0.9347826086956522,0.9371980676328504,0.9347826086956522,0.9371980676328504,8,True,False,,f_mmd,test,standardized_l2,6.747150619687725,8.626049890033743,,True
shill-bidding,/home/crc00006699/zh/tabiclv2/data184/shill-bidding,binclass,5056,1012,1265,3,2,0.9106719367588932,0.8881417839528507,0.605435422182995,0.899957206665062,0.2109522974556293,12.792938470840454,0.5313882827758789,ok,,5056,4044,0,1265,0.2184290140867233,True,0.1,False,30,1e-05,True,12.759369611740112,full_train_epoch_chunks,full train set chunked per epoch | validation=dataset_val_split | c_selection=f_mmd c_source=test c_metric=standardized_l2 | f_mmd_reserved_context=5% source=test | wise_ft_skipped rows=6321>=2000,30,1,epoch_chunk,accuracy,0.8883399209486166,0.8972332015810277,0.8883399209486166,0.8972332015810277,22,True,False,,f_mmd,test,standardized_l2,2.258775175890161,0.3121716527232427,,True
shuttle,/home/crc00006699/zh/tabiclv2/data184/shuttle,multiclass,46400,9280,11600,9,7,0.9993103448275862,0.9993053493768193,0.919757534569506,0.999995956043772,0.0010018849132568,41.14669156074524,39.21393370628357,ok,,46400,37120,0,11600,0.0025484579382464,True,0.1,False,32,1e-05,True,40.769277811050415,full_train_epoch_chunks,full train set chunked per epoch | validation=dataset_val_split | c_selection=f_mmd c_source=test c_metric=standardized_l2 | f_mmd_reserved_context=5% source=test | wise_ft_skipped rows=58000>=2000,30,4,epoch_chunk,accuracy,0.9998922413793104,0.9998922413793104,0.9998922413793104,0.9998922413793104,0,True,False,,f_mmd,test,standardized_l2,11.559714671617629,63.31107284952178,,True
splice,/home/crc00006699/zh/tabiclv2/data184/splice,multiclass,2552,511,638,60,3,0.9608150470219436,0.9607765132232094,0.9538905861102412,0.9969138026046408,0.0963032796216747,8.281768083572388,1.805842638015747,ok,,2552,2041,0,638,0.1052245199680328,True,0.1,False,8,1e-05,True,8.061630249023438,full_train_epoch_chunks,full train set chunked per epoch | validation=dataset_val_split | c_selection=f_mmd c_source=test c_metric=standardized_l2 | f_mmd_reserved_context=5% source=test | wise_ft_skipped rows=3190>=2000,30,1,epoch_chunk,accuracy,0.9706457925636008,0.9706457925636008,0.9706457925636008,0.9706457925636008,0,True,False,,f_mmd,test,standardized_l2,1.7497194576964894,0.0843661839327458,,True
statlog,/home/crc00006699/zh/tabiclv2/data184/statlog,binclass,800,160,200,20,2,0.74,0.7249111725227004,0.6476190476190476,0.7589285714285714,0.5216549279608479,3.6389217376708975,0.8141753673553467,ok,,800,640,0,200,0.4217696189880371,True,0.1,True,8,1e-05,True,3.585059642791748,full_train_epoch_chunks,full train set chunked per epoch | validation=dataset_val_split | c_selection=f_mmd c_source=test c_metric=standardized_l2 | f_mmd_reserved_context=5% source=test | wise_ft=alpha0.1 rows=1000<2000,30,1,epoch_chunk,accuracy,0.775,0.775,0.775,0.775,0,True,False,,f_mmd,test,standardized_l2,2.655811727331585,0.408973291472601,,True
svmguide3,/home/crc00006699/zh/tabiclv2/data184/svmguide3,binclass,994,199,249,22,2,0.891566265060241,0.8809269532161098,0.7754934210526316,0.9300986842105264,0.2711386487039844,8.553861141204834,0.9853575229644777,ok,,994,795,0,249,0.1687066107988357,True,0.1,True,19,1e-05,True,8.486805438995361,full_train_epoch_chunks,full train set chunked per epoch | validation=dataset_val_split | c_selection=f_mmd c_source=test c_metric=standardized_l2 | f_mmd_reserved_context=5% source=test | wise_ft=alpha0.1 rows=1243<2000,30,1,epoch_chunk,accuracy,0.8341708542713567,0.8492462311557789,0.8341708542713567,0.8492462311557789,11,True,False,,f_mmd,test,standardized_l2,6.8476941755736025,3.025843221323904,,True
taiwanese_bankruptcy_prediction,/home/crc00006699/zh/tabiclv2/data184/taiwanese_bankruptcy_prediction,binclass,5455,1091,1364,95,2,0.9699413489736072,0.9634411774678352,0.6109848484848485,0.9293991046831956,0.0889274673502784,23.36815714836121,6.1136863231658936,ok,,5455,4364,0,1364,0.0677923448383808,True,0.1,False,12,1e-05,True,22.93728256225586,full_train_epoch_chunks,full train set chunked per epoch | validation=dataset_val_split | c_selection=f_mmd c_source=test c_metric=standardized_l2 | f_mmd_reserved_context=5% source=test | wise_ft_skipped rows=6819>=2000,30,1,epoch_chunk,accuracy,0.9697525206232814,0.9715857011915674,0.9697525206232814,0.9715857011915674,4,True,False,,f_mmd,test,standardized_l2,2.3426401043571972e+36,0.0,,True
thyroid,/home/crc00006699/zh/tabiclv2/data184/thyroid,multiclass,5760,1152,1440,21,3,0.9958333333333332,0.995835174762004,0.9745432877465886,0.9998493717225516,0.0106561945266442,8.273552417755127,2.326725721359253,ok,,5760,4608,0,1440,0.0124443941749632,True,0.1,False,10,1e-05,True,8.171340942382812,full_train_epoch_chunks,full train set chunked per epoch | validation=dataset_val_split | c_selection=f_mmd c_source=test c_metric=standardized_l2 | f_mmd_reserved_context=5% source=test | wise_ft_skipped rows=7200>=2000,30,1,epoch_chunk,accuracy,0.9930555555555556,0.9939236111111112,0.9930555555555556,0.9939236111111112,2,True,False,,f_mmd,test,standardized_l2,7.464379646719951,14.682271159391098,,True
thyroid-dis,/home/crc00006699/zh/tabiclv2/data184/thyroid-dis,multiclass,2240,448,560,26,5,0.6982142857142857,0.6795708817397659,0.4130608840700583,0.8821213859748365,0.6967169245255848,5.908241748809815,0.9885852336883544,ok,,2240,1792,0,560,0.7317522466182709,True,0.1,False,10,1e-05,True,5.8122334480285645,full_train_epoch_chunks,full train set chunked per epoch | validation=dataset_val_split | c_selection=f_mmd c_source=test c_metric=standardized_l2 | f_mmd_reserved_context=5% source=test | wise_ft_skipped rows=2800>=2000,30,1,epoch_chunk,accuracy,0.7410714285714286,0.7433035714285714,0.7410714285714286,0.7433035714285714,2,True,False,,f_mmd,test,standardized_l2,6.195405562608932,7.622980425489233,,True
twonorm,/home/crc00006699/zh/tabiclv2/data184/twonorm,binclass,5920,1184,1480,20,2,0.9783783783783784,0.9783779045585758,0.9783856435092102,0.9984642046461004,0.0517575586882832,10.989292621612549,2.347170829772949,ok,,5920,4736,0,1480,0.0444828122854232,True,0.1,False,13,1e-05,True,10.882126569747925,full_train_epoch_chunks,full train set chunked per epoch | validation=dataset_val_split | c_selection=f_mmd c_source=test c_metric=standardized_l2 | f_mmd_reserved_context=5% source=test | wise_ft_skipped rows=7400>=2000,30,1,epoch_chunk,accuracy,0.9738175675675677,0.9763513513513512,0.9738175675675677,0.9763513513513512,5,True,False,,f_mmd,test,standardized_l2,2.0104159775957973,0.1768086833596319,,True
wall-robot-navigation,/home/crc00006699/zh/tabiclv2/data184/wall-robot-navigation,multiclass,4364,873,1092,24,4,0.9945054945054944,0.9945129461258494,0.9932926200783344,0.999959619127155,0.0133646005999389,15.48706340789795,1.8200819492340088,ok,,4364,3491,0,1092,0.0153398215770721,True,0.1,False,21,1e-05,True,15.37868857383728,full_train_epoch_chunks,full train set chunked per epoch | validation=dataset_val_split | c_selection=f_mmd c_source=test c_metric=standardized_l2 | f_mmd_reserved_context=5% source=test | wise_ft_skipped rows=5456>=2000,30,1,epoch_chunk,accuracy,0.9851088201603666,0.993127147766323,0.9851088201603666,0.993127147766323,13,True,False,,f_mmd,test,standardized_l2,2.660672702219943,0.2898729817095897,,True
waveform-5000,/home/crc00006699/zh/tabiclv2/data184/waveform-5000,multiclass,4000,800,1000,40,3,0.866,0.8659820322094128,0.8660981902906141,0.9782454971125616,0.2582730360440881,7.659801959991455,2.152942657470703,ok,,4000,3200,0,1000,0.2607491761445999,True,0.1,False,8,1e-05,True,7.5131635665893555,full_train_epoch_chunks,full train set chunked per epoch | validation=dataset_val_split | c_selection=f_mmd c_source=test c_metric=standardized_l2 | f_mmd_reserved_context=5% source=test | wise_ft_skipped rows=5000>=2000,30,1,epoch_chunk,accuracy,0.87875,0.87875,0.87875,0.87875,0,True,False,,f_mmd,test,standardized_l2,1.8460368858891765,0.1047188180328402,,True
website_phishing,/home/crc00006699/zh/tabiclv2/data184/website_phishing,multiclass,1082,217,271,9,3,0.92619926199262,0.9264532281561662,0.9452380952380952,0.9793499098902352,0.2390026500235998,5.442116737365723,0.3869698047637939,ok,,1082,865,0,271,0.2272817119956016,True,0.1,True,15,1e-05,True,5.40850830078125,full_train_epoch_chunks,full train set chunked per epoch | validation=dataset_val_split | c_selection=f_mmd c_source=test c_metric=standardized_l2 | f_mmd_reserved_context=5% source=test | wise_ft=alpha0.1 rows=1353<2000,30,1,epoch_chunk,accuracy,0.9216589861751152,0.9262672811059908,0.9216589861751152,0.9262672811059908,7,True,False,,f_mmd,test,standardized_l2,2.228709432720395,0.1456178526680022,,True
wine-quality-red,/home/crc00006699/zh/tabiclv2/data184/wine-quality-red,multiclass,1279,256,320,4,6,0.675,0.6563355065986645,0.3335171568627451,0.8527620243018413,0.8129454894784935,4.458724021911621,0.3900597095489502,ok,,1279,1023,0,320,0.7855798900127411,True,0.1,True,13,1e-05,True,4.430858135223389,full_train_epoch_chunks,full train set chunked per epoch | validation=dataset_val_split | c_selection=f_mmd c_source=test c_metric=standardized_l2 | f_mmd_reserved_context=5% source=test | wise_ft=alpha0.1 rows=1599<2000,30,1,epoch_chunk,accuracy,0.65234375,0.671875,0.65234375,0.671875,5,True,False,,f_mmd,test,standardized_l2,5.675454936648055,3.4541213897577627,,True
yeast,/home/crc00006699/zh/tabiclv2/data184/yeast,multiclass,1187,238,297,8,10,0.632996632996633,0.6261926752044642,0.5807255406538709,0.8853277407719418,0.9740926367071548,3.199576139450073,0.4063708782196045,ok,,1187,949,0,297,0.951140433549881,True,0.1,True,8,1e-05,True,3.1706583499908447,full_train_epoch_chunks,full train set chunked per epoch | validation=dataset_val_split | c_selection=f_mmd c_source=test c_metric=standardized_l2 | f_mmd_reserved_context=5% source=test | wise_ft=alpha0.1 rows=1484<2000,30,1,epoch_chunk,accuracy,0.5714285714285714,0.5714285714285714,0.5714285714285714,0.5714285714285714,0,True,False,,f_mmd,test,standardized_l2,7.800838008177277,5.427600619554648,,True
