dataset_name,dataset_dir,task_type,n_train,n_val,n_test,n_features,n_classes,accuracy,f1,balanced_accuracy,roc_auc,log_loss,fit_seconds,predict_seconds,status,error,n_train_a,n_train_b,n_holdout_c,n_test_d,ttt_loss,ttt_steps,ttt_lr,ttt_applied,ttt_update_seconds,ttt_split_strategy,ttt_split_reason,ttt_epochs,ttt_chunks_per_epoch,ttt_batch_mode,ttt_val_eval_metric,ttt_val_baseline_metric,ttt_val_best_metric,ttt_val_baseline_accuracy,ttt_val_best_accuracy,ttt_best_epoch,ttt_stopped_early,ttt_oom_fallback,ttt_fallback_reason,peft_method,peft_targets,peft_trainable_params,peft_trainable_ratio,peft_rank,model_family
Amazon_employee_access,/home/crc00006699/zh/tabiclv2/data184/Amazon_employee_access,binclass,26215,5243,6554,7,2,0.9447665547757095,0.9302484636824631,0.5806270496619059,0.8355837330285324,0.1657719428093112,50.076740741729736,12.772165536880493,ok,,26215,20972,0,6554,0.22062112390995026,57,1e-05,True,49.850425720214844,full_train_epoch_chunks,full train set chunked per epoch | validation=dataset_val_split,30,3,epoch_chunk,accuracy,0.9490749570856379,0.950028609574671,0.9490749570856379,0.950028609574671,11,True,False,,ln_head_embedding,"col,row,icl",573578,0.020817821900477266,,tabiclv2
BLE_RSSI_dataset_for_Indoor_localization,/home/crc00006699/zh/tabiclv2/data184/BLE_RSSI_dataset_for_Indoor_localization,multiclass,7987,1598,1997,3,3,0.7336004006009014,0.7330981870160941,0.7326163567434275,0.9028323744727512,0.586042807128688,6.819965362548828,1.3603849411010742,ok,,7987,6389,0,1997,0.6005592942237854,11,1e-05,True,6.783283233642578,full_train_epoch_chunks,full train set chunked per epoch | validation=dataset_val_split,30,1,epoch_chunk,accuracy,0.7509386733416771,0.7521902377972466,0.7509386733416771,0.7521902377972466,3,True,False,,ln_head_embedding,"col,row,icl",573578,0.020817821900477266,,tabiclv2
BNG(breast-w),/home/crc00006699/zh/tabiclv2/data184/BNG(breast-w),binclass,31492,6299,7874,9,2,0.9881889763779528,0.9882047979308952,0.9882763953792117,0.9990971974312437,0.03426151810864379,44.675785541534424,20.372329235076904,ok,,31492,25193,0,7874,0.0430933590978384,45,1e-05,True,44.42198586463928,full_train_epoch_chunks,full train set chunked per epoch | validation=dataset_val_split,30,3,epoch_chunk,accuracy,0.9866645499285601,0.9871408160025401,0.9866645499285601,0.9871408160025401,7,True,False,,ln_head_embedding,"col,row,icl",573578,0.020817821900477266,,tabiclv2
BNG(cmc),/home/crc00006699/zh/tabiclv2/data184/BNG(cmc),multiclass,44236,8848,11060,9,3,0.5861663652802893,0.5848975153051571,0.5676912206981365,0.7649154844834346,0.8747764927646111,67.36733937263489,36.63465666770935,ok,,44236,35388,0,11060,0.8829557001590729,60,1e-05,True,66.97509598731995,full_train_epoch_chunks,full train set chunked per epoch | validation=dataset_val_split,30,4,epoch_chunk,accuracy,0.5762884267631103,0.5782097649186256,0.5762884267631103,0.5782097649186256,7,True,False,,ln_head_embedding,"col,row,icl",573578,0.020817821900477266,,tabiclv2
BNG(tic-tac-toe),/home/crc00006699/zh/tabiclv2/data184/BNG(tic-tac-toe),binclass,31492,6299,7874,9,2,0.8148336296672594,0.8127924569695848,0.7858749171640029,0.8827866104146994,0.4067285411439342,25.652166843414307,20.43925905227661,ok,,31492,25193,0,7874,0.43619677424430847,24,1e-05,True,25.3379008769989,full_train_epoch_chunks,full train set chunked per epoch | validation=dataset_val_split,30,3,epoch_chunk,accuracy,0.8096523257659946,0.8096523257659946,0.8096523257659946,0.8096523257659946,0,True,False,,ln_head_embedding,"col,row,icl",573578,0.020817821900477266,,tabiclv2
Bank_Customer_Churn_Dataset,/home/crc00006699/zh/tabiclv2/data184/Bank_Customer_Churn_Dataset,binclass,8000,1600,2000,10,2,0.875,0.8646485918873154,0.7431792347046584,0.8824417637976959,0.3130610587670477,13.163759231567383,2.749739170074463,ok,,8000,6400,0,2000,0.3610592633485794,17,1e-05,True,13.077148199081421,full_train_epoch_chunks,full train set chunked per epoch | validation=dataset_val_split,30,1,epoch_chunk,accuracy,0.861875,0.865,0.861875,0.865,9,True,False,,ln_head_embedding,"col,row,icl",573578,0.020817821900477266,,tabiclv2
Basketball_c,/home/crc00006699/zh/tabiclv2/data184/Basketball_c,binclass,1072,215,268,11,2,0.7014925373134329,0.7002842928216062,0.6796598157335223,0.7438577840774864,0.5768083152248881,4.501964569091797,0.3841707706451416,ok,,1072,857,0,268,0.6040752828121185,16,1e-05,True,4.470599412918091,full_train_epoch_chunks,full train set chunked per epoch | validation=dataset_val_split,30,1,epoch_chunk,accuracy,0.7581395348837209,0.7674418604651163,0.7581395348837209,0.7674418604651163,8,True,False,,ln_head_embedding,"col,row,icl",573578,0.020817821900477266,,tabiclv2
California-Housing-Classification,/home/crc00006699/zh/tabiclv2/data184/California-Housing-Classification,binclass,16512,3303,4128,8,2,0.9212693798449613,0.9212689224392804,0.9212706524150283,0.979710311624506,0.18322933928642446,25.602957010269165,7.1628265380859375,ok,,16512,13209,0,4128,0.2648032009601593,34,1e-05,True,25.465269327163696,full_train_epoch_chunks,full train set chunked per epoch | validation=dataset_val_split,30,2,epoch_chunk,accuracy,0.9182561307901907,0.9197699061459279,0.9182561307901907,0.9197699061459279,9,True,False,,ln_head_embedding,"col,row,icl",573578,0.020817821900477266,,tabiclv2
Cardiovascular-Disease-dataset,/home/crc00006699/zh/tabiclv2/data184/Cardiovascular-Disease-dataset,binclass,56000,11200,14000,11,2,0.7335714285714285,0.7328960175549605,0.7335427701364148,0.8010897819885002,0.5434337974506116,69.88876366615295,57.00929355621338,ok,,56000,44800,0,14000,0.5398253202438354,55,1e-05,True,69.39348673820496,full_train_epoch_chunks,full train set chunked per epoch | validation=dataset_val_split,30,5,epoch_chunk,accuracy,0.7323214285714286,0.7348214285714286,0.7323214285714286,0.7348214285714286,3,True,False,,ln_head_embedding,"col,row,icl",573578,0.020817821900477266,,tabiclv2
Click_prediction_small,/home/crc00006699/zh/tabiclv2/data184/Click_prediction_small,binclass,31958,6392,7990,3,2,0.8329161451814768,0.7611109044068115,0.5076407631414864,0.6272200481637568,0.4379684838233991,30.852856397628784,7.304643630981445,ok,,31958,25566,0,7990,0.42322054505348206,36,1e-05,True,30.766112565994263,full_train_epoch_chunks,full train set chunked per epoch | validation=dataset_val_split,30,3,epoch_chunk,accuracy,0.8322903629536921,0.8324468085106383,0.8322903629536921,0.8324468085106383,4,True,False,,ln_head_embedding,"col,row,icl",573578,0.020817821900477266,,tabiclv2
Contaminant-detection-in-packaged-cocoa-hazelnut-spread-jars-using-Microwaves-Sensing-and-Machine-Learning-10.0GHz(Urbinati),/home/crc00006699/zh/tabiclv2/data184/Contaminant-detection-in-packaged-cocoa-hazelnut-spread-jars-using-Microwaves-Sensing-and-Machine-Learning-10.0GHz(Urbinati),binclass,1920,384,480,30,2,0.9770833333333333,0.97708960094233,0.9776835372636263,0.9958982202447164,0.06704641886808102,5.758609294891357,0.8926167488098145,ok,,1920,1536,0,480,0.09503763169050217,13,1e-05,True,5.68475341796875,full_train_epoch_chunks,full train set chunked per epoch | validation=dataset_val_split,30,1,epoch_chunk,accuracy,0.9661458333333334,0.96875,0.9661458333333334,0.96875,5,True,False,,ln_head_embedding,"col,row,icl",573578,0.020817821900477266,,tabiclv2
Contaminant-detection-in-packaged-cocoa-hazelnut-spread-jars-using-Microwaves-Sensing-and-Machine-Learning-10.5GHz(Urbinati),/home/crc00006699/zh/tabiclv2/data184/Contaminant-detection-in-packaged-cocoa-hazelnut-spread-jars-using-Microwaves-Sensing-and-Machine-Learning-10.5GHz(Urbinati),binclass,1920,384,480,30,2,0.9833333333333333,0.9833353605208134,0.9834538375973303,0.9974624582869854,0.05362360192431707,5.535844326019287,0.8880462646484375,ok,,1920,1536,0,480,0.12910908460617065,12,1e-05,True,5.465959787368774,full_train_epoch_chunks,full train set chunked per epoch | validation=dataset_val_split,30,1,epoch_chunk,accuracy,0.9635416666666666,0.9661458333333334,0.9635416666666666,0.9661458333333334,4,True,False,,ln_head_embedding,"col,row,icl",573578,0.020817821900477266,,tabiclv2
Contaminant-detection-in-packaged-cocoa-hazelnut-spread-jars-using-Microwaves-Sensing-and-Machine-Learning-11.0GHz(Urbinati),/home/crc00006699/zh/tabiclv2/data184/Contaminant-detection-in-packaged-cocoa-hazelnut-spread-jars-using-Microwaves-Sensing-and-Machine-Learning-11.0GHz(Urbinati),binclass,1920,384,480,30,2,0.9625,0.9625097671511172,0.9631535038932146,0.9923873748609566,0.10971898676079954,3.7523818016052246,0.9506537914276123,ok,,1920,1536,0,480,0.096864964812994,8,1e-05,True,3.68338942527771,full_train_epoch_chunks,full train set chunked per epoch | validation=dataset_val_split,30,1,epoch_chunk,accuracy,0.96875,0.96875,0.96875,0.96875,0,True,False,,ln_head_embedding,"col,row,icl",573578,0.020817821900477266,,tabiclv2
Contaminant-detection-in-packaged-cocoa-hazelnut-spread-jars-using-Microwaves-Sensing-and-Machine-Learning-9.0GHz(Urbinati),/home/crc00006699/zh/tabiclv2/data184/Contaminant-detection-in-packaged-cocoa-hazelnut-spread-jars-using-Microwaves-Sensing-and-Machine-Learning-9.0GHz(Urbinati),binclass,1920,384,480,30,2,0.9708333333333333,0.9708409321175279,0.9712180200222469,0.9954115684093436,0.08694123222190231,4.558195114135742,0.8861713409423828,ok,,1920,1536,0,480,0.13345524668693542,10,1e-05,True,4.488519191741943,full_train_epoch_chunks,full train set chunked per epoch | validation=dataset_val_split,30,1,epoch_chunk,accuracy,0.9609375,0.9635416666666666,0.9609375,0.9635416666666666,2,True,False,,ln_head_embedding,"col,row,icl",573578,0.020817821900477266,,tabiclv2
Contaminant-detection-in-packaged-cocoa-hazelnut-spread-jars-using-Microwaves-Sensing-and-Machine-Learning-9.5GHz(Urbinati),/home/crc00006699/zh/tabiclv2/data184/Contaminant-detection-in-packaged-cocoa-hazelnut-spread-jars-using-Microwaves-Sensing-and-Machine-Learning-9.5GHz(Urbinati),binclass,1920,384,480,30,2,0.9666666666666667,0.9666753509914604,0.9670467185761957,0.9932390155728588,0.10032924017729868,6.602659463882446,0.9005684852600098,ok,,1920,1536,0,480,0.12694565206766129,15,1e-05,True,6.5352232456207275,full_train_epoch_chunks,full train set chunked per epoch | validation=dataset_val_split,30,1,epoch_chunk,accuracy,0.953125,0.9557291666666666,0.953125,0.9557291666666666,7,True,False,,ln_head_embedding,"col,row,icl",573578,0.020817821900477266,,tabiclv2
Credit_c,/home/crc00006699/zh/tabiclv2/data184/Credit_c,multiclass,80000,16000,20000,22,3,0.82085,0.820830023368299,0.830858082353669,0.9319188320808776,0.4203103866098304,311.37049889564514,117.2822380065918,ok,,80000,64000,0,20000,0.7113671600818634,182,1e-05,True,309.8365340232849,full_train_epoch_chunks,full train set chunked per epoch | validation=dataset_val_split,30,7,epoch_chunk,accuracy,0.812875,0.817375,0.812875,0.817375,18,True,False,,ln_head_embedding,"col,row,icl",573578,0.020817821900477266,,tabiclv2
Customer_Personality_Analysis,/home/crc00006699/zh/tabiclv2/data184/Customer_Personality_Analysis,binclass,1792,359,448,24,2,0.890625,0.8819285508425728,0.7204332667371802,0.9132487170446978,0.24365334366666874,3.6985716819763184,0.7566747665405273,ok,,1792,1433,0,448,0.28261490166187286,8,1e-05,True,3.635586738586426,full_train_epoch_chunks,full train set chunked per epoch | validation=dataset_val_split,30,1,epoch_chunk,accuracy,0.8913649025069638,0.8913649025069638,0.8913649025069638,0.8913649025069638,0,True,False,,ln_head_embedding,"col,row,icl",573578,0.020817821900477266,,tabiclv2
Diabetic_Retinopathy_Debrecen,/home/crc00006699/zh/tabiclv2/data184/Diabetic_Retinopathy_Debrecen,binclass,920,184,231,19,2,0.7402597402597403,0.739887282528792,0.7380307136404698,0.838452273411623,0.48828654893543694,2.712765693664551,0.8871521949768066,ok,,920,736,0,231,0.4281512647867203,8,1e-05,True,2.672292709350586,full_train_epoch_chunks,full train set chunked per epoch | validation=dataset_val_split,30,1,epoch_chunk,accuracy,0.7445652173913043,0.7445652173913043,0.7445652173913043,0.7445652173913043,0,True,False,,ln_head_embedding,"col,row,icl",573578,0.020817821900477266,,tabiclv2
E-CommereShippingData,/home/crc00006699/zh/tabiclv2/data184/E-CommereShippingData,binclass,8799,1760,2200,10,2,0.6763636363636364,0.6643989307797264,0.7263047265614603,0.7300028936203827,0.5037283852257943,8.792979001998901,3.076875686645508,ok,,8799,7039,0,2200,0.4985136389732361,10,1e-05,True,8.704821348190308,full_train_epoch_chunks,full train set chunked per epoch | validation=dataset_val_split,30,1,epoch_chunk,accuracy,0.6823863636363636,0.6829545454545455,0.6823863636363636,0.6829545454545455,2,True,False,,ln_head_embedding,"col,row,icl",573578,0.020817821900477266,,tabiclv2
Employee,/home/crc00006699/zh/tabiclv2/data184/Employee,binclass,3722,745,931,8,2,0.8592910848549946,0.8525054685391413,0.810195887888707,0.8778078968903437,0.3554862357260402,5.628837823867798,1.0615787506103516,ok,,3722,2977,0,931,0.3870662897825241,14,1e-05,True,5.583388328552246,full_train_epoch_chunks,full train set chunked per epoch | validation=dataset_val_split,30,1,epoch_chunk,accuracy,0.8523489932885906,0.8550335570469799,0.8523489932885906,0.8550335570469799,6,True,False,,ln_head_embedding,"col,row,icl",573578,0.020817821900477266,,tabiclv2
FICO-HELOC-cleaned,/home/crc00006699/zh/tabiclv2/data184/FICO-HELOC-cleaned,binclass,7896,1580,1975,23,2,0.7544303797468355,0.7541545270475859,0.7532469933724767,0.8263356739899499,0.5124602387620092,16.19093608856201,3.467470169067383,ok,,7896,6316,0,1975,0.5263676941394806,15,1e-05,True,16.02583956718445,full_train_epoch_chunks,full train set chunked per epoch | validation=dataset_val_split,30,1,epoch_chunk,accuracy,0.7487341772151899,0.7512658227848101,0.7487341772151899,0.7512658227848101,7,True,False,,ln_head_embedding,"col,row,icl",573578,0.020817821900477266,,tabiclv2
FOREX_audcad-day-High,/home/crc00006699/zh/tabiclv2/data184/FOREX_audcad-day-High,binclass,1467,294,367,10,2,0.7465940054495913,0.7464998647714711,0.7463613140854275,0.8316402304996138,0.5063799018731765,3.204880475997925,0.5004689693450928,ok,,1467,1173,0,367,0.5399859845638275,11,1e-05,True,3.1755926609039307,full_train_epoch_chunks,full train set chunked per epoch | validation=dataset_val_split,30,1,epoch_chunk,accuracy,0.7108843537414966,0.7210884353741497,0.7108843537414966,0.7210884353741497,3,True,False,,ln_head_embedding,"col,row,icl",573578,0.020817821900477266,,tabiclv2
FOREX_audcad-hour-High,/home/crc00006699/zh/tabiclv2/data184/FOREX_audcad-hour-High,binclass,35060,7012,8765,10,2,0.7168282943525385,0.7166500788976798,0.7161627686050199,0.7895567560548071,0.5529570687674815,34.906107664108276,24.468320608139038,ok,,35060,28048,0,8765,0.5484904646873474,30,1e-05,True,34.60953903198242,full_train_epoch_chunks,full train set chunked per epoch | validation=dataset_val_split,30,3,epoch_chunk,accuracy,0.7154877353108956,0.7173416999429549,0.7154877353108956,0.7173416999429549,2,True,False,,ln_head_embedding,"col,row,icl",573578,0.020817821900477266,,tabiclv2
FOREX_audchf-day-High,/home/crc00006699/zh/tabiclv2/data184/FOREX_audchf-day-High,binclass,1466,294,367,10,2,0.7493188010899182,0.749274129655601,0.7495692984019486,0.8396304877324304,0.4965184895440437,4.064382553100586,0.4977996349334717,ok,,1466,1172,0,367,0.5335311889648438,14,1e-05,True,4.03197717666626,full_train_epoch_chunks,full train set chunked per epoch | validation=dataset_val_split,30,1,epoch_chunk,accuracy,0.7108843537414966,0.7210884353741497,0.7108843537414966,0.7210884353741497,6,True,False,,ln_head_embedding,"col,row,icl",573578,0.020817821900477266,,tabiclv2
FOREX_audjpy-day-High,/home/crc00006699/zh/tabiclv2/data184/FOREX_audjpy-day-High,binclass,1465,293,367,10,2,0.782016348773842,0.7815679029797274,0.7808394269068426,0.8556714820759763,0.4746578772230997,3.4001400470733643,0.5084128379821777,ok,,1465,1172,0,367,0.5736989378929138,12,1e-05,True,3.3725619316101074,full_train_epoch_chunks,full train set chunked per epoch | validation=dataset_val_split,30,1,epoch_chunk,accuracy,0.7508532423208191,0.757679180887372,0.7508532423208191,0.757679180887372,4,True,False,,ln_head_embedding,"col,row,icl",573578,0.020817821900477266,,tabiclv2
FOREX_audjpy-hour-High,/home/crc00006699/zh/tabiclv2/data184/FOREX_audjpy-hour-High,binclass,35060,7012,8765,10,2,0.7207073588134626,0.7207129694684378,0.7204762318689225,0.8005024906438654,0.540611073522808,64.5132086277008,24.602672815322876,ok,,35060,28048,0,8765,0.5772263705730438,57,1e-05,True,64.24574112892151,full_train_epoch_chunks,full train set chunked per epoch | validation=dataset_val_split,30,3,epoch_chunk,accuracy,0.7183399885909869,0.7197661152310325,0.7183399885909869,0.7197661152310325,11,True,False,,ln_head_embedding,"col,row,icl",573578,0.020817821900477266,,tabiclv2
FOREX_audsgd-hour-High,/home/crc00006699/zh/tabiclv2/data184/FOREX_audsgd-hour-High,binclass,35060,7012,8765,10,2,0.7110096976611523,0.711026863696687,0.7108212517488698,0.7867031803166058,0.5545875239680316,39.91842269897461,24.58890438079834,ok,,35060,28048,0,8765,0.5818564593791962,33,1e-05,True,39.58479905128479,full_train_epoch_chunks,full train set chunked per epoch | validation=dataset_val_split,30,3,epoch_chunk,accuracy,0.7007986309184255,0.71406160867085,0.7007986309184255,0.71406160867085,3,True,False,,ln_head_embedding,"col,row,icl",573578,0.020817821900477266,,tabiclv2
FOREX_audusd-hour-High,/home/crc00006699/zh/tabiclv2/data184/FOREX_audusd-hour-High,binclass,35060,7012,8765,10,2,0.7070165430690245,0.7070125551699793,0.7059721251398847,0.7858340152754335,0.5549286913186079,29.248368740081787,24.604437112808228,ok,,35060,28048,0,8765,0.5685342252254486,24,1e-05,True,28.92342448234558,full_train_epoch_chunks,full train set chunked per epoch | validation=dataset_val_split,30,3,epoch_chunk,accuracy,0.7102110667427267,0.7102110667427267,0.7102110667427267,0.7102110667427267,0,True,False,,ln_head_embedding,"col,row,icl",573578,0.020817821900477266,,tabiclv2
FOREX_cadjpy-day-High,/home/crc00006699/zh/tabiclv2/data184/FOREX_cadjpy-day-High,binclass,1467,294,367,10,2,0.7275204359673024,0.7272531562094675,0.727607507721549,0.793196127346163,0.5531182957288643,3.0899384021759033,0.5103580951690674,ok,,1467,1173,0,367,0.6051702797412872,10,1e-05,True,3.0613765716552734,full_train_epoch_chunks,full train set chunked per epoch | validation=dataset_val_split,30,1,epoch_chunk,accuracy,0.7006802721088435,0.7040816326530612,0.7006802721088435,0.7040816326530612,2,True,False,,ln_head_embedding,"col,row,icl",573578,0.020817821900477266,,tabiclv2
FOREX_cadjpy-hour-High,/home/crc00006699/zh/tabiclv2/data184/FOREX_cadjpy-hour-High,binclass,35060,7012,8765,10,2,0.7159155733029093,0.7158882806377188,0.7154630943663618,0.7900355774485146,0.5537973846450552,28.35549306869507,24.652512311935425,ok,,35060,28048,0,8765,0.5652521550655365,24,1e-05,True,28.073463439941406,full_train_epoch_chunks,full train set chunked per epoch | validation=dataset_val_split,30,3,epoch_chunk,accuracy,0.7139189960068454,0.7139189960068454,0.7139189960068454,0.7139189960068454,0,True,False,,ln_head_embedding,"col,row,icl",573578,0.020817821900477266,,tabiclv2
Firm-Teacher_Clave-Direction_Classification,/home/crc00006699/zh/tabiclv2/data184/Firm-Teacher_Clave-Direction_Classification,multiclass,8640,1728,2160,16,4,0.8791666666666667,0.8773704055474667,0.7965378040041882,0.9704543789116463,0.3156933918031613,8.981593370437622,3.4484269618988037,ok,,8640,6912,0,2160,0.32656604051589966,8,1e-05,True,8.82337212562561,full_train_epoch_chunks,full train set chunked per epoch | validation=dataset_val_split,30,1,epoch_chunk,accuracy,0.8674768518518519,0.8674768518518519,0.8674768518518519,0.8674768518518519,0,True,False,,ln_head_embedding,"col,row,icl",573578,0.020817821900477266,,tabiclv2
Fitness_Club_c,/home/crc00006699/zh/tabiclv2/data184/Fitness_Club_c,binclass,1200,240,300,6,2,0.8033333333333333,0.7961465279630122,0.7378673957621326,0.8231505336768494,0.4538117058789082,2.3703866004943848,0.29262781143188477,ok,,1200,960,0,300,0.4412402808666229,8,1e-05,True,2.3451602458953857,full_train_epoch_chunks,full train set chunked per epoch | validation=dataset_val_split,30,1,epoch_chunk,accuracy,0.7666666666666667,0.7666666666666667,0.7666666666666667,0.7666666666666667,0,True,False,,ln_head_embedding,"col,row,icl",573578,0.020817821900477266,,tabiclv2
GAMETES_Epistasis_2-Way_20atts_0.1H_EDM-1_1,/home/crc00006699/zh/tabiclv2/data184/GAMETES_Epistasis_2-Way_20atts_0.1H_EDM-1_1,binclass,1280,256,320,20,2,0.678125,0.6727529066015349,0.6781250000000001,0.728984375,0.6022763108880843,5.263715982437134,0.5112977027893066,ok,,1280,1024,0,320,0.6655226945877075,15,1e-05,True,5.20641016960144,full_train_epoch_chunks,full train set chunked per epoch | validation=dataset_val_split,30,1,epoch_chunk,accuracy,0.65234375,0.65625,0.65234375,0.65625,7,True,False,,ln_head_embedding,"col,row,icl",573578,0.020817821900477266,,tabiclv2
GAMETES_Heterogeneity_20atts_1600_Het_0.4_0.2_50_EDM-2_001,/home/crc00006699/zh/tabiclv2/data184/GAMETES_Heterogeneity_20atts_1600_Het_0.4_0.2_50_EDM-2_001,binclass,1280,256,320,20,2,0.684375,0.6842238962003302,0.684375,0.7597265625,0.5670224624765797,3.0352652072906494,0.5146255493164062,ok,,1280,1024,0,320,0.5019325613975525,8,1e-05,True,2.979618787765503,full_train_epoch_chunks,full train set chunked per epoch | validation=dataset_val_split,30,1,epoch_chunk,accuracy,0.671875,0.671875,0.671875,0.671875,0,True,False,,ln_head_embedding,"col,row,icl",573578,0.020817821900477266,,tabiclv2
Gender_Gap_in_Spanish_WP,/home/crc00006699/zh/tabiclv2/data184/Gender_Gap_in_Spanish_WP,multiclass,3796,760,950,13,3,0.6147368421052631,0.5695262646275574,0.4311806850344764,0.7084044059764215,0.7903143501520962,3.807431936264038,1.2430622577667236,ok,,3796,3036,0,950,0.824505627155304,8,1e-05,True,3.758294105529785,full_train_epoch_chunks,full train set chunked per epoch | validation=dataset_val_split,30,1,epoch_chunk,accuracy,0.6092105263157894,0.6092105263157894,0.6092105263157894,0.6092105263157894,0,True,False,,ln_head_embedding,"col,row,icl",573578,0.020817821900477266,,tabiclv2
GesturePhaseSegmentationProcessed,/home/crc00006699/zh/tabiclv2/data184/GesturePhaseSegmentationProcessed,multiclass,7898,1580,1975,32,5,0.8273417721518987,0.8260853739124627,0.802370869395916,0.9674377739901914,0.4795279464544412,10.297095775604248,3.993936777114868,ok,,7898,6318,0,1975,0.6678471267223358,8,1e-05,True,10.083483219146729,full_train_epoch_chunks,full train set chunked per epoch | validation=dataset_val_split,30,1,epoch_chunk,accuracy,0.7879746835443038,0.7879746835443038,0.7879746835443038,0.7879746835443038,0,True,False,,ln_head_embedding,"col,row,icl",573578,0.020817821900477266,,tabiclv2
HR_Analytics_Job_Change_of_Data_Scientists,/home/crc00006699/zh/tabiclv2/data184/HR_Analytics_Job_Change_of_Data_Scientists,binclass,15326,3066,3832,13,2,0.800365344467641,0.8031215694177479,0.7481278673429091,0.8107219744243476,0.42974197653507934,20.051584482192993,6.962967872619629,ok,,15326,12260,0,3832,0.4435184746980667,24,1e-05,True,19.839894771575928,full_train_epoch_chunks,full train set chunked per epoch | validation=dataset_val_split,30,2,epoch_chunk,accuracy,0.8036529680365296,0.8049575994781474,0.8036529680365296,0.8049575994781474,4,True,False,,ln_head_embedding,"col,row,icl",573578,0.020817821900477266,,tabiclv2
Heart-Disease-Dataset-(Comprehensive),/home/crc00006699/zh/tabiclv2/data184/Heart-Disease-Dataset-(Comprehensive),binclass,952,191,238,11,2,0.9537815126050421,0.9536614172576187,0.9511664407505172,0.9830919597631447,0.1517899535606789,2.409296989440918,0.7453043460845947,ok,,952,761,0,238,0.2644689679145813,8,1e-05,True,2.3817381858825684,full_train_epoch_chunks,full train set chunked per epoch | validation=dataset_val_split,30,1,epoch_chunk,accuracy,0.9109947643979057,0.9109947643979057,0.9109947643979057,0.9109947643979057,0,True,False,,ln_head_embedding,"col,row,icl",573578,0.020817821900477266,,tabiclv2
INNHotelsGroup,/home/crc00006699/zh/tabiclv2/data184/INNHotelsGroup,binclass,29020,5804,7255,17,2,0.9044796691936595,0.9038057978420256,0.8849647425796934,0.9630149393626878,0.2224646849778987,52.52332663536072,19.448200464248657,ok,,29020,23216,0,7255,0.32201650738716125,48,1e-05,True,52.08109521865845,full_train_epoch_chunks,full train set chunked per epoch | validation=dataset_val_split,30,3,epoch_chunk,accuracy,0.9016195727084769,0.903342522398346,0.9016195727084769,0.903342522398346,8,True,False,,ln_head_embedding,"col,row,icl",573578,0.020817821900477266,,tabiclv2
Insurance,/home/crc00006699/zh/tabiclv2/data184/Insurance,binclass,18838,3768,4710,10,2,0.7575371549893843,0.6530303380048618,0.5,0.5050075392867521,0.5557533628160399,14.998518705368042,9.01633620262146,ok,,18838,15070,0,4710,0.5388211309909821,16,1e-05,True,14.802091598510742,full_train_epoch_chunks,full train set chunked per epoch | validation=dataset_val_split,30,2,epoch_chunk,accuracy,0.7579617834394905,0.7579617834394905,0.7579617834394905,0.7579617834394905,0,True,False,,ln_head_embedding,"col,row,icl",573578,0.020817821900477266,,tabiclv2
Intersectional-Bias-Assessment,/home/crc00006699/zh/tabiclv2/data184/Intersectional-Bias-Assessment,binclass,8800,1760,2200,19,2,0.9440909090909091,0.9440914289155365,0.9441031083076918,0.9900876151182982,0.1315291099809698,15.348170757293701,3.6752021312713623,ok,,8800,7040,0,2200,0.10584410652518272,14,1e-05,True,15.198391675949097,full_train_epoch_chunks,full train set chunked per epoch | validation=dataset_val_split,30,1,epoch_chunk,accuracy,0.9517045454545454,0.9522727272727273,0.9517045454545454,0.9522727272727273,6,True,False,,ln_head_embedding,"col,row,icl",573578,0.020817821900477266,,tabiclv2
Is-this-a-good-customer,/home/crc00006699/zh/tabiclv2/data184/Is-this-a-good-customer,binclass,1378,276,345,13,2,0.881159420289855,0.8282083919519438,0.49836065573770494,0.7392622950819672,0.32511107072890744,2.7108960151672363,0.5284838676452637,ok,,1378,1102,0,345,0.31372150778770447,8,1e-05,True,2.6715526580810547,full_train_epoch_chunks,full train set chunked per epoch | validation=dataset_val_split,30,1,epoch_chunk,accuracy,0.9130434782608695,0.9130434782608695,0.9130434782608695,0.9130434782608695,0,True,False,,ln_head_embedding,"col,row,icl",573578,0.020817821900477266,,tabiclv2
JapaneseVowels,/home/crc00006699/zh/tabiclv2/data184/JapaneseVowels,multiclass,7968,1594,1993,14,9,0.9994982438534872,0.999498083906782,0.9993540051679586,1.0,0.0009732406068493767,7.161312103271484,2.966900110244751,ok,,7968,6374,0,1993,0.014703705441206694,8,1e-05,True,7.062840223312378,full_train_epoch_chunks,full train set chunked per epoch | validation=dataset_val_split,30,1,epoch_chunk,accuracy,0.9968632371392723,0.9968632371392723,0.9968632371392723,0.9968632371392723,0,True,False,,ln_head_embedding,"col,row,icl",573578,0.020817821900477266,,tabiclv2
KDD,/home/crc00006699/zh/tabiclv2/data184/KDD,binclass,4025,805,1007,45,2,0.8063555114200596,0.8057524955117578,0.8071310214226536,0.9064346865506766,0.36753043315227696,11.14048433303833,2.3205013275146484,ok,,4025,3220,0,1007,0.34241653978824615,12,1e-05,True,10.953985691070557,full_train_epoch_chunks,full train set chunked per epoch | validation=dataset_val_split,30,1,epoch_chunk,accuracy,0.7987577639751553,0.808695652173913,0.7987577639751553,0.808695652173913,4,True,False,,ln_head_embedding,"col,row,icl",573578,0.020817821900477266,,tabiclv2
KDDCup09_upselling,/home/crc00006699/zh/tabiclv2/data184/KDDCup09_upselling,binclass,4102,821,1026,49,2,0.8118908382066277,0.8100501211060217,0.8118908382066277,0.9113003431255201,0.35707946548129393,12.589311122894287,2.486603260040283,ok,,4102,3281,0,1026,0.35476790368556976,13,1e-05,True,12.381993770599365,full_train_epoch_chunks,full train set chunked per epoch | validation=dataset_val_split,30,1,epoch_chunk,accuracy,0.8148599269183922,0.8160779537149817,0.8148599269183922,0.8160779537149817,5,True,False,,ln_head_embedding,"col,row,icl",573578,0.020817821900477266,,tabiclv2
Long,/home/crc00006699/zh/tabiclv2/data184/Long,binclass,3581,717,896,19,2,0.9955357142857143,0.9955409855049664,0.9956950474648614,0.9999141462457379,0.0111936189201758,4.986016750335693,1.399040699005127,ok,,3581,2864,0,896,0.014544311910867691,8,1e-05,True,4.879728078842163,full_train_epoch_chunks,full train set chunked per epoch | validation=dataset_val_split,30,1,epoch_chunk,accuracy,0.99581589958159,0.99581589958159,0.99581589958159,0.99581589958159,0,True,False,,ln_head_embedding,"col,row,icl",573578,0.020817821900477266,,tabiclv2
MIC,/home/crc00006699/zh/tabiclv2/data184/MIC,binclass,1319,264,330,104,2,0.9090909090909091,0.8995772562318263,0.7459413873076113,0.8841801953756413,0.26424995605586893,11.645923137664795,1.46555757522583,ok,,1319,1055,0,330,0.34038741886615753,13,1e-05,True,11.392085075378418,full_train_epoch_chunks,full train set chunked per epoch | validation=dataset_val_split,30,1,epoch_chunk,accuracy,0.8674242424242424,0.875,0.8674242424242424,0.875,5,True,False,,ln_head_embedding,"col,row,icl",573578,0.020817821900477266,,tabiclv2
MagicTelescope,/home/crc00006699/zh/tabiclv2/data184/MagicTelescope,binclass,15216,3044,3804,9,2,0.8943217665615142,0.8928632735921345,0.8721682141701126,0.9473172970030683,0.2626904524107083,37.0389769077301,6.467200040817261,ok,,15216,12172,0,3804,0.297906756401062,52,1e-05,True,36.91654872894287,full_train_epoch_chunks,full train set chunked per epoch | validation=dataset_val_split,30,2,epoch_chunk,accuracy,0.8814060446780552,0.8846911957950065,0.8814060446780552,0.8846911957950065,18,True,False,,ln_head_embedding,"col,row,icl",573578,0.020817821900477266,,tabiclv2
Marketing_Campaign,/home/crc00006699/zh/tabiclv2/data184/Marketing_Campaign,binclass,1792,359,448,27,2,0.8839285714285714,0.8741572521865889,0.7041955576448466,0.9261370313785403,0.2390741623888206,3.5152251720428467,0.7660977840423584,ok,,1792,1433,0,448,0.22129495441913605,8,1e-05,True,3.446301221847534,full_train_epoch_chunks,full train set chunked per epoch | validation=dataset_val_split,30,1,epoch_chunk,accuracy,0.9025069637883009,0.9025069637883009,0.9025069637883009,0.9025069637883009,0,True,False,,ln_head_embedding,"col,row,icl",573578,0.020817821900477266,,tabiclv2
Mobile_Price_Classification,/home/crc00006699/zh/tabiclv2/data184/Mobile_Price_Classification,multiclass,1600,320,400,20,4,0.965,0.965028546694125,0.9650000000000001,0.9990666666666667,0.06938978568117495,3.0124664306640625,0.6407270431518555,ok,,1600,1280,0,400,0.11103852465748787,8,1e-05,True,2.9605352878570557,full_train_epoch_chunks,full train set chunked per epoch | validation=dataset_val_split,30,1,epoch_chunk,accuracy,0.96875,0.96875,0.96875,0.96875,0,True,False,,ln_head_embedding,"col,row,icl",573578,0.020817821900477266,,tabiclv2
National_Health_and_Nutrition_Health_Survey,/home/crc00006699/zh/tabiclv2/data184/National_Health_and_Nutrition_Health_Survey,binclass,1822,365,456,7,2,0.8333333333333334,0.7812470672147456,0.5238027111127007,0.7766014521263279,0.3778954221888763,3.1732442378997803,0.49254536628723145,ok,,1822,1457,0,456,0.3722929507493973,11,1e-05,True,3.146209955215454,full_train_epoch_chunks,full train set chunked per epoch | validation=dataset_val_split,30,1,epoch_chunk,accuracy,0.852054794520548,0.8575342465753425,0.852054794520548,0.8575342465753425,3,True,False,,ln_head_embedding,"col,row,icl",573578,0.020817821900477266,,tabiclv2
Performance-Prediction,/home/crc00006699/zh/tabiclv2/data184/Performance-Prediction,binclass,1072,215,268,19,2,0.746268656716418,0.7391015545585111,0.7067718606180144,0.8073336919490766,0.5237281248945164,2.9499242305755615,0.46914243698120117,ok,,1072,857,0,268,0.6375670433044434,8,1e-05,True,2.9073774814605713,full_train_epoch_chunks,full train set chunked per epoch | validation=dataset_val_split,30,1,epoch_chunk,accuracy,0.6976744186046512,0.6976744186046512,0.6976744186046512,0.6976744186046512,0,True,False,,ln_head_embedding,"col,row,icl",573578,0.020817821900477266,,tabiclv2
PhishingWebsites,/home/crc00006699/zh/tabiclv2/data184/PhishingWebsites,binclass,8844,1769,2211,30,2,0.9796472184531886,0.9796303625877881,0.9786012699149522,0.9987358875312919,0.045375406260059876,21.43611788749695,4.399245977401733,ok,,8844,7075,0,2211,0.34490006417036057,16,1e-05,True,21.171867847442627,full_train_epoch_chunks,full train set chunked per epoch | validation=dataset_val_split,30,1,epoch_chunk,accuracy,0.9762577727529678,0.9785189372526851,0.9762577727529678,0.9785189372526851,8,True,False,,ln_head_embedding,"col,row,icl",573578,0.020817821900477266,,tabiclv2
PieChart3,/home/crc00006699/zh/tabiclv2/data184/PieChart3,binclass,861,173,216,37,2,0.8842592592592593,0.8504784688995214,0.5687830687830688,0.8745835782872821,0.26784830053264297,3.6768555641174316,1.1591014862060547,ok,,861,688,0,216,0.25944818556308746,8,1e-05,True,3.6129889488220215,full_train_epoch_chunks,full train set chunked per epoch | validation=dataset_val_split,30,1,epoch_chunk,accuracy,0.884393063583815,0.884393063583815,0.884393063583815,0.884393063583815,0,True,False,,ln_head_embedding,"col,row,icl",573578,0.020817821900477266,,tabiclv2
Pima_Indians_Diabetes_Database,/home/crc00006699/zh/tabiclv2/data184/Pima_Indians_Diabetes_Database,binclass,614,123,154,8,2,0.7272727272727273,0.7179459691252145,0.675,0.8609259259259259,0.4636700740948883,2.147580862045288,0.4522371292114258,ok,,614,491,0,154,0.5513287782669067,8,1e-05,True,2.1259713172912598,full_train_epoch_chunks,full train set chunked per epoch | validation=dataset_val_split,30,1,epoch_chunk,accuracy,0.7723577235772358,0.7723577235772358,0.7723577235772358,0.7723577235772358,0,True,False,,ln_head_embedding,"col,row,icl",573578,0.020817821900477266,,tabiclv2
PizzaCutter3,/home/crc00006699/zh/tabiclv2/data184/PizzaCutter3,binclass,834,167,209,37,2,0.8851674641148325,0.8432935485567066,0.5372826086956521,0.893695652173913,0.2497936363810419,3.4353365898132324,1.1339170932769775,ok,,834,667,0,209,0.23527949303388596,8,1e-05,True,3.3711867332458496,full_train_epoch_chunks,full train set chunked per epoch | validation=dataset_val_split,30,1,epoch_chunk,accuracy,0.8922155688622755,0.8922155688622755,0.8922155688622755,0.8922155688622755,0,True,False,,ln_head_embedding,"col,row,icl",573578,0.020817821900477266,,tabiclv2
Pumpkin_Seeds,/home/crc00006699/zh/tabiclv2/data184/Pumpkin_Seeds,binclass,2000,400,500,12,2,0.882,0.8818763921833047,0.8810897435897436,0.9480288461538462,0.292501298130593,2.7241170406341553,0.6211657524108887,ok,,2000,1600,0,500,0.2537617087364197,8,1e-05,True,2.688824415206909,full_train_epoch_chunks,full train set chunked per epoch | validation=dataset_val_split,30,1,epoch_chunk,accuracy,0.875,0.875,0.875,0.875,0,True,False,,ln_head_embedding,"col,row,icl",573578,0.020817821900477266,,tabiclv2
QSAR_biodegradation,/home/crc00006699/zh/tabiclv2/data184/QSAR_biodegradation,binclass,843,169,211,41,2,0.8909952606635071,0.8890044360150116,0.8623239436619718,0.9516096579476861,0.2711651314213292,4.315287113189697,1.1911816596984863,ok,,843,674,0,211,0.2902078479528427,8,1e-05,True,4.2049241065979,full_train_epoch_chunks,full train set chunked per epoch | validation=dataset_val_split,30,1,epoch_chunk,accuracy,0.863905325443787,0.863905325443787,0.863905325443787,0.863905325443787,0,True,False,,ln_head_embedding,"col,row,icl",573578,0.020817821900477266,,tabiclv2
Rain_in_Australia,/home/crc00006699/zh/tabiclv2/data184/Rain_in_Australia,multiclass,116368,23274,29092,18,3,0.8581740684724323,0.8501979326454266,0.6971268360624037,0.917247974694765,0.35107127699914314,354.8667964935303,263.1578919887543,ok,,116368,93094,0,29092,0.362576961517334,190,1e-05,True,353.17124223709106,full_train_epoch_chunks,full train set chunked per epoch | validation=dataset_val_split,30,10,epoch_chunk,accuracy,0.8526252470568015,0.8546446678697259,0.8526252470568015,0.8546446678697259,11,True,False,,ln_head_embedding,"col,row,icl",573578,0.020817821900477266,,tabiclv2
SDSS17,/home/crc00006699/zh/tabiclv2/data184/SDSS17,multiclass,80000,16000,20000,12,3,0.97775,0.977636959509241,0.9727684510813254,0.9970076850035862,0.06970397567431327,150.39828252792358,109.22460007667542,ok,,80000,64000,0,20000,0.11402840167284012,105,1e-05,True,149.61947584152222,full_train_epoch_chunks,full train set chunked per epoch | validation=dataset_val_split,30,7,epoch_chunk,accuracy,0.9756875,0.9759375,0.9756875,0.9759375,7,True,False,,ln_head_embedding,"col,row,icl",573578,0.020817821900477266,,tabiclv2
Shipping,/home/crc00006699/zh/tabiclv2/data184/Shipping,binclass,8799,1760,2200,9,2,0.69,0.6806534485986308,0.7316879626271892,0.73566330339811,0.4991204883253063,7.201075553894043,3.061781406402588,ok,,8799,7039,0,2200,0.5017877817153931,8,1e-05,True,7.116605281829834,full_train_epoch_chunks,full train set chunked per epoch | validation=dataset_val_split,30,1,epoch_chunk,accuracy,0.675,0.675,0.675,0.675,0,True,False,,ln_head_embedding,"col,row,icl",573578,0.020817821900477266,,tabiclv2
Telecom_Churn_Dataset,/home/crc00006699/zh/tabiclv2/data184/Telecom_Churn_Dataset,binclass,2666,534,667,17,2,0.9610194902548725,0.9601297177498206,0.9001989509857117,0.930285765961295,0.1283206103204664,7.304572582244873,0.9649534225463867,ok,,2666,2132,0,667,0.18179885298013687,18,1e-05,True,7.2462615966796875,full_train_epoch_chunks,full train set chunked per epoch | validation=dataset_val_split,30,1,epoch_chunk,accuracy,0.9550561797752809,0.9588014981273408,0.9550561797752809,0.9588014981273408,10,True,False,,ln_head_embedding,"col,row,icl",573578,0.020817821900477266,,tabiclv2
VulNoneVul,/home/crc00006699/zh/tabiclv2/data184/VulNoneVul,binclass,4553,911,1139,16,2,0.9894644424934153,0.9842245601854183,0.5,0.8333703046435965,0.050174594554350326,4.787799835205078,1.6206061840057373,ok,,4553,3642,0,1139,0.034788379445672035,8,1e-05,True,4.715219497680664,full_train_epoch_chunks,full train set chunked per epoch | validation=dataset_val_split,30,1,epoch_chunk,accuracy,0.9890230515916575,0.9890230515916575,0.9890230515916575,0.9890230515916575,0,True,False,,ln_head_embedding,"col,row,icl",573578,0.020817821900477266,,tabiclv2
Water_Quality_and_Potability,/home/crc00006699/zh/tabiclv2/data184/Water_Quality_and_Potability,binclass,2620,524,656,8,2,0.6539634146341463,0.5964307028676341,0.575625,0.667001953125,0.6236853734162461,6.714524030685425,0.7489964962005615,ok,,2620,2096,0,656,0.6387819945812225,21,1e-05,True,6.683424234390259,full_train_epoch_chunks,full train set chunked per epoch | validation=dataset_val_split,30,1,epoch_chunk,accuracy,0.6335877862595419,0.6469465648854962,0.6335877862595419,0.6469465648854962,13,True,False,,ln_head_embedding,"col,row,icl",573578,0.020817821900477266,,tabiclv2
Waterstress,/home/crc00006699/zh/tabiclv2/data184/Waterstress,binclass,950,190,238,22,2,0.8067226890756303,0.8066544414375919,0.8079179922234005,0.8907034287734181,0.41523117159380396,4.263850450515747,0.9517571926116943,ok,,950,760,0,238,0.4120139330625534,13,1e-05,True,4.222816467285156,full_train_epoch_chunks,full train set chunked per epoch | validation=dataset_val_split,30,1,epoch_chunk,accuracy,0.7947368421052632,0.8052631578947368,0.7947368421052632,0.8052631578947368,5,True,False,,ln_head_embedding,"col,row,icl",573578,0.020817821900477266,,tabiclv2
Wilt,/home/crc00006699/zh/tabiclv2/data184/Wilt,binclass,3856,772,965,5,2,0.9927461139896373,0.9926443320683425,0.9508277866711602,0.9919011711180385,0.030887524103051605,3.0503225326538086,0.689018964767456,ok,,3856,3084,0,965,0.0334988534450531,8,1e-05,True,3.0182535648345947,full_train_epoch_chunks,full train set chunked per epoch | validation=dataset_val_split,30,1,epoch_chunk,accuracy,0.9870466321243523,0.9870466321243523,0.9870466321243523,0.9870466321243523,0,True,False,,ln_head_embedding,"col,row,icl",573578,0.020817821900477266,,tabiclv2
abalone,/home/crc00006699/zh/tabiclv2/data184/abalone,multiclass,3341,669,836,8,3,0.6399521531100478,0.6434301523934186,0.6377321444696306,0.8330712467646487,0.7393225932188737,4.0177905559539795,0.965446949005127,ok,,3341,2672,0,836,0.659827321767807,10,1e-05,True,3.9767603874206543,full_train_epoch_chunks,full train set chunked per epoch | validation=dataset_val_split,30,1,epoch_chunk,accuracy,0.6890881913303438,0.6905829596412556,0.6890881913303438,0.6905829596412556,2,True,False,,ln_head_embedding,"col,row,icl",573578,0.020817821900477266,,tabiclv2
accelerometer,/home/crc00006699/zh/tabiclv2/data184/accelerometer,multiclass,122403,24481,30601,4,4,0.7424920754223718,0.740510265849925,0.8068627450980391,0.9295771413069909,0.5328262246309567,146.97735714912415,235.95581221580505,ok,,122403,97922,0,30601,0.5905678868293762,88,1e-05,True,146.53726363182068,full_train_epoch_chunks,full train set chunked per epoch | validation=dataset_val_split,30,10,epoch_chunk,accuracy,0.7431477472325477,0.7450267554429966,0.7431477472325477,0.7450267554429966,1,True,False,,ln_head_embedding,"col,row,icl",573578,0.020817821900477266,,tabiclv2
ada,/home/crc00006699/zh/tabiclv2/data184/ada,binclass,3317,664,830,48,2,0.8626506024096385,0.8577022271436191,0.7850852626338063,0.9187593353248692,0.30392434884743114,6.480919122695923,2.0491809844970703,ok,,3317,2653,0,830,0.2815207988023758,8,1e-05,True,6.347271203994751,full_train_epoch_chunks,full train set chunked per epoch | validation=dataset_val_split,30,1,epoch_chunk,accuracy,0.8704819277108434,0.8704819277108434,0.8704819277108434,0.8704819277108434,0,True,False,,ln_head_embedding,"col,row,icl",573578,0.020817821900477266,,tabiclv2
ada_agnostic,/home/crc00006699/zh/tabiclv2/data184/ada_agnostic,binclass,3649,730,913,48,2,0.8510405257393209,0.8476347386987129,0.7800246593288038,0.9069302988659278,0.3207324600881773,8.281301498413086,2.1588501930236816,ok,,3649,2919,0,913,0.33220022916793823,10,1e-05,True,8.138990640640259,full_train_epoch_chunks,full train set chunked per epoch | validation=dataset_val_split,30,1,epoch_chunk,accuracy,0.8095890410958904,0.8561643835616438,0.8095890410958904,0.8561643835616438,2,True,False,,ln_head_embedding,"col,row,icl",573578,0.020817821900477266,,tabiclv2
ada_prior,/home/crc00006699/zh/tabiclv2/data184/ada_prior,binclass,3649,730,913,14,2,0.8554216867469879,0.8467806516402012,0.7593596280551238,0.8980426657761909,0.3341814659724442,4.067081451416016,1.2214558124542236,ok,,3649,2919,0,913,0.3311866670846939,8,1e-05,True,4.001041889190674,full_train_epoch_chunks,full train set chunked per epoch | validation=dataset_val_split,30,1,epoch_chunk,accuracy,0.8397260273972603,0.8397260273972603,0.8397260273972603,0.8397260273972603,0,True,False,,ln_head_embedding,"col,row,icl",573578,0.020817821900477266,,tabiclv2
adult,/home/crc00006699/zh/tabiclv2/data184/adult,binclass,32561,6513,16281,14,2,0.8715680854984338,0.8672237002032378,0.7925429393532799,0.925892289410917,0.2801115848801879,43.49026703834534,26.900311708450317,ok,,32561,26048,0,16281,0.285791739821434,36,1e-05,True,42.67185688018799,full_train_epoch_chunks,full train set chunked per epoch | validation=dataset_val_split,30,3,epoch_chunk,accuracy,0.8661139259941655,0.8704130201136189,0.8661139259941655,0.8704130201136189,4,True,False,,ln_head_embedding,"col,row,icl",573578,0.020817821900477266,,tabiclv2
airlines_seed_0_nrows_2000_nclasses_10_ncols_100_stratify_True,/home/crc00006699/zh/tabiclv2/data184/airlines_seed_0_nrows_2000_nclasses_10_ncols_100_stratify_True,binclass,1600,320,400,7,2,0.595,0.5815916808149405,0.5755643283733172,0.6761817997773054,0.6314502810870525,6.225658893585205,0.4264543056488037,ok,,1600,1280,0,400,0.6535120010375977,23,1e-05,True,6.192830801010132,full_train_epoch_chunks,full train set chunked per epoch | validation=dataset_val_split,30,1,epoch_chunk,accuracy,0.65625,0.66875,0.65625,0.66875,15,True,False,,ln_head_embedding,"col,row,icl",573578,0.020817821900477266,,tabiclv2
allbp,/home/crc00006699/zh/tabiclv2/data184/allbp,multiclass,3017,604,755,29,3,0.9774834437086093,0.975153287094861,0.643059402893198,0.9900542673068916,0.060128511042717096,4.878612041473389,1.515254259109497,ok,,3017,2413,0,755,0.06529505923390388,8,1e-05,True,4.726585149765015,full_train_epoch_chunks,full train set chunked per epoch | validation=dataset_val_split,30,1,epoch_chunk,accuracy,0.9817880794701986,0.9817880794701986,0.9817880794701986,0.9817880794701986,0,True,False,,ln_head_embedding,"col,row,icl",573578,0.020817821900477266,,tabiclv2
allrep,/home/crc00006699/zh/tabiclv2/data184/allrep,multiclass,3017,604,755,29,4,0.9841059602649007,0.9836103393706578,0.7504158512720156,0.9964394192784365,0.0384511738645584,6.41925835609436,1.3256862163543701,ok,,3017,2413,0,755,0.047724537551403046,11,1e-05,True,6.316631317138672,full_train_epoch_chunks,full train set chunked per epoch | validation=dataset_val_split,30,1,epoch_chunk,accuracy,0.9900662251655629,0.9917218543046358,0.9900662251655629,0.9917218543046358,3,True,False,,ln_head_embedding,"col,row,icl",573578,0.020817821900477266,,tabiclv2
analcatdata_authorship,/home/crc00006699/zh/tabiclv2/data184/analcatdata_authorship,multiclass,672,135,169,69,4,0.9940828402366864,0.9940804879569156,0.9957627118644068,0.9999242768178149,0.010528673171386626,4.164538145065308,0.6408560276031494,ok,,672,537,0,169,0.0024518509162589908,8,1e-05,True,4.061661243438721,full_train_epoch_chunks,full train set chunked per epoch | validation=dataset_val_split,30,1,epoch_chunk,accuracy,1.0,1.0,1.0,1.0,0,True,False,,ln_head_embedding,"col,row,icl",573578,0.020817821900477266,,tabiclv2
artificial-characters,/home/crc00006699/zh/tabiclv2/data184/artificial-characters,multiclass,8174,1635,2044,7,10,0.9398238747553816,0.9399706846489528,0.9375514688703201,0.998782737844846,0.12776635029992178,9.207713842391968,2.639932870864868,ok,,8174,6539,0,2044,0.34309452772140503,12,1e-05,True,9.140496015548706,full_train_epoch_chunks,full train set chunked per epoch | validation=dataset_val_split,30,1,epoch_chunk,accuracy,0.8770642201834863,0.8813455657492355,0.8770642201834863,0.8813455657492355,4,True,False,,ln_head_embedding,"col,row,icl",573578,0.020817821900477266,,tabiclv2
autoUniv-au4-2500,/home/crc00006699/zh/tabiclv2/data184/autoUniv-au4-2500,multiclass,2000,400,500,100,3,0.722,0.6922768950879322,0.5225632335404505,0.7670129058457539,0.6671382474932377,13.150268316268921,2.065915107727051,ok,,2000,1600,0,500,0.7735365033149719,13,1e-05,True,12.820436477661133,full_train_epoch_chunks,full train set chunked per epoch | validation=dataset_val_split,30,1,epoch_chunk,accuracy,0.715,0.72,0.715,0.72,5,True,False,,ln_head_embedding,"col,row,icl",573578,0.020817821900477266,,tabiclv2
autoUniv-au7-1100,/home/crc00006699/zh/tabiclv2/data184/autoUniv-au7-1100,multiclass,880,176,220,12,5,0.4090909090909091,0.3888833305495294,0.39334366601575677,0.7425463614583043,1.3402016331494762,4.344520568847656,0.7134640216827393,ok,,880,704,0,220,1.2879298329353333,15,1e-05,True,4.311227798461914,full_train_epoch_chunks,full train set chunked per epoch | validation=dataset_val_split,30,1,epoch_chunk,accuracy,0.5227272727272727,0.5284090909090909,0.5227272727272727,0.5284090909090909,7,True,False,,ln_head_embedding,"col,row,icl",573578,0.020817821900477266,,tabiclv2
bank,/home/crc00006699/zh/tabiclv2/data184/bank,binclass,36168,7234,9043,16,2,0.908879796527701,0.9052431383235555,0.7434170638946134,0.9432292708563906,0.18502393825099633,98.5884337425232,27.52115774154663,ok,,36168,28934,0,9043,0.19309748709201813,72,1e-05,True,98.08390545845032,full_train_epoch_chunks,full train set chunked per epoch | validation=dataset_val_split,30,3,epoch_chunk,accuracy,0.9158142106718274,0.9184406967099806,0.9158142106718274,0.9184406967099806,16,True,False,,ln_head_embedding,"col,row,icl",573578,0.020817821900477266,,tabiclv2
banknote_authentication,/home/crc00006699/zh/tabiclv2/data184/banknote_authentication,binclass,1097,220,275,4,2,0.5381818181818182,0.44139184931811665,0.4919639987142398,0.526786670952534,0.6867512734265135,2.306619882583618,0.15178704261779785,ok,,1097,877,0,275,0.681614100933075,8,1e-05,True,2.2887697219848633,full_train_epoch_chunks,full train set chunked per epoch | validation=dataset_val_split,30,1,epoch_chunk,accuracy,0.5818181818181818,0.5818181818181818,0.5818181818181818,0.5818181818181818,0,True,False,,ln_head_embedding,"col,row,icl",573578,0.020817821900477266,,tabiclv2
baseball,/home/crc00006699/zh/tabiclv2/data184/baseball,multiclass,1072,215,268,16,3,0.9440298507462687,0.9342657264063037,0.6038961038961039,0.9758630294910114,0.13207613179464697,2.735090494155884,0.4512453079223633,ok,,1072,857,0,268,0.22172162681818008,8,1e-05,True,2.6945958137512207,full_train_epoch_chunks,full train set chunked per epoch | validation=dataset_val_split,30,1,epoch_chunk,accuracy,0.9488372093023256,0.9488372093023256,0.9488372093023256,0.9488372093023256,0,True,False,,ln_head_embedding,"col,row,icl",573578,0.020817821900477266,,tabiclv2
car-evaluation,/home/crc00006699/zh/tabiclv2/data184/car-evaluation,multiclass,1382,277,346,21,4,0.9855491329479769,0.985510846572902,0.9699959131777314,0.9997340029920716,0.02148757097103662,5.559402227401733,0.6287922859191895,ok,,1382,1105,0,346,0.01796920783817768,14,1e-05,True,5.500117301940918,full_train_epoch_chunks,full train set chunked per epoch | validation=dataset_val_split,30,1,epoch_chunk,accuracy,0.9855595667870036,0.9891696750902527,0.9855595667870036,0.9891696750902527,6,True,False,,ln_head_embedding,"col,row,icl",573578,0.020817821900477266,,tabiclv2
churn,/home/crc00006699/zh/tabiclv2/data184/churn,binclass,4000,800,1000,20,2,0.967,0.9656316025636733,0.8948348318595761,0.9321163483846466,0.12162386484759778,6.932729005813599,1.5517728328704834,ok,,4000,3200,0,1000,0.16663076728582382,12,1e-05,True,6.8454790115356445,full_train_epoch_chunks,full train set chunked per epoch | validation=dataset_val_split,30,1,epoch_chunk,accuracy,0.97125,0.9725,0.97125,0.9725,4,True,False,,ln_head_embedding,"col,row,icl",573578,0.020817821900477266,,tabiclv2
cmc,/home/crc00006699/zh/tabiclv2/data184/cmc,multiclass,1178,236,295,9,3,0.6033898305084746,0.603394360896538,0.5784569217405039,0.769222731769628,0.8665615793431031,2.490800619125366,0.4017627239227295,ok,,1178,942,0,295,0.8334182500839233,8,1e-05,True,2.4597201347351074,full_train_epoch_chunks,full train set chunked per epoch | validation=dataset_val_split,30,1,epoch_chunk,accuracy,0.5508474576271186,0.5508474576271186,0.5508474576271186,0.5508474576271186,0,True,False,,ln_head_embedding,"col,row,icl",573578,0.020817821900477266,,tabiclv2
company_bankruptcy_prediction,/home/crc00006699/zh/tabiclv2/data184/company_bankruptcy_prediction,binclass,5455,1091,1364,95,2,0.968475073313783,0.9642473162234833,0.6431818181818182,0.9650654269972452,0.07192441385681536,15.27977466583252,6.02432918548584,ok,,5455,4364,0,1364,0.07953891903162003,8,1e-05,True,14.850985527038574,full_train_epoch_chunks,full train set chunked per epoch | validation=dataset_val_split,30,1,epoch_chunk,accuracy,0.9670027497708524,0.9670027497708524,0.9670027497708524,0.9670027497708524,0,True,False,,ln_head_embedding,"col,row,icl",573578,0.020817821900477266,,tabiclv2
compass,/home/crc00006699/zh/tabiclv2/data184/compass,binclass,13315,2663,3329,17,2,0.8440973265244818,0.8440508042787244,0.844092169092169,0.9212007680757681,0.3505809499022683,37.42477607727051,6.019373655319214,ok,,13315,10652,0,3329,0.6010082364082336,46,1e-05,True,37.2152373790741,full_train_epoch_chunks,full train set chunked per epoch | validation=dataset_val_split,30,2,epoch_chunk,accuracy,0.8043559894855427,0.8096132181749907,0.8043559894855427,0.8096132181749907,15,True,False,,ln_head_embedding,"col,row,icl",573578,0.020817821900477266,,tabiclv2
connect-4,/home/crc00006699/zh/tabiclv2/data184/connect-4,multiclass,54045,10809,13512,42,3,0.8560538780343399,0.8411589632510553,0.6780063406012031,0.9427609901984676,0.3475320471642716,194.83934712409973,87.31740927696228,ok,,54045,43236,0,13512,0.5765562951564789,95,1e-05,True,192.75842332839966,full_train_epoch_chunks,full train set chunked per epoch | validation=dataset_val_split,30,5,epoch_chunk,accuracy,0.8538255157738921,0.8563234341752244,0.8538255157738921,0.8563234341752244,11,True,False,,ln_head_embedding,"col,row,icl",573578,0.020817821900477266,,tabiclv2
contraceptive_method_choice,/home/crc00006699/zh/tabiclv2/data184/contraceptive_method_choice,multiclass,1178,236,295,9,3,0.6338983050847458,0.631469371413319,0.6056807465938282,0.7949155991885842,0.8234694321071695,3.149702310562134,0.40155673027038574,ok,,1178,942,0,295,0.8765029013156891,10,1e-05,True,3.1196889877319336,full_train_epoch_chunks,full train set chunked per epoch | validation=dataset_val_split,30,1,epoch_chunk,accuracy,0.5423728813559322,0.5466101694915254,0.5423728813559322,0.5466101694915254,2,True,False,,ln_head_embedding,"col,row,icl",573578,0.020817821900477266,,tabiclv2
credit,/home/crc00006699/zh/tabiclv2/data184/credit,binclass,13371,2675,3343,10,2,0.7852228537241999,0.7852072472777378,0.785220329058324,0.8652126480719508,0.4615276736500156,25.721477031707764,5.456852912902832,ok,,13371,10696,0,3343,0.43010398745536804,36,1e-05,True,25.599745750427246,full_train_epoch_chunks,full train set chunked per epoch | validation=dataset_val_split,30,2,epoch_chunk,accuracy,0.7783177570093458,0.7801869158878505,0.7783177570093458,0.7801869158878505,10,True,False,,ln_head_embedding,"col,row,icl",573578,0.020817821900477266,,tabiclv2
credit-g,/home/crc00006699/zh/tabiclv2/data184/credit-g,binclass,800,160,200,20,2,0.795,0.7804087385482734,0.705952380952381,0.8434523809523808,0.4388164104444584,2.8450629711151123,0.8214936256408691,ok,,800,640,0,200,0.49928760528564453,8,1e-05,True,2.793205499649048,full_train_epoch_chunks,full train set chunked per epoch | validation=dataset_val_split,30,1,epoch_chunk,accuracy,0.75,0.75,0.75,0.75,0,True,False,,ln_head_embedding,"col,row,icl",573578,0.020817821900477266,,tabiclv2
customer_satisfaction_in_airline,/home/crc00006699/zh/tabiclv2/data184/customer_satisfaction_in_airline,binclass,103904,20781,25976,21,2,0.9649676624576532,0.9650118706975379,0.966172899265161,0.9959295080157907,0.07833054859827329,271.9323766231537,209.17287230491638,ok,,103904,83123,0,25976,0.11902521178126335,144,1e-05,True,269.9633753299713,full_train_epoch_chunks,full train set chunked per epoch | validation=dataset_val_split,30,9,epoch_chunk,accuracy,0.9622732303546508,0.962561955632549,0.9622732303546508,0.962561955632549,8,True,False,,ln_head_embedding,"col,row,icl",573578,0.020817821900477266,,tabiclv2
dabetes_130-us_hospitals,/home/crc00006699/zh/tabiclv2/data184/dabetes_130-us_hospitals,binclass,81412,16283,20354,20,2,0.6439029183452883,0.640431475107984,0.6365068262202406,0.7026214775142713,0.6197421762299752,160.53702092170715,119.02920913696289,ok,,81412,65129,0,20354,0.6221465170383453,91,1e-05,True,159.00307202339172,full_train_epoch_chunks,full train set chunked per epoch | validation=dataset_val_split,30,7,epoch_chunk,accuracy,0.6479764171221519,0.6509856905975557,0.6479764171221519,0.6509856905975557,5,True,False,,ln_head_embedding,"col,row,icl",573578,0.020817821900477266,,tabiclv2
default_of_credit_card_clients,/home/crc00006699/zh/tabiclv2/data184/default_of_credit_card_clients,binclass,24000,4800,6000,23,2,0.8271666666666667,0.8069975508115931,0.6678139147253757,0.8013387526122504,0.41352446187954245,26.164220809936523,15.638289451599121,ok,,24000,19200,0,6000,0.4338408559560776,16,1e-05,True,25.65042781829834,full_train_epoch_chunks,full train set chunked per epoch | validation=dataset_val_split,30,2,epoch_chunk,accuracy,0.82125,0.82125,0.82125,0.82125,0,True,False,,ln_head_embedding,"col,row,icl",573578,0.020817821900477266,,tabiclv2
delta_ailerons,/home/crc00006699/zh/tabiclv2/data184/delta_ailerons,binclass,5703,1141,1426,5,2,0.9530154277699859,0.9530285710209139,0.9531399020206028,0.9823727916624706,0.1584227277751464,6.535006761550903,1.0545334815979004,ok,,5703,4562,0,1426,0.14273743331432343,13,1e-05,True,6.498467683792114,full_train_epoch_chunks,full train set chunked per epoch | validation=dataset_val_split,30,1,epoch_chunk,accuracy,0.9430324276950044,0.9439088518843121,0.9430324276950044,0.9439088518843121,5,True,False,,ln_head_embedding,"col,row,icl",573578,0.020817821900477266,,tabiclv2
dis,/home/crc00006699/zh/tabiclv2/data184/dis,binclass,3017,604,755,29,2,0.990728476821192,0.989524085374335,0.7493270524899058,0.9862045760430687,0.03240919863993667,6.533691644668579,1.3000810146331787,ok,,3017,2413,0,755,0.03069725725799799,11,1e-05,True,6.426845550537109,full_train_epoch_chunks,full train set chunked per epoch | validation=dataset_val_split,30,1,epoch_chunk,accuracy,0.9884105960264901,0.9900662251655629,0.9884105960264901,0.9900662251655629,3,True,False,,ln_head_embedding,"col,row,icl",573578,0.020817821900477266,,tabiclv2
dna,/home/crc00006699/zh/tabiclv2/data184/dna,multiclass,2548,510,638,180,3,0.9717868338557993,0.9719225529564051,0.9714135951918074,0.9980281985032273,0.07857318181239416,34.328357458114624,5.329350471496582,ok,,2548,2038,0,638,0.14481989294290543,18,1e-05,True,33.71766495704651,full_train_epoch_chunks,full train set chunked per epoch | validation=dataset_val_split,30,1,epoch_chunk,accuracy,0.9705882352941176,0.9764705882352941,0.9705882352941176,0.9764705882352941,10,True,False,,ln_head_embedding,"col,row,icl",573578,0.020817821900477266,,tabiclv2
drug_consumption,/home/crc00006699/zh/tabiclv2/data184/drug_consumption,multiclass,1507,302,377,12,7,0.40318302387267907,0.23169686059980046,0.14285714285714285,0.5297343818540019,1.5125163592279736,2.565507173538208,0.5034418106079102,ok,,1507,1205,0,377,1.5025650262832642,8,1e-05,True,2.5323853492736816,full_train_epoch_chunks,full train set chunked per epoch | validation=dataset_val_split,30,1,epoch_chunk,accuracy,0.40397350993377484,0.40397350993377484,0.40397350993377484,0.40397350993377484,0,True,False,,ln_head_embedding,"col,row,icl",573578,0.020817821900477266,,tabiclv2
dry_bean_dataset,/home/crc00006699/zh/tabiclv2/data184/dry_bean_dataset,multiclass,10888,2178,2723,16,7,0.9287550495776716,0.928732548177597,0.9380410882603465,0.9960302019624665,0.18598702626120922,15.108393669128418,4.597062110900879,ok,,10888,8710,0,2723,0.18494848161935806,12,1e-05,True,14.945974349975586,full_train_epoch_chunks,full train set chunked per epoch | validation=dataset_val_split,30,1,epoch_chunk,accuracy,0.9297520661157025,0.9306703397612488,0.9297520661157025,0.9306703397612488,4,True,False,,ln_head_embedding,"col,row,icl",573578,0.020817821900477266,,tabiclv2
eeg-eye-state,/home/crc00006699/zh/tabiclv2/data184/eeg-eye-state,binclass,11984,2397,2996,14,2,0.9939919893190922,0.9939911503547095,0.9937908533523672,0.9999045300921601,0.0129394228025185,11.014249324798584,5.029660701751709,ok,,11984,9587,0,2996,0.032176366075873375,8,1e-05,True,10.86764907836914,full_train_epoch_chunks,full train set chunked per epoch | validation=dataset_val_split,30,1,epoch_chunk,accuracy,0.9933249895702962,0.9933249895702962,0.9933249895702962,0.9933249895702962,0,True,False,,ln_head_embedding,"col,row,icl",573578,0.020817821900477266,,tabiclv2
electricity,/home/crc00006699/zh/tabiclv2/data184/electricity,binclass,36249,7250,9063,8,2,0.9271764316451506,0.9271383698631999,0.9249701753896384,0.9815515225750124,0.17276702158860044,101.07604670524597,25.54670810699463,ok,,36249,28999,0,9063,0.3033195436000824,90,1e-05,True,100.78778672218323,full_train_epoch_chunks,full train set chunked per epoch | validation=dataset_val_split,30,3,epoch_chunk,accuracy,0.9142068965517242,0.9190344827586207,0.9142068965517242,0.9190344827586207,22,True,False,,ln_head_embedding,"col,row,icl",573578,0.020817821900477266,,tabiclv2
estimation_of_obesity_levels,/home/crc00006699/zh/tabiclv2/data184/estimation_of_obesity_levels,multiclass,1688,338,423,16,7,0.9905437352245863,0.9905622153790828,0.9902298850574712,0.9999460152506917,0.02510727289917497,5.463442802429199,0.6181433200836182,ok,,1688,1350,0,423,0.03366085886955261,16,1e-05,True,5.41563868522644,full_train_epoch_chunks,full train set chunked per epoch | validation=dataset_val_split,30,1,epoch_chunk,accuracy,0.9763313609467456,0.9792899408284024,0.9763313609467456,0.9792899408284024,8,True,False,,ln_head_embedding,"col,row,icl",573578,0.020817821900477266,,tabiclv2
eucalyptus,/home/crc00006699/zh/tabiclv2/data184/eucalyptus,multiclass,588,118,148,19,5,0.7364864864864865,0.7402095066246009,0.7268924873576037,0.9435029694274476,0.586919485503478,2.683595657348633,0.584967851638794,ok,,588,470,0,148,0.6279392242431641,8,1e-05,True,2.645000696182251,full_train_epoch_chunks,full train set chunked per epoch | validation=dataset_val_split,30,1,epoch_chunk,accuracy,0.7372881355932204,0.7372881355932204,0.7372881355932204,0.7372881355932204,0,True,False,,ln_head_embedding,"col,row,icl",573578,0.020817821900477266,,tabiclv2
eye_movements,/home/crc00006699/zh/tabiclv2/data184/eye_movements,multiclass,8748,1750,2188,27,3,0.843235831809872,0.842794332458978,0.8526049012327462,0.9571663973299241,0.37655445630765294,37.476418256759644,4.2182838916778564,ok,,8748,6998,0,2188,0.4904715269804001,30,1e-05,True,37.24420237541199,full_train_epoch_chunks,full train set chunked per epoch | validation=dataset_val_split,30,1,epoch_chunk,accuracy,0.8137142857142857,0.8377142857142857,0.8137142857142857,0.8377142857142857,24,False,False,,ln_head_embedding,"col,row,icl",573578,0.020817821900477266,,tabiclv2
eye_movements_bin,/home/crc00006699/zh/tabiclv2/data184/eye_movements_bin,binclass,6086,1218,1522,20,2,0.6865965834428384,0.6862974365622063,0.6865965834428385,0.7661507698736533,0.5605702397169443,21.976234436035156,2.4428932666778564,ok,,6086,4868,0,1522,0.6214072406291962,28,1e-05,True,21.850781440734863,full_train_epoch_chunks,full train set chunked per epoch | validation=dataset_val_split,30,1,epoch_chunk,accuracy,0.6305418719211823,0.6535303776683087,0.6305418719211823,0.6535303776683087,20,True,False,,ln_head_embedding,"col,row,icl",573578,0.020817821900477266,,tabiclv2
first-order-theorem-proving,/home/crc00006699/zh/tabiclv2/data184/first-order-theorem-proving,multiclass,4894,979,1224,51,6,0.6519607843137255,0.634924263057628,0.5272104905907401,0.8601660954368041,1.0151900891983328,13.37944746017456,3.0692176818847656,ok,,4894,3915,0,1224,1.1369091272354126,12,1e-05,True,13.156978368759155,full_train_epoch_chunks,full train set chunked per epoch | validation=dataset_val_split,30,1,epoch_chunk,accuracy,0.6312563840653729,0.6332992849846782,0.6312563840653729,0.6332992849846782,4,True,False,,ln_head_embedding,"col,row,icl",573578,0.020817821900477266,,tabiclv2
golf_play_dataset_extended,/home/crc00006699/zh/tabiclv2/data184/golf_play_dataset_extended,binclass,876,176,219,9,2,0.9452054794520548,0.9452054794520548,0.9174415682332244,0.9805227444081428,0.1500835663409379,2.371436595916748,0.6555850505828857,ok,,876,700,0,219,0.09832489490509033,8,1e-05,True,2.3428189754486084,full_train_epoch_chunks,full train set chunked per epoch | validation=dataset_val_split,30,1,epoch_chunk,accuracy,0.9147727272727273,0.9147727272727273,0.9147727272727273,0.9147727272727273,0,True,False,,ln_head_embedding,"col,row,icl",573578,0.020817821900477266,,tabiclv2
heloc,/home/crc00006699/zh/tabiclv2/data184/heloc,binclass,8000,1600,2000,22,2,0.7335,0.7331247066186826,0.7335,0.803427,0.5401400859373607,16.371200561523438,3.4758460521698,ok,,8000,6400,0,2000,0.5325841903686523,16,1e-05,True,16.221543073654175,full_train_epoch_chunks,full train set chunked per epoch | validation=dataset_val_split,30,1,epoch_chunk,accuracy,0.726875,0.729375,0.726875,0.729375,8,True,False,,ln_head_embedding,"col,row,icl",573578,0.020817821900477266,,tabiclv2
hill-valley,/home/crc00006699/zh/tabiclv2/data184/hill-valley,binclass,969,194,243,100,2,0.9794238683127572,0.9794134081776917,0.9793388429752066,0.9997290340062323,0.0871919353842941,14.995684146881104,1.0901005268096924,ok,,969,775,0,243,0.17737315595149994,23,1e-05,True,14.855821371078491,full_train_epoch_chunks,full train set chunked per epoch | validation=dataset_val_split,30,1,epoch_chunk,accuracy,0.9072164948453608,0.9484536082474226,0.9072164948453608,0.9484536082474226,15,True,False,,ln_head_embedding,"col,row,icl",573578,0.020817821900477266,,tabiclv2
house_16H,/home/crc00006699/zh/tabiclv2/data184/house_16H,binclass,10790,2158,2698,16,2,0.8917716827279466,0.8917695416715894,0.8917716827279467,0.9579489735416125,0.264692422547023,10.338613033294678,4.534930467605591,ok,,10790,8632,0,2698,0.2631186842918396,8,1e-05,True,10.180994033813477,full_train_epoch_chunks,full train set chunked per epoch | validation=dataset_val_split,30,1,epoch_chunk,accuracy,0.881371640407785,0.881371640407785,0.881371640407785,0.881371640407785,0,True,False,,ln_head_embedding,"col,row,icl",573578,0.020817821900477266,,tabiclv2
htru,/home/crc00006699/zh/tabiclv2/data184/htru,binclass,14318,2864,3580,8,2,0.9810055865921787,0.9808461102593907,0.9347193471934719,0.9872658101581016,0.06134042115680912,15.264742612838745,5.876404285430908,ok,,14318,11454,0,3580,0.0595364011824131,22,1e-05,True,15.165254592895508,full_train_epoch_chunks,full train set chunked per epoch | validation=dataset_val_split,30,2,epoch_chunk,accuracy,0.9783519553072626,0.9787011173184358,0.9783519553072626,0.9787011173184358,3,True,False,,ln_head_embedding,"col,row,icl",573578,0.020817821900477266,,tabiclv2
ibm-employee-performance,/home/crc00006699/zh/tabiclv2/data184/ibm-employee-performance,binclass,1176,236,294,30,2,1.0,1.0,1.0,1.0,2.3057364057800555e-06,3.6818621158599854,0.5858700275421143,ok,,1176,940,0,294,9.276765467802761e-06,8,1e-05,True,3.6128993034362793,full_train_epoch_chunks,full train set chunked per epoch | validation=dataset_val_split,30,1,epoch_chunk,accuracy,1.0,1.0,1.0,1.0,0,True,False,,ln_head_embedding,"col,row,icl",573578,0.020817821900477266,,tabiclv2
in_vehicle_coupon_recommendation,/home/crc00006699/zh/tabiclv2/data184/in_vehicle_coupon_recommendation,binclass,10147,2030,2537,21,2,0.7891210090658258,0.7878820022668119,0.7804308450338507,0.8623601162768605,0.45787952860225706,26.21986198425293,4.512157201766968,ok,,10147,8117,0,2537,0.4955833852291107,20,1e-05,True,25.97519016265869,full_train_epoch_chunks,full train set chunked per epoch | validation=dataset_val_split,30,1,epoch_chunk,accuracy,0.7630541871921183,0.765024630541872,0.7630541871921183,0.765024630541872,12,True,False,,ln_head_embedding,"col,row,icl",573578,0.020817821900477266,,tabiclv2
internet_firewall,/home/crc00006699/zh/tabiclv2/data184/internet_firewall,multiclass,52425,10485,13107,7,4,0.9251544975967041,0.9238050723969986,0.7824826995570873,0.9893238020010243,0.14334202287458808,52.30895805358887,48.71547245979309,ok,,52425,41940,0,13107,0.236883033066988,49,1e-05,True,52.06335258483887,full_train_epoch_chunks,full train set chunked per epoch | validation=dataset_val_split,30,5,epoch_chunk,accuracy,0.7921793037672866,0.9345731998092514,0.7921793037672866,0.9345731998092514,2,True,False,,ln_head_embedding,"col,row,icl",573578,0.020817821900477266,,tabiclv2
jasmine,/home/crc00006699/zh/tabiclv2/data184/jasmine,binclass,2387,478,597,144,2,0.8224455611390284,0.8208980443536286,0.8226021862584454,0.8860912212969407,0.380760223583266,13.617030143737793,4.117718696594238,ok,,2387,1909,0,597,0.35080569982528687,8,1e-05,True,13.137762784957886,full_train_epoch_chunks,full train set chunked per epoch | validation=dataset_val_split,30,1,epoch_chunk,accuracy,0.8514644351464435,0.8514644351464435,0.8514644351464435,0.8514644351464435,0,True,False,,ln_head_embedding,"col,row,icl",573578,0.020817821900477266,,tabiclv2
jm1,/home/crc00006699/zh/tabiclv2/data184/jm1,binclass,8708,1742,2177,21,2,0.821773082223243,0.786894258658675,0.5942699343682197,0.762826062255504,0.4218482750804865,15.374287605285645,3.760950803756714,ok,,8708,6966,0,2177,0.4150394797325134,14,1e-05,True,15.214453935623169,full_train_epoch_chunks,full train set chunked per epoch | validation=dataset_val_split,30,1,epoch_chunk,accuracy,0.8231917336394948,0.8266360505166476,0.8231917336394948,0.8266360505166476,6,True,False,,ln_head_embedding,"col,row,icl",573578,0.020817821900477266,,tabiclv2
jungle_chess_2pcs_raw_endgame_complete,/home/crc00006699/zh/tabiclv2/data184/jungle_chess_2pcs_raw_endgame_complete,multiclass,35855,7171,8964,6,3,0.9070727353859884,0.9068632886111793,0.8745171949631364,0.9889289874692667,0.16148515729938787,93.71792387962341,24.557440757751465,ok,,35855,28684,0,8964,0.2570030987262726,90,1e-05,True,93.53549766540527,full_train_epoch_chunks,full train set chunked per epoch | validation=dataset_val_split,30,3,epoch_chunk,accuracy,0.8931808673825129,0.9100543857202622,0.8931808673825129,0.9100543857202622,30,False,False,,ln_head_embedding,"col,row,icl",573578,0.020817821900477266,,tabiclv2
kc1,/home/crc00006699/zh/tabiclv2/data184/kc1,binclass,1687,338,422,21,2,0.8720379146919431,0.855423482647913,0.6601163542340013,0.8574876104287869,0.30235077124882054,3.1869428157806396,0.6768343448638916,ok,,1687,1349,0,422,0.3424755483865738,8,1e-05,True,3.134309768676758,full_train_epoch_chunks,full train set chunked per epoch | validation=dataset_val_split,30,1,epoch_chunk,accuracy,0.878698224852071,0.878698224852071,0.878698224852071,0.878698224852071,0,True,False,,ln_head_embedding,"col,row,icl",573578,0.020817821900477266,,tabiclv2
kdd_ipums_la_97-small,/home/crc00006699/zh/tabiclv2/data184/kdd_ipums_la_97-small,binclass,4150,830,1038,20,2,0.8863198458574181,0.885829868943532,0.8863198458574182,0.950274909879307,0.25745104921186596,5.968436002731323,1.7047326564788818,ok,,4150,3320,0,1038,0.2506764158606529,10,1e-05,True,5.887185096740723,full_train_epoch_chunks,full train set chunked per epoch | validation=dataset_val_split,30,1,epoch_chunk,accuracy,0.8819277108433735,0.8867469879518072,0.8819277108433735,0.8867469879518072,2,True,False,,ln_head_embedding,"col,row,icl",573578,0.020817821900477266,,tabiclv2
kr-vs-kp,/home/crc00006699/zh/tabiclv2/data184/kr-vs-kp,binclass,2556,512,640,36,2,0.9984375,0.9984376031804653,0.9985029940119761,0.9999706469414114,0.007173144477530311,5.233762741088867,1.3046481609344482,ok,,2556,2044,0,640,0.028451990336179733,8,1e-05,True,5.099139451980591,full_train_epoch_chunks,full train set chunked per epoch | validation=dataset_val_split,30,1,epoch_chunk,accuracy,0.99609375,0.99609375,0.99609375,0.99609375,0,True,False,,ln_head_embedding,"col,row,icl",573578,0.020817821900477266,,tabiclv2
law-school-admission-bianry,/home/crc00006699/zh/tabiclv2/data184/law-school-admission-bianry,binclass,16640,3328,4160,11,2,1.0,1.0,1.0,1.0,7.029863807826597e-07,13.491185903549194,7.624342441558838,ok,,16640,13312,0,4160,5.7612119235272985e-06,16,1e-05,True,13.324562311172485,full_train_epoch_chunks,full train set chunked per epoch | validation=dataset_val_split,30,2,epoch_chunk,accuracy,1.0,1.0,1.0,1.0,0,True,False,,ln_head_embedding,"col,row,icl",573578,0.020817821900477266,,tabiclv2
led24,/home/crc00006699/zh/tabiclv2/data184/led24,multiclass,2560,512,640,24,10,0.734375,0.729486513007601,0.7342639284338357,0.9580003540370431,0.7792270838812945,12.586615562438965,1.0352981090545654,ok,,2560,2048,0,640,0.8705304265022278,27,1e-05,True,12.497129201889038,full_train_epoch_chunks,full train set chunked per epoch | validation=dataset_val_split,30,1,epoch_chunk,accuracy,0.71875,0.7265625,0.71875,0.7265625,19,True,False,,ln_head_embedding,"col,row,icl",573578,0.020817821900477266,,tabiclv2
led7,/home/crc00006699/zh/tabiclv2/data184/led7,multiclass,2560,512,640,7,10,0.7421875,0.7381941308432585,0.7401626395511218,0.959502078638058,0.7793131722018851,5.876145601272583,0.7168824672698975,ok,,2560,2048,0,640,0.8082897067070007,17,1e-05,True,5.839631080627441,full_train_epoch_chunks,full train set chunked per epoch | validation=dataset_val_split,30,1,epoch_chunk,accuracy,0.73046875,0.734375,0.73046875,0.734375,9,True,False,,ln_head_embedding,"col,row,icl",573578,0.020817821900477266,,tabiclv2
madeline,/home/crc00006699/zh/tabiclv2/data184/madeline,binclass,2512,503,628,259,2,0.9235668789808917,0.9235645531228875,0.9235434923726062,0.9768033917559235,0.1908551672539166,30.40740203857422,6.975536346435547,ok,,2512,2009,0,628,0.3303586095571518,11,1e-05,True,29.779114484786987,full_train_epoch_chunks,full train set chunked per epoch | validation=dataset_val_split,30,1,epoch_chunk,accuracy,0.9224652087475149,0.9244532803180915,0.9224652087475149,0.9244532803180915,3,True,False,,ln_head_embedding,"col,row,icl",573578,0.020817821900477266,,tabiclv2
mammography,/home/crc00006699/zh/tabiclv2/data184/mammography,binclass,8946,1790,2237,6,2,0.989718372820742,0.988999218558277,0.8257789121633515,0.9884263333920085,0.03215329229882858,7.844694137573242,2.2405731678009033,ok,,8946,7156,0,2237,0.03994622081518173,10,1e-05,True,7.776795864105225,full_train_epoch_chunks,full train set chunked per epoch | validation=dataset_val_split,30,1,epoch_chunk,accuracy,0.9871508379888269,0.9877094972067039,0.9871508379888269,0.9877094972067039,2,True,False,,ln_head_embedding,"col,row,icl",573578,0.020817821900477266,,tabiclv2
maternal_health_risk,/home/crc00006699/zh/tabiclv2/data184/maternal_health_risk,multiclass,811,163,203,6,3,0.8768472906403941,0.8748005893782885,0.8794702134668967,0.9621390033883976,0.33178110274833916,2.356658458709717,0.55535888671875,ok,,811,648,0,203,0.4917334169149399,8,1e-05,True,2.3374128341674805,full_train_epoch_chunks,full train set chunked per epoch | validation=dataset_val_split,30,1,epoch_chunk,accuracy,0.8159509202453987,0.8159509202453987,0.8159509202453987,0.8159509202453987,0,True,False,,ln_head_embedding,"col,row,icl",573578,0.020817821900477266,,tabiclv2
mfeat-factors,/home/crc00006699/zh/tabiclv2/data184/mfeat-factors,multiclass,1600,320,400,216,10,0.9825,0.9824984372558212,0.9824999999999999,0.9997569444444444,0.07718598448875581,12.778443336486816,3.8196346759796143,ok,,1600,1280,0,400,0.03914293088018894,8,1e-05,True,12.405939817428589,full_train_epoch_chunks,full train set chunked per epoch | validation=dataset_val_split,30,1,epoch_chunk,accuracy,0.984375,0.984375,0.984375,0.984375,0,True,False,,ln_head_embedding,"col,row,icl",573578,0.020817821900477266,,tabiclv2
mfeat-fourier,/home/crc00006699/zh/tabiclv2/data184/mfeat-fourier,multiclass,1600,320,400,76,10,0.9225,0.9218915524806743,0.9225,0.9951111111111111,0.20601063546957576,9.197302341461182,1.3959007263183594,ok,,1600,1280,0,400,0.24389993399381638,13,1e-05,True,9.036060094833374,full_train_epoch_chunks,full train set chunked per epoch | validation=dataset_val_split,30,1,epoch_chunk,accuracy,0.90625,0.909375,0.90625,0.909375,5,True,False,,ln_head_embedding,"col,row,icl",573578,0.020817821900477266,,tabiclv2
mfeat-karhunen,/home/crc00006699/zh/tabiclv2/data184/mfeat-karhunen,multiclass,1600,320,400,64,10,0.975,0.9750157272070241,0.975,0.9996944444444443,0.09221786004628293,5.334752321243286,1.2402234077453613,ok,,1600,1280,0,400,0.04412421956658363,8,1e-05,True,5.216126203536987,full_train_epoch_chunks,full train set chunked per epoch | validation=dataset_val_split,30,1,epoch_chunk,accuracy,0.978125,0.978125,0.978125,0.978125,0,True,False,,ln_head_embedding,"col,row,icl",573578,0.020817821900477266,,tabiclv2
mfeat-morphological,/home/crc00006699/zh/tabiclv2/data184/mfeat-morphological,multiclass,1600,320,400,6,10,0.7675,0.7585173782567406,0.7674999999999998,0.9741111111111109,0.4928180115608713,4.368251800537109,0.48645710945129395,ok,,1600,1280,0,400,0.6343084275722504,16,1e-05,True,4.34488320350647,full_train_epoch_chunks,full train set chunked per epoch | validation=dataset_val_split,30,1,epoch_chunk,accuracy,0.74375,0.75,0.74375,0.75,8,True,False,,ln_head_embedding,"col,row,icl",573578,0.020817821900477266,,tabiclv2
mfeat-pixel,/home/crc00006699/zh/tabiclv2/data184/mfeat-pixel,multiclass,1600,320,400,240,10,0.975,0.9749480106103701,0.975,0.9995416666666668,0.11730496695960566,22.808329343795776,4.7657411098480225,ok,,1600,1280,0,400,0.05588114634156227,11,1e-05,True,22.15221333503723,full_train_epoch_chunks,full train set chunked per epoch | validation=dataset_val_split,30,1,epoch_chunk,accuracy,0.98125,0.984375,0.98125,0.984375,3,True,False,,ln_head_embedding,"col,row,icl",573578,0.020817821900477266,,tabiclv2
mfeat-zernike,/home/crc00006699/zh/tabiclv2/data184/mfeat-zernike,multiclass,1600,320,400,47,10,0.895,0.893512098300162,0.8949999999999999,0.9926319444444445,0.22064192509523062,6.15789008140564,0.9718797206878662,ok,,1600,1280,0,400,0.2091277912259102,11,1e-05,True,6.0571677684783936,full_train_epoch_chunks,full train set chunked per epoch | validation=dataset_val_split,30,1,epoch_chunk,accuracy,0.865625,0.86875,0.865625,0.86875,3,True,False,,ln_head_embedding,"col,row,icl",573578,0.020817821900477266,,tabiclv2
mice_protein_expression,/home/crc00006699/zh/tabiclv2/data184/mice_protein_expression,multiclass,864,173,216,75,8,1.0,1.0,1.0,1.0,1.6068522330736386e-06,4.812994718551636,0.8028817176818848,ok,,864,691,0,216,0.0001580391253810376,8,1e-05,True,4.701890707015991,full_train_epoch_chunks,full train set chunked per epoch | validation=dataset_val_split,30,1,epoch_chunk,accuracy,1.0,1.0,1.0,1.0,0,True,False,,ln_head_embedding,"col,row,icl",573578,0.020817821900477266,,tabiclv2
microaggregation2,/home/crc00006699/zh/tabiclv2/data184/microaggregation2,multiclass,16000,3200,4000,20,5,0.64725,0.6045248727600971,0.4436202638265945,0.8368330505759894,0.8566317003173681,17.892951011657715,8.300982236862183,ok,,16000,12800,0,4000,0.8759980499744415,18,1e-05,True,17.648057222366333,full_train_epoch_chunks,full train set chunked per epoch | validation=dataset_val_split,30,2,epoch_chunk,accuracy,0.650625,0.65125,0.650625,0.65125,1,True,False,,ln_head_embedding,"col,row,icl",573578,0.020817821900477266,,tabiclv2
mobile_c36_oversampling,/home/crc00006699/zh/tabiclv2/data184/mobile_c36_oversampling,binclass,41408,8282,10352,6,2,0.9943006182380216,0.9942951938172699,0.9930950261844005,0.9993455855798341,0.023533686702596417,59.857083320617676,23.660917282104492,ok,,41408,33126,0,10352,0.11006931215524673,64,1e-05,True,59.67337155342102,full_train_epoch_chunks,full train set chunked per epoch | validation=dataset_val_split,30,4,epoch_chunk,accuracy,0.9942042984786283,0.9948080173871046,0.9942042984786283,0.9948080173871046,8,True,False,,ln_head_embedding,"col,row,icl",573578,0.020817821900477266,,tabiclv2
mozilla4,/home/crc00006699/zh/tabiclv2/data184/mozilla4,binclass,12436,2488,3109,4,2,0.9456416854293985,0.9450538426867355,0.9285536125694707,0.9781756320226694,0.15871948409749298,20.45968508720398,2.1931169033050537,ok,,12436,9948,0,3109,0.19711164385080338,20,1e-05,True,20.397677898406982,full_train_epoch_chunks,full train set chunked per epoch | validation=dataset_val_split,30,1,epoch_chunk,accuracy,0.942524115755627,0.9433279742765274,0.942524115755627,0.9433279742765274,12,True,False,,ln_head_embedding,"col,row,icl",573578,0.020817821900477266,,tabiclv2
national-longitudinal-survey-binary,/home/crc00006699/zh/tabiclv2/data184/national-longitudinal-survey-binary,binclass,3926,786,982,16,2,1.0,1.0,1.0,1.0,0.00023895636236706294,4.5087502002716064,1.3844614028930664,ok,,3926,3140,0,982,0.0005713728751288727,8,1e-05,True,4.429140567779541,full_train_epoch_chunks,full train set chunked per epoch | validation=dataset_val_split,30,1,epoch_chunk,accuracy,1.0,1.0,1.0,1.0,0,True,False,,ln_head_embedding,"col,row,icl",573578,0.020817821900477266,,tabiclv2
okcupid_stem,/home/crc00006699/zh/tabiclv2/data184/okcupid_stem,multiclass,21341,4269,5336,13,3,0.751311844077961,0.6983496548269411,0.49582994136831293,0.8097059165659158,0.5886945223253693,25.04414176940918,11.452650547027588,ok,,21341,17072,0,5336,0.6092596352100372,22,1e-05,True,24.75900626182556,full_train_epoch_chunks,full train set chunked per epoch | validation=dataset_val_split,30,2,epoch_chunk,accuracy,0.7505270555165144,0.7521667837901148,0.7505270555165144,0.7521667837901148,3,True,False,,ln_head_embedding,"col,row,icl",573578,0.020817821900477266,,tabiclv2
online_shoppers,/home/crc00006699/zh/tabiclv2/data184/online_shoppers,binclass,9864,1973,2466,14,2,0.9055150040551501,0.9001364959632571,0.7709235662389082,0.930019043120861,0.22737161933165162,12.207344055175781,3.900975227355957,ok,,9864,7891,0,2466,0.22296177595853806,11,1e-05,True,12.058889865875244,full_train_epoch_chunks,full train set chunked per epoch | validation=dataset_val_split,30,1,epoch_chunk,accuracy,0.8976178408514952,0.9001520527116067,0.8976178408514952,0.9001520527116067,3,True,False,,ln_head_embedding,"col,row,icl",573578,0.020817821900477266,,tabiclv2
optdigits,/home/crc00006699/zh/tabiclv2/data184/optdigits,multiclass,4496,900,1124,64,10,0.9973309608540926,0.9973309085886541,0.9973370927318296,0.9999911977553776,0.009104501050854747,9.886273860931396,3.433753490447998,ok,,4496,3596,0,1124,0.02103995531797409,8,1e-05,True,9.634140729904175,full_train_epoch_chunks,full train set chunked per epoch | validation=dataset_val_split,30,1,epoch_chunk,accuracy,0.9933333333333333,0.9933333333333333,0.9933333333333333,0.9933333333333333,0,True,False,,ln_head_embedding,"col,row,icl",573578,0.020817821900477266,,tabiclv2
ozone-level-8hr,/home/crc00006699/zh/tabiclv2/data184/ozone-level-8hr,binclass,2027,406,507,72,2,0.9546351084812623,0.9468295802699368,0.684342105263158,0.9490789473684211,0.12181873729547067,9.14657187461853,1.615379810333252,ok,,2027,1621,0,507,0.21395576745271683,12,1e-05,True,8.98360276222229,full_train_epoch_chunks,full train set chunked per epoch | validation=dataset_val_split,30,1,epoch_chunk,accuracy,0.9408866995073891,0.9433497536945813,0.9408866995073891,0.9433497536945813,4,True,False,,ln_head_embedding,"col,row,icl",573578,0.020817821900477266,,tabiclv2
ozone_level,/home/crc00006699/zh/tabiclv2/data184/ozone_level,binclass,2028,406,508,36,2,0.9783464566929134,0.9715321032632115,0.49799599198396793,0.8274326430639055,0.08696811511994194,5.001425266265869,1.0384631156921387,ok,,2028,1622,0,508,0.0770084299147129,8,1e-05,True,4.860812187194824,full_train_epoch_chunks,full train set chunked per epoch | validation=dataset_val_split,30,1,epoch_chunk,accuracy,0.9679802955665024,0.9679802955665024,0.9679802955665024,0.9679802955665024,0,True,False,,ln_head_embedding,"col,row,icl",573578,0.020817821900477266,,tabiclv2
page-blocks,/home/crc00006699/zh/tabiclv2/data184/page-blocks,multiclass,4378,876,1095,10,5,0.9771689497716894,0.9769424468656429,0.8995303112955375,0.9918795167484771,0.08606413347715969,4.065470457077026,1.353348970413208,ok,,4378,3502,0,1095,0.07013068348169327,8,1e-05,True,4.015651226043701,full_train_epoch_chunks,full train set chunked per epoch | validation=dataset_val_split,30,1,epoch_chunk,accuracy,0.9714611872146118,0.9714611872146118,0.9714611872146118,0.9714611872146118,0,True,False,,ln_head_embedding,"col,row,icl",573578,0.020817821900477266,,tabiclv2
pc1,/home/crc00006699/zh/tabiclv2/data184/pc1,binclass,887,178,222,21,2,0.9459459459459459,0.9366302968198703,0.6618357487922705,0.8974235104669888,0.15357259825947986,2.752732038497925,0.8867354393005371,ok,,887,709,0,222,0.18743783980607986,8,1e-05,True,2.7105770111083984,full_train_epoch_chunks,full train set chunked per epoch | validation=dataset_val_split,30,1,epoch_chunk,accuracy,0.9325842696629213,0.9325842696629213,0.9325842696629213,0.9325842696629213,0,True,False,,ln_head_embedding,"col,row,icl",573578,0.020817821900477266,,tabiclv2
pc3,/home/crc00006699/zh/tabiclv2/data184/pc3,binclass,1250,250,313,37,2,0.9009584664536742,0.8713234468060816,0.5571619217081851,0.8390791814946619,0.2603742499232982,4.140599966049194,0.7308120727539062,ok,,1250,1000,0,313,0.2236054614186287,8,1e-05,True,4.070971727371216,full_train_epoch_chunks,full train set chunked per epoch | validation=dataset_val_split,30,1,epoch_chunk,accuracy,0.884,0.884,0.884,0.884,0,True,False,,ln_head_embedding,"col,row,icl",573578,0.020817821900477266,,tabiclv2
pc4,/home/crc00006699/zh/tabiclv2/data184/pc4,binclass,1166,234,292,37,2,0.910958904109589,0.9074272635916473,0.7582465277777778,0.9614800347222222,0.1932896215941702,3.8773810863494873,0.684978723526001,ok,,1166,932,0,292,0.16253167390823364,8,1e-05,True,3.807020664215088,full_train_epoch_chunks,full train set chunked per epoch | validation=dataset_val_split,30,1,epoch_chunk,accuracy,0.9188034188034188,0.9188034188034188,0.9188034188034188,0.9188034188034188,0,True,False,,ln_head_embedding,"col,row,icl",573578,0.020817821900477266,,tabiclv2
pendigits,/home/crc00006699/zh/tabiclv2/data184/pendigits,multiclass,8793,1759,2199,16,10,0.9972714870395635,0.9972742335430836,0.9972309029574287,0.9998058625154858,0.012029871925389306,8.467577934265137,3.4949698448181152,ok,,8793,7034,0,2199,0.005394173553213477,8,1e-05,True,8.340824365615845,full_train_epoch_chunks,full train set chunked per epoch | validation=dataset_val_split,30,1,epoch_chunk,accuracy,0.9982944855031268,0.9982944855031268,0.9982944855031268,0.9982944855031268,0,True,False,,ln_head_embedding,"col,row,icl",573578,0.020817821900477266,,tabiclv2
phoneme,/home/crc00006699/zh/tabiclv2/data184/phoneme,binclass,4323,865,1081,5,2,0.9047178538390379,0.9045847039682562,0.8836812723999538,0.9657621352007532,0.2183459545079831,5.637524843215942,0.7805607318878174,ok,,4323,3458,0,1081,0.19986502081155777,14,1e-05,True,5.604166746139526,full_train_epoch_chunks,full train set chunked per epoch | validation=dataset_val_split,30,1,epoch_chunk,accuracy,0.9248554913294798,0.9271676300578034,0.9248554913294798,0.9271676300578034,6,True,False,,ln_head_embedding,"col,row,icl",573578,0.020817821900477266,,tabiclv2
pol,/home/crc00006699/zh/tabiclv2/data184/pol,binclass,8065,1613,2017,26,2,0.993554784333168,0.9935547748276162,0.9935555201598314,0.9997551795743074,0.020983849823928494,14.31725525856018,3.706862688064575,ok,,8065,6452,0,2017,0.03474499937146902,13,1e-05,True,14.163070678710938,full_train_epoch_chunks,full train set chunked per epoch | validation=dataset_val_split,30,1,epoch_chunk,accuracy,0.9882207067575945,0.9900805951642901,0.9882207067575945,0.9900805951642901,5,True,False,,ln_head_embedding,"col,row,icl",573578,0.020817821900477266,,tabiclv2
predict_students_dropout_and_academic_success,/home/crc00006699/zh/tabiclv2/data184/predict_students_dropout_and_academic_success,multiclass,3539,708,885,34,3,0.7830508474576271,0.7778367808951151,0.7109843242270436,0.8936542333874034,0.5517822551206786,7.471411466598511,1.7253634929656982,ok,,3539,2831,0,885,0.5377548933029175,10,1e-05,True,7.319147348403931,full_train_epoch_chunks,full train set chunked per epoch | validation=dataset_val_split,30,1,epoch_chunk,accuracy,0.8036723163841808,0.806497175141243,0.8036723163841808,0.806497175141243,2,True,False,,ln_head_embedding,"col,row,icl",573578,0.020817821900477266,,tabiclv2
rice_cammeo_and_osmancik,/home/crc00006699/zh/tabiclv2/data184/rice_cammeo_and_osmancik,binclass,3048,610,762,7,2,0.931758530183727,0.9314798849732625,0.9268236055608712,0.9783095063882479,0.1858215651204387,5.275721788406372,0.7667713165283203,ok,,3048,2438,0,762,0.20206308364868164,16,1e-05,True,5.245050668716431,full_train_epoch_chunks,full train set chunked per epoch | validation=dataset_val_split,30,1,epoch_chunk,accuracy,0.9295081967213115,0.9344262295081968,0.9295081967213115,0.9344262295081968,8,True,False,,ln_head_embedding,"col,row,icl",573578,0.020817821900477266,,tabiclv2
ringnorm,/home/crc00006699/zh/tabiclv2/data184/ringnorm,binclass,5920,1184,1480,20,2,0.9797297297297297,0.9797268415464133,0.9796512105721659,0.9972605291561881,0.0603173368912166,8.561700105667114,2.3737871646881104,ok,,5920,4736,0,1480,0.04776631109416485,11,1e-05,True,8.45689582824707,full_train_epoch_chunks,full train set chunked per epoch | validation=dataset_val_split,30,1,epoch_chunk,accuracy,0.981418918918919,0.9822635135135135,0.981418918918919,0.9822635135135135,3,True,False,,ln_head_embedding,"col,row,icl",573578,0.020817821900477266,,tabiclv2
rl,/home/crc00006699/zh/tabiclv2/data184/rl,binclass,3976,796,994,12,2,0.9084507042253521,0.9084461637653127,0.9084507042253521,0.9565663599302051,0.2608790647295879,5.851420164108276,1.2641375064849854,ok,,3976,3180,0,994,0.35080327093601227,12,1e-05,True,5.768679618835449,full_train_epoch_chunks,full train set chunked per epoch | validation=dataset_val_split,30,1,epoch_chunk,accuracy,0.8831658291457286,0.8881909547738693,0.8831658291457286,0.8881909547738693,4,True,False,,ln_head_embedding,"col,row,icl",573578,0.020817821900477266,,tabiclv2
satimage,/home/crc00006699/zh/tabiclv2/data184/satimage,multiclass,5144,1029,1286,36,6,0.9416796267496111,0.9403661525823097,0.9237728144634124,0.996581272035153,0.13723215479524384,15.635751724243164,2.6690292358398438,ok,,5144,4115,0,1286,0.18503466248512268,17,1e-05,True,15.475591659545898,full_train_epoch_chunks,full train set chunked per epoch | validation=dataset_val_split,30,1,epoch_chunk,accuracy,0.93488824101069,0.9368318756073858,0.93488824101069,0.9368318756073858,9,True,False,,ln_head_embedding,"col,row,icl",573578,0.020817821900477266,,tabiclv2
segment,/home/crc00006699/zh/tabiclv2/data184/segment,multiclass,1848,370,462,17,7,0.9545454545454546,0.9545478826122294,0.9545454545454545,0.9971577244304516,0.13907320035976972,3.961932420730591,0.6541943550109863,ok,,1848,1478,0,462,0.14721404761075974,11,1e-05,True,3.9165070056915283,full_train_epoch_chunks,full train set chunked per epoch | validation=dataset_val_split,30,1,epoch_chunk,accuracy,0.9486486486486486,0.9540540540540541,0.9486486486486486,0.9540540540540541,3,True,False,,ln_head_embedding,"col,row,icl",573578,0.020817821900477266,,tabiclv2
seismic+bumps,/home/crc00006699/zh/tabiclv2/data184/seismic+bumps,binclass,2067,414,517,18,2,0.9342359767891683,0.9024719535783365,0.5,0.7202837656801852,0.22937034335914405,3.0251893997192383,0.7105045318603516,ok,,2067,1653,0,517,0.18893584609031677,8,1e-05,True,2.974472761154175,full_train_epoch_chunks,full train set chunked per epoch | validation=dataset_val_split,30,1,epoch_chunk,accuracy,0.9347826086956522,0.9347826086956522,0.9347826086956522,0.9347826086956522,0,True,False,,ln_head_embedding,"col,row,icl",573578,0.020817821900477266,,tabiclv2
semeion,/home/crc00006699/zh/tabiclv2/data184/semeion,multiclass,1274,255,319,256,10,0.9686520376175548,0.9686948325435535,0.9686491935483872,0.9993351769635208,0.10066763934100079,17.64601159095764,3.718156337738037,ok,,1274,1019,0,319,0.20535880327224731,10,1e-05,True,17.19858145713806,full_train_epoch_chunks,full train set chunked per epoch | validation=dataset_val_split,30,1,epoch_chunk,accuracy,0.9568627450980393,0.9607843137254902,0.9568627450980393,0.9607843137254902,2,True,False,,ln_head_embedding,"col,row,icl",573578,0.020817821900477266,,tabiclv2
shill-bidding,/home/crc00006699/zh/tabiclv2/data184/shill-bidding,binclass,5056,1012,1265,3,2,0.9090909090909091,0.8837209302325582,0.5911665195645778,0.9020266655968333,0.21053410961130709,4.565605878829956,0.4998757839202881,ok,,5056,4044,0,1265,0.22543635219335556,11,1e-05,True,4.537040948867798,full_train_epoch_chunks,full train set chunked per epoch | validation=dataset_val_split,30,1,epoch_chunk,accuracy,0.8893280632411067,0.8913043478260869,0.8893280632411067,0.8913043478260869,3,True,False,,ln_head_embedding,"col,row,icl",573578,0.020817821900477266,,tabiclv2
shrutime,/home/crc00006699/zh/tabiclv2/data184/shrutime,binclass,8000,1600,2000,10,2,0.869,0.8566583203805755,0.7191233276201683,0.8810515847637563,0.30971950026037626,6.707563400268555,2.736842155456543,ok,,8000,6400,0,2000,0.33884957432746887,8,1e-05,True,6.614531517028809,full_train_epoch_chunks,full train set chunked per epoch | validation=dataset_val_split,30,1,epoch_chunk,accuracy,0.8625,0.8625,0.8625,0.8625,0,True,False,,ln_head_embedding,"col,row,icl",573578,0.020817821900477266,,tabiclv2
shuttle,/home/crc00006699/zh/tabiclv2/data184/shuttle,multiclass,46400,9280,11600,9,7,0.9993103448275862,0.9993053493768193,0.9197575345695059,0.9999959560437721,0.0010352882387268593,38.21299505233765,39.653542041778564,ok,,46400,37120,0,11600,0.0015227600233629346,30,1e-05,True,37.862754106521606,full_train_epoch_chunks,full train set chunked per epoch | validation=dataset_val_split,30,4,epoch_chunk,accuracy,0.9997844827586206,0.9997844827586206,0.9997844827586206,0.9997844827586206,0,True,False,,ln_head_embedding,"col,row,icl",573578,0.020817821900477266,,tabiclv2
spambase,/home/crc00006699/zh/tabiclv2/data184/spambase,binclass,3680,736,921,57,2,0.9587404994571118,0.9587404994571118,0.9568041114961936,0.9919428893035931,0.11336581210638125,7.9716033935546875,2.473982095718384,ok,,3680,2944,0,921,0.1370215192437172,8,1e-05,True,7.7971625328063965,full_train_epoch_chunks,full train set chunked per epoch | validation=dataset_val_split,30,1,epoch_chunk,accuracy,0.9660326086956522,0.9660326086956522,0.9660326086956522,0.9660326086956522,0,True,False,,ln_head_embedding,"col,row,icl",573578,0.020817821900477266,,tabiclv2
splice,/home/crc00006699/zh/tabiclv2/data184/splice,multiclass,2552,511,638,60,3,0.9608150470219435,0.9607765132232094,0.9538905861102412,0.996896269173741,0.09757999841897448,7.426563024520874,1.7877345085144043,ok,,2552,2041,0,638,0.12660101056098938,8,1e-05,True,7.213507890701294,full_train_epoch_chunks,full train set chunked per epoch | validation=dataset_val_split,30,1,epoch_chunk,accuracy,0.9686888454011742,0.9686888454011742,0.9686888454011742,0.9686888454011742,0,True,False,,ln_head_embedding,"col,row,icl",573578,0.020817821900477266,,tabiclv2
sports_articles_for_objectivity_analysis,/home/crc00006699/zh/tabiclv2/data184/sports_articles_for_objectivity_analysis,binclass,800,160,200,59,2,0.845,0.8419021663172606,0.8167943048214863,0.8949412145399632,0.3955928734064206,4.526755094528198,1.4061813354492188,ok,,800,640,0,200,0.4664049744606018,8,1e-05,True,4.4242119789123535,full_train_epoch_chunks,full train set chunked per epoch | validation=dataset_val_split,30,1,epoch_chunk,accuracy,0.8375,0.8375,0.8375,0.8375,0,True,False,,ln_head_embedding,"col,row,icl",573578,0.020817821900477266,,tabiclv2
statlog,/home/crc00006699/zh/tabiclv2/data184/statlog,binclass,800,160,200,20,2,0.73,0.7165280665280664,0.6404761904761905,0.7598809523809524,0.5213677887690031,2.8089303970336914,0.803062915802002,ok,,800,640,0,200,0.4551963806152344,8,1e-05,True,2.759848117828369,full_train_epoch_chunks,full train set chunked per epoch | validation=dataset_val_split,30,1,epoch_chunk,accuracy,0.775,0.775,0.775,0.775,0,True,False,,ln_head_embedding,"col,row,icl",573578,0.020817821900477266,,tabiclv2
steel_plates_faults,/home/crc00006699/zh/tabiclv2/data184/steel_plates_faults,multiclass,1552,311,389,27,7,0.8534704370179949,0.8535671631581364,0.8930722055722056,0.9819968629439683,0.3681343511050763,5.2040534019470215,0.7531425952911377,ok,,1552,1241,0,389,0.4863489270210266,13,1e-05,True,5.140727281570435,full_train_epoch_chunks,full train set chunked per epoch | validation=dataset_val_split,30,1,epoch_chunk,accuracy,0.8167202572347267,0.8231511254019293,0.8167202572347267,0.8231511254019293,5,True,False,,ln_head_embedding,"col,row,icl",573578,0.020817821900477266,,tabiclv2
svmguide3,/home/crc00006699/zh/tabiclv2/data184/svmguide3,binclass,994,199,249,22,2,0.891566265060241,0.8809269532161098,0.7754934210526316,0.9300073099415205,0.2713046327403464,3.2631568908691406,0.9909682273864746,ok,,994,795,0,249,0.3394012302160263,8,1e-05,True,3.199599266052246,full_train_epoch_chunks,full train set chunked per epoch | validation=dataset_val_split,30,1,epoch_chunk,accuracy,0.8592964824120602,0.8592964824120602,0.8592964824120602,0.8592964824120602,0,True,False,,ln_head_embedding,"col,row,icl",573578,0.020817821900477266,,tabiclv2
sylvine,/home/crc00006699/zh/tabiclv2/data184/sylvine,binclass,4099,820,1025,20,2,0.9785365853658536,0.9785365445074407,0.9785384685672515,0.9985227826510721,0.051144107910734156,6.158770322799683,1.562364101409912,ok,,4099,3279,0,1025,0.07794810086488724,10,1e-05,True,6.068855285644531,full_train_epoch_chunks,full train set chunked per epoch | validation=dataset_val_split,30,1,epoch_chunk,accuracy,0.9817073170731707,0.9829268292682927,0.9817073170731707,0.9829268292682927,2,True,False,,ln_head_embedding,"col,row,icl",573578,0.020817821900477266,,tabiclv2
taiwanese_bankruptcy_prediction,/home/crc00006699/zh/tabiclv2/data184/taiwanese_bankruptcy_prediction,binclass,5455,1091,1364,95,2,0.9714076246334311,0.9652245346645261,0.6227272727272728,0.9289428374655647,0.08797815531735402,18.584917306900024,5.932199239730835,ok,,5455,4364,0,1364,0.08446712046861649,10,1e-05,True,18.159854412078857,full_train_epoch_chunks,full train set chunked per epoch | validation=dataset_val_split,30,1,epoch_chunk,accuracy,0.9670027497708524,0.9679193400549955,0.9670027497708524,0.9679193400549955,2,True,False,,ln_head_embedding,"col,row,icl",573578,0.020817821900477266,,tabiclv2
telco-customer-churn,/home/crc00006699/zh/tabiclv2/data184/telco-customer-churn,binclass,5634,1127,1409,18,2,0.8062455642299503,0.7983669845484236,0.7178459789712986,0.851574569221628,0.4091301343289641,8.488357782363892,2.186781406402588,ok,,5634,4507,0,1409,0.428232342004776,11,1e-05,True,8.359651803970337,full_train_epoch_chunks,full train set chunked per epoch | validation=dataset_val_split,30,1,epoch_chunk,accuracy,0.8154392191659272,0.8172138420585625,0.8154392191659272,0.8172138420585625,3,True,False,,ln_head_embedding,"col,row,icl",573578,0.020817821900477266,,tabiclv2
thyroid,/home/crc00006699/zh/tabiclv2/data184/thyroid,multiclass,5760,1152,1440,21,3,0.9958333333333333,0.9958351747620041,0.9745432877465886,0.9998239122716429,0.011475242214626882,8.266191959381104,2.3439652919769287,ok,,5760,4608,0,1440,0.017381600104272366,11,1e-05,True,8.17098093032837,full_train_epoch_chunks,full train set chunked per epoch | validation=dataset_val_split,30,1,epoch_chunk,accuracy,0.9930555555555556,0.9939236111111112,0.9930555555555556,0.9939236111111112,3,True,False,,ln_head_embedding,"col,row,icl",573578,0.020817821900477266,,tabiclv2
thyroid-ann,/home/crc00006699/zh/tabiclv2/data184/thyroid-ann,multiclass,3017,604,755,21,3,0.9920529801324504,0.9919737363445972,0.9376413813904388,0.9996798462475232,0.01515805489912601,4.080319881439209,1.1507818698883057,ok,,3017,2413,0,755,0.0064525778871029615,8,1e-05,True,4.015339374542236,full_train_epoch_chunks,full train set chunked per epoch | validation=dataset_val_split,30,1,epoch_chunk,accuracy,0.9950331125827815,0.9950331125827815,0.9950331125827815,0.9950331125827815,0,True,False,,ln_head_embedding,"col,row,icl",573578,0.020817821900477266,,tabiclv2
thyroid-dis,/home/crc00006699/zh/tabiclv2/data184/thyroid-dis,multiclass,2240,448,560,26,5,0.6982142857142857,0.6783923802078972,0.4109996425592756,0.8838880720498905,0.6946470903638317,4.107465505599976,0.954026460647583,ok,,2240,1792,0,560,0.6813133656978607,8,1e-05,True,4.020596027374268,full_train_epoch_chunks,full train set chunked per epoch | validation=dataset_val_split,30,1,epoch_chunk,accuracy,0.7477678571428571,0.7477678571428571,0.7477678571428571,0.7477678571428571,0,True,False,,ln_head_embedding,"col,row,icl",573578,0.020817821900477266,,tabiclv2
turiye_student_evaluation,/home/crc00006699/zh/tabiclv2/data184/turiye_student_evaluation,multiclass,4656,932,1164,32,5,0.5189003436426117,0.489980248448483,0.4076929861503973,0.769231291570424,1.1799586292699007,8.21475625038147,2.2072582244873047,ok,,4656,3724,0,1164,1.2072767615318298,10,1e-05,True,8.076590299606323,full_train_epoch_chunks,full train set chunked per epoch | validation=dataset_val_split,30,1,epoch_chunk,accuracy,0.5150214592274678,0.5160944206008584,0.5150214592274678,0.5160944206008584,2,True,False,,ln_head_embedding,"col,row,icl",573578,0.020817821900477266,,tabiclv2
twonorm,/home/crc00006699/zh/tabiclv2/data184/twonorm,binclass,5920,1184,1480,20,2,0.9777027027027027,0.9777023464142109,0.977709053522742,0.9984422908003849,0.05202472561498736,6.429522752761841,2.376368522644043,ok,,5920,4736,0,1480,0.04748477414250374,8,1e-05,True,6.328552961349487,full_train_epoch_chunks,full train set chunked per epoch | validation=dataset_val_split,30,1,epoch_chunk,accuracy,0.9738175675675675,0.9738175675675675,0.9738175675675675,0.9738175675675675,0,True,False,,ln_head_embedding,"col,row,icl",573578,0.020817821900477266,,tabiclv2
vehicle,/home/crc00006699/zh/tabiclv2/data184/vehicle,multiclass,676,136,170,18,4,0.8764705882352941,0.87399709513435,0.8766233766233766,0.9748813469516595,0.25655541789681924,2.5914740562438965,0.6480112075805664,ok,,676,540,0,170,0.25059858709573746,8,1e-05,True,2.557971954345703,full_train_epoch_chunks,full train set chunked per epoch | validation=dataset_val_split,30,1,epoch_chunk,accuracy,0.9044117647058824,0.9044117647058824,0.9044117647058824,0.9044117647058824,0,True,False,,ln_head_embedding,"col,row,icl",573578,0.020817821900477266,,tabiclv2
wall-robot-navigation,/home/crc00006699/zh/tabiclv2/data184/wall-robot-navigation,multiclass,4364,873,1092,24,4,0.9935897435897436,0.9935906981990156,0.9885848278705422,0.9999535857385144,0.015290200393510554,5.689077377319336,1.8195164203643799,ok,,4364,3491,0,1092,0.030854427255690098,8,1e-05,True,5.582897186279297,full_train_epoch_chunks,full train set chunked per epoch | validation=dataset_val_split,30,1,epoch_chunk,accuracy,0.9862542955326461,0.9862542955326461,0.9862542955326461,0.9862542955326461,0,True,False,,ln_head_embedding,"col,row,icl",573578,0.020817821900477266,,tabiclv2
water_quality,/home/crc00006699/zh/tabiclv2/data184/water_quality,binclass,6396,1280,1600,20,2,0.911875,0.8997331430170107,0.6796873789116384,0.911012647437189,0.21432592604697756,12.867694854736328,2.4093446731567383,ok,,6396,5116,0,1600,0.23820523917675018,18,1e-05,True,12.783015489578247,full_train_epoch_chunks,full train set chunked per epoch | validation=dataset_val_split,30,1,epoch_chunk,accuracy,0.89609375,0.8984375,0.89609375,0.8984375,10,True,False,,ln_head_embedding,"col,row,icl",573578,0.020817821900477266,,tabiclv2
waveform-5000,/home/crc00006699/zh/tabiclv2/data184/waveform-5000,multiclass,4000,800,1000,40,3,0.865,0.8649918882185322,0.8650911409451961,0.9782348820370057,0.258950101065464,6.873339414596558,2.154006004333496,ok,,4000,3200,0,1000,0.2483161985874176,8,1e-05,True,6.728982925415039,full_train_epoch_chunks,full train set chunked per epoch | validation=dataset_val_split,30,1,epoch_chunk,accuracy,0.87625,0.87625,0.87625,0.87625,0,True,False,,ln_head_embedding,"col,row,icl",573578,0.020817821900477266,,tabiclv2
waveform_database_generator_version_1,/home/crc00006699/zh/tabiclv2/data184/waveform_database_generator_version_1,multiclass,4000,800,1000,21,3,0.871,0.8705334846679682,0.8708938469715716,0.9727955212404771,0.29254053776880307,7.619857311248779,1.57352614402771,ok,,4000,3200,0,1000,0.2640686482191086,13,1e-05,True,7.537228584289551,full_train_epoch_chunks,full train set chunked per epoch | validation=dataset_val_split,30,1,epoch_chunk,accuracy,0.85625,0.85875,0.85625,0.85875,5,True,False,,ln_head_embedding,"col,row,icl",573578,0.020817821900477266,,tabiclv2
website_phishing,/home/crc00006699/zh/tabiclv2/data184/website_phishing,multiclass,1082,217,271,9,3,0.9261992619926199,0.9264532281561662,0.9452380952380953,0.9791403696056866,0.23896401267154133,2.474146842956543,0.34609436988830566,ok,,1082,865,0,271,0.1947326436638832,8,1e-05,True,2.444199323654175,full_train_epoch_chunks,full train set chunked per epoch | validation=dataset_val_split,30,1,epoch_chunk,accuracy,0.9170506912442397,0.9170506912442397,0.9170506912442397,0.9170506912442397,0,True,False,,ln_head_embedding,"col,row,icl",573578,0.020817821900477266,,tabiclv2
wine,/home/crc00006699/zh/tabiclv2/data184/wine,binclass,2043,409,511,4,2,0.786692759295499,0.7858267268299804,0.7868183210784314,0.8821920955882354,0.4328061820709801,3.9096529483795166,0.26018309593200684,ok,,2043,1634,0,511,0.5174559652805328,15,1e-05,True,3.889570474624634,full_train_epoch_chunks,full train set chunked per epoch | validation=dataset_val_split,30,1,epoch_chunk,accuracy,0.823960880195599,0.8264058679706602,0.823960880195599,0.8264058679706602,7,True,False,,ln_head_embedding,"col,row,icl",573578,0.020817821900477266,,tabiclv2
wine-quality-red,/home/crc00006699/zh/tabiclv2/data184/wine-quality-red,multiclass,1279,256,320,4,6,0.68125,0.6621077801687107,0.33596813725490193,0.8512393098501391,0.8172748421617271,2.4144232273101807,0.3639516830444336,ok,,1279,1023,0,320,0.8393458425998688,8,1e-05,True,2.39536714553833,full_train_epoch_chunks,full train set chunked per epoch | validation=dataset_val_split,30,1,epoch_chunk,accuracy,0.6484375,0.6484375,0.6484375,0.6484375,0,True,False,,ln_head_embedding,"col,row,icl",573578,0.020817821900477266,,tabiclv2
wine-quality-white,/home/crc00006699/zh/tabiclv2/data184/wine-quality-white,multiclass,3918,784,980,11,7,0.689795918367347,0.6817477617181938,0.4024815268187875,0.9114706928819786,0.7506351678585059,4.75396728515625,1.228858470916748,ok,,3918,3134,0,980,0.7872915267944336,10,1e-05,True,4.700906038284302,full_train_epoch_chunks,full train set chunked per epoch | validation=dataset_val_split,30,1,epoch_chunk,accuracy,0.6938775510204082,0.6951530612244898,0.6938775510204082,0.6951530612244898,2,True,False,,ln_head_embedding,"col,row,icl",573578,0.020817821900477266,,tabiclv2
yeast,/home/crc00006699/zh/tabiclv2/data184/yeast,multiclass,1187,238,297,8,10,0.6397306397306397,0.6327379280755733,0.5838416257976058,0.8861298251822735,0.9738999988109727,3.678957939147949,0.36830663681030273,ok,,1187,949,0,297,0.9956414997577667,13,1e-05,True,3.6535160541534424,full_train_epoch_chunks,full train set chunked per epoch | validation=dataset_val_split,30,1,epoch_chunk,accuracy,0.5630252100840336,0.5672268907563025,0.5630252100840336,0.5672268907563025,5,True,False,,ln_head_embedding,"col,row,icl",573578,0.020817821900477266,,tabiclv2
