dataset_name,dataset_dir,task_type,n_train,n_val,n_test,n_features,n_classes,accuracy,f1,balanced_accuracy,roc_auc,log_loss,fit_seconds,predict_seconds,status,error,n_train_a,n_train_b,n_holdout_c,n_test_d,ttt_loss,ttt_steps,ttt_lr,ttt_applied,ttt_update_seconds,ttt_split_strategy,ttt_split_reason,ttt_epochs,ttt_chunks_per_epoch,ttt_batch_mode,ttt_val_eval_metric,ttt_val_baseline_metric,ttt_val_best_metric,ttt_val_baseline_accuracy,ttt_val_best_accuracy,ttt_best_epoch,ttt_stopped_early,ttt_oom_fallback,ttt_fallback_reason
ASP-POTASSCO-classification,/home/crc00006699/zh/tabiclv2/data200/ASP-POTASSCO-classification,multiclass,1035,207,259,141,11,0.4903474903474903,0.4709621259507563,0.4015997490329041,0.8512095632231967,1.503941898782927,2.460662603378296,5.521832942962647,ok,,1035,828,0,259,,0,0.0001,False,1.2863333225250244,full_train_epoch_chunks,full train set chunked per epoch | validation=dataset_val_split | TTT training skipped because n_classes=11 exceeds model max_classes=10,0,0,epoch_chunk,,,,,,0,False,False,
Amazon_employee_access,/home/crc00006699/zh/tabiclv2/data200/Amazon_employee_access,binclass,26215,5243,6554,7,2,0.9449191333536772,0.9318332970251072,0.5918526273060366,0.8367211818871311,0.1674493206497976,36.40782260894776,13.18310046195984,ok,,26215,20972,0,6554,0.2141092866659164,27,0.0001,True,36.12757015228272,full_train_epoch_chunks,full train set chunked per epoch | validation=dataset_val_split,30,3,epoch_chunk,accuracy,0.949074957085638,0.950028609574671,0.949074957085638,0.950028609574671,1,True,False,
BLE_RSSI_dataset_for_Indoor_localization,/home/crc00006699/zh/tabiclv2/data200/BLE_RSSI_dataset_for_Indoor_localization,multiclass,7987,1598,1997,3,3,0.7541311967951928,0.7538622579336066,0.7535928684836005,0.9109377703269668,0.5634032943731115,13.804668188095093,1.7540767192840576,ok,,7987,6389,0,1997,0.5366256535053253,15,0.0001,True,13.759039402008057,full_train_epoch_chunks,full train set chunked per epoch | validation=dataset_val_split,30,1,epoch_chunk,accuracy,0.7509386733416771,0.7753441802252816,0.7509386733416771,0.7753441802252816,7,True,False,
BNG(breast-w),/home/crc00006699/zh/tabiclv2/data200/BNG(breast-w),binclass,31492,6299,7874,9,2,0.9888239776479552,0.9888327269037872,0.9884093643610968,0.9991451534574972,0.0335631680375968,41.30079221725464,21.00058960914612,ok,,31492,25193,0,7874,0.0506284087896347,30,0.0001,True,40.88548278808594,full_train_epoch_chunks,full train set chunked per epoch | validation=dataset_val_split,30,3,epoch_chunk,accuracy,0.98666454992856,0.9872995713605334,0.98666454992856,0.9872995713605334,2,True,False,
BNG(cmc),/home/crc00006699/zh/tabiclv2/data200/BNG(cmc),multiclass,44236,8848,11060,9,3,0.5867992766726944,0.5865389395180483,0.5709945396444035,0.7633735270515758,0.8773945811549388,82.5535728931427,37.22510576248169,ok,,44236,35388,0,11060,0.8860960900783539,56,0.0001,True,82.01255011558533,full_train_epoch_chunks,full train set chunked per epoch | validation=dataset_val_split,30,4,epoch_chunk,accuracy,0.5762884267631103,0.577870705244123,0.5762884267631103,0.577870705244123,6,True,False,
BNG(tic-tac-toe),/home/crc00006699/zh/tabiclv2/data200/BNG(tic-tac-toe),binclass,31492,6299,7874,9,2,0.8187706375412751,0.8165686532089819,0.7893183537808623,0.8850362691955141,0.4021082888995209,86.10627889633179,20.998087406158447,ok,,31492,25193,0,7874,0.3982077240943908,60,0.0001,True,85.64057564735413,full_train_epoch_chunks,full train set chunked per epoch | validation=dataset_val_split,30,3,epoch_chunk,accuracy,0.8096523257659946,0.8123511668518812,0.8096523257659946,0.8123511668518812,12,True,False,
Bank_Customer_Churn_Dataset,/home/crc00006699/zh/tabiclv2/data200/Bank_Customer_Churn_Dataset,binclass,8000,1600,2000,10,2,0.8775,0.8676304468520064,0.7484071128138925,0.885026783331868,0.3113112596897743,30.39235019683838,2.9291133880615234,ok,,8000,6400,0,2000,0.330438882112503,22,0.0001,True,30.228244304656982,full_train_epoch_chunks,full train set chunked per epoch | validation=dataset_val_split,30,1,epoch_chunk,accuracy,0.861875,0.87125,0.861875,0.87125,14,True,False,
Basketball_c,/home/crc00006699/zh/tabiclv2/data200/Basketball_c,binclass,1072,215,268,11,2,0.7089552238805971,0.7071286922033191,0.6856839121190645,0.7458953460902433,0.5727499646808228,6.205276250839233,0.6618883609771729,ok,,1072,857,0,268,0.8801303505897522,10,0.0001,True,6.144456148147583,full_train_epoch_chunks,full train set chunked per epoch | validation=dataset_val_split,30,1,epoch_chunk,accuracy,0.7581395348837209,0.7674418604651163,0.7581395348837209,0.7674418604651163,2,True,False,
California-Housing-Classification,/home/crc00006699/zh/tabiclv2/data200/California-Housing-Classification,binclass,16512,3303,4128,8,2,0.9229651162790696,0.9229634887799982,0.9229629855672232,0.9803148756072344,0.1796476989503758,28.71451091766357,7.367482423782349,ok,,16512,13209,0,4128,0.2203746438026428,24,0.0001,True,28.555185556411743,full_train_epoch_chunks,full train set chunked per epoch | validation=dataset_val_split,30,2,epoch_chunk,accuracy,0.9182561307901907,0.92188919164396,0.9182561307901907,0.92188919164396,4,True,False,
Cardiovascular-Disease-dataset,/home/crc00006699/zh/tabiclv2/data200/Cardiovascular-Disease-dataset,binclass,56000,11200,14000,11,2,0.7332142857142857,0.7328776597071787,0.7331940761450044,0.801290761645963,0.5428246639882572,76.06244945526123,57.38165831565857,ok,,56000,44800,0,14000,0.5408353805541992,45,0.0001,True,75.31305623054504,full_train_epoch_chunks,full train set chunked per epoch | validation=dataset_val_split,30,5,epoch_chunk,accuracy,0.7323214285714286,0.7326785714285714,0.7323214285714286,0.7326785714285714,1,True,False,
Click_prediction_small,/home/crc00006699/zh/tabiclv2/data200/Click_prediction_small,binclass,31958,6392,7990,3,2,0.8324155193992491,0.7578657265226252,0.5034889426427267,0.6246397111248081,0.437327054484239,34.353458404541016,7.37532114982605,ok,,31958,25566,0,7990,0.4334252774715423,33,0.0001,True,34.18662190437317,full_train_epoch_chunks,full train set chunked per epoch | validation=dataset_val_split,30,3,epoch_chunk,accuracy,0.8322903629536921,0.8327596996245307,0.8322903629536921,0.8327596996245307,3,True,False,
Contaminant-detection-in-packaged-cocoa-hazelnut-spread-jars-using-Microwaves-Sensing-and-Machine-Learning-10.0GHz(Urbinati),/home/crc00006699/zh/tabiclv2/data200/Contaminant-detection-in-packaged-cocoa-hazelnut-spread-jars-using-Microwaves-Sensing-and-Machine-Learning-10.0GHz(Urbinati),binclass,1920,384,480,30,2,0.9770833333333332,0.9770888067662848,0.9774054505005562,0.9953246662958845,0.0754859568942813,8.90830111503601,1.143587350845337,ok,,1920,1536,0,480,0.0729768089950084,13,0.0001,True,8.81454086303711,full_train_epoch_chunks,full train set chunked per epoch | validation=dataset_val_split,30,1,epoch_chunk,accuracy,0.9661458333333334,0.9765625,0.9661458333333334,0.9765625,5,True,False,
Contaminant-detection-in-packaged-cocoa-hazelnut-spread-jars-using-Microwaves-Sensing-and-Machine-Learning-10.5GHz(Urbinati),/home/crc00006699/zh/tabiclv2/data200/Contaminant-detection-in-packaged-cocoa-hazelnut-spread-jars-using-Microwaves-Sensing-and-Machine-Learning-10.5GHz(Urbinati),binclass,1920,384,480,30,2,0.9708333333333332,0.970840932117528,0.9712180200222468,0.995498470522803,0.0864018536041366,16.323572397232056,1.0502479076385498,ok,,1920,1536,0,480,0.0298497751355171,21,0.0001,True,16.23390817642212,full_train_epoch_chunks,full train set chunked per epoch | validation=dataset_val_split,30,1,epoch_chunk,accuracy,0.9635416666666666,0.9817708333333334,0.9635416666666666,0.9817708333333334,13,True,False,
Contaminant-detection-in-packaged-cocoa-hazelnut-spread-jars-using-Microwaves-Sensing-and-Machine-Learning-11.0GHz(Urbinati),/home/crc00006699/zh/tabiclv2/data200/Contaminant-detection-in-packaged-cocoa-hazelnut-spread-jars-using-Microwaves-Sensing-and-Machine-Learning-11.0GHz(Urbinati),binclass,1920,384,480,30,2,0.9604166666666668,0.960427492536752,0.9609983314794216,0.9921440489432702,0.1191688256115288,9.768568277359009,1.3724281787872314,ok,,1920,1536,0,480,0.0977372862398624,13,0.0001,True,9.67346477508545,full_train_epoch_chunks,full train set chunked per epoch | validation=dataset_val_split,30,1,epoch_chunk,accuracy,0.96875,0.9739583333333334,0.96875,0.9739583333333334,5,True,False,
Contaminant-detection-in-packaged-cocoa-hazelnut-spread-jars-using-Microwaves-Sensing-and-Machine-Learning-9.0GHz(Urbinati),/home/crc00006699/zh/tabiclv2/data200/Contaminant-detection-in-packaged-cocoa-hazelnut-spread-jars-using-Microwaves-Sensing-and-Machine-Learning-9.0GHz(Urbinati),binclass,1920,384,480,30,2,0.9666666666666668,0.9666753509914604,0.9670467185761956,0.994768492769744,0.1074953386810584,14.60286808013916,0.9689226150512696,ok,,1920,1536,0,480,0.0679083652794361,18,0.0001,True,14.511030912399292,full_train_epoch_chunks,full train set chunked per epoch | validation=dataset_val_split,30,1,epoch_chunk,accuracy,0.9609375,0.96875,0.9609375,0.96875,10,True,False,
Contaminant-detection-in-packaged-cocoa-hazelnut-spread-jars-using-Microwaves-Sensing-and-Machine-Learning-9.5GHz(Urbinati),/home/crc00006699/zh/tabiclv2/data200/Contaminant-detection-in-packaged-cocoa-hazelnut-spread-jars-using-Microwaves-Sensing-and-Machine-Learning-9.5GHz(Urbinati),binclass,1920,384,480,30,2,0.9520833333333332,0.952086452921526,0.9530728587319244,0.9923178531701892,0.1133665123454876,11.939610719680786,1.2114264965057373,ok,,1920,1536,0,480,0.0870002210140228,16,0.0001,True,11.849087953567505,full_train_epoch_chunks,full train set chunked per epoch | validation=dataset_val_split,30,1,epoch_chunk,accuracy,0.953125,0.9557291666666666,0.953125,0.9557291666666666,8,True,False,
Credit_c,/home/crc00006699/zh/tabiclv2/data200/Credit_c,multiclass,80000,16000,20000,22,3,0.82435,0.8243119457709234,0.8394735683601553,0.9323774987770296,0.4160114896722263,139.5340700149536,121.7153296470642,ok,,80000,64000,0,20000,0.649123877286911,63,0.0001,True,137.4403898715973,full_train_epoch_chunks,full train set chunked per epoch | validation=dataset_val_split,30,7,epoch_chunk,accuracy,0.812875,0.8215,0.812875,0.8215,1,True,False,
Customer_Personality_Analysis,/home/crc00006699/zh/tabiclv2/data200/Customer_Personality_Analysis,binclass,1792,359,448,24,2,0.890625,0.8819285508425728,0.7204332667371802,0.9132487170446978,0.2436533436666687,8.260730981826782,0.9866130352020264,ok,,1792,1433,0,448,0.2638947963714599,8,0.0001,True,8.171463966369629,full_train_epoch_chunks,full train set chunked per epoch | validation=dataset_val_split,30,1,epoch_chunk,accuracy,0.8913649025069638,0.8913649025069638,0.8913649025069638,0.8913649025069638,0,True,False,
Diabetic_Retinopathy_Debrecen,/home/crc00006699/zh/tabiclv2/data200/Diabetic_Retinopathy_Debrecen,binclass,920,184,231,19,2,0.7316017316017316,0.731216858613085,0.7293360433604337,0.8387533875338754,0.4916315928730101,9.702481031417848,1.2966291904449463,ok,,920,736,0,231,2.619728028774261,15,0.0001,True,9.571854591369627,full_train_epoch_chunks,full train set chunked per epoch | validation=dataset_val_split,30,1,epoch_chunk,accuracy,0.7445652173913043,0.7608695652173914,0.7445652173913043,0.7608695652173914,7,True,False,
E-CommereShippingData,/home/crc00006699/zh/tabiclv2/data200/E-CommereShippingData,binclass,8799,1760,2200,10,2,0.6777272727272727,0.6648222864777976,0.7290931634139912,0.7208557903748055,0.5049287846116111,16.32025647163391,3.440598726272583,ok,,8799,7039,0,2200,0.8160813748836517,11,0.0001,True,16.193799257278442,full_train_epoch_chunks,full train set chunked per epoch | validation=dataset_val_split,30,1,epoch_chunk,accuracy,0.6823863636363636,0.6852272727272727,0.6823863636363636,0.6852272727272727,3,True,False,
Employee,/home/crc00006699/zh/tabiclv2/data200/Employee,binclass,3722,745,931,8,2,0.8603651987110634,0.8533323103677561,0.8102700490998364,0.8782886661211129,0.3551362759250647,7.654677152633667,1.961294412612915,ok,,3722,2977,0,931,0.4045290499925613,8,0.0001,True,7.577226877212524,full_train_epoch_chunks,full train set chunked per epoch | validation=dataset_val_split,30,1,epoch_chunk,accuracy,0.8523489932885906,0.8523489932885906,0.8523489932885906,0.8523489932885906,0,True,False,
FICO-HELOC-cleaned,/home/crc00006699/zh/tabiclv2/data200/FICO-HELOC-cleaned,binclass,7896,1580,1975,23,2,0.7549367088607595,0.7546711509554379,0.7537749764770173,0.8263690581356651,0.5123915568377126,16.012412309646606,4.1717612743377686,ok,,7896,6316,0,1975,1.7705148458480835,8,0.0001,True,15.5448739528656,full_train_epoch_chunks,full train set chunked per epoch | validation=dataset_val_split,30,1,epoch_chunk,accuracy,0.7487341772151899,0.7487341772151899,0.7487341772151899,0.7487341772151899,0,True,False,
FOREX_audcad-day-High,/home/crc00006699/zh/tabiclv2/data200/FOREX_audcad-day-High,binclass,1467,294,367,10,2,0.7465940054495913,0.7464998647714711,0.7463613140854275,0.8321748945523673,0.5061551590364243,6.220051765441895,0.820514440536499,ok,,1467,1173,0,367,0.5594076812267303,8,0.0001,True,5.994422435760498,full_train_epoch_chunks,full train set chunked per epoch | validation=dataset_val_split,30,1,epoch_chunk,accuracy,0.7108843537414966,0.7108843537414966,0.7108843537414966,0.7108843537414966,0,True,False,
FOREX_audcad-hour-High,/home/crc00006699/zh/tabiclv2/data200/FOREX_audcad-hour-High,binclass,35060,7012,8765,10,2,0.7160296634341129,0.7160718233917983,0.7159761589936817,0.7904744574121014,0.5519778227271854,89.24735260009766,25.535574913024902,ok,,35060,28048,0,8765,0.56310173869133,60,0.0001,True,88.81783890724182,full_train_epoch_chunks,full train set chunked per epoch | validation=dataset_val_split,30,3,epoch_chunk,accuracy,0.7154877353108956,0.7203365658870508,0.7154877353108956,0.7203365658870508,12,True,False,
FOREX_audchf-day-High,/home/crc00006699/zh/tabiclv2/data200/FOREX_audchf-day-High,binclass,1466,294,367,10,2,0.7438692098092643,0.7438768164495051,0.7439701776272798,0.8377146082100636,0.5001526626625018,7.367853164672852,0.6465580463409424,ok,,1466,1172,0,367,0.584842711687088,10,0.0001,True,7.297996759414673,full_train_epoch_chunks,full train set chunked per epoch | validation=dataset_val_split,30,1,epoch_chunk,accuracy,0.7108843537414966,0.7482993197278912,0.7108843537414966,0.7482993197278912,2,True,False,
FOREX_audjpy-day-High,/home/crc00006699/zh/tabiclv2/data200/FOREX_audjpy-day-High,binclass,1465,293,367,10,2,0.779291553133515,0.7787780977979223,0.7780304381427977,0.8541109327626181,0.4782830892475557,10.177865505218506,1.340306520462036,ok,,1465,1172,0,367,0.523308128118515,18,0.0001,True,10.124117612838743,full_train_epoch_chunks,full train set chunked per epoch | validation=dataset_val_split,30,1,epoch_chunk,accuracy,0.7508532423208191,0.7713310580204779,0.7508532423208191,0.7713310580204779,10,True,False,
FOREX_audjpy-hour-High,/home/crc00006699/zh/tabiclv2/data200/FOREX_audjpy-hour-High,binclass,35060,7012,8765,10,2,0.7220764403879064,0.7220514955581413,0.7217437540042443,0.800008640360573,0.5412186533393606,37.5063898563385,25.10827708244324,ok,,35060,28048,0,8765,0.545992910861969,24,0.0001,True,37.20639395713806,full_train_epoch_chunks,full train set chunked per epoch | validation=dataset_val_split,30,3,epoch_chunk,accuracy,0.7183399885909869,0.7183399885909869,0.7183399885909869,0.7183399885909869,0,True,False,
FOREX_audsgd-hour-High,/home/crc00006699/zh/tabiclv2/data200/FOREX_audsgd-hour-High,binclass,35060,7012,8765,10,2,0.7136337706788363,0.7136878937233602,0.7136601948061694,0.7867392676925591,0.5551355480018703,40.008824586868286,25.270479679107662,ok,,35060,28048,0,8765,0.5697904229164124,27,0.0001,True,39.591552734375,full_train_epoch_chunks,full train set chunked per epoch | validation=dataset_val_split,30,3,epoch_chunk,accuracy,0.7007986309184255,0.7157729606389047,0.7007986309184255,0.7157729606389047,1,True,False,
FOREX_audusd-hour-High,/home/crc00006699/zh/tabiclv2/data200/FOREX_audusd-hour-High,binclass,35060,7012,8765,10,2,0.708157444381061,0.7083789730748171,0.7082424149768592,0.7863578157775086,0.5555033281133305,48.21730017662048,25.04111957550049,ok,,35060,28048,0,8765,0.5614060163497925,33,0.0001,True,47.85164737701416,full_train_epoch_chunks,full train set chunked per epoch | validation=dataset_val_split,30,3,epoch_chunk,accuracy,0.7102110667427267,0.7146320593268682,0.7102110667427267,0.7146320593268682,3,True,False,
FOREX_cadjpy-day-High,/home/crc00006699/zh/tabiclv2/data200/FOREX_cadjpy-day-High,binclass,1467,294,367,10,2,0.7384196185286104,0.7383108209843264,0.7384770729389403,0.7953047042052744,0.5500818252511357,5.181309223175049,0.5537350177764893,ok,,1467,1173,0,367,0.6132890582084656,10,0.0001,True,5.142065763473511,full_train_epoch_chunks,full train set chunked per epoch | validation=dataset_val_split,30,1,epoch_chunk,accuracy,0.7006802721088435,0.7108843537414966,0.7006802721088435,0.7108843537414966,2,True,False,
FOREX_cadjpy-hour-High,/home/crc00006699/zh/tabiclv2/data200/FOREX_cadjpy-hour-High,binclass,35060,7012,8765,10,2,0.7184255561893896,0.7184768614967605,0.7182863153609977,0.790715257691478,0.5545499912351994,37.53462600708008,25.06102228164673,ok,,35060,28048,0,8765,0.5524445474147797,27,0.0001,True,37.21725654602051,full_train_epoch_chunks,full train set chunked per epoch | validation=dataset_val_split,30,3,epoch_chunk,accuracy,0.7139189960068454,0.7154877353108956,0.7139189960068454,0.7154877353108956,1,True,False,
Firm-Teacher_Clave-Direction_Classification,/home/crc00006699/zh/tabiclv2/data200/Firm-Teacher_Clave-Direction_Classification,multiclass,8640,1728,2160,16,4,0.8828703703703704,0.8812452427634294,0.8017301248349595,0.9713155918300967,0.3112084273491016,28.742143630981445,4.11130428314209,ok,,8640,6912,0,2160,0.3122779428958893,17,0.0001,True,28.359750986099243,full_train_epoch_chunks,full train set chunked per epoch | validation=dataset_val_split,30,1,epoch_chunk,accuracy,0.8674768518518519,0.8726851851851852,0.8674768518518519,0.8726851851851852,9,True,False,
Fitness_Club_c,/home/crc00006699/zh/tabiclv2/data200/Fitness_Club_c,binclass,1200,240,300,6,2,0.8,0.7957318741450069,0.7447815342552184,0.8223881381776118,0.4563199156772121,6.032802581787109,0.5031337738037109,ok,,1200,960,0,300,0.4964102357625961,11,0.0001,True,5.9968085289001465,full_train_epoch_chunks,full train set chunked per epoch | validation=dataset_val_split,30,1,epoch_chunk,accuracy,0.7666666666666667,0.7791666666666667,0.7666666666666667,0.7791666666666667,3,True,False,
GAMETES_Epistasis_2-Way_20atts_0.1H_EDM-1_1,/home/crc00006699/zh/tabiclv2/data200/GAMETES_Epistasis_2-Way_20atts_0.1H_EDM-1_1,binclass,1280,256,320,20,2,0.678125,0.6727529066015349,0.6781250000000001,0.7283203125000001,0.6026621843575768,7.293534755706787,0.7126383781433105,ok,,1280,1024,0,320,1.1478183269500732,8,0.0001,True,7.183478355407715,full_train_epoch_chunks,full train set chunked per epoch | validation=dataset_val_split,30,1,epoch_chunk,accuracy,0.65234375,0.65234375,0.65234375,0.65234375,0,True,False,
GAMETES_Heterogeneity_20atts_1600_Het_0.4_0.2_50_EDM-2_001,/home/crc00006699/zh/tabiclv2/data200/GAMETES_Heterogeneity_20atts_1600_Het_0.4_0.2_50_EDM-2_001,binclass,1280,256,320,20,2,0.678125,0.6775929023486026,0.678125,0.76076171875,0.5564638535765127,7.858402252197266,0.6423287391662598,ok,,1280,1024,0,320,1.6910068988800049,10,0.0001,True,7.7558441162109375,full_train_epoch_chunks,full train set chunked per epoch | validation=dataset_val_split,30,1,epoch_chunk,accuracy,0.671875,0.68359375,0.671875,0.68359375,2,True,False,
Gender_Gap_in_Spanish_WP,/home/crc00006699/zh/tabiclv2/data200/Gender_Gap_in_Spanish_WP,multiclass,3796,760,950,13,3,0.6147368421052631,0.5695262646275574,0.4311806850344764,0.7084044059764215,0.7903143501520962,7.1786110401153564,1.6468946933746338,ok,,3796,3036,0,950,1.1553910970687866,8,0.0001,True,7.072292566299439,full_train_epoch_chunks,full train set chunked per epoch | validation=dataset_val_split,30,1,epoch_chunk,accuracy,0.6092105263157894,0.6092105263157894,0.6092105263157894,0.6092105263157894,0,True,False,
GesturePhaseSegmentationProcessed,/home/crc00006699/zh/tabiclv2/data200/GesturePhaseSegmentationProcessed,multiclass,7898,1580,1975,32,5,0.8450632911392405,0.8443095211045842,0.8272836441732693,0.972277861083992,0.4355567830066433,37.32342481613159,4.563128471374512,ok,,7898,6318,0,1975,0.4946006089448929,19,0.0001,True,36.93168091773987,full_train_epoch_chunks,full train set chunked per epoch | validation=dataset_val_split,30,1,epoch_chunk,accuracy,0.7879746835443038,0.810126582278481,0.7879746835443038,0.810126582278481,11,True,False,
HR_Analytics_Job_Change_of_Data_Scientists,/home/crc00006699/zh/tabiclv2/data200/HR_Analytics_Job_Change_of_Data_Scientists,binclass,15326,3066,3832,13,2,0.7899269311064718,0.783213484187983,0.6915091163533859,0.7995585133583375,0.4386531221703032,30.617653846740723,7.343400478363037,ok,,15326,12260,0,3832,0.4452176392078399,22,0.0001,True,30.20538878440857,full_train_epoch_chunks,full train set chunked per epoch | validation=dataset_val_split,30,2,epoch_chunk,accuracy,0.8036529680365296,0.809849967384214,0.8036529680365296,0.809849967384214,3,True,False,
Heart-Disease-Dataset-(Comprehensive),/home/crc00006699/zh/tabiclv2/data200/Heart-Disease-Dataset-(Comprehensive),binclass,952,191,238,11,2,0.953781512605042,0.9536614172576188,0.9511664407505172,0.9830919597631448,0.1517899502703318,4.565709114074707,0.860774040222168,ok,,952,761,0,238,0.6429605484008789,8,0.0001,True,4.520235538482666,full_train_epoch_chunks,full train set chunked per epoch | validation=dataset_val_split,30,1,epoch_chunk,accuracy,0.9109947643979056,0.9109947643979056,0.9109947643979056,0.9109947643979056,0,True,False,
INNHotelsGroup,/home/crc00006699/zh/tabiclv2/data200/INNHotelsGroup,binclass,29020,5804,7255,17,2,0.9065472088215024,0.9059162903643132,0.8875807395011266,0.9636692296666342,0.2201068630334992,41.416295289993286,20.323936700820923,ok,,29020,23216,0,7255,0.3071444034576416,27,0.0001,True,40.86902618408203,full_train_epoch_chunks,full train set chunked per epoch | validation=dataset_val_split,30,3,epoch_chunk,accuracy,0.9016195727084768,0.9035148173673327,0.9016195727084768,0.9035148173673327,1,True,False,
Indian_pines,/home/crc00006699/zh/tabiclv2/data200/Indian_pines,multiclass,7315,1463,1829,220,8,0.9879715691634772,0.9879578467409422,0.993097442680776,0.9998888550784032,0.0299785469077627,10.050103902816772,17.249427318572998,ok,,7315,5852,0,1829,,0,0.0001,False,7.648841142654419,full_train_epoch_chunks,"full train set chunked per epoch | validation=dataset_val_split | TTT OOM; used original model parameters for inference: OutOfMemoryError: CUDA out of memory. Tried to allocate 962.00 MiB. GPU 0 has a total capacity of 23.57 GiB of which 114.00 MiB is free. Process 68252 has 23.45 GiB memory in use. Of the allocated memory 21.04 GiB is allocated by PyTorch, and 2.09 GiB is reserved by PyTorch but unallocated. If reserved but unallocated memory is large try setting PYTORCH_CUDA_ALLOC_CONF=expandable_segments:True to avoid fragmentation. See documentation for Memory Management (https://pytorch.org/docs/stable/notes/cuda.html#environment-variables)",0,0,,,,,,,0,False,True,"TTT OOM; used original model parameters for inference: OutOfMemoryError: CUDA out of memory. Tried to allocate 962.00 MiB. GPU 0 has a total capacity of 23.57 GiB of which 114.00 MiB is free. Process 68252 has 23.45 GiB memory in use. Of the allocated memory 21.04 GiB is allocated by PyTorch, and 2.09 GiB is reserved by PyTorch but unallocated. If reserved but unallocated memory is large try setting PYTORCH_CUDA_ALLOC_CONF=expandable_segments:True to avoid fragmentation. See documentation for Memory Management (https://pytorch.org/docs/stable/notes/cuda.html#environment-variables)"
Insurance,/home/crc00006699/zh/tabiclv2/data200/Insurance,binclass,18838,3768,4710,10,2,0.7575371549893843,0.6530303380048618,0.5,0.5050075392867521,0.5557533628160399,22.181721925735477,9.378880977630615,ok,,18838,15070,0,4710,0.5391169190406799,16,0.0001,True,21.84841132164001,full_train_epoch_chunks,full train set chunked per epoch | validation=dataset_val_split,30,2,epoch_chunk,accuracy,0.7579617834394905,0.7579617834394905,0.7579617834394905,0.7579617834394905,0,True,False,
Intersectional-Bias-Assessment,/home/crc00006699/zh/tabiclv2/data200/Intersectional-Bias-Assessment,binclass,8800,1760,2200,19,2,0.9440909090909092,0.9440914289155364,0.9441031083076918,0.9900834827195482,0.1316214789758505,15.835530996322632,4.19940185546875,ok,,8800,7040,0,2200,0.1271079555153846,8,0.0001,True,15.61651611328125,full_train_epoch_chunks,full train set chunked per epoch | validation=dataset_val_split,30,1,epoch_chunk,accuracy,0.9517045454545454,0.9517045454545454,0.9517045454545454,0.9517045454545454,0,True,False,
Is-this-a-good-customer,/home/crc00006699/zh/tabiclv2/data200/Is-this-a-good-customer,binclass,1378,276,345,13,2,0.881159420289855,0.8282083919519438,0.4983606557377049,0.7392622950819672,0.3251110707289074,6.262124538421631,0.9903981685638428,ok,,1378,1102,0,345,0.346966877579689,8,0.0001,True,6.050312042236328,full_train_epoch_chunks,full train set chunked per epoch | validation=dataset_val_split,30,1,epoch_chunk,accuracy,0.9130434782608696,0.9130434782608696,0.9130434782608696,0.9130434782608696,0,True,False,
JapaneseVowels,/home/crc00006699/zh/tabiclv2/data200/JapaneseVowels,multiclass,7968,1594,1993,14,9,0.9994982438534872,0.999498083906782,0.9993540051679586,1.0,0.0009732406068493,12.023328304290771,3.382397413253784,ok,,7968,6374,0,1993,0.0071906123775988,8,0.0001,True,11.807513952255247,full_train_epoch_chunks,full train set chunked per epoch | validation=dataset_val_split,30,1,epoch_chunk,accuracy,0.9968632371392724,0.9968632371392724,0.9968632371392724,0.9968632371392724,0,True,False,
KDD,/home/crc00006699/zh/tabiclv2/data200/KDD,binclass,4025,805,1007,45,2,0.8083416087388282,0.8077010702851227,0.8091430938572612,0.9046297392196316,0.3699099872915635,17.58455753326416,2.771777629852295,ok,,4025,3220,0,1007,2.12271386384964,11,0.0001,True,17.19858694076538,full_train_epoch_chunks,full train set chunked per epoch | validation=dataset_val_split,30,1,epoch_chunk,accuracy,0.7987577639751553,0.8124223602484472,0.7987577639751553,0.8124223602484472,3,True,False,
KDDCup09_upselling,/home/crc00006699/zh/tabiclv2/data200/KDDCup09_upselling,binclass,4102,821,1026,49,2,0.8109161793372319,0.8091752055466928,0.8109161793372319,0.9113592406400448,0.3571993028980876,14.466482877731323,3.037317514419556,ok,,4102,3281,0,1026,0.4486623406410217,8,0.0001,True,14.061098337173462,full_train_epoch_chunks,full train set chunked per epoch | validation=dataset_val_split,30,1,epoch_chunk,accuracy,0.8148599269183922,0.8148599269183922,0.8148599269183922,0.8148599269183922,0,True,False,
Long,/home/crc00006699/zh/tabiclv2/data200/Long,binclass,3581,717,896,19,2,0.9966517857142856,0.9966457428709904,0.9940944881889764,0.9999570731228692,0.0108024736115104,16.818514585494995,1.5827293395996094,ok,,3581,2864,0,896,0.0046505958307534,18,0.0001,True,16.711985111236572,full_train_epoch_chunks,full train set chunked per epoch | validation=dataset_val_split,30,1,epoch_chunk,accuracy,0.99581589958159,0.99860529986053,0.99581589958159,0.99860529986053,10,True,False,
MIC,/home/crc00006699/zh/tabiclv2/data200/MIC,binclass,1319,264,330,104,2,0.906060606060606,0.8942452697523615,0.7281256588656968,0.8831962892683954,0.2642359619621856,18.573808670043945,1.9623923301696775,ok,,1319,1055,0,330,0.6505292654037476,10,0.0001,True,17.938960313796997,full_train_epoch_chunks,full train set chunked per epoch | validation=dataset_val_split,30,1,epoch_chunk,accuracy,0.8674242424242424,0.8712121212121212,0.8674242424242424,0.8712121212121212,2,True,False,
MagicTelescope,/home/crc00006699/zh/tabiclv2/data200/MagicTelescope,binclass,15216,3044,3804,9,2,0.8943217665615142,0.8927917553582229,0.8716554104430115,0.9470393767798108,0.2637225667449213,24.756553411483765,6.903102159500122,ok,,15216,12172,0,3804,0.2870462238788605,18,0.0001,True,24.59808897972107,full_train_epoch_chunks,full train set chunked per epoch | validation=dataset_val_split,30,2,epoch_chunk,accuracy,0.8814060446780552,0.8837056504599211,0.8814060446780552,0.8837056504599211,1,True,False,
Marketing_Campaign,/home/crc00006699/zh/tabiclv2/data200/Marketing_Campaign,binclass,1792,359,448,27,2,0.8839285714285714,0.8741572521865889,0.7041955576448466,0.9261370313785404,0.2390741623888206,9.246617794036863,1.2187206745147705,ok,,1792,1433,0,448,0.5348832309246063,8,0.0001,True,8.990729808807373,full_train_epoch_chunks,full train set chunked per epoch | validation=dataset_val_split,30,1,epoch_chunk,accuracy,0.9025069637883008,0.9025069637883008,0.9025069637883008,0.9025069637883008,0,True,False,
Mobile_Price_Classification,/home/crc00006699/zh/tabiclv2/data200/Mobile_Price_Classification,multiclass,1600,320,400,20,4,0.965,0.965028546694125,0.965,0.9990666666666668,0.0693897856811749,6.332259178161621,0.9248213768005372,ok,,1600,1280,0,400,0.0983937159180641,8,0.0001,True,6.264174938201904,full_train_epoch_chunks,full train set chunked per epoch | validation=dataset_val_split,30,1,epoch_chunk,accuracy,0.96875,0.96875,0.96875,0.96875,0,True,False,
National_Health_and_Nutrition_Health_Survey,/home/crc00006699/zh/tabiclv2/data200/National_Health_and_Nutrition_Health_Survey,binclass,1822,365,456,7,2,0.8355263157894737,0.7913318971559885,0.541739690260739,0.7758861189599057,0.3779598028194434,5.9878249168396,0.7516579627990723,ok,,1822,1457,0,456,0.4873301982879638,10,0.0001,True,5.9495697021484375,full_train_epoch_chunks,full train set chunked per epoch | validation=dataset_val_split,30,1,epoch_chunk,accuracy,0.852054794520548,0.8547945205479452,0.852054794520548,0.8547945205479452,2,True,False,
Performance-Prediction,/home/crc00006699/zh/tabiclv2/data200/Performance-Prediction,binclass,1072,215,268,19,2,0.7126865671641791,0.7123811113785549,0.6906042675273445,0.7453828223058993,0.5821971098944677,7.423484563827515,0.6612915992736816,ok,,1072,857,0,268,0.7251347601413727,11,0.0001,True,7.312584400177002,full_train_epoch_chunks,full train set chunked per epoch | validation=dataset_val_split,30,1,epoch_chunk,accuracy,0.6976744186046512,0.7069767441860465,0.6976744186046512,0.7069767441860465,3,True,False,
PhishingWebsites,/home/crc00006699/zh/tabiclv2/data200/PhishingWebsites,binclass,8844,1769,2211,30,2,0.979194934418815,0.9791740177284344,0.9779870355940914,0.9987483214244268,0.0457861861776437,21.23739528656006,4.748977899551392,ok,,8844,7075,0,2211,0.4444071128964424,10,0.0001,True,20.72416925430298,full_train_epoch_chunks,full train set chunked per epoch | validation=dataset_val_split,30,1,epoch_chunk,accuracy,0.9762577727529678,0.9768230638778972,0.9762577727529678,0.9768230638778972,2,True,False,
PieChart3,/home/crc00006699/zh/tabiclv2/data200/PieChart3,binclass,861,173,216,37,2,0.8842592592592593,0.8504784688995214,0.5687830687830688,0.8745835782872821,0.2678483069324904,6.9022057056427,1.4943156242370603,ok,,861,688,0,216,0.2734692394733429,8,0.0001,True,6.776512622833252,full_train_epoch_chunks,full train set chunked per epoch | validation=dataset_val_split,30,1,epoch_chunk,accuracy,0.884393063583815,0.884393063583815,0.884393063583815,0.884393063583815,0,True,False,
Pima_Indians_Diabetes_Database,/home/crc00006699/zh/tabiclv2/data200/Pima_Indians_Diabetes_Database,binclass,614,123,154,8,2,0.7402597402597403,0.7331919780899372,0.6935185185185185,0.8596296296296295,0.4624662950872527,5.6135358810424805,0.8302755355834961,ok,,614,491,0,154,0.4507117122411728,10,0.0001,True,5.575538158416748,full_train_epoch_chunks,full train set chunked per epoch | validation=dataset_val_split,30,1,epoch_chunk,accuracy,0.7723577235772358,0.7804878048780488,0.7723577235772358,0.7804878048780488,2,True,False,
PizzaCutter3,/home/crc00006699/zh/tabiclv2/data200/PizzaCutter3,binclass,834,167,209,37,2,0.8803827751196173,0.832952851528703,0.5172826086956521,0.8880434782608695,0.2540625959184586,8.13284420967102,1.5780012607574463,ok,,834,667,0,209,0.3090214133262634,10,0.0001,True,7.984153747558594,full_train_epoch_chunks,full train set chunked per epoch | validation=dataset_val_split,30,1,epoch_chunk,accuracy,0.8922155688622755,0.8982035928143712,0.8922155688622755,0.8982035928143712,2,True,False,
Pumpkin_Seeds,/home/crc00006699/zh/tabiclv2/data200/Pumpkin_Seeds,binclass,2000,400,500,12,2,0.888,0.887899332306112,0.8871794871794871,0.9475160256410255,0.3003453761233187,7.649151086807251,0.9804983139038086,ok,,2000,1600,0,500,0.2379343956708908,11,0.0001,True,7.599713087081909,full_train_epoch_chunks,full train set chunked per epoch | validation=dataset_val_split,30,1,epoch_chunk,accuracy,0.875,0.8825,0.875,0.8825,3,True,False,
QSAR_biodegradation,/home/crc00006699/zh/tabiclv2/data200/QSAR_biodegradation,binclass,843,169,211,41,2,0.8909952606635071,0.8890044360150116,0.8623239436619718,0.951609657947686,0.2711651325733701,8.81114149093628,1.501291036605835,ok,,843,674,0,211,0.2903868705034256,8,0.0001,True,8.582078456878662,full_train_epoch_chunks,full train set chunked per epoch | validation=dataset_val_split,30,1,epoch_chunk,accuracy,0.863905325443787,0.863905325443787,0.863905325443787,0.863905325443787,0,True,False,
Rain_in_Australia,/home/crc00006699/zh/tabiclv2/data200/Rain_in_Australia,multiclass,116368,23274,29092,18,3,0.8583115633163756,0.8506977644537191,0.6998628140538533,0.9192353868776042,0.3491277749241667,205.7615165710449,280.8376874923706,ok,,116368,93094,0,29092,0.4004308134317398,90,0.0001,True,203.19366455078125,full_train_epoch_chunks,full train set chunked per epoch | validation=dataset_val_split,30,10,epoch_chunk,accuracy,0.8526252470568015,0.8533127094612013,0.8526252470568015,0.8533127094612013,1,True,False,
SDSS17,/home/crc00006699/zh/tabiclv2/data200/SDSS17,multiclass,80000,16000,20000,12,3,0.9776,0.9774930255248088,0.972754932957656,0.9971487687896398,0.0686571610915835,125.5956687927246,112.79260039329527,ok,,80000,64000,0,20000,0.0901291333138942,70,0.0001,True,124.68071246147156,full_train_epoch_chunks,full train set chunked per epoch | validation=dataset_val_split,30,7,epoch_chunk,accuracy,0.9756875,0.976,0.9756875,0.976,2,True,False,
Shipping,/home/crc00006699/zh/tabiclv2/data200/Shipping,binclass,8799,1760,2200,9,2,0.69,0.6806534485986308,0.7316879626271892,0.73566330339811,0.4991204883253063,9.669408321380615,3.1641845703125,ok,,8799,7039,0,2200,0.5138531029224396,8,0.0001,True,9.566002368927002,full_train_epoch_chunks,full train set chunked per epoch | validation=dataset_val_split,30,1,epoch_chunk,accuracy,0.675,0.675,0.675,0.675,0,True,False,
Telecom_Churn_Dataset,/home/crc00006699/zh/tabiclv2/data200/Telecom_Churn_Dataset,binclass,2666,534,667,17,2,0.95952023988006,0.9586941339858616,0.8993217580032555,0.9317417254476396,0.1320460196001288,6.382230997085571,1.0932257175445557,ok,,2666,2132,0,667,4.292001247406006,10,0.0001,True,6.305101871490479,full_train_epoch_chunks,full train set chunked per epoch | validation=dataset_val_split,30,1,epoch_chunk,accuracy,0.9550561797752808,0.9588014981273408,0.9550561797752808,0.9588014981273408,2,True,False,
UJI_Pen_Characters,/home/crc00006699/zh/tabiclv2/data200/UJI_Pen_Characters,multiclass,1091,219,273,80,35,0.5384615384615384,0.5267602845208057,0.5493589743589743,0.9655602451002824,1.3751577156336197,1.291496753692627,4.355831861495972,ok,,1091,872,0,273,,0,0.0001,False,0.6530990600585938,full_train_epoch_chunks,full train set chunked per epoch | validation=dataset_val_split | TTT training skipped because n_classes=35 exceeds model max_classes=10,0,0,epoch_chunk,,,,,,0,False,False,
VulNoneVul,/home/crc00006699/zh/tabiclv2/data200/VulNoneVul,binclass,4553,911,1139,16,2,0.9894644424934153,0.9842245601854184,0.5,0.8333703046435965,0.0501745945543503,6.7552361488342285,1.8479130268096924,ok,,4553,3642,0,1139,0.033079182729125,8,0.0001,True,6.645756006240845,full_train_epoch_chunks,full train set chunked per epoch | validation=dataset_val_split,30,1,epoch_chunk,accuracy,0.9890230515916576,0.9890230515916576,0.9890230515916576,0.9890230515916576,0,True,False,
Water_Quality_and_Potability,/home/crc00006699/zh/tabiclv2/data200/Water_Quality_and_Potability,binclass,2620,524,656,8,2,0.6570121951219512,0.5961836671620173,0.57671875,0.669951171875,0.6237095797270507,5.245328426361084,0.863084077835083,ok,,2620,2096,0,656,0.6572929918766022,10,0.0001,True,5.188368320465088,full_train_epoch_chunks,full train set chunked per epoch | validation=dataset_val_split,30,1,epoch_chunk,accuracy,0.6335877862595419,0.6412213740458015,0.6335877862595419,0.6412213740458015,2,True,False,
Waterstress,/home/crc00006699/zh/tabiclv2/data200/Waterstress,binclass,950,190,238,22,2,0.8067226890756303,0.8066544414375919,0.8079179922234005,0.8916931778013433,0.4144494113021705,4.153706312179565,1.0030369758605957,ok,,950,760,0,238,0.3280757367610931,8,0.0001,True,4.097649097442627,full_train_epoch_chunks,full train set chunked per epoch | validation=dataset_val_split,30,1,epoch_chunk,accuracy,0.7947368421052632,0.7947368421052632,0.7947368421052632,0.7947368421052632,0,True,False,
Wilt,/home/crc00006699/zh/tabiclv2/data200/Wilt,binclass,3856,772,965,5,2,0.9927461139896372,0.9926443320683423,0.9508277866711602,0.9914588423624568,0.0314122743675407,5.140392303466797,1.0030770301818848,ok,,3856,3084,0,965,0.0290548168122768,10,0.0001,True,5.097243309020996,full_train_epoch_chunks,full train set chunked per epoch | validation=dataset_val_split,30,1,epoch_chunk,accuracy,0.9870466321243524,0.9883419689119172,0.9870466321243524,0.9883419689119172,2,True,False,
abalone,/home/crc00006699/zh/tabiclv2/data200/abalone,multiclass,3341,669,836,8,3,0.6399521531100478,0.6434301523934186,0.6377321444696306,0.8330190610722652,0.7394075433806286,4.7005369663238525,1.1465435028076172,ok,,3341,2672,0,836,0.6974665522575378,8,0.0001,True,4.6379876136779785,full_train_epoch_chunks,full train set chunked per epoch | validation=dataset_val_split,30,1,epoch_chunk,accuracy,0.6890881913303438,0.6890881913303438,0.6890881913303438,0.6890881913303438,0,True,False,
accelerometer,/home/crc00006699/zh/tabiclv2/data200/accelerometer,multiclass,122403,24481,30601,4,4,0.7459560145093298,0.7439208962997156,0.8094607843137255,0.9301831201084914,0.5309607642830249,159.42596435546875,242.24919867515564,ok,,122403,97922,0,30601,0.5726538598537445,88,0.0001,True,158.92046928405762,full_train_epoch_chunks,full train set chunked per epoch | validation=dataset_val_split,30,10,epoch_chunk,accuracy,0.7431477472325477,0.7436787712920224,0.7431477472325477,0.7436787712920224,1,True,False,
ada,/home/crc00006699/zh/tabiclv2/data200/ada,binclass,3317,664,830,48,2,0.8626506024096385,0.8577022271436191,0.7850852626338063,0.9187593353248692,0.3039243488474311,9.6378493309021,2.1129631996154785,ok,,3317,2653,0,830,0.2910888493061065,8,0.0001,True,9.461960554122925,full_train_epoch_chunks,full train set chunked per epoch | validation=dataset_val_split,30,1,epoch_chunk,accuracy,0.8704819277108434,0.8704819277108434,0.8704819277108434,0.8704819277108434,0,True,False,
ada_agnostic,/home/crc00006699/zh/tabiclv2/data200/ada_agnostic,binclass,3649,730,913,48,2,0.8433734939759037,0.8456184596581034,0.8058720026714272,0.9105585594842088,0.3289047813179558,13.238584756851196,2.336113452911377,ok,,3649,2919,0,913,0.6008177101612091,10,0.0001,True,13.02902889251709,full_train_epoch_chunks,full train set chunked per epoch | validation=dataset_val_split,30,1,epoch_chunk,accuracy,0.8095890410958904,0.8383561643835616,0.8095890410958904,0.8383561643835616,2,True,False,
ada_prior,/home/crc00006699/zh/tabiclv2/data200/ada_prior,binclass,3649,730,913,14,2,0.8554216867469879,0.8467806516402012,0.7593596280551238,0.8980426657761909,0.3341814659724442,7.233143806457519,1.3109867572784424,ok,,3649,2919,0,913,1.1721082031726835,8,0.0001,True,7.118621110916138,full_train_epoch_chunks,full train set chunked per epoch | validation=dataset_val_split,30,1,epoch_chunk,accuracy,0.8397260273972603,0.8397260273972603,0.8397260273972603,0.8397260273972603,0,True,False,
adult,/home/crc00006699/zh/tabiclv2/data200/adult,binclass,32561,6513,16281,14,2,0.8763589460106873,0.8725921799018169,0.8017853838399616,0.9291912118784712,0.2741309023073279,110.7398784160614,27.731816053390503,ok,,32561,26048,0,16281,0.2738673537969589,75,0.0001,True,110.24290657043456,full_train_epoch_chunks,full train set chunked per epoch | validation=dataset_val_split,30,3,epoch_chunk,accuracy,0.8661139259941655,0.8759404268386304,0.8661139259941655,0.8759404268386304,17,True,False,
airlines_seed_0_nrows_2000_nclasses_10_ncols_100_stratify_True,/home/crc00006699/zh/tabiclv2/data200/airlines_seed_0_nrows_2000_nclasses_10_ncols_100_stratify_True,binclass,1600,320,400,7,2,0.595,0.5815916808149405,0.5755643283733172,0.6760932280595203,0.6313806314304802,5.297757863998413,0.6949851512908936,ok,,1600,1280,0,400,0.6647278070449829,8,0.0001,True,5.252240419387817,full_train_epoch_chunks,full train set chunked per epoch | validation=dataset_val_split,30,1,epoch_chunk,accuracy,0.65625,0.65625,0.65625,0.65625,0,True,False,
allbp,/home/crc00006699/zh/tabiclv2/data200/allbp,multiclass,3017,604,755,29,3,0.9774834437086092,0.975153287094861,0.643059402893198,0.9900542673068916,0.060128511042717,7.528491020202637,1.6004598140716553,ok,,3017,2413,0,755,0.2095446139574051,8,0.0001,True,7.387109279632568,full_train_epoch_chunks,full train set chunked per epoch | validation=dataset_val_split,30,1,epoch_chunk,accuracy,0.9817880794701986,0.9817880794701986,0.9817880794701986,0.9817880794701986,0,True,False,
allrep,/home/crc00006699/zh/tabiclv2/data200/allrep,multiclass,3017,604,755,29,4,0.9841059602649008,0.9836103393706578,0.7504158512720156,0.9964394192784364,0.0384728273986392,8.479384183883667,1.5759828090667725,ok,,3017,2413,0,755,0.4733545631170273,8,0.0001,True,8.217644691467285,full_train_epoch_chunks,full train set chunked per epoch | validation=dataset_val_split,30,1,epoch_chunk,accuracy,0.9900662251655628,0.9900662251655628,0.9900662251655628,0.9900662251655628,0,True,False,
analcatdata_authorship,/home/crc00006699/zh/tabiclv2/data200/analcatdata_authorship,multiclass,672,135,169,69,4,0.9940828402366864,0.9940804879569156,0.9957627118644068,0.9999242768178148,0.0105286731713866,7.293338537216186,0.7855944633483887,ok,,672,537,0,169,0.0035547902807593,8,0.0001,True,7.154410600662232,full_train_epoch_chunks,full train set chunked per epoch | validation=dataset_val_split,30,1,epoch_chunk,accuracy,1.0,1.0,1.0,1.0,0,True,False,
artificial-characters,/home/crc00006699/zh/tabiclv2/data200/artificial-characters,multiclass,8174,1635,2044,7,10,0.9408023483365948,0.9408972355487204,0.9391348022036536,0.998765660648286,0.1284037951729307,9.980610132217407,2.717677354812622,ok,,8174,6539,0,2044,1.096454679965973,8,0.0001,True,9.837961196899414,full_train_epoch_chunks,full train set chunked per epoch | validation=dataset_val_split,30,1,epoch_chunk,accuracy,0.8770642201834863,0.8770642201834863,0.8770642201834863,0.8770642201834863,0,True,False,
autoUniv-au4-2500,/home/crc00006699/zh/tabiclv2/data200/autoUniv-au4-2500,multiclass,2000,400,500,100,3,0.728,0.6981575377472086,0.5268185526893868,0.766208465268624,0.6676199177334576,13.84205722808838,2.468964099884033,ok,,2000,1600,0,500,0.7586919665336609,8,0.0001,True,13.451179504394531,full_train_epoch_chunks,full train set chunked per epoch | validation=dataset_val_split,30,1,epoch_chunk,accuracy,0.715,0.715,0.715,0.715,0,True,False,
autoUniv-au7-1100,/home/crc00006699/zh/tabiclv2/data200/autoUniv-au7-1100,multiclass,880,176,220,12,5,0.4090909090909091,0.3888925460387546,0.3933436660157567,0.7421192889398621,1.3402214112576587,4.952815771102905,0.9632999897003174,ok,,880,704,0,220,1.365428388118744,8,0.0001,True,4.907745361328125,full_train_epoch_chunks,full train set chunked per epoch | validation=dataset_val_split,30,1,epoch_chunk,accuracy,0.5227272727272727,0.5227272727272727,0.5227272727272727,0.5227272727272727,0,True,False,
bank,/home/crc00006699/zh/tabiclv2/data200/bank,binclass,36168,7234,9043,16,2,0.9097644586973348,0.9084975795637468,0.7681063738365769,0.9438414773446904,0.1846337344457384,142.21861815452576,28.050183296203613,ok,,36168,28934,0,9043,0.1822134032845497,90,0.0001,True,141.6228609085083,full_train_epoch_chunks,full train set chunked per epoch | validation=dataset_val_split,30,3,epoch_chunk,accuracy,0.9158142106718274,0.9212054188554052,0.9158142106718274,0.9212054188554052,22,True,False,
banknote_authentication,/home/crc00006699/zh/tabiclv2/data200/banknote_authentication,binclass,1097,220,275,4,2,0.5381818181818182,0.4413918493181166,0.4919639987142398,0.526786670952534,0.6867512734265135,3.8535335063934326,0.1888132095336914,ok,,1097,877,0,275,0.6650690734386444,8,0.0001,True,3.827293157577514,full_train_epoch_chunks,full train set chunked per epoch | validation=dataset_val_split,30,1,epoch_chunk,accuracy,0.5818181818181818,0.5818181818181818,0.5818181818181818,0.5818181818181818,0,True,False,
baseball,/home/crc00006699/zh/tabiclv2/data200/baseball,multiclass,1072,215,268,16,3,0.9477611940298508,0.9395562619715698,0.6277056277056278,0.975801634804078,0.1320851760741188,5.612041473388672,0.7312517166137695,ok,,1072,857,0,268,0.1667708456516266,10,0.0001,True,5.5564258098602295,full_train_epoch_chunks,full train set chunked per epoch | validation=dataset_val_split,30,1,epoch_chunk,accuracy,0.9488372093023256,0.958139534883721,0.9488372093023256,0.958139534883721,2,True,False,
car-evaluation,/home/crc00006699/zh/tabiclv2/data200/car-evaluation,multiclass,1382,277,346,21,4,0.9913294797687862,0.991255234984881,0.9742757242757244,0.999975860570656,0.0098998825997807,7.539805173873901,0.7174975872039795,ok,,1382,1105,0,346,0.0046501066535711,11,0.0001,True,7.459177494049072,full_train_epoch_chunks,full train set chunked per epoch | validation=dataset_val_split,30,1,epoch_chunk,accuracy,0.9855595667870036,1.0,0.9855595667870036,1.0,3,True,False,
churn,/home/crc00006699/zh/tabiclv2/data200/churn,binclass,4000,800,1000,20,2,0.967,0.9656316025636732,0.8948348318595761,0.9323351414724362,0.1216782120994727,8.54604697227478,1.7260229587554932,ok,,4000,3200,0,1000,0.1487018167972564,8,0.0001,True,8.405498027801514,full_train_epoch_chunks,full train set chunked per epoch | validation=dataset_val_split,30,1,epoch_chunk,accuracy,0.97125,0.97125,0.97125,0.97125,0,True,False,
cmc,/home/crc00006699/zh/tabiclv2/data200/cmc,multiclass,1178,236,295,9,3,0.4508474576271186,0.3606919433781073,0.3700451988423893,0.721137703521242,1.0004292759060425,6.0170371532440186,0.587012529373169,ok,,1178,942,0,295,2.630246162414551,12,0.0001,True,5.974055528640747,full_train_epoch_chunks,full train set chunked per epoch | validation=dataset_val_split,30,1,epoch_chunk,accuracy,0.5508474576271186,0.5635593220338984,0.5508474576271186,0.5635593220338984,4,True,False,
company_bankruptcy_prediction,/home/crc00006699/zh/tabiclv2/data200/company_bankruptcy_prediction,binclass,5455,1091,1364,95,2,0.967741935483871,0.9637036959981692,0.6428030303030303,0.962224517906336,0.0749386989908075,28.543971061706543,6.279111385345459,ok,,5455,4364,0,1364,0.0728336237370967,12,0.0001,True,27.93585586547852,full_train_epoch_chunks,full train set chunked per epoch | validation=dataset_val_split,30,1,epoch_chunk,accuracy,0.9670027497708524,0.9688359303391384,0.9670027497708524,0.9688359303391384,4,True,False,
compass,/home/crc00006699/zh/tabiclv2/data200/compass,binclass,13315,2663,3329,17,2,0.8305797536797838,0.8304189888433224,0.8305705344767844,0.9088998253060754,0.3750850711590399,19.05231547355652,6.186935424804688,ok,,13315,10652,0,3329,2.6169750690460205,16,0.0001,True,18.788423538208008,full_train_epoch_chunks,full train set chunked per epoch | validation=dataset_val_split,30,2,epoch_chunk,accuracy,0.8043559894855427,0.8043559894855427,0.8043559894855427,0.8043559894855427,0,True,False,
connect-4,/home/crc00006699/zh/tabiclv2/data200/connect-4,multiclass,54045,10809,13512,42,3,0.866785079928952,0.8566881718155136,0.7082207643599273,0.9488925719838692,0.3275812863287489,361.2891569137573,95.91905641555786,ok,,54045,43236,0,13512,0.4737142473459244,150,0.0001,True,358.44859504699707,full_train_epoch_chunks,full train set chunked per epoch | validation=dataset_val_split,30,5,epoch_chunk,accuracy,0.8538255157738921,0.8724211305393653,0.8538255157738921,0.8724211305393653,23,False,False,
contraceptive_method_choice,/home/crc00006699/zh/tabiclv2/data200/contraceptive_method_choice,multiclass,1178,236,295,9,3,0.6372881355932203,0.6356221051172173,0.6106558709719377,0.7948118572256018,0.8236246965571389,4.434464454650879,0.4735338687896728,ok,,1178,942,0,295,0.941259264945984,8,0.0001,True,4.368889093399048,full_train_epoch_chunks,full train set chunked per epoch | validation=dataset_val_split,30,1,epoch_chunk,accuracy,0.5423728813559322,0.5423728813559322,0.5423728813559322,0.5423728813559322,0,True,False,
credit,/home/crc00006699/zh/tabiclv2/data200/credit,binclass,13371,2675,3343,10,2,0.7858211187556088,0.7858055557811423,0.7858185941432658,0.86536476453088,0.4611800933771846,17.743714332580566,5.628883123397827,ok,,13371,10696,0,3343,0.5320322513580322,16,0.0001,True,17.593179941177368,full_train_epoch_chunks,full train set chunked per epoch | validation=dataset_val_split,30,2,epoch_chunk,accuracy,0.7783177570093458,0.7783177570093458,0.7783177570093458,0.7783177570093458,0,True,False,
credit-g,/home/crc00006699/zh/tabiclv2/data200/credit-g,binclass,800,160,200,20,2,0.795,0.7804087385482734,0.705952380952381,0.8434523809523808,0.4388163420132596,5.023164749145508,0.9442553520202636,ok,,800,640,0,200,1.5752419829368591,8,0.0001,True,4.945759296417236,full_train_epoch_chunks,full train set chunked per epoch | validation=dataset_val_split,30,1,epoch_chunk,accuracy,0.75,0.75,0.75,0.75,0,True,False,
customer_satisfaction_in_airline,/home/crc00006699/zh/tabiclv2/data200/customer_satisfaction_in_airline,binclass,103904,20781,25976,21,2,0.9656606097936556,0.9657050983510184,0.9669235675525462,0.995934000241647,0.0779266456726215,581.7411687374115,235.538360118866,ok,,103904,83123,0,25976,0.0793291889131069,270,0.0001,True,578.6899428367615,full_train_epoch_chunks,full train set chunked per epoch | validation=dataset_val_split,30,9,epoch_chunk,accuracy,0.9622732303546508,0.9656898128097782,0.9622732303546508,0.9656898128097782,24,False,False,
dabetes_130-us_hospitals,/home/crc00006699/zh/tabiclv2/data200/dabetes_130-us_hospitals,binclass,81412,16283,20354,20,2,0.6455242212832858,0.6433044339133513,0.6395184192600043,0.7040297368953592,0.6215000354951642,142.36156964302063,123.34086537361144,ok,,81412,65129,0,20354,0.6398606896400452,63,0.0001,True,139.71191310882568,full_train_epoch_chunks,full train set chunked per epoch | validation=dataset_val_split,30,7,epoch_chunk,accuracy,0.6479764171221519,0.6536878953509796,0.6479764171221519,0.6536878953509796,1,True,False,
default_of_credit_card_clients,/home/crc00006699/zh/tabiclv2/data200/default_of_credit_card_clients,binclass,24000,4800,6000,23,2,0.8253333333333334,0.8074455607406218,0.6725723669346795,0.7984910187288616,0.4147400227949642,94.84240984916688,16.358723402023315,ok,,24000,19200,0,6000,0.4104690849781036,42,0.0001,True,94.05827379226685,full_train_epoch_chunks,full train set chunked per epoch | validation=dataset_val_split,30,2,epoch_chunk,accuracy,0.82125,0.82375,0.82125,0.82375,13,True,False,
delta_ailerons,/home/crc00006699/zh/tabiclv2/data200/delta_ailerons,binclass,5703,1141,1426,5,2,0.953015427769986,0.953028571020914,0.9531399020206028,0.982362918688158,0.158404493713404,8.17841362953186,1.2752645015716553,ok,,5703,4562,0,1426,0.144288033246994,8,0.0001,True,8.062800884246826,full_train_epoch_chunks,full train set chunked per epoch | validation=dataset_val_split,30,1,epoch_chunk,accuracy,0.9430324276950044,0.9430324276950044,0.9430324276950044,0.9430324276950044,0,True,False,
dis,/home/crc00006699/zh/tabiclv2/data200/dis,binclass,3017,604,755,29,2,0.990728476821192,0.989524085374335,0.7493270524899058,0.9897936294302376,0.0304629381276426,9.898330688476562,1.3735554218292236,ok,,3017,2413,0,755,0.0590352937579155,10,0.0001,True,9.75800108909607,full_train_epoch_chunks,full train set chunked per epoch | validation=dataset_val_split,30,1,epoch_chunk,accuracy,0.98841059602649,0.9917218543046358,0.98841059602649,0.9917218543046358,2,True,False,
dna,/home/crc00006699/zh/tabiclv2/data200/dna,multiclass,2548,510,638,180,3,0.9717868338557992,0.9719225529564052,0.9714135951918074,0.997980097351232,0.078726645084531,26.51499915122986,5.894717454910278,ok,,2548,2038,0,638,0.1459335461258888,8,0.0001,True,25.034283876419067,full_train_epoch_chunks,full train set chunked per epoch | validation=dataset_val_split,30,1,epoch_chunk,accuracy,0.9705882352941176,0.9705882352941176,0.9705882352941176,0.9705882352941176,0,True,False,
drug_consumption,/home/crc00006699/zh/tabiclv2/data200/drug_consumption,multiclass,1507,302,377,12,7,0.403183023872679,0.2316968605998004,0.1428571428571428,0.5297343818540019,1.5125163592279736,7.520938634872436,0.7760536670684814,ok,,1507,1205,0,377,1.603798806667328,8,0.0001,True,7.471622705459595,full_train_epoch_chunks,full train set chunked per epoch | validation=dataset_val_split,30,1,epoch_chunk,accuracy,0.4039735099337748,0.4039735099337748,0.4039735099337748,0.4039735099337748,0,True,False,
dry_bean_dataset,/home/crc00006699/zh/tabiclv2/data200/dry_bean_dataset,multiclass,10888,2178,2723,16,7,0.9272860815277268,0.9272795307975532,0.9375213628524316,0.9960379062076224,0.1857773199688881,47.11619687080383,5.118688106536865,ok,,10888,8710,0,2723,0.1633152440190315,24,0.0001,True,46.701011180877686,full_train_epoch_chunks,full train set chunked per epoch | validation=dataset_val_split,30,1,epoch_chunk,accuracy,0.9297520661157024,0.9348025711662076,0.9297520661157024,0.9348025711662076,16,True,False,
eeg-eye-state,/home/crc00006699/zh/tabiclv2/data200/eeg-eye-state,binclass,11984,2397,2996,14,2,0.9939919893190922,0.9939911503547096,0.9937908533523672,0.99990453009216,0.0129394228025185,16.5866277217865,5.530590534210205,ok,,11984,9587,0,2996,0.0313768312335014,8,0.0001,True,16.32858180999756,full_train_epoch_chunks,full train set chunked per epoch | validation=dataset_val_split,30,1,epoch_chunk,accuracy,0.9933249895702962,0.9933249895702962,0.9933249895702962,0.9933249895702962,0,True,False,
electricity,/home/crc00006699/zh/tabiclv2/data200/electricity,binclass,36249,7250,9063,8,2,0.96391923204237,0.9639295420565546,0.9633687757009904,0.9947476045630408,0.0932244405073776,125.44904470443726,26.362935066223145,ok,,36249,28999,0,9063,0.2026068866252899,81,0.0001,True,125.08484506607056,full_train_epoch_chunks,full train set chunked per epoch | validation=dataset_val_split,30,3,epoch_chunk,accuracy,0.9142068965517242,0.960551724137931,0.9142068965517242,0.960551724137931,19,True,False,
estimation_of_obesity_levels,/home/crc00006699/zh/tabiclv2/data200/estimation_of_obesity_levels,multiclass,1688,338,423,16,7,0.9905437352245864,0.9905622153790828,0.9902298850574712,0.9999392671570282,0.0247492884151323,8.131064653396606,0.9683475494384766,ok,,1688,1350,0,423,0.0307410163804888,10,0.0001,True,8.0596764087677,full_train_epoch_chunks,full train set chunked per epoch | validation=dataset_val_split,30,1,epoch_chunk,accuracy,0.9763313609467456,0.9881656804733728,0.9763313609467456,0.9881656804733728,2,True,False,
eucalyptus,/home/crc00006699/zh/tabiclv2/data200/eucalyptus,multiclass,588,118,148,19,5,0.7364864864864865,0.7402095066246009,0.7268924873576037,0.9435029694274476,0.586919518921523,5.056077241897583,0.905200719833374,ok,,588,470,0,148,0.5950908660888672,8,0.0001,True,4.973693132400513,full_train_epoch_chunks,full train set chunked per epoch | validation=dataset_val_split,30,1,epoch_chunk,accuracy,0.7372881355932204,0.7372881355932204,0.7372881355932204,0.7372881355932204,0,True,False,
eye_movements,/home/crc00006699/zh/tabiclv2/data200/eye_movements,multiclass,8748,1750,2188,27,3,0.9753199268738574,0.975284567178876,0.977622459495974,0.9989557061002868,0.0524667209735347,65.21733832359314,4.732985734939575,ok,,8748,6998,0,2188,0.1061081141233444,30,0.0001,True,64.58260536193848,full_train_epoch_chunks,full train set chunked per epoch | validation=dataset_val_split,30,1,epoch_chunk,accuracy,0.8137142857142857,0.9771428571428572,0.8137142857142857,0.9771428571428572,30,False,False,
eye_movements_bin,/home/crc00006699/zh/tabiclv2/data200/eye_movements_bin,binclass,6086,1218,1522,20,2,0.7036793692509855,0.7036792413326582,0.7036793692509855,0.7937192745557491,0.5181693380233362,42.60257053375244,2.953953742980957,ok,,6086,4868,0,1522,0.5422180891036987,30,0.0001,True,42.20726561546326,full_train_epoch_chunks,full train set chunked per epoch | validation=dataset_val_split,30,1,epoch_chunk,accuracy,0.6305418719211823,0.7036124794745484,0.6305418719211823,0.7036124794745484,25,False,False,
first-order-theorem-proving,/home/crc00006699/zh/tabiclv2/data200/first-order-theorem-proving,multiclass,4894,979,1224,51,6,0.6511437908496732,0.6339349352347329,0.5250922040067,0.8600228081868121,1.0152177808870528,17.082382440567017,3.8356058597564697,ok,,4894,3915,0,1224,1.214059054851532,8,0.0001,True,16.58913540840149,full_train_epoch_chunks,full train set chunked per epoch | validation=dataset_val_split,30,1,epoch_chunk,accuracy,0.6312563840653729,0.6312563840653729,0.6312563840653729,0.6312563840653729,0,True,False,
gas-drift,/home/crc00006699/zh/tabiclv2/data200/gas-drift,multiclass,11128,2226,2782,128,6,0.9971243709561468,0.9971239510816552,0.9969872270355647,0.9999633592368268,0.0124406551740761,9.115196704864502,16.82132887840271,ok,,11128,8902,0,2782,,0,0.0001,False,6.678851842880249,full_train_epoch_chunks,"full train set chunked per epoch | validation=dataset_val_split | TTT OOM; used original model parameters for inference: OutOfMemoryError: CUDA out of memory. Tried to allocate 574.00 MiB. GPU 0 has a total capacity of 23.57 GiB of which 256.00 MiB is free. Process 68252 has 23.27 GiB memory in use. Of the allocated memory 21.54 GiB is allocated by PyTorch, and 1.39 GiB is reserved by PyTorch but unallocated. If reserved but unallocated memory is large try setting PYTORCH_CUDA_ALLOC_CONF=expandable_segments:True to avoid fragmentation. See documentation for Memory Management (https://pytorch.org/docs/stable/notes/cuda.html#environment-variables)",0,0,,,,,,,0,False,True,"TTT OOM; used original model parameters for inference: OutOfMemoryError: CUDA out of memory. Tried to allocate 574.00 MiB. GPU 0 has a total capacity of 23.57 GiB of which 256.00 MiB is free. Process 68252 has 23.27 GiB memory in use. Of the allocated memory 21.54 GiB is allocated by PyTorch, and 1.39 GiB is reserved by PyTorch but unallocated. If reserved but unallocated memory is large try setting PYTORCH_CUDA_ALLOC_CONF=expandable_segments:True to avoid fragmentation. See documentation for Memory Management (https://pytorch.org/docs/stable/notes/cuda.html#environment-variables)"
golf_play_dataset_extended,/home/crc00006699/zh/tabiclv2/data200/golf_play_dataset_extended,binclass,876,176,219,9,2,0.9452054794520548,0.9452054794520548,0.9174415682332244,0.97939180698668,0.1498190094510618,6.2483086585998535,0.9331529140472412,ok,,876,700,0,219,0.3935503363609314,10,0.0001,True,6.192549228668213,full_train_epoch_chunks,full train set chunked per epoch | validation=dataset_val_split,30,1,epoch_chunk,accuracy,0.9147727272727272,0.9261363636363636,0.9147727272727272,0.9261363636363636,2,True,False,
helena,/home/crc00006699/zh/tabiclv2/data200/helena,multiclass,52156,10432,13040,27,100,0.4322852760736196,0.4057353673476964,0.2850063594525104,0.9092834394118544,2.344683534634565,4.774658203125,129.8068528175354,ok,,52156,41724,0,13040,,0,0.0001,False,2.0143585205078125,full_train_epoch_chunks,full train set chunked per epoch | validation=dataset_val_split | TTT training skipped because n_classes=100 exceeds model max_classes=10,0,0,epoch_chunk,,,,,,0,False,False,
heloc,/home/crc00006699/zh/tabiclv2/data200/heloc,binclass,8000,1600,2000,22,2,0.733,0.732653518960573,0.733,0.8034025000000001,0.5403228298307362,17.263731479644775,3.968801498413086,ok,,8000,6400,0,2000,0.6343898177146912,8,0.0001,True,16.980408668518066,full_train_epoch_chunks,full train set chunked per epoch | validation=dataset_val_split,30,1,epoch_chunk,accuracy,0.726875,0.726875,0.726875,0.726875,0,True,False,
hill-valley,/home/crc00006699/zh/tabiclv2/data200/hill-valley,binclass,969,194,243,100,2,0.9876543209876544,0.987651811405757,0.987603305785124,1.0,0.0533442087894714,39.5283579826355,1.3058757781982422,ok,,969,775,0,243,0.1404724232852459,30,0.0001,True,39.338382959365845,full_train_epoch_chunks,full train set chunked per epoch | validation=dataset_val_split,30,1,epoch_chunk,accuracy,0.9072164948453608,0.979381443298969,0.9072164948453608,0.979381443298969,28,False,False,
house_16H,/home/crc00006699/zh/tabiclv2/data200/house_16H,binclass,10790,2158,2698,16,2,0.8888065233506302,0.8888062789421017,0.8888065233506302,0.9571780101230848,0.2655785222697597,31.98354125022888,4.880610704421997,ok,,10790,8632,0,2698,0.2538225203752517,15,0.0001,True,31.736348390579224,full_train_epoch_chunks,full train set chunked per epoch | validation=dataset_val_split,30,1,epoch_chunk,accuracy,0.881371640407785,0.8883225208526413,0.881371640407785,0.8883225208526413,7,True,False,
htru,/home/crc00006699/zh/tabiclv2/data200/htru,binclass,14318,2864,3580,8,2,0.9798882681564246,0.979661548479967,0.9286217862178622,0.986969557195572,0.062399673562582,23.15563559532165,6.283130407333374,ok,,14318,11454,0,3580,0.0713251084089279,20,0.0001,True,22.9677631855011,full_train_epoch_chunks,full train set chunked per epoch | validation=dataset_val_split,30,2,epoch_chunk,accuracy,0.9783519553072626,0.9800977653631284,0.9783519553072626,0.9800977653631284,2,True,False,
ibm-employee-performance,/home/crc00006699/zh/tabiclv2/data200/ibm-employee-performance,binclass,1176,236,294,30,2,1.0,1.0,1.0,1.0,2.3057364057800555e-06,9.28817892074585,1.149284839630127,ok,,1176,940,0,294,7.292057659924467e-07,8,0.0001,True,9.087214231491089,full_train_epoch_chunks,full train set chunked per epoch | validation=dataset_val_split,30,1,epoch_chunk,accuracy,1.0,1.0,1.0,1.0,0,True,False,
in_vehicle_coupon_recommendation,/home/crc00006699/zh/tabiclv2/data200/in_vehicle_coupon_recommendation,binclass,10147,2030,2537,21,2,0.7871501773748522,0.7857733254709358,0.7780378596444563,0.8623066010551048,0.4583412663098087,20.6467022895813,5.053358554840088,ok,,10147,8117,0,2537,0.4965936988592148,8,0.0001,True,19.95994281768799,full_train_epoch_chunks,full train set chunked per epoch | validation=dataset_val_split,30,1,epoch_chunk,accuracy,0.7630541871921183,0.7630541871921183,0.7630541871921183,0.7630541871921183,0,True,False,
internet_firewall,/home/crc00006699/zh/tabiclv2/data200/internet_firewall,multiclass,52425,10485,13107,7,4,0.9246967269398032,0.9232439031648492,0.7367949575471335,0.9894144966664828,0.1252434742300388,87.39434099197388,49.75820016860962,ok,,52425,41940,0,13107,0.5467743277549744,64,0.0001,True,86.86941766738892,full_train_epoch_chunks,full train set chunked per epoch | validation=dataset_val_split,30,5,epoch_chunk,accuracy,0.7921793037672866,0.93447782546495,0.7921793037672866,0.93447782546495,5,True,False,
internet_usage,/home/crc00006699/zh/tabiclv2/data200/internet_usage,multiclass,8086,1618,2022,70,46,0.5499505440158259,0.4736042321329964,0.1894273526256094,0.9367467893281256,1.3632963379808478,4.101883411407471,21.73717045783997,ok,,8086,6468,0,2022,,0,0.0001,False,2.3732898235321045,full_train_epoch_chunks,full train set chunked per epoch | validation=dataset_val_split | TTT training skipped because n_classes=46 exceeds model max_classes=10,0,0,epoch_chunk,,,,,,0,False,False,
jasmine,/home/crc00006699/zh/tabiclv2/data200/jasmine,binclass,2387,478,597,144,2,0.8224455611390284,0.8208980443536286,0.8226021862584454,0.8860912212969407,0.380760223583266,25.152390003204346,4.701966047286987,ok,,2387,1909,0,597,0.3302453011274338,8,0.0001,True,24.26194190979004,full_train_epoch_chunks,full train set chunked per epoch | validation=dataset_val_split,30,1,epoch_chunk,accuracy,0.8514644351464435,0.8514644351464435,0.8514644351464435,0.8514644351464435,0,True,False,
jm1,/home/crc00006699/zh/tabiclv2/data200/jm1,binclass,8708,1742,2177,21,2,0.8203950390445567,0.789397588663447,0.6015419139807054,0.7614328072330226,0.4309035404456917,30.656668424606323,4.239432334899902,ok,,8708,6966,0,2177,0.4111765921115875,16,0.0001,True,30.40120768547058,full_train_epoch_chunks,full train set chunked per epoch | validation=dataset_val_split,30,1,epoch_chunk,accuracy,0.8231917336394948,0.830654420206659,0.8231917336394948,0.830654420206659,8,True,False,
jungle_chess_2pcs_raw_endgame_complete,/home/crc00006699/zh/tabiclv2/data200/jungle_chess_2pcs_raw_endgame_complete,multiclass,35855,7171,8964,6,3,0.9828201695671576,0.9827697333561826,0.9716147155495758,0.9991029822259612,0.0571547085619943,123.57325172424316,24.937029600143436,ok,,35855,28684,0,8964,0.0897621773183345,90,0.0001,True,123.36083364486694,full_train_epoch_chunks,full train set chunked per epoch | validation=dataset_val_split,30,3,epoch_chunk,accuracy,0.8931808673825129,0.9881467019941432,0.8931808673825129,0.9881467019941432,29,False,False,
kc1,/home/crc00006699/zh/tabiclv2/data200/kc1,binclass,1687,338,422,21,2,0.8720379146919431,0.855423482647913,0.6601163542340013,0.8574876104287869,0.3023507712488205,5.678154468536377,0.9079174995422364,ok,,1687,1349,0,422,0.3450683653354645,8,0.0001,True,5.577597379684448,full_train_epoch_chunks,full train set chunked per epoch | validation=dataset_val_split,30,1,epoch_chunk,accuracy,0.878698224852071,0.878698224852071,0.878698224852071,0.878698224852071,0,True,False,
kdd_ipums_la_97-small,/home/crc00006699/zh/tabiclv2/data200/kdd_ipums_la_97-small,binclass,4150,830,1038,20,2,0.8872832369942196,0.8869658857484836,0.8872832369942196,0.9505552028690122,0.2576180289765374,20.18766212463379,1.845313310623169,ok,,4150,3320,0,1038,0.2505433484911918,23,0.0001,True,20.07054901123047,full_train_epoch_chunks,full train set chunked per epoch | validation=dataset_val_split,30,1,epoch_chunk,accuracy,0.8819277108433735,0.8879518072289156,0.8819277108433735,0.8879518072289156,15,True,False,
kr-vs-k,/home/crc00006699/zh/tabiclv2/data200/kr-vs-k,multiclass,22444,4489,5612,6,18,0.9196364932287956,0.9195808375758182,0.9049146291370672,0.997887329309374,0.2340716765726374,1.3533334732055664,30.48921251296997,ok,,22444,17955,0,5612,,0,0.0001,False,0.6584563255310059,full_train_epoch_chunks,full train set chunked per epoch | validation=dataset_val_split | TTT training skipped because n_classes=18 exceeds model max_classes=10,0,0,epoch_chunk,,,,,,0,False,False,
kr-vs-kp,/home/crc00006699/zh/tabiclv2/data200/kr-vs-kp,binclass,2556,512,640,36,2,0.9984375,0.9984376031804651,0.998502994011976,0.9999804312942744,0.0075476409658661,12.03178858757019,1.5970981121063232,ok,,2556,2044,0,640,0.0238048182800412,10,0.0001,True,11.826610803604126,full_train_epoch_chunks,full train set chunked per epoch | validation=dataset_val_split,30,1,epoch_chunk,accuracy,0.99609375,0.998046875,0.99609375,0.998046875,2,True,False,
kropt,/home/crc00006699/zh/tabiclv2/data200/kropt,multiclass,22444,4489,5612,6,18,0.9164290805416964,0.916335241288993,0.9030691720131352,0.9977791407022818,0.2397020323865644,1.7699968814849854,30.3788423538208,ok,,22444,17955,0,5612,,0,0.0001,False,0.7770144939422607,full_train_epoch_chunks,full train set chunked per epoch | validation=dataset_val_split | TTT training skipped because n_classes=18 exceeds model max_classes=10,0,0,epoch_chunk,,,,,,0,False,False,
law-school-admission-bianry,/home/crc00006699/zh/tabiclv2/data200/law-school-admission-bianry,binclass,16640,3328,4160,11,2,1.0,1.0,1.0,1.0,7.029863807826597e-07,20.16434645652771,7.940556764602661,ok,,16640,13312,0,4160,1.3532595488641166e-07,16,0.0001,True,19.956530809402462,full_train_epoch_chunks,full train set chunked per epoch | validation=dataset_val_split,30,2,epoch_chunk,accuracy,1.0,1.0,1.0,1.0,0,True,False,
led24,/home/crc00006699/zh/tabiclv2/data200/led24,multiclass,2560,512,640,24,10,0.7296875,0.7231758214806653,0.7295633046041134,0.9582986540464502,0.7699675237857007,10.76896071434021,1.2888715267181396,ok,,2560,2048,0,640,0.8621829152107239,11,0.0001,True,10.648742437362673,full_train_epoch_chunks,full train set chunked per epoch | validation=dataset_val_split,30,1,epoch_chunk,accuracy,0.71875,0.732421875,0.71875,0.732421875,3,True,False,
led7,/home/crc00006699/zh/tabiclv2/data200/led7,multiclass,2560,512,640,7,10,0.7359375,0.7296253900127811,0.7341643094124238,0.9591636103853683,0.7753245674366147,9.038755416870115,0.8613450527191162,ok,,2560,2048,0,640,0.8199211955070496,11,0.0001,True,8.986933469772339,full_train_epoch_chunks,full train set chunked per epoch | validation=dataset_val_split,30,1,epoch_chunk,accuracy,0.73046875,0.732421875,0.73046875,0.732421875,3,True,False,
letter,/home/crc00006699/zh/tabiclv2/data200/letter,multiclass,16000,3200,4000,15,26,0.99,0.9899971395278518,0.989935619656272,0.9999762042268544,0.0263592691246219,1.4475605487823486,21.658768892288208,ok,,16000,12800,0,4000,,0,0.0001,False,0.698005199432373,full_train_epoch_chunks,full train set chunked per epoch | validation=dataset_val_split | TTT training skipped because n_classes=26 exceeds model max_classes=10,0,0,epoch_chunk,,,,,,0,False,False,
madeline,/home/crc00006699/zh/tabiclv2/data200/madeline,binclass,2512,503,628,259,2,0.9235668789808916,0.9235645531228877,0.9235434923726062,0.9768033917559236,0.1907436470134321,30.18852114677429,7.46497654914856,ok,,2512,2009,0,628,0.2938467264175415,8,0.0001,True,28.90100073814392,full_train_epoch_chunks,full train set chunked per epoch | validation=dataset_val_split,30,1,epoch_chunk,accuracy,0.9224652087475148,0.9224652087475148,0.9224652087475148,0.9224652087475148,0,True,False,
mammography,/home/crc00006699/zh/tabiclv2/data200/mammography,binclass,8946,1790,2237,6,2,0.9888243182834152,0.9879016619731944,0.8065481429325823,0.984166519978877,0.0323264150473558,12.709956645965576,2.529747486114502,ok,,8946,7156,0,2237,0.0561236925423145,11,0.0001,True,12.605640172958374,full_train_epoch_chunks,full train set chunked per epoch | validation=dataset_val_split,30,1,epoch_chunk,accuracy,0.9871508379888267,0.9893854748603352,0.9871508379888267,0.9893854748603352,3,True,False,
maternal_health_risk,/home/crc00006699/zh/tabiclv2/data200/maternal_health_risk,multiclass,811,163,203,6,3,0.8768472906403941,0.8748005893782885,0.8794702134668967,0.9634698970225212,0.3257800888609885,5.751447916030884,0.8935370445251465,ok,,811,648,0,203,1.2107235193252563,10,0.0001,True,5.6841795444488525,full_train_epoch_chunks,full train set chunked per epoch | validation=dataset_val_split,30,1,epoch_chunk,accuracy,0.8159509202453987,0.8220858895705522,0.8159509202453987,0.8220858895705522,2,True,False,
mfeat-factors,/home/crc00006699/zh/tabiclv2/data200/mfeat-factors,multiclass,1600,320,400,216,10,0.9825,0.9824984372558212,0.9825,0.9997569444444444,0.0771859844887558,19.05011534690857,4.350949764251709,ok,,1600,1280,0,400,0.0054116758983582,8,0.0001,True,18.35297799110413,full_train_epoch_chunks,full train set chunked per epoch | validation=dataset_val_split,30,1,epoch_chunk,accuracy,0.984375,0.984375,0.984375,0.984375,0,True,False,
mfeat-fourier,/home/crc00006699/zh/tabiclv2/data200/mfeat-fourier,multiclass,1600,320,400,76,10,0.9225,0.9215657662524076,0.9225,0.9953402777777776,0.2071172071875525,15.759280920028688,1.637371301651001,ok,,1600,1280,0,400,0.1593471020460128,12,0.0001,True,15.528279542922974,full_train_epoch_chunks,full train set chunked per epoch | validation=dataset_val_split,30,1,epoch_chunk,accuracy,0.90625,0.91875,0.90625,0.91875,4,True,False,
mfeat-karhunen,/home/crc00006699/zh/tabiclv2/data200/mfeat-karhunen,multiclass,1600,320,400,64,10,0.975,0.975015727207024,0.975,0.9997083333333332,0.0886680415281945,9.690873861312866,1.5252747535705566,ok,,1600,1280,0,400,0.0273425029590725,10,0.0001,True,9.487619400024414,full_train_epoch_chunks,full train set chunked per epoch | validation=dataset_val_split,30,1,epoch_chunk,accuracy,0.978125,0.98125,0.978125,0.98125,2,True,False,
mfeat-morphological,/home/crc00006699/zh/tabiclv2/data200/mfeat-morphological,multiclass,1600,320,400,6,10,0.77,0.7619729916146867,0.7699999999999999,0.9741041666666668,0.4927334706374584,5.794207811355591,0.8427152633666992,ok,,1600,1280,0,400,0.7983456254005432,8,0.0001,True,5.757153034210205,full_train_epoch_chunks,full train set chunked per epoch | validation=dataset_val_split,30,1,epoch_chunk,accuracy,0.74375,0.74375,0.74375,0.74375,0,True,False,
mfeat-pixel,/home/crc00006699/zh/tabiclv2/data200/mfeat-pixel,multiclass,1600,320,400,240,10,0.975,0.9749796275932064,0.975,0.9996736111111112,0.0957897535458351,39.67913794517517,5.064376831054688,ok,,1600,1280,0,400,0.001351551618427,12,0.0001,True,38.5746648311615,full_train_epoch_chunks,full train set chunked per epoch | validation=dataset_val_split,30,1,epoch_chunk,accuracy,0.98125,0.9875,0.98125,0.9875,4,True,False,
mfeat-zernike,/home/crc00006699/zh/tabiclv2/data200/mfeat-zernike,multiclass,1600,320,400,47,10,0.905,0.9039559369932956,0.905,0.9951666666666666,0.2137525991667329,16.1740300655365,1.1985673904418943,ok,,1600,1280,0,400,0.1132969111204147,18,0.0001,True,16.03973889350891,full_train_epoch_chunks,full train set chunked per epoch | validation=dataset_val_split,30,1,epoch_chunk,accuracy,0.865625,0.91875,0.865625,0.91875,10,True,False,
mice_protein_expression,/home/crc00006699/zh/tabiclv2/data200/mice_protein_expression,multiclass,864,173,216,75,8,1.0,1.0,1.0,1.0,1.6068522330736386e-06,10.06894063949585,1.1367449760437012,ok,,864,691,0,216,4.872031922786846e-05,8,0.0001,True,9.808424949645996,full_train_epoch_chunks,full train set chunked per epoch | validation=dataset_val_split,30,1,epoch_chunk,accuracy,1.0,1.0,1.0,1.0,0,True,False,
microaggregation2,/home/crc00006699/zh/tabiclv2/data200/microaggregation2,multiclass,16000,3200,4000,20,5,0.6445,0.5978512114251717,0.438067173379301,0.8357834054145904,0.8613286429380488,22.588253498077396,8.844926595687866,ok,,16000,12800,0,4000,0.97442027926445,16,0.0001,True,22.150223970413208,full_train_epoch_chunks,full train set chunked per epoch | validation=dataset_val_split,30,2,epoch_chunk,accuracy,0.650625,0.650625,0.650625,0.650625,0,True,False,
mobile_c36_oversampling,/home/crc00006699/zh/tabiclv2/data200/mobile_c36_oversampling,binclass,41408,8282,10352,6,2,0.9932380216383307,0.9932335599772208,0.9922631308493984,0.9993256742318836,0.024472880141886,50.985007762908936,24.002131700515747,ok,,41408,33126,0,10352,0.067453846335411,44,0.0001,True,50.66210532188416,full_train_epoch_chunks,full train set chunked per epoch | validation=dataset_val_split,30,4,epoch_chunk,accuracy,0.9942042984786283,0.9952909925138856,0.9942042984786283,0.9952909925138856,3,True,False,
mozilla4,/home/crc00006699/zh/tabiclv2/data200/mozilla4,binclass,12436,2488,3109,4,2,0.944033451270505,0.9434198517226944,0.926606745513415,0.9780999140143484,0.1591731106087494,13.66231369972229,2.4359614849090576,ok,,12436,9948,0,3109,0.2020547837018966,8,0.0001,True,13.543473958969116,full_train_epoch_chunks,full train set chunked per epoch | validation=dataset_val_split,30,1,epoch_chunk,accuracy,0.942524115755627,0.942524115755627,0.942524115755627,0.942524115755627,0,True,False,
naticusdroid+android+permissions+dataset,/home/crc00006699/zh/tabiclv2/data200/naticusdroid+android+permissions+dataset,binclass,23465,4693,5867,86,2,0.9730697119481848,0.9730692362659236,0.9730816651908456,0.9955494702151444,0.0771021161548306,11.573162078857422,28.6364221572876,ok,,23465,18772,0,5867,,0,0.0001,False,7.574628114700317,full_train_epoch_chunks,"full train set chunked per epoch | validation=dataset_val_split | TTT OOM; used original model parameters for inference: OutOfMemoryError: CUDA out of memory. Tried to allocate 440.00 MiB. GPU 0 has a total capacity of 23.57 GiB of which 212.00 MiB is free. Process 68252 has 23.31 GiB memory in use. Of the allocated memory 21.50 GiB is allocated by PyTorch, and 1.48 GiB is reserved by PyTorch but unallocated. If reserved but unallocated memory is large try setting PYTORCH_CUDA_ALLOC_CONF=expandable_segments:True to avoid fragmentation. See documentation for Memory Management (https://pytorch.org/docs/stable/notes/cuda.html#environment-variables)",0,0,,,,,,,0,False,True,"TTT OOM; used original model parameters for inference: OutOfMemoryError: CUDA out of memory. Tried to allocate 440.00 MiB. GPU 0 has a total capacity of 23.57 GiB of which 212.00 MiB is free. Process 68252 has 23.31 GiB memory in use. Of the allocated memory 21.50 GiB is allocated by PyTorch, and 1.48 GiB is reserved by PyTorch but unallocated. If reserved but unallocated memory is large try setting PYTORCH_CUDA_ALLOC_CONF=expandable_segments:True to avoid fragmentation. See documentation for Memory Management (https://pytorch.org/docs/stable/notes/cuda.html#environment-variables)"
national-longitudinal-survey-binary,/home/crc00006699/zh/tabiclv2/data200/national-longitudinal-survey-binary,binclass,3926,786,982,16,2,1.0,1.0,1.0,1.0,0.000238956362367,7.708374500274658,1.819579124450684,ok,,3926,3140,0,982,1.2434402378858067e-06,8,0.0001,True,7.579685688018799,full_train_epoch_chunks,full train set chunked per epoch | validation=dataset_val_split,30,1,epoch_chunk,accuracy,1.0,1.0,1.0,1.0,0,True,False,
okcupid_stem,/home/crc00006699/zh/tabiclv2/data200/okcupid_stem,multiclass,21341,4269,5336,13,3,0.7516866566716641,0.6939190979821154,0.5017796726396301,0.8075329267405936,0.5893448646336668,64.68637609481812,11.76438307762146,ok,,21341,17072,0,5336,0.5987392067909241,42,0.0001,True,64.2297854423523,full_train_epoch_chunks,full train set chunked per epoch | validation=dataset_val_split,30,2,epoch_chunk,accuracy,0.7505270555165144,0.7519325368938862,0.7505270555165144,0.7519325368938862,13,True,False,
one-hundred-plants-margin,/home/crc00006699/zh/tabiclv2/data200/one-hundred-plants-margin,multiclass,1280,256,320,64,100,0.903125,0.9008283730158728,0.9041666666666668,0.9990319982962638,0.3318854545008676,1.4305353164672852,8.679113388061523,ok,,1280,1024,0,320,,0,0.0001,False,0.7082154750823975,full_train_epoch_chunks,full train set chunked per epoch | validation=dataset_val_split | TTT training skipped because n_classes=100 exceeds model max_classes=10,0,0,epoch_chunk,,,,,,0,False,False,
one-hundred-plants-shape,/home/crc00006699/zh/tabiclv2/data200/one-hundred-plants-shape,multiclass,1280,256,320,64,100,0.840625,0.8301463293650793,0.8383333333333333,0.9961034520624524,0.5680515309917483,1.7722806930541992,7.66058611869812,ok,,1280,1024,0,320,,0,0.0001,False,0.979074239730835,full_train_epoch_chunks,full train set chunked per epoch | validation=dataset_val_split | TTT training skipped because n_classes=100 exceeds model max_classes=10,0,0,epoch_chunk,,,,,,0,False,False,
one-hundred-plants-texture,/home/crc00006699/zh/tabiclv2/data200/one-hundred-plants-texture,multiclass,1279,256,320,64,100,0.928125,0.9280704365079364,0.93,0.9995710794100812,0.2260649364695971,1.720431566238403,8.632876873016357,ok,,1279,1023,0,320,,0,0.0001,False,0.9151101112365724,full_train_epoch_chunks,full train set chunked per epoch | validation=dataset_val_split | TTT training skipped because n_classes=100 exceeds model max_classes=10,0,0,epoch_chunk,,,,,,0,False,False,
online_shoppers,/home/crc00006699/zh/tabiclv2/data200/online_shoppers,binclass,9864,1973,2466,14,2,0.90551500405515,0.9006795089866289,0.7751994754348766,0.930105088884646,0.2257159843488082,17.862348794937134,4.174001455307007,ok,,9864,7891,0,2466,0.2534833401441574,11,0.0001,True,17.65326189994812,full_train_epoch_chunks,full train set chunked per epoch | validation=dataset_val_split,30,1,epoch_chunk,accuracy,0.8976178408514952,0.9016725798276736,0.8976178408514952,0.9016725798276736,3,True,False,
optdigits,/home/crc00006699/zh/tabiclv2/data200/optdigits,multiclass,4496,900,1124,64,10,0.9973309608540926,0.997330908588654,0.9973370927318296,0.9999911977553776,0.0091045010508547,14.841047286987305,3.8958256244659424,ok,,4496,3596,0,1124,0.504237599670887,8,0.0001,True,14.538617134094238,full_train_epoch_chunks,full train set chunked per epoch | validation=dataset_val_split,30,1,epoch_chunk,accuracy,0.9933333333333332,0.9933333333333332,0.9933333333333332,0.9933333333333332,0,True,False,
ozone-level-8hr,/home/crc00006699/zh/tabiclv2/data200/ozone-level-8hr,binclass,2027,406,507,72,2,0.9546351084812624,0.9468295802699368,0.684342105263158,0.9486842105263158,0.1212000133938957,12.915675401687622,1.9383139610290527,ok,,2027,1621,0,507,0.1557417586445808,10,0.0001,True,12.59210205078125,full_train_epoch_chunks,full train set chunked per epoch | validation=dataset_val_split,30,1,epoch_chunk,accuracy,0.9408866995073892,0.9507389162561576,0.9408866995073892,0.9507389162561576,2,True,False,
ozone_level,/home/crc00006699/zh/tabiclv2/data200/ozone_level,binclass,2028,406,508,36,2,0.9783464566929134,0.9715321032632116,0.4979959919839679,0.8065018926742373,0.0891579582606552,12.984041690826416,1.2026889324188232,ok,,2028,1622,0,508,0.0926691219210624,13,0.0001,True,12.78630518913269,full_train_epoch_chunks,full train set chunked per epoch | validation=dataset_val_split,30,1,epoch_chunk,accuracy,0.9679802955665024,0.9704433497536946,0.9679802955665024,0.9704433497536946,5,True,False,
page-blocks,/home/crc00006699/zh/tabiclv2/data200/page-blocks,multiclass,4378,876,1095,10,5,0.9762557077625572,0.9761039594115472,0.8993268524959446,0.99323862094764,0.0836715251578053,17.341232538223267,1.649708271026611,ok,,4378,3502,0,1095,0.0453399922698736,19,0.0001,True,17.209407806396484,full_train_epoch_chunks,full train set chunked per epoch | validation=dataset_val_split,30,1,epoch_chunk,accuracy,0.9714611872146118,0.9748858447488584,0.9714611872146118,0.9748858447488584,11,True,False,
pc1,/home/crc00006699/zh/tabiclv2/data200/pc1,binclass,887,178,222,21,2,0.9414414414414416,0.9330171853150268,0.6594202898550725,0.894524959742351,0.156743435751629,8.775002717971802,1.1569108963012695,ok,,887,709,0,222,0.123389858752489,16,0.0001,True,8.695021629333496,full_train_epoch_chunks,full train set chunked per epoch | validation=dataset_val_split,30,1,epoch_chunk,accuracy,0.9325842696629212,0.9606741573033708,0.9325842696629212,0.9606741573033708,8,True,False,
pc3,/home/crc00006699/zh/tabiclv2/data200/pc3,binclass,1250,250,313,37,2,0.8977635782747604,0.8650482893678743,0.5415369217081851,0.8266236654804271,0.2675764564391129,9.789642572402954,1.025080919265747,ok,,1250,1000,0,313,0.2109179869294166,11,0.0001,True,9.693927764892578,full_train_epoch_chunks,full train set chunked per epoch | validation=dataset_val_split,30,1,epoch_chunk,accuracy,0.884,0.9,0.884,0.9,3,True,False,
pc4,/home/crc00006699/zh/tabiclv2/data200/pc4,binclass,1166,234,292,37,2,0.9143835616438356,0.9127717029901062,0.7840711805555556,0.9625651041666666,0.216455909275296,12.0425546169281,0.7594864368438721,ok,,1166,932,0,292,0.1413838118314743,14,0.0001,True,11.947932481765749,full_train_epoch_chunks,full train set chunked per epoch | validation=dataset_val_split,30,1,epoch_chunk,accuracy,0.9188034188034188,0.9230769230769232,0.9188034188034188,0.9230769230769232,6,True,False,
pendigits,/home/crc00006699/zh/tabiclv2/data200/pendigits,multiclass,8793,1759,2199,16,10,0.9972714870395636,0.9972742335430836,0.9972309029574288,0.9998058625154858,0.0120298719253893,13.661298990249634,3.847535133361816,ok,,8793,7034,0,2199,0.0051804590038955,8,0.0001,True,13.472599029541016,full_train_epoch_chunks,full train set chunked per epoch | validation=dataset_val_split,30,1,epoch_chunk,accuracy,0.9982944855031268,0.9982944855031268,0.9982944855031268,0.9982944855031268,0,True,False,
philippine,/home/crc00006699/zh/tabiclv2/data200/philippine,binclass,4665,933,1167,308,2,0.8646101113967438,0.864534914685274,0.8646305716769661,0.943422660306868,0.3069941155425356,9.01030158996582,14.599496603012083,ok,,4665,3732,0,1167,,0,0.0001,False,6.299754858016968,full_train_epoch_chunks,"full train set chunked per epoch | validation=dataset_val_split | TTT OOM; used original model parameters for inference: OutOfMemoryError: CUDA out of memory. Tried to allocate 570.00 MiB. GPU 0 has a total capacity of 23.57 GiB of which 368.00 MiB is free. Process 68252 has 23.16 GiB memory in use. Of the allocated memory 21.81 GiB is allocated by PyTorch, and 1.01 GiB is reserved by PyTorch but unallocated. If reserved but unallocated memory is large try setting PYTORCH_CUDA_ALLOC_CONF=expandable_segments:True to avoid fragmentation. See documentation for Memory Management (https://pytorch.org/docs/stable/notes/cuda.html#environment-variables)",0,0,,,,,,,0,False,True,"TTT OOM; used original model parameters for inference: OutOfMemoryError: CUDA out of memory. Tried to allocate 570.00 MiB. GPU 0 has a total capacity of 23.57 GiB of which 368.00 MiB is free. Process 68252 has 23.16 GiB memory in use. Of the allocated memory 21.81 GiB is allocated by PyTorch, and 1.01 GiB is reserved by PyTorch but unallocated. If reserved but unallocated memory is large try setting PYTORCH_CUDA_ALLOC_CONF=expandable_segments:True to avoid fragmentation. See documentation for Memory Management (https://pytorch.org/docs/stable/notes/cuda.html#environment-variables)"
phoneme,/home/crc00006699/zh/tabiclv2/data200/phoneme,binclass,4323,865,1081,5,2,0.9037927844588344,0.903703438384999,0.8830268221381736,0.9657311675227508,0.2182029529796476,5.641393661499023,0.8325376510620117,ok,,4323,3458,0,1081,0.2369187995791435,8,0.0001,True,5.563096284866333,full_train_epoch_chunks,full train set chunked per epoch | validation=dataset_val_split,30,1,epoch_chunk,accuracy,0.9248554913294798,0.9248554913294798,0.9248554913294798,0.9248554913294798,0,True,False,
pol,/home/crc00006699/zh/tabiclv2/data200/pol,binclass,8065,1613,2017,26,2,0.9905800694100148,0.9905799721601426,0.9905817877200432,0.9997502635015024,0.0206985787040671,35.026225566864014,4.035537004470825,ok,,8065,6452,0,2017,0.0159711679443717,24,0.0001,True,34.82097363471985,full_train_epoch_chunks,full train set chunked per epoch | validation=dataset_val_split,30,1,epoch_chunk,accuracy,0.9882207067575944,0.991320520768754,0.9882207067575944,0.991320520768754,16,True,False,
predict_students_dropout_and_academic_success,/home/crc00006699/zh/tabiclv2/data200/predict_students_dropout_and_academic_success,multiclass,3539,708,885,34,3,0.7762711864406779,0.7712998362071624,0.7023489676879494,0.8947210198154311,0.5503018230067033,14.104548215866089,2.177537679672241,ok,,3539,2831,0,885,0.5455064177513123,11,0.0001,True,13.840006589889526,full_train_epoch_chunks,full train set chunked per epoch | validation=dataset_val_split,30,1,epoch_chunk,accuracy,0.8036723163841808,0.8149717514124294,0.8036723163841808,0.8149717514124294,3,True,False,
rice_cammeo_and_osmancik,/home/crc00006699/zh/tabiclv2/data200/rice_cammeo_and_osmancik,binclass,3048,610,762,7,2,0.9291338582677166,0.9289162205771924,0.9249169809196828,0.977753700681038,0.193261804098578,10.230790853500366,0.9849605560302734,ok,,3048,2438,0,762,0.1304358914494514,18,0.0001,True,10.189271926879885,full_train_epoch_chunks,full train set chunked per epoch | validation=dataset_val_split,30,1,epoch_chunk,accuracy,0.9295081967213116,0.9360655737704918,0.9295081967213116,0.9360655737704918,10,True,False,
ringnorm,/home/crc00006699/zh/tabiclv2/data200/ringnorm,binclass,5920,1184,1480,20,2,0.9783783783783784,0.9783752976495076,0.9782997382892188,0.9973481922231902,0.0570625482141086,23.66121864318848,2.466572999954224,ok,,5920,4736,0,1480,0.054045170545578,20,0.0001,True,23.50070714950561,full_train_epoch_chunks,full train set chunked per epoch | validation=dataset_val_split,30,1,epoch_chunk,accuracy,0.981418918918919,0.983108108108108,0.981418918918919,0.983108108108108,12,True,False,
rl,/home/crc00006699/zh/tabiclv2/data200/rl,binclass,3976,796,994,12,2,0.9054325955734408,0.9054264695760608,0.9054325955734406,0.9569550097364874,0.2601643281758428,7.289408683776855,1.6437218189239502,ok,,3976,3180,0,994,0.4630843847990036,8,0.0001,True,7.207105875015259,full_train_epoch_chunks,full train set chunked per epoch | validation=dataset_val_split,30,1,epoch_chunk,accuracy,0.8831658291457286,0.8831658291457286,0.8831658291457286,0.8831658291457286,0,True,False,
satimage,/home/crc00006699/zh/tabiclv2/data200/satimage,multiclass,5144,1029,1286,36,6,0.9440124416796268,0.9430211117204916,0.9278609849294486,0.9971106963389887,0.1281745670541346,19.99976849555969,3.006079912185669,ok,,5144,4115,0,1286,0.158286802470684,14,0.0001,True,19.79787969589233,full_train_epoch_chunks,full train set chunked per epoch | validation=dataset_val_split,30,1,epoch_chunk,accuracy,0.93488824101069,0.9436345966958212,0.93488824101069,0.9436345966958212,6,True,False,
segment,/home/crc00006699/zh/tabiclv2/data200/segment,multiclass,1848,370,462,17,7,0.948051948051948,0.948191796576447,0.948051948051948,0.9970866675412132,0.1381911568439976,7.547085762023926,0.9888713359832764,ok,,1848,1478,0,462,1.514173150062561,10,0.0001,True,7.484539985656738,full_train_epoch_chunks,full train set chunked per epoch | validation=dataset_val_split,30,1,epoch_chunk,accuracy,0.9486486486486486,0.9567567567567568,0.9486486486486486,0.9567567567567568,2,True,False,
seismic+bumps,/home/crc00006699/zh/tabiclv2/data200/seismic+bumps,binclass,2067,414,517,18,2,0.9342359767891684,0.9024719535783364,0.5,0.7153209109730848,0.2313759727282033,8.075258016586304,0.8002142906188965,ok,,2067,1653,0,517,0.194826565682888,10,0.0001,True,8.005584001541138,full_train_epoch_chunks,full train set chunked per epoch | validation=dataset_val_split,30,1,epoch_chunk,accuracy,0.9347826086956522,0.9371980676328504,0.9347826086956522,0.9371980676328504,2,True,False,
semeion,/home/crc00006699/zh/tabiclv2/data200/semeion,multiclass,1274,255,319,256,10,0.9686520376175548,0.9686948325435536,0.9686491935483872,0.999487615987911,0.0947855699056909,29.831196546554565,4.261389017105103,ok,,1274,1019,0,319,0.0446955151855945,12,0.0001,True,29.254767179489136,full_train_epoch_chunks,full train set chunked per epoch | validation=dataset_val_split,30,1,epoch_chunk,accuracy,0.9568627450980391,0.9607843137254902,0.9568627450980391,0.9607843137254902,4,True,False,
shill-bidding,/home/crc00006699/zh/tabiclv2/data200/shill-bidding,binclass,5056,1012,1265,3,2,0.9090909090909092,0.8837209302325582,0.5911665195645778,0.9007696113830272,0.2110086865778353,6.403136253356934,0.6838822364807129,ok,,5056,4044,0,1265,0.4109006375074386,8,0.0001,True,6.363976716995239,full_train_epoch_chunks,full train set chunked per epoch | validation=dataset_val_split,30,1,epoch_chunk,accuracy,0.8893280632411067,0.8893280632411067,0.8893280632411067,0.8893280632411067,0,True,False,
shrutime,/home/crc00006699/zh/tabiclv2/data200/shrutime,binclass,8000,1600,2000,10,2,0.8675,0.8542314904288333,0.7133003760456371,0.8797125617149728,0.3117226246110073,12.549780130386353,2.9662749767303467,ok,,8000,6400,0,2000,4.059819579124451,10,0.0001,True,12.433547496795654,full_train_epoch_chunks,full train set chunked per epoch | validation=dataset_val_split,30,1,epoch_chunk,accuracy,0.8625,0.86625,0.8625,0.86625,2,True,False,
shuttle,/home/crc00006699/zh/tabiclv2/data200/shuttle,multiclass,46400,9280,11600,9,7,0.9993103448275862,0.9993053493768193,0.919757534569506,0.999995956043772,0.0010352882387268,46.83939576148987,40.38836407661438,ok,,46400,37120,0,11600,0.0006683596875518,30,0.0001,True,46.33807373046875,full_train_epoch_chunks,full train set chunked per epoch | validation=dataset_val_split,30,4,epoch_chunk,accuracy,0.9997844827586206,0.9997844827586206,0.9997844827586206,0.9997844827586206,0,True,False,
spambase,/home/crc00006699/zh/tabiclv2/data200/spambase,binclass,3680,736,921,57,2,0.9587404994571118,0.9587404994571118,0.9568041114961936,0.9919428893035932,0.1133658121063812,12.197351694107056,2.735750436782837,ok,,3680,2944,0,921,0.2999258115887642,8,0.0001,True,11.905190467834473,full_train_epoch_chunks,full train set chunked per epoch | validation=dataset_val_split,30,1,epoch_chunk,accuracy,0.9660326086956522,0.9660326086956522,0.9660326086956522,0.9660326086956522,0,True,False,
splice,/home/crc00006699/zh/tabiclv2/data200/splice,multiclass,2552,511,638,60,3,0.957680250783699,0.9576491609345,0.9495191405623252,0.9965112493396454,0.0984657241863188,16.710548639297485,2.0855486392974854,ok,,2552,2041,0,638,0.1106083989143371,12,0.0001,True,16.389231204986572,full_train_epoch_chunks,full train set chunked per epoch | validation=dataset_val_split,30,1,epoch_chunk,accuracy,0.9686888454011742,0.9765166340508806,0.9686888454011742,0.9765166340508806,4,True,False,
sports_articles_for_objectivity_analysis,/home/crc00006699/zh/tabiclv2/data200/sports_articles_for_objectivity_analysis,binclass,800,160,200,59,2,0.845,0.8419021663172606,0.8167943048214863,0.8949412145399632,0.3955927970340074,8.596670627593994,1.6187036037445068,ok,,800,640,0,200,0.4580868035554886,8,0.0001,True,8.338678121566772,full_train_epoch_chunks,full train set chunked per epoch | validation=dataset_val_split,30,1,epoch_chunk,accuracy,0.8375,0.8375,0.8375,0.8375,0,True,False,
statlog,/home/crc00006699/zh/tabiclv2/data200/statlog,binclass,800,160,200,20,2,0.73,0.7165280665280664,0.6404761904761905,0.7598809523809524,0.5213678978966343,4.608477354049683,0.9710261821746826,ok,,800,640,0,200,1.5430445671081543,8,0.0001,True,4.540310621261597,full_train_epoch_chunks,full train set chunked per epoch | validation=dataset_val_split,30,1,epoch_chunk,accuracy,0.775,0.775,0.775,0.775,0,True,False,
steel_plates_faults,/home/crc00006699/zh/tabiclv2/data200/steel_plates_faults,multiclass,1552,311,389,27,7,0.8457583547557841,0.8462946631617589,0.8786742578409246,0.9824577839800032,0.3638596297083526,8.281044483184814,0.8823440074920654,ok,,1552,1241,0,389,0.3927753269672394,10,0.0001,True,8.197372913360596,full_train_epoch_chunks,full train set chunked per epoch | validation=dataset_val_split,30,1,epoch_chunk,accuracy,0.8167202572347267,0.8295819935691319,0.8167202572347267,0.8295819935691319,2,True,False,
svmguide3,/home/crc00006699/zh/tabiclv2/data200/svmguide3,binclass,994,199,249,22,2,0.891566265060241,0.8809269532161098,0.7754934210526316,0.9300073099415204,0.2713046832669554,6.31161904335022,1.213573932647705,ok,,994,795,0,249,0.4848227500915527,8,0.0001,True,6.216968774795532,full_train_epoch_chunks,full train set chunked per epoch | validation=dataset_val_split,30,1,epoch_chunk,accuracy,0.8592964824120602,0.8592964824120602,0.8592964824120602,0.8592964824120602,0,True,False,
sylvine,/home/crc00006699/zh/tabiclv2/data200/sylvine,binclass,4099,820,1025,20,2,0.9795121951219512,0.9795113760692056,0.97951883832846,0.9983133832846004,0.055336467769059,13.061598300933838,1.8787124156951904,ok,,4099,3279,0,1025,0.0953676104545593,14,0.0001,True,12.92385959625244,full_train_epoch_chunks,full train set chunked per epoch | validation=dataset_val_split,30,1,epoch_chunk,accuracy,0.9817073170731708,0.9841463414634146,0.9817073170731708,0.9841463414634146,6,True,False,
taiwanese_bankruptcy_prediction,/home/crc00006699/zh/tabiclv2/data200/taiwanese_bankruptcy_prediction,binclass,5455,1091,1364,95,2,0.9728739002932552,0.9656549194146948,0.6124999999999999,0.9151773415977962,0.0906291999142469,42.45291185379028,6.3311309814453125,ok,,5455,4364,0,1364,0.0746010430157184,17,0.0001,True,41.854214906692505,full_train_epoch_chunks,full train set chunked per epoch | validation=dataset_val_split,30,1,epoch_chunk,accuracy,0.9670027497708524,0.9752520623281392,0.9670027497708524,0.9752520623281392,9,True,False,
telco-customer-churn,/home/crc00006699/zh/tabiclv2/data200/telco-customer-churn,binclass,5634,1127,1409,18,2,0.8055358410220014,0.7975092184456082,0.7165090805755767,0.8515836110465267,0.4090985564945014,10.27022647857666,2.430135488510132,ok,,5634,4507,0,1409,0.8416495025157928,8,0.0001,True,10.101621866226196,full_train_epoch_chunks,full train set chunked per epoch | validation=dataset_val_split,30,1,epoch_chunk,accuracy,0.8154392191659272,0.8154392191659272,0.8154392191659272,0.8154392191659272,0,True,False,
texture,/home/crc00006699/zh/tabiclv2/data200/texture,multiclass,4400,880,1100,40,11,1.0,1.0,1.0,1.0,4.266947737078856e-05,1.6344621181488037,6.956883192062378,ok,,4400,3520,0,1100,,0,0.0001,False,0.8365061283111572,full_train_epoch_chunks,full train set chunked per epoch | validation=dataset_val_split | TTT training skipped because n_classes=11 exceeds model max_classes=10,0,0,epoch_chunk,,,,,,0,False,False,
thyroid,/home/crc00006699/zh/tabiclv2/data200/thyroid,multiclass,5760,1152,1440,21,3,0.9951388888888888,0.99515579145753,0.9742932252309596,0.9998423606239824,0.0110228510104896,11.533817529678345,2.716358184814453,ok,,5760,4608,0,1440,0.0101029835641384,10,0.0001,True,11.403362035751345,full_train_epoch_chunks,full train set chunked per epoch | validation=dataset_val_split,30,1,epoch_chunk,accuracy,0.9930555555555556,0.9939236111111112,0.9930555555555556,0.9939236111111112,2,True,False,
thyroid-ann,/home/crc00006699/zh/tabiclv2/data200/thyroid-ann,multiclass,3017,604,755,21,3,0.9933774834437086,0.9933902864131448,0.9551852410395616,0.9996340994098916,0.0207423619777959,12.375909805297852,1.323940992355347,ok,,3017,2413,0,755,0.0365421418100595,14,0.0001,True,12.288682222366331,full_train_epoch_chunks,full train set chunked per epoch | validation=dataset_val_split,30,1,epoch_chunk,accuracy,0.9950331125827816,0.9983443708609272,0.9950331125827816,0.9983443708609272,6,True,False,
thyroid-dis,/home/crc00006699/zh/tabiclv2/data200/thyroid-dis,multiclass,2240,448,560,26,5,0.6982142857142857,0.6783923802078972,0.4109996425592756,0.8838880720498905,0.6946470903638317,6.529383897781372,1.230372667312622,ok,,2240,1792,0,560,0.6912301778793335,8,0.0001,True,6.40856146812439,full_train_epoch_chunks,full train set chunked per epoch | validation=dataset_val_split,30,1,epoch_chunk,accuracy,0.7477678571428571,0.7477678571428571,0.7477678571428571,0.7477678571428571,0,True,False,
turiye_student_evaluation,/home/crc00006699/zh/tabiclv2/data200/turiye_student_evaluation,multiclass,4656,932,1164,32,5,0.5231958762886598,0.4958890851651435,0.412722570422101,0.7696382354089005,1.18001191335587,14.279133081436155,2.395929336547852,ok,,4656,3724,0,1164,1.5196130275726318,11,0.0001,True,14.05814266204834,full_train_epoch_chunks,full train set chunked per epoch | validation=dataset_val_split,30,1,epoch_chunk,accuracy,0.5150214592274678,0.5182403433476395,0.5150214592274678,0.5182403433476395,3,True,False,
twonorm,/home/crc00006699/zh/tabiclv2/data200/twonorm,binclass,5920,1184,1480,20,2,0.977027027027027,0.9770267753125552,0.9770324635362736,0.9984788138765776,0.0517990341677112,27.552348136901852,2.699749708175659,ok,,5920,4736,0,1480,0.0515729393810033,24,0.0001,True,27.426371574401852,full_train_epoch_chunks,full train set chunked per epoch | validation=dataset_val_split,30,1,epoch_chunk,accuracy,0.9738175675675677,0.9780405405405406,0.9738175675675677,0.9780405405405406,16,True,False,
vehicle,/home/crc00006699/zh/tabiclv2/data200/vehicle,multiclass,676,136,170,18,4,0.8705882352941177,0.8683644841952375,0.8709415584415584,0.9750701772186148,0.2615365302998659,6.804768085479736,0.9409525394439696,ok,,676,540,0,170,0.1928579583764076,11,0.0001,True,6.757511138916016,full_train_epoch_chunks,full train set chunked per epoch | validation=dataset_val_split,30,1,epoch_chunk,accuracy,0.9044117647058824,0.9117647058823528,0.9044117647058824,0.9117647058823528,3,True,False,
walking-activity,/home/crc00006699/zh/tabiclv2/data200/walking-activity,multiclass,119465,23893,29867,4,22,0.6750929119094653,0.6743677865423084,0.6296679340696095,0.9747951285768078,0.916165406886618,2.643318891525269,391.8836371898651,ok,,119465,95572,0,29867,,0,0.0001,False,1.377138376235962,full_train_epoch_chunks,full train set chunked per epoch | validation=dataset_val_split | TTT training skipped because n_classes=22 exceeds model max_classes=10,0,0,epoch_chunk,,,,,,0,False,False,
wall-robot-navigation,/home/crc00006699/zh/tabiclv2/data200/wall-robot-navigation,multiclass,4364,873,1092,24,4,0.9945054945054944,0.9944849144961896,0.9859590806019378,0.9999657396507032,0.0105045304613563,14.177659511566162,2.031169176101685,ok,,4364,3491,0,1092,0.0082733565941452,14,0.0001,True,13.986623287200928,full_train_epoch_chunks,full train set chunked per epoch | validation=dataset_val_split,30,1,epoch_chunk,accuracy,0.986254295532646,0.993127147766323,0.986254295532646,0.993127147766323,6,True,False,
water_quality,/home/crc00006699/zh/tabiclv2/data200/water_quality,binclass,6396,1280,1600,20,2,0.909375,0.8976639469371093,0.6782769416760954,0.9116771803654736,0.2149075027326686,12.583740711212158,2.49912428855896,ok,,6396,5116,0,1600,0.5824427008628845,10,0.0001,True,12.459875583648682,full_train_epoch_chunks,full train set chunked per epoch | validation=dataset_val_split,30,1,epoch_chunk,accuracy,0.89609375,0.896875,0.89609375,0.896875,2,True,False,
waveform-5000,/home/crc00006699/zh/tabiclv2/data200/waveform-5000,multiclass,4000,800,1000,40,3,0.865,0.8649918882185322,0.8650911409451961,0.9782348820370056,0.258950101065464,10.364421129226685,2.390143871307373,ok,,4000,3200,0,1000,0.2559811323881149,8,0.0001,True,10.112598896026611,full_train_epoch_chunks,full train set chunked per epoch | validation=dataset_val_split,30,1,epoch_chunk,accuracy,0.87625,0.87625,0.87625,0.87625,0,True,False,
waveform_database_generator_version_1,/home/crc00006699/zh/tabiclv2/data200/waveform_database_generator_version_1,multiclass,4000,800,1000,21,3,0.864,0.8635944217947665,0.8639693939974332,0.9718554242734124,0.2972413681374007,19.348045349121094,1.847064971923828,ok,,4000,3200,0,1000,0.2533078491687774,21,0.0001,True,19.227246046066284,full_train_epoch_chunks,full train set chunked per epoch | validation=dataset_val_split,30,1,epoch_chunk,accuracy,0.85625,0.8625,0.85625,0.8625,13,True,False,
website_phishing,/home/crc00006699/zh/tabiclv2/data200/website_phishing,multiclass,1082,217,271,9,3,0.9003690036900369,0.8996836406846954,0.9233766233766234,0.9792395664961214,0.2570230089056809,9.024188756942747,0.6580562591552734,ok,,1082,865,0,271,0.2169892638921737,16,0.0001,True,8.947283506393433,full_train_epoch_chunks,full train set chunked per epoch | validation=dataset_val_split,30,1,epoch_chunk,accuracy,0.9170506912442395,0.935483870967742,0.9170506912442395,0.935483870967742,8,True,False,
wine,/home/crc00006699/zh/tabiclv2/data200/wine,binclass,2043,409,511,4,2,0.786692759295499,0.7858267268299804,0.7868183210784314,0.881985294117647,0.4331558243326853,4.799389362335205,0.4048490524291992,ok,,2043,1634,0,511,0.4502820521593094,8,0.0001,True,4.770833730697632,full_train_epoch_chunks,full train set chunked per epoch | validation=dataset_val_split,30,1,epoch_chunk,accuracy,0.823960880195599,0.823960880195599,0.823960880195599,0.823960880195599,0,True,False,
wine-quality-red,/home/crc00006699/zh/tabiclv2/data200/wine-quality-red,multiclass,1279,256,320,4,6,0.671875,0.656495214924623,0.3834507761437908,0.8349599215800246,0.8077319656889312,6.493103981018066,0.504474401473999,ok,,1279,1023,0,320,0.7865386009216309,15,0.0001,True,6.463108062744141,full_train_epoch_chunks,full train set chunked per epoch | validation=dataset_val_split,30,1,epoch_chunk,accuracy,0.6484375,0.66796875,0.6484375,0.66796875,7,True,False,
wine-quality-white,/home/crc00006699/zh/tabiclv2/data200/wine-quality-white,multiclass,3918,784,980,11,7,0.689795918367347,0.6817477617181938,0.4024815268187875,0.9113259056736284,0.7506479211277776,6.424674034118652,1.671724796295166,ok,,3918,3134,0,980,0.7794524729251862,8,0.0001,True,6.303380012512207,full_train_epoch_chunks,full train set chunked per epoch | validation=dataset_val_split,30,1,epoch_chunk,accuracy,0.6938775510204082,0.6938775510204082,0.6938775510204082,0.6938775510204082,0,True,False,
yeast,/home/crc00006699/zh/tabiclv2/data200/yeast,multiclass,1187,238,297,8,10,0.6363636363636364,0.6295226566676336,0.5827663569804015,0.8861120899699945,0.9737919887805182,4.644937038421631,0.5578315258026123,ok,,1187,949,0,297,2.176234722137451,8,0.0001,True,4.607836246490479,full_train_epoch_chunks,full train set chunked per epoch | validation=dataset_val_split,30,1,epoch_chunk,accuracy,0.5630252100840336,0.5630252100840336,0.5630252100840336,0.5630252100840336,0,True,False,
