dataset_name,dataset_dir,task_type,n_train,n_val,n_test,n_features,n_classes,accuracy,f1,balanced_accuracy,roc_auc,log_loss,fit_seconds,predict_seconds,status,error,n_train_a,n_train_b,n_holdout_c,n_test_d,ttt_loss,ttt_wise_ft,ttt_wise_alpha,ttt_wise_applied,ttt_steps,ttt_lr,ttt_applied,ttt_update_seconds,ttt_split_strategy,ttt_split_reason,ttt_epochs,ttt_chunks_per_epoch,ttt_batch_mode,ttt_val_eval_metric,ttt_val_baseline_metric,ttt_val_best_metric,ttt_val_baseline_accuracy,ttt_val_best_accuracy,ttt_best_epoch,ttt_stopped_early,ttt_oom_fallback,ttt_fallback_reason,ttt_c_selection,ttt_c_source,ttt_c_metric,ttt_c_f_distance_mean,ttt_c_f_distance_std,ttt_c_fallback_reason,ttt_c_label_coverage_ok
Amazon_employee_access,/home/crc00006699/zh/tabiclv2/data184/Amazon_employee_access,binclass,26215,5243,6554,7,2,0.9455294476655478,0.9322732711814424,0.5921765139457127,0.8352068622947667,0.1656445910689321,59.808735847473145,12.79152488708496,ok,,26215,20972,0,6554,0.2006950825452804,True,0.1,False,63,1e-05,True,59.58590841293335,full_train_epoch_chunks,full train set chunked per epoch | validation=dataset_val_split | c_selection=f_mmd c_source=test c_metric=standardized_l2 | f_mmd_reserved_context=5% source=test | wise_ft_skipped rows=32769>=2000,30,3,epoch_chunk,accuracy,0.9483120350944116,0.9506008010680908,0.9483120350944116,0.9506008010680908,13,True,False,,f_mmd,test,standardized_l2,3.626854706595412,0.7188123557025454,,True
BNG(breast-w),/home/crc00006699/zh/tabiclv2/data184/BNG(breast-w),binclass,31492,6299,7874,9,2,0.9885699771399544,0.9885818723806904,0.988391282580706,0.99916177011339,0.0329231545979526,51.33350729942322,20.335331678390503,ok,,31492,25193,0,7874,0.0431647319346666,True,0.1,False,48,1e-05,True,51.04605054855347,full_train_epoch_chunks,full train set chunked per epoch | validation=dataset_val_split | c_selection=f_mmd c_source=test c_metric=standardized_l2 | f_mmd_reserved_context=5% source=test | wise_ft_skipped rows=39366>=2000,30,3,epoch_chunk,accuracy,0.98618828385458,0.9882521035084936,0.98618828385458,0.9882521035084936,8,True,False,,f_mmd,test,standardized_l2,4.266356135759505,0.7553151369521842,,True
BNG(tic-tac-toe),/home/crc00006699/zh/tabiclv2/data184/BNG(tic-tac-toe),binclass,31492,6299,7874,9,2,0.8157226314452629,0.8132007621088192,0.784756190823106,0.884473721051706,0.4025976351242361,80.79697489738464,21.409141063690186,ok,,31492,25193,0,7874,0.4124702960252762,True,0.1,False,75,1e-05,True,80.46198344230652,full_train_epoch_chunks,full train set chunked per epoch | validation=dataset_val_split | c_selection=f_mmd c_source=test c_metric=standardized_l2 | f_mmd_reserved_context=5% source=test | wise_ft_skipped rows=39366>=2000,30,3,epoch_chunk,accuracy,0.8063184632481346,0.8112398793459279,0.8063184632481346,0.8112398793459279,17,True,False,,f_mmd,test,standardized_l2,1.8408121454446704,0.1126048979836326,,True
Basketball_c,/home/crc00006699/zh/tabiclv2/data184/Basketball_c,binclass,1072,215,268,11,2,0.7052238805970149,0.7030301526820772,0.6807819513347508,0.7446255610678005,0.576962558639372,6.030720949172974,0.4124283790588379,ok,,1072,857,0,268,0.5751844942569733,True,0.1,True,17,1e-05,True,5.992837429046631,full_train_epoch_chunks,full train set chunked per epoch | validation=dataset_val_split | c_selection=f_mmd c_source=test c_metric=standardized_l2 | f_mmd_reserved_context=5% source=test | wise_ft=alpha0.1 rows=1340<2000,30,1,epoch_chunk,accuracy,0.7627906976744186,0.7767441860465116,0.7627906976744186,0.7767441860465116,9,True,False,,f_mmd,test,standardized_l2,4.580026916701445,1.847281855073975,,True
Cardiovascular-Disease-dataset,/home/crc00006699/zh/tabiclv2/data184/Cardiovascular-Disease-dataset,binclass,56000,11200,14000,11,2,0.7326428571428572,0.7322036157475026,0.7326197902431968,0.8010652207559905,0.5427951679504858,54.30415987968445,60.00439500808716,ok,,56000,44800,0,14000,0.5337699949741364,True,0.1,False,40,1e-05,True,53.807730197906494,full_train_epoch_chunks,full train set chunked per epoch | validation=dataset_val_split | c_selection=f_mmd c_source=test c_metric=standardized_l2 | f_mmd_reserved_context=5% source=test | wise_ft_skipped rows=70000>=2000,30,5,epoch_chunk,accuracy,0.7338392857142857,0.7338392857142857,0.7338392857142857,0.7338392857142857,0,True,False,,f_mmd,test,standardized_l2,6.5546682996984895,33.666390404873,,True
Contaminant-detection-in-packaged-cocoa-hazelnut-spread-jars-using-Microwaves-Sensing-and-Machine-Learning-10.0GHz(Urbinati),/home/crc00006699/zh/tabiclv2/data184/Contaminant-detection-in-packaged-cocoa-hazelnut-spread-jars-using-Microwaves-Sensing-and-Machine-Learning-10.0GHz(Urbinati),binclass,1920,384,480,30,2,0.9791666666666666,0.9791724553116606,0.9796996662958845,0.9965760567296996,0.0636826980487228,10.020970582962036,0.9239773750305176,ok,,1920,1536,0,480,0.0918596386909484,True,0.1,False,20,1e-05,True,9.945690631866457,full_train_epoch_chunks,full train set chunked per epoch | validation=dataset_val_split | c_selection=f_mmd c_source=test c_metric=standardized_l2 | f_mmd_reserved_context=5% source=test | wise_ft_skipped rows=2400>=2000,30,1,epoch_chunk,accuracy,0.9609375,0.9713541666666666,0.9609375,0.9713541666666666,12,True,False,,f_mmd,test,standardized_l2,3.474111017300537,0.501105877759237,,True
Contaminant-detection-in-packaged-cocoa-hazelnut-spread-jars-using-Microwaves-Sensing-and-Machine-Learning-11.0GHz(Urbinati),/home/crc00006699/zh/tabiclv2/data184/Contaminant-detection-in-packaged-cocoa-hazelnut-spread-jars-using-Microwaves-Sensing-and-Machine-Learning-11.0GHz(Urbinati),binclass,1920,384,480,30,2,0.9625,0.9625097671511172,0.9631535038932146,0.9927176028921024,0.1118522510585423,6.526741981506348,0.9174084663391112,ok,,1920,1536,0,480,0.1024995371699333,True,0.1,False,13,1e-05,True,6.455246210098267,full_train_epoch_chunks,full train set chunked per epoch | validation=dataset_val_split | c_selection=f_mmd c_source=test c_metric=standardized_l2 | f_mmd_reserved_context=5% source=test | wise_ft_skipped rows=2400>=2000,30,1,epoch_chunk,accuracy,0.9739583333333334,0.9791666666666666,0.9739583333333334,0.9791666666666666,5,True,False,,f_mmd,test,standardized_l2,2.77001594160081,0.3098385256639161,,True
Contaminant-detection-in-packaged-cocoa-hazelnut-spread-jars-using-Microwaves-Sensing-and-Machine-Learning-9.5GHz(Urbinati),/home/crc00006699/zh/tabiclv2/data184/Contaminant-detection-in-packaged-cocoa-hazelnut-spread-jars-using-Microwaves-Sensing-and-Machine-Learning-9.5GHz(Urbinati),binclass,1920,384,480,30,2,0.9645833333333332,0.9645930209839396,0.9650305895439376,0.9939516129032258,0.0985596175658424,8.733032941818237,0.9100253582000732,ok,,1920,1536,0,480,0.139223501086235,True,0.1,False,14,1e-05,True,8.661634683609009,full_train_epoch_chunks,full train set chunked per epoch | validation=dataset_val_split | c_selection=f_mmd c_source=test c_metric=standardized_l2 | f_mmd_reserved_context=5% source=test | wise_ft_skipped rows=2400>=2000,30,1,epoch_chunk,accuracy,0.9583333333333334,0.9635416666666666,0.9583333333333334,0.9635416666666666,6,True,False,,f_mmd,test,standardized_l2,3.064720688473775,0.2426838793945971,,True
Customer_Personality_Analysis,/home/crc00006699/zh/tabiclv2/data184/Customer_Personality_Analysis,binclass,1792,359,448,24,2,0.8950892857142857,0.8876988710921657,0.7353586398715086,0.9138559172640734,0.2429407933280488,6.627821683883667,1.0793061256408691,ok,,1792,1433,0,448,0.2305582091212272,True,0.1,False,12,1e-05,True,6.562895059585571,full_train_epoch_chunks,full train set chunked per epoch | validation=dataset_val_split | c_selection=f_mmd c_source=test c_metric=standardized_l2 | f_mmd_reserved_context=5% source=test | wise_ft_skipped rows=2240>=2000,30,1,epoch_chunk,accuracy,0.883008356545961,0.8857938718662952,0.883008356545961,0.8857938718662952,4,True,False,,f_mmd,test,standardized_l2,4.672547501062973,1.1700370204343244,,True
E-CommereShippingData,/home/crc00006699/zh/tabiclv2/data184/E-CommereShippingData,binclass,8799,1760,2200,10,2,0.6772727272727272,0.665211366874681,0.7274321222773565,0.7299479405923421,0.503855985688981,10.996761560440063,3.0880818367004395,ok,,8799,7039,0,2200,0.5067137181758881,True,0.1,False,10,1e-05,True,10.90576982498169,full_train_epoch_chunks,full train set chunked per epoch | validation=dataset_val_split | c_selection=f_mmd c_source=test c_metric=standardized_l2 | f_mmd_reserved_context=5% source=test | wise_ft_skipped rows=10999>=2000,30,1,epoch_chunk,accuracy,0.68125,0.6823863636363636,0.68125,0.6823863636363636,2,True,False,,f_mmd,test,standardized_l2,2.462655441028002,0.413209532243618,,True
FICO-HELOC-cleaned,/home/crc00006699/zh/tabiclv2/data184/FICO-HELOC-cleaned,binclass,7896,1580,1975,23,2,0.7478481012658228,0.7475340456264086,0.7465912219213655,0.8252149938984054,0.5141552264891533,33.64520621299744,3.8080942630767822,ok,,7896,6316,0,1975,0.5456571877002716,True,0.1,False,29,1e-05,True,33.47523498535156,full_train_epoch_chunks,full train set chunked per epoch | validation=dataset_val_split | c_selection=f_mmd c_source=test c_metric=standardized_l2 | f_mmd_reserved_context=5% source=test | wise_ft_skipped rows=9871>=2000,30,1,epoch_chunk,accuracy,0.7481012658227848,0.7544303797468355,0.7481012658227848,0.7544303797468355,21,True,False,,f_mmd,test,standardized_l2,4.485100134651287,4.018561708468315,,True
FOREX_audcad-hour-High,/home/crc00006699/zh/tabiclv2/data184/FOREX_audcad-hour-High,binclass,35060,7012,8765,10,2,0.7145464917284655,0.7144553513033288,0.7140531055205699,0.7900425611655862,0.5523666913166745,42.35165739059448,26.07766318321228,ok,,35060,28048,0,8765,0.5487505197525024,True,0.1,False,33,1e-05,True,42.05324602127075,full_train_epoch_chunks,full train set chunked per epoch | validation=dataset_val_split | c_selection=f_mmd c_source=test c_metric=standardized_l2 | f_mmd_reserved_context=5% source=test | wise_ft_skipped rows=43825>=2000,30,3,epoch_chunk,accuracy,0.7162007986309185,0.7176269252709641,0.7162007986309185,0.7176269252709641,3,True,False,,f_mmd,test,standardized_l2,5.709728118445561,4.425062077440993,,True
FOREX_audjpy-day-High,/home/crc00006699/zh/tabiclv2/data184/FOREX_audjpy-day-High,binclass,1465,293,367,10,2,0.782016348773842,0.7815679029797274,0.7808394269068426,0.8548243267344392,0.4759119677057636,5.318794250488281,0.7103123664855957,ok,,1465,1172,0,367,0.5514935851097107,True,0.1,True,11,1e-05,True,5.28473973274231,full_train_epoch_chunks,full train set chunked per epoch | validation=dataset_val_split | c_selection=f_mmd c_source=test c_metric=standardized_l2 | f_mmd_reserved_context=5% source=test | wise_ft=alpha0.1 rows=1832<2000,30,1,epoch_chunk,accuracy,0.764505119453925,0.7679180887372014,0.764505119453925,0.7679180887372014,3,True,False,,f_mmd,test,standardized_l2,4.970620801922388,1.6582297571052496,,True
FOREX_audsgd-hour-High,/home/crc00006699/zh/tabiclv2/data184/FOREX_audsgd-hour-High,binclass,35060,7012,8765,10,2,0.7100969766115232,0.7101528092642138,0.7101304325440698,0.7885877751291119,0.5531542979390447,114.45098328590392,25.574185609817505,ok,,35060,28048,0,8765,0.5561141073703766,True,0.1,False,90,1e-05,True,114.11476707458496,full_train_epoch_chunks,full train set chunked per epoch | validation=dataset_val_split | c_selection=f_mmd c_source=test c_metric=standardized_l2 | f_mmd_reserved_context=5% source=test | wise_ft_skipped rows=43825>=2000,30,3,epoch_chunk,accuracy,0.6732743867655447,0.7169138619509412,0.6732743867655447,0.7169138619509412,28,False,False,,f_mmd,test,standardized_l2,4.313698670596088,1.599167944891625,,True
FOREX_cadjpy-day-High,/home/crc00006699/zh/tabiclv2/data184/FOREX_cadjpy-day-High,binclass,1467,294,367,10,2,0.7275204359673024,0.7270340969072726,0.7276372059871703,0.7934782608695652,0.5527283441212979,5.588924407958984,0.5025331974029541,ok,,1467,1173,0,367,0.5476712584495544,True,0.1,True,16,1e-05,True,5.5527849197387695,full_train_epoch_chunks,full train set chunked per epoch | validation=dataset_val_split | c_selection=f_mmd c_source=test c_metric=standardized_l2 | f_mmd_reserved_context=5% source=test | wise_ft=alpha0.1 rows=1834<2000,30,1,epoch_chunk,accuracy,0.7006802721088435,0.7074829931972789,0.7006802721088435,0.7074829931972789,8,True,False,,f_mmd,test,standardized_l2,5.276405738110376,1.913419578032164,,True
Firm-Teacher_Clave-Direction_Classification,/home/crc00006699/zh/tabiclv2/data184/Firm-Teacher_Clave-Direction_Classification,multiclass,8640,1728,2160,16,4,0.8851851851851852,0.8842935013733407,0.8107487039058392,0.9718870010525904,0.3068572246859753,25.643413305282596,3.442939281463623,ok,,8640,6912,0,2160,0.3284014463424682,True,0.1,False,20,1e-05,True,25.481764554977417,full_train_epoch_chunks,full train set chunked per epoch | validation=dataset_val_split | c_selection=f_mmd c_source=test c_metric=standardized_l2 | f_mmd_reserved_context=5% source=test | wise_ft_skipped rows=10800>=2000,30,1,epoch_chunk,accuracy,0.8640046296296297,0.8761574074074074,0.8640046296296297,0.8761574074074074,12,True,False,,f_mmd,test,standardized_l2,1.2743595976531013,0.0032793621498815,,True
GAMETES_Epistasis_2-Way_20atts_0.1H_EDM-1_1,/home/crc00006699/zh/tabiclv2/data184/GAMETES_Epistasis_2-Way_20atts_0.1H_EDM-1_1,binclass,1280,256,320,20,2,0.653125,0.6498388193889925,0.653125,0.7134375,0.6152091238476795,4.887276411056519,0.5821883678436279,ok,,1280,1024,0,320,0.592923641204834,True,0.1,True,10,1e-05,True,4.82649827003479,full_train_epoch_chunks,full train set chunked per epoch | validation=dataset_val_split | c_selection=f_mmd c_source=test c_metric=standardized_l2 | f_mmd_reserved_context=5% source=test | wise_ft=alpha0.1 rows=1600<2000,30,1,epoch_chunk,accuracy,0.64453125,0.65234375,0.64453125,0.65234375,2,True,False,,f_mmd,test,standardized_l2,2.2510247822932192,0.2753977890508845,,True
Gender_Gap_in_Spanish_WP,/home/crc00006699/zh/tabiclv2/data184/Gender_Gap_in_Spanish_WP,multiclass,3796,760,950,13,3,0.6094736842105263,0.5636412469098362,0.4268630791907077,0.70412045239285,0.7928414422457997,14.81517767906189,1.284172773361206,ok,,3796,3036,0,950,0.8301783800125122,True,0.1,False,29,1e-05,True,14.762815713882446,full_train_epoch_chunks,full train set chunked per epoch | validation=dataset_val_split | c_selection=f_mmd c_source=test c_metric=standardized_l2 | f_mmd_reserved_context=5% source=test | wise_ft_skipped rows=4746>=2000,30,1,epoch_chunk,accuracy,0.6052631578947368,0.6276315789473684,0.6052631578947368,0.6276315789473684,21,True,False,,f_mmd,test,standardized_l2,16.147780497995985,30.14246577788064,,True
HR_Analytics_Job_Change_of_Data_Scientists,/home/crc00006699/zh/tabiclv2/data184/HR_Analytics_Job_Change_of_Data_Scientists,binclass,15326,3066,3832,13,2,0.7998434237995825,0.8023030303590943,0.745681674664745,0.8111507223747833,0.4297676545061534,16.153567790985107,6.975530385971069,ok,,15326,12260,0,3832,0.439143419265747,True,0.1,False,16,1e-05,True,15.936625480651855,full_train_epoch_chunks,full train set chunked per epoch | validation=dataset_val_split | c_selection=f_mmd c_source=test c_metric=standardized_l2 | f_mmd_reserved_context=5% source=test | wise_ft_skipped rows=19158>=2000,30,2,epoch_chunk,accuracy,0.8075668623613829,0.8075668623613829,0.8075668623613829,0.8075668623613829,0,True,False,,f_mmd,test,standardized_l2,2.5772490099793504,0.3069183235157474,,True
INNHotelsGroup,/home/crc00006699/zh/tabiclv2/data184/INNHotelsGroup,binclass,29020,5804,7255,17,2,0.9061337008959338,0.9055509353166498,0.8875967808899797,0.9639428819614236,0.2192859249550816,50.94168949127197,20.368529319763184,ok,,29020,23216,0,7255,0.3095196932554245,True,0.1,False,42,1e-05,True,50.50802111625672,full_train_epoch_chunks,full train set chunked per epoch | validation=dataset_val_split | c_selection=f_mmd c_source=test c_metric=standardized_l2 | f_mmd_reserved_context=5% source=test | wise_ft_skipped rows=36275>=2000,30,3,epoch_chunk,accuracy,0.90144727773949,0.9054100620261888,0.90144727773949,0.9054100620261888,6,True,False,,f_mmd,test,standardized_l2,6.157614736274511,9.396667606168132,,True
Intersectional-Bias-Assessment,/home/crc00006699/zh/tabiclv2/data184/Intersectional-Bias-Assessment,binclass,8800,1760,2200,19,2,0.9445454545454546,0.9445459128569524,0.9445547794910704,0.9900962931556732,0.1311825816195071,14.69290828704834,4.06731390953064,ok,,8800,7040,0,2200,0.1139873825013637,True,0.1,False,11,1e-05,True,14.539068222045898,full_train_epoch_chunks,full train set chunked per epoch | validation=dataset_val_split | c_selection=f_mmd c_source=test c_metric=standardized_l2 | f_mmd_reserved_context=5% source=test | wise_ft_skipped rows=11000>=2000,30,1,epoch_chunk,accuracy,0.9505681818181818,0.9517045454545454,0.9505681818181818,0.9517045454545454,3,True,False,,f_mmd,test,standardized_l2,2.246525388968858,0.2827963217985475,,True
JapaneseVowels,/home/crc00006699/zh/tabiclv2/data184/JapaneseVowels,multiclass,7968,1594,1993,14,9,0.9994982438534872,0.999498083906782,0.9993540051679586,1.0,0.0008947027693929,12.946255683898926,3.156049489974976,ok,,7968,6374,0,1993,0.0056015877053141,True,0.1,False,12,1e-05,True,12.844412326812744,full_train_epoch_chunks,full train set chunked per epoch | validation=dataset_val_split | c_selection=f_mmd c_source=test c_metric=standardized_l2 | f_mmd_reserved_context=5% source=test | wise_ft_skipped rows=9961>=2000,30,1,epoch_chunk,accuracy,0.9962358845671268,0.9968632371392724,0.9962358845671268,0.9968632371392724,4,True,False,,f_mmd,test,standardized_l2,2.451838212173457,0.3377310441453937,,True
KDDCup09_upselling,/home/crc00006699/zh/tabiclv2/data184/KDDCup09_upselling,binclass,4102,821,1026,49,2,0.8118908382066277,0.8103324914010844,0.8118908382066277,0.9111939476154104,0.3588817777286172,16.28937816619873,2.768664836883545,ok,,4102,3281,0,1026,0.3328524380922317,True,0.1,False,13,1e-05,True,16.082802772521973,full_train_epoch_chunks,full train set chunked per epoch | validation=dataset_val_split | c_selection=f_mmd c_source=test c_metric=standardized_l2 | f_mmd_reserved_context=5% source=test | wise_ft_skipped rows=5128>=2000,30,1,epoch_chunk,accuracy,0.7990255785627284,0.8087697929354446,0.7990255785627284,0.8087697929354446,5,True,False,,f_mmd,test,standardized_l2,7.833671778281296,21.96172061478189,,True
MIC,/home/crc00006699/zh/tabiclv2/data184/MIC,binclass,1319,264,330,104,2,0.9090909090909092,0.8995772562318263,0.7459413873076113,0.8841801953756413,0.2638103430459446,10.242876052856444,1.5989248752593994,ok,,1319,1055,0,330,0.2688683718442917,True,0.1,True,8,1e-05,True,9.975061178207396,full_train_epoch_chunks,full train set chunked per epoch | validation=dataset_val_split | c_selection=f_mmd c_source=test c_metric=standardized_l2 | f_mmd_reserved_context=5% source=test | wise_ft=alpha0.1 rows=1649<2000,30,1,epoch_chunk,accuracy,0.875,0.875,0.875,0.875,0,True,False,,f_mmd,test,standardized_l2,5.712530890529921,2.467797472822383,,True
Marketing_Campaign,/home/crc00006699/zh/tabiclv2/data184/Marketing_Campaign,binclass,1792,359,448,27,2,0.8816964285714286,0.8711728618973842,0.6967328710776824,0.9262349668977944,0.2395571759204805,5.018205881118774,1.0805420875549316,ok,,1792,1433,0,448,0.2478668391704559,True,0.1,False,8,1e-05,True,4.945590019226074,full_train_epoch_chunks,full train set chunked per epoch | validation=dataset_val_split | c_selection=f_mmd c_source=test c_metric=standardized_l2 | f_mmd_reserved_context=5% source=test | wise_ft_skipped rows=2240>=2000,30,1,epoch_chunk,accuracy,0.9052924791086352,0.9052924791086352,0.9052924791086352,0.9052924791086352,0,True,False,,f_mmd,test,standardized_l2,4.276515050841072,2.1214029418271223,,True
National_Health_and_Nutrition_Health_Survey,/home/crc00006699/zh/tabiclv2/data184/National_Health_and_Nutrition_Health_Survey,binclass,1822,365,456,7,2,0.8355263157894737,0.7885534022230477,0.5361958582209664,0.7769054687220573,0.3777752441335455,3.653509378433228,0.5835607051849365,ok,,1822,1457,0,456,0.3811186701059341,True,0.1,False,8,1e-05,True,3.623447895050049,full_train_epoch_chunks,full train set chunked per epoch | validation=dataset_val_split | c_selection=f_mmd c_source=test c_metric=standardized_l2 | f_mmd_reserved_context=5% source=test | wise_ft_skipped rows=2278>=2000,30,1,epoch_chunk,accuracy,0.8547945205479452,0.8547945205479452,0.8547945205479452,0.8547945205479452,0,True,False,,f_mmd,test,standardized_l2,7.836993826876295,8.426130310236019,,True
PhishingWebsites,/home/crc00006699/zh/tabiclv2/data184/PhishingWebsites,binclass,8844,1769,2211,30,2,0.979194934418815,0.9791740177284344,0.9779870355940914,0.9987350586050828,0.044988563002689,31.17687559127808,4.79093861579895,ok,,8844,7075,0,2211,0.0566457975655794,True,0.1,False,20,1e-05,True,30.90767908096313,full_train_epoch_chunks,full train set chunked per epoch | validation=dataset_val_split | c_selection=f_mmd c_source=test c_metric=standardized_l2 | f_mmd_reserved_context=5% source=test | wise_ft_skipped rows=11055>=2000,30,1,epoch_chunk,accuracy,0.9785189372526852,0.979649519502544,0.9785189372526852,0.979649519502544,12,True,False,,f_mmd,test,standardized_l2,3.127134346417661,0.426983204791658,,True
Pima_Indians_Diabetes_Database,/home/crc00006699/zh/tabiclv2/data184/Pima_Indians_Diabetes_Database,binclass,614,123,154,8,2,0.7272727272727273,0.7179459691252145,0.675,0.8596296296296296,0.4641547992635301,2.7237954139709477,0.4986352920532226,ok,,614,491,0,154,0.4257209151983261,True,0.1,True,8,1e-05,True,2.6986989974975586,full_train_epoch_chunks,full train set chunked per epoch | validation=dataset_val_split | c_selection=f_mmd c_source=test c_metric=standardized_l2 | f_mmd_reserved_context=5% source=test | wise_ft=alpha0.1 rows=768<2000,30,1,epoch_chunk,accuracy,0.7886178861788617,0.7886178861788617,0.7886178861788617,0.7886178861788617,0,True,False,,f_mmd,test,standardized_l2,4.29744305286492,1.2550670932773182,,True
Pumpkin_Seeds,/home/crc00006699/zh/tabiclv2/data184/Pumpkin_Seeds,binclass,2000,400,500,12,2,0.882,0.881910531108713,0.8812500000000001,0.947988782051282,0.2965219315562871,8.62368392944336,0.6811802387237549,ok,,2000,1600,0,500,0.2225015982985496,True,0.1,False,24,1e-05,True,8.58571982383728,full_train_epoch_chunks,full train set chunked per epoch | validation=dataset_val_split | c_selection=f_mmd c_source=test c_metric=standardized_l2 | f_mmd_reserved_context=5% source=test | wise_ft_skipped rows=2500>=2000,30,1,epoch_chunk,accuracy,0.8725,0.89,0.8725,0.89,16,True,False,,f_mmd,test,standardized_l2,4.32347932595734,1.5603260508387136,,True
Rain_in_Australia,/home/crc00006699/zh/tabiclv2/data184/Rain_in_Australia,multiclass,116368,23274,29092,18,3,0.8596521380448233,0.8520776262054286,0.7066565090058395,0.9221971298685782,0.3461706229617631,414.1560206413269,268.649995803833,ok,,116368,93094,0,29092,0.3801348656415939,True,0.1,False,210,1e-05,True,412.41479754447937,full_train_epoch_chunks,full train set chunked per epoch | validation=dataset_val_split | c_selection=f_mmd c_source=test c_metric=standardized_l2 | f_mmd_reserved_context=5% source=test | wise_ft_skipped rows=145460>=2000,30,10,epoch_chunk,accuracy,0.8521096502535017,0.8572656182864999,0.8521096502535017,0.8572656182864999,13,True,False,,f_mmd,test,standardized_l2,3.304736242786449,3.445176052859849,,True
Shipping,/home/crc00006699/zh/tabiclv2/data184/Shipping,binclass,8799,1760,2200,9,2,0.6895454545454546,0.6803534545569996,0.730969090637599,0.7322477015294695,0.4995819213154543,14.622384309768677,3.078157901763916,ok,,8799,7039,0,2200,0.5242440700531006,True,0.1,False,15,1e-05,True,14.535975933074951,full_train_epoch_chunks,full train set chunked per epoch | validation=dataset_val_split | c_selection=f_mmd c_source=test c_metric=standardized_l2 | f_mmd_reserved_context=5% source=test | wise_ft_skipped rows=10999>=2000,30,1,epoch_chunk,accuracy,0.6727272727272727,0.6755681818181818,0.6727272727272727,0.6755681818181818,7,True,False,,f_mmd,test,standardized_l2,2.571875357830047,0.4729183355357845,,True
VulNoneVul,/home/crc00006699/zh/tabiclv2/data184/VulNoneVul,binclass,4553,911,1139,16,2,0.9894644424934153,0.9842245601854184,0.5,0.8321132800946466,0.0502388156231143,5.50998067855835,1.7157902717590332,ok,,4553,3642,0,1139,0.0326797794550657,True,0.1,False,8,1e-05,True,5.43246340751648,full_train_epoch_chunks,full train set chunked per epoch | validation=dataset_val_split | c_selection=f_mmd c_source=test c_metric=standardized_l2 | f_mmd_reserved_context=5% source=test | wise_ft_skipped rows=5692>=2000,30,1,epoch_chunk,accuracy,0.9890230515916576,0.9890230515916576,0.9890230515916576,0.9890230515916576,0,True,False,,f_mmd,test,standardized_l2,10.160203666004811,10.610619381915178,,True
Waterstress,/home/crc00006699/zh/tabiclv2/data184/Waterstress,binclass,950,190,238,22,2,0.8067226890756303,0.8066544414375919,0.8079179922234005,0.8910569105691057,0.4172028657025027,3.6473171710968018,0.9593818187713624,ok,,950,760,0,238,0.4032554924488067,True,0.1,True,8,1e-05,True,3.601102590560913,full_train_epoch_chunks,full train set chunked per epoch | validation=dataset_val_split | c_selection=f_mmd c_source=test c_metric=standardized_l2 | f_mmd_reserved_context=5% source=test | wise_ft=alpha0.1 rows=1188<2000,30,1,epoch_chunk,accuracy,0.8105263157894737,0.8105263157894737,0.8105263157894737,0.8105263157894737,0,True,False,,f_mmd,test,standardized_l2,6.664162551711222,1.4893363023500763,,True
abalone,/home/crc00006699/zh/tabiclv2/data184/abalone,multiclass,3341,669,836,8,3,0.6423444976076556,0.6456058657409073,0.6401026170591599,0.8326130045653463,0.7408846641500494,5.396586418151856,1.0057382583618164,ok,,3341,2672,0,836,0.717677891254425,True,0.1,False,12,1e-05,True,5.351971387863159,full_train_epoch_chunks,full train set chunked per epoch | validation=dataset_val_split | c_selection=f_mmd c_source=test c_metric=standardized_l2 | f_mmd_reserved_context=5% source=test | wise_ft_skipped rows=4177>=2000,30,1,epoch_chunk,accuracy,0.6846038863976084,0.6875934230194319,0.6846038863976084,0.6875934230194319,4,True,False,,f_mmd,test,standardized_l2,4.94135857846578,5.413631318904714,,True
ada,/home/crc00006699/zh/tabiclv2/data184/ada,binclass,3317,664,830,48,2,0.8662650602409638,0.8642858339848611,0.806999937764501,0.919443925815285,0.3026350728103036,10.266662359237673,1.9787461757659912,ok,,3317,2653,0,830,0.2794108688831329,True,0.1,False,12,1e-05,True,10.128741264343262,full_train_epoch_chunks,full train set chunked per epoch | validation=dataset_val_split | c_selection=f_mmd c_source=test c_metric=standardized_l2 | f_mmd_reserved_context=5% source=test | wise_ft_skipped rows=4147>=2000,30,1,epoch_chunk,accuracy,0.8689759036144579,0.8704819277108434,0.8689759036144579,0.8704819277108434,4,True,False,,f_mmd,test,standardized_l2,4.338794762934015,6.538881940189219,,True
ada_prior,/home/crc00006699/zh/tabiclv2/data184/ada_prior,binclass,3649,730,913,14,2,0.864184008762322,0.856379508454635,0.7725594328354375,0.9049427826511348,0.3224691402193664,11.505876541137695,1.2644424438476562,ok,,3649,2919,0,913,0.3312593996524811,True,0.1,False,22,1e-05,True,11.433512926101685,full_train_epoch_chunks,full train set chunked per epoch | validation=dataset_val_split | c_selection=f_mmd c_source=test c_metric=standardized_l2 | f_mmd_reserved_context=5% source=test | wise_ft_skipped rows=4562>=2000,30,1,epoch_chunk,accuracy,0.8342465753424657,0.8465753424657534,0.8342465753424657,0.8465753424657534,14,True,False,,f_mmd,test,standardized_l2,4.223381226452109,2.933874905659917,,True
airlines_seed_0_nrows_2000_nclasses_10_ncols_100_stratify_True,/home/crc00006699/zh/tabiclv2/data184/airlines_seed_0_nrows_2000_nclasses_10_ncols_100_stratify_True,binclass,1600,320,400,7,2,0.5925,0.5810124638311615,0.5744255491446503,0.6769409859297498,0.6300404689174504,3.33634090423584,0.4851522445678711,ok,,1600,1280,0,400,0.6443185806274414,True,0.1,False,8,1e-05,True,3.301835060119629,full_train_epoch_chunks,full train set chunked per epoch | validation=dataset_val_split | c_selection=f_mmd c_source=test c_metric=standardized_l2 | f_mmd_reserved_context=5% source=test | wise_ft_skipped rows=2000>=2000,30,1,epoch_chunk,accuracy,0.653125,0.653125,0.653125,0.653125,0,True,False,,f_mmd,test,standardized_l2,2.519760960365534,0.4749052057318933,,True
allrep,/home/crc00006699/zh/tabiclv2/data184/allrep,multiclass,3017,604,755,29,4,0.9841059602649008,0.9836103393706578,0.7504158512720156,0.996651398961056,0.038211583566691,5.605389833450317,1.346444845199585,ok,,3017,2413,0,755,0.0389664601534605,True,0.1,False,8,1e-05,True,5.498593330383301,full_train_epoch_chunks,full train set chunked per epoch | validation=dataset_val_split | c_selection=f_mmd c_source=test c_metric=standardized_l2 | f_mmd_reserved_context=5% source=test | wise_ft_skipped rows=3772>=2000,30,1,epoch_chunk,accuracy,0.9900662251655628,0.9900662251655628,0.9900662251655628,0.9900662251655628,0,True,False,,f_mmd,test,standardized_l2,5.180888819236119,7.502598832556348,,True
artificial-characters,/home/crc00006699/zh/tabiclv2/data184/artificial-characters,multiclass,8174,1635,2044,7,10,0.9412915851272016,0.9413660031492,0.93861000208003,0.998985223857036,0.1157913030293366,24.576735258102417,2.616871118545532,ok,,8174,6539,0,2044,0.3302760571241379,True,0.1,False,30,1e-05,True,24.50622129440308,full_train_epoch_chunks,full train set chunked per epoch | validation=dataset_val_split | c_selection=f_mmd c_source=test c_metric=standardized_l2 | f_mmd_reserved_context=5% source=test | wise_ft_skipped rows=10218>=2000,30,1,epoch_chunk,accuracy,0.8629969418960245,0.8899082568807339,0.8629969418960245,0.8899082568807339,28,False,False,,f_mmd,test,standardized_l2,3.462708810274597,0.9582121405367794,,True
autoUniv-au7-1100,/home/crc00006699/zh/tabiclv2/data184/autoUniv-au7-1100,multiclass,880,176,220,12,5,0.4136363636363636,0.3931070318570318,0.3966223545403469,0.7427350126237844,1.3399806352539874,3.84359073638916,0.7635774612426758,ok,,880,704,0,220,1.2611733675003052,True,0.1,True,10,1e-05,True,3.80708909034729,full_train_epoch_chunks,full train set chunked per epoch | validation=dataset_val_split | c_selection=f_mmd c_source=test c_metric=standardized_l2 | f_mmd_reserved_context=5% source=test | wise_ft=alpha0.1 rows=1100<2000,30,1,epoch_chunk,accuracy,0.5056818181818182,0.5113636363636364,0.5056818181818182,0.5113636363636364,2,True,False,,f_mmd,test,standardized_l2,1.819417358002407,0.0817604692692714,,True
banknote_authentication,/home/crc00006699/zh/tabiclv2/data184/banknote_authentication,binclass,1097,220,275,4,2,0.5381818181818182,0.4413918493181166,0.4919639987142398,0.5210543233686917,0.6873009358626138,3.32138466835022,0.1714744567871093,ok,,1097,877,0,275,0.6776178777217865,True,0.1,True,10,1e-05,True,3.295926570892334,full_train_epoch_chunks,full train set chunked per epoch | validation=dataset_val_split | c_selection=f_mmd c_source=test c_metric=standardized_l2 | f_mmd_reserved_context=5% source=test | wise_ft=alpha0.1 rows=1372<2000,30,1,epoch_chunk,accuracy,0.5636363636363636,0.5772727272727273,0.5636363636363636,0.5772727272727273,2,True,False,,f_mmd,test,standardized_l2,4.318591661619124,1.0112856072925065,,True
car-evaluation,/home/crc00006699/zh/tabiclv2/data184/car-evaluation,multiclass,1382,277,346,21,4,0.9855491329479767,0.985510846572902,0.9699959131777314,0.999724069743502,0.0226198363772058,5.025327920913696,0.5868937969207764,ok,,1382,1105,0,346,0.0098856044933199,True,0.1,True,11,1e-05,True,4.961783409118652,full_train_epoch_chunks,full train set chunked per epoch | validation=dataset_val_split | c_selection=f_mmd c_source=test c_metric=standardized_l2 | f_mmd_reserved_context=5% source=test | wise_ft=alpha0.1 rows=1728<2000,30,1,epoch_chunk,accuracy,0.9855595667870036,0.9891696750902528,0.9855595667870036,0.9891696750902528,3,True,False,,f_mmd,test,standardized_l2,1.2854933727395057,0.0041006102285575,,True
cmc,/home/crc00006699/zh/tabiclv2/data184/cmc,multiclass,1178,236,295,9,3,0.6033898305084746,0.6005758579154005,0.5750426206967033,0.7692756131532766,0.8672010274582599,4.514329671859741,0.4186422824859619,ok,,1178,942,0,295,0.8602728247642517,True,0.1,True,12,1e-05,True,4.479343414306641,full_train_epoch_chunks,full train set chunked per epoch | validation=dataset_val_split | c_selection=f_mmd c_source=test c_metric=standardized_l2 | f_mmd_reserved_context=5% source=test | wise_ft=alpha0.1 rows=1473<2000,30,1,epoch_chunk,accuracy,0.5508474576271186,0.5550847457627118,0.5508474576271186,0.5550847457627118,4,True,False,,f_mmd,test,standardized_l2,3.158996617404455,0.5584780100985502,,True
compass,/home/crc00006699/zh/tabiclv2/data184/compass,binclass,13315,2663,3329,17,2,0.8891559026734756,0.8891047487410246,0.889149486024486,0.953850485100485,0.2611817174596434,54.33025503158569,6.117195129394531,ok,,13315,10652,0,3329,0.5967562198638916,True,0.1,False,60,1e-05,True,54.11518454551697,full_train_epoch_chunks,full train set chunked per epoch | validation=dataset_val_split | c_selection=f_mmd c_source=test c_metric=standardized_l2 | f_mmd_reserved_context=5% source=test | wise_ft_skipped rows=16644>=2000,30,2,epoch_chunk,accuracy,0.830266616597822,0.8745775441231693,0.830266616597822,0.8745775441231693,22,True,False,,f_mmd,test,standardized_l2,5.590307878403356,5.696671443389805,,True
contraceptive_method_choice,/home/crc00006699/zh/tabiclv2/data184/contraceptive_method_choice,multiclass,1178,236,295,9,3,0.6372881355932203,0.6353261292480731,0.6106558709719377,0.7946469841335793,0.8241855771564675,5.625121593475342,0.399287462234497,ok,,1178,942,0,295,0.9695655405521392,True,0.1,True,16,1e-05,True,5.585452318191528,full_train_epoch_chunks,full train set chunked per epoch | validation=dataset_val_split | c_selection=f_mmd c_source=test c_metric=standardized_l2 | f_mmd_reserved_context=5% source=test | wise_ft=alpha0.1 rows=1473<2000,30,1,epoch_chunk,accuracy,0.5338983050847458,0.5508474576271186,0.5338983050847458,0.5508474576271186,8,True,False,,f_mmd,test,standardized_l2,3.188844304160801,0.5644437069734072,,True
credit-g,/home/crc00006699/zh/tabiclv2/data184/credit-g,binclass,800,160,200,20,2,0.795,0.7804087385482734,0.705952380952381,0.8436904761904761,0.4378782625194203,6.665013551712036,0.8232033252716064,ok,,800,640,0,200,0.5382096171379089,True,0.1,True,17,1e-05,True,6.604029178619385,full_train_epoch_chunks,full train set chunked per epoch | validation=dataset_val_split | c_selection=f_mmd c_source=test c_metric=standardized_l2 | f_mmd_reserved_context=5% source=test | wise_ft=alpha0.1 rows=1000<2000,30,1,epoch_chunk,accuracy,0.75625,0.775,0.75625,0.775,9,True,False,,f_mmd,test,standardized_l2,2.743756151430304,0.3917983502035507,,True
dabetes_130-us_hospitals,/home/crc00006699/zh/tabiclv2/data184/dabetes_130-us_hospitals,binclass,81412,16283,20354,20,2,0.644148570305591,0.6417864657519463,0.6379719112275206,0.7030279077601035,0.619338158616974,182.38779854774475,128.08332538604736,ok,,81412,65129,0,20354,0.6224906742572784,True,0.1,False,98,1e-05,True,180.84135508537287,full_train_epoch_chunks,full train set chunked per epoch | validation=dataset_val_split | c_selection=f_mmd c_source=test c_metric=standardized_l2 | f_mmd_reserved_context=5% source=test | wise_ft_skipped rows=101766>=2000,30,7,epoch_chunk,accuracy,0.6496345882208439,0.6533808266289995,0.6496345882208439,0.6533808266289995,6,True,False,,f_mmd,test,standardized_l2,3.551044358036997,8.060076499789226,,True
delta_ailerons,/home/crc00006699/zh/tabiclv2/data184/delta_ailerons,binclass,5703,1141,1426,5,2,0.953015427769986,0.9530250491666864,0.9530530198466528,0.9826857649481768,0.1575906972096608,4.87249493598938,1.106715440750122,ok,,5703,4562,0,1426,0.1480570659041404,True,0.1,False,8,1e-05,True,4.832218647003174,full_train_epoch_chunks,full train set chunked per epoch | validation=dataset_val_split | c_selection=f_mmd c_source=test c_metric=standardized_l2 | f_mmd_reserved_context=5% source=test | wise_ft_skipped rows=7129>=2000,30,1,epoch_chunk,accuracy,0.9430324276950044,0.9430324276950044,0.9430324276950044,0.9430324276950044,0,True,False,,f_mmd,test,standardized_l2,3.689035907319629,1.070969887580371,,True
dna,/home/crc00006699/zh/tabiclv2/data184/dna,multiclass,2548,510,638,180,3,0.9717868338557992,0.971919173446994,0.9713994481188368,0.9980708821833304,0.0786336280805194,24.01535487174988,5.435292720794678,ok,,2548,2038,0,638,0.1112967617809772,True,0.1,False,11,1e-05,True,23.371678590774536,full_train_epoch_chunks,full train set chunked per epoch | validation=dataset_val_split | c_selection=f_mmd c_source=test c_metric=standardized_l2 | f_mmd_reserved_context=5% source=test | wise_ft_skipped rows=3186>=2000,30,1,epoch_chunk,accuracy,0.9784313725490196,0.9803921568627452,0.9784313725490196,0.9803921568627452,3,True,False,,f_mmd,test,standardized_l2,1.4325375806702203,0.035832019143852,,True
dry_bean_dataset,/home/crc00006699/zh/tabiclv2/data184/dry_bean_dataset,multiclass,10888,2178,2723,16,7,0.9305912596401028,0.9306019166757132,0.9403690964703794,0.9960316784086636,0.185706713610189,30.6667594909668,4.59662675857544,ok,,10888,8710,0,2723,0.2023705840110778,True,0.1,False,22,1e-05,True,30.501383781433105,full_train_epoch_chunks,full train set chunked per epoch | validation=dataset_val_split | c_selection=f_mmd c_source=test c_metric=standardized_l2 | f_mmd_reserved_context=5% source=test | wise_ft_skipped rows=13611>=2000,30,1,epoch_chunk,accuracy,0.931129476584022,0.9375573921028466,0.931129476584022,0.9375573921028466,14,True,False,,f_mmd,test,standardized_l2,6.071756137744038,2.1626882328611066,,True
electricity,/home/crc00006699/zh/tabiclv2/data184/electricity,binclass,36249,7250,9063,8,2,0.9385413218581043,0.9385254416456688,0.9368550957477132,0.986193821596506,0.1492788067541052,110.46469116210938,26.45336651802063,ok,,36249,28999,0,9063,0.2562698274850845,True,0.1,False,90,1e-05,True,110.15499472618104,full_train_epoch_chunks,full train set chunked per epoch | validation=dataset_val_split | c_selection=f_mmd c_source=test c_metric=standardized_l2 | f_mmd_reserved_context=5% source=test | wise_ft_skipped rows=45312>=2000,30,3,epoch_chunk,accuracy,0.918344827586207,0.9318620689655172,0.918344827586207,0.9318620689655172,26,False,False,,f_mmd,test,standardized_l2,6.1214708007166445,45.34163114899332,,True
eucalyptus,/home/crc00006699/zh/tabiclv2/data184/eucalyptus,multiclass,588,118,148,19,5,0.7297297297297297,0.7336271306859541,0.7192001796652959,0.9433862741376696,0.5918608128168915,3.681492567062378,0.6548240184783936,ok,,588,470,0,148,0.7148701548576355,True,0.1,True,8,1e-05,True,3.638558149337769,full_train_epoch_chunks,full train set chunked per epoch | validation=dataset_val_split | c_selection=f_mmd c_source=test c_metric=standardized_l2 | f_mmd_reserved_context=5% source=test | wise_ft=alpha0.1 rows=736<2000,30,1,epoch_chunk,accuracy,0.7372881355932204,0.7372881355932204,0.7372881355932204,0.7372881355932204,0,True,False,,f_mmd,test,standardized_l2,2.8798763835349104,2.482027016509545,,True
eye_movements_bin,/home/crc00006699/zh/tabiclv2/data184/eye_movements_bin,binclass,6086,1218,1522,20,2,0.9040735873850198,0.9040629851638096,0.9040735873850196,0.9721439906340816,0.2389852240990889,26.7773334980011,2.424600601196289,ok,,6086,4868,0,1522,0.4199462682008743,True,0.1,False,30,1e-05,True,26.648669958114624,full_train_epoch_chunks,full train set chunked per epoch | validation=dataset_val_split | c_selection=f_mmd c_source=test c_metric=standardized_l2 | f_mmd_reserved_context=5% source=test | wise_ft_skipped rows=7608>=2000,30,1,epoch_chunk,accuracy,0.6346469622331691,0.9080459770114944,0.6346469622331691,0.9080459770114944,30,False,False,,f_mmd,test,standardized_l2,6.804704470839492,4.178498860938383,,True
golf_play_dataset_extended,/home/crc00006699/zh/tabiclv2/data184/golf_play_dataset_extended,binclass,876,176,219,9,2,0.9406392694063926,0.9403986457399272,0.9065720030158332,0.9792661472731842,0.1523558216810138,4.574701547622681,0.7129843235015869,ok,,876,700,0,219,0.1475987955927848,True,0.1,True,13,1e-05,True,4.540766716003418,full_train_epoch_chunks,full train set chunked per epoch | validation=dataset_val_split | c_selection=f_mmd c_source=test c_metric=standardized_l2 | f_mmd_reserved_context=5% source=test | wise_ft=alpha0.1 rows=1095<2000,30,1,epoch_chunk,accuracy,0.9261363636363636,0.9318181818181818,0.9261363636363636,0.9318181818181818,5,True,False,,f_mmd,test,standardized_l2,3.2420692300951166,0.1752892601920405,,True
hill-valley,/home/crc00006699/zh/tabiclv2/data184/hill-valley,binclass,969,194,243,100,2,0.97119341563786,0.9711787714487684,0.9711082509145104,0.9986451700311612,0.0922403438990351,11.605719089508057,1.108856439590454,ok,,969,775,0,243,0.1649683713912964,True,0.1,True,14,1e-05,True,11.45783257484436,full_train_epoch_chunks,full train set chunked per epoch | validation=dataset_val_split | c_selection=f_mmd c_source=test c_metric=standardized_l2 | f_mmd_reserved_context=5% source=test | wise_ft=alpha0.1 rows=1212<2000,30,1,epoch_chunk,accuracy,0.9432989690721648,0.963917525773196,0.9432989690721648,0.963917525773196,6,True,False,,f_mmd,test,standardized_l2,13.658256198909651,8.435375438395974,,True
htru,/home/crc00006699/zh/tabiclv2/data184/htru,binclass,14318,2864,3580,8,2,0.9804469273743016,0.9802827605611372,0.933041205412054,0.9871711217112172,0.0615972039270088,17.071741580963135,5.894107818603516,ok,,14318,11454,0,3580,0.0583113562315702,True,0.1,False,22,1e-05,True,16.969336986541748,full_train_epoch_chunks,full train set chunked per epoch | validation=dataset_val_split | c_selection=f_mmd c_source=test c_metric=standardized_l2 | f_mmd_reserved_context=5% source=test | wise_ft_skipped rows=17898>=2000,30,2,epoch_chunk,accuracy,0.9787011173184358,0.9793994413407822,0.9787011173184358,0.9793994413407822,3,True,False,,f_mmd,test,standardized_l2,8.94695070071621,3.6753390943866777,,True
in_vehicle_coupon_recommendation,/home/crc00006699/zh/tabiclv2/data184/in_vehicle_coupon_recommendation,binclass,10147,2030,2537,21,2,0.7970043358297202,0.7956737431747865,0.7880249399932868,0.8660390502789758,0.4492651012662476,41.43461322784424,4.683802604675293,ok,,10147,8117,0,2537,0.4823390543460846,True,0.1,False,30,1e-05,True,41.18618679046631,full_train_epoch_chunks,full train set chunked per epoch | validation=dataset_val_split | c_selection=f_mmd c_source=test c_metric=standardized_l2 | f_mmd_reserved_context=5% source=test | wise_ft_skipped rows=12684>=2000,30,1,epoch_chunk,accuracy,0.7620689655172413,0.7729064039408867,0.7620689655172413,0.7729064039408867,22,True,False,,f_mmd,test,standardized_l2,1.6951515820085163,0.0958394447440282,,True
jasmine,/home/crc00006699/zh/tabiclv2/data184/jasmine,binclass,2387,478,597,144,2,0.8257956448911222,0.8241648837687133,0.8259578909564319,0.8878083544701579,0.3774157052980103,18.16779351234436,4.485218286514282,ok,,2387,1909,0,597,0.3456206768751144,True,0.1,False,10,1e-05,True,17.684742212295532,full_train_epoch_chunks,full train set chunked per epoch | validation=dataset_val_split | c_selection=f_mmd c_source=test c_metric=standardized_l2 | f_mmd_reserved_context=5% source=test | wise_ft_skipped rows=2984>=2000,30,1,epoch_chunk,accuracy,0.8430962343096234,0.8514644351464435,0.8430962343096234,0.8514644351464435,2,True,False,,f_mmd,test,standardized_l2,3.7449392328552342,2.496165052757057,,True
jungle_chess_2pcs_raw_endgame_complete,/home/crc00006699/zh/tabiclv2/data184/jungle_chess_2pcs_raw_endgame_complete,multiclass,35855,7171,8964,6,3,0.9696564033913432,0.9694482317046256,0.9470952217701744,0.997944749024004,0.0947140059745009,102.86437058448792,25.80446195602417,ok,,35855,28684,0,8964,0.1911449804902076,True,0.1,False,90,1e-05,True,102.68180799484252,full_train_epoch_chunks,full train set chunked per epoch | validation=dataset_val_split | c_selection=f_mmd c_source=test c_metric=standardized_l2 | f_mmd_reserved_context=5% source=test | wise_ft_skipped rows=44819>=2000,30,3,epoch_chunk,accuracy,0.8949937247245852,0.9644401059824292,0.8949937247245852,0.9644401059824292,30,False,False,,f_mmd,test,standardized_l2,1.92503797877294,0.1182629266496289,,True
kdd_ipums_la_97-small,/home/crc00006699/zh/tabiclv2/data184/kdd_ipums_la_97-small,binclass,4150,830,1038,20,2,0.8882466281310212,0.8876443077520276,0.8882466281310212,0.9500094668493212,0.2565480811421829,18.489729404449463,1.5918035507202148,ok,,4150,3320,0,1038,0.232492595911026,True,0.1,False,30,1e-05,True,18.403404712677,full_train_epoch_chunks,full train set chunked per epoch | validation=dataset_val_split | c_selection=f_mmd c_source=test c_metric=standardized_l2 | f_mmd_reserved_context=5% source=test | wise_ft_skipped rows=5188>=2000,30,1,epoch_chunk,accuracy,0.8746987951807229,0.8843373493975903,0.8746987951807229,0.8843373493975903,24,False,False,,f_mmd,test,standardized_l2,3.345398383764993,0.6661016526203939,,True
law-school-admission-bianry,/home/crc00006699/zh/tabiclv2/data184/law-school-admission-bianry,binclass,16640,3328,4160,11,2,1.0,1.0,1.0,1.0,6.667900550486465e-07,14.93488836288452,7.58805251121521,ok,,16640,13312,0,4160,8.562540472212277e-07,True,0.1,False,16,1e-05,True,14.762406349182127,full_train_epoch_chunks,full train set chunked per epoch | validation=dataset_val_split | c_selection=f_mmd c_source=test c_metric=standardized_l2 | f_mmd_reserved_context=5% source=test | wise_ft_skipped rows=20800>=2000,30,2,epoch_chunk,accuracy,1.0,1.0,1.0,1.0,0,True,False,,f_mmd,test,standardized_l2,3.31833245002201,0.8464428013944479,,True
led7,/home/crc00006699/zh/tabiclv2/data184/led7,multiclass,2560,512,640,7,10,0.740625,0.7363906987718676,0.7386482164741988,0.9596569035083836,0.7784759284315304,4.292332410812378,0.7607266902923584,ok,,2560,2048,0,640,0.8415929675102234,True,0.1,False,11,1e-05,True,4.2526938915252686,full_train_epoch_chunks,full train set chunked per epoch | validation=dataset_val_split | c_selection=f_mmd c_source=test c_metric=standardized_l2 | f_mmd_reserved_context=5% source=test | wise_ft_skipped rows=3200>=2000,30,1,epoch_chunk,accuracy,0.73046875,0.732421875,0.73046875,0.732421875,3,True,False,,f_mmd,test,standardized_l2,2.0273325116501963,0.1355588945793467,,True
mammography,/home/crc00006699/zh/tabiclv2/data184/mammography,binclass,8946,1790,2237,6,2,0.9892713455520786,0.9885863407758956,0.8255500792114064,0.9862260165463826,0.0312501495665885,13.485694646835327,2.255699634552002,ok,,8946,7156,0,2237,0.0306170936673879,True,0.1,False,16,1e-05,True,13.41462016105652,full_train_epoch_chunks,full train set chunked per epoch | validation=dataset_val_split | c_selection=f_mmd c_source=test c_metric=standardized_l2 | f_mmd_reserved_context=5% source=test | wise_ft_skipped rows=11183>=2000,30,1,epoch_chunk,accuracy,0.987709497206704,0.988268156424581,0.987709497206704,0.988268156424581,8,True,False,,f_mmd,test,standardized_l2,8.315249255577932,13.6256439870458,,True
mfeat-factors,/home/crc00006699/zh/tabiclv2/data184/mfeat-factors,multiclass,1600,320,400,216,10,0.98,0.9799656196280668,0.98,0.999798611111111,0.0734164125711395,19.8762640953064,4.382504463195801,ok,,1600,1280,0,400,0.0206088330596685,True,0.1,False,12,1e-05,True,19.493356943130493,full_train_epoch_chunks,full train set chunked per epoch | validation=dataset_val_split | c_selection=f_mmd c_source=test c_metric=standardized_l2 | f_mmd_reserved_context=5% source=test | wise_ft_skipped rows=2000>=2000,30,1,epoch_chunk,accuracy,0.9875,0.990625,0.9875,0.990625,4,True,False,,f_mmd,test,standardized_l2,2.058848374819719,0.2102549834776693,,True
mfeat-karhunen,/home/crc00006699/zh/tabiclv2/data184/mfeat-karhunen,multiclass,1600,320,400,64,10,0.975,0.975015727207024,0.975,0.9996944444444444,0.091409564723743,5.944837093353272,1.272554636001587,ok,,1600,1280,0,400,0.0107753598131239,True,0.1,False,8,1e-05,True,5.817881107330322,full_train_epoch_chunks,full train set chunked per epoch | validation=dataset_val_split | c_selection=f_mmd c_source=test c_metric=standardized_l2 | f_mmd_reserved_context=5% source=test | wise_ft_skipped rows=2000>=2000,30,1,epoch_chunk,accuracy,0.978125,0.978125,0.978125,0.978125,0,True,False,,f_mmd,test,standardized_l2,1.7423473684625956,0.081358236381311,,True
mfeat-pixel,/home/crc00006699/zh/tabiclv2/data184/mfeat-pixel,multiclass,1600,320,400,240,10,0.975,0.97494801061037,0.975,0.9996319444444446,0.1217714345820686,31.65434503555298,4.838176488876343,ok,,1600,1280,0,400,0.0212960727512836,True,0.1,False,14,1e-05,True,30.981561422348022,full_train_epoch_chunks,full train set chunked per epoch | validation=dataset_val_split | c_selection=f_mmd c_source=test c_metric=standardized_l2 | f_mmd_reserved_context=5% source=test | wise_ft_skipped rows=2000>=2000,30,1,epoch_chunk,accuracy,0.978125,0.98125,0.978125,0.98125,6,True,False,,f_mmd,test,standardized_l2,1.7238650669662634,0.0898627304730496,,True
mice_protein_expression,/home/crc00006699/zh/tabiclv2/data184/mice_protein_expression,multiclass,864,173,216,75,8,1.0,1.0,1.0,1.0,1.8864047147374716e-06,5.547497987747192,0.8196485042572021,ok,,864,691,0,216,1.940131187438965e-05,True,0.1,True,8,1e-05,True,5.432661771774292,full_train_epoch_chunks,full train set chunked per epoch | validation=dataset_val_split | c_selection=f_mmd c_source=test c_metric=standardized_l2 | f_mmd_reserved_context=5% source=test | wise_ft=alpha0.1 rows=1080<2000,30,1,epoch_chunk,accuracy,1.0,1.0,1.0,1.0,0,True,False,,f_mmd,test,standardized_l2,3.20523906295369,0.9839110698146576,,True
mobile_c36_oversampling,/home/crc00006699/zh/tabiclv2/data184/mobile_c36_oversampling,binclass,41408,8282,10352,6,2,0.9941074188562596,0.9941020766150924,0.9929358918750434,0.9993660445876495,0.0218301525747164,63.75388956069946,25.9727144241333,ok,,41408,33126,0,10352,0.0702610164880752,True,0.1,False,64,1e-05,True,63.56497979164124,full_train_epoch_chunks,full train set chunked per epoch | validation=dataset_val_split | c_selection=f_mmd c_source=test c_metric=standardized_l2 | f_mmd_reserved_context=5% source=test | wise_ft_skipped rows=51760>=2000,30,4,epoch_chunk,accuracy,0.9942042984786283,0.995049504950495,0.9942042984786283,0.995049504950495,8,True,False,,f_mmd,test,standardized_l2,3.8771423022845175,1.0416077006285938,,True
national-longitudinal-survey-binary,/home/crc00006699/zh/tabiclv2/data184/national-longitudinal-survey-binary,binclass,3926,786,982,16,2,1.0,1.0,1.0,1.0,0.0002470684410703,5.273413896560669,1.4157915115356443,ok,,3926,3140,0,982,1.976634212041972e-05,True,0.1,False,8,1e-05,True,5.191733598709106,full_train_epoch_chunks,full train set chunked per epoch | validation=dataset_val_split | c_selection=f_mmd c_source=test c_metric=standardized_l2 | f_mmd_reserved_context=5% source=test | wise_ft_skipped rows=4908>=2000,30,1,epoch_chunk,accuracy,1.0,1.0,1.0,1.0,0,True,False,,f_mmd,test,standardized_l2,2.8596667308055475,0.4325343223026717,,True
online_shoppers,/home/crc00006699/zh/tabiclv2/data184/online_shoppers,binclass,9864,1973,2466,14,2,0.9051094890510948,0.8996386469669598,0.769614665715348,0.9296145652239453,0.2270761937104728,9.861611127853394,3.902458429336548,ok,,9864,7891,0,2466,0.221334122121334,True,0.1,False,8,1e-05,True,9.712392807006836,full_train_epoch_chunks,full train set chunked per epoch | validation=dataset_val_split | c_selection=f_mmd c_source=test c_metric=standardized_l2 | f_mmd_reserved_context=5% source=test | wise_ft_skipped rows=12330>=2000,30,1,epoch_chunk,accuracy,0.902179422199696,0.902179422199696,0.902179422199696,0.902179422199696,0,True,False,,f_mmd,test,standardized_l2,3.612355004594364,2.287742417931651,,True
ozone-level-8hr,/home/crc00006699/zh/tabiclv2/data184/ozone-level-8hr,binclass,2027,406,507,72,2,0.9566074950690336,0.9485210998588924,0.6853947368421053,0.949671052631579,0.1213160041372842,10.121731042861938,1.643870830535889,ok,,2027,1621,0,507,0.1551097333431244,True,0.1,False,11,1e-05,True,9.956198930740356,full_train_epoch_chunks,full train set chunked per epoch | validation=dataset_val_split | c_selection=f_mmd c_source=test c_metric=standardized_l2 | f_mmd_reserved_context=5% source=test | wise_ft_skipped rows=2534>=2000,30,1,epoch_chunk,accuracy,0.9458128078817734,0.9482758620689656,0.9458128078817734,0.9482758620689656,3,True,False,,f_mmd,test,standardized_l2,3.760222356214882,0.9378070589744144,,True
page-blocks,/home/crc00006699/zh/tabiclv2/data184/page-blocks,multiclass,4378,876,1095,10,5,0.978082191780822,0.9778181155463576,0.8997337700951306,0.9923060694972612,0.0861682176566176,6.887413024902344,1.7003600597381592,ok,,4378,3502,0,1095,0.0768675468862056,True,0.1,False,12,1e-05,True,6.834700107574463,full_train_epoch_chunks,full train set chunked per epoch | validation=dataset_val_split | c_selection=f_mmd c_source=test c_metric=standardized_l2 | f_mmd_reserved_context=5% source=test | wise_ft_skipped rows=5473>=2000,30,1,epoch_chunk,accuracy,0.9714611872146118,0.9748858447488584,0.9714611872146118,0.9748858447488584,4,True,False,,f_mmd,test,standardized_l2,206.5625700184721,27.311700503881685,,True
pc3,/home/crc00006699/zh/tabiclv2/data184/pc3,binclass,1250,250,313,37,2,0.9041533546325878,0.8734827712823823,0.55894128113879,0.8400800711743772,0.2600278866250263,7.587779760360718,0.7133874893188477,ok,,1250,1000,0,313,0.2016841247677803,True,0.1,True,13,1e-05,True,7.51108193397522,full_train_epoch_chunks,full train set chunked per epoch | validation=dataset_val_split | c_selection=f_mmd c_source=test c_metric=standardized_l2 | f_mmd_reserved_context=5% source=test | wise_ft=alpha0.1 rows=1563<2000,30,1,epoch_chunk,accuracy,0.88,0.884,0.88,0.884,5,True,False,,f_mmd,test,standardized_l2,11.670120732183827,18.552186057997343,,True
pendigits,/home/crc00006699/zh/tabiclv2/data184/pendigits,multiclass,8793,1759,2199,16,10,0.9977262391996362,0.9977270042310732,0.997667584180136,0.9998127266989376,0.011875117644281,9.491722345352173,3.4826860427856445,ok,,8793,7034,0,2199,0.0141879525035619,True,0.1,False,8,1e-05,True,9.361122846603394,full_train_epoch_chunks,full train set chunked per epoch | validation=dataset_val_split | c_selection=f_mmd c_source=test c_metric=standardized_l2 | f_mmd_reserved_context=5% source=test | wise_ft_skipped rows=10992>=2000,30,1,epoch_chunk,accuracy,0.9982944855031268,0.9982944855031268,0.9982944855031268,0.9982944855031268,0,True,False,,f_mmd,test,standardized_l2,2.452164893334547,0.5092612150003182,,True
pol,/home/crc00006699/zh/tabiclv2/data184/pol,binclass,8065,1613,2017,26,2,0.993554784333168,0.993554784333168,0.9935550285525508,0.9997600956471124,0.021095720050465,10.18974995613098,3.749783754348755,ok,,8065,6452,0,2017,0.0323178097605705,True,0.1,False,8,1e-05,True,10.02706527709961,full_train_epoch_chunks,full train set chunked per epoch | validation=dataset_val_split | c_selection=f_mmd c_source=test c_metric=standardized_l2 | f_mmd_reserved_context=5% source=test | wise_ft_skipped rows=10082>=2000,30,1,epoch_chunk,accuracy,0.991320520768754,0.991320520768754,0.991320520768754,0.991320520768754,0,True,False,,f_mmd,test,standardized_l2,7.3435042041603165,2.726870135818943,,True
rice_cammeo_and_osmancik,/home/crc00006699/zh/tabiclv2/data184/rice_cammeo_and_osmancik,binclass,3048,610,762,7,2,0.931758530183727,0.9314798849732624,0.9268236055608712,0.978365790510497,0.1854235462937407,3.4634764194488525,0.7996087074279785,ok,,3048,2438,0,762,0.1918573305010795,True,0.1,False,8,1e-05,True,3.4296905994415283,full_train_epoch_chunks,full train set chunked per epoch | validation=dataset_val_split | c_selection=f_mmd c_source=test c_metric=standardized_l2 | f_mmd_reserved_context=5% source=test | wise_ft_skipped rows=3810>=2000,30,1,epoch_chunk,accuracy,0.9327868852459016,0.9327868852459016,0.9327868852459016,0.9327868852459016,0,True,False,,f_mmd,test,standardized_l2,3.804583445804759,0.943029575717375,,True
rl,/home/crc00006699/zh/tabiclv2/data184/rl,binclass,3976,796,994,12,2,0.9074446680080482,0.9074386723510384,0.9074446680080483,0.957244472873458,0.2585124049625451,7.911642789840698,1.421674728393555,ok,,3976,3180,0,994,0.3420706540346145,True,0.1,False,14,1e-05,True,7.847080945968628,full_train_epoch_chunks,full train set chunked per epoch | validation=dataset_val_split | c_selection=f_mmd c_source=test c_metric=standardized_l2 | f_mmd_reserved_context=5% source=test | wise_ft_skipped rows=4970>=2000,30,1,epoch_chunk,accuracy,0.8831658291457286,0.8907035175879398,0.8831658291457286,0.8907035175879398,6,True,False,,f_mmd,test,standardized_l2,5.271763022459758,1.4412817311230322,,True
segment,/home/crc00006699/zh/tabiclv2/data184/segment,multiclass,1848,370,462,17,7,0.9502164502164502,0.950193186601488,0.9502164502164502,0.9971795880886788,0.1386258038098876,3.616807460784912,0.6972999572753906,ok,,1848,1478,0,462,0.1494912803173065,True,0.1,False,8,1e-05,True,3.5686399936676025,full_train_epoch_chunks,full train set chunked per epoch | validation=dataset_val_split | c_selection=f_mmd c_source=test c_metric=standardized_l2 | f_mmd_reserved_context=5% source=test | wise_ft_skipped rows=2310>=2000,30,1,epoch_chunk,accuracy,0.9486486486486486,0.9486486486486486,0.9486486486486486,0.9486486486486486,0,True,False,,f_mmd,test,standardized_l2,5.893529068765413,9.402798278109907,,True
semeion,/home/crc00006699/zh/tabiclv2/data184/semeion,multiclass,1274,255,319,256,10,0.9655172413793104,0.9655477790375152,0.9655241935483873,0.9994117086908196,0.0966091748864392,21.10455083847046,3.9630167484283447,ok,,1274,1019,0,319,0.0807602778077125,True,0.1,True,11,1e-05,True,20.64390468597412,full_train_epoch_chunks,full train set chunked per epoch | validation=dataset_val_split | c_selection=f_mmd c_source=test c_metric=standardized_l2 | f_mmd_reserved_context=5% source=test | wise_ft=alpha0.1 rows=1593<2000,30,1,epoch_chunk,accuracy,0.9568627450980391,0.9607843137254902,0.9568627450980391,0.9607843137254902,3,True,False,,f_mmd,test,standardized_l2,1.5199568110473989,0.0683442662826374,,True
shrutime,/home/crc00006699/zh/tabiclv2/data184/shrutime,binclass,8000,1600,2000,10,2,0.868,0.8560019793406322,0.7194814663221714,0.8823842124785757,0.3073521971398141,19.22435021400452,2.9647257328033447,ok,,8000,6400,0,2000,0.3470656722784042,True,0.1,False,22,1e-05,True,18.95724129676819,full_train_epoch_chunks,full train set chunked per epoch | validation=dataset_val_split | c_selection=f_mmd c_source=test c_metric=standardized_l2 | f_mmd_reserved_context=5% source=test | wise_ft_skipped rows=10000>=2000,30,1,epoch_chunk,accuracy,0.861875,0.870625,0.861875,0.870625,14,True,False,,f_mmd,test,standardized_l2,2.1953466679650435,0.3733174812006346,,True
spambase,/home/crc00006699/zh/tabiclv2/data184/spambase,binclass,3680,736,921,57,2,0.9565689467969598,0.956609822578776,0.9554933499215024,0.991789843696002,0.1148791020933791,19.90049958229065,2.473874568939209,ok,,3680,2944,0,921,0.1424278244376182,True,0.1,False,19,1e-05,True,19.72436833381653,full_train_epoch_chunks,full train set chunked per epoch | validation=dataset_val_split | c_selection=f_mmd c_source=test c_metric=standardized_l2 | f_mmd_reserved_context=5% source=test | wise_ft_skipped rows=4601>=2000,30,1,epoch_chunk,accuracy,0.9592391304347826,0.9660326086956522,0.9592391304347826,0.9660326086956522,11,True,False,,f_mmd,test,standardized_l2,8.755897123901871,7.154825931036996,,True
sports_articles_for_objectivity_analysis,/home/crc00006699/zh/tabiclv2/data184/sports_articles_for_objectivity_analysis,binclass,800,160,200,59,2,0.845,0.8425608503788404,0.8197066120159637,0.8952648042282386,0.39541582278102,5.549139022827148,1.4104456901550293,ok,,800,640,0,200,0.4222606420516968,True,0.1,True,8,1e-05,True,5.440346956253052,full_train_epoch_chunks,full train set chunked per epoch | validation=dataset_val_split | c_selection=f_mmd c_source=test c_metric=standardized_l2 | f_mmd_reserved_context=5% source=test | wise_ft=alpha0.1 rows=1000<2000,30,1,epoch_chunk,accuracy,0.81875,0.81875,0.81875,0.81875,0,True,False,,f_mmd,test,standardized_l2,7.269896438741965,4.760994848359357,,True
steel_plates_faults,/home/crc00006699/zh/tabiclv2/data184/steel_plates_faults,multiclass,1552,311,389,27,7,0.8611825192802056,0.8613343020396005,0.8976577434910767,0.982653451310588,0.3620489567967496,13.03973937034607,0.7047076225280762,ok,,1552,1241,0,389,0.3933891057968139,True,0.1,True,29,1e-05,True,12.969117403030396,full_train_epoch_chunks,full train set chunked per epoch | validation=dataset_val_split | c_selection=f_mmd c_source=test c_metric=standardized_l2 | f_mmd_reserved_context=5% source=test | wise_ft=alpha0.1 rows=1941<2000,30,1,epoch_chunk,accuracy,0.8135048231511254,0.8456591639871383,0.8135048231511254,0.8456591639871383,21,True,False,,f_mmd,test,standardized_l2,37.381978418108666,1.6745122809902615,,True
sylvine,/home/crc00006699/zh/tabiclv2/data184/sylvine,binclass,4099,820,1025,20,2,0.9765853658536584,0.9765846972461728,0.9765910544590644,0.9986179641812865,0.0492094774334851,9.247726917266846,1.6686570644378662,ok,,4099,3279,0,1025,0.0684127919375896,True,0.1,False,13,1e-05,True,9.155366897583008,full_train_epoch_chunks,full train set chunked per epoch | validation=dataset_val_split | c_selection=f_mmd c_source=test c_metric=standardized_l2 | f_mmd_reserved_context=5% source=test | wise_ft_skipped rows=5124>=2000,30,1,epoch_chunk,accuracy,0.9804878048780488,0.9841463414634146,0.9804878048780488,0.9841463414634146,5,True,False,,f_mmd,test,standardized_l2,2.6819580007971275,0.4605404270183973,,True
telco-customer-churn,/home/crc00006699/zh/tabiclv2/data184/telco-customer-churn,binclass,5634,1127,1409,18,2,0.8062455642299503,0.7988367557049887,0.7195535921878633,0.8517334470019893,0.4093593162949462,11.56956696510315,2.1463351249694824,ok,,5634,4507,0,1409,0.4072635024785995,True,0.1,False,13,1e-05,True,11.438822031021118,full_train_epoch_chunks,full train set chunked per epoch | validation=dataset_val_split | c_selection=f_mmd c_source=test c_metric=standardized_l2 | f_mmd_reserved_context=5% source=test | wise_ft_skipped rows=7043>=2000,30,1,epoch_chunk,accuracy,0.8074534161490683,0.8101153504880213,0.8074534161490683,0.8101153504880213,5,True,False,,f_mmd,test,standardized_l2,1.8744802035134616,0.0915116518437279,,True
thyroid-ann,/home/crc00006699/zh/tabiclv2/data184/thyroid-ann,multiclass,3017,604,755,21,3,0.9920529801324504,0.9919737363445972,0.9376413813904388,0.9997043146710226,0.0151190578305766,5.432732343673706,1.184462308883667,ok,,3017,2413,0,755,0.0032471483573317,True,0.1,False,8,1e-05,True,5.364397048950195,full_train_epoch_chunks,full train set chunked per epoch | validation=dataset_val_split | c_selection=f_mmd c_source=test c_metric=standardized_l2 | f_mmd_reserved_context=5% source=test | wise_ft_skipped rows=3772>=2000,30,1,epoch_chunk,accuracy,0.9933774834437086,0.9933774834437086,0.9933774834437086,0.9933774834437086,0,True,False,,f_mmd,test,standardized_l2,7.608014398270636,10.638505201886588,,True
turiye_student_evaluation,/home/crc00006699/zh/tabiclv2/data184/turiye_student_evaluation,multiclass,4656,932,1164,32,5,0.5240549828178694,0.4949372814114404,0.4123280693770298,0.7691343261312842,1.1796580543170516,7.51658296585083,2.237182855606079,ok,,4656,3724,0,1164,1.1907154321670532,True,0.1,False,8,1e-05,True,7.374502420425415,full_train_epoch_chunks,full train set chunked per epoch | validation=dataset_val_split | c_selection=f_mmd c_source=test c_metric=standardized_l2 | f_mmd_reserved_context=5% source=test | wise_ft_skipped rows=5820>=2000,30,1,epoch_chunk,accuracy,0.5139484978540773,0.5139484978540773,0.5139484978540773,0.5139484978540773,0,True,False,,f_mmd,test,standardized_l2,2.9406910194641416,0.0997119509815928,,True
vehicle,/home/crc00006699/zh/tabiclv2/data184/vehicle,multiclass,676,136,170,18,4,0.8764705882352941,0.8747895694360218,0.8766233766233766,0.9745149598665224,0.2611717635291776,3.09768009185791,0.6838822364807129,ok,,676,540,0,170,0.2677231281995773,True,0.1,True,8,1e-05,True,3.0595993995666504,full_train_epoch_chunks,full train set chunked per epoch | validation=dataset_val_split | c_selection=f_mmd c_source=test c_metric=standardized_l2 | f_mmd_reserved_context=5% source=test | wise_ft=alpha0.1 rows=846<2000,30,1,epoch_chunk,accuracy,0.8897058823529411,0.8897058823529411,0.8897058823529411,0.8897058823529411,0,True,False,,f_mmd,test,standardized_l2,4.49103675899385,3.2020568125740487,,True
water_quality,/home/crc00006699/zh/tabiclv2/data184/water_quality,binclass,6396,1280,1600,20,2,0.910625,0.8975222222222221,0.6717982299787659,0.9106716626110136,0.2145970944079711,6.823387384414673,2.3935656547546387,ok,,6396,5116,0,1600,0.231627456843853,True,0.1,False,8,1e-05,True,6.736587524414063,full_train_epoch_chunks,full train set chunked per epoch | validation=dataset_val_split | c_selection=f_mmd c_source=test c_metric=standardized_l2 | f_mmd_reserved_context=5% source=test | wise_ft_skipped rows=7996>=2000,30,1,epoch_chunk,accuracy,0.89609375,0.89609375,0.89609375,0.89609375,0,True,False,,f_mmd,test,standardized_l2,2.5054929277591054,0.7610815188570313,,True
waveform_database_generator_version_1,/home/crc00006699/zh/tabiclv2/data184/waveform_database_generator_version_1,multiclass,4000,800,1000,21,3,0.87,0.8695048854817519,0.8698898309073145,0.9728480906362064,0.2920935107275047,7.120964288711548,1.655665397644043,ok,,4000,3200,0,1000,0.2461645901203155,True,0.1,False,10,1e-05,True,7.0338451862335205,full_train_epoch_chunks,full train set chunked per epoch | validation=dataset_val_split | c_selection=f_mmd c_source=test c_metric=standardized_l2 | f_mmd_reserved_context=5% source=test | wise_ft_skipped rows=5000>=2000,30,1,epoch_chunk,accuracy,0.86,0.8625,0.86,0.8625,2,True,False,,f_mmd,test,standardized_l2,2.227887633634742,0.2053287922161142,,True
wine,/home/crc00006699/zh/tabiclv2/data184/wine,binclass,2043,409,511,4,2,0.786692759295499,0.7857163370215839,0.7868259803921569,0.8831265318627451,0.4309860239324972,2.9356911182403564,0.3404829502105713,ok,,2043,1634,0,511,0.4283563047647476,True,0.1,False,8,1e-05,True,2.912038326263428,full_train_epoch_chunks,full train set chunked per epoch | validation=dataset_val_split | c_selection=f_mmd c_source=test c_metric=standardized_l2 | f_mmd_reserved_context=5% source=test | wise_ft_skipped rows=2554>=2000,30,1,epoch_chunk,accuracy,0.8312958435207825,0.8312958435207825,0.8312958435207825,0.8312958435207825,0,True,False,,f_mmd,test,standardized_l2,3.448447365431737,1.1637056535210322,,True
wine-quality-white,/home/crc00006699/zh/tabiclv2/data184/wine-quality-white,multiclass,3918,784,980,11,7,0.689795918367347,0.6818302937245142,0.4026477695108034,0.9107573147237852,0.7509887555289738,4.834927558898926,1.3469562530517578,ok,,3918,3134,0,980,0.7605938017368317,True,0.1,False,8,1e-05,True,4.778342723846436,full_train_epoch_chunks,full train set chunked per epoch | validation=dataset_val_split | c_selection=f_mmd c_source=test c_metric=standardized_l2 | f_mmd_reserved_context=5% source=test | wise_ft_skipped rows=4898>=2000,30,1,epoch_chunk,accuracy,0.6811224489795918,0.6811224489795918,0.6811224489795918,0.6811224489795918,0,True,False,,f_mmd,test,standardized_l2,4.045075943656547,3.4223756910751177,,True
BLE_RSSI_dataset_for_Indoor_localization,/home/crc00006699/zh/tabiclv2/data184/BLE_RSSI_dataset_for_Indoor_localization,multiclass,7987,1598,1997,3,3,0.7476214321482223,0.7473211902457546,0.7468455849733312,0.910536586401654,0.562563169934982,16.66728186607361,1.4042203426361084,ok,,7987,6389,0,1997,0.5646765232086182,True,0.1,False,19,1e-05,True,16.63299536705017,full_train_epoch_chunks,full train set chunked per epoch | validation=dataset_val_split | c_selection=f_mmd c_source=test c_metric=standardized_l2 | f_mmd_reserved_context=5% source=test | wise_ft_skipped rows=9984>=2000,30,1,epoch_chunk,accuracy,0.7521902377972466,0.7847309136420526,0.7521902377972466,0.7847309136420526,11,True,False,,f_mmd,test,standardized_l2,2.9146279621380025,0.491243066184765,,True
BNG(cmc),/home/crc00006699/zh/tabiclv2/data184/BNG(cmc),multiclass,44236,8848,11060,9,3,0.5869801084990959,0.5857298966025108,0.5683897396036487,0.76494320219767,0.8748876745431964,48.12513613700867,36.12430024147034,ok,,44236,35388,0,11060,0.8754363059997559,True,0.1,False,40,1e-05,True,47.72409725189209,full_train_epoch_chunks,full train set chunked per epoch | validation=dataset_val_split | c_selection=f_mmd c_source=test c_metric=standardized_l2 | f_mmd_reserved_context=5% source=test | wise_ft_skipped rows=55296>=2000,30,4,epoch_chunk,accuracy,0.5743670886075949,0.5777576853526221,0.5743670886075949,0.5777576853526221,2,True,False,,f_mmd,test,standardized_l2,3.0279242550543986,0.4148835370296145,,True
Bank_Customer_Churn_Dataset,/home/crc00006699/zh/tabiclv2/data184/Bank_Customer_Churn_Dataset,binclass,8000,1600,2000,10,2,0.8745,0.8643887435096065,0.7437799895427014,0.8839540619201637,0.3118314252552916,10.533818244934082,2.758008480072021,ok,,8000,6400,0,2000,0.3460357189178467,True,0.1,False,12,1e-05,True,10.443219184875488,full_train_epoch_chunks,full train set chunked per epoch | validation=dataset_val_split | c_selection=f_mmd c_source=test c_metric=standardized_l2 | f_mmd_reserved_context=5% source=test | wise_ft_skipped rows=10000>=2000,30,1,epoch_chunk,accuracy,0.863125,0.8675,0.863125,0.8675,4,True,False,,f_mmd,test,standardized_l2,2.2160248725463867,0.3879831111864579,,True
California-Housing-Classification,/home/crc00006699/zh/tabiclv2/data184/California-Housing-Classification,binclass,16512,3303,4128,8,2,0.9246608527131784,0.924660786394966,0.9246614218697,0.9807406877076684,0.1780222273973965,44.09310030937195,7.088018894195557,ok,,16512,13209,0,4128,0.2560729086399078,True,0.1,False,54,1e-05,True,43.9545328617096,full_train_epoch_chunks,full train set chunked per epoch | validation=dataset_val_split | c_selection=f_mmd c_source=test c_metric=standardized_l2 | f_mmd_reserved_context=5% source=test | wise_ft_skipped rows=20640>=2000,30,2,epoch_chunk,accuracy,0.9167423554344536,0.9221919467151076,0.9167423554344536,0.9221919467151076,19,True,False,,f_mmd,test,standardized_l2,7.436476980459151,11.326505332177328,,True
Click_prediction_small,/home/crc00006699/zh/tabiclv2/data184/Click_prediction_small,binclass,31958,6392,7990,3,2,0.8330413016270338,0.7595809342794777,0.505642512924329,0.6253490508143735,0.4381170063577734,50.40704870223999,7.1798179149627686,ok,,31958,25566,0,7990,0.4505261182785034,True,0.1,False,57,1e-05,True,50.31726408004761,full_train_epoch_chunks,full train set chunked per epoch | validation=dataset_val_split | c_selection=f_mmd c_source=test c_metric=standardized_l2 | f_mmd_reserved_context=5% source=test | wise_ft_skipped rows=39948>=2000,30,3,epoch_chunk,accuracy,0.8322903629536921,0.8327596996245307,0.8322903629536921,0.8327596996245307,11,True,False,,f_mmd,test,standardized_l2,9.468216224395398,198.6885311004444,,True
Contaminant-detection-in-packaged-cocoa-hazelnut-spread-jars-using-Microwaves-Sensing-and-Machine-Learning-10.5GHz(Urbinati),/home/crc00006699/zh/tabiclv2/data184/Contaminant-detection-in-packaged-cocoa-hazelnut-spread-jars-using-Microwaves-Sensing-and-Machine-Learning-10.5GHz(Urbinati),binclass,1920,384,480,30,2,0.98125,0.9812512218963833,0.9812986651835373,0.9973407953281423,0.0532563658559897,4.442375898361206,0.9188973903656006,ok,,1920,1536,0,480,0.0959821045398712,True,0.1,False,8,1e-05,True,4.371618747711182,full_train_epoch_chunks,full train set chunked per epoch | validation=dataset_val_split | c_selection=f_mmd c_source=test c_metric=standardized_l2 | f_mmd_reserved_context=5% source=test | wise_ft_skipped rows=2400>=2000,30,1,epoch_chunk,accuracy,0.9713541666666666,0.9713541666666666,0.9713541666666666,0.9713541666666666,0,True,False,,f_mmd,test,standardized_l2,3.316421665732944,0.4455324463801807,,True
Contaminant-detection-in-packaged-cocoa-hazelnut-spread-jars-using-Microwaves-Sensing-and-Machine-Learning-9.0GHz(Urbinati),/home/crc00006699/zh/tabiclv2/data184/Contaminant-detection-in-packaged-cocoa-hazelnut-spread-jars-using-Microwaves-Sensing-and-Machine-Learning-9.0GHz(Urbinati),binclass,1920,384,480,30,2,0.96875,0.9687585479270056,0.9692018909899888,0.9955506117908788,0.0841634205650629,7.101114988327026,0.9110777378082277,ok,,1920,1536,0,480,0.1087013706564903,True,0.1,False,14,1e-05,True,7.0284271240234375,full_train_epoch_chunks,full train set chunked per epoch | validation=dataset_val_split | c_selection=f_mmd c_source=test c_metric=standardized_l2 | f_mmd_reserved_context=5% source=test | wise_ft_skipped rows=2400>=2000,30,1,epoch_chunk,accuracy,0.9609375,0.9661458333333334,0.9609375,0.9661458333333334,6,True,False,,f_mmd,test,standardized_l2,3.020260597973345,0.3775370022206068,,True
Credit_c,/home/crc00006699/zh/tabiclv2/data184/Credit_c,multiclass,80000,16000,20000,22,3,0.82135,0.8212928045468779,0.8332047298268969,0.9322167601637692,0.4161796399513067,227.211522102356,115.8007469177246,ok,,80000,64000,0,20000,0.672003835439682,True,0.1,False,126,1e-05,True,225.61006808280945,full_train_epoch_chunks,full train set chunked per epoch | validation=dataset_val_split | c_selection=f_mmd c_source=test c_metric=standardized_l2 | f_mmd_reserved_context=5% source=test | wise_ft_skipped rows=100000>=2000,30,7,epoch_chunk,accuracy,0.81775,0.8249375,0.81775,0.8249375,10,True,False,,f_mmd,test,standardized_l2,3.4847253874575563,22.928899146985337,,True
Diabetic_Retinopathy_Debrecen,/home/crc00006699/zh/tabiclv2/data184/Diabetic_Retinopathy_Debrecen,binclass,920,184,231,19,2,0.7402597402597403,0.7396413110698824,0.7374661246612466,0.8390545016561276,0.485990514195356,7.012332439422607,0.8987870216369629,ok,,920,736,0,231,0.4534758478403091,True,0.1,True,15,1e-05,True,6.967824697494507,full_train_epoch_chunks,full train set chunked per epoch | validation=dataset_val_split | c_selection=f_mmd c_source=test c_metric=standardized_l2 | f_mmd_reserved_context=5% source=test | wise_ft=alpha0.1 rows=1151<2000,30,1,epoch_chunk,accuracy,0.7391304347826086,0.7608695652173914,0.7391304347826086,0.7608695652173914,7,True,False,,f_mmd,test,standardized_l2,8.22173201408297,6.802277606946486,,True
Employee,/home/crc00006699/zh/tabiclv2/data184/Employee,binclass,3722,745,931,8,2,0.8549946294307197,0.8489959476683995,0.8091550736497545,0.8814008797054012,0.3496199657244374,6.770083427429199,1.1137595176696775,ok,,3722,2977,0,931,0.3740972429513931,True,0.1,False,15,1e-05,True,6.72108268737793,full_train_epoch_chunks,full train set chunked per epoch | validation=dataset_val_split | c_selection=f_mmd c_source=test c_metric=standardized_l2 | f_mmd_reserved_context=5% source=test | wise_ft_skipped rows=4653>=2000,30,1,epoch_chunk,accuracy,0.8550335570469799,0.8577181208053691,0.8550335570469799,0.8577181208053691,7,True,False,,f_mmd,test,standardized_l2,2.650466586771,0.323835100986484,,True
FOREX_audcad-day-High,/home/crc00006699/zh/tabiclv2/data184/FOREX_audcad-day-High,binclass,1467,294,367,10,2,0.7493188010899182,0.7491958524013144,0.7490494861284382,0.8330808530861996,0.5049022812004271,3.967103958129883,0.4978866577148437,ok,,1467,1173,0,367,0.4828779846429825,True,0.1,True,11,1e-05,True,3.9302587509155273,full_train_epoch_chunks,full train set chunked per epoch | validation=dataset_val_split | c_selection=f_mmd c_source=test c_metric=standardized_l2 | f_mmd_reserved_context=5% source=test | wise_ft=alpha0.1 rows=1834<2000,30,1,epoch_chunk,accuracy,0.717687074829932,0.7244897959183674,0.717687074829932,0.7244897959183674,3,True,False,,f_mmd,test,standardized_l2,5.602017009747492,3.437885365574402,,True
FOREX_audchf-day-High,/home/crc00006699/zh/tabiclv2/data184/FOREX_audchf-day-High,binclass,1466,294,367,10,2,0.7493188010899182,0.749274129655601,0.7495692984019486,0.8395859323947009,0.4968289940056509,4.240576982498169,0.4916114807128906,ok,,1466,1172,0,367,0.600708395242691,True,0.1,True,12,1e-05,True,4.202057123184204,full_train_epoch_chunks,full train set chunked per epoch | validation=dataset_val_split | c_selection=f_mmd c_source=test c_metric=standardized_l2 | f_mmd_reserved_context=5% source=test | wise_ft=alpha0.1 rows=1833<2000,30,1,epoch_chunk,accuracy,0.7142857142857143,0.717687074829932,0.7142857142857143,0.717687074829932,4,True,False,,f_mmd,test,standardized_l2,4.134880364480624,0.7823959004217175,,True
FOREX_audjpy-hour-High,/home/crc00006699/zh/tabiclv2/data184/FOREX_audjpy-hour-High,binclass,35060,7012,8765,10,2,0.7212778094694808,0.7212994120184932,0.7211122989435518,0.8008386986428797,0.5404243350609448,37.85678791999817,24.309333086013797,ok,,35060,28048,0,8765,0.5386245548725128,True,0.1,False,30,1e-05,True,37.58473348617554,full_train_epoch_chunks,full train set chunked per epoch | validation=dataset_val_split | c_selection=f_mmd c_source=test c_metric=standardized_l2 | f_mmd_reserved_context=5% source=test | wise_ft_skipped rows=43825>=2000,30,3,epoch_chunk,accuracy,0.7124928693667998,0.7153451226468911,0.7124928693667998,0.7153451226468911,2,True,False,,f_mmd,test,standardized_l2,5.08926605239165,6.3490910817454,,True
FOREX_audusd-hour-High,/home/crc00006699/zh/tabiclv2/data184/FOREX_audusd-hour-High,binclass,35060,7012,8765,10,2,0.7098687963491158,0.7097862775064991,0.7085835776081111,0.7888786154905129,0.5523239416985546,112.5243763923645,24.48643922805786,ok,,35060,28048,0,8765,0.5370740294456482,True,0.1,False,90,1e-05,True,112.1952075958252,full_train_epoch_chunks,full train set chunked per epoch | validation=dataset_val_split | c_selection=f_mmd c_source=test c_metric=standardized_l2 | f_mmd_reserved_context=5% source=test | wise_ft_skipped rows=43825>=2000,30,3,epoch_chunk,accuracy,0.7027952082144895,0.7153451226468911,0.7027952082144895,0.7153451226468911,22,True,False,,f_mmd,test,standardized_l2,4.531512580978124,3.440223443204409,,True
FOREX_cadjpy-hour-High,/home/crc00006699/zh/tabiclv2/data184/FOREX_cadjpy-hour-High,binclass,35060,7012,8765,10,2,0.7146605818596692,0.714683382253222,0.7143819140358676,0.7909672932914478,0.5522874710507357,72.24974012374878,24.616819381713867,ok,,35060,28048,0,8765,0.5416206419467926,True,0.1,False,57,1e-05,True,71.9655327796936,full_train_epoch_chunks,full train set chunked per epoch | validation=dataset_val_split | c_selection=f_mmd c_source=test c_metric=standardized_l2 | f_mmd_reserved_context=5% source=test | wise_ft_skipped rows=43825>=2000,30,3,epoch_chunk,accuracy,0.7116371933827724,0.7187678265830005,0.7116371933827724,0.7187678265830005,11,True,False,,f_mmd,test,standardized_l2,5.198503829667065,5.089079415366327,,True
Fitness_Club_c,/home/crc00006699/zh/tabiclv2/data184/Fitness_Club_c,binclass,1200,240,300,6,2,0.8033333333333333,0.7961465279630122,0.7378673957621326,0.8217571901782428,0.4546041089041379,3.881158590316773,0.315936803817749,ok,,1200,960,0,300,0.4406649619340896,True,0.1,True,8,1e-05,True,3.852737665176392,full_train_epoch_chunks,full train set chunked per epoch | validation=dataset_val_split | c_selection=f_mmd c_source=test c_metric=standardized_l2 | f_mmd_reserved_context=5% source=test | wise_ft=alpha0.1 rows=1500<2000,30,1,epoch_chunk,accuracy,0.7666666666666667,0.7666666666666667,0.7666666666666667,0.7666666666666667,0,True,False,,f_mmd,test,standardized_l2,3.622632904996408,1.758327329190396,,True
GAMETES_Heterogeneity_20atts_1600_Het_0.4_0.2_50_EDM-2_001,/home/crc00006699/zh/tabiclv2/data184/GAMETES_Heterogeneity_20atts_1600_Het_0.4_0.2_50_EDM-2_001,binclass,1280,256,320,20,2,0.684375,0.6842979242979244,0.684375,0.7575585937500001,0.5721626256081465,4.635724067687988,0.5421462059020996,ok,,1280,1024,0,320,0.5134518295526505,True,0.1,True,8,1e-05,True,4.575837135314941,full_train_epoch_chunks,full train set chunked per epoch | validation=dataset_val_split | c_selection=f_mmd c_source=test c_metric=standardized_l2 | f_mmd_reserved_context=5% source=test | wise_ft=alpha0.1 rows=1600<2000,30,1,epoch_chunk,accuracy,0.671875,0.671875,0.671875,0.671875,0,True,False,,f_mmd,test,standardized_l2,2.80196601154119,0.5769098553408307,,True
GesturePhaseSegmentationProcessed,/home/crc00006699/zh/tabiclv2/data184/GesturePhaseSegmentationProcessed,multiclass,7898,1580,1975,32,5,0.8475949367088608,0.8467440462592994,0.8276968776136524,0.9721080919419568,0.4371641111065369,36.9098687171936,4.049328804016113,ok,,7898,6318,0,1975,0.6296299993991852,True,0.1,False,28,1e-05,True,36.68875050544739,full_train_epoch_chunks,full train set chunked per epoch | validation=dataset_val_split | c_selection=f_mmd c_source=test c_metric=standardized_l2 | f_mmd_reserved_context=5% source=test | wise_ft_skipped rows=9873>=2000,30,1,epoch_chunk,accuracy,0.7746835443037975,0.8025316455696202,0.7746835443037975,0.8025316455696202,20,True,False,,f_mmd,test,standardized_l2,8.950639236500638,6.886046474480633,,True
Heart-Disease-Dataset-(Comprehensive),/home/crc00006699/zh/tabiclv2/data184/Heart-Disease-Dataset-(Comprehensive),binclass,952,191,238,11,2,0.953781512605042,0.9536614172576188,0.9511664407505172,0.9831633017050724,0.1522939892139052,3.070831537246704,0.8213682174682617,ok,,952,761,0,238,0.3142522275447845,True,0.1,True,8,1e-05,True,3.027923583984375,full_train_epoch_chunks,full train set chunked per epoch | validation=dataset_val_split | c_selection=f_mmd c_source=test c_metric=standardized_l2 | f_mmd_reserved_context=5% source=test | wise_ft=alpha0.1 rows=1190<2000,30,1,epoch_chunk,accuracy,0.9162303664921466,0.9162303664921466,0.9162303664921466,0.9162303664921466,0,True,False,,f_mmd,test,standardized_l2,2.505020198631557,0.7008210997003148,,True
Insurance,/home/crc00006699/zh/tabiclv2/data184/Insurance,binclass,18838,3768,4710,10,2,0.7575371549893843,0.6530303380048618,0.5,0.5012282018408425,0.555851303278438,16.17506718635559,8.93061113357544,ok,,18838,15070,0,4710,0.5531224310398102,True,0.1,False,16,1e-05,True,15.97569727897644,full_train_epoch_chunks,full train set chunked per epoch | validation=dataset_val_split | c_selection=f_mmd c_source=test c_metric=standardized_l2 | f_mmd_reserved_context=5% source=test | wise_ft_skipped rows=23548>=2000,30,2,epoch_chunk,accuracy,0.7579617834394905,0.7579617834394905,0.7579617834394905,0.7579617834394905,0,True,False,,f_mmd,test,standardized_l2,2.527252546147456,0.3423164239347711,,True
Is-this-a-good-customer,/home/crc00006699/zh/tabiclv2/data184/Is-this-a-good-customer,binclass,1378,276,345,13,2,0.881159420289855,0.8282083919519438,0.4983606557377049,0.7393442622950819,0.3250504644652776,4.459216117858887,0.5061161518096924,ok,,1378,1102,0,345,0.310771495103836,True,0.1,True,11,1e-05,True,4.416105031967163,full_train_epoch_chunks,full train set chunked per epoch | validation=dataset_val_split | c_selection=f_mmd c_source=test c_metric=standardized_l2 | f_mmd_reserved_context=5% source=test | wise_ft=alpha0.1 rows=1723<2000,30,1,epoch_chunk,accuracy,0.9094202898550724,0.9130434782608696,0.9094202898550724,0.9130434782608696,3,True,False,,f_mmd,test,standardized_l2,3.37984273309609,3.1452585709159706,,True
KDD,/home/crc00006699/zh/tabiclv2/data184/KDD,binclass,4025,805,1007,45,2,0.8043694141012909,0.8037602134144424,0.8051445930484871,0.906174300706198,0.3681662886015427,8.44758677482605,2.2942471504211426,ok,,4025,3220,0,1007,0.3806244730949402,True,0.1,False,8,1e-05,True,8.123172283172607,full_train_epoch_chunks,full train set chunked per epoch | validation=dataset_val_split | c_selection=f_mmd c_source=test c_metric=standardized_l2 | f_mmd_reserved_context=5% source=test | wise_ft_skipped rows=5032>=2000,30,1,epoch_chunk,accuracy,0.8149068322981367,0.8149068322981367,0.8149068322981367,0.8149068322981367,0,True,False,,f_mmd,test,standardized_l2,7.59935332944652,16.051517797129183,,True
Long,/home/crc00006699/zh/tabiclv2/data184/Long,binclass,3581,717,896,19,2,0.9944196428571428,0.9944294891772116,0.9949162312654845,0.999895749012682,0.0130034651440728,4.800759553909302,1.3209831714630127,ok,,3581,2864,0,896,0.0141279166564345,True,0.1,False,8,1e-05,True,4.729713439941406,full_train_epoch_chunks,full train set chunked per epoch | validation=dataset_val_split | c_selection=f_mmd c_source=test c_metric=standardized_l2 | f_mmd_reserved_context=5% source=test | wise_ft_skipped rows=4477>=2000,30,1,epoch_chunk,accuracy,0.99721059972106,0.99721059972106,0.99721059972106,0.99721059972106,0,True,False,,f_mmd,test,standardized_l2,7.369905592299474,18.074806337481736,,True
MagicTelescope,/home/crc00006699/zh/tabiclv2/data184/MagicTelescope,binclass,15216,3044,3804,9,2,0.8945846477392219,0.8931886477527965,0.8728837753992413,0.9486088531987192,0.2579834908297326,40.61635255813599,6.467555284500122,ok,,15216,12172,0,3804,0.2928341627120971,True,0.1,False,50,1e-05,True,40.48630666732788,full_train_epoch_chunks,full train set chunked per epoch | validation=dataset_val_split | c_selection=f_mmd c_source=test c_metric=standardized_l2 | f_mmd_reserved_context=5% source=test | wise_ft_skipped rows=19020>=2000,30,2,epoch_chunk,accuracy,0.8800919842312747,0.8850197109067017,0.8800919842312747,0.8850197109067017,17,True,False,,f_mmd,test,standardized_l2,5.71877003970225,2.3882532054081875,,True
Mobile_Price_Classification,/home/crc00006699/zh/tabiclv2/data184/Mobile_Price_Classification,multiclass,1600,320,400,20,4,0.965,0.9648594707863752,0.965,0.9989583333333332,0.0705220818415547,3.71285080909729,0.6671442985534668,ok,,1600,1280,0,400,0.0975823923945427,True,0.1,False,8,1e-05,True,3.657277584075928,full_train_epoch_chunks,full train set chunked per epoch | validation=dataset_val_split | c_selection=f_mmd c_source=test c_metric=standardized_l2 | f_mmd_reserved_context=5% source=test | wise_ft_skipped rows=2000>=2000,30,1,epoch_chunk,accuracy,0.96875,0.96875,0.96875,0.96875,0,True,False,,f_mmd,test,standardized_l2,1.775803084145833,0.1178539781350744,,True
Performance-Prediction,/home/crc00006699/zh/tabiclv2/data184/Performance-Prediction,binclass,1072,215,268,19,2,0.7425373134328358,0.7347943489201461,0.7017213555675095,0.8060187675572291,0.5238146527984314,6.618484020233154,0.4775426387786865,ok,,1072,857,0,268,0.6363501250743866,True,0.1,True,16,1e-05,True,6.569889783859253,full_train_epoch_chunks,full train set chunked per epoch | validation=dataset_val_split | c_selection=f_mmd c_source=test c_metric=standardized_l2 | f_mmd_reserved_context=5% source=test | wise_ft=alpha0.1 rows=1340<2000,30,1,epoch_chunk,accuracy,0.6976744186046512,0.7069767441860465,0.6976744186046512,0.7069767441860465,8,True,False,,f_mmd,test,standardized_l2,5.168455260886194,2.1319732440627983,,True
PieChart3,/home/crc00006699/zh/tabiclv2/data184/PieChart3,binclass,861,173,216,37,2,0.8842592592592593,0.8504784688995214,0.5687830687830688,0.8712522045855379,0.2697912076123618,4.48770809173584,1.158811330795288,ok,,861,688,0,216,0.298479750752449,True,0.1,True,8,1e-05,True,4.420765161514282,full_train_epoch_chunks,full train set chunked per epoch | validation=dataset_val_split | c_selection=f_mmd c_source=test c_metric=standardized_l2 | f_mmd_reserved_context=5% source=test | wise_ft=alpha0.1 rows=1077<2000,30,1,epoch_chunk,accuracy,0.8728323699421965,0.8728323699421965,0.8728323699421965,0.8728323699421965,0,True,False,,f_mmd,test,standardized_l2,11.726465615371712,18.10639723424589,,True
PizzaCutter3,/home/crc00006699/zh/tabiclv2/data184/PizzaCutter3,binclass,834,167,209,37,2,0.8899521531100478,0.8463166234064067,0.54,0.8926086956521739,0.2499805426175282,4.254568099975586,1.1487834453582764,ok,,834,667,0,209,0.2560421824455261,True,0.1,True,8,1e-05,True,4.186135292053223,full_train_epoch_chunks,full train set chunked per epoch | validation=dataset_val_split | c_selection=f_mmd c_source=test c_metric=standardized_l2 | f_mmd_reserved_context=5% source=test | wise_ft=alpha0.1 rows=1043<2000,30,1,epoch_chunk,accuracy,0.8922155688622755,0.8922155688622755,0.8922155688622755,0.8922155688622755,0,True,False,,f_mmd,test,standardized_l2,12.30645318665295,36.67378334803762,,True
QSAR_biodegradation,/home/crc00006699/zh/tabiclv2/data184/QSAR_biodegradation,binclass,843,169,211,41,2,0.8909952606635071,0.8890044360150116,0.8623239436619718,0.951609657947686,0.271164145238259,6.692046165466309,1.2008631229400637,ok,,843,674,0,211,0.3224515318870544,True,0.1,True,11,1e-05,True,6.573679924011231,full_train_epoch_chunks,full train set chunked per epoch | validation=dataset_val_split | c_selection=f_mmd c_source=test c_metric=standardized_l2 | f_mmd_reserved_context=5% source=test | wise_ft=alpha0.1 rows=1054<2000,30,1,epoch_chunk,accuracy,0.8579881656804734,0.863905325443787,0.8579881656804734,0.863905325443787,3,True,False,,f_mmd,test,standardized_l2,6.581316791012153,5.080780063042983,,True
SDSS17,/home/crc00006699/zh/tabiclv2/data184/SDSS17,multiclass,80000,16000,20000,12,3,0.97795,0.977834356123253,0.972613441373984,0.9970988022908042,0.068735253140921,126.10950660705566,107.8987159729004,ok,,80000,64000,0,20000,0.0569116622209548,True,0.1,False,84,1e-05,True,125.290137052536,full_train_epoch_chunks,full train set chunked per epoch | validation=dataset_val_split | c_selection=f_mmd c_source=test c_metric=standardized_l2 | f_mmd_reserved_context=5% source=test | wise_ft_skipped rows=100000>=2000,30,7,epoch_chunk,accuracy,0.9751875,0.9760625,0.9751875,0.9760625,4,True,False,,f_mmd,test,standardized_l2,104503.2260833457,1.007453795478688,,True
Telecom_Churn_Dataset,/home/crc00006699/zh/tabiclv2/data184/Telecom_Churn_Dataset,binclass,2666,534,667,17,2,0.967016491754123,0.9662636073267716,0.9122626153011396,0.9337221920781336,0.123316994340639,6.605279922485352,1.0645136833190918,ok,,2666,2132,0,667,0.1250116601586341,True,0.1,False,13,1e-05,True,6.52220344543457,full_train_epoch_chunks,full train set chunked per epoch | validation=dataset_val_split | c_selection=f_mmd c_source=test c_metric=standardized_l2 | f_mmd_reserved_context=5% source=test | wise_ft_skipped rows=3333>=2000,30,1,epoch_chunk,accuracy,0.9588014981273408,0.9606741573033708,0.9588014981273408,0.9606741573033708,5,True,False,,f_mmd,test,standardized_l2,2.5428180752661937,0.4096505069084584,,True
Water_Quality_and_Potability,/home/crc00006699/zh/tabiclv2/data184/Water_Quality_and_Potability,binclass,2620,524,656,8,2,0.6646341463414634,0.6130001906057907,0.589296875,0.6720849609375,0.6220293722835541,7.199098110198975,0.801464319229126,ok,,2620,2096,0,656,0.6357299983501434,True,0.1,False,20,1e-05,True,7.165222644805908,full_train_epoch_chunks,full train set chunked per epoch | validation=dataset_val_split | c_selection=f_mmd c_source=test c_metric=standardized_l2 | f_mmd_reserved_context=5% source=test | wise_ft_skipped rows=3276>=2000,30,1,epoch_chunk,accuracy,0.6335877862595419,0.6450381679389313,0.6335877862595419,0.6450381679389313,12,True,False,,f_mmd,test,standardized_l2,2.8459659885163333,0.578892562566725,,True
Wilt,/home/crc00006699/zh/tabiclv2/data184/Wilt,binclass,3856,772,965,5,2,0.9937823834196892,0.9937248277163724,0.9604431712865448,0.9919117027550762,0.0306919874528226,5.775343894958496,0.7097442150115967,ok,,3856,3084,0,965,0.0480087473988533,True,0.1,False,14,1e-05,True,5.740337371826172,full_train_epoch_chunks,full train set chunked per epoch | validation=dataset_val_split | c_selection=f_mmd c_source=test c_metric=standardized_l2 | f_mmd_reserved_context=5% source=test | wise_ft_skipped rows=4821>=2000,30,1,epoch_chunk,accuracy,0.9870466321243524,0.9883419689119172,0.9870466321243524,0.9883419689119172,6,True,False,,f_mmd,test,standardized_l2,9.513533140919357,22.455020050789948,,True
accelerometer,/home/crc00006699/zh/tabiclv2/data184/accelerometer,multiclass,122403,24481,30601,4,4,0.7452044050848011,0.7431611372677006,0.8088970588235295,0.9305244035999772,0.5303884634835909,182.75998902320865,231.8432948589325,ok,,122403,97922,0,30601,0.5883742570877075,True,0.1,False,110,1e-05,True,182.34814643859863,full_train_epoch_chunks,full train set chunked per epoch | validation=dataset_val_split | c_selection=f_mmd c_source=test c_metric=standardized_l2 | f_mmd_reserved_context=5% source=test | wise_ft_skipped rows=153004>=2000,30,10,epoch_chunk,accuracy,0.7415138270495486,0.7449042114292717,0.7415138270495486,0.7449042114292717,3,True,False,,f_mmd,test,standardized_l2,10.405428717203778,6.161982812136329,,True
ada_agnostic,/home/crc00006699/zh/tabiclv2/data184/ada_agnostic,binclass,3649,730,913,48,2,0.8521358159912377,0.8480771471861283,0.7778059619064743,0.908028409601726,0.3186479634822616,7.575234413146973,2.157169342041016,ok,,3649,2919,0,913,0.3399443924427032,True,0.1,False,8,1e-05,True,7.429980516433716,full_train_epoch_chunks,full train set chunked per epoch | validation=dataset_val_split | c_selection=f_mmd c_source=test c_metric=standardized_l2 | f_mmd_reserved_context=5% source=test | wise_ft_skipped rows=4562>=2000,30,1,epoch_chunk,accuracy,0.8561643835616438,0.8561643835616438,0.8561643835616438,0.8561643835616438,0,True,False,,f_mmd,test,standardized_l2,4.24644759405347,6.874691533063114,,True
adult,/home/crc00006699/zh/tabiclv2/data184/adult,binclass,32561,6513,16281,14,2,0.8745777286407469,0.8707782348398566,0.7994519708411979,0.9290661726991798,0.2740866573618904,82.68202877044678,26.771612405776978,ok,,32561,26048,0,16281,0.2690516412258148,True,0.1,False,66,1e-05,True,82.27534222602844,full_train_epoch_chunks,full train set chunked per epoch | validation=dataset_val_split | c_selection=f_mmd c_source=test c_metric=standardized_l2 | f_mmd_reserved_context=5% source=test | wise_ft_skipped rows=48842>=2000,30,3,epoch_chunk,accuracy,0.8630431444802702,0.8748656533087671,0.8630431444802702,0.8748656533087671,14,True,False,,f_mmd,test,standardized_l2,4.358359680451435,3.167404779270848,,True
allbp,/home/crc00006699/zh/tabiclv2/data184/allbp,multiclass,3017,604,755,29,3,0.976158940397351,0.9739485152067022,0.6425977223761158,0.9901140734764148,0.0605902258893407,5.6289379596710205,1.3172340393066406,ok,,3017,2413,0,755,0.060054687783122,True,0.1,False,8,1e-05,True,5.521355152130127,full_train_epoch_chunks,full train set chunked per epoch | validation=dataset_val_split | c_selection=f_mmd c_source=test c_metric=standardized_l2 | f_mmd_reserved_context=5% source=test | wise_ft_skipped rows=3772>=2000,30,1,epoch_chunk,accuracy,0.9867549668874172,0.9867549668874172,0.9867549668874172,0.9867549668874172,0,True,False,,f_mmd,test,standardized_l2,5.450873249965506,7.691411589164348,,True
analcatdata_authorship,/home/crc00006699/zh/tabiclv2/data184/analcatdata_authorship,multiclass,672,135,169,69,4,0.9940828402366864,0.9940804879569156,0.9957627118644068,1.0,0.0086228561560979,5.065611124038696,0.6776313781738281,ok,,672,537,0,169,0.0002264430586365,True,0.1,True,8,1e-05,True,4.957670450210571,full_train_epoch_chunks,full train set chunked per epoch | validation=dataset_val_split | c_selection=f_mmd c_source=test c_metric=standardized_l2 | f_mmd_reserved_context=5% source=test | wise_ft=alpha0.1 rows=841<2000,30,1,epoch_chunk,accuracy,1.0,1.0,1.0,1.0,0,True,False,,f_mmd,test,standardized_l2,2.148679396514,0.4050333414709074,,True
autoUniv-au4-2500,/home/crc00006699/zh/tabiclv2/data184/autoUniv-au4-2500,multiclass,2000,400,500,100,3,0.706,0.6770329377111669,0.5109332831230778,0.7688277907289499,0.6665249080482736,15.263708591461182,2.0455846786499023,ok,,2000,1600,0,500,0.7426421046257019,True,0.1,False,14,1e-05,True,15.006922245025637,full_train_epoch_chunks,full train set chunked per epoch | validation=dataset_val_split | c_selection=f_mmd c_source=test c_metric=standardized_l2 | f_mmd_reserved_context=5% source=test | wise_ft_skipped rows=2500>=2000,30,1,epoch_chunk,accuracy,0.6875,0.7325,0.6875,0.7325,6,True,False,,f_mmd,test,standardized_l2,1.441765975181659,0.0346919115391849,,True
bank,/home/crc00006699/zh/tabiclv2/data184/bank,binclass,36168,7234,9043,16,2,0.9103173725533562,0.9092354932163904,0.7712892675657217,0.9445566060181364,0.1833394519123013,77.99243521690369,27.384669303894043,ok,,36168,28934,0,9043,0.1934241205453872,True,0.1,False,54,1e-05,True,77.49609684944153,full_train_epoch_chunks,full train set chunked per epoch | validation=dataset_val_split | c_selection=f_mmd c_source=test c_metric=standardized_l2 | f_mmd_reserved_context=5% source=test | wise_ft_skipped rows=45211>=2000,30,3,epoch_chunk,accuracy,0.9171965717445396,0.9200995299972352,0.9171965717445396,0.9200995299972352,10,True,False,,f_mmd,test,standardized_l2,4.972430139387606,19.855296889126105,,True
baseball,/home/crc00006699/zh/tabiclv2/data184/baseball,multiclass,1072,215,268,16,3,0.9440298507462688,0.9342657264063036,0.6038961038961039,0.9759874651171928,0.132754786865035,5.7121171951293945,0.4763023853302002,ok,,1072,857,0,268,0.1758811622858047,True,0.1,True,13,1e-05,True,5.664763689041138,full_train_epoch_chunks,full train set chunked per epoch | validation=dataset_val_split | c_selection=f_mmd c_source=test c_metric=standardized_l2 | f_mmd_reserved_context=5% source=test | wise_ft=alpha0.1 rows=1340<2000,30,1,epoch_chunk,accuracy,0.9534883720930232,0.958139534883721,0.9534883720930232,0.958139534883721,5,True,False,,f_mmd,test,standardized_l2,5.6671674716869465,2.514089509101347,,True
churn,/home/crc00006699/zh/tabiclv2/data184/churn,binclass,4000,800,1000,20,2,0.968,0.9666135321100918,0.8954169040365261,0.9334167223969816,0.1169972727544394,14.753156661987305,1.5308387279510498,ok,,4000,3200,0,1000,0.1163885183632373,True,0.1,False,24,1e-05,True,14.663869142532349,full_train_epoch_chunks,full train set chunked per epoch | validation=dataset_val_split | c_selection=f_mmd c_source=test c_metric=standardized_l2 | f_mmd_reserved_context=5% source=test | wise_ft_skipped rows=5000>=2000,30,1,epoch_chunk,accuracy,0.97,0.98,0.97,0.98,16,True,False,,f_mmd,test,standardized_l2,2.333854864970065,0.3123434634986582,,True
company_bankruptcy_prediction,/home/crc00006699/zh/tabiclv2/data184/company_bankruptcy_prediction,binclass,5455,1091,1364,95,2,0.969208211143695,0.9653535279982522,0.6545454545454545,0.9619146005509642,0.0739754646062432,25.872827529907227,5.941262722015381,ok,,5455,4364,0,1364,0.065941073000431,True,0.1,False,13,1e-05,True,25.42627763748169,full_train_epoch_chunks,full train set chunked per epoch | validation=dataset_val_split | c_selection=f_mmd c_source=test c_metric=standardized_l2 | f_mmd_reserved_context=5% source=test | wise_ft_skipped rows=6819>=2000,30,1,epoch_chunk,accuracy,0.9670027497708524,0.9706691109074244,0.9670027497708524,0.9706691109074244,5,True,False,,f_mmd,test,standardized_l2,112.96131606941503,24.507667255199973,,True
connect-4,/home/crc00006699/zh/tabiclv2/data184/connect-4,multiclass,54045,10809,13512,42,3,0.8682652457075193,0.8548034955354797,0.697266962214678,0.9498697596773438,0.3244477348211288,320.1899254322052,96.97971844673155,ok,,54045,43236,0,13512,0.4930723011493683,True,0.1,False,150,1e-05,True,317.9962813854217,full_train_epoch_chunks,full train set chunked per epoch | validation=dataset_val_split | c_selection=f_mmd c_source=test c_metric=standardized_l2 | f_mmd_reserved_context=5% source=test | wise_ft_skipped rows=67557>=2000,30,5,epoch_chunk,accuracy,0.848737163474882,0.8676103247293921,0.848737163474882,0.8676103247293921,30,False,False,,f_mmd,test,standardized_l2,6.22671152671223,6.773610728956536,,True
credit,/home/crc00006699/zh/tabiclv2/data184/credit,binclass,13371,2675,3343,10,2,0.7852228537241999,0.785209361586745,0.7852205080188639,0.864994853094872,0.4624171821698922,21.57935237884521,5.412439823150635,ok,,13371,10696,0,3343,0.489878311753273,True,0.1,False,26,1e-05,True,21.45342516899109,full_train_epoch_chunks,full train set chunked per epoch | validation=dataset_val_split | c_selection=f_mmd c_source=test c_metric=standardized_l2 | f_mmd_reserved_context=5% source=test | wise_ft_skipped rows=16714>=2000,30,2,epoch_chunk,accuracy,0.7786915887850467,0.7813084112149533,0.7786915887850467,0.7813084112149533,5,True,False,,f_mmd,test,standardized_l2,13.155764649515575,45.59304998460195,,True
customer_satisfaction_in_airline,/home/crc00006699/zh/tabiclv2/data184/customer_satisfaction_in_airline,binclass,103904,20781,25976,21,2,0.9661610717585464,0.9662043454653548,0.9674028210568248,0.9961162135359644,0.0762783521963351,298.82144141197205,207.08889532089236,ok,,103904,83123,0,25976,0.1309574022889137,True,0.1,False,153,1e-05,True,296.84088611602783,full_train_epoch_chunks,full train set chunked per epoch | validation=dataset_val_split | c_selection=f_mmd c_source=test c_metric=standardized_l2 | f_mmd_reserved_context=5% source=test | wise_ft_skipped rows=129880>=2000,30,9,epoch_chunk,accuracy,0.9626100765121988,0.9642943072999376,0.9626100765121988,0.9642943072999376,9,True,False,,f_mmd,test,standardized_l2,3.057328853864399,4.260966721885329,,True
default_of_credit_card_clients,/home/crc00006699/zh/tabiclv2/data184/default_of_credit_card_clients,binclass,24000,4800,6000,23,2,0.8273333333333334,0.8084145234982366,0.6716980018451651,0.8020707229444721,0.4142188618641239,66.45251703262329,15.50393009185791,ok,,24000,19200,0,6000,0.4309858083724975,True,0.1,False,40,1e-05,True,65.93079471588135,full_train_epoch_chunks,full train set chunked per epoch | validation=dataset_val_split | c_selection=f_mmd c_source=test c_metric=standardized_l2 | f_mmd_reserved_context=5% source=test | wise_ft_skipped rows=30000>=2000,30,2,epoch_chunk,accuracy,0.8220833333333334,0.8229166666666666,0.8220833333333334,0.8229166666666666,12,True,False,,f_mmd,test,standardized_l2,7.608660268976767,16.644165938836846,,True
dis,/home/crc00006699/zh/tabiclv2/data184/dis,binclass,3017,604,755,29,2,0.9894039735099338,0.9883585937152762,0.7486541049798116,0.989793629430238,0.0286174408267398,14.062718391418455,1.3070688247680664,ok,,3017,2413,0,755,0.0294058611616492,True,0.1,False,18,1e-05,True,13.953965902328491,full_train_epoch_chunks,full train set chunked per epoch | validation=dataset_val_split | c_selection=f_mmd c_source=test c_metric=standardized_l2 | f_mmd_reserved_context=5% source=test | wise_ft_skipped rows=3772>=2000,30,1,epoch_chunk,accuracy,0.9834437086092715,0.9950331125827816,0.9834437086092715,0.9950331125827816,10,True,False,,f_mmd,test,standardized_l2,5.355088270758081,7.483798799229329,,True
drug_consumption,/home/crc00006699/zh/tabiclv2/data184/drug_consumption,multiclass,1507,302,377,12,7,0.403183023872679,0.2316968605998004,0.1428571428571428,0.5197214047411395,1.5135651934256693,3.285818338394165,0.5114703178405762,ok,,1507,1205,0,377,1.5056506991386414,True,0.1,True,8,1e-05,True,3.249664783477783,full_train_epoch_chunks,full train set chunked per epoch | validation=dataset_val_split | c_selection=f_mmd c_source=test c_metric=standardized_l2 | f_mmd_reserved_context=5% source=test | wise_ft=alpha0.1 rows=1884<2000,30,1,epoch_chunk,accuracy,0.4039735099337748,0.4039735099337748,0.4039735099337748,0.4039735099337748,0,True,False,,f_mmd,test,standardized_l2,3.0060375948929003,2.1932353050659934,,True
eeg-eye-state,/home/crc00006699/zh/tabiclv2/data184/eeg-eye-state,binclass,11984,2397,2996,14,2,0.9943257676902536,0.9943243673549108,0.9940247996595508,0.9998991261351124,0.0130859883637376,20.75568580627441,5.0665576457977295,ok,,11984,9587,0,2996,0.0308872824534773,True,0.1,False,14,1e-05,True,20.60299158096313,full_train_epoch_chunks,full train set chunked per epoch | validation=dataset_val_split | c_selection=f_mmd c_source=test c_metric=standardized_l2 | f_mmd_reserved_context=5% source=test | wise_ft_skipped rows=14980>=2000,30,1,epoch_chunk,accuracy,0.9929078014184396,0.9945765540258656,0.9929078014184396,0.9945765540258656,6,True,False,,f_mmd,test,standardized_l2,7586696.755650853,238.2034483639983,,True
estimation_of_obesity_levels,/home/crc00006699/zh/tabiclv2/data184/estimation_of_obesity_levels,multiclass,1688,338,423,16,7,0.9905437352245864,0.9905622153790828,0.9902298850574712,0.999925770969701,0.0242309606763698,9.026720762252808,0.6436460018157959,ok,,1688,1350,0,423,0.0056576109491288,True,0.1,False,22,1e-05,True,8.976468324661255,full_train_epoch_chunks,full train set chunked per epoch | validation=dataset_val_split | c_selection=f_mmd c_source=test c_metric=standardized_l2 | f_mmd_reserved_context=5% source=test | wise_ft_skipped rows=2111>=2000,30,1,epoch_chunk,accuracy,0.9733727810650888,0.9881656804733728,0.9733727810650888,0.9881656804733728,14,True,False,,f_mmd,test,standardized_l2,3.769576722136503,0.9287427487840392,,True
eye_movements,/home/crc00006699/zh/tabiclv2/data184/eye_movements,multiclass,8748,1750,2188,27,3,0.9026508226691042,0.9024703998041828,0.9071478774190492,0.9830876501926112,0.2388360935206346,43.42785954475403,4.33553957939148,ok,,8748,6998,0,2188,0.3600828945636749,True,0.1,False,30,1e-05,True,43.19255709648132,full_train_epoch_chunks,full train set chunked per epoch | validation=dataset_val_split | c_selection=f_mmd c_source=test c_metric=standardized_l2 | f_mmd_reserved_context=5% source=test | wise_ft_skipped rows=10936>=2000,30,1,epoch_chunk,accuracy,0.7948571428571428,0.9102857142857144,0.7948571428571428,0.9102857142857144,29,False,False,,f_mmd,test,standardized_l2,5.83758410993292,3.0502346507256157,,True
first-order-theorem-proving,/home/crc00006699/zh/tabiclv2/data184/first-order-theorem-proving,multiclass,4894,979,1224,51,6,0.6552287581699346,0.6386146965626239,0.5311673726318956,0.8615944438629283,1.0086088597572125,33.162516832351685,3.445438861846924,ok,,4894,3915,0,1224,1.1172373294830322,True,0.1,False,27,1e-05,True,32.9351499080658,full_train_epoch_chunks,full train set chunked per epoch | validation=dataset_val_split | c_selection=f_mmd c_source=test c_metric=standardized_l2 | f_mmd_reserved_context=5% source=test | wise_ft_skipped rows=6118>=2000,30,1,epoch_chunk,accuracy,0.6261491317671093,0.6363636363636364,0.6261491317671093,0.6363636363636364,19,True,False,,f_mmd,test,standardized_l2,8.690973891333924,14.195526825499453,,True
heloc,/home/crc00006699/zh/tabiclv2/data184/heloc,binclass,8000,1600,2000,22,2,0.7295,0.7292139822687713,0.7295,0.803323,0.5396978239963414,14.833653211593628,3.4237022399902344,ok,,8000,6400,0,2000,0.5111409723758698,True,0.1,False,13,1e-05,True,14.68236494064331,full_train_epoch_chunks,full train set chunked per epoch | validation=dataset_val_split | c_selection=f_mmd c_source=test c_metric=standardized_l2 | f_mmd_reserved_context=5% source=test | wise_ft_skipped rows=10000>=2000,30,1,epoch_chunk,accuracy,0.726875,0.73,0.726875,0.73,5,True,False,,f_mmd,test,standardized_l2,7.521621881873854,1.8748892458154824,,True
house_16H,/home/crc00006699/zh/tabiclv2/data184/house_16H,binclass,10790,2158,2698,16,2,0.8921423276501111,0.8921419572179775,0.8921423276501113,0.9581176733060373,0.2648302744599434,27.62203311920166,4.50717306137085,ok,,10790,8632,0,2698,0.2140619829297065,True,0.1,False,20,1e-05,True,27.454208612442017,full_train_epoch_chunks,full train set chunked per epoch | validation=dataset_val_split | c_selection=f_mmd c_source=test c_metric=standardized_l2 | f_mmd_reserved_context=5% source=test | wise_ft_skipped rows=13488>=2000,30,1,epoch_chunk,accuracy,0.8799814643188137,0.8850787766450418,0.8799814643188137,0.8850787766450418,12,True,False,,f_mmd,test,standardized_l2,7.526607633218358,21.70788022471812,,True
ibm-employee-performance,/home/crc00006699/zh/tabiclv2/data184/ibm-employee-performance,binclass,1176,236,294,30,2,1.0,1.0,1.0,1.0,2.295397118851279e-06,4.738595008850098,0.772428035736084,ok,,1176,940,0,294,1.4048306979930203e-06,True,0.1,True,8,1e-05,True,4.6374711990356445,full_train_epoch_chunks,full train set chunked per epoch | validation=dataset_val_split | c_selection=f_mmd c_source=test c_metric=standardized_l2 | f_mmd_reserved_context=5% source=test | wise_ft=alpha0.1 rows=1470<2000,30,1,epoch_chunk,accuracy,1.0,1.0,1.0,1.0,0,True,False,,f_mmd,test,standardized_l2,2.3734940379938068,0.3681200407707451,,True
internet_firewall,/home/crc00006699/zh/tabiclv2/data184/internet_firewall,multiclass,52425,10485,13107,7,4,0.9310292210269322,0.9283890466780912,0.7766411268354544,0.989629350679407,0.1264848624327796,55.25565433502197,47.93646478652954,ok,,52425,41940,0,13107,0.2328179143369197,True,0.1,False,50,1e-05,True,55.00377893447876,full_train_epoch_chunks,full train set chunked per epoch | validation=dataset_val_split | c_selection=f_mmd c_source=test c_metric=standardized_l2 | f_mmd_reserved_context=5% source=test | wise_ft_skipped rows=65532>=2000,30,5,epoch_chunk,accuracy,0.93447782546495,0.9346685741535526,0.93447782546495,0.9346685741535526,2,True,False,,f_mmd,test,standardized_l2,19.986602121447696,571.6974123342936,,True
jm1,/home/crc00006699/zh/tabiclv2/data184/jm1,binclass,8708,1742,2177,21,2,0.8208543867707855,0.7853836015884931,0.5918946374561057,0.7649774914916757,0.4220320974190348,37.0024676322937,3.756474256515503,ok,,8708,6966,0,2177,0.3748352527618408,True,0.1,False,30,1e-05,True,36.84181714057922,full_train_epoch_chunks,full train set chunked per epoch | validation=dataset_val_split | c_selection=f_mmd c_source=test c_metric=standardized_l2 | f_mmd_reserved_context=5% source=test | wise_ft_skipped rows=10885>=2000,30,1,epoch_chunk,accuracy,0.8214695752009185,0.8312284730195177,0.8214695752009185,0.8312284730195177,27,False,False,,f_mmd,test,standardized_l2,16.4001781980373,52.60882944017484,,True
kc1,/home/crc00006699/zh/tabiclv2/data184/kc1,binclass,1687,338,422,21,2,0.8767772511848341,0.8577570731006751,0.6566257272139625,0.8586511527687998,0.3003501577491981,5.142741441726685,0.6898500919342041,ok,,1687,1349,0,422,0.2674915790557861,True,0.1,False,12,1e-05,True,5.087498903274536,full_train_epoch_chunks,full train set chunked per epoch | validation=dataset_val_split | c_selection=f_mmd c_source=test c_metric=standardized_l2 | f_mmd_reserved_context=5% source=test | wise_ft_skipped rows=2109>=2000,30,1,epoch_chunk,accuracy,0.878698224852071,0.8816568047337278,0.878698224852071,0.8816568047337278,4,True,False,,f_mmd,test,standardized_l2,13.059992117936371,15.883659086784784,,True
kr-vs-kp,/home/crc00006699/zh/tabiclv2/data184/kr-vs-kp,binclass,2556,512,640,36,2,0.9984375,0.9984376031804651,0.998502994011976,0.9999706469414114,0.0077603108750813,6.01576042175293,1.3296797275543213,ok,,2556,2044,0,640,0.006849501049146,True,0.1,False,8,1e-05,True,5.878800868988037,full_train_epoch_chunks,full train set chunked per epoch | validation=dataset_val_split | c_selection=f_mmd c_source=test c_metric=standardized_l2 | f_mmd_reserved_context=5% source=test | wise_ft_skipped rows=3196>=2000,30,1,epoch_chunk,accuracy,0.998046875,0.998046875,0.998046875,0.998046875,0,True,False,,f_mmd,test,standardized_l2,4.25504407824825,2.465590555421538,,True
led24,/home/crc00006699/zh/tabiclv2/data184/led24,multiclass,2560,512,640,24,10,0.7296875,0.7258700865253034,0.7295133473229964,0.9582423453301352,0.7769907870163377,7.670668363571167,1.0598256587982178,ok,,2560,2048,0,640,0.7975538969039917,True,0.1,False,12,1e-05,True,7.575468778610229,full_train_epoch_chunks,full train set chunked per epoch | validation=dataset_val_split | c_selection=f_mmd c_source=test c_metric=standardized_l2 | f_mmd_reserved_context=5% source=test | wise_ft_skipped rows=3200>=2000,30,1,epoch_chunk,accuracy,0.7265625,0.736328125,0.7265625,0.736328125,4,True,False,,f_mmd,test,standardized_l2,1.4863865026689456,0.0462827325732476,,True
madeline,/home/crc00006699/zh/tabiclv2/data184/madeline,binclass,2512,503,628,259,2,0.926751592356688,0.9267493634094338,0.926728334956183,0.9771685329438492,0.1893194381955873,20.694459676742557,7.275397777557373,ok,,2512,2009,0,628,0.1784010902047157,True,0.1,False,8,1e-05,True,20.09355592727661,full_train_epoch_chunks,full train set chunked per epoch | validation=dataset_val_split | c_selection=f_mmd c_source=test c_metric=standardized_l2 | f_mmd_reserved_context=5% source=test | wise_ft_skipped rows=3140>=2000,30,1,epoch_chunk,accuracy,0.9244532803180916,0.9244532803180916,0.9244532803180916,0.9244532803180916,0,True,False,,f_mmd,test,standardized_l2,1.4636400990177851,0.0523940358563418,,True
maternal_health_risk,/home/crc00006699/zh/tabiclv2/data184/maternal_health_risk,multiclass,811,163,203,6,3,0.8768472906403941,0.8748005893782885,0.8794702134668967,0.962933918996822,0.330049071420423,7.9337317943573,0.5912876129150391,ok,,811,648,0,203,0.383821353316307,True,0.1,True,28,1e-05,True,7.911185026168823,full_train_epoch_chunks,full train set chunked per epoch | validation=dataset_val_split | c_selection=f_mmd c_source=test c_metric=standardized_l2 | f_mmd_reserved_context=5% source=test | wise_ft=alpha0.1 rows=1014<2000,30,1,epoch_chunk,accuracy,0.8404907975460123,0.8588957055214724,0.8404907975460123,0.8588957055214724,20,True,False,,f_mmd,test,standardized_l2,3.31848649755426,0.3370939541517145,,True
mfeat-fourier,/home/crc00006699/zh/tabiclv2/data184/mfeat-fourier,multiclass,1600,320,400,76,10,0.92,0.9191854818834816,0.92,0.9949722222222224,0.2080327331658934,9.221482276916504,1.4094927310943604,ok,,1600,1280,0,400,0.2062696740031242,True,0.1,False,11,1e-05,True,9.062745571136476,full_train_epoch_chunks,full train set chunked per epoch | validation=dataset_val_split | c_selection=f_mmd c_source=test c_metric=standardized_l2 | f_mmd_reserved_context=5% source=test | wise_ft_skipped rows=2000>=2000,30,1,epoch_chunk,accuracy,0.9,0.903125,0.9,0.903125,3,True,False,,f_mmd,test,standardized_l2,2.268642198833415,0.2528488966253407,,True
mfeat-morphological,/home/crc00006699/zh/tabiclv2/data184/mfeat-morphological,multiclass,1600,320,400,6,10,0.7925,0.7888397529508834,0.7925,0.978152777777778,0.493439238754455,6.816452980041504,0.6849048137664795,ok,,1600,1280,0,400,0.6420978903770447,True,0.1,False,17,1e-05,True,6.779674530029297,full_train_epoch_chunks,full train set chunked per epoch | validation=dataset_val_split | c_selection=f_mmd c_source=test c_metric=standardized_l2 | f_mmd_reserved_context=5% source=test | wise_ft_skipped rows=2000>=2000,30,1,epoch_chunk,accuracy,0.75,0.7625,0.75,0.7625,9,True,False,,f_mmd,test,standardized_l2,3.0462114326407037,0.433867195832736,,True
mfeat-zernike,/home/crc00006699/zh/tabiclv2/data184/mfeat-zernike,multiclass,1600,320,400,47,10,0.9075,0.9064364821102407,0.9075,0.9939791666666666,0.2124259672557072,10.254653453826904,1.0259923934936523,ok,,1600,1280,0,400,0.1647460907697677,True,0.1,False,14,1e-05,True,10.148382663726808,full_train_epoch_chunks,full train set chunked per epoch | validation=dataset_val_split | c_selection=f_mmd c_source=test c_metric=standardized_l2 | f_mmd_reserved_context=5% source=test | wise_ft_skipped rows=2000>=2000,30,1,epoch_chunk,accuracy,0.884375,0.896875,0.884375,0.896875,6,True,False,,f_mmd,test,standardized_l2,3.202519510756844,0.8268509840926855,,True
microaggregation2,/home/crc00006699/zh/tabiclv2/data184/microaggregation2,multiclass,16000,3200,4000,20,5,0.65,0.604355728707086,0.4398659812427212,0.8385187053203754,0.8512129091205329,47.89530420303345,8.427785873413086,ok,,16000,12800,0,4000,0.9065941572189332,True,0.1,False,44,1e-05,True,47.57833170890808,full_train_epoch_chunks,full train set chunked per epoch | validation=dataset_val_split | c_selection=f_mmd c_source=test c_metric=standardized_l2 | f_mmd_reserved_context=5% source=test | wise_ft_skipped rows=20000>=2000,30,2,epoch_chunk,accuracy,0.6315625,0.6515625,0.6315625,0.6515625,14,True,False,,f_mmd,test,standardized_l2,7.863420560447444,5.537082618827338,,True
mozilla4,/home/crc00006699/zh/tabiclv2/data184/mozilla4,binclass,12436,2488,3109,4,2,0.9511096815696364,0.9506172707630912,0.9353726873188511,0.9794063426842338,0.153853800412698,32.38440251350403,2.3196942806243896,ok,,12436,9948,0,3109,0.1946945860981941,True,0.1,False,27,1e-05,True,32.24276947975159,full_train_epoch_chunks,full train set chunked per epoch | validation=dataset_val_split | c_selection=f_mmd c_source=test c_metric=standardized_l2 | f_mmd_reserved_context=5% source=test | wise_ft_skipped rows=15545>=2000,30,1,epoch_chunk,accuracy,0.939710610932476,0.944935691318328,0.939710610932476,0.944935691318328,19,True,False,,f_mmd,test,standardized_l2,5.793754919248118,7.383930248487412,,True
okcupid_stem,/home/crc00006699/zh/tabiclv2/data184/okcupid_stem,multiclass,21341,4269,5336,13,3,0.7509370314842578,0.6980075538514585,0.4971350892385187,0.8098010410627827,0.5887776212096482,29.389485597610477,11.388633728027344,ok,,21341,17072,0,5336,0.5734060108661652,True,0.1,False,22,1e-05,True,29.076379776000977,full_train_epoch_chunks,full train set chunked per epoch | validation=dataset_val_split | c_selection=f_mmd c_source=test c_metric=standardized_l2 | f_mmd_reserved_context=5% source=test | wise_ft_skipped rows=26677>=2000,30,2,epoch_chunk,accuracy,0.7481845865542281,0.7507613024127431,0.7481845865542281,0.7507613024127431,3,True,False,,f_mmd,test,standardized_l2,3.349829659806233,0.9194834931701044,,True
optdigits,/home/crc00006699/zh/tabiclv2/data184/optdigits,multiclass,4496,900,1124,64,10,0.998220640569395,0.9982205883039564,0.9982142857142856,0.999988550568499,0.0097620728818132,10.637598276138306,3.764164686203003,ok,,4496,3596,0,1124,0.0089926444925367,True,0.1,False,8,1e-05,True,10.370763063430786,full_train_epoch_chunks,full train set chunked per epoch | validation=dataset_val_split | c_selection=f_mmd c_source=test c_metric=standardized_l2 | f_mmd_reserved_context=5% source=test | wise_ft_skipped rows=5620>=2000,30,1,epoch_chunk,accuracy,0.9911111111111112,0.9911111111111112,0.9911111111111112,0.9911111111111112,0,True,False,,f_mmd,test,standardized_l2,5.620109054672164,7.162230727142715,,True
ozone_level,/home/crc00006699/zh/tabiclv2/data184/ozone_level,binclass,2028,406,508,36,2,0.9763779527559056,0.9705430247513882,0.4969939879759519,0.8258739701625473,0.087000584372128,6.203606128692627,1.100761651992798,ok,,2028,1622,0,508,0.0849550403654575,True,0.1,False,8,1e-05,True,6.055995464324951,full_train_epoch_chunks,full train set chunked per epoch | validation=dataset_val_split | c_selection=f_mmd c_source=test c_metric=standardized_l2 | f_mmd_reserved_context=5% source=test | wise_ft_skipped rows=2536>=2000,30,1,epoch_chunk,accuracy,0.9704433497536946,0.9704433497536946,0.9704433497536946,0.9704433497536946,0,True,False,,f_mmd,test,standardized_l2,4.099503720039607,0.2111521155279398,,True
pc1,/home/crc00006699/zh/tabiclv2/data184/pc1,binclass,887,178,222,21,2,0.945945945945946,0.9366302968198704,0.6618357487922705,0.9,0.1529694337138885,4.260891914367676,0.8844678401947021,ok,,887,709,0,222,0.1704886928200721,True,0.1,True,10,1e-05,True,4.213648080825806,full_train_epoch_chunks,full train set chunked per epoch | validation=dataset_val_split | c_selection=f_mmd c_source=test c_metric=standardized_l2 | f_mmd_reserved_context=5% source=test | wise_ft=alpha0.1 rows=1109<2000,30,1,epoch_chunk,accuracy,0.9325842696629212,0.9382022471910112,0.9325842696629212,0.9382022471910112,2,True,False,,f_mmd,test,standardized_l2,14.86032532681965,34.442359465042536,,True
pc4,/home/crc00006699/zh/tabiclv2/data184/pc4,binclass,1166,234,292,37,2,0.9075342465753424,0.9045311583625552,0.7562934027777778,0.9618055555555556,0.1922054769010028,4.728491306304932,0.672417402267456,ok,,1166,932,0,292,0.147260271012783,True,0.1,True,8,1e-05,True,4.653889656066895,full_train_epoch_chunks,full train set chunked per epoch | validation=dataset_val_split | c_selection=f_mmd c_source=test c_metric=standardized_l2 | f_mmd_reserved_context=5% source=test | wise_ft=alpha0.1 rows=1458<2000,30,1,epoch_chunk,accuracy,0.935897435897436,0.935897435897436,0.935897435897436,0.935897435897436,0,True,False,,f_mmd,test,standardized_l2,10.755746728435788,14.540866632121269,,True
phoneme,/home/crc00006699/zh/tabiclv2/data184/phoneme,binclass,4323,865,1081,5,2,0.904717853839038,0.9045847039682562,0.8836812723999538,0.9665260045914744,0.2255540243579723,7.269639492034912,0.823495626449585,ok,,4323,3458,0,1081,0.2010935246944427,True,0.1,False,16,1e-05,True,7.232357978820801,full_train_epoch_chunks,full train set chunked per epoch | validation=dataset_val_split | c_selection=f_mmd c_source=test c_metric=standardized_l2 | f_mmd_reserved_context=5% source=test | wise_ft_skipped rows=5404>=2000,30,1,epoch_chunk,accuracy,0.9260115606936417,0.9283236994219654,0.9260115606936417,0.9283236994219654,8,True,False,,f_mmd,test,standardized_l2,2.928910818679095,0.4359154972984683,,True
predict_students_dropout_and_academic_success,/home/crc00006699/zh/tabiclv2/data184/predict_students_dropout_and_academic_success,multiclass,3539,708,885,34,3,0.7762711864406779,0.77135109161149,0.7037748608577578,0.8931554151998474,0.5536130879687075,13.563176155090332,1.7483406066894531,ok,,3539,2831,0,885,0.5283430218696594,True,0.1,False,17,1e-05,True,13.395303726196287,full_train_epoch_chunks,full train set chunked per epoch | validation=dataset_val_split | c_selection=f_mmd c_source=test c_metric=standardized_l2 | f_mmd_reserved_context=5% source=test | wise_ft_skipped rows=4424>=2000,30,1,epoch_chunk,accuracy,0.8022598870056498,0.8149717514124294,0.8022598870056498,0.8149717514124294,9,True,False,,f_mmd,test,standardized_l2,3.7297052935457633,0.9333651764439612,,True
ringnorm,/home/crc00006699/zh/tabiclv2/data184/ringnorm,binclass,5920,1184,1480,20,2,0.9797297297297296,0.9797268415464132,0.979651210572166,0.9972148713087912,0.060789368402998,7.154091119766235,2.4652345180511475,ok,,5920,4736,0,1480,0.0390335619449615,True,0.1,False,8,1e-05,True,7.040327072143555,full_train_epoch_chunks,full train set chunked per epoch | validation=dataset_val_split | c_selection=f_mmd c_source=test c_metric=standardized_l2 | f_mmd_reserved_context=5% source=test | wise_ft_skipped rows=7400>=2000,30,1,epoch_chunk,accuracy,0.981418918918919,0.981418918918919,0.981418918918919,0.981418918918919,0,True,False,,f_mmd,test,standardized_l2,2.910172080710768,0.3080442709710692,,True
satimage,/home/crc00006699/zh/tabiclv2/data184/satimage,multiclass,5144,1029,1286,36,6,0.9447900466562986,0.9439988083123788,0.9298423016053604,0.9970358067503804,0.1274059209166249,28.272108793258667,2.64880108833313,ok,,5144,4115,0,1286,0.1357060968875885,True,0.1,False,29,1e-05,True,28.10536813735962,full_train_epoch_chunks,full train set chunked per epoch | validation=dataset_val_split | c_selection=f_mmd c_source=test c_metric=standardized_l2 | f_mmd_reserved_context=5% source=test | wise_ft_skipped rows=6430>=2000,30,1,epoch_chunk,accuracy,0.9280855199222546,0.9426627793974732,0.9280855199222546,0.9426627793974732,21,True,False,,f_mmd,test,standardized_l2,4.55548934771573,0.7999410967399644,,True
seismic+bumps,/home/crc00006699/zh/tabiclv2/data184/seismic+bumps,binclass,2067,414,517,18,2,0.9342359767891684,0.9024719535783364,0.5,0.7137376689806357,0.2297224683968025,6.486640930175781,0.7494564056396484,ok,,2067,1653,0,517,0.215402252972126,True,0.1,False,15,1e-05,True,6.431881666183472,full_train_epoch_chunks,full train set chunked per epoch | validation=dataset_val_split | c_selection=f_mmd c_source=test c_metric=standardized_l2 | f_mmd_reserved_context=5% source=test | wise_ft_skipped rows=2584>=2000,30,1,epoch_chunk,accuracy,0.9347826086956522,0.9371980676328504,0.9347826086956522,0.9371980676328504,7,True,False,,f_mmd,test,standardized_l2,6.747150619687725,8.626049890033743,,True
shill-bidding,/home/crc00006699/zh/tabiclv2/data184/shill-bidding,binclass,5056,1012,1265,3,2,0.9106719367588932,0.8881417839528507,0.605435422182995,0.9006960603386023,0.2107331054524986,7.976789951324463,0.5278191566467285,ok,,5056,4044,0,1265,0.2306555360555648,True,0.1,False,17,1e-05,True,7.94203519821167,full_train_epoch_chunks,full train set chunked per epoch | validation=dataset_val_split | c_selection=f_mmd c_source=test c_metric=standardized_l2 | f_mmd_reserved_context=5% source=test | wise_ft_skipped rows=6321>=2000,30,1,epoch_chunk,accuracy,0.8883399209486166,0.8982213438735178,0.8883399209486166,0.8982213438735178,9,True,False,,f_mmd,test,standardized_l2,2.25877517589016,0.3121716527232541,,True
shuttle,/home/crc00006699/zh/tabiclv2/data184/shuttle,multiclass,46400,9280,11600,9,7,0.999396551724138,0.9993873268620208,0.91983774632855,0.9999959642128076,0.0011157865425473,75.04808068275452,39.323590993881226,ok,,46400,37120,0,11600,0.007181505439803,True,0.1,False,60,1e-05,True,74.68405032157898,full_train_epoch_chunks,full train set chunked per epoch | validation=dataset_val_split | c_selection=f_mmd c_source=test c_metric=standardized_l2 | f_mmd_reserved_context=5% source=test | wise_ft_skipped rows=58000>=2000,30,4,epoch_chunk,accuracy,0.9997844827586206,0.9998922413793104,0.9997844827586206,0.9998922413793104,7,True,False,,f_mmd,test,standardized_l2,11.55971467161763,63.311072849521786,,True
splice,/home/crc00006699/zh/tabiclv2/data184/splice,multiclass,2552,511,638,60,3,0.9608150470219436,0.9607765132232094,0.9538905861102412,0.9969089666620166,0.0963247157850394,13.496397495269775,1.820457935333252,ok,,2552,2041,0,638,0.0704252459108829,True,0.1,False,14,1e-05,True,13.268917322158812,full_train_epoch_chunks,full train set chunked per epoch | validation=dataset_val_split | c_selection=f_mmd c_source=test c_metric=standardized_l2 | f_mmd_reserved_context=5% source=test | wise_ft_skipped rows=3190>=2000,30,1,epoch_chunk,accuracy,0.9647749510763208,0.9686888454011742,0.9647749510763208,0.9686888454011742,6,True,False,,f_mmd,test,standardized_l2,1.7497194576964894,0.0843661839327458,,True
statlog,/home/crc00006699/zh/tabiclv2/data184/statlog,binclass,800,160,200,20,2,0.745,0.7332687651331719,0.6607142857142857,0.7601190476190475,0.521770085923739,6.358542203903198,0.8238358497619629,ok,,800,640,0,200,0.47182297706604,True,0.1,True,16,1e-05,True,6.300795555114746,full_train_epoch_chunks,full train set chunked per epoch | validation=dataset_val_split | c_selection=f_mmd c_source=test c_metric=standardized_l2 | f_mmd_reserved_context=5% source=test | wise_ft=alpha0.1 rows=1000<2000,30,1,epoch_chunk,accuracy,0.76875,0.78125,0.76875,0.78125,8,True,False,,f_mmd,test,standardized_l2,2.655811727331586,0.4089732914725988,,True
svmguide3,/home/crc00006699/zh/tabiclv2/data184/svmguide3,binclass,994,199,249,22,2,0.891566265060241,0.8809269532161098,0.7754934210526316,0.9288194444444444,0.2735435818800232,4.419058322906494,0.9881038665771484,ok,,994,795,0,249,0.276083379983902,True,0.1,True,8,1e-05,True,4.351749658584595,full_train_epoch_chunks,full train set chunked per epoch | validation=dataset_val_split | c_selection=f_mmd c_source=test c_metric=standardized_l2 | f_mmd_reserved_context=5% source=test | wise_ft=alpha0.1 rows=1243<2000,30,1,epoch_chunk,accuracy,0.8592964824120602,0.8592964824120602,0.8592964824120602,0.8592964824120602,0,True,False,,f_mmd,test,standardized_l2,6.847694175573601,3.0258432213239064,,True
taiwanese_bankruptcy_prediction,/home/crc00006699/zh/tabiclv2/data184/taiwanese_bankruptcy_prediction,binclass,5455,1091,1364,95,2,0.9721407624633432,0.9650922998087764,0.6121212121212121,0.9265495867768596,0.0892713181207128,28.864102363586422,5.975696325302124,ok,,5455,4364,0,1364,0.0831135958433151,True,0.1,False,15,1e-05,True,28.43350839614868,full_train_epoch_chunks,full train set chunked per epoch | validation=dataset_val_split | c_selection=f_mmd c_source=test c_metric=standardized_l2 | f_mmd_reserved_context=5% source=test | wise_ft_skipped rows=6819>=2000,30,1,epoch_chunk,accuracy,0.9679193400549956,0.9688359303391384,0.9679193400549956,0.9688359303391384,7,True,False,,f_mmd,test,standardized_l2,2.3426401043571967e+36,0.0,,True
thyroid,/home/crc00006699/zh/tabiclv2/data184/thyroid,multiclass,5760,1152,1440,21,3,0.9951388888888888,0.9951140046296296,0.9644422776455784,0.999826833241186,0.0111142587792638,6.889516830444336,2.4265103340148926,ok,,5760,4608,0,1440,0.0043647448765113,True,0.1,False,8,1e-05,True,6.794583797454834,full_train_epoch_chunks,full train set chunked per epoch | validation=dataset_val_split | c_selection=f_mmd c_source=test c_metric=standardized_l2 | f_mmd_reserved_context=5% source=test | wise_ft_skipped rows=7200>=2000,30,1,epoch_chunk,accuracy,0.9947916666666666,0.9947916666666666,0.9947916666666666,0.9947916666666666,0,True,False,,f_mmd,test,standardized_l2,7.464379646719951,14.682271159391096,,True
thyroid-dis,/home/crc00006699/zh/tabiclv2/data184/thyroid-dis,multiclass,2240,448,560,26,5,0.7,0.6807207496589575,0.4129854243615711,0.8863176876001265,0.6934505528523337,6.454327821731567,1.0014243125915527,ok,,2240,1792,0,560,0.7068926692008972,True,0.1,False,11,1e-05,True,6.334367036819458,full_train_epoch_chunks,full train set chunked per epoch | validation=dataset_val_split | c_selection=f_mmd c_source=test c_metric=standardized_l2 | f_mmd_reserved_context=5% source=test | wise_ft_skipped rows=2800>=2000,30,1,epoch_chunk,accuracy,0.7410714285714286,0.7433035714285714,0.7410714285714286,0.7433035714285714,3,True,False,,f_mmd,test,standardized_l2,6.195405562608932,7.622980425489233,,True
twonorm,/home/crc00006699/zh/tabiclv2/data184/twonorm,binclass,5920,1184,1480,20,2,0.9783783783783784,0.978378299409565,0.978381991201591,0.9985135107989604,0.050885862293005,12.471687078475952,2.3522305488586426,ok,,5920,4736,0,1480,0.0672860369086265,True,0.1,False,15,1e-05,True,12.3660409450531,full_train_epoch_chunks,full train set chunked per epoch | validation=dataset_val_split | c_selection=f_mmd c_source=test c_metric=standardized_l2 | f_mmd_reserved_context=5% source=test | wise_ft_skipped rows=7400>=2000,30,1,epoch_chunk,accuracy,0.9763513513513512,0.9788851351351352,0.9763513513513512,0.9788851351351352,7,True,False,,f_mmd,test,standardized_l2,2.0104159775957973,0.1768086833596294,,True
wall-robot-navigation,/home/crc00006699/zh/tabiclv2/data184/wall-robot-navigation,multiclass,4364,873,1092,24,4,0.9954212454212454,0.995429875703296,0.9938878581735724,0.9999726606133909,0.0117758769924612,17.546167612075806,1.807741641998291,ok,,4364,3491,0,1092,0.0121594849042594,True,0.1,False,24,1e-05,True,17.4350905418396,full_train_epoch_chunks,full train set chunked per epoch | validation=dataset_val_split | c_selection=f_mmd c_source=test c_metric=standardized_l2 | f_mmd_reserved_context=5% source=test | wise_ft_skipped rows=5456>=2000,30,1,epoch_chunk,accuracy,0.986254295532646,0.9919816723940436,0.986254295532646,0.9919816723940436,16,True,False,,f_mmd,test,standardized_l2,2.660672702219943,0.2898729817095913,,True
waveform-5000,/home/crc00006699/zh/tabiclv2/data184/waveform-5000,multiclass,4000,800,1000,40,3,0.866,0.8659676665451895,0.8660981902906143,0.978123910295802,0.2599778421182319,11.028866529464722,2.177685022354126,ok,,4000,3200,0,1000,0.2544907480478287,True,0.1,False,12,1e-05,True,10.88071870803833,full_train_epoch_chunks,full train set chunked per epoch | validation=dataset_val_split | c_selection=f_mmd c_source=test c_metric=standardized_l2 | f_mmd_reserved_context=5% source=test | wise_ft_skipped rows=5000>=2000,30,1,epoch_chunk,accuracy,0.8775,0.87875,0.8775,0.87875,4,True,False,,f_mmd,test,standardized_l2,1.8460368858891767,0.1047188180328338,,True
website_phishing,/home/crc00006699/zh/tabiclv2/data184/website_phishing,multiclass,1082,217,271,9,3,0.92619926199262,0.9264532281561662,0.9452380952380952,0.9795186591628676,0.2375700742648865,3.256232500076294,0.3849358558654785,ok,,1082,865,0,271,0.1844480112195015,True,0.1,True,8,1e-05,True,3.2220563888549805,full_train_epoch_chunks,full train set chunked per epoch | validation=dataset_val_split | c_selection=f_mmd c_source=test c_metric=standardized_l2 | f_mmd_reserved_context=5% source=test | wise_ft=alpha0.1 rows=1353<2000,30,1,epoch_chunk,accuracy,0.9170506912442395,0.9170506912442395,0.9170506912442395,0.9170506912442395,0,True,False,,f_mmd,test,standardized_l2,2.228709432720396,0.1456178526679991,,True
wine-quality-red,/home/crc00006699/zh/tabiclv2/data184/wine-quality-red,multiclass,1279,256,320,4,6,0.675,0.6561940781745479,0.3334405637254902,0.8539291517549287,0.821133281220136,3.1397809982299805,0.3866119384765625,ok,,1279,1023,0,320,0.9106910526752472,True,0.1,True,8,1e-05,True,3.115013837814331,full_train_epoch_chunks,full train set chunked per epoch | validation=dataset_val_split | c_selection=f_mmd c_source=test c_metric=standardized_l2 | f_mmd_reserved_context=5% source=test | wise_ft=alpha0.1 rows=1599<2000,30,1,epoch_chunk,accuracy,0.66015625,0.66015625,0.66015625,0.66015625,0,True,False,,f_mmd,test,standardized_l2,5.675454936648054,3.454121389757767,,True
yeast,/home/crc00006699/zh/tabiclv2/data184/yeast,multiclass,1187,238,297,8,10,0.6296296296296297,0.6227054899222116,0.5786847243273403,0.8840381555773302,0.9733667079212918,3.478672742843628,0.4183976650238037,ok,,1187,949,0,297,0.9819563627243042,True,0.1,True,8,1e-05,True,3.44942569732666,full_train_epoch_chunks,full train set chunked per epoch | validation=dataset_val_split | c_selection=f_mmd c_source=test c_metric=standardized_l2 | f_mmd_reserved_context=5% source=test | wise_ft=alpha0.1 rows=1484<2000,30,1,epoch_chunk,accuracy,0.5630252100840336,0.5630252100840336,0.5630252100840336,0.5630252100840336,0,True,False,,f_mmd,test,standardized_l2,7.800838008177277,5.427600619554648,,True
