dataset_name,dataset_dir,task_type,n_train,n_val,n_test,n_features,n_classes,accuracy,f1,balanced_accuracy,roc_auc,log_loss,fit_seconds,predict_seconds,status,error,n_train_a,n_train_b,n_holdout_c,n_test_d,ttt_loss,ttt_steps,ttt_lr,ttt_applied,ttt_update_seconds,ttt_split_strategy,ttt_split_reason,ttt_epochs,ttt_chunks_per_epoch,ttt_batch_mode,ttt_val_eval_metric,ttt_val_baseline_metric,ttt_val_best_metric,ttt_val_baseline_accuracy,ttt_val_best_accuracy,ttt_best_epoch,ttt_stopped_early,ttt_oom_fallback,ttt_fallback_reason,ttt_c_selection,ttt_c_source,ttt_c_metric,ttt_c_reserve_ratio,ttt_c_f_distance_mean,ttt_c_f_distance_std,ttt_c_fallback_reason,ttt_c_label_coverage_ok
stage1_graph_scm_0000_seed42,/home/crc00006699/zh/tabiclv2/results/tabiclv2_prior_data/graph_scm_3stage_512_seed42/stage1_graph_scm_0000_seed42,multiclass,584,0,440,36,5,0.6318181818181818,0.6071378172743701,0.586831967385123,0.891720531036207,0.8204808497212652,14.594326734542848,0.4633777141571045,ok,,584,584,0,440,,30,1e-05,True,10.5321147441864,tabpfn_finetune_epoch_chunks_f_mmd,internal validation_split_ratio=0.1 | c_selection=f_mmd | c_source=test | c_metric=standardized_l2 | c_reserve_ratio=0.2908641795,30,1,tabpfn_finetuning_api_f_mmd,acc,0.6551724137931034,0.6551724137931034,,,0,True,False,,f_mmd,test,standardized_l2,0.2908641795,1.6075285881485093,0.3540082327792941,,True
stage1_graph_scm_0001_seed42,/home/crc00006699/zh/tabiclv2/results/tabiclv2_prior_data/graph_scm_3stage_512_seed42/stage1_graph_scm_0001_seed42,multiclass,584,0,440,36,3,0.8454545454545455,0.8450772449627161,0.8158780008608318,0.9501572849686444,0.4026586050088992,10.905431270599363,0.452115535736084,ok,,584,584,0,440,,30,1e-05,True,10.905080318450928,tabpfn_finetune_epoch_chunks_f_mmd,internal validation_split_ratio=0.1 | c_selection=f_mmd | c_source=test | c_metric=standardized_l2 | c_reserve_ratio=0.2908641795,30,1,tabpfn_finetuning_api_f_mmd,acc,0.8275862068965517,0.8620689655172413,,,3,True,False,,f_mmd,test,standardized_l2,0.2908641795,1.8468328896770845,0.3768512391411399,,True
stage1_graph_scm_0002_seed42,/home/crc00006699/zh/tabiclv2/results/tabiclv2_prior_data/graph_scm_3stage_512_seed42/stage1_graph_scm_0002_seed42,multiclass,584,0,440,36,5,0.6477272727272727,0.6456943814264026,0.6279387910635439,0.9010434859413288,0.8324176294451587,15.675267457962036,0.4229276180267334,ok,,584,584,0,440,,30,1e-05,True,15.674912691116331,tabpfn_finetune_epoch_chunks_f_mmd,internal validation_split_ratio=0.1 | c_selection=f_mmd | c_source=test | c_metric=standardized_l2 | c_reserve_ratio=0.2908641795,30,1,tabpfn_finetuning_api_f_mmd,acc,0.6551724137931034,0.7068965517241379,,,10,True,False,,f_mmd,test,standardized_l2,0.2908641795,1.7010086152811483,0.3076523060496332,,True
stage1_graph_scm_0003_seed42,/home/crc00006699/zh/tabiclv2/results/tabiclv2_prior_data/graph_scm_3stage_512_seed42/stage1_graph_scm_0003_seed42,binclass,584,0,440,36,2,1.0,1.0,1.0,1.0,0.0001011886726221,8.274901866912842,0.4570086002349853,ok,,584,584,0,440,,30,1e-05,True,8.274554967880249,tabpfn_finetune_epoch_chunks_f_mmd,internal validation_split_ratio=0.1 | c_selection=f_mmd | c_source=test | c_metric=standardized_l2 | c_reserve_ratio=0.2908641795,30,1,tabpfn_finetuning_api_f_mmd,acc,1.0,1.0,,,0,True,False,,f_mmd,test,standardized_l2,0.2908641795,1.9242135228640675,0.5226630383348192,,True
stage1_graph_scm_0004_seed42,/home/crc00006699/zh/tabiclv2/results/tabiclv2_prior_data/graph_scm_3stage_512_seed42/stage1_graph_scm_0004_seed42,multiclass,458,0,566,36,5,0.2756183745583039,0.1867350819660866,0.2538804474836246,0.5893744731493455,1.5682545958310123,10.3049213886261,0.4350829124450683,ok,,458,458,0,566,,30,1e-05,True,10.304569244384766,tabpfn_finetune_epoch_chunks_f_mmd,internal validation_split_ratio=0.1 | c_selection=f_mmd | c_source=test | c_metric=standardized_l2 | c_reserve_ratio=0.2908641795,30,1,tabpfn_finetuning_api_f_mmd,acc,0.3111111111111111,0.3333333333333333,,,3,True,False,,f_mmd,test,standardized_l2,0.2908641795,2.563678071015876,5.304519144061705,,True
stage1_graph_scm_0005_seed42,/home/crc00006699/zh/tabiclv2/results/tabiclv2_prior_data/graph_scm_3stage_512_seed42/stage1_graph_scm_0005_seed42,multiclass,458,0,566,36,5,0.9982332155477032,0.9982320954589424,0.9980582524271846,1.0,0.0049980325785483,7.466089010238647,0.4367728233337402,ok,,458,458,0,566,,30,1e-05,True,7.465681314468384,tabpfn_finetune_epoch_chunks_f_mmd,internal validation_split_ratio=0.1 | c_selection=f_mmd | c_source=test | c_metric=standardized_l2 | c_reserve_ratio=0.2908641795,30,1,tabpfn_finetuning_api_f_mmd,acc,1.0,1.0,,,0,True,False,,f_mmd,test,standardized_l2,0.2908641795,2.761767290424569,1.26324130128258,,True
stage1_graph_scm_0006_seed42,/home/crc00006699/zh/tabiclv2/results/tabiclv2_prior_data/graph_scm_3stage_512_seed42/stage1_graph_scm_0006_seed42,multiclass,458,0,566,35,6,0.6890459363957597,0.6873087069359464,0.6828088232142222,0.9390836691389798,0.7850224282051419,8.136781215667725,0.4499802589416504,ok,,458,458,0,566,,30,1e-05,True,8.136423110961914,tabpfn_finetune_epoch_chunks_f_mmd,internal validation_split_ratio=0.1 | c_selection=f_mmd | c_source=test | c_metric=standardized_l2 | c_reserve_ratio=0.2908641795,30,1,tabpfn_finetuning_api_f_mmd,acc,0.6444444444444445,0.6444444444444445,,,0,True,False,,f_mmd,test,standardized_l2,0.2908641795,2.0329957130193765,1.3179685146608484,,True
stage1_graph_scm_0007_seed42,/home/crc00006699/zh/tabiclv2/results/tabiclv2_prior_data/graph_scm_3stage_512_seed42/stage1_graph_scm_0007_seed42,binclass,458,0,566,30,2,1.0,1.0,1.0,1.0,8.636692324621184e-05,7.956130027770996,0.4828460216522217,ok,,458,458,0,566,,30,1e-05,True,7.9557764530181885,tabpfn_finetune_epoch_chunks_f_mmd,internal validation_split_ratio=0.1 | c_selection=f_mmd | c_source=test | c_metric=standardized_l2 | c_reserve_ratio=0.2908641795,30,1,tabpfn_finetuning_api_f_mmd,acc,1.0,1.0,,,0,True,False,,f_mmd,test,standardized_l2,0.2908641795,1.6992319665846023,0.6981833069341996,,True
stage1_graph_scm_0008_seed42,/home/crc00006699/zh/tabiclv2/results/tabiclv2_prior_data/graph_scm_3stage_512_seed42/stage1_graph_scm_0008_seed42,multiclass,769,0,255,68,4,0.7647058823529411,0.7622625361599583,0.764785536524667,0.9393856669696964,0.6054969012575835,9.504599571228027,0.4914660453796386,ok,,769,769,0,255,,30,1e-05,True,9.504252910614014,tabpfn_finetune_epoch_chunks_f_mmd,internal validation_split_ratio=0.1 | c_selection=f_mmd | c_source=test | c_metric=standardized_l2 | c_reserve_ratio=0.2908641795,30,1,tabpfn_finetuning_api_f_mmd,acc,0.8026315789473685,0.8026315789473685,,,0,True,False,,f_mmd,test,standardized_l2,0.2908641795,1.4333275197123558,0.0724090518678527,,True
stage1_graph_scm_0009_seed42,/home/crc00006699/zh/tabiclv2/results/tabiclv2_prior_data/graph_scm_3stage_512_seed42/stage1_graph_scm_0009_seed42,binclass,769,0,255,66,2,1.0,1.0,1.0,1.0,1.3014232973708036e-05,8.852365255355835,0.4508767127990722,ok,,769,769,0,255,,30,1e-05,True,8.851985454559326,tabpfn_finetune_epoch_chunks_f_mmd,internal validation_split_ratio=0.1 | c_selection=f_mmd | c_source=test | c_metric=standardized_l2 | c_reserve_ratio=0.2908641795,30,1,tabpfn_finetuning_api_f_mmd,acc,1.0,1.0,,,0,True,False,,f_mmd,test,standardized_l2,0.2908641795,1.906426340138616,0.4734724869942565,,True
stage1_graph_scm_0010_seed42,/home/crc00006699/zh/tabiclv2/results/tabiclv2_prior_data/graph_scm_3stage_512_seed42/stage1_graph_scm_0010_seed42,multiclass,769,0,255,68,4,0.4196078431372549,0.372293498529979,0.3561507936507936,0.6541321653025813,1.3010843528900018,10.558156728744509,0.456834077835083,ok,,769,769,0,255,,30,1e-05,True,10.557806015014648,tabpfn_finetune_epoch_chunks_f_mmd,internal validation_split_ratio=0.1 | c_selection=f_mmd | c_source=test | c_metric=standardized_l2 | c_reserve_ratio=0.2908641795,30,1,tabpfn_finetuning_api_f_mmd,acc,0.5,0.5131578947368421,,,2,True,False,,f_mmd,test,standardized_l2,0.2908641795,2.008022315705143,0.5478612796480009,,True
stage1_graph_scm_0011_seed42,/home/crc00006699/zh/tabiclv2/results/tabiclv2_prior_data/graph_scm_3stage_512_seed42/stage1_graph_scm_0011_seed42,binclass,769,0,255,58,2,1.0,1.0,1.0,1.0,1.351820992975223e-05,9.18656325340271,0.4708399772644043,ok,,769,769,0,255,,30,1e-05,True,9.186209201812744,tabpfn_finetune_epoch_chunks_f_mmd,internal validation_split_ratio=0.1 | c_selection=f_mmd | c_source=test | c_metric=standardized_l2 | c_reserve_ratio=0.2908641795,30,1,tabpfn_finetuning_api_f_mmd,acc,1.0,1.0,,,0,True,False,,f_mmd,test,standardized_l2,0.2908641795,1.954024833613244,0.2136185728507833,,True
stage1_graph_scm_0012_seed42,/home/crc00006699/zh/tabiclv2/results/tabiclv2_prior_data/graph_scm_3stage_512_seed42/stage1_graph_scm_0012_seed42,multiclass,402,0,622,50,4,0.5418006430868167,0.4078321703181792,0.4984135871593878,0.8005006139911908,0.8186197211411667,15.117647409439089,0.5020766258239746,ok,,402,402,0,622,,30,1e-05,True,15.117215156555176,tabpfn_finetune_epoch_chunks_f_mmd,internal validation_split_ratio=0.1 | c_selection=f_mmd | c_source=test | c_metric=standardized_l2 | c_reserve_ratio=0.2908641795,30,1,tabpfn_finetuning_api_f_mmd,acc,0.55,0.575,,,6,True,False,,f_mmd,test,standardized_l2,0.2908641795,1.4652420077654762,0.0321298014357365,,True
stage1_graph_scm_0013_seed42,/home/crc00006699/zh/tabiclv2/results/tabiclv2_prior_data/graph_scm_3stage_512_seed42/stage1_graph_scm_0013_seed42,multiclass,402,0,622,56,3,0.9180064308681672,0.9179798081180416,0.9252953843436106,0.9902605468032614,0.1741712380870008,15.17759370803833,0.4655690193176269,ok,,402,402,0,622,,30,1e-05,True,15.176466464996338,tabpfn_finetune_epoch_chunks_f_mmd,internal validation_split_ratio=0.1 | c_selection=f_mmd | c_source=test | c_metric=standardized_l2 | c_reserve_ratio=0.2908641795,30,1,tabpfn_finetuning_api_f_mmd,acc,0.875,0.9,,,8,True,False,,f_mmd,test,standardized_l2,0.2908641795,2.355633305316549,2.6956489103703563,,True
stage1_graph_scm_0014_seed42,/home/crc00006699/zh/tabiclv2/results/tabiclv2_prior_data/graph_scm_3stage_512_seed42/stage1_graph_scm_0014_seed42,binclass,402,0,622,56,2,0.7668810289389068,0.7555231663310302,0.7125681271933288,0.7801198361562157,0.5225161871255856,11.823208808898926,0.4817049503326416,ok,,402,402,0,622,,30,1e-05,True,11.822861671447754,tabpfn_finetune_epoch_chunks_f_mmd,internal validation_split_ratio=0.1 | c_selection=f_mmd | c_source=test | c_metric=standardized_l2 | c_reserve_ratio=0.2908641795,30,1,tabpfn_finetuning_api_f_mmd,acc,0.7,0.775,,,3,True,False,,f_mmd,test,standardized_l2,0.2908641795,1.760243416290328,1.2720725563964157,,True
stage1_graph_scm_0015_seed42,/home/crc00006699/zh/tabiclv2/results/tabiclv2_prior_data/graph_scm_3stage_512_seed42/stage1_graph_scm_0015_seed42,multiclass,402,0,622,56,6,0.990353697749196,0.990409003829946,0.9950912976323976,0.9998398096489016,0.0293731778911972,7.867383480072021,0.4726097583770752,ok,,402,402,0,622,,30,1e-05,True,7.866952419281006,tabpfn_finetune_epoch_chunks_f_mmd,internal validation_split_ratio=0.1 | c_selection=f_mmd | c_source=test | c_metric=standardized_l2 | c_reserve_ratio=0.2908641795,30,1,tabpfn_finetuning_api_f_mmd,acc,0.975,0.975,,,0,True,False,,f_mmd,test,standardized_l2,0.2908641795,3.447381499008753,6.129361607625588,,True
stage1_graph_scm_0016_seed42,/home/crc00006699/zh/tabiclv2/results/tabiclv2_prior_data/graph_scm_3stage_512_seed42/stage1_graph_scm_0016_seed42,multiclass,456,0,568,58,5,0.9612676056338028,0.960973719708988,0.9279881561568456,0.9959993100473066,0.1275292408784635,8.942582607269287,0.4795882701873779,ok,,456,456,0,568,,30,1e-05,True,8.942231178283691,tabpfn_finetune_epoch_chunks_f_mmd,internal validation_split_ratio=0.1 | c_selection=f_mmd | c_source=test | c_metric=standardized_l2 | c_reserve_ratio=0.2908641795,30,1,tabpfn_finetuning_api_f_mmd,acc,1.0,1.0,,,0,True,False,,f_mmd,test,standardized_l2,0.2908641795,2.15637149657914,1.1234386430797556,,True
stage1_graph_scm_0017_seed42,/home/crc00006699/zh/tabiclv2/results/tabiclv2_prior_data/graph_scm_3stage_512_seed42/stage1_graph_scm_0017_seed42,multiclass,456,0,568,65,3,0.9190140845070424,0.9181171390997344,0.8365750528541226,0.9815281761360262,0.1970749947700814,8.122375726699829,0.4639015197753906,ok,,456,456,0,568,,30,1e-05,True,8.121961832046509,tabpfn_finetune_epoch_chunks_f_mmd,internal validation_split_ratio=0.1 | c_selection=f_mmd | c_source=test | c_metric=standardized_l2 | c_reserve_ratio=0.2908641795,30,1,tabpfn_finetuning_api_f_mmd,acc,0.9333333333333332,0.9333333333333332,,,0,True,False,,f_mmd,test,standardized_l2,0.2908641795,1.6035809748143162,0.1355329093079633,,True
stage1_graph_scm_0018_seed42,/home/crc00006699/zh/tabiclv2/results/tabiclv2_prior_data/graph_scm_3stage_512_seed42/stage1_graph_scm_0018_seed42,multiclass,456,0,568,45,6,1.0,1.0,1.0,1.0,0.0099541241942806,7.4525980949401855,0.436091661453247,ok,,456,456,0,568,,30,1e-05,True,7.452181816101074,tabpfn_finetune_epoch_chunks_f_mmd,internal validation_split_ratio=0.1 | c_selection=f_mmd | c_source=test | c_metric=standardized_l2 | c_reserve_ratio=0.2908641795,30,1,tabpfn_finetuning_api_f_mmd,acc,1.0,1.0,,,0,True,False,,f_mmd,test,standardized_l2,0.2908641795,2.6838785050206178,1.582321200057703,,True
stage1_graph_scm_0019_seed42,/home/crc00006699/zh/tabiclv2/results/tabiclv2_prior_data/graph_scm_3stage_512_seed42/stage1_graph_scm_0019_seed42,multiclass,456,0,568,52,9,0.2852112676056338,0.2064303264486382,0.1926373710446402,0.7012247603885836,1.8998635604443623,10.722705364227297,0.4854528903961181,ok,,456,456,0,568,,30,1e-05,True,10.722323417663574,tabpfn_finetune_epoch_chunks_f_mmd,internal validation_split_ratio=0.1 | c_selection=f_mmd | c_source=test | c_metric=standardized_l2 | c_reserve_ratio=0.2908641795,30,1,tabpfn_finetuning_api_f_mmd,acc,0.2666666666666666,0.2888888888888888,,,2,True,False,,f_mmd,test,standardized_l2,0.2908641795,1.6882881091255404,1.0393325727748772,,True
stage1_graph_scm_0020_seed42,/home/crc00006699/zh/tabiclv2/results/tabiclv2_prior_data/graph_scm_3stage_512_seed42/stage1_graph_scm_0020_seed42,multiclass,674,0,350,18,6,0.5657142857142857,0.4939739301425125,0.2832167832167832,0.6955644340607327,1.1244486501568214,7.40425968170166,0.4316678047180176,ok,,674,674,0,350,,30,1e-05,True,7.403812885284424,tabpfn_finetune_epoch_chunks_f_mmd,internal validation_split_ratio=0.1 | c_selection=f_mmd | c_source=test | c_metric=standardized_l2 | c_reserve_ratio=0.2908641795,30,1,tabpfn_finetuning_api_f_mmd,acc,0.5223880597014925,0.5223880597014925,,,0,True,False,,f_mmd,test,standardized_l2,0.2908641795,3.4423785925985766,5.626115332921255,,True
stage1_graph_scm_0021_seed42,/home/crc00006699/zh/tabiclv2/results/tabiclv2_prior_data/graph_scm_3stage_512_seed42/stage1_graph_scm_0021_seed42,multiclass,674,0,350,18,8,0.9628571428571427,0.962257185661297,0.933120512617464,0.9986897508140108,0.1301387470222594,13.903359413146973,0.4243357181549072,ok,,674,674,0,350,,30,1e-05,True,13.903013229370115,tabpfn_finetune_epoch_chunks_f_mmd,internal validation_split_ratio=0.1 | c_selection=f_mmd | c_source=test | c_metric=standardized_l2 | c_reserve_ratio=0.2908641795,30,1,tabpfn_finetuning_api_f_mmd,acc,0.9552238805970148,0.9850746268656716,,,8,True,False,,f_mmd,test,standardized_l2,0.2908641795,1.9940160233105408,0.4865405178404772,,True
stage1_graph_scm_0022_seed42,/home/crc00006699/zh/tabiclv2/results/tabiclv2_prior_data/graph_scm_3stage_512_seed42/stage1_graph_scm_0022_seed42,multiclass,674,0,350,18,3,0.7828571428571428,0.7620696340542331,0.6500915259369365,0.910680250991981,0.4929451115153734,14.082035779953005,0.4725294113159179,ok,,674,674,0,350,,30,1e-05,True,14.081688165664673,tabpfn_finetune_epoch_chunks_f_mmd,internal validation_split_ratio=0.1 | c_selection=f_mmd | c_source=test | c_metric=standardized_l2 | c_reserve_ratio=0.2908641795,30,1,tabpfn_finetuning_api_f_mmd,acc,0.835820895522388,0.8507462686567164,,,8,True,False,,f_mmd,test,standardized_l2,0.2908641795,2.063514671052097,0.6613430263466079,,True
stage1_graph_scm_0023_seed42,/home/crc00006699/zh/tabiclv2/results/tabiclv2_prior_data/graph_scm_3stage_512_seed42/stage1_graph_scm_0023_seed42,multiclass,674,0,350,15,8,0.9228571428571428,0.9113072320972828,0.8996679316888045,0.9885672616132676,0.1611702159486346,16.705008029937744,0.4411301612854004,ok,,674,674,0,350,,30,1e-05,True,16.704658269882202,tabpfn_finetune_epoch_chunks_f_mmd,internal validation_split_ratio=0.1 | c_selection=f_mmd | c_source=test | c_metric=standardized_l2 | c_reserve_ratio=0.2908641795,30,1,tabpfn_finetuning_api_f_mmd,acc,0.8507462686567164,0.8805970149253731,,,10,True,False,,f_mmd,test,standardized_l2,0.2908641795,2.387978159408507,2.418442064281218,,True
stage1_graph_scm_0024_seed42,/home/crc00006699/zh/tabiclv2/results/tabiclv2_prior_data/graph_scm_3stage_512_seed42/stage1_graph_scm_0024_seed42,multiclass,740,0,284,66,3,0.9014084507042254,0.8914209869333919,0.5248049052396878,0.9416241816959012,0.2515725200541102,8.90665864944458,0.4710395336151123,ok,,740,740,0,284,,30,1e-05,True,8.90625262260437,tabpfn_finetune_epoch_chunks_f_mmd,internal validation_split_ratio=0.1 | c_selection=f_mmd | c_source=test | c_metric=standardized_l2 | c_reserve_ratio=0.2908641795,30,1,tabpfn_finetuning_api_f_mmd,acc,0.9594594594594594,0.9594594594594594,,,0,True,False,,f_mmd,test,standardized_l2,0.2908641795,2.0394256511163875,0.8940732367977601,,True
stage1_graph_scm_0025_seed42,/home/crc00006699/zh/tabiclv2/results/tabiclv2_prior_data/graph_scm_3stage_512_seed42/stage1_graph_scm_0025_seed42,multiclass,740,0,284,72,8,0.4330985915492957,0.3501649549525065,0.2267215780542986,0.7321574780634705,1.4674182149787054,13.429340600967407,0.4748339653015136,ok,,740,740,0,284,,30,1e-05,True,13.428988933563232,tabpfn_finetune_epoch_chunks_f_mmd,internal validation_split_ratio=0.1 | c_selection=f_mmd | c_source=test | c_metric=standardized_l2 | c_reserve_ratio=0.2908641795,30,1,tabpfn_finetuning_api_f_mmd,acc,0.4324324324324324,0.4459459459459459,,,5,True,False,,f_mmd,test,standardized_l2,0.2908641795,2.4154867684523955,1.2046736927529342,,True
stage1_graph_scm_0026_seed42,/home/crc00006699/zh/tabiclv2/results/tabiclv2_prior_data/graph_scm_3stage_512_seed42/stage1_graph_scm_0026_seed42,multiclass,740,0,284,73,10,0.9330985915492958,0.9318744037512156,0.8565277777777778,0.98625613779171,0.2539653935146182,20.124648332595825,0.4800231456756592,ok,,740,740,0,284,,30,1e-05,True,20.12429618835449,tabpfn_finetune_epoch_chunks_f_mmd,internal validation_split_ratio=0.1 | c_selection=f_mmd | c_source=test | c_metric=standardized_l2 | c_reserve_ratio=0.2908641795,30,1,tabpfn_finetuning_api_f_mmd,acc,0.918918918918919,0.9594594594594594,,,10,True,False,,f_mmd,test,standardized_l2,0.2908641795,1.8996650401408928,0.6183965602796353,,True
stage1_graph_scm_0027_seed42,/home/crc00006699/zh/tabiclv2/results/tabiclv2_prior_data/graph_scm_3stage_512_seed42/stage1_graph_scm_0027_seed42,multiclass,740,0,284,79,9,0.3309859154929577,0.2715261879477665,0.2560463444624321,0.7510492450779482,1.7421876524186186,20.638691425323486,0.456157922744751,ok,,740,740,0,284,,30,1e-05,True,20.638340711593628,tabpfn_finetune_epoch_chunks_f_mmd,internal validation_split_ratio=0.1 | c_selection=f_mmd | c_source=test | c_metric=standardized_l2 | c_reserve_ratio=0.2908641795,30,1,tabpfn_finetuning_api_f_mmd,acc,0.3513513513513513,0.4054054054054054,,,12,True,False,,f_mmd,test,standardized_l2,0.2908641795,1.650361355089078,0.2514197551488664,,True
stage1_graph_scm_0028_seed42,/home/crc00006699/zh/tabiclv2/results/tabiclv2_prior_data/graph_scm_3stage_512_seed42/stage1_graph_scm_0028_seed42,multiclass,438,0,586,8,8,0.310580204778157,0.2523065994718823,0.258484432916056,0.6846189970672102,1.87152221091782,11.729950666427612,0.4526042938232422,ok,,438,438,0,586,,30,1e-05,True,11.729596376419067,tabpfn_finetune_epoch_chunks_f_mmd,internal validation_split_ratio=0.1 | c_selection=f_mmd | c_source=test | c_metric=standardized_l2 | c_reserve_ratio=0.2908641795,30,1,tabpfn_finetuning_api_f_mmd,acc,0.2558139534883721,0.2790697674418604,,,5,True,False,,f_mmd,test,standardized_l2,0.2908641795,2.067748582948071,0.8236571102939998,,True
stage1_graph_scm_0029_seed42,/home/crc00006699/zh/tabiclv2/results/tabiclv2_prior_data/graph_scm_3stage_512_seed42/stage1_graph_scm_0029_seed42,multiclass,438,0,586,9,5,0.4948805460750853,0.4599433590743403,0.4545130366566867,0.7635540238988167,1.196852466518183,9.975876331329346,0.4261810779571533,ok,,438,438,0,586,,30,1e-05,True,9.975396156311035,tabpfn_finetune_epoch_chunks_f_mmd,internal validation_split_ratio=0.1 | c_selection=f_mmd | c_source=test | c_metric=standardized_l2 | c_reserve_ratio=0.2908641795,30,1,tabpfn_finetuning_api_f_mmd,acc,0.3720930232558139,0.4651162790697674,,,3,True,False,,f_mmd,test,standardized_l2,0.2908641795,2.6996677103600817,1.0094210594031534,,True
stage1_graph_scm_0030_seed42,/home/crc00006699/zh/tabiclv2/results/tabiclv2_prior_data/graph_scm_3stage_512_seed42/stage1_graph_scm_0030_seed42,binclass,438,0,586,5,2,1.0,1.0,1.0,1.0,2.091084316822801e-05,7.354052543640137,0.4268355369567871,ok,,438,438,0,586,,30,1e-05,True,7.35370135307312,tabpfn_finetune_epoch_chunks_f_mmd,internal validation_split_ratio=0.1 | c_selection=f_mmd | c_source=test | c_metric=standardized_l2 | c_reserve_ratio=0.2908641795,30,1,tabpfn_finetuning_api_f_mmd,acc,1.0,1.0,,,0,True,False,,f_mmd,test,standardized_l2,0.2908641795,1.6114678441400596,0.1317458496398883,,True
stage1_graph_scm_0031_seed42,/home/crc00006699/zh/tabiclv2/results/tabiclv2_prior_data/graph_scm_3stage_512_seed42/stage1_graph_scm_0031_seed42,multiclass,438,0,586,9,9,0.9965870307167236,0.9965570923896772,0.9943019943019944,0.9999958423502362,0.0126767068784227,7.35469651222229,0.4228997230529785,ok,,438,438,0,586,,30,1e-05,True,7.354328870773315,tabpfn_finetune_epoch_chunks_f_mmd,internal validation_split_ratio=0.1 | c_selection=f_mmd | c_source=test | c_metric=standardized_l2 | c_reserve_ratio=0.2908641795,30,1,tabpfn_finetuning_api_f_mmd,acc,0.9767441860465116,0.9767441860465116,,,0,True,False,,f_mmd,test,standardized_l2,0.2908641795,2.967409899688542,2.130118761099586,,True
stage1_graph_scm_0032_seed42,/home/crc00006699/zh/tabiclv2/results/tabiclv2_prior_data/graph_scm_3stage_512_seed42/stage1_graph_scm_0032_seed42,multiclass,904,0,120,14,4,0.775,0.7662277183052377,0.7028879793825447,0.9346540816661246,0.5292438179572951,7.699461221694946,0.4339218139648437,ok,,904,904,0,120,,30,1e-05,True,7.699111461639404,tabpfn_finetune_epoch_chunks_f_mmd,internal validation_split_ratio=0.1 | c_selection=f_mmd | c_source=test | c_metric=standardized_l2 | c_reserve_ratio=0.2908641795,30,1,tabpfn_finetuning_api_f_mmd,acc,0.8,0.8,,,0,True,False,,f_mmd,test,standardized_l2,0.2908641795,1.6462717587632882,0.3812724990191164,,True
stage1_graph_scm_0033_seed42,/home/crc00006699/zh/tabiclv2/results/tabiclv2_prior_data/graph_scm_3stage_512_seed42/stage1_graph_scm_0033_seed42,multiclass,904,0,120,14,3,1.0,1.0,1.0,1.0,4.616243379764472e-05,7.516077518463135,0.432037353515625,ok,,904,904,0,120,,30,1e-05,True,7.515665769577026,tabpfn_finetune_epoch_chunks_f_mmd,internal validation_split_ratio=0.1 | c_selection=f_mmd | c_source=test | c_metric=standardized_l2 | c_reserve_ratio=0.2908641795,30,1,tabpfn_finetuning_api_f_mmd,acc,0.9888888888888888,0.9888888888888888,,,0,True,False,,f_mmd,test,standardized_l2,0.2908641795,1.98089498057842,0.5284932881101894,,True
stage1_graph_scm_0034_seed42,/home/crc00006699/zh/tabiclv2/results/tabiclv2_prior_data/graph_scm_3stage_512_seed42/stage1_graph_scm_0034_seed42,multiclass,904,0,120,14,4,1.0,1.0,1.0,1.0,3.897226298466538e-05,7.409134387969971,0.4192423820495605,ok,,904,904,0,120,,30,1e-05,True,7.408718109130859,tabpfn_finetune_epoch_chunks_f_mmd,internal validation_split_ratio=0.1 | c_selection=f_mmd | c_source=test | c_metric=standardized_l2 | c_reserve_ratio=0.2908641795,30,1,tabpfn_finetuning_api_f_mmd,acc,1.0,1.0,,,0,True,False,,f_mmd,test,standardized_l2,0.2908641795,2.367874674988024,2.1563525332209585,,True
stage1_graph_scm_0035_seed42,/home/crc00006699/zh/tabiclv2/results/tabiclv2_prior_data/graph_scm_3stage_512_seed42/stage1_graph_scm_0035_seed42,binclass,904,0,120,14,2,0.975,0.974991304347826,0.974694104560623,0.9952725250278088,0.0931254875452566,7.44351601600647,0.4235477447509765,ok,,904,904,0,120,,30,1e-05,True,7.443170309066772,tabpfn_finetune_epoch_chunks_f_mmd,internal validation_split_ratio=0.1 | c_selection=f_mmd | c_source=test | c_metric=standardized_l2 | c_reserve_ratio=0.2908641795,30,1,tabpfn_finetuning_api_f_mmd,acc,0.9888888888888888,0.9888888888888888,,,0,True,False,,f_mmd,test,standardized_l2,0.2908641795,2.4560843616528465,0.757352889635731,,True
stage1_graph_scm_0036_seed42,/home/crc00006699/zh/tabiclv2/results/tabiclv2_prior_data/graph_scm_3stage_512_seed42/stage1_graph_scm_0036_seed42,binclass,444,0,580,15,2,0.9017241379310345,0.9002182928059914,0.8732466643859049,0.9608484433800888,0.2302920810652409,10.283876419067385,0.4838075637817383,ok,,444,444,0,580,,30,1e-05,True,10.283530712127686,tabpfn_finetune_epoch_chunks_f_mmd,internal validation_split_ratio=0.1 | c_selection=f_mmd | c_source=test | c_metric=standardized_l2 | c_reserve_ratio=0.2908641795,30,1,tabpfn_finetuning_api_f_mmd,acc,0.9090909090909092,0.9318181818181818,,,3,True,False,,f_mmd,test,standardized_l2,0.2908641795,1.7896991975077186,0.4732241734711406,,True
stage1_graph_scm_0037_seed42,/home/crc00006699/zh/tabiclv2/results/tabiclv2_prior_data/graph_scm_3stage_512_seed42/stage1_graph_scm_0037_seed42,multiclass,444,0,580,15,10,1.0,1.0,1.0,1.0,0.0057079126814817,7.638546228408813,0.4402651786804199,ok,,444,444,0,580,,30,1e-05,True,7.638099670410156,tabpfn_finetune_epoch_chunks_f_mmd,internal validation_split_ratio=0.1 | c_selection=f_mmd | c_source=test | c_metric=standardized_l2 | c_reserve_ratio=0.2908641795,30,1,tabpfn_finetuning_api_f_mmd,acc,1.0,1.0,,,0,True,False,,f_mmd,test,standardized_l2,0.2908641795,1.9915154549642968,0.4584992016074186,,True
stage1_graph_scm_0038_seed42,/home/crc00006699/zh/tabiclv2/results/tabiclv2_prior_data/graph_scm_3stage_512_seed42/stage1_graph_scm_0038_seed42,multiclass,444,0,580,15,4,0.9982758620689656,0.998283020175635,0.9985380116959064,0.9996881510870989,0.019438908200059,7.564529180526733,0.4487447738647461,ok,,444,444,0,580,,30,1e-05,True,7.564167737960815,tabpfn_finetune_epoch_chunks_f_mmd,internal validation_split_ratio=0.1 | c_selection=f_mmd | c_source=test | c_metric=standardized_l2 | c_reserve_ratio=0.2908641795,30,1,tabpfn_finetuning_api_f_mmd,acc,1.0,1.0,,,0,True,False,,f_mmd,test,standardized_l2,0.2908641795,2.089971758063036,1.3052856753625746,,True
stage1_graph_scm_0039_seed42,/home/crc00006699/zh/tabiclv2/results/tabiclv2_prior_data/graph_scm_3stage_512_seed42/stage1_graph_scm_0039_seed42,multiclass,444,0,580,15,3,1.0,1.0,1.0,1.0,2.598796280625047e-05,7.825211524963379,0.435791015625,ok,,444,444,0,580,,30,1e-05,True,7.824856519699097,tabpfn_finetune_epoch_chunks_f_mmd,internal validation_split_ratio=0.1 | c_selection=f_mmd | c_source=test | c_metric=standardized_l2 | c_reserve_ratio=0.2908641795,30,1,tabpfn_finetuning_api_f_mmd,acc,1.0,1.0,,,0,True,False,,f_mmd,test,standardized_l2,0.2908641795,2.569443201995117,1.0893046093147578,,True
stage1_graph_scm_0040_seed42,/home/crc00006699/zh/tabiclv2/results/tabiclv2_prior_data/graph_scm_3stage_512_seed42/stage1_graph_scm_0040_seed42,multiclass,349,0,675,22,4,1.0,1.0,1.0,1.0,3.946055668590324e-05,7.463652610778809,0.4374401569366455,ok,,349,349,0,675,,30,1e-05,True,7.46330451965332,tabpfn_finetune_epoch_chunks_f_mmd,internal validation_split_ratio=0.1 | c_selection=f_mmd | c_source=test | c_metric=standardized_l2 | c_reserve_ratio=0.2908641795,30,1,tabpfn_finetuning_api_f_mmd,acc,1.0,1.0,,,0,True,False,,f_mmd,test,standardized_l2,0.2908641795,2.689328119714059,1.5369779744361902,,True
stage1_graph_scm_0041_seed42,/home/crc00006699/zh/tabiclv2/results/tabiclv2_prior_data/graph_scm_3stage_512_seed42/stage1_graph_scm_0041_seed42,multiclass,349,0,675,21,7,1.0,1.0,1.0,1.0,0.0001732616541009,7.551890850067139,0.4310665130615234,ok,,349,349,0,675,,30,1e-05,True,7.551469564437866,tabpfn_finetune_epoch_chunks_f_mmd,internal validation_split_ratio=0.1 | c_selection=f_mmd | c_source=test | c_metric=standardized_l2 | c_reserve_ratio=0.2908641795,30,1,tabpfn_finetuning_api_f_mmd,acc,1.0,1.0,,,0,True,False,,f_mmd,test,standardized_l2,0.2908641795,1.944662346923431,0.8038532587066302,,True
stage1_graph_scm_0042_seed42,/home/crc00006699/zh/tabiclv2/results/tabiclv2_prior_data/graph_scm_3stage_512_seed42/stage1_graph_scm_0042_seed42,multiclass,349,0,675,22,6,1.0,1.0,1.0,1.0,6.49529817502471e-05,7.579199314117432,0.435237169265747,ok,,349,349,0,675,,30,1e-05,True,7.578848123550415,tabpfn_finetune_epoch_chunks_f_mmd,internal validation_split_ratio=0.1 | c_selection=f_mmd | c_source=test | c_metric=standardized_l2 | c_reserve_ratio=0.2908641795,30,1,tabpfn_finetuning_api_f_mmd,acc,1.0,1.0,,,0,True,False,,f_mmd,test,standardized_l2,0.2908641795,2.3183589475597524,1.2897221308297326,,True
stage1_graph_scm_0043_seed42,/home/crc00006699/zh/tabiclv2/results/tabiclv2_prior_data/graph_scm_3stage_512_seed42/stage1_graph_scm_0043_seed42,multiclass,349,0,675,22,3,0.9511111111111112,0.949364312146328,0.8587792144083535,0.9954469980549931,0.0986323866864024,9.215010404586792,0.4330487251281738,ok,,349,349,0,675,,30,1e-05,True,9.214608669281006,tabpfn_finetune_epoch_chunks_f_mmd,internal validation_split_ratio=0.1 | c_selection=f_mmd | c_source=test | c_metric=standardized_l2 | c_reserve_ratio=0.2908641795,30,1,tabpfn_finetuning_api_f_mmd,acc,0.9411764705882352,0.9705882352941176,,,2,True,False,,f_mmd,test,standardized_l2,0.2908641795,1.9697603777682724,0.7025841982653277,,True
stage1_graph_scm_0044_seed42,/home/crc00006699/zh/tabiclv2/results/tabiclv2_prior_data/graph_scm_3stage_512_seed42/stage1_graph_scm_0044_seed42,multiclass,776,0,248,94,4,1.0,1.0,1.0,1.0,0.0001226049108496,10.127766609191896,0.5252461433410645,ok,,776,776,0,248,,30,1e-05,True,10.127361059188845,tabpfn_finetune_epoch_chunks_f_mmd,internal validation_split_ratio=0.1 | c_selection=f_mmd | c_source=test | c_metric=standardized_l2 | c_reserve_ratio=0.2908641795,30,1,tabpfn_finetuning_api_f_mmd,acc,1.0,1.0,,,0,True,False,,f_mmd,test,standardized_l2,0.2908641795,1.5476082143147534,0.1702867251253443,,True
stage1_graph_scm_0045_seed42,/home/crc00006699/zh/tabiclv2/results/tabiclv2_prior_data/graph_scm_3stage_512_seed42/stage1_graph_scm_0045_seed42,multiclass,776,0,248,95,4,0.9919354838709676,0.9916966329856508,0.9375,0.9944568169943664,0.0694637977892054,12.7682843208313,0.518258810043335,ok,,776,776,0,248,,30,1e-05,True,12.767938375473022,tabpfn_finetune_epoch_chunks_f_mmd,internal validation_split_ratio=0.1 | c_selection=f_mmd | c_source=test | c_metric=standardized_l2 | c_reserve_ratio=0.2908641795,30,1,tabpfn_finetuning_api_f_mmd,acc,0.987012987012987,1.0,,,2,True,False,,f_mmd,test,standardized_l2,0.2908641795,1.8454449866053504,0.3837668203895018,,True
stage1_graph_scm_0046_seed42,/home/crc00006699/zh/tabiclv2/results/tabiclv2_prior_data/graph_scm_3stage_512_seed42/stage1_graph_scm_0046_seed42,multiclass,776,0,248,87,4,1.0,1.0,1.0,1.0,0.0029554948905434,10.157657861709597,0.5168149471282959,ok,,776,776,0,248,,30,1e-05,True,10.157174348831177,tabpfn_finetune_epoch_chunks_f_mmd,internal validation_split_ratio=0.1 | c_selection=f_mmd | c_source=test | c_metric=standardized_l2 | c_reserve_ratio=0.2908641795,30,1,tabpfn_finetuning_api_f_mmd,acc,1.0,1.0,,,0,True,False,,f_mmd,test,standardized_l2,0.2908641795,1.9753610565089168,1.4801100895053505,,True
stage1_graph_scm_0047_seed42,/home/crc00006699/zh/tabiclv2/results/tabiclv2_prior_data/graph_scm_3stage_512_seed42/stage1_graph_scm_0047_seed42,multiclass,776,0,248,96,3,0.6008064516129032,0.5141312113742722,0.5267216415374707,0.814201533376719,0.7124457737887749,10.65318250656128,0.4726529121398926,ok,,776,776,0,248,,30,1e-05,True,10.652745962142944,tabpfn_finetune_epoch_chunks_f_mmd,internal validation_split_ratio=0.1 | c_selection=f_mmd | c_source=test | c_metric=standardized_l2 | c_reserve_ratio=0.2908641795,30,1,tabpfn_finetuning_api_f_mmd,acc,0.5584415584415584,0.5714285714285714,,,2,True,False,,f_mmd,test,standardized_l2,0.2908641795,1.7736806630024244,0.2503042392535953,,True
stage1_graph_scm_0048_seed42,/home/crc00006699/zh/tabiclv2/results/tabiclv2_prior_data/graph_scm_3stage_512_seed42/stage1_graph_scm_0048_seed42,binclass,467,0,557,16,2,1.0,1.0,1.0,1.0,1.426557654249334e-05,7.50188946723938,0.4282259941101074,ok,,467,467,0,557,,30,1e-05,True,7.50147008895874,tabpfn_finetune_epoch_chunks_f_mmd,internal validation_split_ratio=0.1 | c_selection=f_mmd | c_source=test | c_metric=standardized_l2 | c_reserve_ratio=0.2908641795,30,1,tabpfn_finetuning_api_f_mmd,acc,1.0,1.0,,,0,True,False,,f_mmd,test,standardized_l2,0.2908641795,1.689120976699362,0.3095167124714418,,True
stage1_graph_scm_0049_seed42,/home/crc00006699/zh/tabiclv2/results/tabiclv2_prior_data/graph_scm_3stage_512_seed42/stage1_graph_scm_0049_seed42,multiclass,467,0,557,17,7,0.7073608617594255,0.6791125533199873,0.3149522251608816,0.8125067235014338,0.8482937103675022,7.421576261520386,0.427372932434082,ok,,467,467,0,557,,30,1e-05,True,7.421157598495483,tabpfn_finetune_epoch_chunks_f_mmd,internal validation_split_ratio=0.1 | c_selection=f_mmd | c_source=test | c_metric=standardized_l2 | c_reserve_ratio=0.2908641795,30,1,tabpfn_finetuning_api_f_mmd,acc,0.5869565217391305,0.5869565217391305,,,0,True,False,,f_mmd,test,standardized_l2,0.2908641795,2.0810194118487733,0.7462741441653088,,True
stage1_graph_scm_0050_seed42,/home/crc00006699/zh/tabiclv2/results/tabiclv2_prior_data/graph_scm_3stage_512_seed42/stage1_graph_scm_0050_seed42,multiclass,467,0,557,17,6,0.59245960502693,0.5750516688477337,0.5055420888828682,0.8944350724412614,0.9739064712088292,7.187546014785767,0.4280345439910888,ok,,467,467,0,557,,30,1e-05,True,7.187135219573975,tabpfn_finetune_epoch_chunks_f_mmd,internal validation_split_ratio=0.1 | c_selection=f_mmd | c_source=test | c_metric=standardized_l2 | c_reserve_ratio=0.2908641795,30,1,tabpfn_finetuning_api_f_mmd,acc,0.6739130434782609,0.6739130434782609,,,0,True,False,,f_mmd,test,standardized_l2,0.2908641795,1.7632529430331425,0.3029878308277586,,True
stage1_graph_scm_0051_seed42,/home/crc00006699/zh/tabiclv2/results/tabiclv2_prior_data/graph_scm_3stage_512_seed42/stage1_graph_scm_0051_seed42,multiclass,467,0,557,17,6,0.8348294434470377,0.8359869499663682,0.8275777301125103,0.9781420673661484,0.4060419118222054,10.090932607650757,0.4350383281707763,ok,,467,467,0,557,,30,1e-05,True,10.090584993362429,tabpfn_finetune_epoch_chunks_f_mmd,internal validation_split_ratio=0.1 | c_selection=f_mmd | c_source=test | c_metric=standardized_l2 | c_reserve_ratio=0.2908641795,30,1,tabpfn_finetuning_api_f_mmd,acc,0.8260869565217391,0.8695652173913043,,,3,True,False,,f_mmd,test,standardized_l2,0.2908641795,1.8946826758034043,0.4829354145032187,,True
stage1_graph_scm_0052_seed42,/home/crc00006699/zh/tabiclv2/results/tabiclv2_prior_data/graph_scm_3stage_512_seed42/stage1_graph_scm_0052_seed42,multiclass,763,0,261,27,5,0.8888888888888888,0.8863064587700972,0.8608547008547008,0.9865420774502482,0.2327046285317412,7.754042148590088,0.4356670379638672,ok,,763,763,0,261,,30,1e-05,True,7.753698825836182,tabpfn_finetune_epoch_chunks_f_mmd,internal validation_split_ratio=0.1 | c_selection=f_mmd | c_source=test | c_metric=standardized_l2 | c_reserve_ratio=0.2908641795,30,1,tabpfn_finetuning_api_f_mmd,acc,0.8947368421052632,0.8947368421052632,,,0,True,False,,f_mmd,test,standardized_l2,0.2908641795,2.1497149057450504,1.2542717941252284,,True
stage1_graph_scm_0053_seed42,/home/crc00006699/zh/tabiclv2/results/tabiclv2_prior_data/graph_scm_3stage_512_seed42/stage1_graph_scm_0053_seed42,multiclass,763,0,261,24,3,0.9693486590038314,0.967201133326894,0.7882811604173833,0.9308990279761264,0.1328948315884232,10.64126992225647,0.4432857036590576,ok,,763,763,0,261,,30,1e-05,True,10.640915155410768,tabpfn_finetune_epoch_chunks_f_mmd,internal validation_split_ratio=0.1 | c_selection=f_mmd | c_source=test | c_metric=standardized_l2 | c_reserve_ratio=0.2908641795,30,1,tabpfn_finetuning_api_f_mmd,acc,0.9736842105263158,0.986842105263158,,,3,True,False,,f_mmd,test,standardized_l2,0.2908641795,1.8976321659611743,1.5881849453216,,True
stage1_graph_scm_0054_seed42,/home/crc00006699/zh/tabiclv2/results/tabiclv2_prior_data/graph_scm_3stage_512_seed42/stage1_graph_scm_0054_seed42,multiclass,763,0,261,27,10,0.9195402298850576,0.9199902565584012,0.9148326716480872,0.996390152317238,0.2378010283359157,7.968281745910644,0.4464313983917236,ok,,763,763,0,261,,30,1e-05,True,7.967877626419067,tabpfn_finetune_epoch_chunks_f_mmd,internal validation_split_ratio=0.1 | c_selection=f_mmd | c_source=test | c_metric=standardized_l2 | c_reserve_ratio=0.2908641795,30,1,tabpfn_finetuning_api_f_mmd,acc,0.8947368421052632,0.8947368421052632,,,0,True,False,,f_mmd,test,standardized_l2,0.2908641795,1.7787788673664862,0.4267185980194058,,True
stage1_graph_scm_0055_seed42,/home/crc00006699/zh/tabiclv2/results/tabiclv2_prior_data/graph_scm_3stage_512_seed42/stage1_graph_scm_0055_seed42,multiclass,763,0,261,27,8,1.0,1.0,1.0,1.0,0.0001352100927136,7.966394424438477,0.4344937801361084,ok,,763,763,0,261,,30,1e-05,True,7.966042280197143,tabpfn_finetune_epoch_chunks_f_mmd,internal validation_split_ratio=0.1 | c_selection=f_mmd | c_source=test | c_metric=standardized_l2 | c_reserve_ratio=0.2908641795,30,1,tabpfn_finetuning_api_f_mmd,acc,1.0,1.0,,,0,True,False,,f_mmd,test,standardized_l2,0.2908641795,1.7658658642997138,0.349097700171657,,True
stage1_graph_scm_0056_seed42,/home/crc00006699/zh/tabiclv2/results/tabiclv2_prior_data/graph_scm_3stage_512_seed42/stage1_graph_scm_0056_seed42,multiclass,579,0,445,3,5,0.9438202247191012,0.9405374604216516,0.9155997304582212,0.9864962005323312,0.2918843932948627,7.489577293395996,0.4222500324249267,ok,,579,579,0,445,,30,1e-05,True,7.489223718643188,tabpfn_finetune_epoch_chunks_f_mmd,internal validation_split_ratio=0.1 | c_selection=f_mmd | c_source=test | c_metric=standardized_l2 | c_reserve_ratio=0.2908641795,30,1,tabpfn_finetuning_api_f_mmd,acc,0.8947368421052632,0.8947368421052632,,,0,True,False,,f_mmd,test,standardized_l2,0.2908641795,2.612135297439319,2.696370462134049,,True
stage1_graph_scm_0057_seed42,/home/crc00006699/zh/tabiclv2/results/tabiclv2_prior_data/graph_scm_3stage_512_seed42/stage1_graph_scm_0057_seed42,multiclass,579,0,445,3,6,0.7258426966292135,0.7208506528512345,0.5975219489925372,0.9235847696999576,0.6327893480366602,7.544177293777466,0.4288268089294433,ok,,579,579,0,445,,30,1e-05,True,7.543833017349243,tabpfn_finetune_epoch_chunks_f_mmd,internal validation_split_ratio=0.1 | c_selection=f_mmd | c_source=test | c_metric=standardized_l2 | c_reserve_ratio=0.2908641795,30,1,tabpfn_finetuning_api_f_mmd,acc,0.7543859649122807,0.7543859649122807,,,0,True,False,,f_mmd,test,standardized_l2,0.2908641795,1.9855737758466336,0.5675032888251034,,True
stage1_graph_scm_0058_seed42,/home/crc00006699/zh/tabiclv2/results/tabiclv2_prior_data/graph_scm_3stage_512_seed42/stage1_graph_scm_0058_seed42,multiclass,579,0,445,3,5,0.3168539325842696,0.2678485351980341,0.2748161779740727,0.6526921944241284,1.4766435067159078,11.66788387298584,0.4394452571868896,ok,,579,579,0,445,,30,1e-05,True,11.667524576187134,tabpfn_finetune_epoch_chunks_f_mmd,internal validation_split_ratio=0.1 | c_selection=f_mmd | c_source=test | c_metric=standardized_l2 | c_reserve_ratio=0.2908641795,30,1,tabpfn_finetuning_api_f_mmd,acc,0.3157894736842105,0.3508771929824561,,,5,True,False,,f_mmd,test,standardized_l2,0.2908641795,2.022912339495107,0.6115353998102071,,True
stage1_graph_scm_0059_seed42,/home/crc00006699/zh/tabiclv2/results/tabiclv2_prior_data/graph_scm_3stage_512_seed42/stage1_graph_scm_0059_seed42,multiclass,579,0,445,3,3,0.995505617977528,0.99543258117166,0.9770114942528736,1.0,0.0133513039354179,9.955527305603027,0.4199812412261963,ok,,579,579,0,445,,30,1e-05,True,9.955179452896118,tabpfn_finetune_epoch_chunks_f_mmd,internal validation_split_ratio=0.1 | c_selection=f_mmd | c_source=test | c_metric=standardized_l2 | c_reserve_ratio=0.2908641795,30,1,tabpfn_finetuning_api_f_mmd,acc,0.9649122807017544,0.9824561403508772,,,3,True,False,,f_mmd,test,standardized_l2,0.2908641795,2.425613708147917,1.3300343862359514,,True
stage1_graph_scm_0060_seed42,/home/crc00006699/zh/tabiclv2/results/tabiclv2_prior_data/graph_scm_3stage_512_seed42/stage1_graph_scm_0060_seed42,multiclass,401,0,623,33,5,0.9069020866773676,0.90132687890733,0.8306447427398617,0.9926059590276568,0.1551122222932114,8.2965407371521,0.4642984867095947,ok,,401,401,0,623,,30,1e-05,True,8.296190023422241,tabpfn_finetune_epoch_chunks_f_mmd,internal validation_split_ratio=0.1 | c_selection=f_mmd | c_source=test | c_metric=standardized_l2 | c_reserve_ratio=0.2908641795,30,1,tabpfn_finetuning_api_f_mmd,acc,0.875,0.875,,,0,True,False,,f_mmd,test,standardized_l2,0.2908641795,2.5747527002869077,1.2606833229639296,,True
stage1_graph_scm_0061_seed42,/home/crc00006699/zh/tabiclv2/results/tabiclv2_prior_data/graph_scm_3stage_512_seed42/stage1_graph_scm_0061_seed42,multiclass,401,0,623,36,3,0.9149277688603532,0.9148158805569984,0.8985698359319136,0.9852228558405112,0.2083893463787221,14.358404159545898,0.4495272636413574,ok,,401,401,0,623,,30,1e-05,True,14.357983589172363,tabpfn_finetune_epoch_chunks_f_mmd,internal validation_split_ratio=0.1 | c_selection=f_mmd | c_source=test | c_metric=standardized_l2 | c_reserve_ratio=0.2908641795,30,1,tabpfn_finetuning_api_f_mmd,acc,0.875,0.9,,,8,True,False,,f_mmd,test,standardized_l2,0.2908641795,1.910176117072434,0.5475931820070591,,True
stage1_graph_scm_0062_seed42,/home/crc00006699/zh/tabiclv2/results/tabiclv2_prior_data/graph_scm_3stage_512_seed42/stage1_graph_scm_0062_seed42,multiclass,401,0,623,30,3,1.0,1.0,1.0,1.0,0.0001298217545002,7.924978256225586,0.4532427787780761,ok,,401,401,0,623,,30,1e-05,True,7.924621820449829,tabpfn_finetune_epoch_chunks_f_mmd,internal validation_split_ratio=0.1 | c_selection=f_mmd | c_source=test | c_metric=standardized_l2 | c_reserve_ratio=0.2908641795,30,1,tabpfn_finetuning_api_f_mmd,acc,1.0,1.0,,,0,True,False,,f_mmd,test,standardized_l2,0.2908641795,1.849485150206548,0.7961313561946565,,True
stage1_graph_scm_0063_seed42,/home/crc00006699/zh/tabiclv2/results/tabiclv2_prior_data/graph_scm_3stage_512_seed42/stage1_graph_scm_0063_seed42,multiclass,401,0,623,36,6,0.9678972712680578,0.967872243966139,0.937642747329809,0.9988645401927164,0.0742801697606361,7.797058582305908,0.4599947929382324,ok,,401,401,0,623,,30,1e-05,True,7.796557188034058,tabpfn_finetune_epoch_chunks_f_mmd,internal validation_split_ratio=0.1 | c_selection=f_mmd | c_source=test | c_metric=standardized_l2 | c_reserve_ratio=0.2908641795,30,1,tabpfn_finetuning_api_f_mmd,acc,0.95,0.95,,,0,True,False,,f_mmd,test,standardized_l2,0.2908641795,1.810464356908811,0.4627476180784549,,True
stage1_graph_scm_0064_seed42,/home/crc00006699/zh/tabiclv2/results/tabiclv2_prior_data/graph_scm_3stage_512_seed42/stage1_graph_scm_0064_seed42,multiclass,552,0,472,42,4,0.9915254237288136,0.9914961257431634,0.983614280330284,0.9999103399696756,0.0257828225167146,7.93910026550293,0.4501581192016601,ok,,552,552,0,472,,30,1e-05,True,7.938727140426636,tabpfn_finetune_epoch_chunks_f_mmd,internal validation_split_ratio=0.1 | c_selection=f_mmd | c_source=test | c_metric=standardized_l2 | c_reserve_ratio=0.2908641795,30,1,tabpfn_finetuning_api_f_mmd,acc,1.0,1.0,,,0,True,False,,f_mmd,test,standardized_l2,0.2908641795,1.8252837573672476,1.0768789111696728,,True
stage1_graph_scm_0065_seed42,/home/crc00006699/zh/tabiclv2/results/tabiclv2_prior_data/graph_scm_3stage_512_seed42/stage1_graph_scm_0065_seed42,multiclass,552,0,472,42,9,0.8601694915254238,0.8603910868910529,0.8649381204239055,0.9869645016607342,0.3869516554263401,8.540809392929077,0.4629340171813965,ok,,552,552,0,472,,30,1e-05,True,8.54044222831726,tabpfn_finetune_epoch_chunks_f_mmd,internal validation_split_ratio=0.1 | c_selection=f_mmd | c_source=test | c_metric=standardized_l2 | c_reserve_ratio=0.2908641795,30,1,tabpfn_finetuning_api_f_mmd,acc,0.8363636363636363,0.8363636363636363,,,0,True,False,,f_mmd,test,standardized_l2,0.2908641795,1.5740322289680126,0.1965700715231514,,True
stage1_graph_scm_0066_seed42,/home/crc00006699/zh/tabiclv2/results/tabiclv2_prior_data/graph_scm_3stage_512_seed42/stage1_graph_scm_0066_seed42,multiclass,552,0,472,42,5,0.9936440677966102,0.993655633998302,0.994,0.9999643473441576,0.0190904913749259,7.520275115966797,0.4293491840362549,ok,,552,552,0,472,,30,1e-05,True,7.519927263259888,tabpfn_finetune_epoch_chunks_f_mmd,internal validation_split_ratio=0.1 | c_selection=f_mmd | c_source=test | c_metric=standardized_l2 | c_reserve_ratio=0.2908641795,30,1,tabpfn_finetuning_api_f_mmd,acc,0.9818181818181818,0.9818181818181818,,,0,True,False,,f_mmd,test,standardized_l2,0.2908641795,2.2832597271394666,1.0166807017450223,,True
stage1_graph_scm_0067_seed42,/home/crc00006699/zh/tabiclv2/results/tabiclv2_prior_data/graph_scm_3stage_512_seed42/stage1_graph_scm_0067_seed42,multiclass,552,0,472,36,3,0.9872881355932204,0.9872350037372404,0.9816595441595442,0.9997140811705728,0.0370708700763639,7.925223350524902,0.447214126586914,ok,,552,552,0,472,,30,1e-05,True,7.924877643585205,tabpfn_finetune_epoch_chunks_f_mmd,internal validation_split_ratio=0.1 | c_selection=f_mmd | c_source=test | c_metric=standardized_l2 | c_reserve_ratio=0.2908641795,30,1,tabpfn_finetuning_api_f_mmd,acc,1.0,1.0,,,0,True,False,,f_mmd,test,standardized_l2,0.2908641795,2.1150851801715365,0.7566744566970004,,True
stage1_graph_scm_0068_seed42,/home/crc00006699/zh/tabiclv2/results/tabiclv2_prior_data/graph_scm_3stage_512_seed42/stage1_graph_scm_0068_seed42,multiclass,823,0,201,9,10,0.7263681592039801,0.716644552300165,0.7052974484281002,0.9644209401896412,0.5641849162787029,9.082255363464355,0.4159669876098633,ok,,823,823,0,201,,30,1e-05,True,9.08191180229187,tabpfn_finetune_epoch_chunks_f_mmd,internal validation_split_ratio=0.1 | c_selection=f_mmd | c_source=test | c_metric=standardized_l2 | c_reserve_ratio=0.2908641795,30,1,tabpfn_finetuning_api_f_mmd,acc,0.7195121951219512,0.7317073170731707,,,2,True,False,,f_mmd,test,standardized_l2,0.2908641795,3.11434663477317,2.4566013109389195,,True
stage1_graph_scm_0069_seed42,/home/crc00006699/zh/tabiclv2/results/tabiclv2_prior_data/graph_scm_3stage_512_seed42/stage1_graph_scm_0069_seed42,multiclass,823,0,201,9,9,1.0,1.0,1.0,1.0,0.0001038698980286,7.208086252212524,0.4126036167144775,ok,,823,823,0,201,,30,1e-05,True,7.207743883132935,tabpfn_finetune_epoch_chunks_f_mmd,internal validation_split_ratio=0.1 | c_selection=f_mmd | c_source=test | c_metric=standardized_l2 | c_reserve_ratio=0.2908641795,30,1,tabpfn_finetuning_api_f_mmd,acc,1.0,1.0,,,0,True,False,,f_mmd,test,standardized_l2,0.2908641795,3.0066650129775607,2.725808429172774,,True
stage1_graph_scm_0070_seed42,/home/crc00006699/zh/tabiclv2/results/tabiclv2_prior_data/graph_scm_3stage_512_seed42/stage1_graph_scm_0070_seed42,multiclass,823,0,201,9,3,0.9402985074626866,0.9320350416324192,0.6182795698924731,0.9164143522888784,0.2265837038846455,7.398082256317139,0.4257819652557373,ok,,823,823,0,201,,30,1e-05,True,7.397675275802612,tabpfn_finetune_epoch_chunks_f_mmd,internal validation_split_ratio=0.1 | c_selection=f_mmd | c_source=test | c_metric=standardized_l2 | c_reserve_ratio=0.2908641795,30,1,tabpfn_finetuning_api_f_mmd,acc,0.8414634146341463,0.8414634146341463,,,0,True,False,,f_mmd,test,standardized_l2,0.2908641795,2.064988191241304,1.1238401580390054,,True
stage1_graph_scm_0071_seed42,/home/crc00006699/zh/tabiclv2/results/tabiclv2_prior_data/graph_scm_3stage_512_seed42/stage1_graph_scm_0071_seed42,binclass,823,0,201,9,2,0.9054726368159204,0.905305999954778,0.8934453227931489,0.9616820377689944,0.2392129177002553,7.47589111328125,0.429182767868042,ok,,823,823,0,201,,30,1e-05,True,7.475474119186401,tabpfn_finetune_epoch_chunks_f_mmd,internal validation_split_ratio=0.1 | c_selection=f_mmd | c_source=test | c_metric=standardized_l2 | c_reserve_ratio=0.2908641795,30,1,tabpfn_finetuning_api_f_mmd,acc,0.9390243902439024,0.9390243902439024,,,0,True,False,,f_mmd,test,standardized_l2,0.2908641795,2.292100170249276,1.147678366728148,,True
stage1_graph_scm_0072_seed42,/home/crc00006699/zh/tabiclv2/results/tabiclv2_prior_data/graph_scm_3stage_512_seed42/stage1_graph_scm_0072_seed42,multiclass,345,0,679,47,5,0.6553755522827688,0.6477792380306792,0.5679672738917434,0.904334732997164,0.7733907614497704,8.672648668289185,0.4862449169158935,ok,,345,345,0,679,,30,1e-05,True,8.67221188545227,tabpfn_finetune_epoch_chunks_f_mmd,internal validation_split_ratio=0.1 | c_selection=f_mmd | c_source=test | c_metric=standardized_l2 | c_reserve_ratio=0.2908641795,30,1,tabpfn_finetuning_api_f_mmd,acc,0.6764705882352942,0.6764705882352942,,,0,True,False,,f_mmd,test,standardized_l2,0.2908641795,2.294542972625252,0.8908640649060398,,True
stage1_graph_scm_0073_seed42,/home/crc00006699/zh/tabiclv2/results/tabiclv2_prior_data/graph_scm_3stage_512_seed42/stage1_graph_scm_0073_seed42,multiclass,345,0,679,43,7,0.4742268041237113,0.4248212227317068,0.3752664414815447,0.7569605866316201,1.4182117986085463,12.583317518234251,0.4791440963745117,ok,,345,345,0,679,,30,1e-05,True,12.58293628692627,tabpfn_finetune_epoch_chunks_f_mmd,internal validation_split_ratio=0.1 | c_selection=f_mmd | c_source=test | c_metric=standardized_l2 | c_reserve_ratio=0.2908641795,30,1,tabpfn_finetuning_api_f_mmd,acc,0.3823529411764705,0.4117647058823529,,,4,True,False,,f_mmd,test,standardized_l2,0.2908641795,1.7389046939927348,0.2326930751193366,,True
stage1_graph_scm_0074_seed42,/home/crc00006699/zh/tabiclv2/results/tabiclv2_prior_data/graph_scm_3stage_512_seed42/stage1_graph_scm_0074_seed42,binclass,345,0,679,47,2,0.9823269513991164,0.9821301029002668,0.9621769251265656,0.9996136424193978,0.0198901186990182,8.669023513793945,0.469395637512207,ok,,345,345,0,679,,30,1e-05,True,8.668668985366821,tabpfn_finetune_epoch_chunks_f_mmd,internal validation_split_ratio=0.1 | c_selection=f_mmd | c_source=test | c_metric=standardized_l2 | c_reserve_ratio=0.2908641795,30,1,tabpfn_finetuning_api_f_mmd,acc,0.9705882352941176,0.9705882352941176,,,0,True,False,,f_mmd,test,standardized_l2,0.2908641795,2.342671406816117,0.6188323849760234,,True
stage1_graph_scm_0075_seed42,/home/crc00006699/zh/tabiclv2/results/tabiclv2_prior_data/graph_scm_3stage_512_seed42/stage1_graph_scm_0075_seed42,multiclass,345,0,679,47,5,0.455081001472754,0.4117403941292935,0.384076726207052,0.7538417346250801,1.2658302314988892,10.853541612625122,0.4857451915740967,ok,,345,345,0,679,,30,1e-05,True,10.853119611740112,tabpfn_finetune_epoch_chunks_f_mmd,internal validation_split_ratio=0.1 | c_selection=f_mmd | c_source=test | c_metric=standardized_l2 | c_reserve_ratio=0.2908641795,30,1,tabpfn_finetuning_api_f_mmd,acc,0.4705882352941176,0.5,,,2,True,False,,f_mmd,test,standardized_l2,0.2908641795,1.5067315397671035,0.1834305207703921,,True
stage1_graph_scm_0076_seed42,/home/crc00006699/zh/tabiclv2/results/tabiclv2_prior_data/graph_scm_3stage_512_seed42/stage1_graph_scm_0076_seed42,multiclass,448,0,576,87,8,0.515625,0.4423973306369393,0.2445933557644696,0.7614088861566535,1.398419664131631,8.731662273406982,0.5048396587371826,ok,,448,448,0,576,,30,1e-05,True,8.731313943862915,tabpfn_finetune_epoch_chunks_f_mmd,internal validation_split_ratio=0.1 | c_selection=f_mmd | c_source=test | c_metric=standardized_l2 | c_reserve_ratio=0.2908641795,30,1,tabpfn_finetuning_api_f_mmd,acc,0.5681818181818182,0.5681818181818182,,,0,True,False,,f_mmd,test,standardized_l2,0.2908641795,2.250119760280379,2.4966454721669527,,True
stage1_graph_scm_0077_seed42,/home/crc00006699/zh/tabiclv2/results/tabiclv2_prior_data/graph_scm_3stage_512_seed42/stage1_graph_scm_0077_seed42,multiclass,448,0,576,93,6,0.2795138888888889,0.2561475722042884,0.269474781396799,0.6542694040178317,1.7045774005462322,16.78251051902771,0.4999709129333496,ok,,448,448,0,576,,30,1e-05,True,16.78216314315796,tabpfn_finetune_epoch_chunks_f_mmd,internal validation_split_ratio=0.1 | c_selection=f_mmd | c_source=test | c_metric=standardized_l2 | c_reserve_ratio=0.2908641795,30,1,tabpfn_finetuning_api_f_mmd,acc,0.25,0.3409090909090909,,,8,True,False,,f_mmd,test,standardized_l2,0.2908641795,1.4908348800561029,0.1117599154502733,,True
stage1_graph_scm_0078_seed42,/home/crc00006699/zh/tabiclv2/results/tabiclv2_prior_data/graph_scm_3stage_512_seed42/stage1_graph_scm_0078_seed42,multiclass,448,0,576,90,8,0.8940972222222222,0.8931745731245471,0.8427211953586887,0.993430832246576,0.2241309336410747,8.679082870483398,0.4694013595581054,ok,,448,448,0,576,,30,1e-05,True,8.678734064102173,tabpfn_finetune_epoch_chunks_f_mmd,internal validation_split_ratio=0.1 | c_selection=f_mmd | c_source=test | c_metric=standardized_l2 | c_reserve_ratio=0.2908641795,30,1,tabpfn_finetuning_api_f_mmd,acc,0.9090909090909092,0.9090909090909092,,,0,True,False,,f_mmd,test,standardized_l2,0.2908641795,1.772649849754305,0.5164838593654976,,True
stage1_graph_scm_0079_seed42,/home/crc00006699/zh/tabiclv2/results/tabiclv2_prior_data/graph_scm_3stage_512_seed42/stage1_graph_scm_0079_seed42,multiclass,448,0,576,93,4,1.0,1.0,1.0,1.0,0.0030470745970337,8.37192988395691,0.4792397022247314,ok,,448,448,0,576,,30,1e-05,True,8.371577501296997,tabpfn_finetune_epoch_chunks_f_mmd,internal validation_split_ratio=0.1 | c_selection=f_mmd | c_source=test | c_metric=standardized_l2 | c_reserve_ratio=0.2908641795,30,1,tabpfn_finetuning_api_f_mmd,acc,1.0,1.0,,,0,True,False,,f_mmd,test,standardized_l2,0.2908641795,2.456249757259599,0.6996700438925885,,True
stage1_graph_scm_0080_seed42,/home/crc00006699/zh/tabiclv2/results/tabiclv2_prior_data/graph_scm_3stage_512_seed42/stage1_graph_scm_0080_seed42,multiclass,628,0,396,92,7,0.851010101010101,0.8476039366785239,0.7455552791423312,0.9799941127733128,0.4028252731014171,13.411091089248655,0.5066487789154053,ok,,628,628,0,396,,30,1e-05,True,13.41072702407837,tabpfn_finetune_epoch_chunks_f_mmd,internal validation_split_ratio=0.1 | c_selection=f_mmd | c_source=test | c_metric=standardized_l2 | c_reserve_ratio=0.2908641795,30,1,tabpfn_finetuning_api_f_mmd,acc,0.8225806451612904,0.8387096774193549,,,4,True,False,,f_mmd,test,standardized_l2,0.2908641795,1.9129246580044224,0.5428031157266742,,True
stage1_graph_scm_0081_seed42,/home/crc00006699/zh/tabiclv2/results/tabiclv2_prior_data/graph_scm_3stage_512_seed42/stage1_graph_scm_0081_seed42,multiclass,628,0,396,94,10,0.8863636363636364,0.8852645787674388,0.8113215832331557,0.9911636733752534,0.3488531173204505,14.98721694946289,0.4542973041534424,ok,,628,628,0,396,,30,1e-05,True,14.986863374710085,tabpfn_finetune_epoch_chunks_f_mmd,internal validation_split_ratio=0.1 | c_selection=f_mmd | c_source=test | c_metric=standardized_l2 | c_reserve_ratio=0.2908641795,30,1,tabpfn_finetuning_api_f_mmd,acc,0.7903225806451613,0.8870967741935484,,,7,True,False,,f_mmd,test,standardized_l2,0.2908641795,1.485285213879445,0.1605086651002766,,True
stage1_graph_scm_0082_seed42,/home/crc00006699/zh/tabiclv2/results/tabiclv2_prior_data/graph_scm_3stage_512_seed42/stage1_graph_scm_0082_seed42,multiclass,628,0,396,94,3,0.6540404040404041,0.626626877174657,0.5988395358143258,0.8020432154964894,0.8069558377477335,8.290962934494019,0.4403245449066162,ok,,628,628,0,396,,30,1e-05,True,8.290614604949951,tabpfn_finetune_epoch_chunks_f_mmd,internal validation_split_ratio=0.1 | c_selection=f_mmd | c_source=test | c_metric=standardized_l2 | c_reserve_ratio=0.2908641795,30,1,tabpfn_finetuning_api_f_mmd,acc,0.5645161290322581,0.5645161290322581,,,0,True,False,,f_mmd,test,standardized_l2,0.2908641795,2.515292089953469,1.9279603498876077,,True
stage1_graph_scm_0083_seed42,/home/crc00006699/zh/tabiclv2/results/tabiclv2_prior_data/graph_scm_3stage_512_seed42/stage1_graph_scm_0083_seed42,multiclass,628,0,396,83,4,0.9747474747474748,0.9747346761966644,0.9731241141932104,0.9968926115177889,0.1167438445506497,12.986352443695068,0.484264612197876,ok,,628,628,0,396,,30,1e-05,True,12.985998153686523,tabpfn_finetune_epoch_chunks_f_mmd,internal validation_split_ratio=0.1 | c_selection=f_mmd | c_source=test | c_metric=standardized_l2 | c_reserve_ratio=0.2908641795,30,1,tabpfn_finetuning_api_f_mmd,acc,0.9193548387096774,0.935483870967742,,,4,True,False,,f_mmd,test,standardized_l2,0.2908641795,2.0217110330045216,1.1294040104491332,,True
stage1_graph_scm_0084_seed42,/home/crc00006699/zh/tabiclv2/results/tabiclv2_prior_data/graph_scm_3stage_512_seed42/stage1_graph_scm_0084_seed42,multiclass,491,0,533,37,6,0.9568480300187616,0.9561845353290744,0.940875491338001,0.9977933014611092,0.0976406194404616,8.121429681777954,0.458209753036499,ok,,491,491,0,533,,30,1e-05,True,8.121016025543213,tabpfn_finetune_epoch_chunks_f_mmd,internal validation_split_ratio=0.1 | c_selection=f_mmd | c_source=test | c_metric=standardized_l2 | c_reserve_ratio=0.2908641795,30,1,tabpfn_finetuning_api_f_mmd,acc,0.979591836734694,0.979591836734694,,,0,True,False,,f_mmd,test,standardized_l2,0.2908641795,1.40723250041206,0.0753008487703625,,True
stage1_graph_scm_0085_seed42,/home/crc00006699/zh/tabiclv2/results/tabiclv2_prior_data/graph_scm_3stage_512_seed42/stage1_graph_scm_0085_seed42,multiclass,491,0,533,37,5,0.3714821763602251,0.347604840006988,0.3417610739747285,0.6542364970800997,1.493087614427078,9.528292417526243,0.4447405338287353,ok,,491,491,0,533,,30,1e-05,True,9.527873516082764,tabpfn_finetune_epoch_chunks_f_mmd,internal validation_split_ratio=0.1 | c_selection=f_mmd | c_source=test | c_metric=standardized_l2 | c_reserve_ratio=0.2908641795,30,1,tabpfn_finetuning_api_f_mmd,acc,0.3877551020408163,0.4081632653061224,,,2,True,False,,f_mmd,test,standardized_l2,0.2908641795,1.967594641826752,0.6254601568260243,,True
stage1_graph_scm_0086_seed42,/home/crc00006699/zh/tabiclv2/results/tabiclv2_prior_data/graph_scm_3stage_512_seed42/stage1_graph_scm_0086_seed42,multiclass,491,0,533,37,4,0.9831144465290806,0.9829590876912676,0.9716671842037814,0.9997084421132038,0.0378499727241705,11.88797163963318,0.4713907241821289,ok,,491,491,0,533,,30,1e-05,True,11.88755702972412,tabpfn_finetune_epoch_chunks_f_mmd,internal validation_split_ratio=0.1 | c_selection=f_mmd | c_source=test | c_metric=standardized_l2 | c_reserve_ratio=0.2908641795,30,1,tabpfn_finetuning_api_f_mmd,acc,0.9591836734693876,0.979591836734694,,,4,True,False,,f_mmd,test,standardized_l2,0.2908641795,1.8656811159055644,0.5670514406252603,,True
stage1_graph_scm_0087_seed42,/home/crc00006699/zh/tabiclv2/results/tabiclv2_prior_data/graph_scm_3stage_512_seed42/stage1_graph_scm_0087_seed42,multiclass,491,0,533,37,7,0.3789868667917448,0.3347757874895106,0.2994878661678025,0.7623438516273754,1.496277724128617,9.990798234939575,0.5042707920074463,ok,,491,491,0,533,,30,1e-05,True,9.990440368652344,tabpfn_finetune_epoch_chunks_f_mmd,internal validation_split_ratio=0.1 | c_selection=f_mmd | c_source=test | c_metric=standardized_l2 | c_reserve_ratio=0.2908641795,30,1,tabpfn_finetuning_api_f_mmd,acc,0.3673469387755102,0.3877551020408163,,,2,True,False,,f_mmd,test,standardized_l2,0.2908641795,1.7147369860463113,0.557489288872376,,True
stage1_graph_scm_0088_seed42,/home/crc00006699/zh/tabiclv2/results/tabiclv2_prior_data/graph_scm_3stage_512_seed42/stage1_graph_scm_0088_seed42,multiclass,372,0,652,69,7,0.3634969325153374,0.247658791012661,0.3007430070574489,0.777450794150674,1.461832997534256,15.19088077545166,0.4549887180328369,ok,,372,372,0,652,,30,1e-05,True,15.190436601638794,tabpfn_finetune_epoch_chunks_f_mmd,internal validation_split_ratio=0.1 | c_selection=f_mmd | c_source=test | c_metric=standardized_l2 | c_reserve_ratio=0.2908641795,30,1,tabpfn_finetuning_api_f_mmd,acc,0.3243243243243243,0.4324324324324324,,,8,True,False,,f_mmd,test,standardized_l2,0.2908641795,2.905839929912762,1.7845305759077612,,True
stage1_graph_scm_0089_seed42,/home/crc00006699/zh/tabiclv2/results/tabiclv2_prior_data/graph_scm_3stage_512_seed42/stage1_graph_scm_0089_seed42,multiclass,372,0,652,69,8,0.7147239263803681,0.6350274624592885,0.5543893129770993,0.9255647701894568,0.6154003010025432,8.04683256149292,0.461829662322998,ok,,372,372,0,652,,30,1e-05,True,8.046491146087646,tabpfn_finetune_epoch_chunks_f_mmd,internal validation_split_ratio=0.1 | c_selection=f_mmd | c_source=test | c_metric=standardized_l2 | c_reserve_ratio=0.2908641795,30,1,tabpfn_finetuning_api_f_mmd,acc,0.6756756756756757,0.6756756756756757,,,0,True,False,,f_mmd,test,standardized_l2,0.2908641795,1.9476665383533456,0.4631298520899525,,True
stage1_graph_scm_0090_seed42,/home/crc00006699/zh/tabiclv2/results/tabiclv2_prior_data/graph_scm_3stage_512_seed42/stage1_graph_scm_0090_seed42,multiclass,372,0,652,69,8,0.2070552147239263,0.182544374361391,0.2202632668423015,0.6808935736148083,1.9259755838168444,26.214669227600098,0.4610066413879394,ok,,372,372,0,652,,30,1e-05,True,26.21432065963745,tabpfn_finetune_epoch_chunks_f_mmd,internal validation_split_ratio=0.1 | c_selection=f_mmd | c_source=test | c_metric=standardized_l2 | c_reserve_ratio=0.2908641795,30,1,tabpfn_finetuning_api_f_mmd,acc,0.1351351351351351,0.3783783783783784,,,19,True,False,,f_mmd,test,standardized_l2,0.2908641795,1.525896949799578,0.1494841012942448,,True
stage1_graph_scm_0091_seed42,/home/crc00006699/zh/tabiclv2/results/tabiclv2_prior_data/graph_scm_3stage_512_seed42/stage1_graph_scm_0091_seed42,multiclass,372,0,652,69,4,0.9033742331288344,0.9032117423607752,0.9083720502451628,0.9825494348534494,0.3187824805067547,8.139455556869507,0.4527945518493652,ok,,372,372,0,652,,30,1e-05,True,8.139033079147339,tabpfn_finetune_epoch_chunks_f_mmd,internal validation_split_ratio=0.1 | c_selection=f_mmd | c_source=test | c_metric=standardized_l2 | c_reserve_ratio=0.2908641795,30,1,tabpfn_finetuning_api_f_mmd,acc,0.7837837837837838,0.7837837837837838,,,0,True,False,,f_mmd,test,standardized_l2,0.2908641795,2.1832867687895825,0.8106390952966072,,True
stage1_graph_scm_0092_seed42,/home/crc00006699/zh/tabiclv2/results/tabiclv2_prior_data/graph_scm_3stage_512_seed42/stage1_graph_scm_0092_seed42,multiclass,860,0,164,3,9,1.0,1.0,1.0,1.0,0.0012325058376195,7.443903684616089,0.4184582233428955,ok,,860,860,0,164,,30,1e-05,True,7.443552494049072,tabpfn_finetune_epoch_chunks_f_mmd,internal validation_split_ratio=0.1 | c_selection=f_mmd | c_source=test | c_metric=standardized_l2 | c_reserve_ratio=0.2908641795,30,1,tabpfn_finetuning_api_f_mmd,acc,1.0,1.0,,,0,True,False,,f_mmd,test,standardized_l2,0.2908641795,2.61173170684608,1.5887647310564346,,True
stage1_graph_scm_0093_seed42,/home/crc00006699/zh/tabiclv2/results/tabiclv2_prior_data/graph_scm_3stage_512_seed42/stage1_graph_scm_0093_seed42,multiclass,860,0,164,3,4,0.7865853658536586,0.7822244176079775,0.6618169535020486,0.8971918146477826,0.5970197963435684,7.557915925979614,0.4179685115814209,ok,,860,860,0,164,,30,1e-05,True,7.5566794872283936,tabpfn_finetune_epoch_chunks_f_mmd,internal validation_split_ratio=0.1 | c_selection=f_mmd | c_source=test | c_metric=standardized_l2 | c_reserve_ratio=0.2908641795,30,1,tabpfn_finetuning_api_f_mmd,acc,0.7209302325581395,0.7209302325581395,,,0,True,False,,f_mmd,test,standardized_l2,0.2908641795,3.4850855212856424,4.484991564425852,,True
stage1_graph_scm_0094_seed42,/home/crc00006699/zh/tabiclv2/results/tabiclv2_prior_data/graph_scm_3stage_512_seed42/stage1_graph_scm_0094_seed42,multiclass,860,0,164,3,7,0.3231707317073171,0.2257073042799665,0.1787402904424181,0.6186932544209383,1.7492290160810609,7.507956504821777,0.444312572479248,ok,,860,860,0,164,,30,1e-05,True,7.50761079788208,tabpfn_finetune_epoch_chunks_f_mmd,internal validation_split_ratio=0.1 | c_selection=f_mmd | c_source=test | c_metric=standardized_l2 | c_reserve_ratio=0.2908641795,30,1,tabpfn_finetuning_api_f_mmd,acc,0.313953488372093,0.313953488372093,,,0,True,False,,f_mmd,test,standardized_l2,0.2908641795,3.070791737583674,2.356174321462532,,True
stage1_graph_scm_0095_seed42,/home/crc00006699/zh/tabiclv2/results/tabiclv2_prior_data/graph_scm_3stage_512_seed42/stage1_graph_scm_0095_seed42,multiclass,860,0,164,3,5,0.4573170731707317,0.4320433524541355,0.4141718816895763,0.7483841181620835,1.3530026811363702,7.330978870391846,0.4112544059753418,ok,,860,860,0,164,,30,1e-05,True,7.330623388290405,tabpfn_finetune_epoch_chunks_f_mmd,internal validation_split_ratio=0.1 | c_selection=f_mmd | c_source=test | c_metric=standardized_l2 | c_reserve_ratio=0.2908641795,30,1,tabpfn_finetuning_api_f_mmd,acc,0.4302325581395348,0.4302325581395348,,,0,True,False,,f_mmd,test,standardized_l2,0.2908641795,2.811500560309059,1.5331963247347655,,True
stage1_graph_scm_0096_seed42,/home/crc00006699/zh/tabiclv2/results/tabiclv2_prior_data/graph_scm_3stage_512_seed42/stage1_graph_scm_0096_seed42,multiclass,698,0,326,50,3,0.5736196319018405,0.5363992202615634,0.4378182530356443,0.7066547060601671,0.9087433330759096,7.822571039199829,0.4444928169250488,ok,,698,698,0,326,,30,1e-05,True,7.822155714035034,tabpfn_finetune_epoch_chunks_f_mmd,internal validation_split_ratio=0.1 | c_selection=f_mmd | c_source=test | c_metric=standardized_l2 | c_reserve_ratio=0.2908641795,30,1,tabpfn_finetuning_api_f_mmd,acc,0.6231884057971014,0.6231884057971014,,,0,True,False,,f_mmd,test,standardized_l2,0.2908641795,1.9937354925387596,0.6333464359303984,,True
stage1_graph_scm_0097_seed42,/home/crc00006699/zh/tabiclv2/results/tabiclv2_prior_data/graph_scm_3stage_512_seed42/stage1_graph_scm_0097_seed42,multiclass,698,0,326,50,10,0.9631901840490796,0.9632274742937164,0.9435304042125864,0.9989468865404372,0.1119443382115914,9.770563125610352,0.4370136260986328,ok,,698,698,0,326,,30,1e-05,True,9.770137786865234,tabpfn_finetune_epoch_chunks_f_mmd,internal validation_split_ratio=0.1 | c_selection=f_mmd | c_source=test | c_metric=standardized_l2 | c_reserve_ratio=0.2908641795,30,1,tabpfn_finetuning_api_f_mmd,acc,0.9710144927536232,0.9855072463768116,,,2,True,False,,f_mmd,test,standardized_l2,0.2908641795,2.461800280889901,1.1739096276657068,,True
stage1_graph_scm_0098_seed42,/home/crc00006699/zh/tabiclv2/results/tabiclv2_prior_data/graph_scm_3stage_512_seed42/stage1_graph_scm_0098_seed42,multiclass,698,0,326,50,7,0.4539877300613497,0.4092716941466975,0.2574398503990341,0.7334230314541861,1.406306022134031,9.508408069610596,0.435366153717041,ok,,698,698,0,326,,30,1e-05,True,9.507978677749634,tabpfn_finetune_epoch_chunks_f_mmd,internal validation_split_ratio=0.1 | c_selection=f_mmd | c_source=test | c_metric=standardized_l2 | c_reserve_ratio=0.2908641795,30,1,tabpfn_finetuning_api_f_mmd,acc,0.4492753623188406,0.463768115942029,,,2,True,False,,f_mmd,test,standardized_l2,0.2908641795,2.294986396781836,2.024658523393567,,True
stage1_graph_scm_0099_seed42,/home/crc00006699/zh/tabiclv2/results/tabiclv2_prior_data/graph_scm_3stage_512_seed42/stage1_graph_scm_0099_seed42,multiclass,698,0,326,50,4,0.9877300613496932,0.987815269256987,0.9825831702544032,0.9993145222608024,0.0361309168953838,8.839518785476685,0.4770231246948242,ok,,698,698,0,326,,30,1e-05,True,8.839092016220093,tabpfn_finetune_epoch_chunks_f_mmd,internal validation_split_ratio=0.1 | c_selection=f_mmd | c_source=test | c_metric=standardized_l2 | c_reserve_ratio=0.2908641795,30,1,tabpfn_finetuning_api_f_mmd,acc,0.9855072463768116,0.9855072463768116,,,0,True,False,,f_mmd,test,standardized_l2,0.2908641795,1.847335255453545,0.5965700425724498,,True
stage1_graph_scm_0100_seed42,/home/crc00006699/zh/tabiclv2/results/tabiclv2_prior_data/graph_scm_3stage_512_seed42/stage1_graph_scm_0100_seed42,multiclass,446,0,578,98,7,0.903114186851211,0.8686161764765923,0.7133928571428572,0.9833489905071398,0.1991724961502076,9.250338315963743,0.4985847473144531,ok,,446,446,0,578,,30,1e-05,True,9.249987363815308,tabpfn_finetune_epoch_chunks_f_mmd,internal validation_split_ratio=0.1 | c_selection=f_mmd | c_source=test | c_metric=standardized_l2 | c_reserve_ratio=0.2908641795,30,1,tabpfn_finetuning_api_f_mmd,acc,0.9090909090909092,0.9090909090909092,,,0,True,False,,f_mmd,test,standardized_l2,0.2908641795,1.584242017919692,0.2053670259932167,,True
stage1_graph_scm_0101_seed42,/home/crc00006699/zh/tabiclv2/results/tabiclv2_prior_data/graph_scm_3stage_512_seed42/stage1_graph_scm_0101_seed42,multiclass,446,0,578,96,8,0.5034602076124568,0.4701438974338402,0.4924857907335076,0.8554175052252686,1.3466232335055872,22.350542545318604,0.5238101482391357,ok,,446,446,0,578,,30,1e-05,True,22.35006356239319,tabpfn_finetune_epoch_chunks_f_mmd,internal validation_split_ratio=0.1 | c_selection=f_mmd | c_source=test | c_metric=standardized_l2 | c_reserve_ratio=0.2908641795,30,1,tabpfn_finetuning_api_f_mmd,acc,0.5,0.5454545454545454,,,12,True,False,,f_mmd,test,standardized_l2,0.2908641795,1.4718531551257352,0.1965581624380318,,True
stage1_graph_scm_0102_seed42,/home/crc00006699/zh/tabiclv2/results/tabiclv2_prior_data/graph_scm_3stage_512_seed42/stage1_graph_scm_0102_seed42,multiclass,446,0,578,98,4,0.6332179930795848,0.5869977995480654,0.478136526590346,0.8030494170465314,0.8744944958738221,9.63877534866333,0.5290164947509766,ok,,446,446,0,578,,30,1e-05,True,9.638416051864624,tabpfn_finetune_epoch_chunks_f_mmd,internal validation_split_ratio=0.1 | c_selection=f_mmd | c_source=test | c_metric=standardized_l2 | c_reserve_ratio=0.2908641795,30,1,tabpfn_finetuning_api_f_mmd,acc,0.7727272727272727,0.7727272727272727,,,0,True,False,,f_mmd,test,standardized_l2,0.2908641795,2.180064921907753,0.7706495165939016,,True
stage1_graph_scm_0103_seed42,/home/crc00006699/zh/tabiclv2/results/tabiclv2_prior_data/graph_scm_3stage_512_seed42/stage1_graph_scm_0103_seed42,binclass,446,0,578,88,2,1.0,1.0,1.0,1.0,1.3437226948501518e-05,9.816516160964966,0.547692060470581,ok,,446,446,0,578,,30,1e-05,True,9.816169023513794,tabpfn_finetune_epoch_chunks_f_mmd,internal validation_split_ratio=0.1 | c_selection=f_mmd | c_source=test | c_metric=standardized_l2 | c_reserve_ratio=0.2908641795,30,1,tabpfn_finetuning_api_f_mmd,acc,1.0,1.0,,,0,True,False,,f_mmd,test,standardized_l2,0.2908641795,2.1223420852684107,0.6024491444108353,,True
stage1_graph_scm_0104_seed42,/home/crc00006699/zh/tabiclv2/results/tabiclv2_prior_data/graph_scm_3stage_512_seed42/stage1_graph_scm_0104_seed42,binclass,383,0,641,2,2,0.9937597503900156,0.993841263292405,0.9832390381895332,0.9998585572842998,0.0126966079381706,7.462375640869141,0.425356388092041,ok,,383,383,0,641,,30,1e-05,True,7.462024450302124,tabpfn_finetune_epoch_chunks_f_mmd,internal validation_split_ratio=0.1 | c_selection=f_mmd | c_source=test | c_metric=standardized_l2 | c_reserve_ratio=0.2908641795,30,1,tabpfn_finetuning_api_f_mmd,acc,1.0,1.0,,,0,True,False,,f_mmd,test,standardized_l2,0.2908641795,2.7283904066119384,1.0504402237903046,,True
stage1_graph_scm_0105_seed42,/home/crc00006699/zh/tabiclv2/results/tabiclv2_prior_data/graph_scm_3stage_512_seed42/stage1_graph_scm_0105_seed42,multiclass,383,0,641,2,3,0.7597503900156006,0.7523050103646891,0.711795197291865,0.9018253101683864,0.5448428028579435,7.594770193099976,0.4353902339935303,ok,,383,383,0,641,,30,1e-05,True,7.594415664672852,tabpfn_finetune_epoch_chunks_f_mmd,internal validation_split_ratio=0.1 | c_selection=f_mmd | c_source=test | c_metric=standardized_l2 | c_reserve_ratio=0.2908641795,30,1,tabpfn_finetuning_api_f_mmd,acc,0.7894736842105263,0.7894736842105263,,,0,True,False,,f_mmd,test,standardized_l2,0.2908641795,3.021806553633387,1.8290059946873125,,True
stage1_graph_scm_0106_seed42,/home/crc00006699/zh/tabiclv2/results/tabiclv2_prior_data/graph_scm_3stage_512_seed42/stage1_graph_scm_0106_seed42,multiclass,383,0,641,2,5,0.514820592823713,0.4475344763025994,0.4064240029337188,0.7382768510139489,1.3003083496872343,9.206432819366457,0.4530384540557861,ok,,383,383,0,641,,30,1e-05,True,9.206015586853027,tabpfn_finetune_epoch_chunks_f_mmd,internal validation_split_ratio=0.1 | c_selection=f_mmd | c_source=test | c_metric=standardized_l2 | c_reserve_ratio=0.2908641795,30,1,tabpfn_finetuning_api_f_mmd,acc,0.5,0.5263157894736842,,,2,True,False,,f_mmd,test,standardized_l2,0.2908641795,2.1985123506196067,0.8839917505877039,,True
stage1_graph_scm_0107_seed42,/home/crc00006699/zh/tabiclv2/results/tabiclv2_prior_data/graph_scm_3stage_512_seed42/stage1_graph_scm_0107_seed42,multiclass,383,0,641,2,10,0.2386895475819032,0.1816584482567717,0.2064619339251137,0.7251160980964574,1.9771847158101228,10.587505102157593,0.4367332458496094,ok,,383,383,0,641,,30,1e-05,True,10.58715844154358,tabpfn_finetune_epoch_chunks_f_mmd,internal validation_split_ratio=0.1 | c_selection=f_mmd | c_source=test | c_metric=standardized_l2 | c_reserve_ratio=0.2908641795,30,1,tabpfn_finetuning_api_f_mmd,acc,0.2894736842105263,0.3157894736842105,,,4,True,False,,f_mmd,test,standardized_l2,0.2908641795,2.460977485792486,1.501492481549022,,True
stage1_graph_scm_0108_seed42,/home/crc00006699/zh/tabiclv2/results/tabiclv2_prior_data/graph_scm_3stage_512_seed42/stage1_graph_scm_0108_seed42,multiclass,709,0,315,56,8,0.8285714285714286,0.8280494054037674,0.8034762452960982,0.9861994897608312,0.3850605298378862,8.094050884246826,0.4343109130859375,ok,,709,709,0,315,,30,1e-05,True,8.09362530708313,tabpfn_finetune_epoch_chunks_f_mmd,internal validation_split_ratio=0.1 | c_selection=f_mmd | c_source=test | c_metric=standardized_l2 | c_reserve_ratio=0.2908641795,30,1,tabpfn_finetuning_api_f_mmd,acc,0.9142857142857144,0.9142857142857144,,,0,True,False,,f_mmd,test,standardized_l2,0.2908641795,2.602363212811094,2.0782245406878284,,True
stage1_graph_scm_0109_seed42,/home/crc00006699/zh/tabiclv2/results/tabiclv2_prior_data/graph_scm_3stage_512_seed42/stage1_graph_scm_0109_seed42,multiclass,709,0,315,52,7,0.9301587301587302,0.929925613300456,0.9224822088220338,0.9947762634835956,0.2010708049375671,16.76190447807312,0.4722390174865722,ok,,709,709,0,315,,30,1e-05,True,16.761547803878784,tabpfn_finetune_epoch_chunks_f_mmd,internal validation_split_ratio=0.1 | c_selection=f_mmd | c_source=test | c_metric=standardized_l2 | c_reserve_ratio=0.2908641795,30,1,tabpfn_finetuning_api_f_mmd,acc,0.8857142857142857,0.9142857142857144,,,8,True,False,,f_mmd,test,standardized_l2,0.2908641795,1.68487078373293,0.3895479657409567,,True
stage1_graph_scm_0110_seed42,/home/crc00006699/zh/tabiclv2/results/tabiclv2_prior_data/graph_scm_3stage_512_seed42/stage1_graph_scm_0110_seed42,multiclass,709,0,315,56,3,1.0,1.0,1.0,1.0,2.5987962806250468e-05,7.929476022720337,0.4632039070129394,ok,,709,709,0,315,,30,1e-05,True,7.929123163223267,tabpfn_finetune_epoch_chunks_f_mmd,internal validation_split_ratio=0.1 | c_selection=f_mmd | c_source=test | c_metric=standardized_l2 | c_reserve_ratio=0.2908641795,30,1,tabpfn_finetuning_api_f_mmd,acc,1.0,1.0,,,0,True,False,,f_mmd,test,standardized_l2,0.2908641795,2.6628379538107665,1.391011643906045,,True
stage1_graph_scm_0111_seed42,/home/crc00006699/zh/tabiclv2/results/tabiclv2_prior_data/graph_scm_3stage_512_seed42/stage1_graph_scm_0111_seed42,multiclass,709,0,315,56,4,1.0,1.0,1.0,1.0,4.281526580212868e-05,8.334856748580933,0.4692504405975342,ok,,709,709,0,315,,30,1e-05,True,8.334444046020508,tabpfn_finetune_epoch_chunks_f_mmd,internal validation_split_ratio=0.1 | c_selection=f_mmd | c_source=test | c_metric=standardized_l2 | c_reserve_ratio=0.2908641795,30,1,tabpfn_finetuning_api_f_mmd,acc,1.0,1.0,,,0,True,False,,f_mmd,test,standardized_l2,0.2908641795,2.288462290287618,1.0957884388705332,,True
stage1_graph_scm_0112_seed42,/home/crc00006699/zh/tabiclv2/results/tabiclv2_prior_data/graph_scm_3stage_512_seed42/stage1_graph_scm_0112_seed42,binclass,423,0,601,71,2,0.9983361064891848,0.998338632862374,0.9989561586638832,1.0,0.0057361870637339,9.328146696090698,0.4974639415740967,ok,,423,423,0,601,,30,1e-05,True,9.327797651290894,tabpfn_finetune_epoch_chunks_f_mmd,internal validation_split_ratio=0.1 | c_selection=f_mmd | c_source=test | c_metric=standardized_l2 | c_reserve_ratio=0.2908641795,30,1,tabpfn_finetuning_api_f_mmd,acc,1.0,1.0,,,0,True,False,,f_mmd,test,standardized_l2,0.2908641795,1.873948689885587,1.1145086464939356,,True
stage1_graph_scm_0113_seed42,/home/crc00006699/zh/tabiclv2/results/tabiclv2_prior_data/graph_scm_3stage_512_seed42/stage1_graph_scm_0113_seed42,binclass,423,0,601,75,2,0.9883527454242927,0.9883276814731956,0.9759829415435824,0.9981277303931768,0.0373018060377449,8.439274549484253,0.4852414131164551,ok,,423,423,0,601,,30,1e-05,True,8.438922882080078,tabpfn_finetune_epoch_chunks_f_mmd,internal validation_split_ratio=0.1 | c_selection=f_mmd | c_source=test | c_metric=standardized_l2 | c_reserve_ratio=0.2908641795,30,1,tabpfn_finetuning_api_f_mmd,acc,0.9761904761904762,0.9761904761904762,,,0,True,False,,f_mmd,test,standardized_l2,0.2908641795,1.8940244749628703,0.8401440603073733,,True
stage1_graph_scm_0114_seed42,/home/crc00006699/zh/tabiclv2/results/tabiclv2_prior_data/graph_scm_3stage_512_seed42/stage1_graph_scm_0114_seed42,multiclass,423,0,601,77,3,0.9983361064891848,0.9983354263052088,0.9983818770226538,1.0,0.0039460221404032,8.082772970199585,0.4496231079101562,ok,,423,423,0,601,,30,1e-05,True,8.08235239982605,tabpfn_finetune_epoch_chunks_f_mmd,internal validation_split_ratio=0.1 | c_selection=f_mmd | c_source=test | c_metric=standardized_l2 | c_reserve_ratio=0.2908641795,30,1,tabpfn_finetuning_api_f_mmd,acc,0.9761904761904762,0.9761904761904762,,,0,True,False,,f_mmd,test,standardized_l2,0.2908641795,2.790194384081423,1.7519122555235342,,True
stage1_graph_scm_0115_seed42,/home/crc00006699/zh/tabiclv2/results/tabiclv2_prior_data/graph_scm_3stage_512_seed42/stage1_graph_scm_0115_seed42,multiclass,423,0,601,65,9,0.9051580698835274,0.9037774506390824,0.8502937471454346,0.993576139685107,0.1838289549175431,8.399013042449951,0.4673788547515869,ok,,423,423,0,601,,30,1e-05,True,8.39858078956604,tabpfn_finetune_epoch_chunks_f_mmd,internal validation_split_ratio=0.1 | c_selection=f_mmd | c_source=test | c_metric=standardized_l2 | c_reserve_ratio=0.2908641795,30,1,tabpfn_finetuning_api_f_mmd,acc,0.9047619047619048,0.9047619047619048,,,0,True,False,,f_mmd,test,standardized_l2,0.2908641795,1.9637602116880744,0.8874879852725956,,True
stage1_graph_scm_0116_seed42,/home/crc00006699/zh/tabiclv2/results/tabiclv2_prior_data/graph_scm_3stage_512_seed42/stage1_graph_scm_0116_seed42,multiclass,661,0,363,22,10,0.4545454545454545,0.4347906885629501,0.4361350440241288,0.8599536793872412,1.4813700915481387,15.44685673713684,0.4352715015411377,ok,,661,661,0,363,,30,1e-05,True,15.446438789367676,tabpfn_finetune_epoch_chunks_f_mmd,internal validation_split_ratio=0.1 | c_selection=f_mmd | c_source=test | c_metric=standardized_l2 | c_reserve_ratio=0.2908641795,30,1,tabpfn_finetuning_api_f_mmd,acc,0.4090909090909091,0.4848484848484848,,,9,True,False,,f_mmd,test,standardized_l2,0.2908641795,1.7688546813568111,0.4890750712308898,,True
stage1_graph_scm_0117_seed42,/home/crc00006699/zh/tabiclv2/results/tabiclv2_prior_data/graph_scm_3stage_512_seed42/stage1_graph_scm_0117_seed42,multiclass,661,0,363,22,6,0.8953168044077136,0.8957219273590482,0.8850505248540479,0.988780204980102,0.3010509199802024,16.562126636505127,0.4276986122131347,ok,,661,661,0,363,,30,1e-05,True,16.561779260635376,tabpfn_finetune_epoch_chunks_f_mmd,internal validation_split_ratio=0.1 | c_selection=f_mmd | c_source=test | c_metric=standardized_l2 | c_reserve_ratio=0.2908641795,30,1,tabpfn_finetuning_api_f_mmd,acc,0.8484848484848485,0.9090909090909092,,,11,True,False,,f_mmd,test,standardized_l2,0.2908641795,2.623364593824585,1.8152819403920064,,True
stage1_graph_scm_0118_seed42,/home/crc00006699/zh/tabiclv2/results/tabiclv2_prior_data/graph_scm_3stage_512_seed42/stage1_graph_scm_0118_seed42,binclass,661,0,363,22,2,0.9008264462809916,0.900883803444046,0.9011277049679975,0.9661688509600732,0.2302211093310136,7.743850469589233,0.4640531539916992,ok,,661,661,0,363,,30,1e-05,True,7.743499517440796,tabpfn_finetune_epoch_chunks_f_mmd,internal validation_split_ratio=0.1 | c_selection=f_mmd | c_source=test | c_metric=standardized_l2 | c_reserve_ratio=0.2908641795,30,1,tabpfn_finetuning_api_f_mmd,acc,0.9545454545454546,0.9545454545454546,,,0,True,False,,f_mmd,test,standardized_l2,0.2908641795,2.1093594349100915,0.9119392004224158,,True
stage1_graph_scm_0119_seed42,/home/crc00006699/zh/tabiclv2/results/tabiclv2_prior_data/graph_scm_3stage_512_seed42/stage1_graph_scm_0119_seed42,multiclass,661,0,363,22,7,0.6887052341597796,0.6783683116569241,0.5815295866327361,0.9237543835705552,0.7596686993495732,11.508541107177734,0.4283568859100342,ok,,661,661,0,363,,30,1e-05,True,11.508193731307983,tabpfn_finetune_epoch_chunks_f_mmd,internal validation_split_ratio=0.1 | c_selection=f_mmd | c_source=test | c_metric=standardized_l2 | c_reserve_ratio=0.2908641795,30,1,tabpfn_finetuning_api_f_mmd,acc,0.6060606060606061,0.6515151515151515,,,4,True,False,,f_mmd,test,standardized_l2,0.2908641795,1.6737568869235817,0.4144750108079724,,True
stage1_graph_scm_0120_seed42,/home/crc00006699/zh/tabiclv2/results/tabiclv2_prior_data/graph_scm_3stage_512_seed42/stage1_graph_scm_0120_seed42,multiclass,747,0,277,43,6,0.9819494584837544,0.9817421617450208,0.96504884004884,0.9995697074010328,0.0540791859295535,14.669922590255736,0.4442191123962402,ok,,747,747,0,277,,30,1e-05,True,14.66950821876526,tabpfn_finetune_epoch_chunks_f_mmd,internal validation_split_ratio=0.1 | c_selection=f_mmd | c_source=test | c_metric=standardized_l2 | c_reserve_ratio=0.2908641795,30,1,tabpfn_finetuning_api_f_mmd,acc,0.9594594594594594,0.9864864864864864,,,7,True,False,,f_mmd,test,standardized_l2,0.2908641795,1.5228650994321424,0.3507691679625593,,True
stage1_graph_scm_0121_seed42,/home/crc00006699/zh/tabiclv2/results/tabiclv2_prior_data/graph_scm_3stage_512_seed42/stage1_graph_scm_0121_seed42,multiclass,747,0,277,43,5,0.6498194945848376,0.6133300995518247,0.6613130542539596,0.924897270564468,0.6376348325541252,8.56271743774414,0.4567780494689941,ok,,747,747,0,277,,30,1e-05,True,8.56236743927002,tabpfn_finetune_epoch_chunks_f_mmd,internal validation_split_ratio=0.1 | c_selection=f_mmd | c_source=test | c_metric=standardized_l2 | c_reserve_ratio=0.2908641795,30,1,tabpfn_finetuning_api_f_mmd,acc,0.6351351351351351,0.6351351351351351,,,0,True,False,,f_mmd,test,standardized_l2,0.2908641795,1.517557480221612,0.1798472322551114,,True
stage1_graph_scm_0122_seed42,/home/crc00006699/zh/tabiclv2/results/tabiclv2_prior_data/graph_scm_3stage_512_seed42/stage1_graph_scm_0122_seed42,multiclass,747,0,277,43,4,1.0,1.0,1.0,1.0,3.896089390620517e-05,7.968895673751831,0.4400813579559326,ok,,747,747,0,277,,30,1e-05,True,7.968483686447143,tabpfn_finetune_epoch_chunks_f_mmd,internal validation_split_ratio=0.1 | c_selection=f_mmd | c_source=test | c_metric=standardized_l2 | c_reserve_ratio=0.2908641795,30,1,tabpfn_finetuning_api_f_mmd,acc,1.0,1.0,,,0,True,False,,f_mmd,test,standardized_l2,0.2908641795,2.2771497463075865,0.4794677132501096,,True
stage1_graph_scm_0123_seed42,/home/crc00006699/zh/tabiclv2/results/tabiclv2_prior_data/graph_scm_3stage_512_seed42/stage1_graph_scm_0123_seed42,multiclass,747,0,277,43,5,1.0,1.0,1.0,1.0,0.0001384720182522,8.027829885482788,0.4298310279846191,ok,,747,747,0,277,,30,1e-05,True,8.027392148971558,tabpfn_finetune_epoch_chunks_f_mmd,internal validation_split_ratio=0.1 | c_selection=f_mmd | c_source=test | c_metric=standardized_l2 | c_reserve_ratio=0.2908641795,30,1,tabpfn_finetuning_api_f_mmd,acc,1.0,1.0,,,0,True,False,,f_mmd,test,standardized_l2,0.2908641795,3.2104202105641755,2.195041578946706,,True
stage1_graph_scm_0124_seed42,/home/crc00006699/zh/tabiclv2/results/tabiclv2_prior_data/graph_scm_3stage_512_seed42/stage1_graph_scm_0124_seed42,binclass,751,0,273,59,2,1.0,1.0,1.0,1.0,1.2998700350122885e-05,8.528250455856323,0.4475629329681396,ok,,751,751,0,273,,30,1e-05,True,8.527890682220459,tabpfn_finetune_epoch_chunks_f_mmd,internal validation_split_ratio=0.1 | c_selection=f_mmd | c_source=test | c_metric=standardized_l2 | c_reserve_ratio=0.2908641795,30,1,tabpfn_finetuning_api_f_mmd,acc,1.0,1.0,,,0,True,False,,f_mmd,test,standardized_l2,0.2908641795,2.0494734776472985,0.6248516175606942,,True
stage1_graph_scm_0125_seed42,/home/crc00006699/zh/tabiclv2/results/tabiclv2_prior_data/graph_scm_3stage_512_seed42/stage1_graph_scm_0125_seed42,multiclass,751,0,273,59,7,0.8901098901098901,0.8869434152383671,0.8355379786323132,0.9895702502908552,0.2654931924393112,17.44906520843506,0.4548468589782715,ok,,751,751,0,273,,30,1e-05,True,17.44864773750305,tabpfn_finetune_epoch_chunks_f_mmd,internal validation_split_ratio=0.1 | c_selection=f_mmd | c_source=test | c_metric=standardized_l2 | c_reserve_ratio=0.2908641795,30,1,tabpfn_finetuning_api_f_mmd,acc,0.8933333333333333,0.92,,,10,True,False,,f_mmd,test,standardized_l2,0.2908641795,2.0447565939022225,0.4956845373433143,,True
stage1_graph_scm_0126_seed42,/home/crc00006699/zh/tabiclv2/results/tabiclv2_prior_data/graph_scm_3stage_512_seed42/stage1_graph_scm_0126_seed42,multiclass,751,0,273,59,8,0.4358974358974359,0.3971740057881995,0.3212934407950231,0.7866032294791387,1.5390138525356565,8.908042430877686,0.507338285446167,ok,,751,751,0,273,,30,1e-05,True,8.907688617706299,tabpfn_finetune_epoch_chunks_f_mmd,internal validation_split_ratio=0.1 | c_selection=f_mmd | c_source=test | c_metric=standardized_l2 | c_reserve_ratio=0.2908641795,30,1,tabpfn_finetuning_api_f_mmd,acc,0.4666666666666667,0.4666666666666667,,,0,True,False,,f_mmd,test,standardized_l2,0.2908641795,2.065601365774981,0.913036415110392,,True
stage1_graph_scm_0127_seed42,/home/crc00006699/zh/tabiclv2/results/tabiclv2_prior_data/graph_scm_3stage_512_seed42/stage1_graph_scm_0127_seed42,multiclass,751,0,273,58,3,1.0,1.0,1.0,1.0,2.598796280625047e-05,8.368298530578613,0.4386870861053467,ok,,751,751,0,273,,30,1e-05,True,8.367944955825806,tabpfn_finetune_epoch_chunks_f_mmd,internal validation_split_ratio=0.1 | c_selection=f_mmd | c_source=test | c_metric=standardized_l2 | c_reserve_ratio=0.2908641795,30,1,tabpfn_finetuning_api_f_mmd,acc,1.0,1.0,,,0,True,False,,f_mmd,test,standardized_l2,0.2908641795,2.4741220137995983,2.859634964570512,,True
stage1_graph_scm_0128_seed42,/home/crc00006699/zh/tabiclv2/results/tabiclv2_prior_data/graph_scm_3stage_512_seed42/stage1_graph_scm_0128_seed42,multiclass,472,0,552,15,4,0.9927536231884058,0.9927441252325686,0.9894914800409088,0.9999217007139544,0.0203817825968365,7.602285146713257,0.4395444393157959,ok,,472,472,0,552,,30,1e-05,True,7.601926326751709,tabpfn_finetune_epoch_chunks_f_mmd,internal validation_split_ratio=0.1 | c_selection=f_mmd | c_source=test | c_metric=standardized_l2 | c_reserve_ratio=0.2908641795,30,1,tabpfn_finetuning_api_f_mmd,acc,1.0,1.0,,,0,True,False,,f_mmd,test,standardized_l2,0.2908641795,2.0888200210038765,1.012515019994447,,True
stage1_graph_scm_0129_seed42,/home/crc00006699/zh/tabiclv2/results/tabiclv2_prior_data/graph_scm_3stage_512_seed42/stage1_graph_scm_0129_seed42,multiclass,472,0,552,15,4,0.6286231884057971,0.616225669902306,0.5127521463130706,0.7951603344713256,0.9240909127584208,7.409292459487915,0.431640625,ok,,472,472,0,552,,30,1e-05,True,7.40894603729248,tabpfn_finetune_epoch_chunks_f_mmd,internal validation_split_ratio=0.1 | c_selection=f_mmd | c_source=test | c_metric=standardized_l2 | c_reserve_ratio=0.2908641795,30,1,tabpfn_finetuning_api_f_mmd,acc,0.7659574468085106,0.7659574468085106,,,0,True,False,,f_mmd,test,standardized_l2,0.2908641795,4.189656666235589,5.122337736964577,,True
stage1_graph_scm_0130_seed42,/home/crc00006699/zh/tabiclv2/results/tabiclv2_prior_data/graph_scm_3stage_512_seed42/stage1_graph_scm_0130_seed42,multiclass,472,0,552,15,3,0.8786231884057971,0.8693662832131891,0.7369006445428287,0.951937082808226,0.306531105551603,7.237641096115112,0.4272503852844238,ok,,472,472,0,552,,30,1e-05,True,7.237212181091309,tabpfn_finetune_epoch_chunks_f_mmd,internal validation_split_ratio=0.1 | c_selection=f_mmd | c_source=test | c_metric=standardized_l2 | c_reserve_ratio=0.2908641795,30,1,tabpfn_finetuning_api_f_mmd,acc,0.8723404255319149,0.8723404255319149,,,0,True,False,,f_mmd,test,standardized_l2,0.2908641795,2.3591400202941264,1.1069311504884085,,True
stage1_graph_scm_0131_seed42,/home/crc00006699/zh/tabiclv2/results/tabiclv2_prior_data/graph_scm_3stage_512_seed42/stage1_graph_scm_0131_seed42,binclass,472,0,552,11,2,1.0,1.0,1.0,1.0,8.672304559443754e-05,7.516125917434692,0.4309518337249756,ok,,472,472,0,552,,30,1e-05,True,7.515782594680786,tabpfn_finetune_epoch_chunks_f_mmd,internal validation_split_ratio=0.1 | c_selection=f_mmd | c_source=test | c_metric=standardized_l2 | c_reserve_ratio=0.2908641795,30,1,tabpfn_finetuning_api_f_mmd,acc,1.0,1.0,,,0,True,False,,f_mmd,test,standardized_l2,0.2908641795,2.185565795483157,1.9277165582860716,,True
stage1_graph_scm_0132_seed42,/home/crc00006699/zh/tabiclv2/results/tabiclv2_prior_data/graph_scm_3stage_512_seed42/stage1_graph_scm_0132_seed42,binclass,752,0,272,70,2,1.0,1.0,1.0,1.0,1.5624096094976657e-05,9.471556186676024,0.4968812465667724,ok,,752,752,0,272,,30,1e-05,True,9.471136569976808,tabpfn_finetune_epoch_chunks_f_mmd,internal validation_split_ratio=0.1 | c_selection=f_mmd | c_source=test | c_metric=standardized_l2 | c_reserve_ratio=0.2908641795,30,1,tabpfn_finetuning_api_f_mmd,acc,1.0,1.0,,,0,True,False,,f_mmd,test,standardized_l2,0.2908641795,1.4509054969645996,0.1187799863857183,,True
stage1_graph_scm_0133_seed42,/home/crc00006699/zh/tabiclv2/results/tabiclv2_prior_data/graph_scm_3stage_512_seed42/stage1_graph_scm_0133_seed42,multiclass,752,0,272,82,6,0.4595588235294117,0.3482402261972588,0.3096183255651694,0.7002209835363559,1.4466636708861238,11.536115169525146,0.4577283859252929,ok,,752,752,0,272,,30,1e-05,True,11.53576922416687,tabpfn_finetune_epoch_chunks_f_mmd,internal validation_split_ratio=0.1 | c_selection=f_mmd | c_source=test | c_metric=standardized_l2 | c_reserve_ratio=0.2908641795,30,1,tabpfn_finetuning_api_f_mmd,acc,0.5066666666666667,0.5333333333333333,,,3,True,False,,f_mmd,test,standardized_l2,0.2908641795,1.5209008409492717,0.3024956365295109,,True
stage1_graph_scm_0134_seed42,/home/crc00006699/zh/tabiclv2/results/tabiclv2_prior_data/graph_scm_3stage_512_seed42/stage1_graph_scm_0134_seed42,multiclass,752,0,272,88,5,0.5294117647058824,0.5208236697118969,0.4286606145973037,0.7571126536646309,1.207859722003492,10.419044733047484,0.4517674446105957,ok,,752,752,0,272,,30,1e-05,True,10.418694019317629,tabpfn_finetune_epoch_chunks_f_mmd,internal validation_split_ratio=0.1 | c_selection=f_mmd | c_source=test | c_metric=standardized_l2 | c_reserve_ratio=0.2908641795,30,1,tabpfn_finetuning_api_f_mmd,acc,0.4266666666666667,0.44,,,2,True,False,,f_mmd,test,standardized_l2,0.2908641795,2.69545496683444,3.372431680666101,,True
stage1_graph_scm_0135_seed42,/home/crc00006699/zh/tabiclv2/results/tabiclv2_prior_data/graph_scm_3stage_512_seed42/stage1_graph_scm_0135_seed42,multiclass,752,0,272,88,3,0.9705882352941176,0.968834033457184,0.8366796039209833,0.9947988655952086,0.0772918631869818,10.965435266494753,0.4723718166351318,ok,,752,752,0,272,,30,1e-05,True,10.965020418167114,tabpfn_finetune_epoch_chunks_f_mmd,internal validation_split_ratio=0.1 | c_selection=f_mmd | c_source=test | c_metric=standardized_l2 | c_reserve_ratio=0.2908641795,30,1,tabpfn_finetuning_api_f_mmd,acc,0.96,0.9733333333333334,,,2,True,False,,f_mmd,test,standardized_l2,0.2908641795,1.5941402939925018,0.2168048823659858,,True
stage1_graph_scm_0136_seed42,/home/crc00006699/zh/tabiclv2/results/tabiclv2_prior_data/graph_scm_3stage_512_seed42/stage1_graph_scm_0136_seed42,multiclass,771,0,253,43,7,0.9881422924901184,0.9881788705177976,0.9899659863945578,0.9995939224785372,0.0585502696108929,12.244460582733154,0.4704759120941162,ok,,771,771,0,253,,30,1e-05,True,12.244051456451416,tabpfn_finetune_epoch_chunks_f_mmd,internal validation_split_ratio=0.1 | c_selection=f_mmd | c_source=test | c_metric=standardized_l2 | c_reserve_ratio=0.2908641795,30,1,tabpfn_finetuning_api_f_mmd,acc,0.9090909090909092,0.935064935064935,,,4,True,False,,f_mmd,test,standardized_l2,0.2908641795,2.8647311848170705,3.7975590961982455,,True
stage1_graph_scm_0137_seed42,/home/crc00006699/zh/tabiclv2/results/tabiclv2_prior_data/graph_scm_3stage_512_seed42/stage1_graph_scm_0137_seed42,multiclass,771,0,253,43,5,1.0,1.0,1.0,1.0,0.0033683634987389,8.055549383163452,0.4531848430633545,ok,,771,771,0,253,,30,1e-05,True,8.055132150650024,tabpfn_finetune_epoch_chunks_f_mmd,internal validation_split_ratio=0.1 | c_selection=f_mmd | c_source=test | c_metric=standardized_l2 | c_reserve_ratio=0.2908641795,30,1,tabpfn_finetuning_api_f_mmd,acc,0.987012987012987,0.987012987012987,,,0,True,False,,f_mmd,test,standardized_l2,0.2908641795,1.70850012757139,0.2468636583233182,,True
stage1_graph_scm_0138_seed42,/home/crc00006699/zh/tabiclv2/results/tabiclv2_prior_data/graph_scm_3stage_512_seed42/stage1_graph_scm_0138_seed42,multiclass,771,0,253,42,5,0.5217391304347826,0.5014146501696445,0.4394588328274126,0.763393839013847,1.2593845264933377,12.236790657043455,0.4744830131530761,ok,,771,771,0,253,,30,1e-05,True,12.236435174942017,tabpfn_finetune_epoch_chunks_f_mmd,internal validation_split_ratio=0.1 | c_selection=f_mmd | c_source=test | c_metric=standardized_l2 | c_reserve_ratio=0.2908641795,30,1,tabpfn_finetuning_api_f_mmd,acc,0.4415584415584415,0.5064935064935064,,,4,True,False,,f_mmd,test,standardized_l2,0.2908641795,1.530349268549981,0.2068941915431006,,True
stage1_graph_scm_0139_seed42,/home/crc00006699/zh/tabiclv2/results/tabiclv2_prior_data/graph_scm_3stage_512_seed42/stage1_graph_scm_0139_seed42,multiclass,771,0,253,43,9,0.6798418972332015,0.6701054621786329,0.4990734360953107,0.944911036221192,0.846937532283381,8.891945123672485,0.4608001708984375,ok,,771,771,0,253,,30,1e-05,True,8.891517400741577,tabpfn_finetune_epoch_chunks_f_mmd,internal validation_split_ratio=0.1 | c_selection=f_mmd | c_source=test | c_metric=standardized_l2 | c_reserve_ratio=0.2908641795,30,1,tabpfn_finetuning_api_f_mmd,acc,0.6623376623376623,0.6623376623376623,,,0,True,False,,f_mmd,test,standardized_l2,0.2908641795,1.391830106573214,0.0707881060495396,,True
stage1_graph_scm_0140_seed42,/home/crc00006699/zh/tabiclv2/results/tabiclv2_prior_data/graph_scm_3stage_512_seed42/stage1_graph_scm_0140_seed42,binclass,678,0,346,5,2,1.0,1.0,1.0,1.0,1.3874043805959771e-05,7.658812522888184,0.4264271259307861,ok,,678,678,0,346,,30,1e-05,True,7.658464193344116,tabpfn_finetune_epoch_chunks_f_mmd,internal validation_split_ratio=0.1 | c_selection=f_mmd | c_source=test | c_metric=standardized_l2 | c_reserve_ratio=0.2908641795,30,1,tabpfn_finetuning_api_f_mmd,acc,1.0,1.0,,,0,True,False,,f_mmd,test,standardized_l2,0.2908641795,2.022187692699142,2.1681698070613558,,True
stage1_graph_scm_0141_seed42,/home/crc00006699/zh/tabiclv2/results/tabiclv2_prior_data/graph_scm_3stage_512_seed42/stage1_graph_scm_0141_seed42,multiclass,678,0,346,5,5,0.8526011560693642,0.847053511713336,0.7009176154609681,0.9693849201548892,0.3451655331092574,7.493968486785889,0.478489875793457,ok,,678,678,0,346,,30,1e-05,True,7.493609428405762,tabpfn_finetune_epoch_chunks_f_mmd,internal validation_split_ratio=0.1 | c_selection=f_mmd | c_source=test | c_metric=standardized_l2 | c_reserve_ratio=0.2908641795,30,1,tabpfn_finetuning_api_f_mmd,acc,0.8059701492537313,0.8059701492537313,,,0,True,False,,f_mmd,test,standardized_l2,0.2908641795,2.76904996577219,3.0096777164917645,,True
stage1_graph_scm_0142_seed42,/home/crc00006699/zh/tabiclv2/results/tabiclv2_prior_data/graph_scm_3stage_512_seed42/stage1_graph_scm_0142_seed42,multiclass,678,0,346,5,8,0.3930635838150289,0.3619283350838485,0.3594157734013422,0.7921948805386089,1.5606446433978836,7.550435304641724,0.4365785121917724,ok,,678,678,0,346,,30,1e-05,True,7.55008339881897,tabpfn_finetune_epoch_chunks_f_mmd,internal validation_split_ratio=0.1 | c_selection=f_mmd | c_source=test | c_metric=standardized_l2 | c_reserve_ratio=0.2908641795,30,1,tabpfn_finetuning_api_f_mmd,acc,0.417910447761194,0.417910447761194,,,0,True,False,,f_mmd,test,standardized_l2,0.2908641795,2.117603571267247,1.1625008209023844,,True
stage1_graph_scm_0143_seed42,/home/crc00006699/zh/tabiclv2/results/tabiclv2_prior_data/graph_scm_3stage_512_seed42/stage1_graph_scm_0143_seed42,multiclass,678,0,346,5,3,0.8757225433526011,0.8655853430099409,0.7589908865761567,0.9558777427679618,0.3271144402333579,7.409363746643066,0.4179072380065918,ok,,678,678,0,346,,30,1e-05,True,7.40900731086731,tabpfn_finetune_epoch_chunks_f_mmd,internal validation_split_ratio=0.1 | c_selection=f_mmd | c_source=test | c_metric=standardized_l2 | c_reserve_ratio=0.2908641795,30,1,tabpfn_finetuning_api_f_mmd,acc,0.8805970149253731,0.8805970149253731,,,0,True,False,,f_mmd,test,standardized_l2,0.2908641795,2.8299567146587843,2.4250005300647786,,True
stage1_graph_scm_0144_seed42,/home/crc00006699/zh/tabiclv2/results/tabiclv2_prior_data/graph_scm_3stage_512_seed42/stage1_graph_scm_0144_seed42,binclass,345,0,679,98,2,0.9116347569955816,0.9046068455946265,0.7623780881503381,0.9401230162775682,0.2104390240566811,9.271286725997925,0.6011037826538086,ok,,345,345,0,679,,30,1e-05,True,9.270872116088867,tabpfn_finetune_epoch_chunks_f_mmd,internal validation_split_ratio=0.1 | c_selection=f_mmd | c_source=test | c_metric=standardized_l2 | c_reserve_ratio=0.2908641795,30,1,tabpfn_finetuning_api_f_mmd,acc,0.7647058823529411,0.7647058823529411,,,0,True,False,,f_mmd,test,standardized_l2,0.2908641795,1.442436901001784,0.0947100860272087,,True
stage1_graph_scm_0145_seed42,/home/crc00006699/zh/tabiclv2/results/tabiclv2_prior_data/graph_scm_3stage_512_seed42/stage1_graph_scm_0145_seed42,multiclass,345,0,679,98,5,0.845360824742268,0.8453115756354092,0.8278002220698536,0.9778906303685644,0.4461286424615003,13.980663061141968,0.5422980785369873,ok,,345,345,0,679,,30,1e-05,True,13.980310916900637,tabpfn_finetune_epoch_chunks_f_mmd,internal validation_split_ratio=0.1 | c_selection=f_mmd | c_source=test | c_metric=standardized_l2 | c_reserve_ratio=0.2908641795,30,1,tabpfn_finetuning_api_f_mmd,acc,0.9117647058823528,0.9411764705882352,,,3,True,False,,f_mmd,test,standardized_l2,0.2908641795,1.529949717181373,0.1281819443374988,,True
stage1_graph_scm_0146_seed42,/home/crc00006699/zh/tabiclv2/results/tabiclv2_prior_data/graph_scm_3stage_512_seed42/stage1_graph_scm_0146_seed42,multiclass,345,0,679,98,3,0.6347569955817378,0.6290040072947537,0.6001978016395628,0.8111453621121495,0.7876469277495961,18.66243886947632,0.5093202590942383,ok,,345,345,0,679,,30,1e-05,True,18.66208028793335,tabpfn_finetune_epoch_chunks_f_mmd,internal validation_split_ratio=0.1 | c_selection=f_mmd | c_source=test | c_metric=standardized_l2 | c_reserve_ratio=0.2908641795,30,1,tabpfn_finetuning_api_f_mmd,acc,0.5,0.5882352941176471,,,9,True,False,,f_mmd,test,standardized_l2,0.2908641795,2.522711831297768,0.6180054545555089,,True
stage1_graph_scm_0147_seed42,/home/crc00006699/zh/tabiclv2/results/tabiclv2_prior_data/graph_scm_3stage_512_seed42/stage1_graph_scm_0147_seed42,multiclass,345,0,679,98,3,0.9042709867452136,0.8989603323115953,0.8197399527186762,0.9521951426268934,0.257775890171379,8.131345987319946,0.4699242115020752,ok,,345,345,0,679,,30,1e-05,True,8.130992412567139,tabpfn_finetune_epoch_chunks_f_mmd,internal validation_split_ratio=0.1 | c_selection=f_mmd | c_source=test | c_metric=standardized_l2 | c_reserve_ratio=0.2908641795,30,1,tabpfn_finetuning_api_f_mmd,acc,0.9411764705882352,0.9411764705882352,,,0,True,False,,f_mmd,test,standardized_l2,0.2908641795,2.7360081384498103,1.7264121222605289,,True
stage1_graph_scm_0148_seed42,/home/crc00006699/zh/tabiclv2/results/tabiclv2_prior_data/graph_scm_3stage_512_seed42/stage1_graph_scm_0148_seed42,binclass,381,0,643,17,2,1.0,1.0,1.0,1.0,2.228858874009157e-05,7.810612678527832,0.4426729679107666,ok,,381,381,0,643,,30,1e-05,True,7.810246706008911,tabpfn_finetune_epoch_chunks_f_mmd,internal validation_split_ratio=0.1 | c_selection=f_mmd | c_source=test | c_metric=standardized_l2 | c_reserve_ratio=0.2908641795,30,1,tabpfn_finetuning_api_f_mmd,acc,1.0,1.0,,,0,True,False,,f_mmd,test,standardized_l2,0.2908641795,1.7682016867142512,0.5472332494787487,,True
stage1_graph_scm_0149_seed42,/home/crc00006699/zh/tabiclv2/results/tabiclv2_prior_data/graph_scm_3stage_512_seed42/stage1_graph_scm_0149_seed42,multiclass,381,0,643,21,4,0.5443234836702955,0.5206152211045034,0.5020231716115863,0.7635718779712564,1.061425048470556,10.339218854904177,0.4429974555969238,ok,,381,381,0,643,,30,1e-05,True,10.338806867599487,tabpfn_finetune_epoch_chunks_f_mmd,internal validation_split_ratio=0.1 | c_selection=f_mmd | c_source=test | c_metric=standardized_l2 | c_reserve_ratio=0.2908641795,30,1,tabpfn_finetuning_api_f_mmd,acc,0.5263157894736842,0.5526315789473685,,,3,True,False,,f_mmd,test,standardized_l2,0.2908641795,2.179155030025256,0.3552321342649284,,True
stage1_graph_scm_0150_seed42,/home/crc00006699/zh/tabiclv2/results/tabiclv2_prior_data/graph_scm_3stage_512_seed42/stage1_graph_scm_0150_seed42,multiclass,381,0,643,21,10,0.2286158631415241,0.2055083842115245,0.2361523246058115,0.7705531684021547,1.8921617197327327,14.13303017616272,0.4294464588165283,ok,,381,381,0,643,,30,1e-05,True,14.13266658782959,tabpfn_finetune_epoch_chunks_f_mmd,internal validation_split_ratio=0.1 | c_selection=f_mmd | c_source=test | c_metric=standardized_l2 | c_reserve_ratio=0.2908641795,30,1,tabpfn_finetuning_api_f_mmd,acc,0.2894736842105263,0.3684210526315789,,,8,True,False,,f_mmd,test,standardized_l2,0.2908641795,2.2620734148412565,1.098632244282866,,True
stage1_graph_scm_0151_seed42,/home/crc00006699/zh/tabiclv2/results/tabiclv2_prior_data/graph_scm_3stage_512_seed42/stage1_graph_scm_0151_seed42,binclass,381,0,643,21,2,1.0,1.0,1.0,1.0,0.0014113622853399,7.548690795898437,0.4408521652221679,ok,,381,381,0,643,,30,1e-05,True,7.548335552215576,tabpfn_finetune_epoch_chunks_f_mmd,internal validation_split_ratio=0.1 | c_selection=f_mmd | c_source=test | c_metric=standardized_l2 | c_reserve_ratio=0.2908641795,30,1,tabpfn_finetuning_api_f_mmd,acc,1.0,1.0,,,0,True,False,,f_mmd,test,standardized_l2,0.2908641795,1.490010305354058,0.1105114527836255,,True
stage1_graph_scm_0152_seed42,/home/crc00006699/zh/tabiclv2/results/tabiclv2_prior_data/graph_scm_3stage_512_seed42/stage1_graph_scm_0152_seed42,binclass,592,0,432,75,2,0.9652777777777778,0.965299234859137,0.965884631941455,0.993801119242359,0.1002592330348447,15.140145778656006,0.5311176776885986,ok,,592,592,0,432,,30,1e-05,True,15.139789581298828,tabpfn_finetune_epoch_chunks_f_mmd,internal validation_split_ratio=0.1 | c_selection=f_mmd | c_source=test | c_metric=standardized_l2 | c_reserve_ratio=0.2908641795,30,1,tabpfn_finetuning_api_f_mmd,acc,0.9491525423728814,0.9830508474576272,,,6,True,False,,f_mmd,test,standardized_l2,0.2908641795,1.542390752725063,0.1286808596596591,,True
stage1_graph_scm_0153_seed42,/home/crc00006699/zh/tabiclv2/results/tabiclv2_prior_data/graph_scm_3stage_512_seed42/stage1_graph_scm_0153_seed42,multiclass,592,0,432,79,6,0.9189814814814816,0.9170394690952456,0.8403435770443443,0.9936399730532312,0.2666423586382823,15.652901649475098,0.4444255828857422,ok,,592,592,0,432,,30,1e-05,True,15.652546882629396,tabpfn_finetune_epoch_chunks_f_mmd,internal validation_split_ratio=0.1 | c_selection=f_mmd | c_source=test | c_metric=standardized_l2 | c_reserve_ratio=0.2908641795,30,1,tabpfn_finetuning_api_f_mmd,acc,0.8983050847457628,0.9322033898305084,,,8,True,False,,f_mmd,test,standardized_l2,0.2908641795,1.7545001360759491,0.2925061078922175,,True
stage1_graph_scm_0154_seed42,/home/crc00006699/zh/tabiclv2/results/tabiclv2_prior_data/graph_scm_3stage_512_seed42/stage1_graph_scm_0154_seed42,multiclass,592,0,432,79,4,0.9861111111111112,0.9860970139648472,0.983143009979842,0.9992035852167896,0.0628296150923526,12.059789896011353,0.456329345703125,ok,,592,592,0,432,,30,1e-05,True,12.059370279312134,tabpfn_finetune_epoch_chunks_f_mmd,internal validation_split_ratio=0.1 | c_selection=f_mmd | c_source=test | c_metric=standardized_l2 | c_reserve_ratio=0.2908641795,30,1,tabpfn_finetuning_api_f_mmd,acc,0.9661016949152542,0.9830508474576272,,,4,True,False,,f_mmd,test,standardized_l2,0.2908641795,2.599290563465973,2.5263879334514088,,True
stage1_graph_scm_0155_seed42,/home/crc00006699/zh/tabiclv2/results/tabiclv2_prior_data/graph_scm_3stage_512_seed42/stage1_graph_scm_0155_seed42,binclass,592,0,432,67,2,1.0,1.0,1.0,1.0,5.346537333308731e-05,8.730710506439209,0.4973325729370117,ok,,592,592,0,432,,30,1e-05,True,8.730364084243774,tabpfn_finetune_epoch_chunks_f_mmd,internal validation_split_ratio=0.1 | c_selection=f_mmd | c_source=test | c_metric=standardized_l2 | c_reserve_ratio=0.2908641795,30,1,tabpfn_finetuning_api_f_mmd,acc,1.0,1.0,,,0,True,False,,f_mmd,test,standardized_l2,0.2908641795,2.4644645930981928,1.7297099947653307,,True
stage1_graph_scm_0156_seed42,/home/crc00006699/zh/tabiclv2/results/tabiclv2_prior_data/graph_scm_3stage_512_seed42/stage1_graph_scm_0156_seed42,multiclass,521,0,503,83,3,0.9900596421471172,0.9899978645785164,0.9831649831649832,0.999691828814029,0.033894851265328,8.20052981376648,0.483497142791748,ok,,521,521,0,503,,30,1e-05,True,8.200181245803833,tabpfn_finetune_epoch_chunks_f_mmd,internal validation_split_ratio=0.1 | c_selection=f_mmd | c_source=test | c_metric=standardized_l2 | c_reserve_ratio=0.2908641795,30,1,tabpfn_finetuning_api_f_mmd,acc,1.0,1.0,,,0,True,False,,f_mmd,test,standardized_l2,0.2908641795,3.3107274072711785,3.053907354259999,,True
stage1_graph_scm_0157_seed42,/home/crc00006699/zh/tabiclv2/results/tabiclv2_prior_data/graph_scm_3stage_512_seed42/stage1_graph_scm_0157_seed42,multiclass,521,0,503,83,3,0.9940357852882704,0.994033408874296,0.9945697577276524,0.9999550436471096,0.0109153664718381,9.248446464538574,0.505563497543335,ok,,521,521,0,503,,30,1e-05,True,9.248028993606567,tabpfn_finetune_epoch_chunks_f_mmd,internal validation_split_ratio=0.1 | c_selection=f_mmd | c_source=test | c_metric=standardized_l2 | c_reserve_ratio=0.2908641795,30,1,tabpfn_finetuning_api_f_mmd,acc,1.0,1.0,,,0,True,False,,f_mmd,test,standardized_l2,0.2908641795,1.96117051483904,0.641628785711092,,True
stage1_graph_scm_0158_seed42,/home/crc00006699/zh/tabiclv2/results/tabiclv2_prior_data/graph_scm_3stage_512_seed42/stage1_graph_scm_0158_seed42,multiclass,521,0,503,83,8,0.5606361829025845,0.4963200625498108,0.3961556550500927,0.8870349820374486,1.1174975815232069,12.624517917633057,0.4623603820800781,ok,,521,521,0,503,,30,1e-05,True,12.624159574508669,tabpfn_finetune_epoch_chunks_f_mmd,internal validation_split_ratio=0.1 | c_selection=f_mmd | c_source=test | c_metric=standardized_l2 | c_reserve_ratio=0.2908641795,30,1,tabpfn_finetuning_api_f_mmd,acc,0.5384615384615384,0.5769230769230769,,,5,True,False,,f_mmd,test,standardized_l2,0.2908641795,1.9314975250504236,0.6150711304059779,,True
stage1_graph_scm_0159_seed42,/home/crc00006699/zh/tabiclv2/results/tabiclv2_prior_data/graph_scm_3stage_512_seed42/stage1_graph_scm_0159_seed42,binclass,521,0,503,72,2,1.0,1.0,1.0,1.0,1.347738273137394e-05,9.15882921218872,0.4893603324890136,ok,,521,521,0,503,,30,1e-05,True,9.158449172973633,tabpfn_finetune_epoch_chunks_f_mmd,internal validation_split_ratio=0.1 | c_selection=f_mmd | c_source=test | c_metric=standardized_l2 | c_reserve_ratio=0.2908641795,30,1,tabpfn_finetuning_api_f_mmd,acc,1.0,1.0,,,0,True,False,,f_mmd,test,standardized_l2,0.2908641795,2.169447887746189,1.0332933218762763,,True
stage1_graph_scm_0160_seed42,/home/crc00006699/zh/tabiclv2/results/tabiclv2_prior_data/graph_scm_3stage_512_seed42/stage1_graph_scm_0160_seed42,multiclass,483,0,541,63,5,0.5508317929759704,0.5430484019330635,0.5337983303276272,0.8240980890439624,1.1523442901915195,11.461601734161375,0.506704568862915,ok,,483,483,0,541,,30,1e-05,True,11.46125555038452,tabpfn_finetune_epoch_chunks_f_mmd,internal validation_split_ratio=0.1 | c_selection=f_mmd | c_source=test | c_metric=standardized_l2 | c_reserve_ratio=0.2908641795,30,1,tabpfn_finetuning_api_f_mmd,acc,0.3958333333333333,0.4166666666666667,,,2,True,False,,f_mmd,test,standardized_l2,0.2908641795,1.4279218883080047,0.0991036310287173,,True
stage1_graph_scm_0161_seed42,/home/crc00006699/zh/tabiclv2/results/tabiclv2_prior_data/graph_scm_3stage_512_seed42/stage1_graph_scm_0161_seed42,multiclass,483,0,541,70,8,0.9870609981515712,0.986943407378876,0.9714798359535202,0.9996919263466792,0.0515606042295464,7.9785847663879395,0.4505922794342041,ok,,483,483,0,541,,30,1e-05,True,7.978236198425293,tabpfn_finetune_epoch_chunks_f_mmd,internal validation_split_ratio=0.1 | c_selection=f_mmd | c_source=test | c_metric=standardized_l2 | c_reserve_ratio=0.2908641795,30,1,tabpfn_finetuning_api_f_mmd,acc,0.9791666666666666,0.9791666666666666,,,0,True,False,,f_mmd,test,standardized_l2,0.2908641795,2.218446325012224,0.7268526170898566,,True
stage1_graph_scm_0162_seed42,/home/crc00006699/zh/tabiclv2/results/tabiclv2_prior_data/graph_scm_3stage_512_seed42/stage1_graph_scm_0162_seed42,multiclass,483,0,541,70,6,1.0,1.0,1.0,1.0,0.0003148489738171,7.800775051116943,0.4438545703887939,ok,,483,483,0,541,,30,1e-05,True,7.800417900085449,tabpfn_finetune_epoch_chunks_f_mmd,internal validation_split_ratio=0.1 | c_selection=f_mmd | c_source=test | c_metric=standardized_l2 | c_reserve_ratio=0.2908641795,30,1,tabpfn_finetuning_api_f_mmd,acc,1.0,1.0,,,0,True,False,,f_mmd,test,standardized_l2,0.2908641795,1.947485272332204,0.4213927215008566,,True
stage1_graph_scm_0163_seed42,/home/crc00006699/zh/tabiclv2/results/tabiclv2_prior_data/graph_scm_3stage_512_seed42/stage1_graph_scm_0163_seed42,multiclass,483,0,541,70,6,0.499075785582255,0.4660566608023083,0.4012284277268483,0.7998338171825271,1.3082695360327283,14.428613424301147,0.4846506118774414,ok,,483,483,0,541,,30,1e-05,True,14.428203105926514,tabpfn_finetune_epoch_chunks_f_mmd,internal validation_split_ratio=0.1 | c_selection=f_mmd | c_source=test | c_metric=standardized_l2 | c_reserve_ratio=0.2908641795,30,1,tabpfn_finetuning_api_f_mmd,acc,0.4583333333333333,0.5,,,6,True,False,,f_mmd,test,standardized_l2,0.2908641795,1.4762971733289376,0.1303519190170438,,True
stage1_graph_scm_0164_seed42,/home/crc00006699/zh/tabiclv2/results/tabiclv2_prior_data/graph_scm_3stage_512_seed42/stage1_graph_scm_0164_seed42,binclass,509,0,515,33,2,0.966990291262136,0.9669520400063134,0.9660619803476946,0.9970521541950114,0.0753525635382045,7.447675228118896,0.4337918758392334,ok,,509,509,0,515,,30,1e-05,True,7.447259664535522,tabpfn_finetune_epoch_chunks_f_mmd,internal validation_split_ratio=0.1 | c_selection=f_mmd | c_source=test | c_metric=standardized_l2 | c_reserve_ratio=0.2908641795,30,1,tabpfn_finetuning_api_f_mmd,acc,0.98,0.98,,,0,True,False,,f_mmd,test,standardized_l2,0.2908641795,2.663499838272315,1.5221607544846876,,True
stage1_graph_scm_0165_seed42,/home/crc00006699/zh/tabiclv2/results/tabiclv2_prior_data/graph_scm_3stage_512_seed42/stage1_graph_scm_0165_seed42,multiclass,509,0,515,33,7,0.5281553398058253,0.411722718617568,0.2176870748299319,0.6247418826369463,1.3683910264343655,9.504111289978027,0.4270539283752441,ok,,509,509,0,515,,30,1e-05,True,9.503676652908323,tabpfn_finetune_epoch_chunks_f_mmd,internal validation_split_ratio=0.1 | c_selection=f_mmd | c_source=test | c_metric=standardized_l2 | c_reserve_ratio=0.2908641795,30,1,tabpfn_finetuning_api_f_mmd,acc,0.52,0.54,,,2,True,False,,f_mmd,test,standardized_l2,0.2908641795,1.909082592881276,0.7253845001401358,,True
stage1_graph_scm_0166_seed42,/home/crc00006699/zh/tabiclv2/results/tabiclv2_prior_data/graph_scm_3stage_512_seed42/stage1_graph_scm_0166_seed42,multiclass,509,0,515,33,5,0.996116504854369,0.9961191559119564,0.9941371158392436,0.9999735022313244,0.0118041107363053,8.057139158248901,0.4548394680023193,ok,,509,509,0,515,,30,1e-05,True,8.056792497634888,tabpfn_finetune_epoch_chunks_f_mmd,internal validation_split_ratio=0.1 | c_selection=f_mmd | c_source=test | c_metric=standardized_l2 | c_reserve_ratio=0.2908641795,30,1,tabpfn_finetuning_api_f_mmd,acc,1.0,1.0,,,0,True,False,,f_mmd,test,standardized_l2,0.2908641795,1.681680015829199,0.31295524752775,,True
stage1_graph_scm_0167_seed42,/home/crc00006699/zh/tabiclv2/results/tabiclv2_prior_data/graph_scm_3stage_512_seed42/stage1_graph_scm_0167_seed42,multiclass,509,0,515,31,7,0.6504854368932039,0.6334153673025044,0.5664941962646697,0.9343482723972214,0.7636116889555962,8.04002070426941,0.4768002033233642,ok,,509,509,0,515,,30,1e-05,True,8.039669513702393,tabpfn_finetune_epoch_chunks_f_mmd,internal validation_split_ratio=0.1 | c_selection=f_mmd | c_source=test | c_metric=standardized_l2 | c_reserve_ratio=0.2908641795,30,1,tabpfn_finetuning_api_f_mmd,acc,0.62,0.62,,,0,True,False,,f_mmd,test,standardized_l2,0.2908641795,1.580187246093406,0.6591229451899869,,True
stage1_graph_scm_0168_seed42,/home/crc00006699/zh/tabiclv2/results/tabiclv2_prior_data/graph_scm_3stage_512_seed42/stage1_graph_scm_0168_seed42,multiclass,721,0,303,31,8,0.834983498349835,0.8195569657885278,0.5930027494511357,0.9538305757847252,0.4864881542956839,10.338085412979126,0.4572196006774902,ok,,721,721,0,303,,30,1e-05,True,10.337735176086426,tabpfn_finetune_epoch_chunks_f_mmd,internal validation_split_ratio=0.1 | c_selection=f_mmd | c_source=test | c_metric=standardized_l2 | c_reserve_ratio=0.2908641795,30,1,tabpfn_finetuning_api_f_mmd,acc,0.7777777777777778,0.7916666666666666,,,2,True,False,,f_mmd,test,standardized_l2,0.2908641795,2.14283902750211,1.3813528612884556,,True
stage1_graph_scm_0169_seed42,/home/crc00006699/zh/tabiclv2/results/tabiclv2_prior_data/graph_scm_3stage_512_seed42/stage1_graph_scm_0169_seed42,multiclass,721,0,303,31,9,0.4785478547854785,0.3858439278989214,0.3443278147579223,0.832794529378881,1.3350768321833415,7.706692218780518,0.4255616664886474,ok,,721,721,0,303,,30,1e-05,True,7.706336259841919,tabpfn_finetune_epoch_chunks_f_mmd,internal validation_split_ratio=0.1 | c_selection=f_mmd | c_source=test | c_metric=standardized_l2 | c_reserve_ratio=0.2908641795,30,1,tabpfn_finetuning_api_f_mmd,acc,0.4305555555555556,0.4305555555555556,,,0,True,False,,f_mmd,test,standardized_l2,0.2908641795,1.6763132999997017,0.1993450697921849,,True
stage1_graph_scm_0170_seed42,/home/crc00006699/zh/tabiclv2/results/tabiclv2_prior_data/graph_scm_3stage_512_seed42/stage1_graph_scm_0170_seed42,multiclass,721,0,303,31,7,0.5478547854785478,0.5262411579581049,0.5102471407407008,0.7933445626767083,1.3075449400709334,12.881284713745115,0.4366922378540039,ok,,721,721,0,303,,30,1e-05,True,12.880938529968262,tabpfn_finetune_epoch_chunks_f_mmd,internal validation_split_ratio=0.1 | c_selection=f_mmd | c_source=test | c_metric=standardized_l2 | c_reserve_ratio=0.2908641795,30,1,tabpfn_finetuning_api_f_mmd,acc,0.5,0.5555555555555556,,,6,True,False,,f_mmd,test,standardized_l2,0.2908641795,1.5124441677929643,0.1297653511545568,,True
stage2_graph_scm_0000_seed42,/home/crc00006699/zh/tabiclv2/results/tabiclv2_prior_data/graph_scm_3stage_512_seed42/stage2_graph_scm_0000_seed42,multiclass,1448,0,344,58,7,0.9302325581395348,0.9300258673888268,0.8885365913574524,0.9959128687258924,0.1600208511766818,13.196091175079346,0.5034909248352051,ok,,1448,1448,0,344,,30,1e-05,True,13.195721864700316,tabpfn_finetune_epoch_chunks_f_mmd,internal validation_split_ratio=0.1 | c_selection=f_mmd | c_source=test | c_metric=standardized_l2 | c_reserve_ratio=0.2908641795,30,1,tabpfn_finetuning_api_f_mmd,acc,0.8819444444444444,0.9236111111111112,,,3,True,False,,f_mmd,test,standardized_l2,0.2908641795,2.354840406989981,2.336085671703525,,True
stage2_graph_scm_0001_seed42,/home/crc00006699/zh/tabiclv2/results/tabiclv2_prior_data/graph_scm_3stage_512_seed42/stage2_graph_scm_0001_seed42,binclass,5203,0,1266,41,2,1.0,1.0,1.0,1.0,1.2994603206775753e-05,13.815888166427612,1.4582040309906006,ok,,5203,5203,0,1266,,30,1e-05,True,13.815454959869385,tabpfn_finetune_epoch_chunks_f_mmd,internal validation_split_ratio=0.1 | c_selection=f_mmd | c_source=test | c_metric=standardized_l2 | c_reserve_ratio=0.2908641795,30,1,tabpfn_finetuning_api_f_mmd,acc,1.0,1.0,,,0,True,False,,f_mmd,test,standardized_l2,0.2908641795,1.668616692628248,0.2052442557773528,,True
stage2_graph_scm_0002_seed42,/home/crc00006699/zh/tabiclv2/results/tabiclv2_prior_data/graph_scm_3stage_512_seed42/stage2_graph_scm_0002_seed42,binclass,3427,0,836,41,2,1.0,1.0,1.0,1.0,1.3435523645091782e-05,11.127679347991943,1.0819387435913086,ok,,3427,3427,0,836,,30,1e-05,True,11.127315759658812,tabpfn_finetune_epoch_chunks_f_mmd,internal validation_split_ratio=0.1 | c_selection=f_mmd | c_source=test | c_metric=standardized_l2 | c_reserve_ratio=0.2908641795,30,1,tabpfn_finetuning_api_f_mmd,acc,1.0,1.0,,,0,True,False,,f_mmd,test,standardized_l2,0.2908641795,2.0988040023183743,0.7646264556099028,,True
stage2_graph_scm_0003_seed42,/home/crc00006699/zh/tabiclv2/results/tabiclv2_prior_data/graph_scm_3stage_512_seed42/stage2_graph_scm_0003_seed42,multiclass,535,0,136,5,3,0.5073529411764706,0.4900240338042443,0.4554093567251462,0.7169729629227986,0.8863604827300985,7.623989820480347,0.4351279735565185,ok,,535,535,0,136,,30,1e-05,True,7.623615980148315,tabpfn_finetune_epoch_chunks_f_mmd,internal validation_split_ratio=0.1 | c_selection=f_mmd | c_source=test | c_metric=standardized_l2 | c_reserve_ratio=0.2908641795,30,1,tabpfn_finetuning_api_f_mmd,acc,0.6415094339622641,0.6415094339622641,,,0,True,False,,f_mmd,test,standardized_l2,0.2908641795,1.9240475305936688,0.3708631666990505,,True
stage2_graph_scm_0004_seed42,/home/crc00006699/zh/tabiclv2/results/tabiclv2_prior_data/graph_scm_3stage_512_seed42/stage2_graph_scm_0004_seed42,multiclass,601,0,147,80,6,1.0,1.0,1.0,1.0,0.0051863508480808,8.31442642211914,0.4472455978393554,ok,,601,601,0,147,,30,1e-05,True,8.314077377319336,tabpfn_finetune_epoch_chunks_f_mmd,internal validation_split_ratio=0.1 | c_selection=f_mmd | c_source=test | c_metric=standardized_l2 | c_reserve_ratio=0.2908641795,30,1,tabpfn_finetuning_api_f_mmd,acc,1.0,1.0,,,0,True,False,,f_mmd,test,standardized_l2,0.2908641795,2.3761863507521515,1.3593231015113822,,True
stage2_graph_scm_0005_seed42,/home/crc00006699/zh/tabiclv2/results/tabiclv2_prior_data/graph_scm_3stage_512_seed42/stage2_graph_scm_0005_seed42,multiclass,849,0,205,70,5,0.4048780487804878,0.4031205143826286,0.3888587085207861,0.6926379837887229,1.4699822264039062,16.696613550186157,0.4739699363708496,ok,,849,849,0,205,,30,1e-05,True,16.69625949859619,tabpfn_finetune_epoch_chunks_f_mmd,internal validation_split_ratio=0.1 | c_selection=f_mmd | c_source=test | c_metric=standardized_l2 | c_reserve_ratio=0.2908641795,30,1,tabpfn_finetuning_api_f_mmd,acc,0.369047619047619,0.4047619047619047,,,7,True,False,,f_mmd,test,standardized_l2,0.2908641795,1.5149786412380044,0.2258134078924818,,True
stage2_graph_scm_0006_seed42,/home/crc00006699/zh/tabiclv2/results/tabiclv2_prior_data/graph_scm_3stage_512_seed42/stage2_graph_scm_0006_seed42,multiclass,6680,0,1584,71,3,0.9532828282828284,0.941248320204202,0.7198863797269989,0.9795228832876692,0.1194255995888425,37.29213786125183,2.535688877105713,ok,,6680,6680,0,1584,,30,1e-05,True,37.29171943664551,tabpfn_finetune_epoch_chunks_f_mmd,internal validation_split_ratio=0.1 | c_selection=f_mmd | c_source=test | c_metric=standardized_l2 | c_reserve_ratio=0.2908641795,30,1,tabpfn_finetuning_api_f_mmd,acc,0.9580838323353292,0.9595808383233532,,,6,True,False,,f_mmd,test,standardized_l2,0.2908641795,1.7089423681503155,0.3038731733526685,,True
stage2_graph_scm_0007_seed42,/home/crc00006699/zh/tabiclv2/results/tabiclv2_prior_data/graph_scm_3stage_512_seed42/stage2_graph_scm_0007_seed42,multiclass,1930,0,488,75,7,0.7254098360655737,0.6684382416407542,0.713871635610766,0.9565596583471156,0.3687166973783753,11.973530530929564,1.2658488750457764,ok,,1930,1930,0,488,,30,1e-05,True,11.973151922225952,tabpfn_finetune_epoch_chunks_f_mmd,internal validation_split_ratio=0.1 | c_selection=f_mmd | c_source=test | c_metric=standardized_l2 | c_reserve_ratio=0.2908641795,30,1,tabpfn_finetuning_api_f_mmd,acc,0.7253886010362695,0.7305699481865285,,,2,True,False,,f_mmd,test,standardized_l2,0.2908641795,2.103959598683072,1.2471758205042909,,True
stage2_graph_scm_0008_seed42,/home/crc00006699/zh/tabiclv2/results/tabiclv2_prior_data/graph_scm_3stage_512_seed42/stage2_graph_scm_0008_seed42,multiclass,6852,0,1766,53,7,0.9337485843714608,0.9336036120028716,0.9293812374348336,0.9967492795330428,0.1628653663328908,19.874875783920288,2.260764837265014,ok,,6852,6852,0,1766,,30,1e-05,True,19.87445044517517,tabpfn_finetune_epoch_chunks_f_mmd,internal validation_split_ratio=0.1 | c_selection=f_mmd | c_source=test | c_metric=standardized_l2 | c_reserve_ratio=0.2908641795,30,1,tabpfn_finetuning_api_f_mmd,acc,0.9532846715328468,0.9532846715328468,,,0,True,False,,f_mmd,test,standardized_l2,0.2908641795,2.0007035423108857,2.23194085115945,,True
stage2_graph_scm_0009_seed42,/home/crc00006699/zh/tabiclv2/results/tabiclv2_prior_data/graph_scm_3stage_512_seed42/stage2_graph_scm_0009_seed42,multiclass,1613,0,398,84,8,0.4798994974874372,0.3669454940466263,0.3124629507622855,0.83414208061045,1.3631705072099356,9.541778802871704,0.5623652935028076,ok,,1613,1613,0,398,,30,1e-05,True,9.541425704956056,tabpfn_finetune_epoch_chunks_f_mmd,internal validation_split_ratio=0.1 | c_selection=f_mmd | c_source=test | c_metric=standardized_l2 | c_reserve_ratio=0.2908641795,30,1,tabpfn_finetuning_api_f_mmd,acc,0.546583850931677,0.546583850931677,,,0,True,False,,f_mmd,test,standardized_l2,0.2908641795,2.8127516065556297,3.618166134181032,,True
stage2_graph_scm_0010_seed42,/home/crc00006699/zh/tabiclv2/results/tabiclv2_prior_data/graph_scm_3stage_512_seed42/stage2_graph_scm_0010_seed42,multiclass,3982,0,956,83,4,0.944560669456067,0.9437211407607536,0.8880424243723872,0.994803114055612,0.1195738791022762,17.058793544769287,1.9614620208740237,ok,,3982,3982,0,956,,30,1e-05,True,17.05843186378479,tabpfn_finetune_epoch_chunks_f_mmd,internal validation_split_ratio=0.1 | c_selection=f_mmd | c_source=test | c_metric=standardized_l2 | c_reserve_ratio=0.2908641795,30,1,tabpfn_finetuning_api_f_mmd,acc,0.9698492462311558,0.9698492462311558,,,0,True,False,,f_mmd,test,standardized_l2,0.2908641795,1.757711711886258,0.4933708994115091,,True
stage2_graph_scm_0011_seed42,/home/crc00006699/zh/tabiclv2/results/tabiclv2_prior_data/graph_scm_3stage_512_seed42/stage2_graph_scm_0011_seed42,multiclass,931,0,228,54,7,0.9605263157894736,0.9577533909303572,0.8687755102040817,0.998950562983814,0.0658742121523545,9.938230037689207,0.4585664272308349,ok,,931,931,0,228,,30,1e-05,True,9.937869548797607,tabpfn_finetune_epoch_chunks_f_mmd,internal validation_split_ratio=0.1 | c_selection=f_mmd | c_source=test | c_metric=standardized_l2 | c_reserve_ratio=0.2908641795,30,1,tabpfn_finetuning_api_f_mmd,acc,0.978494623655914,0.989247311827957,,,2,True,False,,f_mmd,test,standardized_l2,0.2908641795,3.2026120435074743,5.466404921587571,,True
stage2_graph_scm_0012_seed42,/home/crc00006699/zh/tabiclv2/results/tabiclv2_prior_data/graph_scm_3stage_512_seed42/stage2_graph_scm_0012_seed42,multiclass,4867,0,1225,51,8,0.590204081632653,0.4381083686041152,0.125,0.5184398648943784,1.1712420546126991,15.14874815940857,1.6022953987121582,ok,,4867,4867,0,1225,,30,1e-05,True,15.148401737213137,tabpfn_finetune_epoch_chunks_f_mmd,internal validation_split_ratio=0.1 | c_selection=f_mmd | c_source=test | c_metric=standardized_l2 | c_reserve_ratio=0.2908641795,30,1,tabpfn_finetuning_api_f_mmd,acc,0.602880658436214,0.602880658436214,,,0,True,False,,f_mmd,test,standardized_l2,0.2908641795,3.539313485759217,7.418214327521754,,True
stage2_graph_scm_0013_seed42,/home/crc00006699/zh/tabiclv2/results/tabiclv2_prior_data/graph_scm_3stage_512_seed42/stage2_graph_scm_0013_seed42,multiclass,714,0,171,89,6,0.8713450292397661,0.8704372985351531,0.7922094508301405,0.9833795452472484,0.2918529944501767,9.761757135391235,0.5293025970458984,ok,,714,714,0,171,,30,1e-05,True,9.76139760017395,tabpfn_finetune_epoch_chunks_f_mmd,internal validation_split_ratio=0.1 | c_selection=f_mmd | c_source=test | c_metric=standardized_l2 | c_reserve_ratio=0.2908641795,30,1,tabpfn_finetuning_api_f_mmd,acc,0.9014084507042254,0.9014084507042254,,,0,True,False,,f_mmd,test,standardized_l2,0.2908641795,2.52233373805678,1.650192859118094,,True
stage2_graph_scm_0014_seed42,/home/crc00006699/zh/tabiclv2/results/tabiclv2_prior_data/graph_scm_3stage_512_seed42/stage2_graph_scm_0014_seed42,binclass,3333,0,785,60,2,0.9974522292993632,0.9974522292993632,0.997077786711933,0.9999404389648292,0.0082650775464108,12.855573177337646,1.3973946571350098,ok,,3333,3333,0,785,,30,1e-05,True,12.855229377746582,tabpfn_finetune_epoch_chunks_f_mmd,internal validation_split_ratio=0.1 | c_selection=f_mmd | c_source=test | c_metric=standardized_l2 | c_reserve_ratio=0.2908641795,30,1,tabpfn_finetuning_api_f_mmd,acc,0.996996996996997,0.996996996996997,,,0,True,False,,f_mmd,test,standardized_l2,0.2908641795,1.712632339226929,0.2707248779921608,,True
stage2_graph_scm_0015_seed42,/home/crc00006699/zh/tabiclv2/results/tabiclv2_prior_data/graph_scm_3stage_512_seed42/stage2_graph_scm_0015_seed42,multiclass,1036,0,266,14,3,0.8909774436090225,0.8907322654462242,0.8676741903322952,0.9727037811469432,0.3136231165314928,7.938716173171997,0.4366023540496826,ok,,1036,1036,0,266,,30,1e-05,True,7.938349008560181,tabpfn_finetune_epoch_chunks_f_mmd,internal validation_split_ratio=0.1 | c_selection=f_mmd | c_source=test | c_metric=standardized_l2 | c_reserve_ratio=0.2908641795,30,1,tabpfn_finetuning_api_f_mmd,acc,0.941747572815534,0.941747572815534,,,0,True,False,,f_mmd,test,standardized_l2,0.2908641795,1.770443740585412,0.3213328821126515,,True
stage2_graph_scm_0016_seed42,/home/crc00006699/zh/tabiclv2/results/tabiclv2_prior_data/graph_scm_3stage_512_seed42/stage2_graph_scm_0016_seed42,multiclass,6980,0,1742,43,3,0.9701492537313432,0.9702044669798672,0.9710872733127388,0.9968083883601158,0.0894423130138934,17.498183965682983,1.9561972618103027,ok,,6980,6980,0,1742,,30,1e-05,True,17.49782371520996,tabpfn_finetune_epoch_chunks_f_mmd,internal validation_split_ratio=0.1 | c_selection=f_mmd | c_source=test | c_metric=standardized_l2 | c_reserve_ratio=0.2908641795,30,1,tabpfn_finetuning_api_f_mmd,acc,0.9541547277936964,0.9541547277936964,,,0,True,False,,f_mmd,test,standardized_l2,0.2908641795,1.6155467008264384,0.2187388672450153,,True
stage2_graph_scm_0017_seed42,/home/crc00006699/zh/tabiclv2/results/tabiclv2_prior_data/graph_scm_3stage_512_seed42/stage2_graph_scm_0017_seed42,multiclass,2611,0,670,35,6,0.5074626865671642,0.4983561888832784,0.4974850336615286,0.8175011833778517,1.3082907784388216,14.118934869766235,0.8638207912445068,ok,,2611,2611,0,670,,30,1e-05,True,14.118584156036375,tabpfn_finetune_epoch_chunks_f_mmd,internal validation_split_ratio=0.1 | c_selection=f_mmd | c_source=test | c_metric=standardized_l2 | c_reserve_ratio=0.2908641795,30,1,tabpfn_finetuning_api_f_mmd,acc,0.5134099616858238,0.5363984674329502,,,4,True,False,,f_mmd,test,standardized_l2,0.2908641795,1.5436847881622948,0.1630624923809225,,True
stage2_graph_scm_0018_seed42,/home/crc00006699/zh/tabiclv2/results/tabiclv2_prior_data/graph_scm_3stage_512_seed42/stage2_graph_scm_0018_seed42,multiclass,2948,0,698,61,5,0.9899713467048712,0.9899354260255684,0.9823747783687942,0.9999788394034952,0.0163261908518275,12.791903018951416,1.347886562347412,ok,,2948,2948,0,698,,30,1e-05,True,12.791550636291504,tabpfn_finetune_epoch_chunks_f_mmd,internal validation_split_ratio=0.1 | c_selection=f_mmd | c_source=test | c_metric=standardized_l2 | c_reserve_ratio=0.2908641795,30,1,tabpfn_finetuning_api_f_mmd,acc,0.9965986394557824,0.9965986394557824,,,0,True,False,,f_mmd,test,standardized_l2,0.2908641795,1.968243169378953,0.7439857225548714,,True
stage2_graph_scm_0019_seed42,/home/crc00006699/zh/tabiclv2/results/tabiclv2_prior_data/graph_scm_3stage_512_seed42/stage2_graph_scm_0019_seed42,multiclass,2997,0,716,67,7,0.88268156424581,0.8827874160866174,0.7850490352912234,0.9898447119401804,0.2983719791090418,13.709372282028198,1.433515548706055,ok,,2997,2997,0,716,,30,1e-05,True,13.709017515182495,tabpfn_finetune_epoch_chunks_f_mmd,internal validation_split_ratio=0.1 | c_selection=f_mmd | c_source=test | c_metric=standardized_l2 | c_reserve_ratio=0.2908641795,30,1,tabpfn_finetuning_api_f_mmd,acc,0.8729096989966555,0.8729096989966555,,,0,True,False,,f_mmd,test,standardized_l2,0.2908641795,1.6377558525696974,0.2952855874600587,,True
stage2_graph_scm_0020_seed42,/home/crc00006699/zh/tabiclv2/results/tabiclv2_prior_data/graph_scm_3stage_512_seed42/stage2_graph_scm_0020_seed42,multiclass,1138,0,268,53,9,1.0,1.0,1.0,1.0,0.0001786899312817,9.16439723968506,0.4800119400024414,ok,,1138,1138,0,268,,30,1e-05,True,9.16397762298584,tabpfn_finetune_epoch_chunks_f_mmd,internal validation_split_ratio=0.1 | c_selection=f_mmd | c_source=test | c_metric=standardized_l2 | c_reserve_ratio=0.2908641795,30,1,tabpfn_finetuning_api_f_mmd,acc,1.0,1.0,,,0,True,False,,f_mmd,test,standardized_l2,0.2908641795,1.5863857407691642,0.5340583700921031,,True
stage2_graph_scm_0021_seed42,/home/crc00006699/zh/tabiclv2/results/tabiclv2_prior_data/graph_scm_3stage_512_seed42/stage2_graph_scm_0021_seed42,multiclass,1223,0,293,2,6,0.6382252559726962,0.5822567169446029,0.5720354808590103,0.9161451193028518,0.7653134046765977,16.557035446166992,0.432919979095459,ok,,1223,1223,0,293,,30,1e-05,True,16.556610584259033,tabpfn_finetune_epoch_chunks_f_mmd,internal validation_split_ratio=0.1 | c_selection=f_mmd | c_source=test | c_metric=standardized_l2 | c_reserve_ratio=0.2908641795,30,1,tabpfn_finetuning_api_f_mmd,acc,0.6475409836065574,0.6721311475409836,,,11,True,False,,f_mmd,test,standardized_l2,0.2908641795,3.365722264939087,5.062608051022528,,True
stage2_graph_scm_0022_seed42,/home/crc00006699/zh/tabiclv2/results/tabiclv2_prior_data/graph_scm_3stage_512_seed42/stage2_graph_scm_0022_seed42,multiclass,3947,0,1049,65,3,0.6482364156339371,0.5647260899682551,0.3937646759695488,0.6393840967850504,0.8555858054419728,20.937182903289795,1.7029199600219729,ok,,3947,3947,0,1049,,30,1e-05,True,20.936827898025516,tabpfn_finetune_epoch_chunks_f_mmd,internal validation_split_ratio=0.1 | c_selection=f_mmd | c_source=test | c_metric=standardized_l2 | c_reserve_ratio=0.2908641795,30,1,tabpfn_finetuning_api_f_mmd,acc,0.631979695431472,0.6345177664974619,,,3,True,False,,f_mmd,test,standardized_l2,0.2908641795,1.5765872673356471,0.2976550608857191,,True
stage2_graph_scm_0023_seed42,/home/crc00006699/zh/tabiclv2/results/tabiclv2_prior_data/graph_scm_3stage_512_seed42/stage2_graph_scm_0023_seed42,multiclass,7179,0,1896,41,6,0.9926160337552744,0.9926413314448742,0.9849488189861392,0.9998746661985022,0.0196754156073297,21.09990382194519,1.9600255489349363,ok,,7179,7179,0,1896,,30,1e-05,True,21.099481344223022,tabpfn_finetune_epoch_chunks_f_mmd,internal validation_split_ratio=0.1 | c_selection=f_mmd | c_source=test | c_metric=standardized_l2 | c_reserve_ratio=0.2908641795,30,1,tabpfn_finetuning_api_f_mmd,acc,0.99302649930265,0.99581589958159,,,2,True,False,,f_mmd,test,standardized_l2,0.2908641795,2.1255516632663354,0.8084800700858283,,True
stage2_graph_scm_0024_seed42,/home/crc00006699/zh/tabiclv2/results/tabiclv2_prior_data/graph_scm_3stage_512_seed42/stage2_graph_scm_0024_seed42,multiclass,2510,0,630,31,10,0.2571428571428571,0.1781299176406734,0.1751957140037759,0.6823717395911515,2.0362121336060084,13.827792644500732,0.7730348110198975,ok,,2510,2510,0,630,,30,1e-05,True,13.8273663520813,tabpfn_finetune_epoch_chunks_f_mmd,internal validation_split_ratio=0.1 | c_selection=f_mmd | c_source=test | c_metric=standardized_l2 | c_reserve_ratio=0.2908641795,30,1,tabpfn_finetuning_api_f_mmd,acc,0.2589641434262948,0.2749003984063745,,,4,True,False,,f_mmd,test,standardized_l2,0.2908641795,2.8163601965072176,13.386291897553116,,True
stage2_graph_scm_0025_seed42,/home/crc00006699/zh/tabiclv2/results/tabiclv2_prior_data/graph_scm_3stage_512_seed42/stage2_graph_scm_0025_seed42,multiclass,754,0,198,33,7,0.9949494949494948,0.9950364892948624,0.9948979591836736,1.0,0.0103718439863363,8.102897882461548,0.449312686920166,ok,,754,754,0,198,,30,1e-05,True,8.102542400360107,tabpfn_finetune_epoch_chunks_f_mmd,internal validation_split_ratio=0.1 | c_selection=f_mmd | c_source=test | c_metric=standardized_l2 | c_reserve_ratio=0.2908641795,30,1,tabpfn_finetuning_api_f_mmd,acc,1.0,1.0,,,0,True,False,,f_mmd,test,standardized_l2,0.2908641795,2.513625857320894,1.6344423954885392,,True
stage2_graph_scm_0026_seed42,/home/crc00006699/zh/tabiclv2/results/tabiclv2_prior_data/graph_scm_3stage_512_seed42/stage2_graph_scm_0026_seed42,binclass,1948,0,467,34,2,1.0,1.0,1.0,1.0,1.2993896981348888e-05,9.206546545028688,0.9123477935791016,ok,,1948,1948,0,467,,30,1e-05,True,9.206192255020142,tabpfn_finetune_epoch_chunks_f_mmd,internal validation_split_ratio=0.1 | c_selection=f_mmd | c_source=test | c_metric=standardized_l2 | c_reserve_ratio=0.2908641795,30,1,tabpfn_finetuning_api_f_mmd,acc,1.0,1.0,,,0,True,False,,f_mmd,test,standardized_l2,0.2908641795,1.6209061008954098,0.0,,True
stage2_graph_scm_0027_seed42,/home/crc00006699/zh/tabiclv2/results/tabiclv2_prior_data/graph_scm_3stage_512_seed42/stage2_graph_scm_0027_seed42,multiclass,380,0,98,38,10,0.9897959183673468,0.9898136645962732,0.9923076923076924,1.0,0.0181766622863019,8.371269226074219,0.4488198757171631,ok,,380,380,0,98,,30,1e-05,True,8.370906591415405,tabpfn_finetune_epoch_chunks_f_mmd,internal validation_split_ratio=0.1 | c_selection=f_mmd | c_source=test | c_metric=standardized_l2 | c_reserve_ratio=0.2908641795,30,1,tabpfn_finetuning_api_f_mmd,acc,1.0,1.0,,,0,True,False,,f_mmd,test,standardized_l2,0.2908641795,1.9753056263511557,0.7931138715769859,,True
stage2_graph_scm_0028_seed42,/home/crc00006699/zh/tabiclv2/results/tabiclv2_prior_data/graph_scm_3stage_512_seed42/stage2_graph_scm_0028_seed42,binclass,1163,0,306,21,2,1.0,1.0,1.0,1.0,0.0004382411839554,8.053993940353394,0.4494869709014892,ok,,1163,1163,0,306,,30,1e-05,True,8.05364727973938,tabpfn_finetune_epoch_chunks_f_mmd,internal validation_split_ratio=0.1 | c_selection=f_mmd | c_source=test | c_metric=standardized_l2 | c_reserve_ratio=0.2908641795,30,1,tabpfn_finetuning_api_f_mmd,acc,1.0,1.0,,,0,True,False,,f_mmd,test,standardized_l2,0.2908641795,1.5786483479547502,0.1738953636525206,,True
stage2_graph_scm_0029_seed42,/home/crc00006699/zh/tabiclv2/results/tabiclv2_prior_data/graph_scm_3stage_512_seed42/stage2_graph_scm_0029_seed42,binclass,6913,0,1754,12,2,0.9783352337514252,0.9741680574474334,0.7164179104477612,0.9199541710534463,0.0826679644966507,12.048360347747805,1.2187516689300537,ok,,6913,6913,0,1754,,30,1e-05,True,12.047934532165527,tabpfn_finetune_epoch_chunks_f_mmd,internal validation_split_ratio=0.1 | c_selection=f_mmd | c_source=test | c_metric=standardized_l2 | c_reserve_ratio=0.2908641795,30,1,tabpfn_finetuning_api_f_mmd,acc,0.9855282199710564,0.9855282199710564,,,0,True,False,,f_mmd,test,standardized_l2,0.2908641795,2.402207167077487,1.847973657535397,,True
stage2_graph_scm_0030_seed42,/home/crc00006699/zh/tabiclv2/results/tabiclv2_prior_data/graph_scm_3stage_512_seed42/stage2_graph_scm_0030_seed42,multiclass,1002,0,244,6,4,0.7008196721311475,0.6698628851762563,0.4531334364557036,0.8528937743958771,0.7017077752941611,10.139082431793211,0.4257388114929199,ok,,1002,1002,0,244,,30,1e-05,True,10.138731241226196,tabpfn_finetune_epoch_chunks_f_mmd,internal validation_split_ratio=0.1 | c_selection=f_mmd | c_source=test | c_metric=standardized_l2 | c_reserve_ratio=0.2908641795,30,1,tabpfn_finetuning_api_f_mmd,acc,0.74,0.75,,,3,True,False,,f_mmd,test,standardized_l2,0.2908641795,2.29924765301389,2.979358104309485,,True
stage2_graph_scm_0031_seed42,/home/crc00006699/zh/tabiclv2/results/tabiclv2_prior_data/graph_scm_3stage_512_seed42/stage2_graph_scm_0031_seed42,multiclass,3552,0,903,11,3,0.9955703211517164,0.995590983485894,0.9900193676055744,0.9999192096948348,0.0098246100409112,8.547519207000732,0.6298813819885254,ok,,3552,3552,0,903,,30,1e-05,True,8.547100067138672,tabpfn_finetune_epoch_chunks_f_mmd,internal validation_split_ratio=0.1 | c_selection=f_mmd | c_source=test | c_metric=standardized_l2 | c_reserve_ratio=0.2908641795,30,1,tabpfn_finetuning_api_f_mmd,acc,1.0,1.0,,,0,True,False,,f_mmd,test,standardized_l2,0.2908641795,2.5927870186973703,2.9702389049410094,,True
stage2_graph_scm_0032_seed42,/home/crc00006699/zh/tabiclv2/results/tabiclv2_prior_data/graph_scm_3stage_512_seed42/stage2_graph_scm_0032_seed42,binclass,412,0,99,29,2,1.0,1.0,1.0,1.0,7.375807710945707e-05,7.743852853775024,0.4289438724517822,ok,,412,412,0,99,,30,1e-05,True,7.743503332138061,tabpfn_finetune_epoch_chunks_f_mmd,internal validation_split_ratio=0.1 | c_selection=f_mmd | c_source=test | c_metric=standardized_l2 | c_reserve_ratio=0.2908641795,30,1,tabpfn_finetuning_api_f_mmd,acc,1.0,1.0,,,0,True,False,,f_mmd,test,standardized_l2,0.2908641795,2.2085863626055597,1.3183438319981826,,True
stage2_graph_scm_0033_seed42,/home/crc00006699/zh/tabiclv2/results/tabiclv2_prior_data/graph_scm_3stage_512_seed42/stage2_graph_scm_0033_seed42,multiclass,646,0,165,75,3,0.8545454545454545,0.848336830284092,0.7407252215954875,0.9358640452221598,0.4134316449559521,11.55239725112915,0.4799818992614746,ok,,646,646,0,165,,30,1e-05,True,11.552051305770874,tabpfn_finetune_epoch_chunks_f_mmd,internal validation_split_ratio=0.1 | c_selection=f_mmd | c_source=test | c_metric=standardized_l2 | c_reserve_ratio=0.2908641795,30,1,tabpfn_finetuning_api_f_mmd,acc,0.875,0.890625,,,3,True,False,,f_mmd,test,standardized_l2,0.2908641795,1.661357097425881,0.2761741325538079,,True
stage2_graph_scm_0034_seed42,/home/crc00006699/zh/tabiclv2/results/tabiclv2_prior_data/graph_scm_3stage_512_seed42/stage2_graph_scm_0034_seed42,multiclass,2749,0,696,15,3,0.9985632183908046,0.9985587127485368,0.9953051643192488,1.0,0.0032874761916222,8.280323028564453,0.6399261951446533,ok,,2749,2749,0,696,,30,1e-05,True,8.279961347579956,tabpfn_finetune_epoch_chunks_f_mmd,internal validation_split_ratio=0.1 | c_selection=f_mmd | c_source=test | c_metric=standardized_l2 | c_reserve_ratio=0.2908641795,30,1,tabpfn_finetuning_api_f_mmd,acc,1.0,1.0,,,0,True,False,,f_mmd,test,standardized_l2,0.2908641795,2.9909653672193706,2.735128840818229,,True
stage2_graph_scm_0035_seed42,/home/crc00006699/zh/tabiclv2/results/tabiclv2_prior_data/graph_scm_3stage_512_seed42/stage2_graph_scm_0035_seed42,multiclass,3111,0,813,89,9,1.0,1.0,1.0,1.0,0.00019380259522,16.49018692970276,1.8723485469818115,ok,,3111,3111,0,813,,30,1e-05,True,16.48983669281006,tabpfn_finetune_epoch_chunks_f_mmd,internal validation_split_ratio=0.1 | c_selection=f_mmd | c_source=test | c_metric=standardized_l2 | c_reserve_ratio=0.2908641795,30,1,tabpfn_finetuning_api_f_mmd,acc,1.0,1.0,,,0,True,False,,f_mmd,test,standardized_l2,0.2908641795,1.94271001230432,1.4230905326607617,,True
stage2_graph_scm_0036_seed42,/home/crc00006699/zh/tabiclv2/results/tabiclv2_prior_data/graph_scm_3stage_512_seed42/stage2_graph_scm_0036_seed42,multiclass,5780,0,1452,95,4,1.0,1.0,1.0,1.0,3.895366659633645e-05,23.42006254196167,2.8434650897979736,ok,,5780,5780,0,1452,,30,1e-05,True,23.4196994304657,tabpfn_finetune_epoch_chunks_f_mmd,internal validation_split_ratio=0.1 | c_selection=f_mmd | c_source=test | c_metric=standardized_l2 | c_reserve_ratio=0.2908641795,30,1,tabpfn_finetuning_api_f_mmd,acc,1.0,1.0,,,0,True,False,,f_mmd,test,standardized_l2,0.2908641795,2.200262769151445,1.196542352508522,,True
stage2_graph_scm_0037_seed42,/home/crc00006699/zh/tabiclv2/results/tabiclv2_prior_data/graph_scm_3stage_512_seed42/stage2_graph_scm_0037_seed42,multiclass,6444,0,1708,4,3,0.3805620608899297,0.3277536963167907,0.3582183307791457,0.5408734205164794,1.0878267981943737,15.51449465751648,0.9491806030273438,ok,,6444,6444,0,1708,,30,1e-05,True,15.51412320137024,tabpfn_finetune_epoch_chunks_f_mmd,internal validation_split_ratio=0.1 | c_selection=f_mmd | c_source=test | c_metric=standardized_l2 | c_reserve_ratio=0.2908641795,30,1,tabpfn_finetuning_api_f_mmd,acc,0.3680124223602484,0.391304347826087,,,5,True,False,,f_mmd,test,standardized_l2,0.2908641795,2.205529678671441,0.7483084012445869,,True
stage2_graph_scm_0038_seed42,/home/crc00006699/zh/tabiclv2/results/tabiclv2_prior_data/graph_scm_3stage_512_seed42/stage2_graph_scm_0038_seed42,multiclass,3783,0,954,73,7,0.8218029350104822,0.814662289430722,0.7862085857365738,0.9705523410097364,0.5088954821506158,19.39173913002014,1.707451581954956,ok,,3783,3783,0,954,,30,1e-05,True,19.391307830810547,tabpfn_finetune_epoch_chunks_f_mmd,internal validation_split_ratio=0.1 | c_selection=f_mmd | c_source=test | c_metric=standardized_l2 | c_reserve_ratio=0.2908641795,30,1,tabpfn_finetuning_api_f_mmd,acc,0.7804232804232805,0.7857142857142857,,,3,True,False,,f_mmd,test,standardized_l2,0.2908641795,1.7955948117531515,0.4349344773563102,,True
stage2_graph_scm_0039_seed42,/home/crc00006699/zh/tabiclv2/results/tabiclv2_prior_data/graph_scm_3stage_512_seed42/stage2_graph_scm_0039_seed42,binclass,6179,0,1482,80,2,1.0,1.0,1.0,1.0,1.2993896981348886e-05,22.53451466560364,2.577850818634033,ok,,6179,6179,0,1482,,30,1e-05,True,22.534157037734985,tabpfn_finetune_epoch_chunks_f_mmd,internal validation_split_ratio=0.1 | c_selection=f_mmd | c_source=test | c_metric=standardized_l2 | c_reserve_ratio=0.2908641795,30,1,tabpfn_finetuning_api_f_mmd,acc,1.0,1.0,,,0,True,False,,f_mmd,test,standardized_l2,0.2908641795,2.170523977597244,1.1750387917980023,,True
stage2_graph_scm_0040_seed42,/home/crc00006699/zh/tabiclv2/results/tabiclv2_prior_data/graph_scm_3stage_512_seed42/stage2_graph_scm_0040_seed42,multiclass,1997,0,469,41,3,0.8486140724946695,0.8273146205312958,0.6256742179072275,0.9198961199308688,0.3504548511738124,9.38183617591858,0.8956272602081299,ok,,1997,1997,0,469,,30,1e-05,True,9.381481409072876,tabpfn_finetune_epoch_chunks_f_mmd,internal validation_split_ratio=0.1 | c_selection=f_mmd | c_source=test | c_metric=standardized_l2 | c_reserve_ratio=0.2908641795,30,1,tabpfn_finetuning_api_f_mmd,acc,0.8542713567839196,0.8542713567839196,,,0,True,False,,f_mmd,test,standardized_l2,0.2908641795,1.625589117794795,0.2581337545020423,,True
stage2_graph_scm_0041_seed42,/home/crc00006699/zh/tabiclv2/results/tabiclv2_prior_data/graph_scm_3stage_512_seed42/stage2_graph_scm_0041_seed42,multiclass,677,0,171,60,10,0.9766081871345028,0.976723122198538,0.9792395104895104,0.9998416162038624,0.0375089134922481,10.358570098876951,0.4455492496490478,ok,,677,677,0,171,,30,1e-05,True,10.358144760131836,tabpfn_finetune_epoch_chunks_f_mmd,internal validation_split_ratio=0.1 | c_selection=f_mmd | c_source=test | c_metric=standardized_l2 | c_reserve_ratio=0.2908641795,30,1,tabpfn_finetuning_api_f_mmd,acc,0.9701492537313432,0.9850746268656716,,,3,True,False,,f_mmd,test,standardized_l2,0.2908641795,2.982393951621156,1.8646303647684717,,True
stage2_graph_scm_0042_seed42,/home/crc00006699/zh/tabiclv2/results/tabiclv2_prior_data/graph_scm_3stage_512_seed42/stage2_graph_scm_0042_seed42,multiclass,3074,0,740,9,8,0.8594594594594595,0.8578822438492503,0.7969517819210477,0.9843664726659188,0.3708755996044932,11.551740407943726,0.5540459156036377,ok,,3074,3074,0,740,,30,1e-05,True,11.551393270492554,tabpfn_finetune_epoch_chunks_f_mmd,internal validation_split_ratio=0.1 | c_selection=f_mmd | c_source=test | c_metric=standardized_l2 | c_reserve_ratio=0.2908641795,30,1,tabpfn_finetuning_api_f_mmd,acc,0.8892508143322475,0.8925081433224755,,,4,True,False,,f_mmd,test,standardized_l2,0.2908641795,2.655000528872661,1.312732177386387,,True
stage2_graph_scm_0043_seed42,/home/crc00006699/zh/tabiclv2/results/tabiclv2_prior_data/graph_scm_3stage_512_seed42/stage2_graph_scm_0043_seed42,multiclass,518,0,123,42,6,0.983739837398374,0.9837222398198008,0.9848484848484848,1.0,0.0308270116086356,7.835381269454956,0.4362728595733642,ok,,518,518,0,123,,30,1e-05,True,7.835027694702148,tabpfn_finetune_epoch_chunks_f_mmd,internal validation_split_ratio=0.1 | c_selection=f_mmd | c_source=test | c_metric=standardized_l2 | c_reserve_ratio=0.2908641795,30,1,tabpfn_finetuning_api_f_mmd,acc,1.0,1.0,,,0,True,False,,f_mmd,test,standardized_l2,0.2908641795,1.84664901870794,0.4890520127047623,,True
stage2_graph_scm_0044_seed42,/home/crc00006699/zh/tabiclv2/results/tabiclv2_prior_data/graph_scm_3stage_512_seed42/stage2_graph_scm_0044_seed42,multiclass,866,0,216,30,9,0.9675925925925926,0.9533113622096672,0.8888888888888888,0.9878919326287748,0.0868103483463499,7.748227119445801,0.4323608875274658,ok,,866,866,0,216,,30,1e-05,True,7.747813940048218,tabpfn_finetune_epoch_chunks_f_mmd,internal validation_split_ratio=0.1 | c_selection=f_mmd | c_source=test | c_metric=standardized_l2 | c_reserve_ratio=0.2908641795,30,1,tabpfn_finetuning_api_f_mmd,acc,0.9534883720930232,0.9534883720930232,,,0,True,False,,f_mmd,test,standardized_l2,0.2908641795,1.9110086780981852,0.4759711816402442,,True
stage2_graph_scm_0045_seed42,/home/crc00006699/zh/tabiclv2/results/tabiclv2_prior_data/graph_scm_3stage_512_seed42/stage2_graph_scm_0045_seed42,multiclass,1349,0,342,70,6,0.5701754385964912,0.5685988553655539,0.55457149610444,0.894841502782834,1.0139665312642834,13.004732608795166,0.4711098670959472,ok,,1349,1349,0,342,,30,1e-05,True,13.004385232925417,tabpfn_finetune_epoch_chunks_f_mmd,internal validation_split_ratio=0.1 | c_selection=f_mmd | c_source=test | c_metric=standardized_l2 | c_reserve_ratio=0.2908641795,30,1,tabpfn_finetuning_api_f_mmd,acc,0.5671641791044776,0.6119402985074627,,,4,True,False,,f_mmd,test,standardized_l2,0.2908641795,1.9132413336594096,0.6076024748211103,,True
stage2_graph_scm_0046_seed42,/home/crc00006699/zh/tabiclv2/results/tabiclv2_prior_data/graph_scm_3stage_512_seed42/stage2_graph_scm_0046_seed42,multiclass,4652,0,1124,70,10,0.9154804270462632,0.9125020936425764,0.8463530462914186,0.9916366128478614,0.2739511141468682,16.897571086883545,1.910830020904541,ok,,4652,4652,0,1124,,30,1e-05,True,16.897222995758057,tabpfn_finetune_epoch_chunks_f_mmd,internal validation_split_ratio=0.1 | c_selection=f_mmd | c_source=test | c_metric=standardized_l2 | c_reserve_ratio=0.2908641795,30,1,tabpfn_finetuning_api_f_mmd,acc,0.9247311827956988,0.9247311827956988,,,0,True,False,,f_mmd,test,standardized_l2,0.2908641795,1.4732328410400095,0.1161209804029876,,True
stage2_graph_scm_0047_seed42,/home/crc00006699/zh/tabiclv2/results/tabiclv2_prior_data/graph_scm_3stage_512_seed42/stage2_graph_scm_0047_seed42,multiclass,477,0,117,43,7,0.7692307692307693,0.7254275737034357,0.550453514739229,0.9305783120166566,0.5428487103969353,7.682784080505371,0.4308187961578369,ok,,477,477,0,117,,30,1e-05,True,7.682358980178833,tabpfn_finetune_epoch_chunks_f_mmd,internal validation_split_ratio=0.1 | c_selection=f_mmd | c_source=test | c_metric=standardized_l2 | c_reserve_ratio=0.2908641795,30,1,tabpfn_finetuning_api_f_mmd,acc,0.8085106382978723,0.8085106382978723,,,0,True,False,,f_mmd,test,standardized_l2,0.2908641795,1.808998852524996,0.4282778643978657,,True
stage2_graph_scm_0048_seed42,/home/crc00006699/zh/tabiclv2/results/tabiclv2_prior_data/graph_scm_3stage_512_seed42/stage2_graph_scm_0048_seed42,multiclass,845,0,220,94,6,0.6409090909090909,0.6150115490384769,0.6030807522035593,0.906788559780041,0.8395386866645713,8.729545831680298,0.4446859359741211,ok,,845,845,0,220,,30,1e-05,True,8.729193210601807,tabpfn_finetune_epoch_chunks_f_mmd,internal validation_split_ratio=0.1 | c_selection=f_mmd | c_source=test | c_metric=standardized_l2 | c_reserve_ratio=0.2908641795,30,1,tabpfn_finetuning_api_f_mmd,acc,0.75,0.75,,,0,True,False,,f_mmd,test,standardized_l2,0.2908641795,2.027765734636926,0.6855604450260734,,True
stage2_graph_scm_0049_seed42,/home/crc00006699/zh/tabiclv2/results/tabiclv2_prior_data/graph_scm_3stage_512_seed42/stage2_graph_scm_0049_seed42,multiclass,3200,0,825,21,9,0.8739393939393939,0.8246977759883312,0.1249857222524574,0.83017356721984,0.5066411464803174,18.86152720451355,0.7257118225097656,ok,,3200,3200,0,825,,30,1e-05,True,18.861161708831787,tabpfn_finetune_epoch_chunks_f_mmd,internal validation_split_ratio=0.1 | c_selection=f_mmd | c_source=test | c_metric=standardized_l2 | c_reserve_ratio=0.2908641795,30,1,tabpfn_finetuning_api_f_mmd,acc,0.865625,0.871875,,,10,True,False,,f_mmd,test,standardized_l2,0.2908641795,3.182947035670362,2.6644453647445934,,True
stage2_graph_scm_0050_seed42,/home/crc00006699/zh/tabiclv2/results/tabiclv2_prior_data/graph_scm_3stage_512_seed42/stage2_graph_scm_0050_seed42,multiclass,755,0,197,29,3,0.9949238578680204,0.9949762883255724,0.9957805907172996,0.9999303934417482,0.0149357536174724,8.29578161239624,0.4893209934234619,ok,,755,755,0,197,,30,1e-05,True,8.295433282852173,tabpfn_finetune_epoch_chunks_f_mmd,internal validation_split_ratio=0.1 | c_selection=f_mmd | c_source=test | c_metric=standardized_l2 | c_reserve_ratio=0.2908641795,30,1,tabpfn_finetuning_api_f_mmd,acc,0.9866666666666668,0.9866666666666668,,,0,True,False,,f_mmd,test,standardized_l2,0.2908641795,2.021056034833152,3.188125618122017,,True
stage2_graph_scm_0051_seed42,/home/crc00006699/zh/tabiclv2/results/tabiclv2_prior_data/graph_scm_3stage_512_seed42/stage2_graph_scm_0051_seed42,multiclass,3132,0,783,88,8,1.0,1.0,1.0,1.0,9.090387923588038e-05,14.864307403564451,1.8043313026428225,ok,,3132,3132,0,783,,30,1e-05,True,14.863960027694702,tabpfn_finetune_epoch_chunks_f_mmd,internal validation_split_ratio=0.1 | c_selection=f_mmd | c_source=test | c_metric=standardized_l2 | c_reserve_ratio=0.2908641795,30,1,tabpfn_finetuning_api_f_mmd,acc,1.0,1.0,,,0,True,False,,f_mmd,test,standardized_l2,0.2908641795,1.75337874345358,1.3234175726620352,,True
stage2_graph_scm_0052_seed42,/home/crc00006699/zh/tabiclv2/results/tabiclv2_prior_data/graph_scm_3stage_512_seed42/stage2_graph_scm_0052_seed42,multiclass,347,0,85,30,5,0.9176470588235294,0.9172486772486772,0.8393910256410256,0.9862608040792974,0.3340779708172849,13.600063562393188,0.4574446678161621,ok,,347,347,0,85,,30,1e-05,True,13.599716424942017,tabpfn_finetune_epoch_chunks_f_mmd,internal validation_split_ratio=0.1 | c_selection=f_mmd | c_source=test | c_metric=standardized_l2 | c_reserve_ratio=0.2908641795,30,1,tabpfn_finetuning_api_f_mmd,acc,0.7352941176470589,0.7647058823529411,,,6,True,False,,f_mmd,test,standardized_l2,0.2908641795,1.6757999311648872,0.282033008505705,,True
stage2_graph_scm_0053_seed42,/home/crc00006699/zh/tabiclv2/results/tabiclv2_prior_data/graph_scm_3stage_512_seed42/stage2_graph_scm_0053_seed42,binclass,4517,0,1074,89,2,1.0,1.0,1.0,1.0,1.2993896981348888e-05,19.548394203186035,2.2481465339660645,ok,,4517,4517,0,1074,,30,1e-05,True,19.548033237457275,tabpfn_finetune_epoch_chunks_f_mmd,internal validation_split_ratio=0.1 | c_selection=f_mmd | c_source=test | c_metric=standardized_l2 | c_reserve_ratio=0.2908641795,30,1,tabpfn_finetuning_api_f_mmd,acc,1.0,1.0,,,0,True,False,,f_mmd,test,standardized_l2,0.2908641795,1.4812570277395924,0.1238613931458764,,True
stage2_graph_scm_0054_seed42,/home/crc00006699/zh/tabiclv2/results/tabiclv2_prior_data/graph_scm_3stage_512_seed42/stage2_graph_scm_0054_seed42,multiclass,3592,0,850,75,3,0.9423529411764706,0.9188437798157992,0.6918238993710691,0.9325687678433948,0.1738600834205288,14.426775932312012,1.6745476722717283,ok,,3592,3592,0,850,,30,1e-05,True,14.426393747329712,tabpfn_finetune_epoch_chunks_f_mmd,internal validation_split_ratio=0.1 | c_selection=f_mmd | c_source=test | c_metric=standardized_l2 | c_reserve_ratio=0.2908641795,30,1,tabpfn_finetuning_api_f_mmd,acc,0.9387186629526464,0.9387186629526464,,,0,True,False,,f_mmd,test,standardized_l2,0.2908641795,1.914639838153484,0.6900488490204577,,True
stage2_graph_scm_0055_seed42,/home/crc00006699/zh/tabiclv2/results/tabiclv2_prior_data/graph_scm_3stage_512_seed42/stage2_graph_scm_0055_seed42,multiclass,3451,0,838,34,3,0.8579952267303103,0.8229391813560433,0.5370802787582587,0.8641820679697411,0.4244840497477539,10.539047718048096,0.9942777156829834,ok,,3451,3451,0,838,,30,1e-05,True,10.538702249526978,tabpfn_finetune_epoch_chunks_f_mmd,internal validation_split_ratio=0.1 | c_selection=f_mmd | c_source=test | c_metric=standardized_l2 | c_reserve_ratio=0.2908641795,30,1,tabpfn_finetuning_api_f_mmd,acc,0.8579710144927536,0.8579710144927536,,,0,True,False,,f_mmd,test,standardized_l2,0.2908641795,2.288103146079173,2.0073266929608136,,True
stage2_graph_scm_0056_seed42,/home/crc00006699/zh/tabiclv2/results/tabiclv2_prior_data/graph_scm_3stage_512_seed42/stage2_graph_scm_0056_seed42,binclass,830,0,218,74,2,1.0,1.0,1.0,1.0,1.3822919219122604e-05,9.790809392929075,0.5435130596160889,ok,,830,830,0,218,,30,1e-05,True,9.79046630859375,tabpfn_finetune_epoch_chunks_f_mmd,internal validation_split_ratio=0.1 | c_selection=f_mmd | c_source=test | c_metric=standardized_l2 | c_reserve_ratio=0.2908641795,30,1,tabpfn_finetuning_api_f_mmd,acc,1.0,1.0,,,0,True,False,,f_mmd,test,standardized_l2,0.2908641795,1.7805583283225563,0.3809516068129399,,True
stage2_graph_scm_0057_seed42,/home/crc00006699/zh/tabiclv2/results/tabiclv2_prior_data/graph_scm_3stage_512_seed42/stage2_graph_scm_0057_seed42,multiclass,2853,0,702,92,3,0.8433048433048433,0.8440388011980846,0.8431986832001259,0.9569771835292048,0.393837232760575,46.96466851234436,1.8135411739349363,ok,,2853,2853,0,702,,30,1e-05,True,46.96432018280029,tabpfn_finetune_epoch_chunks_f_mmd,internal validation_split_ratio=0.1 | c_selection=f_mmd | c_source=test | c_metric=standardized_l2 | c_reserve_ratio=0.2908641795,30,1,tabpfn_finetuning_api_f_mmd,acc,0.7684210526315789,0.7859649122807018,,,17,True,False,,f_mmd,test,standardized_l2,0.2908641795,1.5000542593327528,0.1454950489114053,,True
stage2_graph_scm_0058_seed42,/home/crc00006699/zh/tabiclv2/results/tabiclv2_prior_data/graph_scm_3stage_512_seed42/stage2_graph_scm_0058_seed42,multiclass,2420,0,621,92,10,0.6618357487922706,0.6605784529679908,0.6614536699124073,0.9589505542036718,0.8188718926783453,30.585238695144653,1.6643445491790771,ok,,2420,2420,0,621,,30,1e-05,True,30.58487892150879,tabpfn_finetune_epoch_chunks_f_mmd,internal validation_split_ratio=0.1 | c_selection=f_mmd | c_source=test | c_metric=standardized_l2 | c_reserve_ratio=0.2908641795,30,1,tabpfn_finetuning_api_f_mmd,acc,0.6570247933884298,0.6942148760330579,,,11,True,False,,f_mmd,test,standardized_l2,0.2908641795,2.2758723886966745,1.493861799378693,,True
stage2_graph_scm_0059_seed42,/home/crc00006699/zh/tabiclv2/results/tabiclv2_prior_data/graph_scm_3stage_512_seed42/stage2_graph_scm_0059_seed42,binclass,5235,0,1392,16,2,0.8505747126436781,0.8511350993479883,0.8387369891211823,0.923290300348478,0.3338920390274767,12.770930767059326,1.0066211223602295,ok,,5235,5235,0,1392,,30,1e-05,True,12.7705717086792,tabpfn_finetune_epoch_chunks_f_mmd,internal validation_split_ratio=0.1 | c_selection=f_mmd | c_source=test | c_metric=standardized_l2 | c_reserve_ratio=0.2908641795,30,1,tabpfn_finetuning_api_f_mmd,acc,0.8527724665391969,0.8546845124282982,,,2,True,False,,f_mmd,test,standardized_l2,0.2908641795,1.5466051552034217,0.1634562561012962,,True
stage2_graph_scm_0060_seed42,/home/crc00006699/zh/tabiclv2/results/tabiclv2_prior_data/graph_scm_3stage_512_seed42/stage2_graph_scm_0060_seed42,binclass,5147,0,1305,13,2,0.7425287356321839,0.6328147272010434,0.5,0.6107440783330876,0.5567759348123427,9.861062288284302,0.9283173084259032,ok,,5147,5147,0,1305,,30,1e-05,True,9.860702991485596,tabpfn_finetune_epoch_chunks_f_mmd,internal validation_split_ratio=0.1 | c_selection=f_mmd | c_source=test | c_metric=standardized_l2 | c_reserve_ratio=0.2908641795,30,1,tabpfn_finetuning_api_f_mmd,acc,0.7354085603112841,0.7354085603112841,,,0,True,False,,f_mmd,test,standardized_l2,0.2908641795,2.3917747568271457,0.7308325635759209,,True
stage2_graph_scm_0061_seed42,/home/crc00006699/zh/tabiclv2/results/tabiclv2_prior_data/graph_scm_3stage_512_seed42/stage2_graph_scm_0061_seed42,multiclass,3216,0,819,86,7,0.9218559218559218,0.9219673058402142,0.8400542158206984,0.9952722710199524,0.1665521542508604,39.2255220413208,1.7602596282958984,ok,,3216,3216,0,819,,30,1e-05,True,39.22517204284668,tabpfn_finetune_epoch_chunks_f_mmd,internal validation_split_ratio=0.1 | c_selection=f_mmd | c_source=test | c_metric=standardized_l2 | c_reserve_ratio=0.2908641795,30,1,tabpfn_finetuning_api_f_mmd,acc,0.940809968847352,0.9626168224299064,,,15,True,False,,f_mmd,test,standardized_l2,0.2908641795,2.886826520793865,2.9540004203992334,,True
stage2_graph_scm_0062_seed42,/home/crc00006699/zh/tabiclv2/results/tabiclv2_prior_data/graph_scm_3stage_512_seed42/stage2_graph_scm_0062_seed42,multiclass,1146,0,283,91,4,0.6890459363957597,0.666058479799966,0.4709759371105358,0.7792964933142582,0.7775000433404187,17.940945386886597,0.5207786560058594,ok,,1146,1146,0,283,,30,1e-05,True,17.940592050552368,tabpfn_finetune_epoch_chunks_f_mmd,internal validation_split_ratio=0.1 | c_selection=f_mmd | c_source=test | c_metric=standardized_l2 | c_reserve_ratio=0.2908641795,30,1,tabpfn_finetuning_api_f_mmd,acc,0.6228070175438597,0.6578947368421053,,,7,True,False,,f_mmd,test,standardized_l2,0.2908641795,2.5432258290905985,3.3076559126104264,,True
stage2_graph_scm_0063_seed42,/home/crc00006699/zh/tabiclv2/results/tabiclv2_prior_data/graph_scm_3stage_512_seed42/stage2_graph_scm_0063_seed42,binclass,1962,0,481,71,2,0.8087318087318087,0.7343570024828575,0.5247429653679654,0.6396374458874459,0.4753132442841226,17.84812307357788,1.2490315437316897,ok,,1962,1962,0,481,,30,1e-05,True,17.847683668136597,tabpfn_finetune_epoch_chunks_f_mmd,internal validation_split_ratio=0.1 | c_selection=f_mmd | c_source=test | c_metric=standardized_l2 | c_reserve_ratio=0.2908641795,30,1,tabpfn_finetuning_api_f_mmd,acc,0.8214285714285714,0.8316326530612245,,,7,True,False,,f_mmd,test,standardized_l2,0.2908641795,2.677936317871452,2.1079067709105925,,True
stage2_graph_scm_0064_seed42,/home/crc00006699/zh/tabiclv2/results/tabiclv2_prior_data/graph_scm_3stage_512_seed42/stage2_graph_scm_0064_seed42,multiclass,2450,0,632,63,8,0.9525316455696202,0.9523655059688264,0.9585342589666634,0.9985414183531066,0.1253942482000939,11.617244482040403,1.2763688564300537,ok,,2450,2450,0,632,,30,1e-05,True,11.61688995361328,tabpfn_finetune_epoch_chunks_f_mmd,internal validation_split_ratio=0.1 | c_selection=f_mmd | c_source=test | c_metric=standardized_l2 | c_reserve_ratio=0.2908641795,30,1,tabpfn_finetuning_api_f_mmd,acc,0.9673469387755104,0.9673469387755104,,,0,True,False,,f_mmd,test,standardized_l2,0.2908641795,1.9854583767746563,0.3433966400054802,,True
stage2_graph_scm_0065_seed42,/home/crc00006699/zh/tabiclv2/results/tabiclv2_prior_data/graph_scm_3stage_512_seed42/stage2_graph_scm_0065_seed42,multiclass,1230,0,303,16,6,0.5841584158415841,0.5554283252437402,0.4433616180724751,0.846441357153592,1.0528377337057662,13.61697483062744,0.4503834247589111,ok,,1230,1230,0,303,,30,1e-05,True,13.616618394851685,tabpfn_finetune_epoch_chunks_f_mmd,internal validation_split_ratio=0.1 | c_selection=f_mmd | c_source=test | c_metric=standardized_l2 | c_reserve_ratio=0.2908641795,30,1,tabpfn_finetuning_api_f_mmd,acc,0.5853658536585366,0.6178861788617886,,,6,True,False,,f_mmd,test,standardized_l2,0.2908641795,1.6973511293694996,0.5397113467217293,,True
stage2_graph_scm_0066_seed42,/home/crc00006699/zh/tabiclv2/results/tabiclv2_prior_data/graph_scm_3stage_512_seed42/stage2_graph_scm_0066_seed42,binclass,406,0,105,77,2,1.0,1.0,1.0,1.0,0.0003684563865209,8.088047504425049,0.453650951385498,ok,,406,406,0,105,,30,1e-05,True,8.087622165679932,tabpfn_finetune_epoch_chunks_f_mmd,internal validation_split_ratio=0.1 | c_selection=f_mmd | c_source=test | c_metric=standardized_l2 | c_reserve_ratio=0.2908641795,30,1,tabpfn_finetuning_api_f_mmd,acc,1.0,1.0,,,0,True,False,,f_mmd,test,standardized_l2,0.2908641795,2.068470121331492,0.8899632138657143,,True
stage2_graph_scm_0067_seed42,/home/crc00006699/zh/tabiclv2/results/tabiclv2_prior_data/graph_scm_3stage_512_seed42/stage2_graph_scm_0067_seed42,multiclass,848,0,199,12,6,0.5175879396984925,0.4886659384626607,0.4354601470880541,0.8203035879440796,1.0938550488538985,7.737823486328125,0.4663763046264648,ok,,848,848,0,199,,30,1e-05,True,7.737436056137085,tabpfn_finetune_epoch_chunks_f_mmd,internal validation_split_ratio=0.1 | c_selection=f_mmd | c_source=test | c_metric=standardized_l2 | c_reserve_ratio=0.2908641795,30,1,tabpfn_finetuning_api_f_mmd,acc,0.5952380952380952,0.5952380952380952,,,0,True,False,,f_mmd,test,standardized_l2,0.2908641795,2.2763900046171424,1.3371162668619558,,True
stage2_graph_scm_0068_seed42,/home/crc00006699/zh/tabiclv2/results/tabiclv2_prior_data/graph_scm_3stage_512_seed42/stage2_graph_scm_0068_seed42,multiclass,5698,0,1391,70,5,0.7397555715312725,0.6992485676611833,0.6191214410341557,0.9318681133170944,0.616158208802038,19.37879729270935,2.2502481937408447,ok,,5698,5698,0,1391,,30,1e-05,True,19.37844061851501,tabpfn_finetune_epoch_chunks_f_mmd,internal validation_split_ratio=0.1 | c_selection=f_mmd | c_source=test | c_metric=standardized_l2 | c_reserve_ratio=0.2908641795,30,1,tabpfn_finetuning_api_f_mmd,acc,0.7240773286467487,0.7240773286467487,,,0,True,False,,f_mmd,test,standardized_l2,0.2908641795,1.5514199252651226,0.2780326271055355,,True
stage2_graph_scm_0069_seed42,/home/crc00006699/zh/tabiclv2/results/tabiclv2_prior_data/graph_scm_3stage_512_seed42/stage2_graph_scm_0069_seed42,multiclass,5401,0,1410,4,7,1.0,1.0,1.0,1.0,0.0070144111952527,9.052441358566284,0.8334929943084717,ok,,5401,5401,0,1410,,30,1e-05,True,9.052083730697632,tabpfn_finetune_epoch_chunks_f_mmd,internal validation_split_ratio=0.1 | c_selection=f_mmd | c_source=test | c_metric=standardized_l2 | c_reserve_ratio=0.2908641795,30,1,tabpfn_finetuning_api_f_mmd,acc,1.0,1.0,,,0,True,False,,f_mmd,test,standardized_l2,0.2908641795,2.094152436490398,0.3942828800604286,,True
stage2_graph_scm_0070_seed42,/home/crc00006699/zh/tabiclv2/results/tabiclv2_prior_data/graph_scm_3stage_512_seed42/stage2_graph_scm_0070_seed42,multiclass,3250,0,795,46,9,1.0,1.0,1.0,1.0,0.000103870424023,11.40661597251892,1.1491286754608154,ok,,3250,3250,0,795,,30,1e-05,True,11.406177043914797,tabpfn_finetune_epoch_chunks_f_mmd,internal validation_split_ratio=0.1 | c_selection=f_mmd | c_source=test | c_metric=standardized_l2 | c_reserve_ratio=0.2908641795,30,1,tabpfn_finetuning_api_f_mmd,acc,1.0,1.0,,,0,True,False,,f_mmd,test,standardized_l2,0.2908641795,1.9246807766546488,0.5754592163735398,,True
stage2_graph_scm_0071_seed42,/home/crc00006699/zh/tabiclv2/results/tabiclv2_prior_data/graph_scm_3stage_512_seed42/stage2_graph_scm_0071_seed42,multiclass,3927,0,976,36,7,0.9979508196721312,0.997949566191055,0.9972363945578232,0.9999842007753867,0.0077814183477011,11.92903447151184,1.1542835235595703,ok,,3927,3927,0,976,,30,1e-05,True,11.92861270904541,tabpfn_finetune_epoch_chunks_f_mmd,internal validation_split_ratio=0.1 | c_selection=f_mmd | c_source=test | c_metric=standardized_l2 | c_reserve_ratio=0.2908641795,30,1,tabpfn_finetuning_api_f_mmd,acc,1.0,1.0,,,0,True,False,,f_mmd,test,standardized_l2,0.2908641795,1.474012825480723,0.0320369086709738,,True
stage2_graph_scm_0072_seed42,/home/crc00006699/zh/tabiclv2/results/tabiclv2_prior_data/graph_scm_3stage_512_seed42/stage2_graph_scm_0072_seed42,binclass,340,0,85,39,2,0.9058823529411764,0.9058823529411764,0.8934837092731829,0.974937343358396,0.1764891762611625,8.322667598724365,0.4518454074859619,ok,,340,340,0,85,,30,1e-05,True,8.322317600250244,tabpfn_finetune_epoch_chunks_f_mmd,internal validation_split_ratio=0.1 | c_selection=f_mmd | c_source=test | c_metric=standardized_l2 | c_reserve_ratio=0.2908641795,30,1,tabpfn_finetuning_api_f_mmd,acc,1.0,1.0,,,0,True,False,,f_mmd,test,standardized_l2,0.2908641795,1.640756514787815,0.512009682201944,,True
stage2_graph_scm_0073_seed42,/home/crc00006699/zh/tabiclv2/results/tabiclv2_prior_data/graph_scm_3stage_512_seed42/stage2_graph_scm_0073_seed42,multiclass,2179,0,523,88,7,0.9158699808795412,0.9164711111204928,0.8666222158758865,0.992071830341104,0.2676055304107674,36.29025936126709,1.5494017601013184,ok,,2179,2179,0,523,,30,1e-05,True,36.28991436958313,tabpfn_finetune_epoch_chunks_f_mmd,internal validation_split_ratio=0.1 | c_selection=f_mmd | c_source=test | c_metric=standardized_l2 | c_reserve_ratio=0.2908641795,30,1,tabpfn_finetuning_api_f_mmd,acc,0.9078341013824884,0.9216589861751152,,,14,True,False,,f_mmd,test,standardized_l2,0.2908641795,1.8792731444890096,1.0792888043082194,,True
stage2_graph_scm_0074_seed42,/home/crc00006699/zh/tabiclv2/results/tabiclv2_prior_data/graph_scm_3stage_512_seed42/stage2_graph_scm_0074_seed42,binclass,522,0,126,58,2,0.8888888888888888,0.8888888888888888,0.8888888888888888,0.945830183925422,0.3045560387649924,13.12862491607666,0.5114712715148926,ok,,522,522,0,126,,30,1e-05,True,13.12826681137085,tabpfn_finetune_epoch_chunks_f_mmd,internal validation_split_ratio=0.1 | c_selection=f_mmd | c_source=test | c_metric=standardized_l2 | c_reserve_ratio=0.2908641795,30,1,tabpfn_finetuning_api_f_mmd,acc,0.8076923076923077,0.8653846153846154,,,4,True,False,,f_mmd,test,standardized_l2,0.2908641795,1.596043743399436,0.4409846768238749,,True
stage2_graph_scm_0075_seed42,/home/crc00006699/zh/tabiclv2/results/tabiclv2_prior_data/graph_scm_3stage_512_seed42/stage2_graph_scm_0075_seed42,binclass,7295,0,1782,8,2,0.8726150392817059,0.8706334326016555,0.8550918473629391,0.941269108565056,0.2962241066527546,12.082502841949465,1.1701531410217283,ok,,7295,7295,0,1782,,30,1e-05,True,12.082151651382446,tabpfn_finetune_epoch_chunks_f_mmd,internal validation_split_ratio=0.1 | c_selection=f_mmd | c_source=test | c_metric=standardized_l2 | c_reserve_ratio=0.2908641795,30,1,tabpfn_finetuning_api_f_mmd,acc,0.897119341563786,0.897119341563786,,,0,True,False,,f_mmd,test,standardized_l2,0.2908641795,1.4856190739871522,0.133986802671458,,True
stage2_graph_scm_0076_seed42,/home/crc00006699/zh/tabiclv2/results/tabiclv2_prior_data/graph_scm_3stage_512_seed42/stage2_graph_scm_0076_seed42,multiclass,633,0,151,87,6,0.7086092715231788,0.6664421525090335,0.5767950630642447,0.943236780448144,0.7111111689095962,11.812006950378418,0.4544122219085693,ok,,633,633,0,151,,30,1e-05,True,11.811583995819092,tabpfn_finetune_epoch_chunks_f_mmd,internal validation_split_ratio=0.1 | c_selection=f_mmd | c_source=test | c_metric=standardized_l2 | c_reserve_ratio=0.2908641795,30,1,tabpfn_finetuning_api_f_mmd,acc,0.7142857142857143,0.746031746031746,,,3,True,False,,f_mmd,test,standardized_l2,0.2908641795,1.9096841043281692,0.8016430201159672,,True
stage2_graph_scm_0077_seed42,/home/crc00006699/zh/tabiclv2/results/tabiclv2_prior_data/graph_scm_3stage_512_seed42/stage2_graph_scm_0077_seed42,multiclass,4663,0,1194,40,8,0.990787269681742,0.9908005880033518,0.9945040440583588,0.9999567519109988,0.0254791792885074,12.364317178726196,1.3592207431793213,ok,,4663,4663,0,1194,,30,1e-05,True,12.363953828811646,tabpfn_finetune_epoch_chunks_f_mmd,internal validation_split_ratio=0.1 | c_selection=f_mmd | c_source=test | c_metric=standardized_l2 | c_reserve_ratio=0.2908641795,30,1,tabpfn_finetuning_api_f_mmd,acc,0.9957081545064378,0.9957081545064378,,,0,True,False,,f_mmd,test,standardized_l2,0.2908641795,1.8912811881136735,1.2095859315237043,,True
stage2_graph_scm_0078_seed42,/home/crc00006699/zh/tabiclv2/results/tabiclv2_prior_data/graph_scm_3stage_512_seed42/stage2_graph_scm_0078_seed42,multiclass,5061,0,1263,47,3,0.557403008709422,0.5116705882204905,0.4213968994865602,0.6680599722163659,0.9220646016913648,31.767990350723267,1.5579347610473633,ok,,5061,5061,0,1263,,30,1e-05,True,31.76763081550598,tabpfn_finetune_epoch_chunks_f_mmd,internal validation_split_ratio=0.1 | c_selection=f_mmd | c_source=test | c_metric=standardized_l2 | c_reserve_ratio=0.2908641795,30,1,tabpfn_finetuning_api_f_mmd,acc,0.5889328063241107,0.5988142292490118,,,10,True,False,,f_mmd,test,standardized_l2,0.2908641795,1.369614236993454,0.0583206578330147,,True
stage2_graph_scm_0079_seed42,/home/crc00006699/zh/tabiclv2/results/tabiclv2_prior_data/graph_scm_3stage_512_seed42/stage2_graph_scm_0079_seed42,multiclass,2016,0,489,65,7,0.65439672801636,0.6117304592513282,0.3773027062784475,0.8748982711439658,0.8822953241532316,20.93498969078064,1.3597605228424072,ok,,2016,2016,0,489,,30,1e-05,True,20.934568643569943,tabpfn_finetune_epoch_chunks_f_mmd,internal validation_split_ratio=0.1 | c_selection=f_mmd | c_source=test | c_metric=standardized_l2 | c_reserve_ratio=0.2908641795,30,1,tabpfn_finetuning_api_f_mmd,acc,0.6119402985074627,0.6268656716417911,,,8,True,False,,f_mmd,test,standardized_l2,0.2908641795,2.051537118287898,0.4892572016088848,,True
stage2_graph_scm_0080_seed42,/home/crc00006699/zh/tabiclv2/results/tabiclv2_prior_data/graph_scm_3stage_512_seed42/stage2_graph_scm_0080_seed42,multiclass,5995,0,1589,55,8,0.4166142227816237,0.3648032723339573,0.2574962630229329,0.790722593060252,1.501972143517323,30.54612398147583,1.975319623947144,ok,,5995,5995,0,1589,,30,1e-05,True,30.545759201049805,tabpfn_finetune_epoch_chunks_f_mmd,internal validation_split_ratio=0.1 | c_selection=f_mmd | c_source=test | c_metric=standardized_l2 | c_reserve_ratio=0.2908641795,30,1,tabpfn_finetuning_api_f_mmd,acc,0.4023372287145242,0.4140233722871452,,,7,True,False,,f_mmd,test,standardized_l2,0.2908641795,1.6569867873271211,0.2628347883819664,,True
stage2_graph_scm_0081_seed42,/home/crc00006699/zh/tabiclv2/results/tabiclv2_prior_data/graph_scm_3stage_512_seed42/stage2_graph_scm_0081_seed42,multiclass,1685,0,438,74,6,0.9954337899543378,0.9953987962153796,0.9904761904761904,0.999487988635955,0.02166984710337,9.33797812461853,1.2563230991363523,ok,,1685,1685,0,438,,30,1e-05,True,9.337549448013306,tabpfn_finetune_epoch_chunks_f_mmd,internal validation_split_ratio=0.1 | c_selection=f_mmd | c_source=test | c_metric=standardized_l2 | c_reserve_ratio=0.2908641795,30,1,tabpfn_finetuning_api_f_mmd,acc,0.9821428571428572,0.9821428571428572,,,0,True,False,,f_mmd,test,standardized_l2,0.2908641795,1.8661065427041827,0.7935273166655684,,True
stage2_graph_scm_0082_seed42,/home/crc00006699/zh/tabiclv2/results/tabiclv2_prior_data/graph_scm_3stage_512_seed42/stage2_graph_scm_0082_seed42,multiclass,1495,0,377,70,5,1.0,1.0,1.0,1.0,5.350116721943248e-05,9.643378019332886,0.5117638111114502,ok,,1495,1495,0,377,,30,1e-05,True,9.642958879470823,tabpfn_finetune_epoch_chunks_f_mmd,internal validation_split_ratio=0.1 | c_selection=f_mmd | c_source=test | c_metric=standardized_l2 | c_reserve_ratio=0.2908641795,30,1,tabpfn_finetuning_api_f_mmd,acc,1.0,1.0,,,0,True,False,,f_mmd,test,standardized_l2,0.2908641795,1.8545281128920688,0.3582173773226422,,True
stage2_graph_scm_0083_seed42,/home/crc00006699/zh/tabiclv2/results/tabiclv2_prior_data/graph_scm_3stage_512_seed42/stage2_graph_scm_0083_seed42,multiclass,4947,0,1213,24,6,1.0,1.0,1.0,1.0,6.496380236739695e-05,10.581866979599,1.0691146850585938,ok,,4947,4947,0,1213,,30,1e-05,True,10.581518173217772,tabpfn_finetune_epoch_chunks_f_mmd,internal validation_split_ratio=0.1 | c_selection=f_mmd | c_source=test | c_metric=standardized_l2 | c_reserve_ratio=0.2908641795,30,1,tabpfn_finetuning_api_f_mmd,acc,1.0,1.0,,,0,True,False,,f_mmd,test,standardized_l2,0.2908641795,2.3813123228561546,0.8686843306180149,,True
stage2_graph_scm_0084_seed42,/home/crc00006699/zh/tabiclv2/results/tabiclv2_prior_data/graph_scm_3stage_512_seed42/stage2_graph_scm_0084_seed42,binclass,407,0,103,9,2,0.9611650485436892,0.9607038636164852,0.9487179487179488,0.9963942307692308,0.1123672869773692,7.452900648117065,0.4432041645050049,ok,,407,407,0,103,,30,1e-05,True,7.452532768249512,tabpfn_finetune_epoch_chunks_f_mmd,internal validation_split_ratio=0.1 | c_selection=f_mmd | c_source=test | c_metric=standardized_l2 | c_reserve_ratio=0.2908641795,30,1,tabpfn_finetuning_api_f_mmd,acc,0.975,0.975,,,0,True,False,,f_mmd,test,standardized_l2,0.2908641795,2.38726199956383,1.1300324430256616,,True
stage2_graph_scm_0085_seed42,/home/crc00006699/zh/tabiclv2/results/tabiclv2_prior_data/graph_scm_3stage_512_seed42/stage2_graph_scm_0085_seed42,multiclass,2762,0,676,56,8,0.9881656804733728,0.9882214750319352,0.9451069078947368,0.999138963483985,0.0307299827854698,18.32740473747253,1.2629776000976562,ok,,2762,2762,0,676,,30,1e-05,True,18.326977252960205,tabpfn_finetune_epoch_chunks_f_mmd,internal validation_split_ratio=0.1 | c_selection=f_mmd | c_source=test | c_metric=standardized_l2 | c_reserve_ratio=0.2908641795,30,1,tabpfn_finetuning_api_f_mmd,acc,0.9818840579710144,0.9855072463768116,,,4,True,False,,f_mmd,test,standardized_l2,0.2908641795,1.5510656469034794,0.1525988887938524,,True
stage2_graph_scm_0086_seed42,/home/crc00006699/zh/tabiclv2/results/tabiclv2_prior_data/graph_scm_3stage_512_seed42/stage2_graph_scm_0086_seed42,multiclass,6413,0,1551,48,8,0.5164410058027079,0.497814600778219,0.4845083614201074,0.9114733833772536,0.9340745268344348,17.249900579452515,1.9430410861968996,ok,,6413,6413,0,1551,,30,1e-05,True,17.249547243118286,tabpfn_finetune_epoch_chunks_f_mmd,internal validation_split_ratio=0.1 | c_selection=f_mmd | c_source=test | c_metric=standardized_l2 | c_reserve_ratio=0.2908641795,30,1,tabpfn_finetuning_api_f_mmd,acc,0.4648985959438377,0.4648985959438377,,,0,True,False,,f_mmd,test,standardized_l2,0.2908641795,1.5989176998933117,0.1856143203418302,,True
stage2_graph_scm_0087_seed42,/home/crc00006699/zh/tabiclv2/results/tabiclv2_prior_data/graph_scm_3stage_512_seed42/stage2_graph_scm_0087_seed42,binclass,508,0,124,99,2,0.7983870967741935,0.799851985988435,0.6943434343434344,0.8501010101010101,0.404307297968352,9.196510553359984,0.4780032634735107,ok,,508,508,0,124,,30,1e-05,True,9.196152687072754,tabpfn_finetune_epoch_chunks_f_mmd,internal validation_split_ratio=0.1 | c_selection=f_mmd | c_source=test | c_metric=standardized_l2 | c_reserve_ratio=0.2908641795,30,1,tabpfn_finetuning_api_f_mmd,acc,0.78,0.78,,,0,True,False,,f_mmd,test,standardized_l2,0.2908641795,1.478233541297249,0.1251435657614588,,True
stage2_graph_scm_0088_seed42,/home/crc00006699/zh/tabiclv2/results/tabiclv2_prior_data/graph_scm_3stage_512_seed42/stage2_graph_scm_0088_seed42,multiclass,2739,0,699,17,7,0.927038626609442,0.9251302038072754,0.8382677405344777,0.995389884180754,0.1703744856097269,8.569570779800415,0.6595406532287598,ok,,2739,2739,0,699,,30,1e-05,True,8.569226503372192,tabpfn_finetune_epoch_chunks_f_mmd,internal validation_split_ratio=0.1 | c_selection=f_mmd | c_source=test | c_metric=standardized_l2 | c_reserve_ratio=0.2908641795,30,1,tabpfn_finetuning_api_f_mmd,acc,0.9157509157509156,0.9157509157509156,,,0,True,False,,f_mmd,test,standardized_l2,0.2908641795,2.0212752860348946,0.8554688909642967,,True
stage2_graph_scm_0089_seed42,/home/crc00006699/zh/tabiclv2/results/tabiclv2_prior_data/graph_scm_3stage_512_seed42/stage2_graph_scm_0089_seed42,multiclass,7230,0,1796,2,4,0.5534521158129176,0.4119001429176384,0.4709677419354838,0.8189188088275237,0.7695682682033306,10.865694999694824,1.0680978298187256,ok,,7230,7230,0,1796,,30,1e-05,True,10.865284442901611,tabpfn_finetune_epoch_chunks_f_mmd,internal validation_split_ratio=0.1 | c_selection=f_mmd | c_source=test | c_metric=standardized_l2 | c_reserve_ratio=0.2908641795,30,1,tabpfn_finetuning_api_f_mmd,acc,0.5656984785615491,0.5656984785615491,,,0,True,False,,f_mmd,test,standardized_l2,0.2908641795,1.498883747250818,0.1117448765392886,,True
stage2_graph_scm_0090_seed42,/home/crc00006699/zh/tabiclv2/results/tabiclv2_prior_data/graph_scm_3stage_512_seed42/stage2_graph_scm_0090_seed42,multiclass,3939,0,1019,67,8,0.4033366045142296,0.390934848897814,0.405822708896554,0.832732067668648,1.4526206295303108,28.701539754867557,1.6615631580352783,ok,,3939,3939,0,1019,,30,1e-05,True,28.70118832588196,tabpfn_finetune_epoch_chunks_f_mmd,internal validation_split_ratio=0.1 | c_selection=f_mmd | c_source=test | c_metric=standardized_l2 | c_reserve_ratio=0.2908641795,30,1,tabpfn_finetuning_api_f_mmd,acc,0.4249363867684478,0.4402035623409669,,,9,True,False,,f_mmd,test,standardized_l2,0.2908641795,1.4394589768240087,0.1399012737546396,,True
stage2_graph_scm_0091_seed42,/home/crc00006699/zh/tabiclv2/results/tabiclv2_prior_data/graph_scm_3stage_512_seed42/stage2_graph_scm_0091_seed42,multiclass,926,0,227,96,4,0.9779735682819384,0.9779667453977956,0.9802427263811704,0.9990598299241642,0.0745471452316139,8.677810668945312,0.4525196552276611,ok,,926,926,0,227,,30,1e-05,True,8.677448511123657,tabpfn_finetune_epoch_chunks_f_mmd,internal validation_split_ratio=0.1 | c_selection=f_mmd | c_source=test | c_metric=standardized_l2 | c_reserve_ratio=0.2908641795,30,1,tabpfn_finetuning_api_f_mmd,acc,0.9239130434782608,0.9239130434782608,,,0,True,False,,f_mmd,test,standardized_l2,0.2908641795,1.7686577207443903,0.4599352559020123,,True
stage2_graph_scm_0092_seed42,/home/crc00006699/zh/tabiclv2/results/tabiclv2_prior_data/graph_scm_3stage_512_seed42/stage2_graph_scm_0092_seed42,multiclass,2431,0,629,13,6,0.7885532591414944,0.7541794306015795,0.4386708529565672,0.9098875177934244,0.5451913634972196,8.418017625808716,0.607276201248169,ok,,2431,2431,0,629,,30,1e-05,True,8.417670011520386,tabpfn_finetune_epoch_chunks_f_mmd,internal validation_split_ratio=0.1 | c_selection=f_mmd | c_source=test | c_metric=standardized_l2 | c_reserve_ratio=0.2908641795,30,1,tabpfn_finetuning_api_f_mmd,acc,0.7695473251028807,0.7695473251028807,,,0,True,False,,f_mmd,test,standardized_l2,0.2908641795,2.121380667592188,0.7435428478851087,,True
stage2_graph_scm_0093_seed42,/home/crc00006699/zh/tabiclv2/results/tabiclv2_prior_data/graph_scm_3stage_512_seed42/stage2_graph_scm_0093_seed42,multiclass,419,0,99,24,6,0.9191919191919192,0.9098529283427264,0.845993179880648,0.9987883942313366,0.1460776197041908,7.301975727081299,0.416008710861206,ok,,419,419,0,99,,30,1e-05,True,7.301622152328491,tabpfn_finetune_epoch_chunks_f_mmd,internal validation_split_ratio=0.1 | c_selection=f_mmd | c_source=test | c_metric=standardized_l2 | c_reserve_ratio=0.2908641795,30,1,tabpfn_finetuning_api_f_mmd,acc,0.902439024390244,0.902439024390244,,,0,True,False,,f_mmd,test,standardized_l2,0.2908641795,3.1070041946256883,1.548067956617806,,True
stage2_graph_scm_0094_seed42,/home/crc00006699/zh/tabiclv2/results/tabiclv2_prior_data/graph_scm_3stage_512_seed42/stage2_graph_scm_0094_seed42,multiclass,492,0,126,51,8,0.9603174603174603,0.9603633708896868,0.9564064407814408,0.9960239148269924,0.1524618372760014,8.501038074493408,0.4610586166381836,ok,,492,492,0,126,,30,1e-05,True,8.50069785118103,tabpfn_finetune_epoch_chunks_f_mmd,internal validation_split_ratio=0.1 | c_selection=f_mmd | c_source=test | c_metric=standardized_l2 | c_reserve_ratio=0.2908641795,30,1,tabpfn_finetuning_api_f_mmd,acc,0.9591836734693876,0.9591836734693876,,,0,True,False,,f_mmd,test,standardized_l2,0.2908641795,1.9524144982551064,0.7775428234980388,,True
stage2_graph_scm_0095_seed42,/home/crc00006699/zh/tabiclv2/results/tabiclv2_prior_data/graph_scm_3stage_512_seed42/stage2_graph_scm_0095_seed42,multiclass,595,0,149,89,8,0.9731543624161074,0.973450734606462,0.98046875,0.9992976548550248,0.088097119388983,8.007701396942139,0.4408149719238281,ok,,595,595,0,149,,30,1e-05,True,8.00734567642212,tabpfn_finetune_epoch_chunks_f_mmd,internal validation_split_ratio=0.1 | c_selection=f_mmd | c_source=test | c_metric=standardized_l2 | c_reserve_ratio=0.2908641795,30,1,tabpfn_finetuning_api_f_mmd,acc,0.9322033898305084,0.9322033898305084,,,0,True,False,,f_mmd,test,standardized_l2,0.2908641795,2.176742445032477,2.0534721657919133,,True
stage2_graph_scm_0096_seed42,/home/crc00006699/zh/tabiclv2/results/tabiclv2_prior_data/graph_scm_3stage_512_seed42/stage2_graph_scm_0096_seed42,multiclass,2310,0,571,18,3,0.9737302977232924,0.9726362340926328,0.9001576564189996,0.9971799341414044,0.0738714110555393,8.153611660003662,0.6395883560180664,ok,,2310,2310,0,571,,30,1e-05,True,8.153267860412598,tabpfn_finetune_epoch_chunks_f_mmd,internal validation_split_ratio=0.1 | c_selection=f_mmd | c_source=test | c_metric=standardized_l2 | c_reserve_ratio=0.2908641795,30,1,tabpfn_finetuning_api_f_mmd,acc,0.9826839826839828,0.9826839826839828,,,0,True,False,,f_mmd,test,standardized_l2,0.2908641795,2.3514098205822758,1.0912437230381076,,True
stage2_graph_scm_0097_seed42,/home/crc00006699/zh/tabiclv2/results/tabiclv2_prior_data/graph_scm_3stage_512_seed42/stage2_graph_scm_0097_seed42,multiclass,539,0,143,54,10,0.4755244755244755,0.4778895825403804,0.4570383623943995,0.8877197276285802,1.3389254125586365,24.324477672576904,0.4651775360107422,ok,,539,539,0,143,,30,1e-05,True,24.324132204055783,tabpfn_finetune_epoch_chunks_f_mmd,internal validation_split_ratio=0.1 | c_selection=f_mmd | c_source=test | c_metric=standardized_l2 | c_reserve_ratio=0.2908641795,30,1,tabpfn_finetuning_api_f_mmd,acc,0.4716981132075472,0.5471698113207547,,,19,True,False,,f_mmd,test,standardized_l2,0.2908641795,1.616747181543121,0.1539140512816125,,True
stage2_graph_scm_0098_seed42,/home/crc00006699/zh/tabiclv2/results/tabiclv2_prior_data/graph_scm_3stage_512_seed42/stage2_graph_scm_0098_seed42,multiclass,3243,0,785,86,10,0.7503184713375797,0.7506084896401701,0.7317769882622507,0.9699962391692608,0.6937327770086081,48.86811184883118,1.8133387565612795,ok,,3243,3243,0,785,,30,1e-05,True,48.8676860332489,tabpfn_finetune_epoch_chunks_f_mmd,internal validation_split_ratio=0.1 | c_selection=f_mmd | c_source=test | c_metric=standardized_l2 | c_reserve_ratio=0.2908641795,30,1,tabpfn_finetuning_api_f_mmd,acc,0.7098765432098766,0.75,,,18,True,False,,f_mmd,test,standardized_l2,0.2908641795,1.4945831250487516,0.1429606419121892,,True
stage2_graph_scm_0099_seed42,/home/crc00006699/zh/tabiclv2/results/tabiclv2_prior_data/graph_scm_3stage_512_seed42/stage2_graph_scm_0099_seed42,multiclass,780,0,186,82,6,0.7419354838709677,0.6848468857570347,0.7529607593844275,0.9463936352503528,0.5233465507857257,15.1652250289917,0.4576008319854736,ok,,780,780,0,186,,30,1e-05,True,15.164832592010498,tabpfn_finetune_epoch_chunks_f_mmd,internal validation_split_ratio=0.1 | c_selection=f_mmd | c_source=test | c_metric=standardized_l2 | c_reserve_ratio=0.2908641795,30,1,tabpfn_finetuning_api_f_mmd,acc,0.7435897435897436,0.7564102564102564,,,7,True,False,,f_mmd,test,standardized_l2,0.2908641795,1.6436299404015526,0.2263118958682756,,True
stage2_graph_scm_0100_seed42,/home/crc00006699/zh/tabiclv2/results/tabiclv2_prior_data/graph_scm_3stage_512_seed42/stage2_graph_scm_0100_seed42,multiclass,1206,0,292,81,3,0.9486301369863014,0.9480709822832332,0.900197877316064,0.9886037613108892,0.1492773429910088,12.029253005981444,0.4727597236633301,ok,,1206,1206,0,292,,30,1e-05,True,12.028836727142334,tabpfn_finetune_epoch_chunks_f_mmd,internal validation_split_ratio=0.1 | c_selection=f_mmd | c_source=test | c_metric=standardized_l2 | c_reserve_ratio=0.2908641795,30,1,tabpfn_finetuning_api_f_mmd,acc,0.9416666666666668,0.975,,,3,True,False,,f_mmd,test,standardized_l2,0.2908641795,2.1980410355043154,3.1843248256013177,,True
stage2_graph_scm_0101_seed42,/home/crc00006699/zh/tabiclv2/results/tabiclv2_prior_data/graph_scm_3stage_512_seed42/stage2_graph_scm_0101_seed42,multiclass,1434,0,338,28,3,0.9881656804733728,0.988191451290786,0.988222743013047,0.9998824557808093,0.022699441413948,8.009771823883057,0.4349281787872314,ok,,1434,1434,0,338,,30,1e-05,True,8.009424448013306,tabpfn_finetune_epoch_chunks_f_mmd,internal validation_split_ratio=0.1 | c_selection=f_mmd | c_source=test | c_metric=standardized_l2 | c_reserve_ratio=0.2908641795,30,1,tabpfn_finetuning_api_f_mmd,acc,0.993006993006993,0.993006993006993,,,0,True,False,,f_mmd,test,standardized_l2,0.2908641795,1.5467858773413714,0.1492546217294567,,True
stage2_graph_scm_0102_seed42,/home/crc00006699/zh/tabiclv2/results/tabiclv2_prior_data/graph_scm_3stage_512_seed42/stage2_graph_scm_0102_seed42,multiclass,377,0,95,78,3,1.0,1.0,1.0,1.0,0.0002581302430593,8.174608707427979,0.4446783065795898,ok,,377,377,0,95,,30,1e-05,True,8.174255847930908,tabpfn_finetune_epoch_chunks_f_mmd,internal validation_split_ratio=0.1 | c_selection=f_mmd | c_source=test | c_metric=standardized_l2 | c_reserve_ratio=0.2908641795,30,1,tabpfn_finetuning_api_f_mmd,acc,1.0,1.0,,,0,True,False,,f_mmd,test,standardized_l2,0.2908641795,2.1529970125731435,0.5992652842089637,,True
stage2_graph_scm_0103_seed42,/home/crc00006699/zh/tabiclv2/results/tabiclv2_prior_data/graph_scm_3stage_512_seed42/stage2_graph_scm_0103_seed42,multiclass,1971,0,480,40,7,1.0,1.0,1.0,1.0,0.00034602145222,8.614095211029053,0.8814220428466797,ok,,1971,1971,0,480,,30,1e-05,True,8.61374568939209,tabpfn_finetune_epoch_chunks_f_mmd,internal validation_split_ratio=0.1 | c_selection=f_mmd | c_source=test | c_metric=standardized_l2 | c_reserve_ratio=0.2908641795,30,1,tabpfn_finetuning_api_f_mmd,acc,1.0,1.0,,,0,True,False,,f_mmd,test,standardized_l2,0.2908641795,1.6075251316761814,0.2083013453788938,,True
stage2_graph_scm_0104_seed42,/home/crc00006699/zh/tabiclv2/results/tabiclv2_prior_data/graph_scm_3stage_512_seed42/stage2_graph_scm_0104_seed42,multiclass,4743,0,1259,45,9,1.0,1.0,1.0,1.0,0.0001746139694036,15.68817400932312,1.446892499923706,ok,,4743,4743,0,1259,,30,1e-05,True,15.687810897827148,tabpfn_finetune_epoch_chunks_f_mmd,internal validation_split_ratio=0.1 | c_selection=f_mmd | c_source=test | c_metric=standardized_l2 | c_reserve_ratio=0.2908641795,30,1,tabpfn_finetuning_api_f_mmd,acc,0.9978902953586498,1.0,,,2,True,False,,f_mmd,test,standardized_l2,0.2908641795,2.0653280427769425,1.4121582353310045,,True
stage2_graph_scm_0105_seed42,/home/crc00006699/zh/tabiclv2/results/tabiclv2_prior_data/graph_scm_3stage_512_seed42/stage2_graph_scm_0105_seed42,multiclass,3483,0,877,78,10,0.4241733181299886,0.3802966439261987,0.2880951478820032,0.8532121754300668,1.4020422427415502,19.18408155441284,1.7174341678619385,ok,,3483,3483,0,877,,30,1e-05,True,19.18363094329834,tabpfn_finetune_epoch_chunks_f_mmd,internal validation_split_ratio=0.1 | c_selection=f_mmd | c_source=test | c_metric=standardized_l2 | c_reserve_ratio=0.2908641795,30,1,tabpfn_finetuning_api_f_mmd,acc,0.4109195402298851,0.4281609195402299,,,3,True,False,,f_mmd,test,standardized_l2,0.2908641795,2.4694115216923205,2.7426927287881457,,True
stage2_graph_scm_0106_seed42,/home/crc00006699/zh/tabiclv2/results/tabiclv2_prior_data/graph_scm_3stage_512_seed42/stage2_graph_scm_0106_seed42,multiclass,1641,0,404,2,7,0.2698019801980198,0.200126414427157,0.2440099869289398,0.6878809932454831,1.7530112105263556,11.31442403793335,0.4556617736816406,ok,,1641,1641,0,404,,30,1e-05,True,11.314075231552124,tabpfn_finetune_epoch_chunks_f_mmd,internal validation_split_ratio=0.1 | c_selection=f_mmd | c_source=test | c_metric=standardized_l2 | c_reserve_ratio=0.2908641795,30,1,tabpfn_finetuning_api_f_mmd,acc,0.2560975609756097,0.2804878048780488,,,5,True,False,,f_mmd,test,standardized_l2,0.2908641795,2.252492079503749,0.7236047281436159,,True
stage2_graph_scm_0107_seed42,/home/crc00006699/zh/tabiclv2/results/tabiclv2_prior_data/graph_scm_3stage_512_seed42/stage2_graph_scm_0107_seed42,binclass,467,0,113,12,2,0.7787610619469026,0.7787610619469026,0.7788220551378446,0.8518170426065163,0.4866638049817027,7.866311073303223,0.4303765296936035,ok,,467,467,0,113,,30,1e-05,True,7.865959882736206,tabpfn_finetune_epoch_chunks_f_mmd,internal validation_split_ratio=0.1 | c_selection=f_mmd | c_source=test | c_metric=standardized_l2 | c_reserve_ratio=0.2908641795,30,1,tabpfn_finetuning_api_f_mmd,acc,0.8043478260869565,0.8043478260869565,,,0,True,False,,f_mmd,test,standardized_l2,0.2908641795,2.367169902152397,1.7724215631981328,,True
stage2_graph_scm_0108_seed42,/home/crc00006699/zh/tabiclv2/results/tabiclv2_prior_data/graph_scm_3stage_512_seed42/stage2_graph_scm_0108_seed42,multiclass,907,0,232,79,8,0.3405172413793103,0.2039576896161227,0.1647086466165413,0.5310817805442272,1.8775461165289316,8.992343664169312,0.462627649307251,ok,,907,907,0,232,,30,1e-05,True,8.991997718811035,tabpfn_finetune_epoch_chunks_f_mmd,internal validation_split_ratio=0.1 | c_selection=f_mmd | c_source=test | c_metric=standardized_l2 | c_reserve_ratio=0.2908641795,30,1,tabpfn_finetuning_api_f_mmd,acc,0.3333333333333333,0.3333333333333333,,,0,True,False,,f_mmd,test,standardized_l2,0.2908641795,2.685963989595751,3.806949184956432,,True
stage2_graph_scm_0109_seed42,/home/crc00006699/zh/tabiclv2/results/tabiclv2_prior_data/graph_scm_3stage_512_seed42/stage2_graph_scm_0109_seed42,multiclass,1294,0,308,19,8,0.3863636363636363,0.2696196444449821,0.1812555260831123,0.5638309009492145,1.756424052442183,8.200824737548828,0.4546582698822021,ok,,1294,1294,0,308,,30,1e-05,True,8.200478553771973,tabpfn_finetune_epoch_chunks_f_mmd,internal validation_split_ratio=0.1 | c_selection=f_mmd | c_source=test | c_metric=standardized_l2 | c_reserve_ratio=0.2908641795,30,1,tabpfn_finetuning_api_f_mmd,acc,0.4108527131782946,0.4108527131782946,,,0,True,False,,f_mmd,test,standardized_l2,0.2908641795,1.5723583002446349,0.1835075107988943,,True
stage2_graph_scm_0110_seed42,/home/crc00006699/zh/tabiclv2/results/tabiclv2_prior_data/graph_scm_3stage_512_seed42/stage2_graph_scm_0110_seed42,multiclass,1313,0,322,20,10,0.9875776397515528,0.9875662639637794,0.9864609974424552,0.9997592088911116,0.0588025524485875,7.850255489349365,0.426483154296875,ok,,1313,1313,0,322,,30,1e-05,True,7.8498923778533936,tabpfn_finetune_epoch_chunks_f_mmd,internal validation_split_ratio=0.1 | c_selection=f_mmd | c_source=test | c_metric=standardized_l2 | c_reserve_ratio=0.2908641795,30,1,tabpfn_finetuning_api_f_mmd,acc,0.9465648854961832,0.9465648854961832,,,0,True,False,,f_mmd,test,standardized_l2,0.2908641795,1.8243278879816165,0.7258569580202071,,True
stage2_graph_scm_0111_seed42,/home/crc00006699/zh/tabiclv2/results/tabiclv2_prior_data/graph_scm_3stage_512_seed42/stage2_graph_scm_0111_seed42,multiclass,706,0,182,93,5,0.8406593406593407,0.7786259541984732,0.8,0.9702057817072604,0.249085466952872,15.137290239334106,0.4546155929565429,ok,,706,706,0,182,,30,1e-05,True,15.136937141418455,tabpfn_finetune_epoch_chunks_f_mmd,internal validation_split_ratio=0.1 | c_selection=f_mmd | c_source=test | c_metric=standardized_l2 | c_reserve_ratio=0.2908641795,30,1,tabpfn_finetuning_api_f_mmd,acc,0.8571428571428571,0.8714285714285714,,,7,True,False,,f_mmd,test,standardized_l2,0.2908641795,1.7915903250527487,0.2575311564187161,,True
stage2_graph_scm_0112_seed42,/home/crc00006699/zh/tabiclv2/results/tabiclv2_prior_data/graph_scm_3stage_512_seed42/stage2_graph_scm_0112_seed42,binclass,325,0,77,16,2,0.961038961038961,0.9611341039912468,0.9621318373071528,0.9922861150070128,0.1156824011541166,7.886658668518066,0.4484755992889404,ok,,325,325,0,77,,30,1e-05,True,7.886229515075684,tabpfn_finetune_epoch_chunks_f_mmd,internal validation_split_ratio=0.1 | c_selection=f_mmd | c_source=test | c_metric=standardized_l2 | c_reserve_ratio=0.2908641795,30,1,tabpfn_finetuning_api_f_mmd,acc,1.0,1.0,,,0,True,False,,f_mmd,test,standardized_l2,0.2908641795,1.958126919860909,1.0593219105050378,,True
stage2_graph_scm_0113_seed42,/home/crc00006699/zh/tabiclv2/results/tabiclv2_prior_data/graph_scm_3stage_512_seed42/stage2_graph_scm_0113_seed42,binclass,473,0,117,50,2,0.7008547008547008,0.7017236777585362,0.6706168831168831,0.7129870129870131,0.5862507165044795,11.51300835609436,0.4514219760894775,ok,,473,473,0,117,,30,1e-05,True,11.51265573501587,tabpfn_finetune_epoch_chunks_f_mmd,internal validation_split_ratio=0.1 | c_selection=f_mmd | c_source=test | c_metric=standardized_l2 | c_reserve_ratio=0.2908641795,30,1,tabpfn_finetuning_api_f_mmd,acc,0.7446808510638298,0.7872340425531915,,,3,True,False,,f_mmd,test,standardized_l2,0.2908641795,2.0563151506108417,0.8093128827986766,,True
stage2_graph_scm_0114_seed42,/home/crc00006699/zh/tabiclv2/results/tabiclv2_prior_data/graph_scm_3stage_512_seed42/stage2_graph_scm_0114_seed42,multiclass,379,0,98,16,7,0.3673469387755102,0.3027829313543599,0.3379251700680272,0.7597581194308543,1.4799534466157067,10.481507301330566,0.4320485591888428,ok,,379,379,0,98,,30,1e-05,True,10.481158018112184,tabpfn_finetune_epoch_chunks_f_mmd,internal validation_split_ratio=0.1 | c_selection=f_mmd | c_source=test | c_metric=standardized_l2 | c_reserve_ratio=0.2908641795,30,1,tabpfn_finetuning_api_f_mmd,acc,0.2162162162162162,0.3783783783783784,,,3,True,False,,f_mmd,test,standardized_l2,0.2908641795,1.7335974554711513,0.7165832391210895,,True
stage2_graph_scm_0115_seed42,/home/crc00006699/zh/tabiclv2/results/tabiclv2_prior_data/graph_scm_3stage_512_seed42/stage2_graph_scm_0115_seed42,multiclass,797,0,199,39,5,0.9246231155778896,0.92303776180909,0.8537255578559927,0.9934143657340416,0.1933515337998139,13.767001390457152,0.4472622871398926,ok,,797,797,0,199,,30,1e-05,True,13.766652345657349,tabpfn_finetune_epoch_chunks_f_mmd,internal validation_split_ratio=0.1 | c_selection=f_mmd | c_source=test | c_metric=standardized_l2 | c_reserve_ratio=0.2908641795,30,1,tabpfn_finetuning_api_f_mmd,acc,0.9620253164556962,0.9873417721518988,,,6,True,False,,f_mmd,test,standardized_l2,0.2908641795,1.725137344215317,0.276187703248135,,True
stage2_graph_scm_0116_seed42,/home/crc00006699/zh/tabiclv2/results/tabiclv2_prior_data/graph_scm_3stage_512_seed42/stage2_graph_scm_0116_seed42,multiclass,386,0,98,56,8,1.0,1.0,1.0,1.0,0.0070225210059636,8.429737567901611,0.4763176441192627,ok,,386,386,0,98,,30,1e-05,True,8.429389238357544,tabpfn_finetune_epoch_chunks_f_mmd,internal validation_split_ratio=0.1 | c_selection=f_mmd | c_source=test | c_metric=standardized_l2 | c_reserve_ratio=0.2908641795,30,1,tabpfn_finetuning_api_f_mmd,acc,0.9736842105263158,0.9736842105263158,,,0,True,False,,f_mmd,test,standardized_l2,0.2908641795,2.490999556085081,1.6159048759613346,,True
stage2_graph_scm_0117_seed42,/home/crc00006699/zh/tabiclv2/results/tabiclv2_prior_data/graph_scm_3stage_512_seed42/stage2_graph_scm_0117_seed42,multiclass,3334,0,819,41,4,1.0,1.0,1.0,1.0,3.96424612665332e-05,11.191156148910522,1.0807733535766602,ok,,3334,3334,0,819,,30,1e-05,True,11.190805435180664,tabpfn_finetune_epoch_chunks_f_mmd,internal validation_split_ratio=0.1 | c_selection=f_mmd | c_source=test | c_metric=standardized_l2 | c_reserve_ratio=0.2908641795,30,1,tabpfn_finetuning_api_f_mmd,acc,1.0,1.0,,,0,True,False,,f_mmd,test,standardized_l2,0.2908641795,2.41437836754175,0.375833694193758,,True
stage2_graph_scm_0118_seed42,/home/crc00006699/zh/tabiclv2/results/tabiclv2_prior_data/graph_scm_3stage_512_seed42/stage2_graph_scm_0118_seed42,binclass,1261,0,330,7,2,0.9575757575757576,0.9575757575757576,0.9511111111111112,0.991915343915344,0.1140569938565504,7.4898693561553955,0.4228882789611816,ok,,1261,1261,0,330,,30,1e-05,True,7.489506721496582,tabpfn_finetune_epoch_chunks_f_mmd,internal validation_split_ratio=0.1 | c_selection=f_mmd | c_source=test | c_metric=standardized_l2 | c_reserve_ratio=0.2908641795,30,1,tabpfn_finetuning_api_f_mmd,acc,0.9444444444444444,0.9444444444444444,,,0,True,False,,f_mmd,test,standardized_l2,0.2908641795,2.9769030647305126,2.4750152062581625,,True
stage2_graph_scm_0119_seed42,/home/crc00006699/zh/tabiclv2/results/tabiclv2_prior_data/graph_scm_3stage_512_seed42/stage2_graph_scm_0119_seed42,multiclass,1254,0,324,6,4,0.4320987654320987,0.4129894392322307,0.3479448021729633,0.6120948151771619,1.1836141510167817,7.412073373794556,0.4214828014373779,ok,,1254,1254,0,324,,30,1e-05,True,7.411721706390381,tabpfn_finetune_epoch_chunks_f_mmd,internal validation_split_ratio=0.1 | c_selection=f_mmd | c_source=test | c_metric=standardized_l2 | c_reserve_ratio=0.2908641795,30,1,tabpfn_finetuning_api_f_mmd,acc,0.432,0.432,,,0,True,False,,f_mmd,test,standardized_l2,0.2908641795,2.1508352256947187,0.8074783248458733,,True
stage2_graph_scm_0120_seed42,/home/crc00006699/zh/tabiclv2/results/tabiclv2_prior_data/graph_scm_3stage_512_seed42/stage2_graph_scm_0120_seed42,binclass,1684,0,438,23,2,0.997716894977169,0.9977193732420074,0.998371335504886,1.0,0.0031208134428397,7.719212770462036,0.7001113891601562,ok,,1684,1684,0,438,,30,1e-05,True,7.718850612640381,tabpfn_finetune_epoch_chunks_f_mmd,internal validation_split_ratio=0.1 | c_selection=f_mmd | c_source=test | c_metric=standardized_l2 | c_reserve_ratio=0.2908641795,30,1,tabpfn_finetuning_api_f_mmd,acc,1.0,1.0,,,0,True,False,,f_mmd,test,standardized_l2,0.2908641795,2.633906771284708,1.4360901725364248,,True
stage2_graph_scm_0121_seed42,/home/crc00006699/zh/tabiclv2/results/tabiclv2_prior_data/graph_scm_3stage_512_seed42/stage2_graph_scm_0121_seed42,multiclass,1991,0,485,5,9,0.981443298969072,0.9819009651952356,0.9747656904408316,0.9998746025835632,0.0353543956101843,10.197225570678713,0.5130760669708252,ok,,1991,1991,0,485,,30,1e-05,True,10.196871995925903,tabpfn_finetune_epoch_chunks_f_mmd,internal validation_split_ratio=0.1 | c_selection=f_mmd | c_source=test | c_metric=standardized_l2 | c_reserve_ratio=0.2908641795,30,1,tabpfn_finetuning_api_f_mmd,acc,0.9899497487437184,0.9949748743718592,,,3,True,False,,f_mmd,test,standardized_l2,0.2908641795,3.049519365161268,1.7813783834094077,,True
stage2_graph_scm_0122_seed42,/home/crc00006699/zh/tabiclv2/results/tabiclv2_prior_data/graph_scm_3stage_512_seed42/stage2_graph_scm_0122_seed42,binclass,2632,0,635,74,2,1.0,1.0,1.0,1.0,1.299699458683074e-05,12.773460626602173,1.4388535022735596,ok,,2632,2632,0,635,,30,1e-05,True,12.773111820220947,tabpfn_finetune_epoch_chunks_f_mmd,internal validation_split_ratio=0.1 | c_selection=f_mmd | c_source=test | c_metric=standardized_l2 | c_reserve_ratio=0.2908641795,30,1,tabpfn_finetuning_api_f_mmd,acc,1.0,1.0,,,0,True,False,,f_mmd,test,standardized_l2,0.2908641795,2.238783442175881,0.770875898771753,,True
stage2_graph_scm_0123_seed42,/home/crc00006699/zh/tabiclv2/results/tabiclv2_prior_data/graph_scm_3stage_512_seed42/stage2_graph_scm_0123_seed42,multiclass,470,0,113,17,4,0.5221238938053098,0.495214251857451,0.4410797497004394,0.7316601237671838,1.1194992515241908,12.31616497039795,0.4398131370544433,ok,,470,470,0,113,,30,1e-05,True,12.315812587738035,tabpfn_finetune_epoch_chunks_f_mmd,internal validation_split_ratio=0.1 | c_selection=f_mmd | c_source=test | c_metric=standardized_l2 | c_reserve_ratio=0.2908641795,30,1,tabpfn_finetuning_api_f_mmd,acc,0.4468085106382978,0.4680851063829787,,,5,True,False,,f_mmd,test,standardized_l2,0.2908641795,2.7869602961696147,1.8252999248710584,,True
stage2_graph_scm_0124_seed42,/home/crc00006699/zh/tabiclv2/results/tabiclv2_prior_data/graph_scm_3stage_512_seed42/stage2_graph_scm_0124_seed42,multiclass,1925,0,501,30,4,0.940119760479042,0.9398166780427444,0.942474214901478,0.9918429910393494,0.168569634336085,11.032983303070068,0.8573572635650635,ok,,1925,1925,0,501,,30,1e-05,True,11.032562732696531,tabpfn_finetune_epoch_chunks_f_mmd,internal validation_split_ratio=0.1 | c_selection=f_mmd | c_source=test | c_metric=standardized_l2 | c_reserve_ratio=0.2908641795,30,1,tabpfn_finetuning_api_f_mmd,acc,0.9270833333333334,0.9322916666666666,,,3,True,False,,f_mmd,test,standardized_l2,0.2908641795,2.094467813723106,0.9310710764148776,,True
stage2_graph_scm_0125_seed42,/home/crc00006699/zh/tabiclv2/results/tabiclv2_prior_data/graph_scm_3stage_512_seed42/stage2_graph_scm_0125_seed42,multiclass,443,0,106,97,7,0.9622641509433962,0.964233879328219,0.9319727891156464,0.9990476190476192,0.0599895660126811,10.419646978378296,0.5139880180358887,ok,,443,443,0,106,,30,1e-05,True,10.419239282608032,tabpfn_finetune_epoch_chunks_f_mmd,internal validation_split_ratio=0.1 | c_selection=f_mmd | c_source=test | c_metric=standardized_l2 | c_reserve_ratio=0.2908641795,30,1,tabpfn_finetuning_api_f_mmd,acc,1.0,1.0,,,0,True,False,,f_mmd,test,standardized_l2,0.2908641795,1.3903662357781903,0.0574842575791916,,True
stage2_graph_scm_0126_seed42,/home/crc00006699/zh/tabiclv2/results/tabiclv2_prior_data/graph_scm_3stage_512_seed42/stage2_graph_scm_0126_seed42,multiclass,881,0,222,25,4,0.9369369369369368,0.9342562424474506,0.9053030303030304,0.9776348771573736,0.2086241189755072,10.114478588104248,0.4756219387054443,ok,,881,881,0,222,,30,1e-05,True,10.114131689071655,tabpfn_finetune_epoch_chunks_f_mmd,internal validation_split_ratio=0.1 | c_selection=f_mmd | c_source=test | c_metric=standardized_l2 | c_reserve_ratio=0.2908641795,30,1,tabpfn_finetuning_api_f_mmd,acc,0.9090909090909092,0.9204545454545454,,,2,True,False,,f_mmd,test,standardized_l2,0.2908641795,1.7758888713223215,0.5590639962191376,,True
stage2_graph_scm_0127_seed42,/home/crc00006699/zh/tabiclv2/results/tabiclv2_prior_data/graph_scm_3stage_512_seed42/stage2_graph_scm_0127_seed42,multiclass,745,0,183,77,7,0.5901639344262295,0.5788372205698996,0.5252136597843302,0.8640805136126256,1.1785739336148902,12.096221208572388,0.499936580657959,ok,,745,745,0,183,,30,1e-05,True,12.09579300880432,tabpfn_finetune_epoch_chunks_f_mmd,internal validation_split_ratio=0.1 | c_selection=f_mmd | c_source=test | c_metric=standardized_l2 | c_reserve_ratio=0.2908641795,30,1,tabpfn_finetuning_api_f_mmd,acc,0.5,0.527027027027027,,,3,True,False,,f_mmd,test,standardized_l2,0.2908641795,2.3102176927760425,1.0381530572711963,,True
stage2_graph_scm_0128_seed42,/home/crc00006699/zh/tabiclv2/results/tabiclv2_prior_data/graph_scm_3stage_512_seed42/stage2_graph_scm_0128_seed42,binclass,859,0,219,58,2,1.0,1.0,1.0,1.0,0.0015390244745621,9.467082500457764,0.4685933589935303,ok,,859,859,0,219,,30,1e-05,True,9.466726541519163,tabpfn_finetune_epoch_chunks_f_mmd,internal validation_split_ratio=0.1 | c_selection=f_mmd | c_source=test | c_metric=standardized_l2 | c_reserve_ratio=0.2908641795,30,1,tabpfn_finetuning_api_f_mmd,acc,1.0,1.0,,,0,True,False,,f_mmd,test,standardized_l2,0.2908641795,1.866680811720601,1.4283030183357168,,True
stage2_graph_scm_0129_seed42,/home/crc00006699/zh/tabiclv2/results/tabiclv2_prior_data/graph_scm_3stage_512_seed42/stage2_graph_scm_0129_seed42,multiclass,958,0,244,13,3,0.7377049180327869,0.6855984380539589,0.5864753857888869,0.8452386770860327,0.6753636384958104,7.650479316711426,0.444446325302124,ok,,958,958,0,244,,30,1e-05,True,7.650132417678833,tabpfn_finetune_epoch_chunks_f_mmd,internal validation_split_ratio=0.1 | c_selection=f_mmd | c_source=test | c_metric=standardized_l2 | c_reserve_ratio=0.2908641795,30,1,tabpfn_finetuning_api_f_mmd,acc,0.7157894736842105,0.7157894736842105,,,0,True,False,,f_mmd,test,standardized_l2,0.2908641795,1.8889348768825047,0.3145260014659881,,True
stage2_graph_scm_0130_seed42,/home/crc00006699/zh/tabiclv2/results/tabiclv2_prior_data/graph_scm_3stage_512_seed42/stage2_graph_scm_0130_seed42,binclass,4711,0,1132,52,2,1.0,1.0,1.0,1.0,1.3150921061673652e-05,14.409945964813232,1.5844295024871826,ok,,4711,4711,0,1132,,30,1e-05,True,14.40951132774353,tabpfn_finetune_epoch_chunks_f_mmd,internal validation_split_ratio=0.1 | c_selection=f_mmd | c_source=test | c_metric=standardized_l2 | c_reserve_ratio=0.2908641795,30,1,tabpfn_finetuning_api_f_mmd,acc,1.0,1.0,,,0,True,False,,f_mmd,test,standardized_l2,0.2908641795,3.3309352613085204,3.33449979348231,,True
stage2_graph_scm_0131_seed42,/home/crc00006699/zh/tabiclv2/results/tabiclv2_prior_data/graph_scm_3stage_512_seed42/stage2_graph_scm_0131_seed42,multiclass,2745,0,716,88,4,0.7108938547486033,0.6693544396727921,0.4902789197670734,0.8435015104724761,0.7678223003676131,23.351821660995483,1.754645586013794,ok,,2745,2745,0,716,,30,1e-05,True,23.351465463638306,tabpfn_finetune_epoch_chunks_f_mmd,internal validation_split_ratio=0.1 | c_selection=f_mmd | c_source=test | c_metric=standardized_l2 | c_reserve_ratio=0.2908641795,30,1,tabpfn_finetuning_api_f_mmd,acc,0.6715328467153284,0.6861313868613139,,,4,True,False,,f_mmd,test,standardized_l2,0.2908641795,1.6012858624540085,1.041909257631212,,True
stage2_graph_scm_0132_seed42,/home/crc00006699/zh/tabiclv2/results/tabiclv2_prior_data/graph_scm_3stage_512_seed42/stage2_graph_scm_0132_seed42,multiclass,522,0,132,24,7,0.9696969696969696,0.969656020621672,0.9768183135323096,0.9994486643436868,0.0901842544768729,7.514337778091431,0.4239435195922851,ok,,522,522,0,132,,30,1e-05,True,7.513969898223877,tabpfn_finetune_epoch_chunks_f_mmd,internal validation_split_ratio=0.1 | c_selection=f_mmd | c_source=test | c_metric=standardized_l2 | c_reserve_ratio=0.2908641795,30,1,tabpfn_finetuning_api_f_mmd,acc,1.0,1.0,,,0,True,False,,f_mmd,test,standardized_l2,0.2908641795,2.6615784647889518,1.7717084499360152,,True
stage2_graph_scm_0133_seed42,/home/crc00006699/zh/tabiclv2/results/tabiclv2_prior_data/graph_scm_3stage_512_seed42/stage2_graph_scm_0133_seed42,multiclass,4702,0,1248,27,10,0.4639423076923077,0.3874651304171819,0.2160134692130345,0.8196216722582305,1.4078816932056144,16.071027517318726,1.0951752662658691,ok,,4702,4702,0,1248,,30,1e-05,True,16.070680141448975,tabpfn_finetune_epoch_chunks_f_mmd,internal validation_split_ratio=0.1 | c_selection=f_mmd | c_source=test | c_metric=standardized_l2 | c_reserve_ratio=0.2908641795,30,1,tabpfn_finetuning_api_f_mmd,acc,0.4319148936170213,0.4638297872340425,,,4,True,False,,f_mmd,test,standardized_l2,0.2908641795,1.9966269086130748,1.9130666194954211,,True
stage2_graph_scm_0134_seed42,/home/crc00006699/zh/tabiclv2/results/tabiclv2_prior_data/graph_scm_3stage_512_seed42/stage2_graph_scm_0134_seed42,multiclass,949,0,235,46,3,0.8553191489361702,0.8174055829228243,0.4615384615384615,0.922164945823932,0.3096948427738282,8.926161050796509,0.470043420791626,ok,,949,949,0,235,,30,1e-05,True,8.925744533538818,tabpfn_finetune_epoch_chunks_f_mmd,internal validation_split_ratio=0.1 | c_selection=f_mmd | c_source=test | c_metric=standardized_l2 | c_reserve_ratio=0.2908641795,30,1,tabpfn_finetuning_api_f_mmd,acc,0.8723404255319149,0.8723404255319149,,,0,True,False,,f_mmd,test,standardized_l2,0.2908641795,2.2909925237383946,1.9375424378437909,,True
stage2_graph_scm_0135_seed42,/home/crc00006699/zh/tabiclv2/results/tabiclv2_prior_data/graph_scm_3stage_512_seed42/stage2_graph_scm_0135_seed42,multiclass,430,0,107,56,7,0.4953271028037383,0.4055249423473722,0.3022936365959622,0.7308863722819271,1.4118823488024237,16.304322481155396,0.4571785926818847,ok,,430,430,0,107,,30,1e-05,True,16.30396819114685,tabpfn_finetune_epoch_chunks_f_mmd,internal validation_split_ratio=0.1 | c_selection=f_mmd | c_source=test | c_metric=standardized_l2 | c_reserve_ratio=0.2908641795,30,1,tabpfn_finetuning_api_f_mmd,acc,0.3720930232558139,0.4651162790697674,,,9,True,False,,f_mmd,test,standardized_l2,0.2908641795,1.4347566793888606,0.1030525050756482,,True
stage2_graph_scm_0136_seed42,/home/crc00006699/zh/tabiclv2/results/tabiclv2_prior_data/graph_scm_3stage_512_seed42/stage2_graph_scm_0136_seed42,multiclass,414,0,110,54,10,0.4272727272727272,0.3772362275521858,0.2631168831168831,0.7057272689239893,1.9333025542674895,12.892807722091677,0.4595208168029785,ok,,414,414,0,110,,30,1e-05,True,12.892442226409912,tabpfn_finetune_epoch_chunks_f_mmd,internal validation_split_ratio=0.1 | c_selection=f_mmd | c_source=test | c_metric=standardized_l2 | c_reserve_ratio=0.2908641795,30,1,tabpfn_finetuning_api_f_mmd,acc,0.4878048780487805,0.5365853658536586,,,5,True,False,,f_mmd,test,standardized_l2,0.2908641795,1.5921510200589404,0.1709920317525985,,True
stage2_graph_scm_0137_seed42,/home/crc00006699/zh/tabiclv2/results/tabiclv2_prior_data/graph_scm_3stage_512_seed42/stage2_graph_scm_0137_seed42,multiclass,5877,0,1404,72,6,0.9202279202279202,0.920354670330818,0.910463368120209,0.9948986541171716,0.2146578847911329,52.71215295791626,2.315276622772217,ok,,5877,5877,0,1404,,30,1e-05,True,52.711791038513184,tabpfn_finetune_epoch_chunks_f_mmd,internal validation_split_ratio=0.1 | c_selection=f_mmd | c_source=test | c_metric=standardized_l2 | c_reserve_ratio=0.2908641795,30,1,tabpfn_finetuning_api_f_mmd,acc,0.8926746166950597,0.9216354344122658,,,15,True,False,,f_mmd,test,standardized_l2,0.2908641795,2.4099985835289237,1.5607350899905437,,True
stage2_graph_scm_0138_seed42,/home/crc00006699/zh/tabiclv2/results/tabiclv2_prior_data/graph_scm_3stage_512_seed42/stage2_graph_scm_0138_seed42,multiclass,1555,0,386,49,4,0.3626943005181347,0.3522362938786294,0.3634018115263825,0.6235813026429886,1.3501526208490693,13.663037061691284,0.4526240825653076,ok,,1555,1555,0,386,,30,1e-05,True,13.662545680999756,tabpfn_finetune_epoch_chunks_f_mmd,internal validation_split_ratio=0.1 | c_selection=f_mmd | c_source=test | c_metric=standardized_l2 | c_reserve_ratio=0.2908641795,30,1,tabpfn_finetuning_api_f_mmd,acc,0.3870967741935484,0.4,,,5,True,False,,f_mmd,test,standardized_l2,0.2908641795,2.1400646694701804,0.78142258908008,,True
stage2_graph_scm_0139_seed42,/home/crc00006699/zh/tabiclv2/results/tabiclv2_prior_data/graph_scm_3stage_512_seed42/stage2_graph_scm_0139_seed42,multiclass,902,0,219,8,4,1.0,1.0,1.0,1.0,3.907011124152727e-05,7.6811299324035645,0.4331445693969726,ok,,902,902,0,219,,30,1e-05,True,7.6807639598846436,tabpfn_finetune_epoch_chunks_f_mmd,internal validation_split_ratio=0.1 | c_selection=f_mmd | c_source=test | c_metric=standardized_l2 | c_reserve_ratio=0.2908641795,30,1,tabpfn_finetuning_api_f_mmd,acc,1.0,1.0,,,0,True,False,,f_mmd,test,standardized_l2,0.2908641795,1.991212734833513,0.6188699979476276,,True
stage2_graph_scm_0140_seed42,/home/crc00006699/zh/tabiclv2/results/tabiclv2_prior_data/graph_scm_3stage_512_seed42/stage2_graph_scm_0140_seed42,multiclass,7730,0,1935,49,10,0.8201550387596899,0.8185903121634052,0.781100633054715,0.9808054603244144,0.4779383666601975,28.596843957901,2.4119699001312256,ok,,7730,7730,0,1935,,30,1e-05,True,28.596426963806152,tabpfn_finetune_epoch_chunks_f_mmd,internal validation_split_ratio=0.1 | c_selection=f_mmd | c_source=test | c_metric=standardized_l2 | c_reserve_ratio=0.2908641795,30,1,tabpfn_finetuning_api_f_mmd,acc,0.8033635187580854,0.8098318240620958,,,3,True,False,,f_mmd,test,standardized_l2,0.2908641795,1.652231901627511,1.8484794580312955,,True
stage2_graph_scm_0141_seed42,/home/crc00006699/zh/tabiclv2/results/tabiclv2_prior_data/graph_scm_3stage_512_seed42/stage2_graph_scm_0141_seed42,multiclass,1485,0,368,73,4,0.9510869565217392,0.9506445611841572,0.9257295941632466,0.994891985424154,0.1000390421247276,9.888536214828491,0.5214452743530273,ok,,1485,1485,0,368,,30,1e-05,True,9.888180494308472,tabpfn_finetune_epoch_chunks_f_mmd,internal validation_split_ratio=0.1 | c_selection=f_mmd | c_source=test | c_metric=standardized_l2 | c_reserve_ratio=0.2908641795,30,1,tabpfn_finetuning_api_f_mmd,acc,0.9594594594594594,0.9594594594594594,,,0,True,False,,f_mmd,test,standardized_l2,0.2908641795,1.8786549161127777,1.0728952496583375,,True
stage2_graph_scm_0142_seed42,/home/crc00006699/zh/tabiclv2/results/tabiclv2_prior_data/graph_scm_3stage_512_seed42/stage2_graph_scm_0142_seed42,multiclass,3119,0,762,80,4,0.9606299212598424,0.9608596694728462,0.9610330028118989,0.9935806607162794,0.1360861022737847,14.206393241882324,1.6807937622070312,ok,,3119,3119,0,762,,30,1e-05,True,14.205969333648682,tabpfn_finetune_epoch_chunks_f_mmd,internal validation_split_ratio=0.1 | c_selection=f_mmd | c_source=test | c_metric=standardized_l2 | c_reserve_ratio=0.2908641795,30,1,tabpfn_finetuning_api_f_mmd,acc,0.9614147909967846,0.9614147909967846,,,0,True,False,,f_mmd,test,standardized_l2,0.2908641795,2.2580511353229062,0.967877573596551,,True
stage2_graph_scm_0143_seed42,/home/crc00006699/zh/tabiclv2/results/tabiclv2_prior_data/graph_scm_3stage_512_seed42/stage2_graph_scm_0143_seed42,multiclass,2044,0,488,24,3,0.9897540983606558,0.989735194535383,0.9882928905917412,0.9997908227632092,0.0228717043638968,12.842161178588867,0.7269370555877686,ok,,2044,2044,0,488,,30,1e-05,True,12.841774463653564,tabpfn_finetune_epoch_chunks_f_mmd,internal validation_split_ratio=0.1 | c_selection=f_mmd | c_source=test | c_metric=standardized_l2 | c_reserve_ratio=0.2908641795,30,1,tabpfn_finetuning_api_f_mmd,acc,0.9950980392156864,1.0,,,5,True,False,,f_mmd,test,standardized_l2,0.2908641795,1.920583430593185,1.1191881380878237,,True
stage2_graph_scm_0144_seed42,/home/crc00006699/zh/tabiclv2/results/tabiclv2_prior_data/graph_scm_3stage_512_seed42/stage2_graph_scm_0144_seed42,binclass,7084,0,1693,61,2,1.0,1.0,1.0,1.0,1.3028893629513705e-05,22.189409255981445,2.4699547290802,ok,,7084,7084,0,1693,,30,1e-05,True,22.18905019760132,tabpfn_finetune_epoch_chunks_f_mmd,internal validation_split_ratio=0.1 | c_selection=f_mmd | c_source=test | c_metric=standardized_l2 | c_reserve_ratio=0.2908641795,30,1,tabpfn_finetuning_api_f_mmd,acc,1.0,1.0,,,0,True,False,,f_mmd,test,standardized_l2,0.2908641795,1.6024118203512068,0.4720140568481635,,True
stage2_graph_scm_0145_seed42,/home/crc00006699/zh/tabiclv2/results/tabiclv2_prior_data/graph_scm_3stage_512_seed42/stage2_graph_scm_0145_seed42,multiclass,483,0,124,56,4,0.8225806451612904,0.7425064230659435,0.25,0.7893895214825742,0.5614677798298177,9.233301162719728,0.4946494102478027,ok,,483,483,0,124,,30,1e-05,True,9.23294997215271,tabpfn_finetune_epoch_chunks_f_mmd,internal validation_split_ratio=0.1 | c_selection=f_mmd | c_source=test | c_metric=standardized_l2 | c_reserve_ratio=0.2908641795,30,1,tabpfn_finetuning_api_f_mmd,acc,0.8333333333333334,0.8333333333333334,,,0,True,False,,f_mmd,test,standardized_l2,0.2908641795,1.517625575211712,0.2083350101071418,,True
stage2_graph_scm_0146_seed42,/home/crc00006699/zh/tabiclv2/results/tabiclv2_prior_data/graph_scm_3stage_512_seed42/stage2_graph_scm_0146_seed42,multiclass,4239,0,1025,4,6,0.8614634146341463,0.8613318702379381,0.8595996826683795,0.9838920811035502,0.2844379501786204,14.873910665512083,0.6776089668273926,ok,,4239,4239,0,1025,,30,1e-05,True,14.87356162071228,tabpfn_finetune_epoch_chunks_f_mmd,internal validation_split_ratio=0.1 | c_selection=f_mmd | c_source=test | c_metric=standardized_l2 | c_reserve_ratio=0.2908641795,30,1,tabpfn_finetuning_api_f_mmd,acc,0.8486997635933806,0.8534278959810875,,,7,True,False,,f_mmd,test,standardized_l2,0.2908641795,2.754282765469324,3.334205941659097,,True
stage2_graph_scm_0147_seed42,/home/crc00006699/zh/tabiclv2/results/tabiclv2_prior_data/graph_scm_3stage_512_seed42/stage2_graph_scm_0147_seed42,multiclass,1379,0,364,61,4,0.9368131868131868,0.9375057181486416,0.9100699750327748,0.98862889100325,0.1715875747206488,8.78595232963562,0.4657416343688965,ok,,1379,1379,0,364,,30,1e-05,True,8.785604238510132,tabpfn_finetune_epoch_chunks_f_mmd,internal validation_split_ratio=0.1 | c_selection=f_mmd | c_source=test | c_metric=standardized_l2 | c_reserve_ratio=0.2908641795,30,1,tabpfn_finetuning_api_f_mmd,acc,0.948905109489051,0.948905109489051,,,0,True,False,,f_mmd,test,standardized_l2,0.2908641795,1.83630334837564,1.4207803561937824,,True
stage2_graph_scm_0148_seed42,/home/crc00006699/zh/tabiclv2/results/tabiclv2_prior_data/graph_scm_3stage_512_seed42/stage2_graph_scm_0148_seed42,multiclass,1223,0,325,36,8,0.6184615384615385,0.5581163924080956,0.5796286702528679,0.9009524388056496,0.9130958814857618,8.167887449264526,0.4566743373870849,ok,,1223,1223,0,325,,30,1e-05,True,8.167503356933594,tabpfn_finetune_epoch_chunks_f_mmd,internal validation_split_ratio=0.1 | c_selection=f_mmd | c_source=test | c_metric=standardized_l2 | c_reserve_ratio=0.2908641795,30,1,tabpfn_finetuning_api_f_mmd,acc,0.5573770491803278,0.5573770491803278,,,0,True,False,,f_mmd,test,standardized_l2,0.2908641795,1.8369006740381424,0.3836825054597321,,True
stage2_graph_scm_0149_seed42,/home/crc00006699/zh/tabiclv2/results/tabiclv2_prior_data/graph_scm_3stage_512_seed42/stage2_graph_scm_0149_seed42,multiclass,7487,0,1957,4,4,0.973939703628002,0.973775469743772,0.9598798813143932,0.9942842053524032,0.0897175802152996,11.598615407943726,1.1570651531219482,ok,,7487,7487,0,1957,,30,1e-05,True,11.598243236541748,tabpfn_finetune_epoch_chunks_f_mmd,internal validation_split_ratio=0.1 | c_selection=f_mmd | c_source=test | c_metric=standardized_l2 | c_reserve_ratio=0.2908641795,30,1,tabpfn_finetuning_api_f_mmd,acc,0.9692513368983956,0.9692513368983956,,,0,True,False,,f_mmd,test,standardized_l2,0.2908641795,1.655793171236944,0.1791547271634572,,True
stage2_graph_scm_0150_seed42,/home/crc00006699/zh/tabiclv2/results/tabiclv2_prior_data/graph_scm_3stage_512_seed42/stage2_graph_scm_0150_seed42,multiclass,1920,0,474,94,3,1.0,1.0,1.0,1.0,9.484456311129157e-05,12.891194105148315,1.63692045211792,ok,,1920,1920,0,474,,30,1e-05,True,12.890839338302612,tabpfn_finetune_epoch_chunks_f_mmd,internal validation_split_ratio=0.1 | c_selection=f_mmd | c_source=test | c_metric=standardized_l2 | c_reserve_ratio=0.2908641795,30,1,tabpfn_finetuning_api_f_mmd,acc,1.0,1.0,,,0,True,False,,f_mmd,test,standardized_l2,0.2908641795,2.626898292910819,0.3429539776538349,,True
stage2_graph_scm_0151_seed42,/home/crc00006699/zh/tabiclv2/results/tabiclv2_prior_data/graph_scm_3stage_512_seed42/stage2_graph_scm_0151_seed42,multiclass,1106,0,294,16,4,1.0,1.0,1.0,1.0,7.753897311990606e-05,7.679419755935669,0.4279534816741943,ok,,1106,1106,0,294,,30,1e-05,True,7.679000616073608,tabpfn_finetune_epoch_chunks_f_mmd,internal validation_split_ratio=0.1 | c_selection=f_mmd | c_source=test | c_metric=standardized_l2 | c_reserve_ratio=0.2908641795,30,1,tabpfn_finetuning_api_f_mmd,acc,1.0,1.0,,,0,True,False,,f_mmd,test,standardized_l2,0.2908641795,2.7422865986788283,3.091944037107374,,True
stage2_graph_scm_0152_seed42,/home/crc00006699/zh/tabiclv2/results/tabiclv2_prior_data/graph_scm_3stage_512_seed42/stage2_graph_scm_0152_seed42,multiclass,1113,0,273,80,3,0.956043956043956,0.955951216413644,0.9575178448077364,0.9960692375667116,0.1060137592225081,13.21216630935669,0.4768991470336914,ok,,1113,1113,0,273,,30,1e-05,True,13.211820602416992,tabpfn_finetune_epoch_chunks_f_mmd,internal validation_split_ratio=0.1 | c_selection=f_mmd | c_source=test | c_metric=standardized_l2 | c_reserve_ratio=0.2908641795,30,1,tabpfn_finetuning_api_f_mmd,acc,0.9369369369369368,0.945945945945946,,,4,True,False,,f_mmd,test,standardized_l2,0.2908641795,2.1028087352933005,0.8327469007129091,,True
stage2_graph_scm_0153_seed42,/home/crc00006699/zh/tabiclv2/results/tabiclv2_prior_data/graph_scm_3stage_512_seed42/stage2_graph_scm_0153_seed42,multiclass,1591,0,421,92,3,0.5463182897862233,0.4560160537308543,0.3913831495002848,0.6380468664855475,0.9098959751891148,10.173854112625122,0.5934908390045166,ok,,1591,1591,0,421,,30,1e-05,True,10.173434019088743,tabpfn_finetune_epoch_chunks_f_mmd,internal validation_split_ratio=0.1 | c_selection=f_mmd | c_source=test | c_metric=standardized_l2 | c_reserve_ratio=0.2908641795,30,1,tabpfn_finetuning_api_f_mmd,acc,0.5534591194968553,0.5534591194968553,,,0,True,False,,f_mmd,test,standardized_l2,0.2908641795,1.7717949053492692,0.4193638744773746,,True
stage2_graph_scm_0154_seed42,/home/crc00006699/zh/tabiclv2/results/tabiclv2_prior_data/graph_scm_3stage_512_seed42/stage2_graph_scm_0154_seed42,multiclass,3825,0,932,30,6,0.5622317596566524,0.4842532038036422,0.4201010236378691,0.8237301228424107,1.168647747888136,13.072904586791992,0.9814622402191162,ok,,3825,3825,0,932,,30,1e-05,True,13.072556257247925,tabpfn_finetune_epoch_chunks_f_mmd,internal validation_split_ratio=0.1 | c_selection=f_mmd | c_source=test | c_metric=standardized_l2 | c_reserve_ratio=0.2908641795,30,1,tabpfn_finetuning_api_f_mmd,acc,0.5314136125654451,0.5340314136125655,,,2,True,False,,f_mmd,test,standardized_l2,0.2908641795,2.386545323439187,1.0231000082888904,,True
stage2_graph_scm_0155_seed42,/home/crc00006699/zh/tabiclv2/results/tabiclv2_prior_data/graph_scm_3stage_512_seed42/stage2_graph_scm_0155_seed42,multiclass,5030,0,1300,63,10,0.83,0.8278957712339553,0.7896112831021516,0.9902490258362068,0.3900872296321026,42.38242673873901,1.8753390312194824,ok,,5030,5030,0,1300,,30,1e-05,True,42.38200354576111,tabpfn_finetune_epoch_chunks_f_mmd,internal validation_split_ratio=0.1 | c_selection=f_mmd | c_source=test | c_metric=standardized_l2 | c_reserve_ratio=0.2908641795,30,1,tabpfn_finetuning_api_f_mmd,acc,0.8230616302186878,0.8667992047713717,,,15,True,False,,f_mmd,test,standardized_l2,0.2908641795,1.7912644104391762,0.2546331320201068,,True
stage2_graph_scm_0156_seed42,/home/crc00006699/zh/tabiclv2/results/tabiclv2_prior_data/graph_scm_3stage_512_seed42/stage2_graph_scm_0156_seed42,multiclass,8199,0,2033,66,9,0.9921298573536644,0.9921227063486396,0.989907579975747,0.9997182113213569,0.0313663701679636,25.76696848869324,2.883190155029297,ok,,8199,8199,0,2033,,30,1e-05,True,25.766605615615845,tabpfn_finetune_epoch_chunks_f_mmd,internal validation_split_ratio=0.1 | c_selection=f_mmd | c_source=test | c_metric=standardized_l2 | c_reserve_ratio=0.2908641795,30,1,tabpfn_finetuning_api_f_mmd,acc,0.9865689865689866,0.9865689865689866,,,0,True,False,,f_mmd,test,standardized_l2,0.2908641795,1.8389460827624244,0.3813265427629864,,True
stage2_graph_scm_0157_seed42,/home/crc00006699/zh/tabiclv2/results/tabiclv2_prior_data/graph_scm_3stage_512_seed42/stage2_graph_scm_0157_seed42,binclass,1018,0,255,82,2,1.0,1.0,1.0,1.0,0.0001503049354858,8.805879354476929,0.4656679630279541,ok,,1018,1018,0,255,,30,1e-05,True,8.80545973777771,tabpfn_finetune_epoch_chunks_f_mmd,internal validation_split_ratio=0.1 | c_selection=f_mmd | c_source=test | c_metric=standardized_l2 | c_reserve_ratio=0.2908641795,30,1,tabpfn_finetuning_api_f_mmd,acc,1.0,1.0,,,0,True,False,,f_mmd,test,standardized_l2,0.2908641795,1.5973253903218192,0.197057552961635,,True
stage2_graph_scm_0158_seed42,/home/crc00006699/zh/tabiclv2/results/tabiclv2_prior_data/graph_scm_3stage_512_seed42/stage2_graph_scm_0158_seed42,multiclass,802,0,192,26,4,0.5885416666666666,0.5184044611434317,0.3542208684984242,0.7385713675482015,0.9921277531937732,8.38029932975769,0.4635946750640869,ok,,802,802,0,192,,30,1e-05,True,8.379947662353516,tabpfn_finetune_epoch_chunks_f_mmd,internal validation_split_ratio=0.1 | c_selection=f_mmd | c_source=test | c_metric=standardized_l2 | c_reserve_ratio=0.2908641795,30,1,tabpfn_finetuning_api_f_mmd,acc,0.6,0.6,,,0,True,False,,f_mmd,test,standardized_l2,0.2908641795,1.968789918774272,0.7018032305109596,,True
stage2_graph_scm_0159_seed42,/home/crc00006699/zh/tabiclv2/results/tabiclv2_prior_data/graph_scm_3stage_512_seed42/stage2_graph_scm_0159_seed42,multiclass,3537,0,862,73,4,0.3816705336426914,0.2381530378582769,0.2537604312695025,0.5977071436896899,1.3085144202187275,22.362446308135983,1.6573081016540527,ok,,3537,3537,0,862,,30,1e-05,True,22.36208724975586,tabpfn_finetune_epoch_chunks_f_mmd,internal validation_split_ratio=0.1 | c_selection=f_mmd | c_source=test | c_metric=standardized_l2 | c_reserve_ratio=0.2908641795,30,1,tabpfn_finetuning_api_f_mmd,acc,0.3711048158640226,0.3824362606232294,,,5,True,False,,f_mmd,test,standardized_l2,0.2908641795,1.613377228934644,0.2159826883311962,,True
stage2_graph_scm_0160_seed42,/home/crc00006699/zh/tabiclv2/results/tabiclv2_prior_data/graph_scm_3stage_512_seed42/stage2_graph_scm_0160_seed42,multiclass,1095,0,270,75,3,1.0,1.0,1.0,1.0,0.0025971258012902,10.232189416885376,0.514129638671875,ok,,1095,1095,0,270,,30,1e-05,True,10.231834173202516,tabpfn_finetune_epoch_chunks_f_mmd,internal validation_split_ratio=0.1 | c_selection=f_mmd | c_source=test | c_metric=standardized_l2 | c_reserve_ratio=0.2908641795,30,1,tabpfn_finetuning_api_f_mmd,acc,1.0,1.0,,,0,True,False,,f_mmd,test,standardized_l2,0.2908641795,1.486684829605318,0.1732582158752339,,True
stage2_graph_scm_0161_seed42,/home/crc00006699/zh/tabiclv2/results/tabiclv2_prior_data/graph_scm_3stage_512_seed42/stage2_graph_scm_0161_seed42,binclass,785,0,187,13,2,0.6844919786096256,0.6875808556976373,0.7599354838709678,0.7444516129032257,0.4449066054624375,8.026680707931519,0.4484429359436035,ok,,785,785,0,187,,30,1e-05,True,8.026330947875977,tabpfn_finetune_epoch_chunks_f_mmd,internal validation_split_ratio=0.1 | c_selection=f_mmd | c_source=test | c_metric=standardized_l2 | c_reserve_ratio=0.2908641795,30,1,tabpfn_finetuning_api_f_mmd,acc,0.7435897435897436,0.7435897435897436,,,0,True,False,,f_mmd,test,standardized_l2,0.2908641795,2.1777783247353306,0.4915631341578106,,True
stage2_graph_scm_0162_seed42,/home/crc00006699/zh/tabiclv2/results/tabiclv2_prior_data/graph_scm_3stage_512_seed42/stage2_graph_scm_0162_seed42,multiclass,8116,0,2051,62,10,0.9980497318381276,0.9980509913572102,0.9953476655415492,0.9999939786357576,0.0078340379292439,24.83837294578552,2.760324001312256,ok,,8116,8116,0,2051,,30,1e-05,True,24.838019132614136,tabpfn_finetune_epoch_chunks_f_mmd,internal validation_split_ratio=0.1 | c_selection=f_mmd | c_source=test | c_metric=standardized_l2 | c_reserve_ratio=0.2908641795,30,1,tabpfn_finetuning_api_f_mmd,acc,0.997533908754624,0.997533908754624,,,0,True,False,,f_mmd,test,standardized_l2,0.2908641795,1.9991477179588817,3.0745127233774023,,True
stage2_graph_scm_0163_seed42,/home/crc00006699/zh/tabiclv2/results/tabiclv2_prior_data/graph_scm_3stage_512_seed42/stage2_graph_scm_0163_seed42,multiclass,2752,0,715,70,6,1.0,1.0,1.0,1.0,0.0063520236797331,12.440650224685667,1.4105207920074463,ok,,2752,2752,0,715,,30,1e-05,True,12.440282583236694,tabpfn_finetune_epoch_chunks_f_mmd,internal validation_split_ratio=0.1 | c_selection=f_mmd | c_source=test | c_metric=standardized_l2 | c_reserve_ratio=0.2908641795,30,1,tabpfn_finetuning_api_f_mmd,acc,1.0,1.0,,,0,True,False,,f_mmd,test,standardized_l2,0.2908641795,3.325455669041373,2.7535697191067783,,True
stage2_graph_scm_0164_seed42,/home/crc00006699/zh/tabiclv2/results/tabiclv2_prior_data/graph_scm_3stage_512_seed42/stage2_graph_scm_0164_seed42,multiclass,480,0,118,9,9,0.3728813559322034,0.2947151898468162,0.3130265068990559,0.6943107786714152,1.7831626725056249,7.372747182846069,0.4201760292053222,ok,,480,480,0,118,,30,1e-05,True,7.372387886047363,tabpfn_finetune_epoch_chunks_f_mmd,internal validation_split_ratio=0.1 | c_selection=f_mmd | c_source=test | c_metric=standardized_l2 | c_reserve_ratio=0.2908641795,30,1,tabpfn_finetuning_api_f_mmd,acc,0.3333333333333333,0.3333333333333333,,,0,True,False,,f_mmd,test,standardized_l2,0.2908641795,2.4283990754213973,1.6655219798557437,,True
stage2_graph_scm_0165_seed42,/home/crc00006699/zh/tabiclv2/results/tabiclv2_prior_data/graph_scm_3stage_512_seed42/stage2_graph_scm_0165_seed42,binclass,586,0,140,64,2,0.6714285714285714,0.6552489177489177,0.6166958041958042,0.7502185314685315,0.5560996837969884,11.381219148635864,0.4365241527557373,ok,,586,586,0,140,,30,1e-05,True,11.380804061889648,tabpfn_finetune_epoch_chunks_f_mmd,internal validation_split_ratio=0.1 | c_selection=f_mmd | c_source=test | c_metric=standardized_l2 | c_reserve_ratio=0.2908641795,30,1,tabpfn_finetuning_api_f_mmd,acc,0.6896551724137931,0.7586206896551724,,,4,True,False,,f_mmd,test,standardized_l2,0.2908641795,2.001423840633797,0.5675542813178491,,True
stage2_graph_scm_0166_seed42,/home/crc00006699/zh/tabiclv2/results/tabiclv2_prior_data/graph_scm_3stage_512_seed42/stage2_graph_scm_0166_seed42,binclass,2983,0,724,61,2,1.0,1.0,1.0,1.0,1.30574554332113e-05,13.446544408798218,1.3815984725952148,ok,,2983,2983,0,724,,30,1e-05,True,13.446203231811523,tabpfn_finetune_epoch_chunks_f_mmd,internal validation_split_ratio=0.1 | c_selection=f_mmd | c_source=test | c_metric=standardized_l2 | c_reserve_ratio=0.2908641795,30,1,tabpfn_finetuning_api_f_mmd,acc,1.0,1.0,,,0,True,False,,f_mmd,test,standardized_l2,0.2908641795,2.49085795567077,3.759899893805803,,True
stage2_graph_scm_0167_seed42,/home/crc00006699/zh/tabiclv2/results/tabiclv2_prior_data/graph_scm_3stage_512_seed42/stage2_graph_scm_0167_seed42,multiclass,435,0,116,77,3,1.0,1.0,1.0,1.0,2.5987962806250468e-05,8.296579599380493,0.44447922706604,ok,,435,435,0,116,,30,1e-05,True,8.296225786209106,tabpfn_finetune_epoch_chunks_f_mmd,internal validation_split_ratio=0.1 | c_selection=f_mmd | c_source=test | c_metric=standardized_l2 | c_reserve_ratio=0.2908641795,30,1,tabpfn_finetuning_api_f_mmd,acc,1.0,1.0,,,0,True,False,,f_mmd,test,standardized_l2,0.2908641795,1.8911978079230585,0.5138575590327675,,True
stage2_graph_scm_0168_seed42,/home/crc00006699/zh/tabiclv2/results/tabiclv2_prior_data/graph_scm_3stage_512_seed42/stage2_graph_scm_0168_seed42,multiclass,4107,0,1051,100,3,0.7859181731684111,0.7720404924500031,0.6930822106504572,0.9060338944887828,0.5124289080111654,33.46070051193237,2.4146151542663574,ok,,4107,4107,0,1051,,30,1e-05,True,33.4603111743927,tabpfn_finetune_epoch_chunks_f_mmd,internal validation_split_ratio=0.1 | c_selection=f_mmd | c_source=test | c_metric=standardized_l2 | c_reserve_ratio=0.2908641795,30,1,tabpfn_finetuning_api_f_mmd,acc,0.7195121951219512,0.7341463414634146,,,5,True,False,,f_mmd,test,standardized_l2,0.2908641795,1.6551520804093205,1.310968265235048,,True
stage2_graph_scm_0169_seed42,/home/crc00006699/zh/tabiclv2/results/tabiclv2_prior_data/graph_scm_3stage_512_seed42/stage2_graph_scm_0169_seed42,multiclass,1607,0,415,14,3,0.9903614457831326,0.990357877179886,0.9881334771823572,0.9997437817674418,0.026604568658539,9.661501407623293,0.4351754188537597,ok,,1607,1607,0,415,,30,1e-05,True,9.661081075668337,tabpfn_finetune_epoch_chunks_f_mmd,internal validation_split_ratio=0.1 | c_selection=f_mmd | c_source=test | c_metric=standardized_l2 | c_reserve_ratio=0.2908641795,30,1,tabpfn_finetuning_api_f_mmd,acc,0.98125,0.9875,,,2,True,False,,f_mmd,test,standardized_l2,0.2908641795,2.4898639701549725,1.212024252565581,,True
stage2_graph_scm_0170_seed42,/home/crc00006699/zh/tabiclv2/results/tabiclv2_prior_data/graph_scm_3stage_512_seed42/stage2_graph_scm_0170_seed42,multiclass,614,0,151,47,7,1.0,1.0,1.0,1.0,7.798446864036292e-05,8.032437086105347,0.4400372505187988,ok,,614,614,0,151,,30,1e-05,True,8.032086610794067,tabpfn_finetune_epoch_chunks_f_mmd,internal validation_split_ratio=0.1 | c_selection=f_mmd | c_source=test | c_metric=standardized_l2 | c_reserve_ratio=0.2908641795,30,1,tabpfn_finetuning_api_f_mmd,acc,1.0,1.0,,,0,True,False,,f_mmd,test,standardized_l2,0.2908641795,1.682211103714689,0.5447434392442817,,True
stage3_graph_scm_0000_seed42,/home/crc00006699/zh/tabiclv2/results/tabiclv2_prior_data/graph_scm_3stage_512_seed42/stage3_graph_scm_0000_seed42,binclass,856,0,228,9,2,1.0,1.0,1.0,1.0,0.0011521308943652,7.809607982635498,0.4448237419128418,ok,,856,856,0,228,,30,1e-05,True,7.809253454208374,tabpfn_finetune_epoch_chunks_f_mmd,internal validation_split_ratio=0.1 | c_selection=f_mmd | c_source=test | c_metric=standardized_l2 | c_reserve_ratio=0.2908641795,30,1,tabpfn_finetuning_api_f_mmd,acc,1.0,1.0,,,0,True,False,,f_mmd,test,standardized_l2,0.2908641795,1.810774169086528,0.3659090411241811,,True
stage3_graph_scm_0001_seed42,/home/crc00006699/zh/tabiclv2/results/tabiclv2_prior_data/graph_scm_3stage_512_seed42/stage3_graph_scm_0001_seed42,multiclass,646,0,161,26,10,0.5962732919254659,0.5285168419971907,0.4733068952218569,0.9311127518402276,0.9562313572652802,14.052675008773804,0.4346532821655273,ok,,646,646,0,161,,30,1e-05,True,14.052315950393677,tabpfn_finetune_epoch_chunks_f_mmd,internal validation_split_ratio=0.1 | c_selection=f_mmd | c_source=test | c_metric=standardized_l2 | c_reserve_ratio=0.2908641795,30,1,tabpfn_finetuning_api_f_mmd,acc,0.640625,0.65625,,,7,True,False,,f_mmd,test,standardized_l2,0.2908641795,1.8986384031004329,0.6295437095424624,,True
stage3_graph_scm_0002_seed42,/home/crc00006699/zh/tabiclv2/results/tabiclv2_prior_data/graph_scm_3stage_512_seed42/stage3_graph_scm_0002_seed42,multiclass,748,0,180,17,9,0.9333333333333332,0.9363820536584764,0.8129926718162012,0.9940663305483152,0.1829247924072835,19.97492456436157,0.4604392051696777,ok,,748,748,0,180,,30,1e-05,True,19.97455644607544,tabpfn_finetune_epoch_chunks_f_mmd,internal validation_split_ratio=0.1 | c_selection=f_mmd | c_source=test | c_metric=standardized_l2 | c_reserve_ratio=0.2908641795,30,1,tabpfn_finetuning_api_f_mmd,acc,0.8378378378378378,0.8918918918918919,,,14,True,False,,f_mmd,test,standardized_l2,0.2908641795,2.298294400537392,3.93390917405192,,True
stage3_graph_scm_0003_seed42,/home/crc00006699/zh/tabiclv2/results/tabiclv2_prior_data/graph_scm_3stage_512_seed42/stage3_graph_scm_0003_seed42,multiclass,415,0,107,36,10,0.3831775700934579,0.3751309687050241,0.376073926073926,0.7993646752469676,1.804050700807666,10.734081745147703,0.4178252220153808,ok,,415,415,0,107,,30,1e-05,True,10.73365330696106,tabpfn_finetune_epoch_chunks_f_mmd,internal validation_split_ratio=0.1 | c_selection=f_mmd | c_source=test | c_metric=standardized_l2 | c_reserve_ratio=0.2908641795,30,1,tabpfn_finetuning_api_f_mmd,acc,0.5365853658536586,0.5853658536585366,,,4,True,False,,f_mmd,test,standardized_l2,0.2908641795,1.747718420875504,0.3000329064348359,,True
stage3_graph_scm_0004_seed42,/home/crc00006699/zh/tabiclv2/results/tabiclv2_prior_data/graph_scm_3stage_512_seed42/stage3_graph_scm_0004_seed42,multiclass,1633,0,399,21,3,1.0,1.0,1.0,1.0,2.654758856146364e-05,9.30594253540039,0.4277980327606201,ok,,1633,1633,0,399,,30,1e-05,True,9.30558943748474,tabpfn_finetune_epoch_chunks_f_mmd,internal validation_split_ratio=0.1 | c_selection=f_mmd | c_source=test | c_metric=standardized_l2 | c_reserve_ratio=0.2908641795,30,1,tabpfn_finetuning_api_f_mmd,acc,0.9877300613496932,0.9938650306748468,,,2,True,False,,f_mmd,test,standardized_l2,0.2908641795,1.802391674951152,0.2887280104767535,,True
stage3_graph_scm_0005_seed42,/home/crc00006699/zh/tabiclv2/results/tabiclv2_prior_data/graph_scm_3stage_512_seed42/stage3_graph_scm_0005_seed42,multiclass,1964,0,501,73,3,1.0,1.0,1.0,1.0,0.0015040570039932,10.681612014770508,1.3034164905548096,ok,,1964,1964,0,501,,30,1e-05,True,10.681201934814451,tabpfn_finetune_epoch_chunks_f_mmd,internal validation_split_ratio=0.1 | c_selection=f_mmd | c_source=test | c_metric=standardized_l2 | c_reserve_ratio=0.2908641795,30,1,tabpfn_finetuning_api_f_mmd,acc,1.0,1.0,,,0,True,False,,f_mmd,test,standardized_l2,0.2908641795,2.049585025358403,0.9699101031534793,,True
stage3_graph_scm_0006_seed42,/home/crc00006699/zh/tabiclv2/results/tabiclv2_prior_data/graph_scm_3stage_512_seed42/stage3_graph_scm_0006_seed42,binclass,24299,0,5849,32,2,1.0,1.0,1.0,1.0,1.299389698134889e-05,56.62174224853516,8.034286975860596,ok,,24299,24299,0,5849,,90,1e-05,True,56.62131834030152,tabpfn_finetune_epoch_chunks_f_mmd,internal validation_split_ratio=0.1 | c_selection=f_mmd | c_source=test | c_metric=standardized_l2 | c_reserve_ratio=0.2908641795,30,3,tabpfn_finetuning_api_f_mmd,acc,1.0,1.0,,,0,True,False,,f_mmd,test,standardized_l2,0.2908641795,2.8245770545936044,1.6466235295828835,,True
stage3_graph_scm_0007_seed42,/home/crc00006699/zh/tabiclv2/results/tabiclv2_prior_data/graph_scm_3stage_512_seed42/stage3_graph_scm_0007_seed42,multiclass,22421,0,5875,23,7,0.2386382978723404,0.1242089323628478,0.1981587561844596,0.5999537876257524,1.8606025924569436,45.75712871551514,6.70931077003479,ok,,22421,22421,0,5875,,90,1e-05,True,45.75668978691101,tabpfn_finetune_epoch_chunks_f_mmd,internal validation_split_ratio=0.1 | c_selection=f_mmd | c_source=test | c_metric=standardized_l2 | c_reserve_ratio=0.2908641795,30,3,tabpfn_finetuning_api_f_mmd,acc,0.2274754683318465,0.2274754683318465,,,0,True,False,,f_mmd,test,standardized_l2,0.2908641795,1.7366805018161295,0.5257100691110225,,True
stage3_graph_scm_0008_seed42,/home/crc00006699/zh/tabiclv2/results/tabiclv2_prior_data/graph_scm_3stage_512_seed42/stage3_graph_scm_0008_seed42,multiclass,483,0,125,86,6,1.0,1.0,1.0,1.0,6.524632754558591e-05,8.951488971710205,0.5139093399047852,ok,,483,483,0,125,,30,1e-05,True,8.951042652130127,tabpfn_finetune_epoch_chunks_f_mmd,internal validation_split_ratio=0.1 | c_selection=f_mmd | c_source=test | c_metric=standardized_l2 | c_reserve_ratio=0.2908641795,30,1,tabpfn_finetuning_api_f_mmd,acc,0.9791666666666666,0.9791666666666666,,,0,True,False,,f_mmd,test,standardized_l2,0.2908641795,2.0548892297615944,0.6467747787698059,,True
stage3_graph_scm_0009_seed42,/home/crc00006699/zh/tabiclv2/results/tabiclv2_prior_data/graph_scm_3stage_512_seed42/stage3_graph_scm_0009_seed42,multiclass,39894,0,9778,28,9,0.5456125997136428,0.3852105100869827,0.1111111111111111,0.5240422720021488,1.4597390319114982,88.9401307106018,16.993200302124023,ok,,39894,39894,0,9778,,120,1e-05,True,88.9396915435791,tabpfn_finetune_epoch_chunks_f_mmd,internal validation_split_ratio=0.1 | c_selection=f_mmd | c_source=test | c_metric=standardized_l2 | c_reserve_ratio=0.2908641795,30,4,tabpfn_finetuning_api_f_mmd,acc,0.5439959889696666,0.5439959889696666,,,0,True,False,,f_mmd,test,standardized_l2,0.2908641795,1.7094271760203965,0.254113223881255,,True
stage3_graph_scm_0010_seed42,/home/crc00006699/zh/tabiclv2/results/tabiclv2_prior_data/graph_scm_3stage_512_seed42/stage3_graph_scm_0010_seed42,multiclass,341,0,90,2,4,0.9333333333333332,0.903448275862069,0.75,0.960577400030525,0.1835195407431879,7.524024724960327,0.422215461730957,ok,,341,341,0,90,,30,1e-05,True,7.52358603477478,tabpfn_finetune_epoch_chunks_f_mmd,internal validation_split_ratio=0.1 | c_selection=f_mmd | c_source=test | c_metric=standardized_l2 | c_reserve_ratio=0.2908641795,30,1,tabpfn_finetuning_api_f_mmd,acc,0.9117647058823528,0.9117647058823528,,,0,True,False,,f_mmd,test,standardized_l2,0.2908641795,1.5983393084911104,0.1633638127164633,,True
stage3_graph_scm_0011_seed42,/home/crc00006699/zh/tabiclv2/results/tabiclv2_prior_data/graph_scm_3stage_512_seed42/stage3_graph_scm_0011_seed42,multiclass,1302,0,336,42,5,1.0,1.0,1.0,1.0,0.0004644213857492,8.819361686706543,0.456073522567749,ok,,1302,1302,0,336,,30,1e-05,True,8.818937301635742,tabpfn_finetune_epoch_chunks_f_mmd,internal validation_split_ratio=0.1 | c_selection=f_mmd | c_source=test | c_metric=standardized_l2 | c_reserve_ratio=0.2908641795,30,1,tabpfn_finetuning_api_f_mmd,acc,0.9923076923076924,0.9923076923076924,,,0,True,False,,f_mmd,test,standardized_l2,0.2908641795,1.8258407138306183,1.001730468188453,,True
stage3_graph_scm_0012_seed42,/home/crc00006699/zh/tabiclv2/results/tabiclv2_prior_data/graph_scm_3stage_512_seed42/stage3_graph_scm_0012_seed42,binclass,320,0,80,11,2,0.8125,0.7751904157410345,0.6017740429505135,0.7226890756302522,0.4609263547865877,10.864423274993896,0.4301259517669678,ok,,320,320,0,80,,30,1e-05,True,10.86399531364441,tabpfn_finetune_epoch_chunks_f_mmd,internal validation_split_ratio=0.1 | c_selection=f_mmd | c_source=test | c_metric=standardized_l2 | c_reserve_ratio=0.2908641795,30,1,tabpfn_finetuning_api_f_mmd,acc,0.65625,0.6875,,,4,True,False,,f_mmd,test,standardized_l2,0.2908641795,2.2669418621740958,1.1538041953397966,,True
stage3_graph_scm_0013_seed42,/home/crc00006699/zh/tabiclv2/results/tabiclv2_prior_data/graph_scm_3stage_512_seed42/stage3_graph_scm_0013_seed42,multiclass,1891,0,456,17,6,1.0,1.0,1.0,1.0,0.000544808612159,7.913352727890015,0.6329195499420166,ok,,1891,1891,0,456,,30,1e-05,True,7.912995338439941,tabpfn_finetune_epoch_chunks_f_mmd,internal validation_split_ratio=0.1 | c_selection=f_mmd | c_source=test | c_metric=standardized_l2 | c_reserve_ratio=0.2908641795,30,1,tabpfn_finetuning_api_f_mmd,acc,1.0,1.0,,,0,True,False,,f_mmd,test,standardized_l2,0.2908641795,2.496782861395351,1.4767928446373104,,True
stage3_graph_scm_0014_seed42,/home/crc00006699/zh/tabiclv2/results/tabiclv2_prior_data/graph_scm_3stage_512_seed42/stage3_graph_scm_0014_seed42,multiclass,3382,0,826,35,7,0.7288135593220338,0.7278224118678328,0.719007447883567,0.9602005504599528,0.6422146369233307,36.800339221954346,1.0120842456817627,ok,,3382,3382,0,826,,30,1e-05,True,36.79991745948792,tabpfn_finetune_epoch_chunks_f_mmd,internal validation_split_ratio=0.1 | c_selection=f_mmd | c_source=test | c_metric=standardized_l2 | c_reserve_ratio=0.2908641795,30,1,tabpfn_finetuning_api_f_mmd,acc,0.7159763313609467,0.7514792899408284,,,28,False,False,,f_mmd,test,standardized_l2,0.2908641795,1.8328158257127596,1.030321404643123,,True
stage3_graph_scm_0015_seed42,/home/crc00006699/zh/tabiclv2/results/tabiclv2_prior_data/graph_scm_3stage_512_seed42/stage3_graph_scm_0015_seed42,multiclass,3286,0,827,53,3,0.7110036275695284,0.696872760531873,0.6469498845234757,0.851812067676368,0.6788091745802879,16.926806211471558,1.3027372360229492,ok,,3286,3286,0,827,,30,1e-05,True,16.92643976211548,tabpfn_finetune_epoch_chunks_f_mmd,internal validation_split_ratio=0.1 | c_selection=f_mmd | c_source=test | c_metric=standardized_l2 | c_reserve_ratio=0.2908641795,30,1,tabpfn_finetuning_api_f_mmd,acc,0.6890243902439024,0.7012195121951219,,,3,True,False,,f_mmd,test,standardized_l2,0.2908641795,1.8843590260876388,1.4920595115103144,,True
stage3_graph_scm_0016_seed42,/home/crc00006699/zh/tabiclv2/results/tabiclv2_prior_data/graph_scm_3stage_512_seed42/stage3_graph_scm_0016_seed42,multiclass,1109,0,284,49,6,0.7429577464788732,0.739676307616167,0.7215576028042889,0.9574074666994692,0.611084690987727,12.468528032302856,0.436826229095459,ok,,1109,1109,0,284,,30,1e-05,True,12.468003988265991,tabpfn_finetune_epoch_chunks_f_mmd,internal validation_split_ratio=0.1 | c_selection=f_mmd | c_source=test | c_metric=standardized_l2 | c_reserve_ratio=0.2908641795,30,1,tabpfn_finetuning_api_f_mmd,acc,0.7090909090909091,0.7363636363636363,,,5,True,False,,f_mmd,test,standardized_l2,0.2908641795,1.779074699962792,0.5317748812555302,,True
stage3_graph_scm_0017_seed42,/home/crc00006699/zh/tabiclv2/results/tabiclv2_prior_data/graph_scm_3stage_512_seed42/stage3_graph_scm_0017_seed42,binclass,2608,0,633,45,2,1.0,1.0,1.0,1.0,1.48954507392297e-05,11.238280296325684,1.064070701599121,ok,,2608,2608,0,633,,30,1e-05,True,11.237856149673462,tabpfn_finetune_epoch_chunks_f_mmd,internal validation_split_ratio=0.1 | c_selection=f_mmd | c_source=test | c_metric=standardized_l2 | c_reserve_ratio=0.2908641795,30,1,tabpfn_finetuning_api_f_mmd,acc,1.0,1.0,,,0,True,False,,f_mmd,test,standardized_l2,0.2908641795,1.7324667534235143,1.9641196449493783,,True
stage3_graph_scm_0018_seed42,/home/crc00006699/zh/tabiclv2/results/tabiclv2_prior_data/graph_scm_3stage_512_seed42/stage3_graph_scm_0018_seed42,multiclass,2585,0,680,62,5,1.0,1.0,1.0,1.0,5.34080169042483e-05,12.011841297149658,1.2809462547302246,ok,,2585,2585,0,680,,30,1e-05,True,12.011487483978271,tabpfn_finetune_epoch_chunks_f_mmd,internal validation_split_ratio=0.1 | c_selection=f_mmd | c_source=test | c_metric=standardized_l2 | c_reserve_ratio=0.2908641795,30,1,tabpfn_finetuning_api_f_mmd,acc,1.0,1.0,,,0,True,False,,f_mmd,test,standardized_l2,0.2908641795,1.996580224605653,0.852867904534172,,True
stage3_graph_scm_0019_seed42,/home/crc00006699/zh/tabiclv2/results/tabiclv2_prior_data/graph_scm_3stage_512_seed42/stage3_graph_scm_0019_seed42,multiclass,679,0,163,32,5,0.7361963190184049,0.7335888751906733,0.6654545454545455,0.9410832451768232,0.5795765173905895,11.862455368041992,0.4497175216674804,ok,,679,679,0,163,,30,1e-05,True,11.86210036277771,tabpfn_finetune_epoch_chunks_f_mmd,internal validation_split_ratio=0.1 | c_selection=f_mmd | c_source=test | c_metric=standardized_l2 | c_reserve_ratio=0.2908641795,30,1,tabpfn_finetuning_api_f_mmd,acc,0.7164179104477612,0.7910447761194029,,,4,True,False,,f_mmd,test,standardized_l2,0.2908641795,2.260979937132697,0.9674590926045844,,True
stage3_graph_scm_0020_seed42,/home/crc00006699/zh/tabiclv2/results/tabiclv2_prior_data/graph_scm_3stage_512_seed42/stage3_graph_scm_0020_seed42,multiclass,548,0,138,30,8,0.5072463768115942,0.4627201947462606,0.4007371218848201,0.8386935998313567,1.3785587921929,12.20187211036682,0.4737391471862793,ok,,548,548,0,138,,30,1e-05,True,12.201519250869753,tabpfn_finetune_epoch_chunks_f_mmd,internal validation_split_ratio=0.1 | c_selection=f_mmd | c_source=test | c_metric=standardized_l2 | c_reserve_ratio=0.2908641795,30,1,tabpfn_finetuning_api_f_mmd,acc,0.4259259259259259,0.4814814814814814,,,4,True,False,,f_mmd,test,standardized_l2,0.2908641795,1.7867725357639797,1.0741065443848796,,True
stage3_graph_scm_0021_seed42,/home/crc00006699/zh/tabiclv2/results/tabiclv2_prior_data/graph_scm_3stage_512_seed42/stage3_graph_scm_0021_seed42,multiclass,5231,0,1331,81,3,1.0,1.0,1.0,1.0,2.868217978188618e-05,19.526440858840942,2.313467502593994,ok,,5231,5231,0,1331,,30,1e-05,True,19.52607607841492,tabpfn_finetune_epoch_chunks_f_mmd,internal validation_split_ratio=0.1 | c_selection=f_mmd | c_source=test | c_metric=standardized_l2 | c_reserve_ratio=0.2908641795,30,1,tabpfn_finetuning_api_f_mmd,acc,1.0,1.0,,,0,True,False,,f_mmd,test,standardized_l2,0.2908641795,2.4548618883145217,0.519564599219273,,True
stage3_graph_scm_0022_seed42,/home/crc00006699/zh/tabiclv2/results/tabiclv2_prior_data/graph_scm_3stage_512_seed42/stage3_graph_scm_0022_seed42,binclass,41242,0,9924,19,2,1.0,1.0,1.0,1.0,1.2993896981348888e-05,89.93249201774597,16.78168797492981,ok,,41242,41242,0,9924,,150,1e-05,True,89.93211793899536,tabpfn_finetune_epoch_chunks_f_mmd,internal validation_split_ratio=0.1 | c_selection=f_mmd | c_source=test | c_metric=standardized_l2 | c_reserve_ratio=0.2908641795,30,5,tabpfn_finetuning_api_f_mmd,acc,1.0,1.0,,,0,True,False,,f_mmd,test,standardized_l2,0.2908641795,1.514227789289921,0.07518370364458,,True
stage3_graph_scm_0023_seed42,/home/crc00006699/zh/tabiclv2/results/tabiclv2_prior_data/graph_scm_3stage_512_seed42/stage3_graph_scm_0023_seed42,binclass,40048,0,10395,2,2,0.7754689754689754,0.7631706818012836,0.6784008355513145,0.8332502060381445,0.4348666244563723,73.26555395126343,14.269758939743042,ok,,40048,40048,0,10395,,150,1e-05,True,73.26513314247131,tabpfn_finetune_epoch_chunks_f_mmd,internal validation_split_ratio=0.1 | c_selection=f_mmd | c_source=test | c_metric=standardized_l2 | c_reserve_ratio=0.2908641795,30,5,tabpfn_finetuning_api_f_mmd,acc,0.7824675324675324,0.7834665334665335,,,1,True,False,,f_mmd,test,standardized_l2,0.2908641795,3.0843589175139328,3.6423212163963496,,True
stage3_graph_scm_0024_seed42,/home/crc00006699/zh/tabiclv2/results/tabiclv2_prior_data/graph_scm_3stage_512_seed42/stage3_graph_scm_0024_seed42,multiclass,472,0,125,27,3,1.0,1.0,1.0,1.0,2.6020388599723064e-05,8.320187330245972,0.4465951919555664,ok,,472,472,0,125,,30,1e-05,True,8.319750547409058,tabpfn_finetune_epoch_chunks_f_mmd,internal validation_split_ratio=0.1 | c_selection=f_mmd | c_source=test | c_metric=standardized_l2 | c_reserve_ratio=0.2908641795,30,1,tabpfn_finetuning_api_f_mmd,acc,1.0,1.0,,,0,True,False,,f_mmd,test,standardized_l2,0.2908641795,1.7724336235566236,0.3057667381405658,,True
stage3_graph_scm_0025_seed42,/home/crc00006699/zh/tabiclv2/results/tabiclv2_prior_data/graph_scm_3stage_512_seed42/stage3_graph_scm_0025_seed42,multiclass,8877,0,2182,20,4,0.9986251145737856,0.9986225213783976,0.9974226804123713,1.0,0.0030594108944027,16.71979594230652,1.838807821273804,ok,,8877,8877,0,2182,,30,1e-05,True,16.719371557235718,tabpfn_finetune_epoch_chunks_f_mmd,internal validation_split_ratio=0.1 | c_selection=f_mmd | c_source=test | c_metric=standardized_l2 | c_reserve_ratio=0.2908641795,30,1,tabpfn_finetuning_api_f_mmd,acc,1.0,1.0,,,0,True,False,,f_mmd,test,standardized_l2,0.2908641795,1.8072622636197244,0.3209328646159483,,True
stage3_graph_scm_0026_seed42,/home/crc00006699/zh/tabiclv2/results/tabiclv2_prior_data/graph_scm_3stage_512_seed42/stage3_graph_scm_0026_seed42,multiclass,1201,0,306,39,6,0.9052287581699346,0.9121352788765972,0.8906887395762904,0.9899886723327088,0.1988161344316343,8.497727394104004,0.4426686763763428,ok,,1201,1201,0,306,,30,1e-05,True,8.497369766235352,tabpfn_finetune_epoch_chunks_f_mmd,internal validation_split_ratio=0.1 | c_selection=f_mmd | c_source=test | c_metric=standardized_l2 | c_reserve_ratio=0.2908641795,30,1,tabpfn_finetuning_api_f_mmd,acc,0.9416666666666668,0.9416666666666668,,,0,True,False,,f_mmd,test,standardized_l2,0.2908641795,1.8799699611486265,1.7079152568661184,,True
stage3_graph_scm_0027_seed42,/home/crc00006699/zh/tabiclv2/results/tabiclv2_prior_data/graph_scm_3stage_512_seed42/stage3_graph_scm_0027_seed42,multiclass,602,0,156,98,8,0.8333333333333334,0.8255700065416665,0.7381765181560898,0.9791694022483824,0.5114467814321927,18.09880828857422,0.486541748046875,ok,,602,602,0,156,,30,1e-05,True,18.09845376014709,tabpfn_finetune_epoch_chunks_f_mmd,internal validation_split_ratio=0.1 | c_selection=f_mmd | c_source=test | c_metric=standardized_l2 | c_reserve_ratio=0.2908641795,30,1,tabpfn_finetuning_api_f_mmd,acc,0.7333333333333333,0.8333333333333334,,,8,True,False,,f_mmd,test,standardized_l2,0.2908641795,1.5422788292196163,0.1423402268684636,,True
stage3_graph_scm_0028_seed42,/home/crc00006699/zh/tabiclv2/results/tabiclv2_prior_data/graph_scm_3stage_512_seed42/stage3_graph_scm_0028_seed42,binclass,4158,0,1057,62,2,1.0,1.0,1.0,1.0,1.2993896981348886e-05,14.740208387374878,1.6446444988250732,ok,,4158,4158,0,1057,,30,1e-05,True,14.73985743522644,tabpfn_finetune_epoch_chunks_f_mmd,internal validation_split_ratio=0.1 | c_selection=f_mmd | c_source=test | c_metric=standardized_l2 | c_reserve_ratio=0.2908641795,30,1,tabpfn_finetuning_api_f_mmd,acc,1.0,1.0,,,0,True,False,,f_mmd,test,standardized_l2,0.2908641795,1.812453374722848,0.3614586308096482,,True
stage3_graph_scm_0029_seed42,/home/crc00006699/zh/tabiclv2/results/tabiclv2_prior_data/graph_scm_3stage_512_seed42/stage3_graph_scm_0029_seed42,binclass,13403,0,3215,58,2,0.9241057542768274,0.9200033865803408,0.7872715027412911,0.9541687229166526,0.1756037508728687,41.45333099365234,4.512318134307861,ok,,13403,13403,0,3215,,60,1e-05,True,41.452972412109375,tabpfn_finetune_epoch_chunks_f_mmd,internal validation_split_ratio=0.1 | c_selection=f_mmd | c_source=test | c_metric=standardized_l2 | c_reserve_ratio=0.2908641795,30,2,tabpfn_finetuning_api_f_mmd,acc,0.917910447761194,0.9186567164179104,,,1,True,False,,f_mmd,test,standardized_l2,0.2908641795,2.4637635310519044,1.1206181723254176,,True
stage3_graph_scm_0030_seed42,/home/crc00006699/zh/tabiclv2/results/tabiclv2_prior_data/graph_scm_3stage_512_seed42/stage3_graph_scm_0030_seed42,multiclass,9595,0,2470,44,3,1.0,1.0,1.0,1.0,3.09811694123924e-05,23.568726062774655,2.6721010208129883,ok,,9595,9595,0,2470,,30,1e-05,True,23.568331956863403,tabpfn_finetune_epoch_chunks_f_mmd,internal validation_split_ratio=0.1 | c_selection=f_mmd | c_source=test | c_metric=standardized_l2 | c_reserve_ratio=0.2908641795,30,1,tabpfn_finetuning_api_f_mmd,acc,0.9989572471324296,0.9989572471324296,,,0,True,False,,f_mmd,test,standardized_l2,0.2908641795,1.7738573225579537,0.3175728417171552,,True
stage3_graph_scm_0031_seed42,/home/crc00006699/zh/tabiclv2/results/tabiclv2_prior_data/graph_scm_3stage_512_seed42/stage3_graph_scm_0031_seed42,multiclass,2637,0,669,71,8,0.5127055306427504,0.5001446326789183,0.4653299113102944,0.8487866837753988,1.3607077532231564,30.365129470825195,1.4397563934326172,ok,,2637,2637,0,669,,30,1e-05,True,30.364707231521606,tabpfn_finetune_epoch_chunks_f_mmd,internal validation_split_ratio=0.1 | c_selection=f_mmd | c_source=test | c_metric=standardized_l2 | c_reserve_ratio=0.2908641795,30,1,tabpfn_finetuning_api_f_mmd,acc,0.5247148288973384,0.5399239543726235,,,11,True,False,,f_mmd,test,standardized_l2,0.2908641795,1.720183993015305,0.5277295464451272,,True
stage3_graph_scm_0032_seed42,/home/crc00006699/zh/tabiclv2/results/tabiclv2_prior_data/graph_scm_3stage_512_seed42/stage3_graph_scm_0032_seed42,multiclass,377,0,93,35,3,1.0,1.0,1.0,1.0,2.6280226360570976e-05,7.975614070892334,0.4637298583984375,ok,,377,377,0,93,,30,1e-05,True,7.975127935409546,tabpfn_finetune_epoch_chunks_f_mmd,internal validation_split_ratio=0.1 | c_selection=f_mmd | c_source=test | c_metric=standardized_l2 | c_reserve_ratio=0.2908641795,30,1,tabpfn_finetuning_api_f_mmd,acc,1.0,1.0,,,0,True,False,,f_mmd,test,standardized_l2,0.2908641795,1.7370199680019498,0.3016146444695161,,True
stage3_graph_scm_0033_seed42,/home/crc00006699/zh/tabiclv2/results/tabiclv2_prior_data/graph_scm_3stage_512_seed42/stage3_graph_scm_0033_seed42,multiclass,2870,0,739,22,4,1.0,1.0,1.0,1.0,3.894751412912981e-05,9.15774154663086,0.7103848457336426,ok,,2870,2870,0,739,,30,1e-05,True,9.157390832901,tabpfn_finetune_epoch_chunks_f_mmd,internal validation_split_ratio=0.1 | c_selection=f_mmd | c_source=test | c_metric=standardized_l2 | c_reserve_ratio=0.2908641795,30,1,tabpfn_finetuning_api_f_mmd,acc,1.0,1.0,,,0,True,False,,f_mmd,test,standardized_l2,0.2908641795,3.0143767259602345,1.9785944668436437,,True
stage3_graph_scm_0034_seed42,/home/crc00006699/zh/tabiclv2/results/tabiclv2_prior_data/graph_scm_3stage_512_seed42/stage3_graph_scm_0034_seed42,multiclass,2314,0,550,19,4,0.88,0.8777182423885275,0.8736478661214386,0.9866956905645116,0.2170089762946848,8.736620426177979,0.7144956588745117,ok,,2314,2314,0,550,,30,1e-05,True,8.736266613006592,tabpfn_finetune_epoch_chunks_f_mmd,internal validation_split_ratio=0.1 | c_selection=f_mmd | c_source=test | c_metric=standardized_l2 | c_reserve_ratio=0.2908641795,30,1,tabpfn_finetuning_api_f_mmd,acc,0.9134199134199136,0.9134199134199136,,,0,True,False,,f_mmd,test,standardized_l2,0.2908641795,2.6665687047388995,2.3503804926488363,,True
stage3_graph_scm_0035_seed42,/home/crc00006699/zh/tabiclv2/results/tabiclv2_prior_data/graph_scm_3stage_512_seed42/stage3_graph_scm_0035_seed42,multiclass,1209,0,320,55,5,0.45625,0.4205422338606704,0.3866499794481789,0.7885516754837272,1.1489552648416623,11.096719741821287,0.4413244724273681,ok,,1209,1209,0,320,,30,1e-05,True,11.09630012512207,tabpfn_finetune_epoch_chunks_f_mmd,internal validation_split_ratio=0.1 | c_selection=f_mmd | c_source=test | c_metric=standardized_l2 | c_reserve_ratio=0.2908641795,30,1,tabpfn_finetuning_api_f_mmd,acc,0.6083333333333333,0.65,,,3,True,False,,f_mmd,test,standardized_l2,0.2908641795,1.6559079420124705,0.2404594362200307,,True
stage3_graph_scm_0036_seed42,/home/crc00006699/zh/tabiclv2/results/tabiclv2_prior_data/graph_scm_3stage_512_seed42/stage3_graph_scm_0036_seed42,multiclass,881,0,227,18,9,0.6035242290748899,0.5740298739934186,0.3755019671686338,0.9085009910814976,0.9140545327638444,10.69256830215454,0.4397814273834228,ok,,881,881,0,227,,30,1e-05,True,10.692154169082642,tabpfn_finetune_epoch_chunks_f_mmd,internal validation_split_ratio=0.1 | c_selection=f_mmd | c_source=test | c_metric=standardized_l2 | c_reserve_ratio=0.2908641795,30,1,tabpfn_finetuning_api_f_mmd,acc,0.5681818181818182,0.5909090909090909,,,3,True,False,,f_mmd,test,standardized_l2,0.2908641795,1.9358735729289267,2.8383984944328806,,True
stage3_graph_scm_0037_seed42,/home/crc00006699/zh/tabiclv2/results/tabiclv2_prior_data/graph_scm_3stage_512_seed42/stage3_graph_scm_0037_seed42,binclass,11379,0,2892,71,2,1.0,1.0,1.0,1.0,1.299389698134889e-05,37.13404512405396,4.177295684814453,ok,,11379,11379,0,2892,,60,1e-05,True,37.13368463516235,tabpfn_finetune_epoch_chunks_f_mmd,internal validation_split_ratio=0.1 | c_selection=f_mmd | c_source=test | c_metric=standardized_l2 | c_reserve_ratio=0.2908641795,30,2,tabpfn_finetuning_api_f_mmd,acc,1.0,1.0,,,0,True,False,,f_mmd,test,standardized_l2,0.2908641795,1.5527901374088062,0.0721999318093407,,True
stage3_graph_scm_0038_seed42,/home/crc00006699/zh/tabiclv2/results/tabiclv2_prior_data/graph_scm_3stage_512_seed42/stage3_graph_scm_0038_seed42,multiclass,1028,0,249,91,7,0.9678714859437751,0.9678735753586116,0.946967418546366,0.9969092299348352,0.0990832894850529,10.288419723510742,0.5017821788787842,ok,,1028,1028,0,249,,30,1e-05,True,10.287976026535034,tabpfn_finetune_epoch_chunks_f_mmd,internal validation_split_ratio=0.1 | c_selection=f_mmd | c_source=test | c_metric=standardized_l2 | c_reserve_ratio=0.2908641795,30,1,tabpfn_finetuning_api_f_mmd,acc,0.9803921568627452,0.9803921568627452,,,0,True,False,,f_mmd,test,standardized_l2,0.2908641795,2.0321235924564127,0.4612688449867136,,True
stage3_graph_scm_0039_seed42,/home/crc00006699/zh/tabiclv2/results/tabiclv2_prior_data/graph_scm_3stage_512_seed42/stage3_graph_scm_0039_seed42,multiclass,10827,0,2794,21,4,0.9856836077308518,0.9788366375151724,0.5,0.9610897969290184,0.0571453826748584,21.11247205734253,2.3870420455932617,ok,,10827,10827,0,2794,,60,1e-05,True,21.112051725387573,tabpfn_finetune_epoch_chunks_f_mmd,internal validation_split_ratio=0.1 | c_selection=f_mmd | c_source=test | c_metric=standardized_l2 | c_reserve_ratio=0.2908641795,30,2,tabpfn_finetuning_api_f_mmd,acc,0.9852125693160814,0.9852125693160814,,,0,True,False,,f_mmd,test,standardized_l2,0.2908641795,2.005706139223043,6.1556615461097,,True
stage3_graph_scm_0040_seed42,/home/crc00006699/zh/tabiclv2/results/tabiclv2_prior_data/graph_scm_3stage_512_seed42/stage3_graph_scm_0040_seed42,multiclass,4526,0,1099,40,6,1.0,1.0,1.0,1.0,6.493678594396918e-05,12.322863817214966,1.3087570667266846,ok,,4526,4526,0,1099,,30,1e-05,True,12.322507381439207,tabpfn_finetune_epoch_chunks_f_mmd,internal validation_split_ratio=0.1 | c_selection=f_mmd | c_source=test | c_metric=standardized_l2 | c_reserve_ratio=0.2908641795,30,1,tabpfn_finetuning_api_f_mmd,acc,1.0,1.0,,,0,True,False,,f_mmd,test,standardized_l2,0.2908641795,2.1132824333785365,0.8247836407926932,,True
stage3_graph_scm_0041_seed42,/home/crc00006699/zh/tabiclv2/results/tabiclv2_prior_data/graph_scm_3stage_512_seed42/stage3_graph_scm_0041_seed42,binclass,900,0,228,33,2,1.0,1.0,1.0,1.0,0.0001828854668707,8.32681393623352,0.4452683925628662,ok,,900,900,0,228,,30,1e-05,True,8.32645058631897,tabpfn_finetune_epoch_chunks_f_mmd,internal validation_split_ratio=0.1 | c_selection=f_mmd | c_source=test | c_metric=standardized_l2 | c_reserve_ratio=0.2908641795,30,1,tabpfn_finetuning_api_f_mmd,acc,1.0,1.0,,,0,True,False,,f_mmd,test,standardized_l2,0.2908641795,1.891893732478276,1.342957384240753,,True
stage3_graph_scm_0042_seed42,/home/crc00006699/zh/tabiclv2/results/tabiclv2_prior_data/graph_scm_3stage_512_seed42/stage3_graph_scm_0042_seed42,multiclass,21293,0,5049,51,5,0.8617548029312735,0.8461381649531038,0.6705851490278552,0.973689695730364,0.3881418984353562,58.32619285583496,7.708882808685303,ok,,21293,21293,0,5049,,90,1e-05,True,58.32582712173462,tabpfn_finetune_epoch_chunks_f_mmd,internal validation_split_ratio=0.1 | c_selection=f_mmd | c_source=test | c_metric=standardized_l2 | c_reserve_ratio=0.2908641795,30,3,tabpfn_finetuning_api_f_mmd,acc,0.8482855800845467,0.8482855800845467,,,0,True,False,,f_mmd,test,standardized_l2,0.2908641795,1.860870216792516,0.997437866872313,,True
stage3_graph_scm_0043_seed42,/home/crc00006699/zh/tabiclv2/results/tabiclv2_prior_data/graph_scm_3stage_512_seed42/stage3_graph_scm_0043_seed42,multiclass,5479,0,1382,29,6,0.9978292329956584,0.9978301914682146,0.9981320958468318,1.0,0.0034591081087894,12.281955242156982,1.346219539642334,ok,,5479,5479,0,1382,,30,1e-05,True,12.281518697738647,tabpfn_finetune_epoch_chunks_f_mmd,internal validation_split_ratio=0.1 | c_selection=f_mmd | c_source=test | c_metric=standardized_l2 | c_reserve_ratio=0.2908641795,30,1,tabpfn_finetuning_api_f_mmd,acc,0.9945155393053016,0.9945155393053016,,,0,True,False,,f_mmd,test,standardized_l2,0.2908641795,1.94877138760322,0.4002774256670313,,True
stage3_graph_scm_0044_seed42,/home/crc00006699/zh/tabiclv2/results/tabiclv2_prior_data/graph_scm_3stage_512_seed42/stage3_graph_scm_0044_seed42,multiclass,423,0,103,72,3,1.0,1.0,1.0,1.0,2.7394803031577164e-05,9.08004069328308,0.4946823120117187,ok,,423,423,0,103,,30,1e-05,True,9.079684972763062,tabpfn_finetune_epoch_chunks_f_mmd,internal validation_split_ratio=0.1 | c_selection=f_mmd | c_source=test | c_metric=standardized_l2 | c_reserve_ratio=0.2908641795,30,1,tabpfn_finetuning_api_f_mmd,acc,1.0,1.0,,,0,True,False,,f_mmd,test,standardized_l2,0.2908641795,1.398526949193193,0.0612993350439051,,True
stage3_graph_scm_0045_seed42,/home/crc00006699/zh/tabiclv2/results/tabiclv2_prior_data/graph_scm_3stage_512_seed42/stage3_graph_scm_0045_seed42,binclass,384,0,97,63,2,0.979381443298969,0.979381443298969,0.8696236559139785,0.9838709677419356,0.0591425899724383,11.279452562332152,0.4290599822998047,ok,,384,384,0,97,,30,1e-05,True,11.279097557067873,tabpfn_finetune_epoch_chunks_f_mmd,internal validation_split_ratio=0.1 | c_selection=f_mmd | c_source=test | c_metric=standardized_l2 | c_reserve_ratio=0.2908641795,30,1,tabpfn_finetuning_api_f_mmd,acc,0.9210526315789472,0.9473684210526316,,,4,True,False,,f_mmd,test,standardized_l2,0.2908641795,2.084696599931584,0.551661188974735,,True
stage3_graph_scm_0046_seed42,/home/crc00006699/zh/tabiclv2/results/tabiclv2_prior_data/graph_scm_3stage_512_seed42/stage3_graph_scm_0046_seed42,multiclass,10069,0,2647,6,9,0.3384964110313562,0.274955880690655,0.2085267477430783,0.6790406447384103,1.7658374411280098,15.105980396270752,1.6839516162872314,ok,,10069,10069,0,2647,,60,1e-05,True,15.105605363845823,tabpfn_finetune_epoch_chunks_f_mmd,internal validation_split_ratio=0.1 | c_selection=f_mmd | c_source=test | c_metric=standardized_l2 | c_reserve_ratio=0.2908641795,30,2,tabpfn_finetuning_api_f_mmd,acc,0.3499005964214712,0.3499005964214712,,,0,True,False,,f_mmd,test,standardized_l2,0.2908641795,2.1390552679102384,0.9120758041405822,,True
stage3_graph_scm_0047_seed42,/home/crc00006699/zh/tabiclv2/results/tabiclv2_prior_data/graph_scm_3stage_512_seed42/stage3_graph_scm_0047_seed42,multiclass,9481,0,2483,18,4,0.9991945227547322,0.9991949058090082,0.9976033892714304,0.9999986389002312,0.0018328172344234,24.5093674659729,1.88973069190979,ok,,9481,9481,0,2483,,30,1e-05,True,24.509005546569824,tabpfn_finetune_epoch_chunks_f_mmd,internal validation_split_ratio=0.1 | c_selection=f_mmd | c_source=test | c_metric=standardized_l2 | c_reserve_ratio=0.2908641795,30,1,tabpfn_finetuning_api_f_mmd,acc,0.9989451476793249,1.0,,,4,True,False,,f_mmd,test,standardized_l2,0.2908641795,2.4974592070721053,1.334936910018732,,True
stage3_graph_scm_0048_seed42,/home/crc00006699/zh/tabiclv2/results/tabiclv2_prior_data/graph_scm_3stage_512_seed42/stage3_graph_scm_0048_seed42,multiclass,45815,0,12146,17,3,0.6966902684011197,0.6924036225751121,0.6335431721031286,0.8318933418485622,0.7023291544513734,99.60092663764954,20.301987409591675,ok,,45815,45815,0,12146,,150,1e-05,True,99.60056400299072,tabpfn_finetune_epoch_chunks_f_mmd,internal validation_split_ratio=0.1 | c_selection=f_mmd | c_source=test | c_metric=standardized_l2 | c_reserve_ratio=0.2908641795,30,5,tabpfn_finetuning_api_f_mmd,acc,0.6967910936476752,0.6967910936476752,,,0,True,False,,f_mmd,test,standardized_l2,0.2908641795,1.935650571548566,0.6413822245969528,,True
stage3_graph_scm_0049_seed42,/home/crc00006699/zh/tabiclv2/results/tabiclv2_prior_data/graph_scm_3stage_512_seed42/stage3_graph_scm_0049_seed42,binclass,1259,0,312,35,2,0.7051282051282052,0.702330088058231,0.6960132890365448,0.7515780730897009,0.5873182611970431,10.0280864238739,0.4469845294952392,ok,,1259,1259,0,312,,30,1e-05,True,10.027484655380247,tabpfn_finetune_epoch_chunks_f_mmd,internal validation_split_ratio=0.1 | c_selection=f_mmd | c_source=test | c_metric=standardized_l2 | c_reserve_ratio=0.2908641795,30,1,tabpfn_finetuning_api_f_mmd,acc,0.664,0.68,,,2,True,False,,f_mmd,test,standardized_l2,0.2908641795,1.943549786379949,0.3790448707221819,,True
stage3_graph_scm_0050_seed42,/home/crc00006699/zh/tabiclv2/results/tabiclv2_prior_data/graph_scm_3stage_512_seed42/stage3_graph_scm_0050_seed42,binclass,3495,0,829,4,2,0.8528347406513872,0.7850965646361077,0.5,0.7593850719966609,0.3579956408518636,8.008049488067627,0.562140703201294,ok,,3495,3495,0,829,,30,1e-05,True,8.007698774337769,tabpfn_finetune_epoch_chunks_f_mmd,internal validation_split_ratio=0.1 | c_selection=f_mmd | c_source=test | c_metric=standardized_l2 | c_reserve_ratio=0.2908641795,30,1,tabpfn_finetuning_api_f_mmd,acc,0.8424068767908309,0.8424068767908309,,,0,True,False,,f_mmd,test,standardized_l2,0.2908641795,2.743386053278257,10.55752995994072,,True
stage3_graph_scm_0051_seed42,/home/crc00006699/zh/tabiclv2/results/tabiclv2_prior_data/graph_scm_3stage_512_seed42/stage3_graph_scm_0051_seed42,multiclass,1545,0,393,52,9,0.4529262086513995,0.4101697198307427,0.4297653480042416,0.8989421253679577,1.1782892987084166,12.68166184425354,0.4882614612579345,ok,,1545,1545,0,393,,30,1e-05,True,12.681321620941162,tabpfn_finetune_epoch_chunks_f_mmd,internal validation_split_ratio=0.1 | c_selection=f_mmd | c_source=test | c_metric=standardized_l2 | c_reserve_ratio=0.2908641795,30,1,tabpfn_finetuning_api_f_mmd,acc,0.4285714285714285,0.461038961038961,,,3,True,False,,f_mmd,test,standardized_l2,0.2908641795,1.813242090370765,0.2104535535420648,,True
stage3_graph_scm_0052_seed42,/home/crc00006699/zh/tabiclv2/results/tabiclv2_prior_data/graph_scm_3stage_512_seed42/stage3_graph_scm_0052_seed42,multiclass,19040,0,4749,11,5,0.8233312276268688,0.816756446702276,0.6466779288337479,0.9506739491452092,0.4743871834351607,103.05512499809264,4.48729133605957,ok,,19040,19040,0,4749,,60,1e-05,True,103.05478024482728,tabpfn_finetune_epoch_chunks_f_mmd,internal validation_split_ratio=0.1 | c_selection=f_mmd | c_source=test | c_metric=standardized_l2 | c_reserve_ratio=0.2908641795,30,2,tabpfn_finetuning_api_f_mmd,acc,0.8103991596638656,0.8203781512605042,,,19,True,False,,f_mmd,test,standardized_l2,0.2908641795,1.709231883669237,0.2710259904028816,,True
stage3_graph_scm_0053_seed42,/home/crc00006699/zh/tabiclv2/results/tabiclv2_prior_data/graph_scm_3stage_512_seed42/stage3_graph_scm_0053_seed42,multiclass,2530,0,598,50,4,0.9782608695652174,0.979025770538279,0.9711564843607096,0.9984984108413764,0.0598415270256774,10.84531044960022,1.0757014751434326,ok,,2530,2530,0,598,,30,1e-05,True,10.844871997833252,tabpfn_finetune_epoch_chunks_f_mmd,internal validation_split_ratio=0.1 | c_selection=f_mmd | c_source=test | c_metric=standardized_l2 | c_reserve_ratio=0.2908641795,30,1,tabpfn_finetuning_api_f_mmd,acc,0.9762845849802372,0.9762845849802372,,,0,True,False,,f_mmd,test,standardized_l2,0.2908641795,2.525088397067989,0.6301726278031878,,True
stage3_graph_scm_0054_seed42,/home/crc00006699/zh/tabiclv2/results/tabiclv2_prior_data/graph_scm_3stage_512_seed42/stage3_graph_scm_0054_seed42,multiclass,19618,0,5195,51,7,0.9998075072184792,0.9998074812081472,0.9996832435856826,1.0,0.0006526681694933,53.68288278579712,7.080529689788818,ok,,19618,19618,0,5195,,60,1e-05,True,53.68252491950989,tabpfn_finetune_epoch_chunks_f_mmd,internal validation_split_ratio=0.1 | c_selection=f_mmd | c_source=test | c_metric=standardized_l2 | c_reserve_ratio=0.2908641795,30,2,tabpfn_finetuning_api_f_mmd,acc,1.0,1.0,,,0,True,False,,f_mmd,test,standardized_l2,0.2908641795,1.7123316160387874,0.3236317186256449,,True
stage3_graph_scm_0055_seed42,/home/crc00006699/zh/tabiclv2/results/tabiclv2_prior_data/graph_scm_3stage_512_seed42/stage3_graph_scm_0055_seed42,binclass,1280,0,331,62,2,0.6163141993957704,0.566067874386827,0.5344660194174757,0.6570873786407767,0.6316595401679573,13.482102394104004,0.4904360771179199,ok,,1280,1280,0,331,,30,1e-05,True,13.481671571731567,tabpfn_finetune_epoch_chunks_f_mmd,internal validation_split_ratio=0.1 | c_selection=f_mmd | c_source=test | c_metric=standardized_l2 | c_reserve_ratio=0.2908641795,30,1,tabpfn_finetuning_api_f_mmd,acc,0.6328125,0.6796875,,,4,True,False,,f_mmd,test,standardized_l2,0.2908641795,1.928393536100668,0.9668996433162904,,True
stage3_graph_scm_0056_seed42,/home/crc00006699/zh/tabiclv2/results/tabiclv2_prior_data/graph_scm_3stage_512_seed42/stage3_graph_scm_0056_seed42,multiclass,18543,0,4785,27,4,0.91055381400209,0.9097417805187848,0.9534504424396238,0.9656344752685811,0.2544737441985154,47.82167029380798,5.214899063110352,ok,,18543,18543,0,4785,,60,1e-05,True,47.8213119506836,tabpfn_finetune_epoch_chunks_f_mmd,internal validation_split_ratio=0.1 | c_selection=f_mmd | c_source=test | c_metric=standardized_l2 | c_reserve_ratio=0.2908641795,30,2,tabpfn_finetuning_api_f_mmd,acc,0.901294498381877,0.9023732470334412,,,2,True,False,,f_mmd,test,standardized_l2,0.2908641795,1.8760583949534968,0.5187418370908703,,True
stage3_graph_scm_0057_seed42,/home/crc00006699/zh/tabiclv2/results/tabiclv2_prior_data/graph_scm_3stage_512_seed42/stage3_graph_scm_0057_seed42,multiclass,2422,0,636,84,6,0.9905660377358492,0.9903735592723808,0.9680905161454362,0.999832939272901,0.0191928596502427,13.35596203804016,1.603821039199829,ok,,2422,2422,0,636,,30,1e-05,True,13.355591773986816,tabpfn_finetune_epoch_chunks_f_mmd,internal validation_split_ratio=0.1 | c_selection=f_mmd | c_source=test | c_metric=standardized_l2 | c_reserve_ratio=0.2908641795,30,1,tabpfn_finetuning_api_f_mmd,acc,0.9958677685950412,0.9958677685950412,,,0,True,False,,f_mmd,test,standardized_l2,0.2908641795,1.919588450280405,1.0908524337399228,,True
stage3_graph_scm_0058_seed42,/home/crc00006699/zh/tabiclv2/results/tabiclv2_prior_data/graph_scm_3stage_512_seed42/stage3_graph_scm_0058_seed42,multiclass,431,0,108,42,7,0.7129629629629629,0.697620112746666,0.6026906426906428,0.9517890083600316,0.5740147460754874,12.169200897216797,0.5479621887207031,ok,,431,431,0,108,,30,1e-05,True,12.168841361999512,tabpfn_finetune_epoch_chunks_f_mmd,internal validation_split_ratio=0.1 | c_selection=f_mmd | c_source=test | c_metric=standardized_l2 | c_reserve_ratio=0.2908641795,30,1,tabpfn_finetuning_api_f_mmd,acc,0.8372093023255814,0.8837209302325582,,,4,True,False,,f_mmd,test,standardized_l2,0.2908641795,1.558210944613733,0.3016839381644983,,True
stage3_graph_scm_0059_seed42,/home/crc00006699/zh/tabiclv2/results/tabiclv2_prior_data/graph_scm_3stage_512_seed42/stage3_graph_scm_0059_seed42,multiclass,19692,0,5154,26,3,1.0,1.0,1.0,1.0,2.861628059138219e-05,39.33159971237183,5.63034725189209,ok,,19692,19692,0,5154,,60,1e-05,True,39.331247091293335,tabpfn_finetune_epoch_chunks_f_mmd,internal validation_split_ratio=0.1 | c_selection=f_mmd | c_source=test | c_metric=standardized_l2 | c_reserve_ratio=0.2908641795,30,2,tabpfn_finetuning_api_f_mmd,acc,1.0,1.0,,,0,True,False,,f_mmd,test,standardized_l2,0.2908641795,2.086236882059269,8.461487579489285,,True
stage3_graph_scm_0060_seed42,/home/crc00006699/zh/tabiclv2/results/tabiclv2_prior_data/graph_scm_3stage_512_seed42/stage3_graph_scm_0060_seed42,multiclass,1190,0,282,20,5,0.6170212765957447,0.6149889422710287,0.6160989202368513,0.889875849724428,0.9254099517252716,14.089115858078005,0.4334611892700195,ok,,1190,1190,0,282,,30,1e-05,True,14.088745832443236,tabpfn_finetune_epoch_chunks_f_mmd,internal validation_split_ratio=0.1 | c_selection=f_mmd | c_source=test | c_metric=standardized_l2 | c_reserve_ratio=0.2908641795,30,1,tabpfn_finetuning_api_f_mmd,acc,0.6638655462184874,0.680672268907563,,,8,True,False,,f_mmd,test,standardized_l2,0.2908641795,1.9140061709679423,0.44240992642275,,True
stage3_graph_scm_0061_seed42,/home/crc00006699/zh/tabiclv2/results/tabiclv2_prior_data/graph_scm_3stage_512_seed42/stage3_graph_scm_0061_seed42,multiclass,10589,0,2639,41,3,0.9943160287987874,0.9943210867381936,0.9935497623135592,0.9999394935240816,0.0140166115899631,25.439861059188843,2.9482133388519287,ok,,10589,10589,0,2639,,60,1e-05,True,25.439515590667725,tabpfn_finetune_epoch_chunks_f_mmd,internal validation_split_ratio=0.1 | c_selection=f_mmd | c_source=test | c_metric=standardized_l2 | c_reserve_ratio=0.2908641795,30,2,tabpfn_finetuning_api_f_mmd,acc,0.996219281663516,0.996219281663516,,,0,True,False,,f_mmd,test,standardized_l2,0.2908641795,2.1720061819747287,3.517995486959653,,True
stage3_graph_scm_0062_seed42,/home/crc00006699/zh/tabiclv2/results/tabiclv2_prior_data/graph_scm_3stage_512_seed42/stage3_graph_scm_0062_seed42,multiclass,2820,0,697,99,7,0.994261119081779,0.9942690036993532,0.9924603174603176,0.9999849802757728,0.0151459555890942,15.277925491333008,1.8658547401428225,ok,,2820,2820,0,697,,30,1e-05,True,15.277565002441406,tabpfn_finetune_epoch_chunks_f_mmd,internal validation_split_ratio=0.1 | c_selection=f_mmd | c_source=test | c_metric=standardized_l2 | c_reserve_ratio=0.2908641795,30,1,tabpfn_finetuning_api_f_mmd,acc,0.9929078014184396,0.9929078014184396,,,0,True,False,,f_mmd,test,standardized_l2,0.2908641795,1.56168649865411,0.180339147894921,,True
stage3_graph_scm_0063_seed42,/home/crc00006699/zh/tabiclv2/results/tabiclv2_prior_data/graph_scm_3stage_512_seed42/stage3_graph_scm_0063_seed42,multiclass,5929,0,1576,22,8,0.3426395939086294,0.3012276533435284,0.3306153889785479,0.7247546893822289,1.73974657806191,25.345126390457157,1.2502622604370115,ok,,5929,5929,0,1576,,30,1e-05,True,25.34476208686829,tabpfn_finetune_epoch_chunks_f_mmd,internal validation_split_ratio=0.1 | c_selection=f_mmd | c_source=test | c_metric=standardized_l2 | c_reserve_ratio=0.2908641795,30,1,tabpfn_finetuning_api_f_mmd,acc,0.3479729729729729,0.3530405405405405,,,10,True,False,,f_mmd,test,standardized_l2,0.2908641795,1.9630611341885575,0.6065266888346577,,True
stage3_graph_scm_0064_seed42,/home/crc00006699/zh/tabiclv2/results/tabiclv2_prior_data/graph_scm_3stage_512_seed42/stage3_graph_scm_0064_seed42,multiclass,27949,0,6681,2,6,0.8944768747193534,0.8682113691026623,0.5464518132245603,0.977314786238893,0.2514174671062495,53.03686285018921,7.738876581192017,ok,,27949,27949,0,6681,,90,1e-05,True,53.036497592926025,tabpfn_finetune_epoch_chunks_f_mmd,internal validation_split_ratio=0.1 | c_selection=f_mmd | c_source=test | c_metric=standardized_l2 | c_reserve_ratio=0.2908641795,30,3,tabpfn_finetuning_api_f_mmd,acc,0.8904795991410165,0.8908375089477452,,,2,True,False,,f_mmd,test,standardized_l2,0.2908641795,2.7160578426665176,3.2623259041720605,,True
stage3_graph_scm_0065_seed42,/home/crc00006699/zh/tabiclv2/results/tabiclv2_prior_data/graph_scm_3stage_512_seed42/stage3_graph_scm_0065_seed42,multiclass,20283,0,5348,7,4,0.8070306656694092,0.7944447963580169,0.6795425733637448,0.9211982984656868,0.4796913753258955,33.75181722640991,4.82874059677124,ok,,20283,20283,0,5348,,90,1e-05,True,33.75137209892273,tabpfn_finetune_epoch_chunks_f_mmd,internal validation_split_ratio=0.1 | c_selection=f_mmd | c_source=test | c_metric=standardized_l2 | c_reserve_ratio=0.2908641795,30,3,tabpfn_finetuning_api_f_mmd,acc,0.7978303747534516,0.7978303747534516,,,0,True,False,,f_mmd,test,standardized_l2,0.2908641795,2.3408280577368257,1.1829557694601525,,True
stage3_graph_scm_0066_seed42,/home/crc00006699/zh/tabiclv2/results/tabiclv2_prior_data/graph_scm_3stage_512_seed42/stage3_graph_scm_0066_seed42,multiclass,14095,0,3410,52,6,1.0,1.0,1.0,1.0,6.494689297138428e-05,36.95401191711426,4.504591226577759,ok,,14095,14095,0,3410,,60,1e-05,True,36.95363473892212,tabpfn_finetune_epoch_chunks_f_mmd,internal validation_split_ratio=0.1 | c_selection=f_mmd | c_source=test | c_metric=standardized_l2 | c_reserve_ratio=0.2908641795,30,2,tabpfn_finetuning_api_f_mmd,acc,1.0,1.0,,,0,True,False,,f_mmd,test,standardized_l2,0.2908641795,1.7237434380138017,0.3021048360974258,,True
stage3_graph_scm_0067_seed42,/home/crc00006699/zh/tabiclv2/results/tabiclv2_prior_data/graph_scm_3stage_512_seed42/stage3_graph_scm_0067_seed42,multiclass,1844,0,491,18,6,0.3462321792260692,0.2222020468958067,0.3228479242587387,0.7741219515441436,1.2478159518684615,8.20952558517456,0.6662118434906006,ok,,1844,1844,0,491,,30,1e-05,True,8.209108114242554,tabpfn_finetune_epoch_chunks_f_mmd,internal validation_split_ratio=0.1 | c_selection=f_mmd | c_source=test | c_metric=standardized_l2 | c_reserve_ratio=0.2908641795,30,1,tabpfn_finetuning_api_f_mmd,acc,0.3532608695652174,0.3532608695652174,,,0,True,False,,f_mmd,test,standardized_l2,0.2908641795,2.951887643637209,37.71690782924747,,True
stage3_graph_scm_0068_seed42,/home/crc00006699/zh/tabiclv2/results/tabiclv2_prior_data/graph_scm_3stage_512_seed42/stage3_graph_scm_0068_seed42,binclass,13476,0,3511,72,2,0.9991455425804614,0.999145332043239,0.9984734691416612,0.9999965963637496,0.0025890772497375,42.159225940704346,5.176154851913452,ok,,13476,13476,0,3511,,60,1e-05,True,42.15885925292969,tabpfn_finetune_epoch_chunks_f_mmd,internal validation_split_ratio=0.1 | c_selection=f_mmd | c_source=test | c_metric=standardized_l2 | c_reserve_ratio=0.2908641795,30,2,tabpfn_finetuning_api_f_mmd,acc,1.0,1.0,,,0,True,False,,f_mmd,test,standardized_l2,0.2908641795,2.2351862181368265,1.8793305767740416,,True
stage3_graph_scm_0069_seed42,/home/crc00006699/zh/tabiclv2/results/tabiclv2_prior_data/graph_scm_3stage_512_seed42/stage3_graph_scm_0069_seed42,multiclass,11207,0,2679,72,9,0.9992534527808884,0.9992534527808884,0.9987831188991502,0.9999995125083412,0.0013873468041219,64.21556544303894,4.144583225250244,ok,,11207,11207,0,2679,,60,1e-05,True,64.2151997089386,tabpfn_finetune_epoch_chunks_f_mmd,internal validation_split_ratio=0.1 | c_selection=f_mmd | c_source=test | c_metric=standardized_l2 | c_reserve_ratio=0.2908641795,30,2,tabpfn_finetuning_api_f_mmd,acc,0.9982142857142856,0.9991071428571427,,,6,True,False,,f_mmd,test,standardized_l2,0.2908641795,2.186267099807003,1.7152170200851955,,True
stage3_graph_scm_0070_seed42,/home/crc00006699/zh/tabiclv2/results/tabiclv2_prior_data/graph_scm_3stage_512_seed42/stage3_graph_scm_0070_seed42,binclass,2891,0,683,79,2,1.0,1.0,1.0,1.0,1.3222461838426966e-05,13.772393941879272,1.5702614784240725,ok,,2891,2891,0,683,,30,1e-05,True,13.77203130722046,tabpfn_finetune_epoch_chunks_f_mmd,internal validation_split_ratio=0.1 | c_selection=f_mmd | c_source=test | c_metric=standardized_l2 | c_reserve_ratio=0.2908641795,30,1,tabpfn_finetuning_api_f_mmd,acc,1.0,1.0,,,0,True,False,,f_mmd,test,standardized_l2,0.2908641795,1.62616911285792,0.2053498054990473,,True
stage3_graph_scm_0071_seed42,/home/crc00006699/zh/tabiclv2/results/tabiclv2_prior_data/graph_scm_3stage_512_seed42/stage3_graph_scm_0071_seed42,multiclass,13827,0,3610,24,5,0.9955678670360112,0.9955570793593828,0.9637436071711104,0.999791150174358,0.0108272550286132,48.65839076042175,3.3703978061676025,ok,,13827,13827,0,3610,,60,1e-05,True,48.6579647064209,tabpfn_finetune_epoch_chunks_f_mmd,internal validation_split_ratio=0.1 | c_selection=f_mmd | c_source=test | c_metric=standardized_l2 | c_reserve_ratio=0.2908641795,30,2,tabpfn_finetuning_api_f_mmd,acc,0.9949348769898696,0.996382054992764,,,7,True,False,,f_mmd,test,standardized_l2,0.2908641795,1.5135250961376256,0.1289350757325324,,True
stage3_graph_scm_0072_seed42,/home/crc00006699/zh/tabiclv2/results/tabiclv2_prior_data/graph_scm_3stage_512_seed42/stage3_graph_scm_0072_seed42,multiclass,636,0,153,30,4,0.8954248366013072,0.8904230973435127,0.8247829131652661,0.9834721448361954,0.260828476854874,7.805585861206055,0.4234027862548828,ok,,636,636,0,153,,30,1e-05,True,7.805153608322143,tabpfn_finetune_epoch_chunks_f_mmd,internal validation_split_ratio=0.1 | c_selection=f_mmd | c_source=test | c_metric=standardized_l2 | c_reserve_ratio=0.2908641795,30,1,tabpfn_finetuning_api_f_mmd,acc,0.9365079365079364,0.9365079365079364,,,0,True,False,,f_mmd,test,standardized_l2,0.2908641795,2.4030764455181832,1.987103393560946,,True
stage3_graph_scm_0073_seed42,/home/crc00006699/zh/tabiclv2/results/tabiclv2_prior_data/graph_scm_3stage_512_seed42/stage3_graph_scm_0073_seed42,multiclass,4176,0,1019,50,9,0.9793915603532876,0.9794209780492518,0.9806480982074636,0.9994514063787328,0.0806185210520798,21.79487013816833,1.4254429340362549,ok,,4176,4176,0,1019,,30,1e-05,True,21.79451847076416,tabpfn_finetune_epoch_chunks_f_mmd,internal validation_split_ratio=0.1 | c_selection=f_mmd | c_source=test | c_metric=standardized_l2 | c_reserve_ratio=0.2908641795,30,1,tabpfn_finetuning_api_f_mmd,acc,0.973621103117506,0.9760191846522782,,,6,True,False,,f_mmd,test,standardized_l2,0.2908641795,1.6779831842571329,1.14838929413985,,True
stage3_graph_scm_0074_seed42,/home/crc00006699/zh/tabiclv2/results/tabiclv2_prior_data/graph_scm_3stage_512_seed42/stage3_graph_scm_0074_seed42,multiclass,1846,0,491,60,6,1.0,1.0,1.0,1.0,6.505494285176734e-05,9.508114099502563,1.1135587692260742,ok,,1846,1846,0,491,,30,1e-05,True,9.507699251174929,tabpfn_finetune_epoch_chunks_f_mmd,internal validation_split_ratio=0.1 | c_selection=f_mmd | c_source=test | c_metric=standardized_l2 | c_reserve_ratio=0.2908641795,30,1,tabpfn_finetuning_api_f_mmd,acc,1.0,1.0,,,0,True,False,,f_mmd,test,standardized_l2,0.2908641795,1.803176430700769,0.5119396860127603,,True
stage3_graph_scm_0075_seed42,/home/crc00006699/zh/tabiclv2/results/tabiclv2_prior_data/graph_scm_3stage_512_seed42/stage3_graph_scm_0075_seed42,multiclass,1374,0,332,20,3,1.0,1.0,1.0,1.0,2.690809737895364e-05,7.956496715545654,0.4273726940155029,ok,,1374,1374,0,332,,30,1e-05,True,7.956133127212524,tabpfn_finetune_epoch_chunks_f_mmd,internal validation_split_ratio=0.1 | c_selection=f_mmd | c_source=test | c_metric=standardized_l2 | c_reserve_ratio=0.2908641795,30,1,tabpfn_finetuning_api_f_mmd,acc,1.0,1.0,,,0,True,False,,f_mmd,test,standardized_l2,0.2908641795,2.1840835234943023,3.4013703936235853,,True
stage3_graph_scm_0076_seed42,/home/crc00006699/zh/tabiclv2/results/tabiclv2_prior_data/graph_scm_3stage_512_seed42/stage3_graph_scm_0076_seed42,multiclass,9257,0,2179,42,10,0.872418540614961,0.8718506691523966,0.8541220613120544,0.9926187005112392,0.3433356661025176,77.67801237106323,2.529902219772339,ok,,9257,9257,0,2179,,30,1e-05,True,77.67764520645142,tabpfn_finetune_epoch_chunks_f_mmd,internal validation_split_ratio=0.1 | c_selection=f_mmd | c_source=test | c_metric=standardized_l2 | c_reserve_ratio=0.2908641795,30,1,tabpfn_finetuning_api_f_mmd,acc,0.8291891891891892,0.8551351351351352,,,21,True,False,,f_mmd,test,standardized_l2,0.2908641795,1.7191899103738686,0.6023847410155241,,True
stage3_graph_scm_0077_seed42,/home/crc00006699/zh/tabiclv2/results/tabiclv2_prior_data/graph_scm_3stage_512_seed42/stage3_graph_scm_0077_seed42,multiclass,1263,0,325,77,6,1.0,1.0,1.0,1.0,6.556030818191574e-05,8.821201086044312,0.4634401798248291,ok,,1263,1263,0,325,,30,1e-05,True,8.820773601531982,tabpfn_finetune_epoch_chunks_f_mmd,internal validation_split_ratio=0.1 | c_selection=f_mmd | c_source=test | c_metric=standardized_l2 | c_reserve_ratio=0.2908641795,30,1,tabpfn_finetuning_api_f_mmd,acc,1.0,1.0,,,0,True,False,,f_mmd,test,standardized_l2,0.2908641795,1.6515421173067486,0.289022641071973,,True
stage3_graph_scm_0078_seed42,/home/crc00006699/zh/tabiclv2/results/tabiclv2_prior_data/graph_scm_3stage_512_seed42/stage3_graph_scm_0078_seed42,multiclass,33860,0,8845,23,3,0.9895986433013002,0.9893081902099848,0.9346866481243168,0.9987842535887907,0.027821129579903,105.41902780532835,12.59663724899292,ok,,33860,33860,0,8845,,120,1e-05,True,105.41866397857666,tabpfn_finetune_epoch_chunks_f_mmd,internal validation_split_ratio=0.1 | c_selection=f_mmd | c_source=test | c_metric=standardized_l2 | c_reserve_ratio=0.2908641795,30,4,tabpfn_finetuning_api_f_mmd,acc,0.9899586532782044,0.9908446544595392,,,4,True,False,,f_mmd,test,standardized_l2,0.2908641795,2.165579483493377,0.7910041270498867,,True
stage3_graph_scm_0079_seed42,/home/crc00006699/zh/tabiclv2/results/tabiclv2_prior_data/graph_scm_3stage_512_seed42/stage3_graph_scm_0079_seed42,multiclass,599,0,143,50,7,0.4475524475524475,0.4000666456206812,0.2528061224489796,0.7358886254738286,1.3845894375527723,19.187391757965088,0.4391849040985107,ok,,599,599,0,143,,30,1e-05,True,19.186822414398197,tabpfn_finetune_epoch_chunks_f_mmd,internal validation_split_ratio=0.1 | c_selection=f_mmd | c_source=test | c_metric=standardized_l2 | c_reserve_ratio=0.2908641795,30,1,tabpfn_finetuning_api_f_mmd,acc,0.3559322033898305,0.4745762711864407,,,13,True,False,,f_mmd,test,standardized_l2,0.2908641795,1.9087675612282808,0.7966063438325444,,True
stage3_graph_scm_0080_seed42,/home/crc00006699/zh/tabiclv2/results/tabiclv2_prior_data/graph_scm_3stage_512_seed42/stage3_graph_scm_0080_seed42,binclass,668,0,159,39,2,1.0,1.0,1.0,1.0,0.0086717798207309,7.639540672302246,0.4288697242736816,ok,,668,668,0,159,,30,1e-05,True,7.639182090759277,tabpfn_finetune_epoch_chunks_f_mmd,internal validation_split_ratio=0.1 | c_selection=f_mmd | c_source=test | c_metric=standardized_l2 | c_reserve_ratio=0.2908641795,30,1,tabpfn_finetuning_api_f_mmd,acc,0.9848484848484848,0.9848484848484848,,,0,True,False,,f_mmd,test,standardized_l2,0.2908641795,2.350213188243075,0.7785973352988946,,True
stage3_graph_scm_0081_seed42,/home/crc00006699/zh/tabiclv2/results/tabiclv2_prior_data/graph_scm_3stage_512_seed42/stage3_graph_scm_0081_seed42,multiclass,539,0,140,46,4,0.8,0.7990376722714684,0.76264301852507,0.9506009307393032,0.4927810288992997,8.377610921859741,0.4556012153625488,ok,,539,539,0,140,,30,1e-05,True,8.377196311950684,tabpfn_finetune_epoch_chunks_f_mmd,internal validation_split_ratio=0.1 | c_selection=f_mmd | c_source=test | c_metric=standardized_l2 | c_reserve_ratio=0.2908641795,30,1,tabpfn_finetuning_api_f_mmd,acc,0.7924528301886793,0.7924528301886793,,,0,True,False,,f_mmd,test,standardized_l2,0.2908641795,1.5846738691677345,0.1589519737593181,,True
stage3_graph_scm_0082_seed42,/home/crc00006699/zh/tabiclv2/results/tabiclv2_prior_data/graph_scm_3stage_512_seed42/stage3_graph_scm_0082_seed42,multiclass,2718,0,663,20,3,0.861236802413273,0.8570962154196258,0.7790481650931133,0.9599770558899406,0.3367371096308662,8.577675342559814,0.6804680824279785,ok,,2718,2718,0,663,,30,1e-05,True,8.577327251434326,tabpfn_finetune_epoch_chunks_f_mmd,internal validation_split_ratio=0.1 | c_selection=f_mmd | c_source=test | c_metric=standardized_l2 | c_reserve_ratio=0.2908641795,30,1,tabpfn_finetuning_api_f_mmd,acc,0.8634686346863468,0.8634686346863468,,,0,True,False,,f_mmd,test,standardized_l2,0.2908641795,1.9601718496573224,1.3630080399677238,,True
stage3_graph_scm_0083_seed42,/home/crc00006699/zh/tabiclv2/results/tabiclv2_prior_data/graph_scm_3stage_512_seed42/stage3_graph_scm_0083_seed42,multiclass,3297,0,813,85,3,0.8634686346863468,0.8535196889343774,0.7654777723079688,0.9508004617407688,0.3466110086689921,20.975908517837524,1.8101375102996824,ok,,3297,3297,0,813,,30,1e-05,True,20.975558519363403,tabpfn_finetune_epoch_chunks_f_mmd,internal validation_split_ratio=0.1 | c_selection=f_mmd | c_source=test | c_metric=standardized_l2 | c_reserve_ratio=0.2908641795,30,1,tabpfn_finetuning_api_f_mmd,acc,0.851063829787234,0.8541033434650456,,,3,True,False,,f_mmd,test,standardized_l2,0.2908641795,1.5446350609604829,0.2010366460695065,,True
stage3_graph_scm_0084_seed42,/home/crc00006699/zh/tabiclv2/results/tabiclv2_prior_data/graph_scm_3stage_512_seed42/stage3_graph_scm_0084_seed42,multiclass,1047,0,277,1,5,0.4909747292418772,0.373153921890384,0.2244897959183673,0.7326841294039794,1.0656970682996627,7.201560020446777,0.4158780574798584,ok,,1047,1047,0,277,,30,1e-05,True,7.2012012004852295,tabpfn_finetune_epoch_chunks_f_mmd,internal validation_split_ratio=0.1 | c_selection=f_mmd | c_source=test | c_metric=standardized_l2 | c_reserve_ratio=0.2908641795,30,1,tabpfn_finetuning_api_f_mmd,acc,0.5673076923076923,0.5673076923076923,,,0,True,False,,f_mmd,test,standardized_l2,0.2908641795,1.9423635423071768,4.214684851089404e-08,,True
stage3_graph_scm_0085_seed42,/home/crc00006699/zh/tabiclv2/results/tabiclv2_prior_data/graph_scm_3stage_512_seed42/stage3_graph_scm_0085_seed42,multiclass,2457,0,612,49,3,0.988562091503268,0.9884980544437996,0.9846670535070596,0.9992993927571197,0.0385935070581571,10.924373149871826,1.0313606262207031,ok,,2457,2457,0,612,,30,1e-05,True,10.924028635025024,tabpfn_finetune_epoch_chunks_f_mmd,internal validation_split_ratio=0.1 | c_selection=f_mmd | c_source=test | c_metric=standardized_l2 | c_reserve_ratio=0.2908641795,30,1,tabpfn_finetuning_api_f_mmd,acc,1.0,1.0,,,0,True,False,,f_mmd,test,standardized_l2,0.2908641795,2.030165079502253,0.891474649761163,,True
stage3_graph_scm_0086_seed42,/home/crc00006699/zh/tabiclv2/results/tabiclv2_prior_data/graph_scm_3stage_512_seed42/stage3_graph_scm_0086_seed42,multiclass,1877,0,489,82,3,0.9734151329243352,0.9732260303491882,0.9531769305962854,0.99702524891131,0.083050111754421,10.25289249420166,1.358696699142456,ok,,1877,1877,0,489,,30,1e-05,True,10.252538204193115,tabpfn_finetune_epoch_chunks_f_mmd,internal validation_split_ratio=0.1 | c_selection=f_mmd | c_source=test | c_metric=standardized_l2 | c_reserve_ratio=0.2908641795,30,1,tabpfn_finetuning_api_f_mmd,acc,0.983957219251337,0.983957219251337,,,0,True,False,,f_mmd,test,standardized_l2,0.2908641795,3.2722160734164047,4.627000204493966,,True
stage3_graph_scm_0087_seed42,/home/crc00006699/zh/tabiclv2/results/tabiclv2_prior_data/graph_scm_3stage_512_seed42/stage3_graph_scm_0087_seed42,multiclass,2684,0,667,29,10,0.5112443778110944,0.4144646978045715,0.3138612473282859,0.8122295797844119,1.444344041101344,11.45830488204956,0.798245906829834,ok,,2684,2684,0,667,,30,1e-05,True,11.457950115203856,tabpfn_finetune_epoch_chunks_f_mmd,internal validation_split_ratio=0.1 | c_selection=f_mmd | c_source=test | c_metric=standardized_l2 | c_reserve_ratio=0.2908641795,30,1,tabpfn_finetuning_api_f_mmd,acc,0.5149253731343284,0.5223880597014925,,,2,True,False,,f_mmd,test,standardized_l2,0.2908641795,2.8979842627602728,1.5308503621714455,,True
stage3_graph_scm_0088_seed42,/home/crc00006699/zh/tabiclv2/results/tabiclv2_prior_data/graph_scm_3stage_512_seed42/stage3_graph_scm_0088_seed42,binclass,1080,0,272,46,2,0.8970588235294118,0.8967830882352941,0.891849877859205,0.9784588052409504,0.1944514522189632,22.81638765335083,0.4632730484008789,ok,,1080,1080,0,272,,30,1e-05,True,22.816036701202396,tabpfn_finetune_epoch_chunks_f_mmd,internal validation_split_ratio=0.1 | c_selection=f_mmd | c_source=test | c_metric=standardized_l2 | c_reserve_ratio=0.2908641795,30,1,tabpfn_finetuning_api_f_mmd,acc,0.9074074074074074,0.9351851851851852,,,15,True,False,,f_mmd,test,standardized_l2,0.2908641795,1.8689477620256545,0.4670528206665977,,True
stage3_graph_scm_0089_seed42,/home/crc00006699/zh/tabiclv2/results/tabiclv2_prior_data/graph_scm_3stage_512_seed42/stage3_graph_scm_0089_seed42,multiclass,449,0,113,73,6,0.4690265486725664,0.4602318651897935,0.4638279415503806,0.8217160352958554,1.2670724027911002,21.71291160583496,0.4630613327026367,ok,,449,449,0,113,,30,1e-05,True,21.712565898895264,tabpfn_finetune_epoch_chunks_f_mmd,internal validation_split_ratio=0.1 | c_selection=f_mmd | c_source=test | c_metric=standardized_l2 | c_reserve_ratio=0.2908641795,30,1,tabpfn_finetuning_api_f_mmd,acc,0.4318181818181818,0.6136363636363636,,,13,True,False,,f_mmd,test,standardized_l2,0.2908641795,1.7925340085475954,0.7720227373546446,,True
stage3_graph_scm_0090_seed42,/home/crc00006699/zh/tabiclv2/results/tabiclv2_prior_data/graph_scm_3stage_512_seed42/stage3_graph_scm_0090_seed42,multiclass,14634,0,3706,77,8,0.960604425256341,0.9590527344118578,0.9408332869882234,0.9985972310816492,0.0653998642611992,74.23836660385132,5.915283203125,ok,,14634,14634,0,3706,,60,1e-05,True,74.23797345161438,tabpfn_finetune_epoch_chunks_f_mmd,internal validation_split_ratio=0.1 | c_selection=f_mmd | c_source=test | c_metric=standardized_l2 | c_reserve_ratio=0.2908641795,30,2,tabpfn_finetuning_api_f_mmd,acc,0.9569377990430622,0.9589883800410116,,,4,True,False,,f_mmd,test,standardized_l2,0.2908641795,2.341123248864896,1.38407267681745,,True
stage3_graph_scm_0091_seed42,/home/crc00006699/zh/tabiclv2/results/tabiclv2_prior_data/graph_scm_3stage_512_seed42/stage3_graph_scm_0091_seed42,multiclass,909,0,223,63,7,0.6143497757847534,0.573802919856884,0.4320707333357497,0.882071687951969,0.9402801820948308,8.422414064407349,0.440762996673584,ok,,909,909,0,223,,30,1e-05,True,8.421995401382446,tabpfn_finetune_epoch_chunks_f_mmd,internal validation_split_ratio=0.1 | c_selection=f_mmd | c_source=test | c_metric=standardized_l2 | c_reserve_ratio=0.2908641795,30,1,tabpfn_finetuning_api_f_mmd,acc,0.6888888888888889,0.6888888888888889,,,0,True,False,,f_mmd,test,standardized_l2,0.2908641795,1.8366860138463657,0.3512776123315829,,True
stage3_graph_scm_0092_seed42,/home/crc00006699/zh/tabiclv2/results/tabiclv2_prior_data/graph_scm_3stage_512_seed42/stage3_graph_scm_0092_seed42,multiclass,23068,0,5929,40,6,0.9993253499747006,0.9993255873640016,0.9990890012972335,0.9999993532892054,0.0016227120840079,101.59352993965148,8.030616760253906,ok,,23068,23068,0,5929,,90,1e-05,True,101.59317111968994,tabpfn_finetune_epoch_chunks_f_mmd,internal validation_split_ratio=0.1 | c_selection=f_mmd | c_source=test | c_metric=standardized_l2 | c_reserve_ratio=0.2908641795,30,3,tabpfn_finetuning_api_f_mmd,acc,0.9978317432784042,0.9986990459670424,,,7,True,False,,f_mmd,test,standardized_l2,0.2908641795,2.8706824143550964,10.353478857791163,,True
stage3_graph_scm_0093_seed42,/home/crc00006699/zh/tabiclv2/results/tabiclv2_prior_data/graph_scm_3stage_512_seed42/stage3_graph_scm_0093_seed42,binclass,1233,0,327,20,2,0.6116207951070336,0.6116207951070336,0.612084456424079,0.6421458520515124,0.6702149641059519,19.47851824760437,0.442162275314331,ok,,1233,1233,0,327,,30,1e-05,True,19.478052616119385,tabpfn_finetune_epoch_chunks_f_mmd,internal validation_split_ratio=0.1 | c_selection=f_mmd | c_source=test | c_metric=standardized_l2 | c_reserve_ratio=0.2908641795,30,1,tabpfn_finetuning_api_f_mmd,acc,0.6016260162601627,0.6910569105691057,,,13,True,False,,f_mmd,test,standardized_l2,0.2908641795,1.5730725604211822,0.1717718527021914,,True
stage3_graph_scm_0094_seed42,/home/crc00006699/zh/tabiclv2/results/tabiclv2_prior_data/graph_scm_3stage_512_seed42/stage3_graph_scm_0094_seed42,multiclass,4085,0,975,51,8,0.9907692307692308,0.9907530380091264,0.9887614951066656,0.9999440503049842,0.0238241357024894,18.34498620033264,1.388155221939087,ok,,4085,4085,0,975,,30,1e-05,True,18.3445725440979,tabpfn_finetune_epoch_chunks_f_mmd,internal validation_split_ratio=0.1 | c_selection=f_mmd | c_source=test | c_metric=standardized_l2 | c_reserve_ratio=0.2908641795,30,1,tabpfn_finetuning_api_f_mmd,acc,0.982843137254902,0.9926470588235294,,,4,True,False,,f_mmd,test,standardized_l2,0.2908641795,2.063295143182795,0.8663830923255962,,True
stage3_graph_scm_0095_seed42,/home/crc00006699/zh/tabiclv2/results/tabiclv2_prior_data/graph_scm_3stage_512_seed42/stage3_graph_scm_0095_seed42,multiclass,541,0,141,96,4,0.8865248226950354,0.8864936208093649,0.8398100654177818,0.9836174719803572,0.2854938231851305,8.338517904281616,0.4415225982666015,ok,,541,541,0,141,,30,1e-05,True,8.338170766830444,tabpfn_finetune_epoch_chunks_f_mmd,internal validation_split_ratio=0.1 | c_selection=f_mmd | c_source=test | c_metric=standardized_l2 | c_reserve_ratio=0.2908641795,30,1,tabpfn_finetuning_api_f_mmd,acc,0.8333333333333334,0.8333333333333334,,,0,True,False,,f_mmd,test,standardized_l2,0.2908641795,4.5434807659793,1.081754157448631,,True
stage3_graph_scm_0096_seed42,/home/crc00006699/zh/tabiclv2/results/tabiclv2_prior_data/graph_scm_3stage_512_seed42/stage3_graph_scm_0096_seed42,multiclass,4719,0,1120,80,4,0.9892857142857144,0.9891232446415372,0.944517691944088,0.999546075548837,0.0266435746481342,17.449524641036987,2.1066224575042725,ok,,4719,4719,0,1120,,30,1e-05,True,17.449110984802246,tabpfn_finetune_epoch_chunks_f_mmd,internal validation_split_ratio=0.1 | c_selection=f_mmd | c_source=test | c_metric=standardized_l2 | c_reserve_ratio=0.2908641795,30,1,tabpfn_finetuning_api_f_mmd,acc,0.9936305732484076,0.9936305732484076,,,0,True,False,,f_mmd,test,standardized_l2,0.2908641795,3.432496901407293,3.093643410810786,,True
stage3_graph_scm_0097_seed42,/home/crc00006699/zh/tabiclv2/results/tabiclv2_prior_data/graph_scm_3stage_512_seed42/stage3_graph_scm_0097_seed42,multiclass,24590,0,6009,7,4,1.0,1.0,1.0,1.0,3.949960420978912e-05,46.25475811958313,6.378661394119263,ok,,24590,24590,0,6009,,90,1e-05,True,46.254393339157104,tabpfn_finetune_epoch_chunks_f_mmd,internal validation_split_ratio=0.1 | c_selection=f_mmd | c_source=test | c_metric=standardized_l2 | c_reserve_ratio=0.2908641795,30,3,tabpfn_finetuning_api_f_mmd,acc,0.9991866612444082,1.0,,,2,True,False,,f_mmd,test,standardized_l2,0.2908641795,1.9813200907686248,0.3851793820442799,,True
stage3_graph_scm_0098_seed42,/home/crc00006699/zh/tabiclv2/results/tabiclv2_prior_data/graph_scm_3stage_512_seed42/stage3_graph_scm_0098_seed42,multiclass,45963,0,11931,14,7,0.4956835135361663,0.368746516409038,0.171606008794309,0.642358284523766,1.4646912051348897,93.70593976974487,20.157202005386356,ok,,45963,45963,0,11931,,150,1e-05,True,93.70550179481506,tabpfn_finetune_epoch_chunks_f_mmd,internal validation_split_ratio=0.1 | c_selection=f_mmd | c_source=test | c_metric=standardized_l2 | c_reserve_ratio=0.2908641795,30,5,tabpfn_finetuning_api_f_mmd,acc,0.5058746736292428,0.5058746736292428,,,0,True,False,,f_mmd,test,standardized_l2,0.2908641795,1.7738934354799942,0.5008137158610049,,True
stage3_graph_scm_0099_seed42,/home/crc00006699/zh/tabiclv2/results/tabiclv2_prior_data/graph_scm_3stage_512_seed42/stage3_graph_scm_0099_seed42,multiclass,7469,0,1863,12,7,0.406333870101986,0.3467572109957102,0.3060348671611418,0.7325803572033268,1.5894680779058807,19.76992702484131,1.3072211742401123,ok,,7469,7469,0,1863,,30,1e-05,True,19.76942086219788,tabpfn_finetune_epoch_chunks_f_mmd,internal validation_split_ratio=0.1 | c_selection=f_mmd | c_source=test | c_metric=standardized_l2 | c_reserve_ratio=0.2908641795,30,1,tabpfn_finetuning_api_f_mmd,acc,0.4075067024128686,0.4115281501340482,,,5,True,False,,f_mmd,test,standardized_l2,0.2908641795,1.8298068848955655,0.4239805097168165,,True
stage3_graph_scm_0100_seed42,/home/crc00006699/zh/tabiclv2/results/tabiclv2_prior_data/graph_scm_3stage_512_seed42/stage3_graph_scm_0100_seed42,multiclass,3080,0,740,26,9,0.9864864864864864,0.9865245884982726,0.9842203548085902,0.9996082816264162,0.0400371464840794,9.641433715820312,0.8072507381439209,ok,,3080,3080,0,740,,30,1e-05,True,9.641069412231444,tabpfn_finetune_epoch_chunks_f_mmd,internal validation_split_ratio=0.1 | c_selection=f_mmd | c_source=test | c_metric=standardized_l2 | c_reserve_ratio=0.2908641795,30,1,tabpfn_finetuning_api_f_mmd,acc,0.9902597402597404,0.9902597402597404,,,0,True,False,,f_mmd,test,standardized_l2,0.2908641795,2.153771897573794,0.6911748725384393,,True
stage3_graph_scm_0101_seed42,/home/crc00006699/zh/tabiclv2/results/tabiclv2_prior_data/graph_scm_3stage_512_seed42/stage3_graph_scm_0101_seed42,multiclass,9062,0,2196,8,6,1.0,1.0,1.0,1.0,6.49524713544552e-05,14.158260345458984,1.4928691387176514,ok,,9062,9062,0,2196,,30,1e-05,True,14.157832622528076,tabpfn_finetune_epoch_chunks_f_mmd,internal validation_split_ratio=0.1 | c_selection=f_mmd | c_source=test | c_metric=standardized_l2 | c_reserve_ratio=0.2908641795,30,1,tabpfn_finetuning_api_f_mmd,acc,1.0,1.0,,,0,True,False,,f_mmd,test,standardized_l2,0.2908641795,2.132281065140621,0.8581357969670063,,True
stage3_graph_scm_0102_seed42,/home/crc00006699/zh/tabiclv2/results/tabiclv2_prior_data/graph_scm_3stage_512_seed42/stage3_graph_scm_0102_seed42,multiclass,42743,0,11350,16,10,0.5774449339207048,0.5545048152950671,0.5172604780570063,0.9086808627857056,1.1097569834122754,87.98587656021118,17.82775568962097,ok,,42743,42743,0,11350,,150,1e-05,True,87.98544144630432,tabpfn_finetune_epoch_chunks_f_mmd,internal validation_split_ratio=0.1 | c_selection=f_mmd | c_source=test | c_metric=standardized_l2 | c_reserve_ratio=0.2908641795,30,5,tabpfn_finetuning_api_f_mmd,acc,0.5758072063640618,0.5758072063640618,,,0,True,False,,f_mmd,test,standardized_l2,0.2908641795,2.595715268267393,3.29660567168217,,True
stage3_graph_scm_0103_seed42,/home/crc00006699/zh/tabiclv2/results/tabiclv2_prior_data/graph_scm_3stage_512_seed42/stage3_graph_scm_0103_seed42,multiclass,981,0,262,78,5,0.9923664122137404,0.9923664122137404,0.983244680851064,0.9993645532880364,0.0298402921695126,8.856194972991943,0.4441614151000976,ok,,981,981,0,262,,30,1e-05,True,8.855639934539795,tabpfn_finetune_epoch_chunks_f_mmd,internal validation_split_ratio=0.1 | c_selection=f_mmd | c_source=test | c_metric=standardized_l2 | c_reserve_ratio=0.2908641795,30,1,tabpfn_finetuning_api_f_mmd,acc,0.979591836734694,0.979591836734694,,,0,True,False,,f_mmd,test,standardized_l2,0.2908641795,1.7482246822588023,0.7326393097100321,,True
stage3_graph_scm_0104_seed42,/home/crc00006699/zh/tabiclv2/results/tabiclv2_prior_data/graph_scm_3stage_512_seed42/stage3_graph_scm_0104_seed42,multiclass,18898,0,4995,38,6,0.4244244244244244,0.3385457140590782,0.3351998094093248,0.7107960918276208,1.4073138537962826,54.00445318222046,5.963536500930786,ok,,18898,18898,0,4995,,60,1e-05,True,54.00409913063049,tabpfn_finetune_epoch_chunks_f_mmd,internal validation_split_ratio=0.1 | c_selection=f_mmd | c_source=test | c_metric=standardized_l2 | c_reserve_ratio=0.2908641795,30,2,tabpfn_finetuning_api_f_mmd,acc,0.4245632609846479,0.4287983059820011,,,2,True,False,,f_mmd,test,standardized_l2,0.2908641795,1.8634746378644245,0.7156831875567634,,True
stage3_graph_scm_0105_seed42,/home/crc00006699/zh/tabiclv2/results/tabiclv2_prior_data/graph_scm_3stage_512_seed42/stage3_graph_scm_0105_seed42,multiclass,38964,0,9359,28,10,0.5594614809274495,0.5579889761769011,0.5512373677362391,0.920674159047621,1.1791442430609254,217.82380175590515,16.31048011779785,ok,,38964,38964,0,9359,,120,1e-05,True,217.82339930534363,tabpfn_finetune_epoch_chunks_f_mmd,internal validation_split_ratio=0.1 | c_selection=f_mmd | c_source=test | c_metric=standardized_l2 | c_reserve_ratio=0.2908641795,30,4,tabpfn_finetuning_api_f_mmd,acc,0.5423511293634496,0.5628850102669405,,,13,True,False,,f_mmd,test,standardized_l2,0.2908641795,1.5727984651025548,0.1703730267658098,,True
stage3_graph_scm_0106_seed42,/home/crc00006699/zh/tabiclv2/results/tabiclv2_prior_data/graph_scm_3stage_512_seed42/stage3_graph_scm_0106_seed42,multiclass,1013,0,243,41,7,0.6337448559670782,0.6415334892365353,0.6341204099894896,0.9114514966047416,0.8801240966200803,12.523675680160522,0.4648406505584717,ok,,1013,1013,0,243,,30,1e-05,True,12.52323079109192,tabpfn_finetune_epoch_chunks_f_mmd,internal validation_split_ratio=0.1 | c_selection=f_mmd | c_source=test | c_metric=standardized_l2 | c_reserve_ratio=0.2908641795,30,1,tabpfn_finetuning_api_f_mmd,acc,0.6039603960396039,0.6237623762376238,,,5,True,False,,f_mmd,test,standardized_l2,0.2908641795,1.7720330325963314,0.3245634470433071,,True
stage3_graph_scm_0107_seed42,/home/crc00006699/zh/tabiclv2/results/tabiclv2_prior_data/graph_scm_3stage_512_seed42/stage3_graph_scm_0107_seed42,multiclass,4698,0,1249,95,5,0.8182546036829463,0.7979965337791817,0.7255184282341803,0.9441726760333824,0.4872155266308821,26.8942449092865,2.393981456756592,ok,,4698,4698,0,1249,,30,1e-05,True,26.893888235092163,tabpfn_finetune_epoch_chunks_f_mmd,internal validation_split_ratio=0.1 | c_selection=f_mmd | c_source=test | c_metric=standardized_l2 | c_reserve_ratio=0.2908641795,30,1,tabpfn_finetuning_api_f_mmd,acc,0.8251599147121536,0.8315565031982942,,,3,True,False,,f_mmd,test,standardized_l2,0.2908641795,1.4632643165107704,0.1419511664778657,,True
stage3_graph_scm_0108_seed42,/home/crc00006699/zh/tabiclv2/results/tabiclv2_prior_data/graph_scm_3stage_512_seed42/stage3_graph_scm_0108_seed42,multiclass,613,0,151,52,3,0.8741721854304636,0.8740493578077668,0.8620980610750433,0.966688080993625,0.3261314388870415,8.06642746925354,0.463390588760376,ok,,613,613,0,151,,30,1e-05,True,8.066064357757568,tabpfn_finetune_epoch_chunks_f_mmd,internal validation_split_ratio=0.1 | c_selection=f_mmd | c_source=test | c_metric=standardized_l2 | c_reserve_ratio=0.2908641795,30,1,tabpfn_finetuning_api_f_mmd,acc,0.819672131147541,0.819672131147541,,,0,True,False,,f_mmd,test,standardized_l2,0.2908641795,1.7086634182872176,0.4880593542799576,,True
stage3_graph_scm_0109_seed42,/home/crc00006699/zh/tabiclv2/results/tabiclv2_prior_data/graph_scm_3stage_512_seed42/stage3_graph_scm_0109_seed42,multiclass,22237,0,5825,49,9,0.9977682403433475,0.9977688677146476,0.9972980717497008,0.9999968641531802,0.0069978609673953,58.20485591888428,8.032087087631226,ok,,22237,22237,0,5825,,90,1e-05,True,58.20449757575989,tabpfn_finetune_epoch_chunks_f_mmd,internal validation_split_ratio=0.1 | c_selection=f_mmd | c_source=test | c_metric=standardized_l2 | c_reserve_ratio=0.2908641795,30,3,tabpfn_finetuning_api_f_mmd,acc,0.99685110211426,0.99685110211426,,,0,True,False,,f_mmd,test,standardized_l2,0.2908641795,1.742045467374934,4.964807534249867,,True
stage3_graph_scm_0110_seed42,/home/crc00006699/zh/tabiclv2/results/tabiclv2_prior_data/graph_scm_3stage_512_seed42/stage3_graph_scm_0110_seed42,multiclass,22714,0,5642,33,6,1.0,1.0,1.0,1.0,6.495256817591423e-05,51.509257793426514,7.401718378067017,ok,,22714,22714,0,5642,,90,1e-05,True,51.50889158248901,tabpfn_finetune_epoch_chunks_f_mmd,internal validation_split_ratio=0.1 | c_selection=f_mmd | c_source=test | c_metric=standardized_l2 | c_reserve_ratio=0.2908641795,30,3,tabpfn_finetuning_api_f_mmd,acc,1.0,1.0,,,0,True,False,,f_mmd,test,standardized_l2,0.2908641795,2.748652009438357,2.456998501190805,,True
stage3_graph_scm_0111_seed42,/home/crc00006699/zh/tabiclv2/results/tabiclv2_prior_data/graph_scm_3stage_512_seed42/stage3_graph_scm_0111_seed42,multiclass,4203,0,1083,18,3,0.9307479224376732,0.931245313635026,0.9338515122387496,0.9901893093935018,0.1489428350841017,17.154935598373413,0.8519556522369385,ok,,4203,4203,0,1083,,30,1e-05,True,17.154508590698242,tabpfn_finetune_epoch_chunks_f_mmd,internal validation_split_ratio=0.1 | c_selection=f_mmd | c_source=test | c_metric=standardized_l2 | c_reserve_ratio=0.2908641795,30,1,tabpfn_finetuning_api_f_mmd,acc,0.95,0.9547619047619048,,,7,True,False,,f_mmd,test,standardized_l2,0.2908641795,1.792310590049612,0.8827815418953816,,True
stage3_graph_scm_0112_seed42,/home/crc00006699/zh/tabiclv2/results/tabiclv2_prior_data/graph_scm_3stage_512_seed42/stage3_graph_scm_0112_seed42,binclass,7798,0,2059,79,2,0.993200582807188,0.993200582807188,0.9837848480075602,0.999660238957766,0.0148415507970491,26.1353542804718,3.043596029281616,ok,,7798,7798,0,2059,,30,1e-05,True,26.13496446609497,tabpfn_finetune_epoch_chunks_f_mmd,internal validation_split_ratio=0.1 | c_selection=f_mmd | c_source=test | c_metric=standardized_l2 | c_reserve_ratio=0.2908641795,30,1,tabpfn_finetuning_api_f_mmd,acc,0.993581514762516,0.993581514762516,,,0,True,False,,f_mmd,test,standardized_l2,0.2908641795,1.5500865805188244,0.1686297153610672,,True
stage3_graph_scm_0113_seed42,/home/crc00006699/zh/tabiclv2/results/tabiclv2_prior_data/graph_scm_3stage_512_seed42/stage3_graph_scm_0113_seed42,binclass,29217,0,6885,31,2,1.0,1.0,1.0,1.0,2.090993117346703e-05,64.59470105171204,10.548770189285278,ok,,29217,29217,0,6885,,90,1e-05,True,64.59433627128601,tabpfn_finetune_epoch_chunks_f_mmd,internal validation_split_ratio=0.1 | c_selection=f_mmd | c_source=test | c_metric=standardized_l2 | c_reserve_ratio=0.2908641795,30,3,tabpfn_finetuning_api_f_mmd,acc,1.0,1.0,,,0,True,False,,f_mmd,test,standardized_l2,0.2908641795,2.2943243144325574,3.2842602359110877,,True
stage3_graph_scm_0114_seed42,/home/crc00006699/zh/tabiclv2/results/tabiclv2_prior_data/graph_scm_3stage_512_seed42/stage3_graph_scm_0114_seed42,multiclass,9633,0,2463,8,10,0.2720259845716605,0.2169012590500256,0.1642039317343441,0.654875665324097,2.004137663897748,37.886202573776245,1.6501615047454834,ok,,9633,9633,0,2463,,30,1e-05,True,37.8857626914978,tabpfn_finetune_epoch_chunks_f_mmd,internal validation_split_ratio=0.1 | c_selection=f_mmd | c_source=test | c_metric=standardized_l2 | c_reserve_ratio=0.2908641795,30,1,tabpfn_finetuning_api_f_mmd,acc,0.2772585669781931,0.2866043613707165,,,13,True,False,,f_mmd,test,standardized_l2,0.2908641795,2.4185223926733963,0.9412912369251972,,True
stage3_graph_scm_0115_seed42,/home/crc00006699/zh/tabiclv2/results/tabiclv2_prior_data/graph_scm_3stage_512_seed42/stage3_graph_scm_0115_seed42,multiclass,39447,0,10444,28,10,0.1432401378782075,0.0904684308925337,0.1133513630815846,0.5497296712007801,2.277251365020866,108.4917254447937,16.898866176605225,ok,,39447,39447,0,10444,,120,1e-05,True,108.49136281013487,tabpfn_finetune_epoch_chunks_f_mmd,internal validation_split_ratio=0.1 | c_selection=f_mmd | c_source=test | c_metric=standardized_l2 | c_reserve_ratio=0.2908641795,30,4,tabpfn_finetuning_api_f_mmd,acc,0.1356490872210953,0.1366632860040568,,,2,True,False,,f_mmd,test,standardized_l2,0.2908641795,1.807142636677328,0.3522509913460133,,True
stage3_graph_scm_0116_seed42,/home/crc00006699/zh/tabiclv2/results/tabiclv2_prior_data/graph_scm_3stage_512_seed42/stage3_graph_scm_0116_seed42,multiclass,11641,0,2870,4,5,0.9947735191637632,0.9947733401821188,0.9947021350719154,0.9999960124656456,0.0066089160387393,17.93643617630005,2.0363051891326904,ok,,11641,11641,0,2870,,60,1e-05,True,17.936036348342896,tabpfn_finetune_epoch_chunks_f_mmd,internal validation_split_ratio=0.1 | c_selection=f_mmd | c_source=test | c_metric=standardized_l2 | c_reserve_ratio=0.2908641795,30,2,tabpfn_finetuning_api_f_mmd,acc,0.995704467353952,0.995704467353952,,,0,True,False,,f_mmd,test,standardized_l2,0.2908641795,2.8040019516733885,2.013102705770435,,True
stage3_graph_scm_0117_seed42,/home/crc00006699/zh/tabiclv2/results/tabiclv2_prior_data/graph_scm_3stage_512_seed42/stage3_graph_scm_0117_seed42,multiclass,1384,0,333,86,3,0.984984984984985,0.9851111615817498,0.9677467411545624,0.998952816271252,0.0401707761196839,15.85820460319519,0.5178101062774658,ok,,1384,1384,0,333,,30,1e-05,True,15.85785436630249,tabpfn_finetune_epoch_chunks_f_mmd,internal validation_split_ratio=0.1 | c_selection=f_mmd | c_source=test | c_metric=standardized_l2 | c_reserve_ratio=0.2908641795,30,1,tabpfn_finetuning_api_f_mmd,acc,0.9710144927536232,0.9927536231884058,,,6,True,False,,f_mmd,test,standardized_l2,0.2908641795,2.13070959016878,0.798793620437884,,True
stage3_graph_scm_0118_seed42,/home/crc00006699/zh/tabiclv2/results/tabiclv2_prior_data/graph_scm_3stage_512_seed42/stage3_graph_scm_0118_seed42,multiclass,13839,0,3261,69,6,1.0,1.0,1.0,1.0,6.49670430215133e-05,42.48069334030152,5.08287525177002,ok,,13839,13839,0,3261,,60,1e-05,True,42.48033142089844,tabpfn_finetune_epoch_chunks_f_mmd,internal validation_split_ratio=0.1 | c_selection=f_mmd | c_source=test | c_metric=standardized_l2 | c_reserve_ratio=0.2908641795,30,2,tabpfn_finetuning_api_f_mmd,acc,1.0,1.0,,,0,True,False,,f_mmd,test,standardized_l2,0.2908641795,2.055459987761896,1.1473583963692908,,True
stage3_graph_scm_0119_seed42,/home/crc00006699/zh/tabiclv2/results/tabiclv2_prior_data/graph_scm_3stage_512_seed42/stage3_graph_scm_0119_seed42,multiclass,3554,0,944,89,6,0.7266949152542372,0.7257977697303409,0.7186414250169815,0.9464101275758736,0.731292510361351,55.64907550811768,1.936357021331787,ok,,3554,3554,0,944,,30,1e-05,True,55.64870071411133,tabpfn_finetune_epoch_chunks_f_mmd,internal validation_split_ratio=0.1 | c_selection=f_mmd | c_source=test | c_metric=standardized_l2 | c_reserve_ratio=0.2908641795,30,1,tabpfn_finetuning_api_f_mmd,acc,0.6563380281690141,0.7408450704225352,,,26,False,False,,f_mmd,test,standardized_l2,0.2908641795,2.6462277366175884,2.1180219525689608,,True
stage3_graph_scm_0120_seed42,/home/crc00006699/zh/tabiclv2/results/tabiclv2_prior_data/graph_scm_3stage_512_seed42/stage3_graph_scm_0120_seed42,multiclass,7241,0,1902,41,9,0.4174553101997897,0.3653523696669623,0.3744163595209184,0.8059647959190805,1.4190182761347725,60.204516649246216,2.0175321102142334,ok,,7241,7241,0,1902,,30,1e-05,True,60.20415902137756,tabpfn_finetune_epoch_chunks_f_mmd,internal validation_split_ratio=0.1 | c_selection=f_mmd | c_source=test | c_metric=standardized_l2 | c_reserve_ratio=0.2908641795,30,1,tabpfn_finetuning_api_f_mmd,acc,0.3950276243093922,0.4337016574585635,,,21,True,False,,f_mmd,test,standardized_l2,0.2908641795,1.908927619481968,1.0858228961804175,,True
stage3_graph_scm_0121_seed42,/home/crc00006699/zh/tabiclv2/results/tabiclv2_prior_data/graph_scm_3stage_512_seed42/stage3_graph_scm_0121_seed42,binclass,372,0,90,38,2,1.0,1.0,1.0,1.0,1.4459536907162117e-05,8.30014681816101,0.4538397789001465,ok,,372,372,0,90,,30,1e-05,True,8.299705266952515,tabpfn_finetune_epoch_chunks_f_mmd,internal validation_split_ratio=0.1 | c_selection=f_mmd | c_source=test | c_metric=standardized_l2 | c_reserve_ratio=0.2908641795,30,1,tabpfn_finetuning_api_f_mmd,acc,1.0,1.0,,,0,True,False,,f_mmd,test,standardized_l2,0.2908641795,1.7835689211622947,0.8776638448381164,,True
stage3_graph_scm_0122_seed42,/home/crc00006699/zh/tabiclv2/results/tabiclv2_prior_data/graph_scm_3stage_512_seed42/stage3_graph_scm_0122_seed42,multiclass,4145,0,1029,61,9,0.706511175898931,0.6678860177072562,0.5217838161723611,0.933389900900138,0.7937386729669045,15.45972776412964,1.675303936004639,ok,,4145,4145,0,1029,,30,1e-05,True,15.459376335144045,tabpfn_finetune_epoch_chunks_f_mmd,internal validation_split_ratio=0.1 | c_selection=f_mmd | c_source=test | c_metric=standardized_l2 | c_reserve_ratio=0.2908641795,30,1,tabpfn_finetuning_api_f_mmd,acc,0.7125603864734299,0.7125603864734299,,,0,True,False,,f_mmd,test,standardized_l2,0.2908641795,1.4648973415586444,0.084290136947878,,True
stage3_graph_scm_0123_seed42,/home/crc00006699/zh/tabiclv2/results/tabiclv2_prior_data/graph_scm_3stage_512_seed42/stage3_graph_scm_0123_seed42,multiclass,35120,0,8289,16,9,0.5012667390517553,0.4804287253044637,0.4742576017703339,0.8602618013109027,1.4201265612265683,160.11791801452637,12.538143634796144,ok,,35120,35120,0,8289,,120,1e-05,True,160.11747908592224,tabpfn_finetune_epoch_chunks_f_mmd,internal validation_split_ratio=0.1 | c_selection=f_mmd | c_source=test | c_metric=standardized_l2 | c_reserve_ratio=0.2908641795,30,4,tabpfn_finetuning_api_f_mmd,acc,0.5039863325740319,0.5099658314350797,,,11,True,False,,f_mmd,test,standardized_l2,0.2908641795,1.5299433826541755,0.1315665184575658,,True
stage3_graph_scm_0124_seed42,/home/crc00006699/zh/tabiclv2/results/tabiclv2_prior_data/graph_scm_3stage_512_seed42/stage3_graph_scm_0124_seed42,multiclass,29338,0,7407,4,3,0.6412852706898879,0.598725648510702,0.4729763404363645,0.740844996628132,0.8069423709443739,94.33154606819151,8.454164743423462,ok,,29338,29338,0,7407,,90,1e-05,True,94.33117365837096,tabpfn_finetune_epoch_chunks_f_mmd,internal validation_split_ratio=0.1 | c_selection=f_mmd | c_source=test | c_metric=standardized_l2 | c_reserve_ratio=0.2908641795,30,3,tabpfn_finetuning_api_f_mmd,acc,0.6232526423457211,0.6266621206955336,,,9,True,False,,f_mmd,test,standardized_l2,0.2908641795,2.4148141362627427,0.8152040947466687,,True
stage3_graph_scm_0125_seed42,/home/crc00006699/zh/tabiclv2/results/tabiclv2_prior_data/graph_scm_3stage_512_seed42/stage3_graph_scm_0125_seed42,multiclass,2311,0,578,56,8,0.9896193771626296,0.989732436637272,0.9896291009136212,0.9999019648044096,0.0318888952802207,11.858691453933716,1.148582935333252,ok,,2311,2311,0,578,,30,1e-05,True,11.858139753341677,tabpfn_finetune_epoch_chunks_f_mmd,internal validation_split_ratio=0.1 | c_selection=f_mmd | c_source=test | c_metric=standardized_l2 | c_reserve_ratio=0.2908641795,30,1,tabpfn_finetuning_api_f_mmd,acc,0.9956709956709956,0.9956709956709956,,,0,True,False,,f_mmd,test,standardized_l2,0.2908641795,1.9988880340684416,1.0707911818171891,,True
stage3_graph_scm_0126_seed42,/home/crc00006699/zh/tabiclv2/results/tabiclv2_prior_data/graph_scm_3stage_512_seed42/stage3_graph_scm_0126_seed42,multiclass,422,0,106,61,7,1.0,1.0,1.0,1.0,0.0003042404212607,17.05976629257202,0.4735081195831299,ok,,422,422,0,106,,30,1e-05,True,17.059406280517578,tabpfn_finetune_epoch_chunks_f_mmd,internal validation_split_ratio=0.1 | c_selection=f_mmd | c_source=test | c_metric=standardized_l2 | c_reserve_ratio=0.2908641795,30,1,tabpfn_finetuning_api_f_mmd,acc,0.9285714285714286,0.9523809523809524,,,8,True,False,,f_mmd,test,standardized_l2,0.2908641795,1.9144844675803625,1.1969689482453774,,True
stage3_graph_scm_0127_seed42,/home/crc00006699/zh/tabiclv2/results/tabiclv2_prior_data/graph_scm_3stage_512_seed42/stage3_graph_scm_0127_seed42,multiclass,33612,0,8047,10,7,0.6489374922331304,0.631557774860659,0.4726566720105311,0.8943110023971163,0.9094581351153456,113.41445541381836,11.11325192451477,ok,,33612,33612,0,8047,,120,1e-05,True,113.41409516334534,tabpfn_finetune_epoch_chunks_f_mmd,internal validation_split_ratio=0.1 | c_selection=f_mmd | c_source=test | c_metric=standardized_l2 | c_reserve_ratio=0.2908641795,30,4,tabpfn_finetuning_api_f_mmd,acc,0.6280868789050877,0.6322523058613508,,,7,True,False,,f_mmd,test,standardized_l2,0.2908641795,1.50764174669273,0.1768664409696511,,True
stage3_graph_scm_0128_seed42,/home/crc00006699/zh/tabiclv2/results/tabiclv2_prior_data/graph_scm_3stage_512_seed42/stage3_graph_scm_0128_seed42,multiclass,6750,0,1779,85,10,0.5165823496346262,0.507525384937611,0.4553925770223038,0.8857103433886948,1.3520286676188555,35.41210651397705,2.9627397060394287,ok,,6750,6750,0,1779,,30,1e-05,True,35.4117386341095,tabpfn_finetune_epoch_chunks_f_mmd,internal validation_split_ratio=0.1 | c_selection=f_mmd | c_source=test | c_metric=standardized_l2 | c_reserve_ratio=0.2908641795,30,1,tabpfn_finetuning_api_f_mmd,acc,0.4933333333333333,0.5081481481481481,,,4,True,False,,f_mmd,test,standardized_l2,0.2908641795,1.8981130042932788,0.7188784724310009,,True
stage3_graph_scm_0129_seed42,/home/crc00006699/zh/tabiclv2/results/tabiclv2_prior_data/graph_scm_3stage_512_seed42/stage3_graph_scm_0129_seed42,multiclass,31864,0,8399,6,10,0.4786284081438266,0.4721141773297898,0.4049302356332503,0.823541916865107,1.4473106365069377,54.10910844802856,10.00444269180298,ok,,31864,31864,0,8399,,120,1e-05,True,54.10872077941895,tabpfn_finetune_epoch_chunks_f_mmd,internal validation_split_ratio=0.1 | c_selection=f_mmd | c_source=test | c_metric=standardized_l2 | c_reserve_ratio=0.2908641795,30,4,tabpfn_finetuning_api_f_mmd,acc,0.4978028876333961,0.4978028876333961,,,0,True,False,,f_mmd,test,standardized_l2,0.2908641795,2.526830117236833,1.3700534640061433,,True
stage3_graph_scm_0130_seed42,/home/crc00006699/zh/tabiclv2/results/tabiclv2_prior_data/graph_scm_3stage_512_seed42/stage3_graph_scm_0130_seed42,binclass,805,0,212,18,2,1.0,1.0,1.0,1.0,0.0080236737720384,10.790385484695436,0.424823522567749,ok,,805,805,0,212,,30,1e-05,True,10.789947748184204,tabpfn_finetune_epoch_chunks_f_mmd,internal validation_split_ratio=0.1 | c_selection=f_mmd | c_source=test | c_metric=standardized_l2 | c_reserve_ratio=0.2908641795,30,1,tabpfn_finetuning_api_f_mmd,acc,0.9875,1.0,,,3,True,False,,f_mmd,test,standardized_l2,0.2908641795,2.487932346540118,1.2790484336539265,,True
stage3_graph_scm_0131_seed42,/home/crc00006699/zh/tabiclv2/results/tabiclv2_prior_data/graph_scm_3stage_512_seed42/stage3_graph_scm_0131_seed42,multiclass,1254,0,310,7,3,0.6193548387096774,0.595328840098263,0.5435366087898786,0.7659686762400836,0.8543819378105784,10.824426889419556,0.4200549125671386,ok,,1254,1254,0,310,,30,1e-05,True,10.824076414108276,tabpfn_finetune_epoch_chunks_f_mmd,internal validation_split_ratio=0.1 | c_selection=f_mmd | c_source=test | c_metric=standardized_l2 | c_reserve_ratio=0.2908641795,30,1,tabpfn_finetuning_api_f_mmd,acc,0.56,0.576,,,4,True,False,,f_mmd,test,standardized_l2,0.2908641795,2.4693197468343,2.432646957255903,,True
stage3_graph_scm_0132_seed42,/home/crc00006699/zh/tabiclv2/results/tabiclv2_prior_data/graph_scm_3stage_512_seed42/stage3_graph_scm_0132_seed42,multiclass,8787,0,2283,31,7,0.5111695137976346,0.4065633962767706,0.1831188139487625,0.7257918334173118,1.33337367953258,66.8647792339325,2.0987794399261475,ok,,8787,8787,0,2283,,30,1e-05,True,66.86442303657532,tabpfn_finetune_epoch_chunks_f_mmd,internal validation_split_ratio=0.1 | c_selection=f_mmd | c_source=test | c_metric=standardized_l2 | c_reserve_ratio=0.2908641795,30,1,tabpfn_finetuning_api_f_mmd,acc,0.5261958997722096,0.5432801822323462,,,23,False,False,,f_mmd,test,standardized_l2,0.2908641795,1.8210346322107696,1.362269843362124,,True
stage3_graph_scm_0133_seed42,/home/crc00006699/zh/tabiclv2/results/tabiclv2_prior_data/graph_scm_3stage_512_seed42/stage3_graph_scm_0133_seed42,multiclass,599,0,151,37,5,0.6622516556291391,0.6629696523736259,0.5611607142857142,0.8833341851760211,0.8039960460988403,13.024407625198364,0.4667766094207763,ok,,599,599,0,151,,30,1e-05,True,13.02401852607727,tabpfn_finetune_epoch_chunks_f_mmd,internal validation_split_ratio=0.1 | c_selection=f_mmd | c_source=test | c_metric=standardized_l2 | c_reserve_ratio=0.2908641795,30,1,tabpfn_finetuning_api_f_mmd,acc,0.6610169491525424,0.7627118644067796,,,5,True,False,,f_mmd,test,standardized_l2,0.2908641795,2.162550827808987,1.313038501918762,,True
stage3_graph_scm_0134_seed42,/home/crc00006699/zh/tabiclv2/results/tabiclv2_prior_data/graph_scm_3stage_512_seed42/stage3_graph_scm_0134_seed42,multiclass,21636,0,5649,20,3,0.734820322180917,0.7268226777624794,0.70218255402605,0.8515988791819508,0.6340671520683967,85.49414777755737,6.154715061187744,ok,,21636,21636,0,5649,,90,1e-05,True,85.4937813282013,tabpfn_finetune_epoch_chunks_f_mmd,internal validation_split_ratio=0.1 | c_selection=f_mmd | c_source=test | c_metric=standardized_l2 | c_reserve_ratio=0.2908641795,30,3,tabpfn_finetuning_api_f_mmd,acc,0.7415626444752659,0.7461858529819695,,,9,True,False,,f_mmd,test,standardized_l2,0.2908641795,2.1792288916189118,1.3073051869466874,,True
stage3_graph_scm_0135_seed42,/home/crc00006699/zh/tabiclv2/results/tabiclv2_prior_data/graph_scm_3stage_512_seed42/stage3_graph_scm_0135_seed42,multiclass,6874,0,1650,66,8,0.9557575757575758,0.9557975319681692,0.9524212204075346,0.9982348390520523,0.1346298110092099,77.40427708625793,2.4926674365997314,ok,,6874,6874,0,1650,,30,1e-05,True,77.40380835533142,tabpfn_finetune_epoch_chunks_f_mmd,internal validation_split_ratio=0.1 | c_selection=f_mmd | c_source=test | c_metric=standardized_l2 | c_reserve_ratio=0.2908641795,30,1,tabpfn_finetuning_api_f_mmd,acc,0.9417758369723436,0.9636098981077148,,,27,False,False,,f_mmd,test,standardized_l2,0.2908641795,3.281138850404229,12.064992114961049,,True
stage3_graph_scm_0136_seed42,/home/crc00006699/zh/tabiclv2/results/tabiclv2_prior_data/graph_scm_3stage_512_seed42/stage3_graph_scm_0136_seed42,multiclass,3740,0,880,56,5,0.4159090909090909,0.275369642174891,0.2289618841205765,0.579552278280665,1.4286439677409806,29.457035541534424,1.4407033920288086,ok,,3740,3740,0,880,,30,1e-05,True,29.456672191619877,tabpfn_finetune_epoch_chunks_f_mmd,internal validation_split_ratio=0.1 | c_selection=f_mmd | c_source=test | c_metric=standardized_l2 | c_reserve_ratio=0.2908641795,30,1,tabpfn_finetuning_api_f_mmd,acc,0.4197860962566845,0.427807486631016,,,11,True,False,,f_mmd,test,standardized_l2,0.2908641795,2.069108948966467,0.7322527596775498,,True
stage3_graph_scm_0137_seed42,/home/crc00006699/zh/tabiclv2/results/tabiclv2_prior_data/graph_scm_3stage_512_seed42/stage3_graph_scm_0137_seed42,multiclass,6014,0,1563,43,7,0.8880358285348688,0.8880819481676726,0.8762756075195514,0.9897560635623048,0.3339648324759614,14.902669429779053,1.7365200519561768,ok,,6014,6014,0,1563,,30,1e-05,True,14.902301788330078,tabpfn_finetune_epoch_chunks_f_mmd,internal validation_split_ratio=0.1 | c_selection=f_mmd | c_source=test | c_metric=standardized_l2 | c_reserve_ratio=0.2908641795,30,1,tabpfn_finetuning_api_f_mmd,acc,0.8602329450915142,0.8602329450915142,,,0,True,False,,f_mmd,test,standardized_l2,0.2908641795,2.1946789990084765,1.1148723965541611,,True
stage3_graph_scm_0138_seed42,/home/crc00006699/zh/tabiclv2/results/tabiclv2_prior_data/graph_scm_3stage_512_seed42/stage3_graph_scm_0138_seed42,multiclass,31206,0,7735,36,3,0.9822882999353588,0.9821894431653282,0.9724836418841404,0.99897639640253,0.0454239090481521,122.70544457435608,12.06248927116394,ok,,31206,31206,0,7735,,120,1e-05,True,122.70508408546448,tabpfn_finetune_epoch_chunks_f_mmd,internal validation_split_ratio=0.1 | c_selection=f_mmd | c_source=test | c_metric=standardized_l2 | c_reserve_ratio=0.2908641795,30,4,tabpfn_finetuning_api_f_mmd,acc,0.976602564102564,0.9772435897435896,,,5,True,False,,f_mmd,test,standardized_l2,0.2908641795,1.7286210708057814,0.5181494235859104,,True
stage3_graph_scm_0139_seed42,/home/crc00006699/zh/tabiclv2/results/tabiclv2_prior_data/graph_scm_3stage_512_seed42/stage3_graph_scm_0139_seed42,binclass,8882,0,2272,67,2,1.0,1.0,1.0,1.0,1.2994447911769984e-05,28.77676725387573,3.1174817085266118,ok,,8882,8882,0,2272,,30,1e-05,True,28.776225566864014,tabpfn_finetune_epoch_chunks_f_mmd,internal validation_split_ratio=0.1 | c_selection=f_mmd | c_source=test | c_metric=standardized_l2 | c_reserve_ratio=0.2908641795,30,1,tabpfn_finetuning_api_f_mmd,acc,1.0,1.0,,,0,True,False,,f_mmd,test,standardized_l2,0.2908641795,2.282547277679797,2.314130543404008,,True
stage3_graph_scm_0140_seed42,/home/crc00006699/zh/tabiclv2/results/tabiclv2_prior_data/graph_scm_3stage_512_seed42/stage3_graph_scm_0140_seed42,multiclass,30670,0,7781,9,4,0.4149852204086878,0.4067574750404547,0.4056315178296766,0.6713704258218589,1.2738568218396964,91.80627179145812,9.476236820220947,ok,,30670,30670,0,7781,,120,1e-05,True,91.80591201782228,tabpfn_finetune_epoch_chunks_f_mmd,internal validation_split_ratio=0.1 | c_selection=f_mmd | c_source=test | c_metric=standardized_l2 | c_reserve_ratio=0.2908641795,30,4,tabpfn_finetuning_api_f_mmd,acc,0.4098467557874144,0.4153896315617867,,,6,True,False,,f_mmd,test,standardized_l2,0.2908641795,2.49021656919112,1.124642992515016,,True
stage3_graph_scm_0141_seed42,/home/crc00006699/zh/tabiclv2/results/tabiclv2_prior_data/graph_scm_3stage_512_seed42/stage3_graph_scm_0141_seed42,multiclass,11478,0,2955,65,5,0.495093062605753,0.4434000721069142,0.3376103465031483,0.7518255786031426,1.185524757950225,53.117900133132935,4.042798280715942,ok,,11478,11478,0,2955,,60,1e-05,True,53.117525577545166,tabpfn_finetune_epoch_chunks_f_mmd,internal validation_split_ratio=0.1 | c_selection=f_mmd | c_source=test | c_metric=standardized_l2 | c_reserve_ratio=0.2908641795,30,2,tabpfn_finetuning_api_f_mmd,acc,0.4934612031386225,0.5196163905841326,,,4,True,False,,f_mmd,test,standardized_l2,0.2908641795,1.636987478516788,0.3008413309794067,,True
stage3_graph_scm_0142_seed42,/home/crc00006699/zh/tabiclv2/results/tabiclv2_prior_data/graph_scm_3stage_512_seed42/stage3_graph_scm_0142_seed42,multiclass,23870,0,6151,20,10,0.995773045033328,0.995773128667712,0.9955460030142792,0.9999775623650324,0.013528088562058,48.15672612190247,7.1238112449646,ok,,23870,23870,0,6151,,90,1e-05,True,48.156344175338745,tabpfn_finetune_epoch_chunks_f_mmd,internal validation_split_ratio=0.1 | c_selection=f_mmd | c_source=test | c_metric=standardized_l2 | c_reserve_ratio=0.2908641795,30,3,tabpfn_finetuning_api_f_mmd,acc,0.9949727691663176,0.9949727691663176,,,0,True,False,,f_mmd,test,standardized_l2,0.2908641795,1.6282864772784975,0.2383142473568895,,True
stage3_graph_scm_0143_seed42,/home/crc00006699/zh/tabiclv2/results/tabiclv2_prior_data/graph_scm_3stage_512_seed42/stage3_graph_scm_0143_seed42,multiclass,15114,0,3814,12,4,0.7692711064499214,0.7649859362622747,0.7293283229223323,0.9222401869293084,0.5780413672088645,30.125211238861084,3.1972756385803223,ok,,15114,15114,0,3814,,60,1e-05,True,30.12474513053894,tabpfn_finetune_epoch_chunks_f_mmd,internal validation_split_ratio=0.1 | c_selection=f_mmd | c_source=test | c_metric=standardized_l2 | c_reserve_ratio=0.2908641795,30,2,tabpfn_finetuning_api_f_mmd,acc,0.757114493712773,0.7604235605559232,,,2,True,False,,f_mmd,test,standardized_l2,0.2908641795,1.7478694980659897,0.3727841406674691,,True
stage3_graph_scm_0144_seed42,/home/crc00006699/zh/tabiclv2/results/tabiclv2_prior_data/graph_scm_3stage_512_seed42/stage3_graph_scm_0144_seed42,multiclass,468,0,125,88,3,1.0,1.0,1.0,1.0,0.0080824587911,12.031055450439451,0.4918127059936523,ok,,468,468,0,125,,30,1e-05,True,12.030697107315063,tabpfn_finetune_epoch_chunks_f_mmd,internal validation_split_ratio=0.1 | c_selection=f_mmd | c_source=test | c_metric=standardized_l2 | c_reserve_ratio=0.2908641795,30,1,tabpfn_finetuning_api_f_mmd,acc,0.9782608695652174,1.0,,,2,True,False,,f_mmd,test,standardized_l2,0.2908641795,1.994316769159024,0.6958092567234583,,True
stage3_graph_scm_0145_seed42,/home/crc00006699/zh/tabiclv2/results/tabiclv2_prior_data/graph_scm_3stage_512_seed42/stage3_graph_scm_0145_seed42,multiclass,1424,0,349,76,7,0.9770773638968482,0.9770462668220246,0.9776614717386458,0.9997898436416526,0.0500654785913845,10.267851829528809,0.532794713973999,ok,,1424,1424,0,349,,30,1e-05,True,10.267506122589111,tabpfn_finetune_epoch_chunks_f_mmd,internal validation_split_ratio=0.1 | c_selection=f_mmd | c_source=test | c_metric=standardized_l2 | c_reserve_ratio=0.2908641795,30,1,tabpfn_finetuning_api_f_mmd,acc,0.9859154929577464,0.9859154929577464,,,0,True,False,,f_mmd,test,standardized_l2,0.2908641795,2.109468378530764,2.2810167904057264,,True
stage3_graph_scm_0146_seed42,/home/crc00006699/zh/tabiclv2/results/tabiclv2_prior_data/graph_scm_3stage_512_seed42/stage3_graph_scm_0146_seed42,multiclass,17416,0,4248,1,10,0.1718455743879472,0.0504006706722384,0.1,0.5369446886868684,2.240766595058833,40.205561876297,3.556347131729126,ok,,17416,17416,0,4248,,60,1e-05,True,40.20521283149719,tabpfn_finetune_epoch_chunks_f_mmd,internal validation_split_ratio=0.1 | c_selection=f_mmd | c_source=test | c_metric=standardized_l2 | c_reserve_ratio=0.2908641795,30,2,tabpfn_finetuning_api_f_mmd,acc,0.1608271108558299,0.1711659965537047,,,5,True,False,,f_mmd,test,standardized_l2,0.2908641795,2.2572276457327414,0.0423375426688182,,True
stage3_graph_scm_0147_seed42,/home/crc00006699/zh/tabiclv2/results/tabiclv2_prior_data/graph_scm_3stage_512_seed42/stage3_graph_scm_0147_seed42,multiclass,11514,0,2875,49,7,0.9982608695652174,0.9982614864442416,0.9983660410484848,0.9999915522511136,0.0086719347417988,52.75558400154114,3.4643871784210205,ok,,11514,11514,0,2875,,60,1e-05,True,52.755130767822266,tabpfn_finetune_epoch_chunks_f_mmd,internal validation_split_ratio=0.1 | c_selection=f_mmd | c_source=test | c_metric=standardized_l2 | c_reserve_ratio=0.2908641795,30,2,tabpfn_finetuning_api_f_mmd,acc,0.9939183318853172,0.998262380538662,,,6,True,False,,f_mmd,test,standardized_l2,0.2908641795,1.990628511637752,1.2050556233824998,,True
stage3_graph_scm_0148_seed42,/home/crc00006699/zh/tabiclv2/results/tabiclv2_prior_data/graph_scm_3stage_512_seed42/stage3_graph_scm_0148_seed42,binclass,328,0,86,71,2,1.0,1.0,1.0,1.0,2.113169438529729e-05,8.51108694076538,0.4458398818969726,ok,,328,328,0,86,,30,1e-05,True,8.510728359222412,tabpfn_finetune_epoch_chunks_f_mmd,internal validation_split_ratio=0.1 | c_selection=f_mmd | c_source=test | c_metric=standardized_l2 | c_reserve_ratio=0.2908641795,30,1,tabpfn_finetuning_api_f_mmd,acc,1.0,1.0,,,0,True,False,,f_mmd,test,standardized_l2,0.2908641795,1.782132261231169,0.3710028744070537,,True
stage3_graph_scm_0149_seed42,/home/crc00006699/zh/tabiclv2/results/tabiclv2_prior_data/graph_scm_3stage_512_seed42/stage3_graph_scm_0149_seed42,multiclass,1467,0,369,36,9,0.2845528455284553,0.1787303197891148,0.210993413968397,0.6020483470674335,1.8597527496285984,12.426088571548462,0.4343905448913574,ok,,1467,1467,0,369,,30,1e-05,True,12.42573595046997,tabpfn_finetune_epoch_chunks_f_mmd,internal validation_split_ratio=0.1 | c_selection=f_mmd | c_source=test | c_metric=standardized_l2 | c_reserve_ratio=0.2908641795,30,1,tabpfn_finetuning_api_f_mmd,acc,0.2671232876712329,0.273972602739726,,,5,True,False,,f_mmd,test,standardized_l2,0.2908641795,3.785763085119133,6.127504372336641,,True
stage3_graph_scm_0150_seed42,/home/crc00006699/zh/tabiclv2/results/tabiclv2_prior_data/graph_scm_3stage_512_seed42/stage3_graph_scm_0150_seed42,binclass,3973,0,1000,58,2,1.0,1.0,1.0,1.0,0.0011705768060761,14.746033906936646,1.5654213428497314,ok,,3973,3973,0,1000,,30,1e-05,True,14.74568510055542,tabpfn_finetune_epoch_chunks_f_mmd,internal validation_split_ratio=0.1 | c_selection=f_mmd | c_source=test | c_metric=standardized_l2 | c_reserve_ratio=0.2908641795,30,1,tabpfn_finetuning_api_f_mmd,acc,0.9974811083123426,0.9974811083123426,,,0,True,False,,f_mmd,test,standardized_l2,0.2908641795,2.2479341577263354,0.5771309442520823,,True
stage3_graph_scm_0151_seed42,/home/crc00006699/zh/tabiclv2/results/tabiclv2_prior_data/graph_scm_3stage_512_seed42/stage3_graph_scm_0151_seed42,multiclass,15238,0,3710,15,9,0.8452830188679246,0.8452724338731973,0.8346686248825494,0.988659634395222,0.3757181854482653,55.38007068634033,3.3385486602783203,ok,,15238,15238,0,3710,,60,1e-05,True,55.379600286483765,tabpfn_finetune_epoch_chunks_f_mmd,internal validation_split_ratio=0.1 | c_selection=f_mmd | c_source=test | c_metric=standardized_l2 | c_reserve_ratio=0.2908641795,30,2,tabpfn_finetuning_api_f_mmd,acc,0.8516086671043992,0.8601444517399869,,,10,True,False,,f_mmd,test,standardized_l2,0.2908641795,3.178048412699004,2.3687688647794274,,True
stage3_graph_scm_0152_seed42,/home/crc00006699/zh/tabiclv2/results/tabiclv2_prior_data/graph_scm_3stage_512_seed42/stage3_graph_scm_0152_seed42,multiclass,1267,0,337,59,3,0.5489614243323442,0.5405512385733553,0.4811970338983051,0.7283430135828334,0.8842696074462967,10.801429510116575,0.449291467666626,ok,,1267,1267,0,337,,30,1e-05,True,10.80107569694519,tabpfn_finetune_epoch_chunks_f_mmd,internal validation_split_ratio=0.1 | c_selection=f_mmd | c_source=test | c_metric=standardized_l2 | c_reserve_ratio=0.2908641795,30,1,tabpfn_finetuning_api_f_mmd,acc,0.5396825396825397,0.5555555555555556,,,2,True,False,,f_mmd,test,standardized_l2,0.2908641795,1.8387283633734937,0.9207243553873564,,True
stage3_graph_scm_0153_seed42,/home/crc00006699/zh/tabiclv2/results/tabiclv2_prior_data/graph_scm_3stage_512_seed42/stage3_graph_scm_0153_seed42,multiclass,15830,0,3865,23,10,0.9948253557567918,0.9948752891591126,0.9909966775627416,0.9999803999898814,0.0129363743909495,33.66663670539856,4.038358688354492,ok,,15830,15830,0,3865,,60,1e-05,True,33.666281938552856,tabpfn_finetune_epoch_chunks_f_mmd,internal validation_split_ratio=0.1 | c_selection=f_mmd | c_source=test | c_metric=standardized_l2 | c_reserve_ratio=0.2908641795,30,2,tabpfn_finetuning_api_f_mmd,acc,0.992419456727732,0.9930511686670878,,,1,True,False,,f_mmd,test,standardized_l2,0.2908641795,2.1411536001762848,4.25999061571823,,True
stage3_graph_scm_0154_seed42,/home/crc00006699/zh/tabiclv2/results/tabiclv2_prior_data/graph_scm_3stage_512_seed42/stage3_graph_scm_0154_seed42,binclass,925,0,223,30,2,0.9506726457399104,0.9520806753826396,0.9334928229665072,0.9834130781499202,0.1158904285472305,7.771788597106934,0.4401319026947021,ok,,925,925,0,223,,30,1e-05,True,7.7714293003082275,tabpfn_finetune_epoch_chunks_f_mmd,internal validation_split_ratio=0.1 | c_selection=f_mmd | c_source=test | c_metric=standardized_l2 | c_reserve_ratio=0.2908641795,30,1,tabpfn_finetuning_api_f_mmd,acc,0.967391304347826,0.967391304347826,,,0,True,False,,f_mmd,test,standardized_l2,0.2908641795,2.558642171134159,2.6855724756215813,,True
stage3_graph_scm_0155_seed42,/home/crc00006699/zh/tabiclv2/results/tabiclv2_prior_data/graph_scm_3stage_512_seed42/stage3_graph_scm_0155_seed42,binclass,882,0,233,46,2,0.9184549356223176,0.9184760405878636,0.918393015685114,0.9837229949689256,0.1666803347681999,8.050264835357666,0.4577200412750244,ok,,882,882,0,233,,30,1e-05,True,8.049910545349121,tabpfn_finetune_epoch_chunks_f_mmd,internal validation_split_ratio=0.1 | c_selection=f_mmd | c_source=test | c_metric=standardized_l2 | c_reserve_ratio=0.2908641795,30,1,tabpfn_finetuning_api_f_mmd,acc,0.9545454545454546,0.9545454545454546,,,0,True,False,,f_mmd,test,standardized_l2,0.2908641795,1.7438469955661775,0.3304426525452292,,True
stage3_graph_scm_0156_seed42,/home/crc00006699/zh/tabiclv2/results/tabiclv2_prior_data/graph_scm_3stage_512_seed42/stage3_graph_scm_0156_seed42,multiclass,323,0,77,78,3,1.0,1.0,1.0,1.0,2.8050292304483557e-05,8.249627113342285,0.4366393089294433,ok,,323,323,0,77,,30,1e-05,True,8.249275922775269,tabpfn_finetune_epoch_chunks_f_mmd,internal validation_split_ratio=0.1 | c_selection=f_mmd | c_source=test | c_metric=standardized_l2 | c_reserve_ratio=0.2908641795,30,1,tabpfn_finetuning_api_f_mmd,acc,1.0,1.0,,,0,True,False,,f_mmd,test,standardized_l2,0.2908641795,2.106192459761761,0.965084801442728,,True
stage3_graph_scm_0157_seed42,/home/crc00006699/zh/tabiclv2/results/tabiclv2_prior_data/graph_scm_3stage_512_seed42/stage3_graph_scm_0157_seed42,multiclass,483,0,129,54,3,0.9069767441860463,0.9049177768740012,0.8586781982627919,0.9866391780727668,0.1809226540588479,10.479828357696531,0.4419360160827636,ok,,483,483,0,129,,30,1e-05,True,10.479410648345947,tabpfn_finetune_epoch_chunks_f_mmd,internal validation_split_ratio=0.1 | c_selection=f_mmd | c_source=test | c_metric=standardized_l2 | c_reserve_ratio=0.2908641795,30,1,tabpfn_finetuning_api_f_mmd,acc,0.9166666666666666,0.9375,,,3,True,False,,f_mmd,test,standardized_l2,0.2908641795,1.5744969943516345,0.1757745983006087,,True
stage3_graph_scm_0158_seed42,/home/crc00006699/zh/tabiclv2/results/tabiclv2_prior_data/graph_scm_3stage_512_seed42/stage3_graph_scm_0158_seed42,multiclass,821,0,204,27,3,1.0,1.0,1.0,1.0,2.598796280625047e-05,7.518124341964722,0.4189872741699219,ok,,821,821,0,204,,30,1e-05,True,7.5177717208862305,tabpfn_finetune_epoch_chunks_f_mmd,internal validation_split_ratio=0.1 | c_selection=f_mmd | c_source=test | c_metric=standardized_l2 | c_reserve_ratio=0.2908641795,30,1,tabpfn_finetuning_api_f_mmd,acc,1.0,1.0,,,0,True,False,,f_mmd,test,standardized_l2,0.2908641795,2.6560197413701347,1.124866991143774,,True
stage3_graph_scm_0159_seed42,/home/crc00006699/zh/tabiclv2/results/tabiclv2_prior_data/graph_scm_3stage_512_seed42/stage3_graph_scm_0159_seed42,binclass,460,0,120,46,2,0.9083333333333332,0.9076027830487032,0.8941387559808612,0.9688995215311004,0.2219421606723985,10.388832569122314,0.4577114582061767,ok,,460,460,0,120,,30,1e-05,True,10.388445854187012,tabpfn_finetune_epoch_chunks_f_mmd,internal validation_split_ratio=0.1 | c_selection=f_mmd | c_source=test | c_metric=standardized_l2 | c_reserve_ratio=0.2908641795,30,1,tabpfn_finetuning_api_f_mmd,acc,0.8478260869565217,0.8695652173913043,,,2,True,False,,f_mmd,test,standardized_l2,0.2908641795,2.0809308680070173,0.6179933723480787,,True
stage3_graph_scm_0160_seed42,/home/crc00006699/zh/tabiclv2/results/tabiclv2_prior_data/graph_scm_3stage_512_seed42/stage3_graph_scm_0160_seed42,binclass,546,0,143,77,2,0.9790209790209792,0.9804818837076904,0.8261904761904761,0.9952380952380953,0.0267690174398173,7.926179647445679,0.4417593479156494,ok,,546,546,0,143,,30,1e-05,True,7.925832033157349,tabpfn_finetune_epoch_chunks_f_mmd,internal validation_split_ratio=0.1 | c_selection=f_mmd | c_source=test | c_metric=standardized_l2 | c_reserve_ratio=0.2908641795,30,1,tabpfn_finetuning_api_f_mmd,acc,0.9814814814814816,0.9814814814814816,,,0,True,False,,f_mmd,test,standardized_l2,0.2908641795,1.8816133118566216,0.4774679552034885,,True
stage3_graph_scm_0161_seed42,/home/crc00006699/zh/tabiclv2/results/tabiclv2_prior_data/graph_scm_3stage_512_seed42/stage3_graph_scm_0161_seed42,multiclass,4560,0,1122,88,5,0.9964349376114082,0.996437462571826,0.9949388209121246,0.9999903016977824,0.0079637343952815,18.84984254837036,2.233162641525269,ok,,4560,4560,0,1122,,30,1e-05,True,18.849489450454712,tabpfn_finetune_epoch_chunks_f_mmd,internal validation_split_ratio=0.1 | c_selection=f_mmd | c_source=test | c_metric=standardized_l2 | c_reserve_ratio=0.2908641795,30,1,tabpfn_finetuning_api_f_mmd,acc,1.0,1.0,,,0,True,False,,f_mmd,test,standardized_l2,0.2908641795,1.8402853373491823,0.2113930401817329,,True
stage3_graph_scm_0162_seed42,/home/crc00006699/zh/tabiclv2/results/tabiclv2_prior_data/graph_scm_3stage_512_seed42/stage3_graph_scm_0162_seed42,multiclass,338,0,90,55,5,0.9222222222222224,0.9222297500752784,0.9211371237458194,0.9981973320661373,0.1741057687780612,7.756910085678101,0.4391357898712158,ok,,338,338,0,90,,30,1e-05,True,7.756489992141724,tabpfn_finetune_epoch_chunks_f_mmd,internal validation_split_ratio=0.1 | c_selection=f_mmd | c_source=test | c_metric=standardized_l2 | c_reserve_ratio=0.2908641795,30,1,tabpfn_finetuning_api_f_mmd,acc,0.9696969696969696,0.9696969696969696,,,0,True,False,,f_mmd,test,standardized_l2,0.2908641795,1.7255125440013506,0.7456669200308246,,True
stage3_graph_scm_0163_seed42,/home/crc00006699/zh/tabiclv2/results/tabiclv2_prior_data/graph_scm_3stage_512_seed42/stage3_graph_scm_0163_seed42,multiclass,2360,0,575,83,4,0.9234782608695652,0.923458805561276,0.9139137456465566,0.989728435623734,0.2153604721458009,13.588319301605225,1.5291974544525146,ok,,2360,2360,0,575,,30,1e-05,True,13.587968349456789,tabpfn_finetune_epoch_chunks_f_mmd,internal validation_split_ratio=0.1 | c_selection=f_mmd | c_source=test | c_metric=standardized_l2 | c_reserve_ratio=0.2908641795,30,1,tabpfn_finetuning_api_f_mmd,acc,0.940677966101695,0.940677966101695,,,0,True,False,,f_mmd,test,standardized_l2,0.2908641795,1.5786581017879708,0.3878362909100892,,True
stage3_graph_scm_0164_seed42,/home/crc00006699/zh/tabiclv2/results/tabiclv2_prior_data/graph_scm_3stage_512_seed42/stage3_graph_scm_0164_seed42,multiclass,38226,0,9994,2,7,0.1894136481889133,0.1143380436522004,0.1639700824430752,0.533166310453364,1.9308357501565008,76.65228986740112,13.423893451690674,ok,,38226,38226,0,9994,,120,1e-05,True,76.65192103385925,tabpfn_finetune_epoch_chunks_f_mmd,internal validation_split_ratio=0.1 | c_selection=f_mmd | c_source=test | c_metric=standardized_l2 | c_reserve_ratio=0.2908641795,30,4,tabpfn_finetuning_api_f_mmd,acc,0.1891679748822606,0.1959706959706959,,,2,True,False,,f_mmd,test,standardized_l2,0.2908641795,2.550054800053742,2.459851033873127,,True
stage3_graph_scm_0165_seed42,/home/crc00006699/zh/tabiclv2/results/tabiclv2_prior_data/graph_scm_3stage_512_seed42/stage3_graph_scm_0165_seed42,multiclass,7349,0,1757,48,7,0.7541263517359135,0.7243106317793858,0.5971049995361222,0.96071215454909,0.5746845048585986,35.86534023284912,2.141925573348999,ok,,7349,7349,0,1757,,30,1e-05,True,35.86489701271057,tabpfn_finetune_epoch_chunks_f_mmd,internal validation_split_ratio=0.1 | c_selection=f_mmd | c_source=test | c_metric=standardized_l2 | c_reserve_ratio=0.2908641795,30,1,tabpfn_finetuning_api_f_mmd,acc,0.7438692098092643,0.7465940054495913,,,7,True,False,,f_mmd,test,standardized_l2,0.2908641795,1.9268357282984607,1.3876441576330871,,True
stage3_graph_scm_0166_seed42,/home/crc00006699/zh/tabiclv2/results/tabiclv2_prior_data/graph_scm_3stage_512_seed42/stage3_graph_scm_0166_seed42,multiclass,2761,0,697,97,5,1.0,1.0,1.0,1.0,5.214807343641115e-05,14.955341339111328,1.8353075981140137,ok,,2761,2761,0,697,,30,1e-05,True,14.954902410507202,tabpfn_finetune_epoch_chunks_f_mmd,internal validation_split_ratio=0.1 | c_selection=f_mmd | c_source=test | c_metric=standardized_l2 | c_reserve_ratio=0.2908641795,30,1,tabpfn_finetuning_api_f_mmd,acc,1.0,1.0,,,0,True,False,,f_mmd,test,standardized_l2,0.2908641795,1.916741212864752,0.5707781137153287,,True
stage3_graph_scm_0167_seed42,/home/crc00006699/zh/tabiclv2/results/tabiclv2_prior_data/graph_scm_3stage_512_seed42/stage3_graph_scm_0167_seed42,binclass,4328,0,1150,42,2,0.8269565217391305,0.7692052332496365,0.5378630492019089,0.6946324255389172,0.4340152701153472,22.21853446960449,1.3689870834350586,ok,,4328,4328,0,1150,,30,1e-05,True,22.21811389923096,tabpfn_finetune_epoch_chunks_f_mmd,internal validation_split_ratio=0.1 | c_selection=f_mmd | c_source=test | c_metric=standardized_l2 | c_reserve_ratio=0.2908641795,30,1,tabpfn_finetuning_api_f_mmd,acc,0.8217592592592593,0.8263888888888888,,,7,True,False,,f_mmd,test,standardized_l2,0.2908641795,2.2605757065223053,16.704311770058723,,True
stage3_graph_scm_0168_seed42,/home/crc00006699/zh/tabiclv2/results/tabiclv2_prior_data/graph_scm_3stage_512_seed42/stage3_graph_scm_0168_seed42,multiclass,40897,0,10289,16,3,0.9836718825930606,0.9836764353953588,0.9835207641322968,0.9994586554133184,0.0398215553176598,83.25947093963623,16.369046688079834,ok,,40897,40897,0,10289,,150,1e-05,True,83.259033203125,tabpfn_finetune_epoch_chunks_f_mmd,internal validation_split_ratio=0.1 | c_selection=f_mmd | c_source=test | c_metric=standardized_l2 | c_reserve_ratio=0.2908641795,30,5,tabpfn_finetuning_api_f_mmd,acc,0.9826363414037662,0.9826363414037662,,,0,True,False,,f_mmd,test,standardized_l2,0.2908641795,2.348438170067232,2.984743111272822,,True
stage3_graph_scm_0169_seed42,/home/crc00006699/zh/tabiclv2/results/tabiclv2_prior_data/graph_scm_3stage_512_seed42/stage3_graph_scm_0169_seed42,multiclass,31752,0,7621,19,3,0.9839916021519486,0.9835303560713412,0.9525476468300272,0.9966560256634788,0.0509618717000972,85.7713348865509,10.899022102355955,ok,,31752,31752,0,7621,,120,1e-05,True,85.77089142799377,tabpfn_finetune_epoch_chunks_f_mmd,internal validation_split_ratio=0.1 | c_selection=f_mmd | c_source=test | c_metric=standardized_l2 | c_reserve_ratio=0.2908641795,30,4,tabpfn_finetuning_api_f_mmd,acc,0.9814173228346456,0.981732283464567,,,3,True,False,,f_mmd,test,standardized_l2,0.2908641795,1.5199975937164203,0.1077296761034559,,True
