dataset_name,dataset_dir,task_type,n_train,n_val,n_test,n_features,n_classes,accuracy,f1,balanced_accuracy,roc_auc,log_loss,fit_seconds,predict_seconds,status,error,n_train_a,n_train_b,n_holdout_c,n_test_d,ttt_loss,ttt_steps,ttt_lr,ttt_applied,ttt_update_seconds,ttt_split_strategy,ttt_split_reason,ttt_epochs,ttt_chunks_per_epoch,ttt_batch_mode,ttt_val_eval_metric,ttt_val_baseline_metric,ttt_val_best_metric,ttt_val_baseline_accuracy,ttt_val_best_accuracy,ttt_best_epoch,ttt_stopped_early,ttt_oom_fallback,ttt_fallback_reason
ASP-POTASSCO-classification,/home/crc00006699/zh/tabiclv2/data200/ASP-POTASSCO-classification,multiclass,1035,207,259,141,11,0.444015444015444,0.428059790033162,0.364617337505038,0.8400667176608646,1.5631761048839377,1.2573537826538086,3.343754768371582,ok,,1035,828,0,259,,0,1e-05,False,0.6902287006378174,full_train_epoch_chunks,full train set chunked per epoch | validation=dataset_val_split | TTT training skipped because n_classes=11 exceeds model max_classes=10,0,0,epoch_chunk,,,,,,0,False,False,
Amazon_employee_access,/home/crc00006699/zh/tabiclv2/data200/Amazon_employee_access,binclass,26215,5243,6554,7,2,0.9433933475740006,0.9326709887221626,0.607140674906263,0.839107816222106,0.1661482668513246,38.007790088653564,12.132636070251465,ok,,26215,20972,0,6554,0.1980978548526764,45,1e-05,True,37.786555767059326,full_train_epoch_chunks,full train set chunked per epoch | validation=dataset_val_split,30,3,epoch_chunk,accuracy,0.9486934960900248,0.9498378790768645,0.9486934960900248,0.9498378790768645,7,True,False,
BLE_RSSI_dataset_for_Indoor_localization,/home/crc00006699/zh/tabiclv2/data200/BLE_RSSI_dataset_for_Indoor_localization,multiclass,7987,1598,1997,3,3,0.7726589884827241,0.7723064005945214,0.7721591341537852,0.9190924620597204,0.5368654465581326,13.574591159820557,1.2664892673492432,ok,,7987,6389,0,1997,0.5964306592941284,23,1e-05,True,13.5409095287323,full_train_epoch_chunks,full train set chunked per epoch | validation=dataset_val_split,30,1,epoch_chunk,accuracy,0.7521902377972466,0.7834793491864831,0.7521902377972466,0.7834793491864831,15,True,False,
BNG(breast-w),/home/crc00006699/zh/tabiclv2/data200/BNG(breast-w),binclass,31492,6299,7874,9,2,0.9885699771399544,0.9885779389194748,0.9880402244570732,0.9991515857113912,0.0333163239449046,36.83662748336792,19.241579055786133,ok,,31492,25193,0,7874,0.0429310612380504,36,1e-05,True,36.58207321166992,full_train_epoch_chunks,full train set chunked per epoch | validation=dataset_val_split,30,3,epoch_chunk,accuracy,0.9863470392125734,0.9868233052865534,0.9863470392125734,0.9868233052865534,4,True,False,
BNG(cmc),/home/crc00006699/zh/tabiclv2/data200/BNG(cmc),multiclass,44236,8848,11060,9,3,0.5856238698010849,0.5841224070716382,0.5659680210237975,0.7640345925551632,0.8773116620917956,55.256200075149536,34.84002661705017,ok,,44236,35388,0,11060,0.9018888175487518,48,1e-05,True,54.86416006088257,full_train_epoch_chunks,full train set chunked per epoch | validation=dataset_val_split,30,4,epoch_chunk,accuracy,0.5710895117540687,0.5761754068716094,0.5710895117540687,0.5761754068716094,4,True,False,
BNG(tic-tac-toe),/home/crc00006699/zh/tabiclv2/data200/BNG(tic-tac-toe),binclass,31492,6299,7874,9,2,0.8168656337312674,0.8143492407216749,0.7859742740983091,0.8822709650070714,0.4055154843188039,53.13741993904114,19.22813630104065,ok,,31492,25193,0,7874,0.4047756642103195,51,1e-05,True,52.820698499679565,full_train_epoch_chunks,full train set chunked per epoch | validation=dataset_val_split,30,3,epoch_chunk,accuracy,0.8042546435942213,0.807429750754088,0.8042546435942213,0.807429750754088,9,True,False,
Bank_Customer_Churn_Dataset,/home/crc00006699/zh/tabiclv2/data200/Bank_Customer_Churn_Dataset,binclass,8000,1600,2000,10,2,0.878,0.8671523028727588,0.7441478458427611,0.8760941218568337,0.3192028871366986,19.038788318634037,2.406343698501587,ok,,8000,6400,0,2000,0.3450624942779541,24,1e-05,True,18.95373821258545,full_train_epoch_chunks,full train set chunked per epoch | validation=dataset_val_split,30,1,epoch_chunk,accuracy,0.8675,0.875,0.8675,0.875,16,True,False,
Basketball_c,/home/crc00006699/zh/tabiclv2/data200/Basketball_c,binclass,1072,215,268,11,2,0.7164179104477612,0.7146382129160544,0.6935979210961494,0.7460134656272147,0.5782028872312921,2.992210865020752,0.2969443798065185,ok,,1072,857,0,268,0.5125714540481567,10,1e-05,True,2.962132215499878,full_train_epoch_chunks,full train set chunked per epoch | validation=dataset_val_split,30,1,epoch_chunk,accuracy,0.7581395348837209,0.7674418604651163,0.7581395348837209,0.7674418604651163,2,True,False,
California-Housing-Classification,/home/crc00006699/zh/tabiclv2/data200/California-Housing-Classification,binclass,16512,3303,4128,8,2,0.9195736434108528,0.9195730770360372,0.9195724508491008,0.9776874694108936,0.1918891742794094,26.29935503005981,6.651150465011597,ok,,16512,13209,0,4128,0.2474542707204818,34,1e-05,True,26.15973949432373,full_train_epoch_chunks,full train set chunked per epoch | validation=dataset_val_split,30,2,epoch_chunk,accuracy,0.9049349076597032,0.9134120496518316,0.9049349076597032,0.9134120496518316,9,True,False,
Cardiovascular-Disease-dataset,/home/crc00006699/zh/tabiclv2/data200/Cardiovascular-Disease-dataset,binclass,56000,11200,14000,11,2,0.735,0.7345873986227583,0.7349775461151171,0.800287679685773,0.5436132974354516,113.96466374397278,54.22768497467041,ok,,56000,44800,0,14000,0.5116129219532013,90,1e-05,True,113.47027778625488,full_train_epoch_chunks,full train set chunked per epoch | validation=dataset_val_split,30,5,epoch_chunk,accuracy,0.7310714285714286,0.7332142857142857,0.7310714285714286,0.7332142857142857,10,True,False,
Click_prediction_small,/home/crc00006699/zh/tabiclv2/data200/Click_prediction_small,binclass,31958,6392,7990,3,2,0.832665832290363,0.7582273908594099,0.5039356695379447,0.6257110170120759,0.438901688723423,33.27574038505554,7.0436718463897705,ok,,31958,25566,0,7990,0.46644327044487,39,1e-05,True,33.18821477890015,full_train_epoch_chunks,full train set chunked per epoch | validation=dataset_val_split,30,3,epoch_chunk,accuracy,0.8322903629536921,0.8326032540675845,0.8322903629536921,0.8326032540675845,5,True,False,
Contaminant-detection-in-packaged-cocoa-hazelnut-spread-jars-using-Microwaves-Sensing-and-Machine-Learning-10.0GHz(Urbinati),/home/crc00006699/zh/tabiclv2/data200/Contaminant-detection-in-packaged-cocoa-hazelnut-spread-jars-using-Microwaves-Sensing-and-Machine-Learning-10.0GHz(Urbinati),binclass,1920,384,480,30,2,0.96875,0.968757460661964,0.9694799777530588,0.9919702447163516,0.0960913779192998,5.160996198654175,0.6952779293060303,ok,,1920,1536,0,480,0.0640437677502632,11,1e-05,True,5.088664531707764,full_train_epoch_chunks,full train set chunked per epoch | validation=dataset_val_split,30,1,epoch_chunk,accuracy,0.9661458333333334,0.96875,0.9661458333333334,0.96875,3,True,False,
Contaminant-detection-in-packaged-cocoa-hazelnut-spread-jars-using-Microwaves-Sensing-and-Machine-Learning-10.5GHz(Urbinati),/home/crc00006699/zh/tabiclv2/data200/Contaminant-detection-in-packaged-cocoa-hazelnut-spread-jars-using-Microwaves-Sensing-and-Machine-Learning-10.5GHz(Urbinati),binclass,1920,384,480,30,2,0.96875,0.9687585479270056,0.9692018909899888,0.9931868743047833,0.0959851264085676,4.726672887802124,0.7090775966644287,ok,,1920,1536,0,480,0.1298630833625793,10,1e-05,True,4.658820629119873,full_train_epoch_chunks,full train set chunked per epoch | validation=dataset_val_split,30,1,epoch_chunk,accuracy,0.9609375,0.9635416666666666,0.9609375,0.9635416666666666,2,True,False,
Contaminant-detection-in-packaged-cocoa-hazelnut-spread-jars-using-Microwaves-Sensing-and-Machine-Learning-11.0GHz(Urbinati),/home/crc00006699/zh/tabiclv2/data200/Contaminant-detection-in-packaged-cocoa-hazelnut-spread-jars-using-Microwaves-Sensing-and-Machine-Learning-11.0GHz(Urbinati),binclass,1920,384,480,30,2,0.95625,0.9562619670978078,0.9566879866518354,0.9885810622914348,0.1393928562182372,5.070696830749512,0.7112917900085449,ok,,1920,1536,0,480,0.123273067176342,11,1e-05,True,5.0033369064331055,full_train_epoch_chunks,full train set chunked per epoch | validation=dataset_val_split,30,1,epoch_chunk,accuracy,0.9583333333333334,0.9635416666666666,0.9583333333333334,0.9635416666666666,3,True,False,
Contaminant-detection-in-packaged-cocoa-hazelnut-spread-jars-using-Microwaves-Sensing-and-Machine-Learning-9.0GHz(Urbinati),/home/crc00006699/zh/tabiclv2/data200/Contaminant-detection-in-packaged-cocoa-hazelnut-spread-jars-using-Microwaves-Sensing-and-Machine-Learning-9.0GHz(Urbinati),binclass,1920,384,480,30,2,0.9583333333333334,0.9583441857234636,0.9589822024471636,0.9925785595105672,0.1193269462628104,7.102569818496704,0.7090084552764893,ok,,1920,1536,0,480,0.0590734761208295,16,1e-05,True,7.031962394714356,full_train_epoch_chunks,full train set chunked per epoch | validation=dataset_val_split,30,1,epoch_chunk,accuracy,0.953125,0.9583333333333334,0.953125,0.9583333333333334,8,True,False,
Contaminant-detection-in-packaged-cocoa-hazelnut-spread-jars-using-Microwaves-Sensing-and-Machine-Learning-9.5GHz(Urbinati),/home/crc00006699/zh/tabiclv2/data200/Contaminant-detection-in-packaged-cocoa-hazelnut-spread-jars-using-Microwaves-Sensing-and-Machine-Learning-9.5GHz(Urbinati),binclass,1920,384,480,30,2,0.9479166666666666,0.9479291011032736,0.9486234705228032,0.9900410177975528,0.1218045863078211,6.32526421546936,0.7081310749053955,ok,,1920,1536,0,480,0.1235658377408981,14,1e-05,True,6.255993604660034,full_train_epoch_chunks,full train set chunked per epoch | validation=dataset_val_split,30,1,epoch_chunk,accuracy,0.9296875,0.9401041666666666,0.9296875,0.9401041666666666,6,True,False,
Credit_c,/home/crc00006699/zh/tabiclv2/data200/Credit_c,multiclass,80000,16000,20000,22,3,0.8042,0.8041595893095463,0.8040680979757999,0.9224899171773188,0.4643555838859907,301.473064661026,111.9825632572174,ok,,80000,64000,0,20000,0.6616980731487274,168,1e-05,True,299.9797055721283,full_train_epoch_chunks,full train set chunked per epoch | validation=dataset_val_split,30,7,epoch_chunk,accuracy,0.7931875,0.81625,0.7931875,0.81625,16,True,False,
Customer_Personality_Analysis,/home/crc00006699/zh/tabiclv2/data200/Customer_Personality_Analysis,binclass,1792,359,448,24,2,0.8816964285714286,0.8687944826308335,0.6844321698593646,0.8967563756023035,0.2636692372694734,7.313923597335815,0.5991044044494629,ok,,1792,1433,0,448,0.2213232517242431,18,1e-05,True,7.250913143157959,full_train_epoch_chunks,full train set chunked per epoch | validation=dataset_val_split,30,1,epoch_chunk,accuracy,0.871866295264624,0.8857938718662952,0.871866295264624,0.8857938718662952,10,True,False,
Diabetic_Retinopathy_Debrecen,/home/crc00006699/zh/tabiclv2/data200/Diabetic_Retinopathy_Debrecen,binclass,920,184,231,19,2,0.7532467532467533,0.7531724089863625,0.7519196025293586,0.8422914784703402,0.4845365583796088,6.269169092178345,0.5633337497711182,ok,,920,736,0,231,0.4537180662155151,22,1e-05,True,6.228064060211182,full_train_epoch_chunks,full train set chunked per epoch | validation=dataset_val_split,30,1,epoch_chunk,accuracy,0.717391304347826,0.7771739130434783,0.717391304347826,0.7771739130434783,14,True,False,
E-CommereShippingData,/home/crc00006699/zh/tabiclv2/data200/E-CommereShippingData,binclass,8799,1760,2200,10,2,0.6781818181818182,0.6677953885661079,0.7259990503429842,0.7281705535916526,0.5056638513548679,12.420358896255491,2.7047786712646484,ok,,8799,7039,0,2200,0.480317935347557,14,1e-05,True,12.331562995910645,full_train_epoch_chunks,full train set chunked per epoch | validation=dataset_val_split,30,1,epoch_chunk,accuracy,0.6767045454545455,0.6857954545454545,0.6767045454545455,0.6857954545454545,6,True,False,
Employee,/home/crc00006699/zh/tabiclv2/data200/Employee,binclass,3722,745,931,8,2,0.8528464017185822,0.8461611592905416,0.8045417348608839,0.8736778846153846,0.362496305669607,3.548503160476685,0.9060118198394777,ok,,3722,2977,0,931,0.3556513637304306,8,1e-05,True,3.502393245697021,full_train_epoch_chunks,full train set chunked per epoch | validation=dataset_val_split,30,1,epoch_chunk,accuracy,0.8536912751677852,0.8536912751677852,0.8536912751677852,0.8536912751677852,0,True,False,
FICO-HELOC-cleaned,/home/crc00006699/zh/tabiclv2/data200/FICO-HELOC-cleaned,binclass,7896,1580,1975,23,2,0.7463291139240507,0.7460441609295682,0.7451320779524939,0.8225113916977224,0.5172504143985425,13.473660469055176,2.847489595413208,ok,,7896,6316,0,1975,0.5371401906013489,12,1e-05,True,13.30630898475647,full_train_epoch_chunks,full train set chunked per epoch | validation=dataset_val_split,30,1,epoch_chunk,accuracy,0.7436708860759493,0.7455696202531645,0.7436708860759493,0.7455696202531645,4,True,False,
FOREX_audcad-day-High,/home/crc00006699/zh/tabiclv2/data200/FOREX_audcad-day-High,binclass,1467,294,367,10,2,0.7520435967302452,0.7516117744672666,0.7515148814828017,0.8279569892473118,0.5152197163164927,2.886613368988037,0.3673639297485351,ok,,1467,1173,0,367,0.5195764601230621,10,1e-05,True,2.856256484985352,full_train_epoch_chunks,full train set chunked per epoch | validation=dataset_val_split,30,1,epoch_chunk,accuracy,0.7244897959183674,0.7278911564625851,0.7244897959183674,0.7278911564625851,2,True,False,
FOREX_audcad-hour-High,/home/crc00006699/zh/tabiclv2/data200/FOREX_audcad-hour-High,binclass,35060,7012,8765,10,2,0.7115801483171705,0.7116133965386598,0.7120551684921683,0.7862144325259562,0.5619065768380717,56.19528436660767,31.39238166809082,ok,,35060,28048,0,8765,0.5471235811710358,48,1e-05,True,55.895440340042114,full_train_epoch_chunks,full train set chunked per epoch | validation=dataset_val_split,30,3,epoch_chunk,accuracy,0.7023673702224758,0.7180547632629778,0.7023673702224758,0.7180547632629778,8,True,False,
FOREX_audchf-day-High,/home/crc00006699/zh/tabiclv2/data200/FOREX_audchf-day-High,binclass,1466,294,367,10,2,0.7520435967302452,0.7519220612084535,0.7524059882373908,0.8318927107467475,0.5049369711043892,8.111376523971558,0.4565787315368652,ok,,1466,1172,0,367,0.4909015148878097,25,1e-05,True,8.078258275985718,full_train_epoch_chunks,full train set chunked per epoch | validation=dataset_val_split,30,1,epoch_chunk,accuracy,0.7074829931972789,0.7244897959183674,0.7074829931972789,0.7244897959183674,17,True,False,
FOREX_audjpy-day-High,/home/crc00006699/zh/tabiclv2/data200/FOREX_audjpy-day-High,binclass,1465,293,367,10,2,0.776566757493188,0.7762172477729208,0.7755484216158374,0.8467094703049759,0.4882989757198547,3.8997902870178223,0.5641217231750488,ok,,1465,1172,0,367,0.5327261686325073,12,1e-05,True,3.872059583663941,full_train_epoch_chunks,full train set chunked per epoch | validation=dataset_val_split,30,1,epoch_chunk,accuracy,0.7440273037542662,0.7610921501706485,0.7440273037542662,0.7610921501706485,4,True,False,
FOREX_audjpy-hour-High,/home/crc00006699/zh/tabiclv2/data200/FOREX_audjpy-hour-High,binclass,35060,7012,8765,10,2,0.7213918996006845,0.7214179818480598,0.7219357649121523,0.7973194974999758,0.5521508601971833,70.30797982215881,28.37474036216736,ok,,35060,28048,0,8765,0.5624406039714813,39,1e-05,True,70.0403482913971,full_train_epoch_chunks,full train set chunked per epoch | validation=dataset_val_split,30,3,epoch_chunk,accuracy,0.6825442099258414,0.7144894466628636,0.6825442099258414,0.7144894466628636,5,True,False,
FOREX_audsgd-hour-High,/home/crc00006699/zh/tabiclv2/data200/FOREX_audsgd-hour-High,binclass,35060,7012,8765,10,2,0.7048488305761552,0.704911333259115,0.7049519331785823,0.7768951005381266,0.5821863550641958,68.13976001739502,23.243549346923828,ok,,35060,28048,0,8765,0.5846382081508636,57,1e-05,True,67.8049328327179,full_train_epoch_chunks,full train set chunked per epoch | validation=dataset_val_split,30,3,epoch_chunk,accuracy,0.6699942954934398,0.7150598973188819,0.6699942954934398,0.7150598973188819,11,True,False,
FOREX_audusd-hour-High,/home/crc00006699/zh/tabiclv2/data200/FOREX_audusd-hour-High,binclass,35060,7012,8765,10,2,0.7047347404449515,0.7049169809265551,0.7044958175901457,0.7776928753622322,0.5778637032300087,102.01199579238892,23.265597581863403,ok,,35060,28048,0,8765,0.5403564274311066,87,1e-05,True,101.68863248825072,full_train_epoch_chunks,full train set chunked per epoch | validation=dataset_val_split,30,3,epoch_chunk,accuracy,0.6622932116371933,0.7169138619509412,0.6622932116371933,0.7169138619509412,21,True,False,
FOREX_cadjpy-day-High,/home/crc00006699/zh/tabiclv2/data200/FOREX_cadjpy-day-High,binclass,1467,294,367,10,2,0.7166212534059946,0.7165033893996869,0.7166785459729152,0.7777084818246615,0.5694036068152614,2.493443965911865,0.376317024230957,ok,,1467,1173,0,367,0.4979630261659622,8,1e-05,True,2.4640488624572754,full_train_epoch_chunks,full train set chunked per epoch | validation=dataset_val_split,30,1,epoch_chunk,accuracy,0.7040816326530612,0.7040816326530612,0.7040816326530612,0.7040816326530612,0,True,False,
FOREX_cadjpy-hour-High,/home/crc00006699/zh/tabiclv2/data200/FOREX_cadjpy-hour-High,binclass,35060,7012,8765,10,2,0.7096406160867085,0.7097250251644902,0.7100979865616464,0.7807073668840704,0.5751766876750253,79.92568516731262,23.399718523025516,ok,,35060,28048,0,8765,0.5779625773429871,69,1e-05,True,79.64546918869019,full_train_epoch_chunks,full train set chunked per epoch | validation=dataset_val_split,30,3,epoch_chunk,accuracy,0.6822589845978323,0.7156303479749002,0.6822589845978323,0.7156303479749002,15,True,False,
Firm-Teacher_Clave-Direction_Classification,/home/crc00006699/zh/tabiclv2/data200/Firm-Teacher_Clave-Direction_Classification,multiclass,8640,1728,2160,16,4,0.8800925925925925,0.8785479453534936,0.7936502706584618,0.9707604933101576,0.3127834496522751,17.49433445930481,2.9294373989105225,ok,,8640,6912,0,2160,0.3119401186704635,16,1e-05,True,17.33502173423767,full_train_epoch_chunks,full train set chunked per epoch | validation=dataset_val_split,30,1,epoch_chunk,accuracy,0.8651620370370371,0.8761574074074074,0.8651620370370371,0.8761574074074074,8,True,False,
Fitness_Club_c,/home/crc00006699/zh/tabiclv2/data200/Fitness_Club_c,binclass,1200,240,300,6,2,0.7966666666666666,0.792733543259859,0.7423891897576108,0.821178821178821,0.4539698684206782,3.496938467025757,0.2527813911437988,ok,,1200,960,0,300,0.4334827661514282,13,1e-05,True,3.471038341522217,full_train_epoch_chunks,full train set chunked per epoch | validation=dataset_val_split,30,1,epoch_chunk,accuracy,0.7708333333333334,0.775,0.7708333333333334,0.775,5,True,False,
GAMETES_Epistasis_2-Way_20atts_0.1H_EDM-1_1,/home/crc00006699/zh/tabiclv2/data200/GAMETES_Epistasis_2-Way_20atts_0.1H_EDM-1_1,binclass,1280,256,320,20,2,0.66875,0.6617605998962945,0.66875,0.722890625,0.6143124295020437,4.455250263214111,0.468451976776123,ok,,1280,1024,0,320,0.5755926370620728,12,1e-05,True,4.397962331771851,full_train_epoch_chunks,full train set chunked per epoch | validation=dataset_val_split,30,1,epoch_chunk,accuracy,0.6484375,0.65625,0.6484375,0.65625,4,True,False,
GAMETES_Heterogeneity_20atts_1600_Het_0.4_0.2_50_EDM-2_001,/home/crc00006699/zh/tabiclv2/data200/GAMETES_Heterogeneity_20atts_1600_Het_0.4_0.2_50_EDM-2_001,binclass,1280,256,320,20,2,0.68125,0.6808011265842591,0.68125,0.751953125,0.5484537828862411,3.0984272956848145,0.3882408142089844,ok,,1280,1024,0,320,0.4843425750732422,8,1e-05,True,3.0419983863830566,full_train_epoch_chunks,full train set chunked per epoch | validation=dataset_val_split,30,1,epoch_chunk,accuracy,0.68359375,0.68359375,0.68359375,0.68359375,0,True,False,
Gender_Gap_in_Spanish_WP,/home/crc00006699/zh/tabiclv2/data200/Gender_Gap_in_Spanish_WP,multiclass,3796,760,950,13,3,0.6094736842105263,0.5549817440821113,0.4183109089840174,0.7051290002578493,0.7949707070587292,5.651834487915039,1.0566682815551758,ok,,3796,3036,0,950,0.8031533658504486,12,1e-05,True,5.601841926574707,full_train_epoch_chunks,full train set chunked per epoch | validation=dataset_val_split,30,1,epoch_chunk,accuracy,0.6276315789473684,0.6302631578947369,0.6276315789473684,0.6302631578947369,4,True,False,
GesturePhaseSegmentationProcessed,/home/crc00006699/zh/tabiclv2/data200/GesturePhaseSegmentationProcessed,multiclass,7898,1580,1975,32,5,0.8283544303797469,0.8271789511060899,0.8075082239126969,0.964079512198244,0.4970779778786051,25.91448402404785,3.293038845062256,ok,,7898,6318,0,1975,0.6084564030170441,20,1e-05,True,25.702810049057007,full_train_epoch_chunks,full train set chunked per epoch | validation=dataset_val_split,30,1,epoch_chunk,accuracy,0.7424050632911392,0.7949367088607595,0.7424050632911392,0.7949367088607595,12,True,False,
HR_Analytics_Job_Change_of_Data_Scientists,/home/crc00006699/zh/tabiclv2/data200/HR_Analytics_Job_Change_of_Data_Scientists,binclass,15326,3066,3832,13,2,0.7995824634655533,0.8007394394311582,0.7381627531587405,0.8083651345660747,0.4320700946195169,16.55018138885498,6.399004936218262,ok,,15326,12260,0,3832,0.4303451180458069,18,1e-05,True,16.339548587799072,full_train_epoch_chunks,full train set chunked per epoch | validation=dataset_val_split,30,2,epoch_chunk,accuracy,0.8085453359425963,0.8091976516634051,0.8085453359425963,0.8091976516634051,1,True,False,
Heart-Disease-Dataset-(Comprehensive),/home/crc00006699/zh/tabiclv2/data200/Heart-Disease-Dataset-(Comprehensive),binclass,952,191,238,11,2,0.9495798319327732,0.9494787388639668,0.9473496468573874,0.9829492758792896,0.1542250225108899,4.858471393585205,0.5403695106506348,ok,,952,761,0,238,0.1927282884716987,17,1e-05,True,4.830220937728882,full_train_epoch_chunks,full train set chunked per epoch | validation=dataset_val_split,30,1,epoch_chunk,accuracy,0.8952879581151832,0.9057591623036648,0.8952879581151832,0.9057591623036648,9,True,False,
INNHotelsGroup,/home/crc00006699/zh/tabiclv2/data200/INNHotelsGroup,binclass,29020,5804,7255,17,2,0.9013094417643004,0.9006907962898159,0.8820679782313179,0.960519382223692,0.2298166335450845,76.0724983215332,18.04393768310547,ok,,29020,23216,0,7255,0.3218446671962738,66,1e-05,True,75.64643049240112,full_train_epoch_chunks,full train set chunked per epoch | validation=dataset_val_split,30,3,epoch_chunk,accuracy,0.8981736733287388,0.9029979324603722,0.8981736733287388,0.9029979324603722,14,True,False,
Indian_pines,/home/crc00006699/zh/tabiclv2/data200/Indian_pines,multiclass,7315,1463,1829,220,8,0.963914707490432,0.9638093114421528,0.9829748677248678,0.9982742359776594,0.1083014759381069,6.056817293167114,11.113430261611938,ok,,7315,5852,0,1829,,0,1e-05,False,4.426908493041992,full_train_epoch_chunks,"full train set chunked per epoch | validation=dataset_val_split | TTT OOM; used original model parameters for inference: OutOfMemoryError: CUDA out of memory. Tried to allocate 642.00 MiB. GPU 0 has a total capacity of 23.57 GiB of which 182.00 MiB is free. Process 79436 has 23.38 GiB memory in use. Of the allocated memory 21.02 GiB is allocated by PyTorch, and 2.05 GiB is reserved by PyTorch but unallocated. If reserved but unallocated memory is large try setting PYTORCH_CUDA_ALLOC_CONF=expandable_segments:True to avoid fragmentation. See documentation for Memory Management (https://pytorch.org/docs/stable/notes/cuda.html#environment-variables)",0,0,,,,,,,0,False,True,"TTT OOM; used original model parameters for inference: OutOfMemoryError: CUDA out of memory. Tried to allocate 642.00 MiB. GPU 0 has a total capacity of 23.57 GiB of which 182.00 MiB is free. Process 79436 has 23.38 GiB memory in use. Of the allocated memory 21.02 GiB is allocated by PyTorch, and 2.05 GiB is reserved by PyTorch but unallocated. If reserved but unallocated memory is large try setting PYTORCH_CUDA_ALLOC_CONF=expandable_segments:True to avoid fragmentation. See documentation for Memory Management (https://pytorch.org/docs/stable/notes/cuda.html#environment-variables)"
Insurance,/home/crc00006699/zh/tabiclv2/data200/Insurance,binclass,18838,3768,4710,10,2,0.7575371549893843,0.6530303380048618,0.5,0.5061034600221467,0.5554755533764822,15.234374284744264,8.246577024459839,ok,,18838,15070,0,4710,0.5572608411312103,16,1e-05,True,15.037076711654665,full_train_epoch_chunks,full train set chunked per epoch | validation=dataset_val_split,30,2,epoch_chunk,accuracy,0.7579617834394905,0.7579617834394905,0.7579617834394905,0.7579617834394905,0,True,False,
Intersectional-Bias-Assessment,/home/crc00006699/zh/tabiclv2/data200/Intersectional-Bias-Assessment,binclass,8800,1760,2200,19,2,0.9454545454545454,0.9454545454545454,0.9454523364995772,0.9898326461154212,0.1346571159822189,16.530301094055176,3.1056454181671143,ok,,8800,7040,0,2200,0.1146059036254882,15,1e-05,True,16.378532886505127,full_train_epoch_chunks,full train set chunked per epoch | validation=dataset_val_split,30,1,epoch_chunk,accuracy,0.946590909090909,0.9511363636363636,0.946590909090909,0.9511363636363636,7,True,False,
Is-this-a-good-customer,/home/crc00006699/zh/tabiclv2/data200/Is-this-a-good-customer,binclass,1378,276,345,13,2,0.8840579710144928,0.829654403567447,0.5,0.7286885245901639,0.3274473979385673,2.652832269668579,0.355879545211792,ok,,1378,1102,0,345,0.3289203494787216,8,1e-05,True,2.6115410327911377,full_train_epoch_chunks,full train set chunked per epoch | validation=dataset_val_split,30,1,epoch_chunk,accuracy,0.9094202898550724,0.9094202898550724,0.9094202898550724,0.9094202898550724,0,True,False,
JapaneseVowels,/home/crc00006699/zh/tabiclv2/data200/JapaneseVowels,multiclass,7968,1594,1993,14,9,0.9989964877069744,0.9989964366569868,0.9988039501624582,0.9999996452527006,0.0011231655451625,17.144243240356445,2.5815184116363525,ok,,7968,6374,0,1993,0.0042623389745131,20,1e-05,True,17.045613765716553,full_train_epoch_chunks,full train set chunked per epoch | validation=dataset_val_split,30,1,epoch_chunk,accuracy,0.9949811794228356,0.9968632371392724,0.9949811794228356,0.9968632371392724,12,True,False,
KDD,/home/crc00006699/zh/tabiclv2/data200/KDD,binclass,4025,805,1007,45,2,0.8093346573982125,0.8084308619954946,0.8102773503767704,0.9042865033337278,0.3710660163246745,13.151495456695557,1.766493797302246,ok,,4025,3220,0,1007,0.3350518494844436,14,1e-05,True,12.96768069267273,full_train_epoch_chunks,full train set chunked per epoch | validation=dataset_val_split,30,1,epoch_chunk,accuracy,0.8037267080745342,0.8149068322981367,0.8037267080745342,0.8149068322981367,6,True,False,
KDDCup09_upselling,/home/crc00006699/zh/tabiclv2/data200/KDDCup09_upselling,binclass,4102,821,1026,49,2,0.8128654970760234,0.8108465202027961,0.8128654970760234,0.9109469580383708,0.3540337596829664,13.722580909729004,1.902753829956055,ok,,4102,3281,0,1026,0.3387197405099869,13,1e-05,True,13.515216588974,full_train_epoch_chunks,full train set chunked per epoch | validation=dataset_val_split,30,1,epoch_chunk,accuracy,0.7880633373934226,0.8026796589524969,0.7880633373934226,0.8026796589524969,5,True,False,
Long,/home/crc00006699/zh/tabiclv2/data200/Long,binclass,3581,717,896,19,2,0.9888392857142856,0.9888259075936572,0.985073711580445,0.9994971422964652,0.02743977256471,8.288039207458496,1.0839402675628662,ok,,3581,2864,0,896,0.0190404020249843,16,1e-05,True,8.219702005386353,full_train_epoch_chunks,full train set chunked per epoch | validation=dataset_val_split,30,1,epoch_chunk,accuracy,0.9818688981868898,0.98884239888424,0.9818688981868898,0.98884239888424,8,True,False,
MIC,/home/crc00006699/zh/tabiclv2/data200/MIC,binclass,1319,264,330,104,2,0.9151515151515152,0.9050940438871472,0.7495256166982922,0.8896619579731534,0.2572338582087743,10.65181016921997,1.095527172088623,ok,,1319,1055,0,330,0.3150694817304611,11,1e-05,True,10.394138097763062,full_train_epoch_chunks,full train set chunked per epoch | validation=dataset_val_split,30,1,epoch_chunk,accuracy,0.8560606060606061,0.8674242424242424,0.8560606060606061,0.8674242424242424,3,True,False,
MagicTelescope,/home/crc00006699/zh/tabiclv2/data200/MagicTelescope,binclass,15216,3044,3804,9,2,0.8885383806519453,0.886797105803415,0.8644597921871988,0.9437376724044918,0.2750709860652114,24.705805778503414,5.967849493026733,ok,,15216,12172,0,3804,0.2975116521120071,32,1e-05,True,24.5823712348938,full_train_epoch_chunks,full train set chunked per epoch | validation=dataset_val_split,30,2,epoch_chunk,accuracy,0.8722076215505913,0.8800919842312747,0.8722076215505913,0.8800919842312747,8,True,False,
Marketing_Campaign,/home/crc00006699/zh/tabiclv2/data200/Marketing_Campaign,binclass,1792,359,448,27,2,0.890625,0.8808956647730533,0.7142829161280213,0.9178125122419398,0.2477039378508321,10.36579942703247,0.6283667087554932,ok,,1792,1433,0,448,0.2448159903287887,26,1e-05,True,10.2951397895813,full_train_epoch_chunks,full train set chunked per epoch | validation=dataset_val_split,30,1,epoch_chunk,accuracy,0.8802228412256268,0.8969359331476323,0.8802228412256268,0.8969359331476323,18,True,False,
Mobile_Price_Classification,/home/crc00006699/zh/tabiclv2/data200/Mobile_Price_Classification,multiclass,1600,320,400,20,4,0.9725,0.972514251582014,0.9725,0.9993166666666666,0.0637254258363681,9.467931032180786,0.4937000274658203,ok,,1600,1280,0,400,0.0408703871071338,24,1e-05,True,9.415266752243042,full_train_epoch_chunks,full train set chunked per epoch | validation=dataset_val_split,30,1,epoch_chunk,accuracy,0.8875,0.9625,0.8875,0.9625,16,True,False,
National_Health_and_Nutrition_Health_Survey,/home/crc00006699/zh/tabiclv2/data200/National_Health_and_Nutrition_Health_Survey,binclass,1822,365,456,7,2,0.8421052631578947,0.8034509099570964,0.5622876354662184,0.7733288028899459,0.3785996905260738,3.5705366134643555,0.5058004856109619,ok,,1822,1457,0,456,0.3487252593040466,11,1e-05,True,3.542816400527954,full_train_epoch_chunks,full train set chunked per epoch | validation=dataset_val_split,30,1,epoch_chunk,accuracy,0.852054794520548,0.8547945205479452,0.852054794520548,0.8547945205479452,3,True,False,
Performance-Prediction,/home/crc00006699/zh/tabiclv2/data200/Performance-Prediction,binclass,1072,215,268,19,2,0.75,0.744245584001245,0.7139142908373678,0.8028211105134181,0.5279171653274746,5.750551462173462,0.3446824550628662,ok,,1072,857,0,268,0.5268588662147522,17,1e-05,True,5.707379341125488,full_train_epoch_chunks,full train set chunked per epoch | validation=dataset_val_split,30,1,epoch_chunk,accuracy,0.6790697674418604,0.7162790697674418,0.6790697674418604,0.7162790697674418,9,True,False,
PhishingWebsites,/home/crc00006699/zh/tabiclv2/data200/PhishingWebsites,binclass,8844,1769,2211,30,2,0.979194934418815,0.9791740177284344,0.9779870355940914,0.9985593262487772,0.0483081342174901,11.951976299285889,6.018792629241943,ok,,8844,7075,0,2211,0.0556987319141626,8,1e-05,True,11.687620162963867,full_train_epoch_chunks,full train set chunked per epoch | validation=dataset_val_split,30,1,epoch_chunk,accuracy,0.9807801017524024,0.9807801017524024,0.9807801017524024,0.9807801017524024,0,True,False,
PieChart3,/home/crc00006699/zh/tabiclv2/data200/PieChart3,binclass,861,173,216,37,2,0.8796296296296297,0.8276166902404526,0.5185185185185185,0.8604742308446012,0.2745560293805167,3.5252273082733154,0.6748402118682861,ok,,861,688,0,216,0.2930095195770263,8,1e-05,True,3.460405111312866,full_train_epoch_chunks,full train set chunked per epoch | validation=dataset_val_split,30,1,epoch_chunk,accuracy,0.8786127167630058,0.8786127167630058,0.8786127167630058,0.8786127167630058,0,True,False,
Pima_Indians_Diabetes_Database,/home/crc00006699/zh/tabiclv2/data200/Pima_Indians_Diabetes_Database,binclass,614,123,154,8,2,0.7532467532467533,0.7465323791854404,0.7077777777777778,0.8618518518518519,0.4576955122463935,3.293571949005127,0.3084490299224853,ok,,614,491,0,154,0.4472523033618927,14,1e-05,True,3.2710516452789307,full_train_epoch_chunks,full train set chunked per epoch | validation=dataset_val_split,30,1,epoch_chunk,accuracy,0.7804878048780488,0.8130081300813008,0.7804878048780488,0.8130081300813008,6,True,False,
PizzaCutter3,/home/crc00006699/zh/tabiclv2/data200/PizzaCutter3,binclass,834,167,209,37,2,0.8803827751196173,0.8243787817913973,0.5,0.8871739130434784,0.2547326047568596,5.123436689376831,0.677760124206543,ok,,834,667,0,209,0.2960557788610458,13,1e-05,True,5.058645963668823,full_train_epoch_chunks,full train set chunked per epoch | validation=dataset_val_split,30,1,epoch_chunk,accuracy,0.874251497005988,0.8802395209580839,0.874251497005988,0.8802395209580839,5,True,False,
Pumpkin_Seeds,/home/crc00006699/zh/tabiclv2/data200/Pumpkin_Seeds,binclass,2000,400,500,12,2,0.872,0.8718025833815308,0.8708333333333333,0.9456730769230768,0.3005287160640436,4.076793909072876,0.4992036819458008,ok,,2000,1600,0,500,0.2259058952331543,13,1e-05,True,4.041149377822876,full_train_epoch_chunks,full train set chunked per epoch | validation=dataset_val_split,30,1,epoch_chunk,accuracy,0.8625,0.87,0.8625,0.87,5,True,False,
QSAR_biodegradation,/home/crc00006699/zh/tabiclv2/data200/QSAR_biodegradation,binclass,843,169,211,41,2,0.8957345971563981,0.8940703276665646,0.8693661971830986,0.9538229376257544,0.2669245548017164,4.312940835952759,0.6945693492889404,ok,,843,674,0,211,0.2807173728942871,8,1e-05,True,4.202950954437256,full_train_epoch_chunks,full train set chunked per epoch | validation=dataset_val_split,30,1,epoch_chunk,accuracy,0.8520710059171598,0.8520710059171598,0.8520710059171598,0.8520710059171598,0,True,False,
Rain_in_Australia,/home/crc00006699/zh/tabiclv2/data200/Rain_in_Australia,multiclass,116368,23274,29092,18,3,0.8547023236628627,0.8459288028308862,0.6842182872697502,0.9097798391527112,0.3608159761992202,296.12250781059265,307.75255060195923,ok,,116368,93094,0,29092,0.3745601028203964,150,1e-05,True,294.4014661312103,full_train_epoch_chunks,full train set chunked per epoch | validation=dataset_val_split,30,10,epoch_chunk,accuracy,0.8462232534158288,0.851336255048552,0.8462232534158288,0.851336255048552,7,True,False,
SDSS17,/home/crc00006699/zh/tabiclv2/data200/SDSS17,multiclass,80000,16000,20000,12,3,0.97725,0.9771297781584304,0.9722870261513812,0.996649234596887,0.0748121726702914,132.7074704170227,106.73939657211304,ok,,80000,64000,0,20000,0.0524552147835493,91,1e-05,True,131.9393048286438,full_train_epoch_chunks,full train set chunked per epoch | validation=dataset_val_split,30,7,epoch_chunk,accuracy,0.9738125,0.975,0.9738125,0.975,5,True,False,
Shipping,/home/crc00006699/zh/tabiclv2/data200/Shipping,binclass,8799,1760,2200,9,2,0.6872727272727273,0.6795848484848485,0.7262100300774335,0.7403233857377503,0.4989101618446548,13.349534273147585,2.65267014503479,ok,,8799,7039,0,2200,0.4899628460407257,16,1e-05,True,13.265265464782717,full_train_epoch_chunks,full train set chunked per epoch | validation=dataset_val_split,30,1,epoch_chunk,accuracy,0.6715909090909091,0.6795454545454546,0.6715909090909091,0.6795454545454546,8,True,False,
Telecom_Churn_Dataset,/home/crc00006699/zh/tabiclv2/data200/Telecom_Churn_Dataset,binclass,2666,534,667,17,2,0.9580209895052474,0.9566431111422914,0.8856122264423947,0.9239916802315068,0.1516759486464452,8.296020746231079,0.7751741409301758,ok,,2666,2132,0,667,0.1411475464701652,21,1e-05,True,8.237669706344604,full_train_epoch_chunks,full train set chunked per epoch | validation=dataset_val_split,30,1,epoch_chunk,accuracy,0.947565543071161,0.9606741573033708,0.947565543071161,0.9606741573033708,13,True,False,
UJI_Pen_Characters,/home/crc00006699/zh/tabiclv2/data200/UJI_Pen_Characters,multiclass,1091,219,273,80,35,0.5311355311355311,0.5184008383732808,0.5350732600732602,0.9602428565316432,1.5186120417187328,0.8420751094818115,2.157999277114868,ok,,1091,872,0,273,,0,1e-05,False,0.4168605804443359,full_train_epoch_chunks,full train set chunked per epoch | validation=dataset_val_split | TTT training skipped because n_classes=35 exceeds model max_classes=10,0,0,epoch_chunk,,,,,,0,False,False,
VulNoneVul,/home/crc00006699/zh/tabiclv2/data200/VulNoneVul,binclass,4553,911,1139,16,2,0.9894644424934153,0.9842245601854184,0.5,0.8611727299615498,0.048066075753598,4.953958034515381,1.3310322761535645,ok,,4553,3642,0,1139,0.0367793198674917,8,1e-05,True,4.880707740783691,full_train_epoch_chunks,full train set chunked per epoch | validation=dataset_val_split,30,1,epoch_chunk,accuracy,0.9890230515916576,0.9890230515916576,0.9890230515916576,0.9890230515916576,0,True,False,
Water_Quality_and_Potability,/home/crc00006699/zh/tabiclv2/data200/Water_Quality_and_Potability,binclass,2620,524,656,8,2,0.6463414634146342,0.5856038536966166,0.5665625000000001,0.6628466796875,0.6261323227025789,6.322525978088379,0.6418321132659912,ok,,2620,2096,0,656,0.6258097290992737,21,1e-05,True,6.291290998458862,full_train_epoch_chunks,full train set chunked per epoch | validation=dataset_val_split,30,1,epoch_chunk,accuracy,0.6278625954198473,0.6583969465648855,0.6278625954198473,0.6583969465648855,13,True,False,
Waterstress,/home/crc00006699/zh/tabiclv2/data200/Waterstress,binclass,950,190,238,22,2,0.7899159663865546,0.78996047571571,0.7905266878755743,0.8500530222693532,0.5081679173386922,4.186673402786255,0.5820894241333008,ok,,950,760,0,238,0.388496845960617,13,1e-05,True,4.144731283187866,full_train_epoch_chunks,full train set chunked per epoch | validation=dataset_val_split,30,1,epoch_chunk,accuracy,0.7684210526315789,0.7789473684210526,0.7684210526315789,0.7789473684210526,5,True,False,
Wilt,/home/crc00006699/zh/tabiclv2/data200/Wilt,binclass,3856,772,965,5,2,0.9927461139896372,0.9926443320683423,0.9508277866711602,0.9909638554216867,0.0336312185166412,2.969877958297729,0.6079158782958984,ok,,3856,3084,0,965,0.0270108943805098,8,1e-05,True,2.9368066787719727,full_train_epoch_chunks,full train set chunked per epoch | validation=dataset_val_split,30,1,epoch_chunk,accuracy,0.9883419689119172,0.9883419689119172,0.9883419689119172,0.9883419689119172,0,True,False,
abalone,/home/crc00006699/zh/tabiclv2/data200/abalone,multiclass,3341,669,836,8,3,0.6471291866028708,0.6509951321478222,0.6451748912356418,0.8290632718556087,0.7473182578856061,4.231580257415772,0.8204801082611084,ok,,3341,2672,0,836,0.6677813827991486,11,1e-05,True,4.190552234649658,full_train_epoch_chunks,full train set chunked per epoch | validation=dataset_val_split,30,1,epoch_chunk,accuracy,0.6860986547085202,0.695067264573991,0.6860986547085202,0.695067264573991,3,True,False,
accelerometer,/home/crc00006699/zh/tabiclv2/data200/accelerometer,multiclass,122403,24481,30601,4,4,0.7433743995294272,0.7414390277721238,0.8075245098039215,0.9285898368832362,0.5367707143302299,343.6145021915436,233.488183259964,ok,,122403,97922,0,30601,0.6026611328125,214,1e-05,True,343.2152371406555,full_train_epoch_chunks,full train set chunked per epoch | validation=dataset_val_split,30,10,epoch_chunk,accuracy,0.7349781463175524,0.7420856991135983,0.7349781463175524,0.7420856991135983,14,True,False,
ada,/home/crc00006699/zh/tabiclv2/data200/ada,binclass,3317,664,830,48,2,0.8481927710843373,0.8440135292293723,0.772218073188947,0.9096068272342543,0.323325429654674,9.569008588790894,1.487478256225586,ok,,3317,2653,0,830,0.3194995522499084,12,1e-05,True,9.435442447662354,full_train_epoch_chunks,full train set chunked per epoch | validation=dataset_val_split,30,1,epoch_chunk,accuracy,0.858433734939759,0.8614457831325302,0.858433734939759,0.8614457831325302,4,True,False,
ada_agnostic,/home/crc00006699/zh/tabiclv2/data200/ada_agnostic,binclass,3649,730,913,48,2,0.836801752464403,0.8332169111606246,0.7617067594816403,0.8907668794390002,0.3477194206894445,6.995325088500977,1.6338038444519043,ok,,3649,2919,0,913,0.315379649400711,8,1e-05,True,6.853460550308228,full_train_epoch_chunks,full train set chunked per epoch | validation=dataset_val_split,30,1,epoch_chunk,accuracy,0.8383561643835616,0.8383561643835616,0.8383561643835616,0.8383561643835616,0,True,False,
ada_prior,/home/crc00006699/zh/tabiclv2/data200/ada_prior,binclass,3649,730,913,14,2,0.8422782037239869,0.8335731574714789,0.7447181515778117,0.8891742977870821,0.3523867183330751,7.058058977127075,1.0485990047454834,ok,,3649,2919,0,913,0.3569430857896805,15,1e-05,True,6.991731882095337,full_train_epoch_chunks,full train set chunked per epoch | validation=dataset_val_split,30,1,epoch_chunk,accuracy,0.8342465753424657,0.836986301369863,0.8342465753424657,0.836986301369863,7,True,False,
adult,/home/crc00006699/zh/tabiclv2/data200/adult,binclass,32561,6513,16281,14,2,0.859406670351944,0.8552838505404371,0.779193773299786,0.91389819887126,0.3033164581327125,100.29503107070924,25.29646921157837,ok,,32561,26048,0,16281,0.3023279756307602,84,1e-05,True,99.89448261260986,full_train_epoch_chunks,full train set chunked per epoch | validation=dataset_val_split,30,3,epoch_chunk,accuracy,0.8544449562413634,0.857976354982343,0.8544449562413634,0.857976354982343,20,True,False,
airlines_seed_0_nrows_2000_nclasses_10_ncols_100_stratify_True,/home/crc00006699/zh/tabiclv2/data200/airlines_seed_0_nrows_2000_nclasses_10_ncols_100_stratify_True,binclass,1600,320,400,7,2,0.6125,0.5967370859020958,0.5913300941390829,0.6639082903127846,0.6334646948363588,2.5027401447296143,0.3573944568634033,ok,,1600,1280,0,400,0.6508023738861084,8,1e-05,True,2.471254348754883,full_train_epoch_chunks,full train set chunked per epoch | validation=dataset_val_split,30,1,epoch_chunk,accuracy,0.653125,0.653125,0.653125,0.653125,0,True,False,
allbp,/home/crc00006699/zh/tabiclv2/data200/allbp,multiclass,3017,604,755,29,3,0.976158940397351,0.9715551815256688,0.5106494305940289,0.9856278370349376,0.0677264556621727,9.6192307472229,1.03438138961792,ok,,3017,2413,0,755,0.0697721019387245,17,1e-05,True,9.515241861343384,full_train_epoch_chunks,full train set chunked per epoch | validation=dataset_val_split,30,1,epoch_chunk,accuracy,0.9817880794701986,0.9867549668874172,0.9817880794701986,0.9867549668874172,9,True,False,
allrep,/home/crc00006699/zh/tabiclv2/data200/allrep,multiclass,3017,604,755,29,4,0.9841059602649008,0.9817257408960596,0.694850782778865,0.9964225705352072,0.0380706413069691,13.2341628074646,1.0269830226898191,ok,,3017,2413,0,755,0.030376486480236,24,1e-05,True,13.131757736206056,full_train_epoch_chunks,full train set chunked per epoch | validation=dataset_val_split,30,1,epoch_chunk,accuracy,0.9801324503311258,0.98841059602649,0.9801324503311258,0.98841059602649,16,True,False,
analcatdata_authorship,/home/crc00006699/zh/tabiclv2/data200/analcatdata_authorship,multiclass,672,135,169,69,4,0.9881656804733728,0.9881656804733728,0.9918564618644068,0.9999242768178148,0.0190752456331899,4.273336172103882,0.4682352542877197,ok,,672,537,0,169,5.923197568336036e-05,8,1e-05,True,4.167815446853638,full_train_epoch_chunks,full train set chunked per epoch | validation=dataset_val_split,30,1,epoch_chunk,accuracy,1.0,1.0,1.0,1.0,0,True,False,
artificial-characters,/home/crc00006699/zh/tabiclv2/data200/artificial-characters,multiclass,8174,1635,2044,7,10,0.9006849315068494,0.9006307463876484,0.8937566461317397,0.9968098315450924,0.2020159566802327,11.517847061157228,2.336826801300049,ok,,8174,6539,0,2044,0.3903470933437347,16,1e-05,True,11.451143264770508,full_train_epoch_chunks,full train set chunked per epoch | validation=dataset_val_split,30,1,epoch_chunk,accuracy,0.8055045871559633,0.8507645259938837,0.8055045871559633,0.8507645259938837,8,True,False,
autoUniv-au4-2500,/home/crc00006699/zh/tabiclv2/data200/autoUniv-au4-2500,multiclass,2000,400,500,100,3,0.536,0.5142520883158295,0.3875415803677901,0.6454780370444088,0.878078183195207,16.699653387069702,1.4791240692138672,ok,,2000,1600,0,500,0.8191114366054535,16,1e-05,True,16.446646451950073,full_train_epoch_chunks,full train set chunked per epoch | validation=dataset_val_split,30,1,epoch_chunk,accuracy,0.52,0.6375,0.52,0.6375,8,True,False,
autoUniv-au7-1100,/home/crc00006699/zh/tabiclv2/data200/autoUniv-au7-1100,multiclass,880,176,220,12,5,0.4227272727272727,0.4019336946907338,0.4045037647836181,0.7317416509458688,1.3501877820218062,4.141890048980713,0.4728305339813232,ok,,880,704,0,220,1.275135338306427,15,1e-05,True,4.108775854110718,full_train_epoch_chunks,full train set chunked per epoch | validation=dataset_val_split,30,1,epoch_chunk,accuracy,0.4602272727272727,0.4772727272727273,0.4602272727272727,0.4772727272727273,7,True,False,
bank,/home/crc00006699/zh/tabiclv2/data200/bank,binclass,36168,7234,9043,16,2,0.9087692137564968,0.904735756460977,0.7396646950271835,0.9431336875734628,0.1853925313125662,124.47350549697876,25.71811294555664,ok,,36168,28934,0,9043,0.1923203095793724,90,1e-05,True,123.98308682441711,full_train_epoch_chunks,full train set chunked per epoch | validation=dataset_val_split,30,3,epoch_chunk,accuracy,0.913602432955488,0.9178877522808958,0.913602432955488,0.9178877522808958,28,False,False,
banknote_authentication,/home/crc00006699/zh/tabiclv2/data200/banknote_authentication,binclass,1097,220,275,4,2,0.5490909090909091,0.4006953633368727,0.4942944390871102,0.5075002678667095,0.6874003883588398,2.1390902996063232,0.1225106716156005,ok,,1097,877,0,275,0.7268310487270355,8,1e-05,True,2.1202311515808105,full_train_epoch_chunks,full train set chunked per epoch | validation=dataset_val_split,30,1,epoch_chunk,accuracy,0.5727272727272728,0.5727272727272728,0.5727272727272728,0.5727272727272728,0,True,False,
baseball,/home/crc00006699/zh/tabiclv2/data200/baseball,multiclass,1072,215,268,16,3,0.9477611940298508,0.9377872893290616,0.6406926406926406,0.9746291135758632,0.1301609589652616,2.578493118286133,0.3096787929534912,ok,,1072,857,0,268,0.1231655552983284,8,1e-05,True,2.5369765758514404,full_train_epoch_chunks,full train set chunked per epoch | validation=dataset_val_split,30,1,epoch_chunk,accuracy,0.958139534883721,0.958139534883721,0.958139534883721,0.958139534883721,0,True,False,
car-evaluation,/home/crc00006699/zh/tabiclv2/data200/car-evaluation,multiclass,1382,277,346,21,4,0.9826589595375722,0.9828345096242236,0.9725501770956316,0.9995462147718308,0.036697796909668,5.325005531311035,0.4486141204833984,ok,,1382,1105,0,346,0.0145930680446326,15,1e-05,True,5.265034914016724,full_train_epoch_chunks,full train set chunked per epoch | validation=dataset_val_split,30,1,epoch_chunk,accuracy,0.9891696750902528,1.0,0.9891696750902528,1.0,7,True,False,
churn,/home/crc00006699/zh/tabiclv2/data200/churn,binclass,4000,800,1000,20,2,0.955,0.9534613630505048,0.875993857280856,0.9261635251281796,0.1507702999884458,11.761476516723633,1.260376214981079,ok,,4000,3200,0,1000,0.0989164672791957,21,1e-05,True,11.675713062286375,full_train_epoch_chunks,full train set chunked per epoch | validation=dataset_val_split,30,1,epoch_chunk,accuracy,0.95125,0.9625,0.95125,0.9625,13,True,False,
cmc,/home/crc00006699/zh/tabiclv2/data200/cmc,multiclass,1178,236,295,9,3,0.5898305084745763,0.585003465003465,0.5556043312847527,0.76060725356899,0.8756635917981854,2.464578628540039,0.3056745529174804,ok,,1178,942,0,295,0.9227488934993744,8,1e-05,True,2.4327552318573,full_train_epoch_chunks,full train set chunked per epoch | validation=dataset_val_split,30,1,epoch_chunk,accuracy,0.5296610169491526,0.5296610169491526,0.5296610169491526,0.5296610169491526,0,True,False,
company_bankruptcy_prediction,/home/crc00006699/zh/tabiclv2/data200/company_bankruptcy_prediction,binclass,5455,1091,1364,95,2,0.9706744868035192,0.9639857490609536,0.6113636363636363,0.9659435261707988,0.0710771251395677,16.307666540145874,3.7907867431640634,ok,,5455,4364,0,1364,0.0882615707814693,8,1e-05,True,15.879356145858765,full_train_epoch_chunks,full train set chunked per epoch | validation=dataset_val_split,30,1,epoch_chunk,accuracy,0.9679193400549956,0.9679193400549956,0.9679193400549956,0.9679193400549956,0,True,False,
compass,/home/crc00006699/zh/tabiclv2/data200/compass,binclass,13315,2663,3329,17,2,0.8828477020126164,0.882824842577892,0.8828435406560406,0.9521952240702242,0.2688193855850603,50.452699422836304,5.357569456100464,ok,,13315,10652,0,3329,0.5977530777454376,60,1e-05,True,50.24637413024902,full_train_epoch_chunks,full train set chunked per epoch | validation=dataset_val_split,30,2,epoch_chunk,accuracy,0.8152459631993991,0.8828389034923019,0.8152459631993991,0.8828389034923019,25,False,False,
connect-4,/home/crc00006699/zh/tabiclv2/data200/connect-4,multiclass,54045,10809,13512,42,3,0.8493931320307875,0.8247028222074235,0.641798586300991,0.9346751466897932,0.3798349734740104,259.2532525062561,143.315247297287,ok,,54045,43236,0,13512,0.5077008157968521,120,1e-05,True,257.1948449611664,full_train_epoch_chunks,full train set chunked per epoch | validation=dataset_val_split,30,5,epoch_chunk,accuracy,0.829308909242298,0.8563234341752244,0.829308909242298,0.8563234341752244,16,True,False,
contraceptive_method_choice,/home/crc00006699/zh/tabiclv2/data200/contraceptive_method_choice,multiclass,1178,236,295,9,3,0.6101694915254238,0.6028804794407985,0.5708548759470621,0.7951650944153591,0.8253079779793069,5.688489198684692,0.3081452846527099,ok,,1178,942,0,295,0.8855450749397278,21,1e-05,True,5.657688617706299,full_train_epoch_chunks,full train set chunked per epoch | validation=dataset_val_split,30,1,epoch_chunk,accuracy,0.5127118644067796,0.5508474576271186,0.5127118644067796,0.5508474576271186,13,True,False,
credit,/home/crc00006699/zh/tabiclv2/data200/credit,binclass,13371,2675,3343,10,2,0.7825306610828597,0.7825259907646578,0.7825292994195951,0.8648266301873502,0.4619395191004941,20.66994380950928,4.966935157775879,ok,,13371,10696,0,3343,0.4399798214435577,28,1e-05,True,20.54982113838196,full_train_epoch_chunks,full train set chunked per epoch | validation=dataset_val_split,30,2,epoch_chunk,accuracy,0.7775700934579439,0.782803738317757,0.7775700934579439,0.782803738317757,6,True,False,
credit-g,/home/crc00006699/zh/tabiclv2/data200/credit-g,binclass,800,160,200,20,2,0.79,0.7720394736842104,0.6928571428571428,0.8388095238095238,0.4493442020534576,3.5914785861968994,0.4979815483093261,ok,,800,640,0,200,0.5194088518619537,11,1e-05,True,3.5390541553497314,full_train_epoch_chunks,full train set chunked per epoch | validation=dataset_val_split,30,1,epoch_chunk,accuracy,0.74375,0.75625,0.74375,0.75625,3,True,False,
customer_satisfaction_in_airline,/home/crc00006699/zh/tabiclv2/data200/customer_satisfaction_in_airline,binclass,103904,20781,25976,21,2,0.9618493994456422,0.9618914910332268,0.9627948919719276,0.9952487264405108,0.0849065548469928,314.27112317085266,269.92042779922485,ok,,103904,83123,0,25976,0.1013931967318058,162,1e-05,True,312.26406359672546,full_train_epoch_chunks,full train set chunked per epoch | validation=dataset_val_split,30,9,epoch_chunk,accuracy,0.9562581203984408,0.9619845050767528,0.9562581203984408,0.9619845050767528,10,True,False,
dabetes_130-us_hospitals,/home/crc00006699/zh/tabiclv2/data200/dabetes_130-us_hospitals,binclass,81412,16283,20354,20,2,0.6419377026628672,0.6370607083028826,0.6332381311016693,0.6977817692530239,0.6222779996125988,202.1852843761444,114.51852345466614,ok,,81412,65129,0,20354,0.625712126493454,112,1e-05,True,200.6558618545532,full_train_epoch_chunks,full train set chunked per epoch | validation=dataset_val_split,30,7,epoch_chunk,accuracy,0.6445372474359762,0.6495731744764478,0.6445372474359762,0.6495731744764478,8,True,False,
default_of_credit_card_clients,/home/crc00006699/zh/tabiclv2/data200/default_of_credit_card_clients,binclass,24000,4800,6000,23,2,0.8251666666666667,0.8050445522137015,0.6657205666569533,0.7993751401975562,0.4149752610418471,77.34033703804016,13.826301097869871,ok,,24000,19200,0,6000,0.4231289774179458,48,1e-05,True,76.83420634269714,full_train_epoch_chunks,full train set chunked per epoch | validation=dataset_val_split,30,2,epoch_chunk,accuracy,0.8195833333333333,0.8225,0.8195833333333333,0.8225,16,True,False,
delta_ailerons,/home/crc00006699/zh/tabiclv2/data200/delta_ailerons,binclass,5703,1141,1426,5,2,0.9509116409537168,0.9509027202578744,0.9505502208584352,0.9816125726404084,0.160158606035109,4.192788600921631,0.9253702163696288,ok,,5703,4562,0,1426,0.1586282104253769,8,1e-05,True,4.156007289886475,full_train_epoch_chunks,full train set chunked per epoch | validation=dataset_val_split,30,1,epoch_chunk,accuracy,0.9421560035056968,0.9421560035056968,0.9421560035056968,0.9421560035056968,0,True,False,
dis,/home/crc00006699/zh/tabiclv2/data200/dis,binclass,3017,604,755,29,2,0.9841059602649008,0.9784826392929236,0.5409937191565725,0.936406460296097,0.0519636200769945,4.948568344116211,1.0366952419281006,ok,,3017,2413,0,755,0.0350996851921081,8,1e-05,True,4.843780517578125,full_train_epoch_chunks,full train set chunked per epoch | validation=dataset_val_split,30,1,epoch_chunk,accuracy,0.9850993377483444,0.9850993377483444,0.9850993377483444,0.9850993377483444,0,True,False,
dna,/home/crc00006699/zh/tabiclv2/data200/dna,multiclass,2548,510,638,180,3,0.9686520376175548,0.968684517298539,0.9658988438977776,0.9971100221748914,0.0980231568587364,49.0406129360199,3.251830101013184,ok,,2548,2038,0,638,0.1697699129581451,24,1e-05,True,48.43031120300293,full_train_epoch_chunks,full train set chunked per epoch | validation=dataset_val_split,30,1,epoch_chunk,accuracy,0.8921568627450981,0.9470588235294116,0.8921568627450981,0.9470588235294116,16,True,False,
drug_consumption,/home/crc00006699/zh/tabiclv2/data200/drug_consumption,multiclass,1507,302,377,12,7,0.403183023872679,0.2316968605998004,0.1428571428571428,0.5073263641448496,1.5088083131795025,2.516202688217163,0.3778238296508789,ok,,1507,1205,0,377,1.498972773551941,8,1e-05,True,2.4825942516326904,full_train_epoch_chunks,full train set chunked per epoch | validation=dataset_val_split,30,1,epoch_chunk,accuracy,0.4039735099337748,0.4039735099337748,0.4039735099337748,0.4039735099337748,0,True,False,
dry_bean_dataset,/home/crc00006699/zh/tabiclv2/data200/dry_bean_dataset,multiclass,10888,2178,2723,16,7,0.926184355490268,0.9262011394108416,0.9367431082023894,0.9958651748851224,0.1915668974740442,24.3603196144104,3.9607138633728023,ok,,10888,8710,0,2723,0.1772597059607505,19,1e-05,True,24.200597524642944,full_train_epoch_chunks,full train set chunked per epoch | validation=dataset_val_split,30,1,epoch_chunk,accuracy,0.9274563820018366,0.9343434343434344,0.9274563820018366,0.9343434343434344,11,True,False,
eeg-eye-state,/home/crc00006699/zh/tabiclv2/data200/eeg-eye-state,binclass,11984,2397,2996,14,2,0.9913217623497996,0.9913205505123583,0.991092477466625,0.999617219709132,0.0234454374690034,16.342946529388428,4.3813865184783936,ok,,11984,9587,0,2996,0.0384936518967151,12,1e-05,True,16.19849991798401,full_train_epoch_chunks,full train set chunked per epoch | validation=dataset_val_split,30,1,epoch_chunk,accuracy,0.9874843554443054,0.9920734251147268,0.9874843554443054,0.9920734251147268,4,True,False,
electricity,/home/crc00006699/zh/tabiclv2/data200/electricity,binclass,36249,7250,9063,8,2,0.9318106587222774,0.9317676984359884,0.9296101073785638,0.9821278327150812,0.1698856764131739,102.16236662864684,24.293771266937256,ok,,36249,28999,0,9063,0.2776337414979934,90,1e-05,True,101.87468338012695,full_train_epoch_chunks,full train set chunked per epoch | validation=dataset_val_split,30,3,epoch_chunk,accuracy,0.8911724137931034,0.931448275862069,0.8911724137931034,0.931448275862069,29,False,False,
estimation_of_obesity_levels,/home/crc00006699/zh/tabiclv2/data200/estimation_of_obesity_levels,multiclass,1688,338,423,16,7,0.9858156028368794,0.9858510184092196,0.9852216748768472,0.9999055266887104,0.0268175275294851,6.117540121078491,0.513472318649292,ok,,1688,1350,0,423,0.0146357677876949,18,1e-05,True,6.069286823272705,full_train_epoch_chunks,full train set chunked per epoch | validation=dataset_val_split,30,1,epoch_chunk,accuracy,0.9585798816568049,0.9763313609467456,0.9585798816568049,0.9763313609467456,10,True,False,
eucalyptus,/home/crc00006699/zh/tabiclv2/data200/eucalyptus,multiclass,588,118,148,19,5,0.7162162162162162,0.7210704849418,0.7027222131873294,0.9387012144816084,0.6113173832420924,5.012936592102051,0.3729217052459717,ok,,588,470,0,148,0.5417855679988861,18,1e-05,True,4.973634004592896,full_train_epoch_chunks,full train set chunked per epoch | validation=dataset_val_split,30,1,epoch_chunk,accuracy,0.711864406779661,0.7372881355932204,0.711864406779661,0.7372881355932204,10,True,False,
eye_movements,/home/crc00006699/zh/tabiclv2/data200/eye_movements,multiclass,8748,1750,2188,27,3,0.7714808043875686,0.7711617229537872,0.7812053097615795,0.9183926472420144,0.5177957389956673,36.08783292770386,3.407400608062744,ok,,8748,6998,0,2188,0.4521660953760147,28,1e-05,True,35.85841965675354,full_train_epoch_chunks,full train set chunked per epoch | validation=dataset_val_split,30,1,epoch_chunk,accuracy,0.68,0.828,0.68,0.828,20,True,False,
eye_movements_bin,/home/crc00006699/zh/tabiclv2/data200/eye_movements_bin,binclass,6086,1218,1522,20,2,0.6741130091984231,0.673864657496371,0.6741130091984231,0.7476088762106711,0.5816787252984659,24.46121025085449,2.0189051628112797,ok,,6086,4868,0,1522,0.53998202085495,30,1e-05,True,24.337012767791748,full_train_epoch_chunks,full train set chunked per epoch | validation=dataset_val_split,30,1,epoch_chunk,accuracy,0.6223316912972086,0.7044334975369458,0.6223316912972086,0.7044334975369458,27,False,False,
first-order-theorem-proving,/home/crc00006699/zh/tabiclv2/data200/first-order-theorem-proving,multiclass,4894,979,1224,51,6,0.6397058823529411,0.6239616398234191,0.5164597691486256,0.853273927607864,1.045218101426291,17.195499181747437,2.303520441055298,ok,,4894,3915,0,1224,1.0797138810157776,15,1e-05,True,16.97316026687622,full_train_epoch_chunks,full train set chunked per epoch | validation=dataset_val_split,30,1,epoch_chunk,accuracy,0.6159346271705822,0.627170582226762,0.6159346271705822,0.627170582226762,7,True,False,
gas-drift,/home/crc00006699/zh/tabiclv2/data200/gas-drift,multiclass,11128,2226,2782,128,6,0.996764917325665,0.9967639292090108,0.9967103721075468,0.9999052804228654,0.0163245298815771,6.231313705444336,11.758000373840332,ok,,11128,8902,0,2782,,0,1e-05,False,4.5309059619903564,full_train_epoch_chunks,"full train set chunked per epoch | validation=dataset_val_split | TTT OOM; used original model parameters for inference: OutOfMemoryError: CUDA out of memory. Tried to allocate 574.00 MiB. GPU 0 has a total capacity of 23.57 GiB of which 544.00 MiB is free. Process 79436 has 23.03 GiB memory in use. Of the allocated memory 21.13 GiB is allocated by PyTorch, and 1.59 GiB is reserved by PyTorch but unallocated. If reserved but unallocated memory is large try setting PYTORCH_CUDA_ALLOC_CONF=expandable_segments:True to avoid fragmentation. See documentation for Memory Management (https://pytorch.org/docs/stable/notes/cuda.html#environment-variables)",0,0,,,,,,,0,False,True,"TTT OOM; used original model parameters for inference: OutOfMemoryError: CUDA out of memory. Tried to allocate 574.00 MiB. GPU 0 has a total capacity of 23.57 GiB of which 544.00 MiB is free. Process 79436 has 23.03 GiB memory in use. Of the allocated memory 21.13 GiB is allocated by PyTorch, and 1.59 GiB is reserved by PyTorch but unallocated. If reserved but unallocated memory is large try setting PYTORCH_CUDA_ALLOC_CONF=expandable_segments:True to avoid fragmentation. See documentation for Memory Management (https://pytorch.org/docs/stable/notes/cuda.html#environment-variables)"
golf_play_dataset_extended,/home/crc00006699/zh/tabiclv2/data200/golf_play_dataset_extended,binclass,876,176,219,9,2,0.9315068493150684,0.9312292066229928,0.8928122643880372,0.9787635084192008,0.1503687195762661,2.184638738632202,0.4048972129821777,ok,,876,700,0,219,0.1443964093923568,8,1e-05,True,2.155465602874756,full_train_epoch_chunks,full train set chunked per epoch | validation=dataset_val_split,30,1,epoch_chunk,accuracy,0.9090909090909092,0.9090909090909092,0.9090909090909092,0.9090909090909092,0,True,False,
helena,/home/crc00006699/zh/tabiclv2/data200/helena,multiclass,52156,10432,13040,27,100,0.4193251533742331,0.3910745744500198,0.2694984025997626,0.9067706452121644,2.382815165874636,2.484557867050171,87.33838891983032,ok,,52156,41724,0,13040,,0,1e-05,False,1.1361546516418457,full_train_epoch_chunks,full train set chunked per epoch | validation=dataset_val_split | TTT training skipped because n_classes=100 exceeds model max_classes=10,0,0,epoch_chunk,,,,,,0,False,False,
heloc,/home/crc00006699/zh/tabiclv2/data200/heloc,binclass,8000,1600,2000,22,2,0.7215,0.7213042859347977,0.7215,0.8012769999999999,0.5424926884718334,12.195409774780272,2.878361225128174,ok,,8000,6400,0,2000,0.5311218500137329,11,1e-05,True,12.04329800605774,full_train_epoch_chunks,full train set chunked per epoch | validation=dataset_val_split,30,1,epoch_chunk,accuracy,0.7275,0.73,0.7275,0.73,3,True,False,
hill-valley,/home/crc00006699/zh/tabiclv2/data200/hill-valley,binclass,969,194,243,100,2,0.9547325102880658,0.9547233084877756,0.9546809375423384,0.9890258772524048,0.17328837493054,11.084926843643188,0.8062548637390137,ok,,969,775,0,243,0.2360377386212349,16,1e-05,True,10.94600796699524,full_train_epoch_chunks,full train set chunked per epoch | validation=dataset_val_split,30,1,epoch_chunk,accuracy,0.8762886597938144,0.9072164948453608,0.8762886597938144,0.9072164948453608,8,True,False,
house_16H,/home/crc00006699/zh/tabiclv2/data200/house_16H,binclass,10790,2158,2698,16,2,0.8921423276501111,0.8921416016007352,0.8921423276501113,0.955907266783566,0.2711331713493115,10.719440460205078,3.9532487392425537,ok,,10790,8632,0,2698,0.255251944065094,8,1e-05,True,10.56410002708435,full_train_epoch_chunks,full train set chunked per epoch | validation=dataset_val_split,30,1,epoch_chunk,accuracy,0.8818350324374421,0.8818350324374421,0.8818350324374421,0.8818350324374421,0,True,False,
htru,/home/crc00006699/zh/tabiclv2/data200/htru,binclass,14318,2864,3580,8,2,0.9798882681564246,0.979719410862884,0.9313630636306364,0.9864379893798936,0.0653183477678745,11.537564992904665,5.326742887496948,ok,,14318,11454,0,3580,0.0661490336060524,16,1e-05,True,11.439031600952148,full_train_epoch_chunks,full train set chunked per epoch | validation=dataset_val_split,30,2,epoch_chunk,accuracy,0.9797486033519552,0.9797486033519552,0.9797486033519552,0.9797486033519552,0,True,False,
ibm-employee-performance,/home/crc00006699/zh/tabiclv2/data200/ibm-employee-performance,binclass,1176,236,294,30,2,1.0,1.0,1.0,1.0,0.0007419070500847,4.431619167327881,0.4442746639251709,ok,,1176,940,0,294,6.179860292832018e-06,10,1e-05,True,4.362560749053955,full_train_epoch_chunks,full train set chunked per epoch | validation=dataset_val_split,30,1,epoch_chunk,accuracy,0.9957627118644068,1.0,0.9957627118644068,1.0,2,True,False,
in_vehicle_coupon_recommendation,/home/crc00006699/zh/tabiclv2/data200/in_vehicle_coupon_recommendation,binclass,10147,2030,2537,21,2,0.795821836815136,0.7948055664183872,0.787863761011786,0.864768301255866,0.4525461056938762,30.27491521835327,3.859920263290405,ok,,10147,8117,0,2537,0.4896626323461532,23,1e-05,True,30.03005170822144,full_train_epoch_chunks,full train set chunked per epoch | validation=dataset_val_split,30,1,epoch_chunk,accuracy,0.7512315270935961,0.7605911330049261,0.7512315270935961,0.7605911330049261,15,True,False,
internet_firewall,/home/crc00006699/zh/tabiclv2/data200/internet_firewall,multiclass,52425,10485,13107,7,4,0.9250782024872206,0.9237303259273156,0.7824494902053338,0.9896320401483768,0.1121894529632597,77.6647789478302,46.74083924293518,ok,,52425,41940,0,13107,0.1051547080278396,74,1e-05,True,77.41842269897461,full_train_epoch_chunks,full train set chunked per epoch | validation=dataset_val_split,30,5,epoch_chunk,accuracy,0.9346685741535526,0.9348593228421554,0.9346685741535526,0.9348593228421554,7,True,False,
internet_usage,/home/crc00006699/zh/tabiclv2/data200/internet_usage,multiclass,8086,1618,2022,70,46,0.5326409495548962,0.4522811122103715,0.1524438132824076,0.9357984853663222,1.4101917690129535,1.648653507232666,9.522011995315552,ok,,8086,6468,0,2022,,0,1e-05,False,0.7884221076965332,full_train_epoch_chunks,full train set chunked per epoch | validation=dataset_val_split | TTT training skipped because n_classes=46 exceeds model max_classes=10,0,0,epoch_chunk,,,,,,0,False,False,
jasmine,/home/crc00006699/zh/tabiclv2/data200/jasmine,binclass,2387,478,597,144,2,0.8140703517587939,0.8120104728541093,0.8142465937913852,0.8767760544095531,0.3899094222648879,22.22659134864807,2.584712028503418,ok,,2387,1909,0,597,0.3724688738584518,13,1e-05,True,21.754912853240967,full_train_epoch_chunks,full train set chunked per epoch | validation=dataset_val_split,30,1,epoch_chunk,accuracy,0.8451882845188284,0.8493723849372385,0.8451882845188284,0.8493723849372385,5,True,False,
jm1,/home/crc00006699/zh/tabiclv2/data200/jm1,binclass,8708,1742,2177,21,2,0.8222324299494718,0.7892451338198885,0.5990692244844956,0.7658817545815094,0.422467042412186,18.527918338775635,3.13642692565918,ok,,8708,6966,0,2177,0.4101369529962539,16,1e-05,True,18.37046265602112,full_train_epoch_chunks,full train set chunked per epoch | validation=dataset_val_split,30,1,epoch_chunk,accuracy,0.817451205510907,0.8277841561423651,0.817451205510907,0.8277841561423651,8,True,False,
jungle_chess_2pcs_raw_endgame_complete,/home/crc00006699/zh/tabiclv2/data200/jungle_chess_2pcs_raw_endgame_complete,multiclass,35855,7171,8964,6,3,0.9726684515841142,0.9726060564247636,0.9559694503763831,0.9972286247671828,0.1112240936203741,94.18087458610536,23.46531057357788,ok,,35855,28684,0,8964,0.0830302610993385,90,1e-05,True,94.00464129447936,full_train_epoch_chunks,full train set chunked per epoch | validation=dataset_val_split,30,3,epoch_chunk,accuracy,0.8737972388788174,0.9892623065123414,0.8737972388788174,0.9892623065123414,24,False,False,
kc1,/home/crc00006699/zh/tabiclv2/data200/kc1,binclass,1687,338,422,21,2,0.8791469194312796,0.8627398704754854,0.6706097823744883,0.8648567119155355,0.3005410591054623,5.375718832015991,0.508807897567749,ok,,1687,1349,0,422,0.3198010921478271,14,1e-05,True,5.322568655014038,full_train_epoch_chunks,full train set chunked per epoch | validation=dataset_val_split,30,1,epoch_chunk,accuracy,0.8727810650887574,0.8757396449704142,0.8727810650887574,0.8757396449704142,6,True,False,
kdd_ipums_la_97-small,/home/crc00006699/zh/tabiclv2/data200/kdd_ipums_la_97-small,binclass,4150,830,1038,20,2,0.8863198458574181,0.8858004893039354,0.8863198458574182,0.9500206043191108,0.2583399867778335,10.005103826522827,1.2746548652648926,ok,,4150,3320,0,1038,0.2246517390012741,17,1e-05,True,9.923524379730225,full_train_epoch_chunks,full train set chunked per epoch | validation=dataset_val_split,30,1,epoch_chunk,accuracy,0.8831325301204819,0.8867469879518072,0.8831325301204819,0.8867469879518072,9,True,False,
kr-vs-k,/home/crc00006699/zh/tabiclv2/data200/kr-vs-k,multiclass,22444,4489,5612,6,18,0.8556664290805417,0.8550126753776042,0.8297845524399409,0.9946559236073276,0.4137594792476616,0.8853292465209961,23.627755641937256,ok,,22444,17955,0,5612,,0,1e-05,False,0.4283130168914795,full_train_epoch_chunks,full train set chunked per epoch | validation=dataset_val_split | TTT training skipped because n_classes=18 exceeds model max_classes=10,0,0,epoch_chunk,,,,,,0,False,False,
kr-vs-kp,/home/crc00006699/zh/tabiclv2/data200/kr-vs-kp,binclass,2556,512,640,36,2,0.9984375,0.9984376031804651,0.998502994011976,0.9999804312942744,0.0054234332692229,10.40716028213501,1.0440194606781006,ok,,2556,2044,0,640,0.0020833550952374,17,1e-05,True,10.273165941238403,full_train_epoch_chunks,full train set chunked per epoch | validation=dataset_val_split,30,1,epoch_chunk,accuracy,0.994140625,0.998046875,0.994140625,0.998046875,9,True,False,
kropt,/home/crc00006699/zh/tabiclv2/data200/kropt,multiclass,22444,4489,5612,6,18,0.8517462580185318,0.8510227094005555,0.8246410101475824,0.9944043200830124,0.419197628457065,0.8986692428588867,23.606532096862797,ok,,22444,17955,0,5612,,0,1e-05,False,0.4360744953155517,full_train_epoch_chunks,full train set chunked per epoch | validation=dataset_val_split | TTT training skipped because n_classes=18 exceeds model max_classes=10,0,0,epoch_chunk,,,,,,0,False,False,
law-school-admission-bianry,/home/crc00006699/zh/tabiclv2/data200/law-school-admission-bianry,binclass,16640,3328,4160,11,2,1.0,1.0,1.0,1.0,2.156230747295861e-07,13.997874021530151,6.934491872787476,ok,,16640,13312,0,4160,0.0,16,1e-05,True,13.830356359481812,full_train_epoch_chunks,full train set chunked per epoch | validation=dataset_val_split,30,2,epoch_chunk,accuracy,1.0,1.0,1.0,1.0,0,True,False,
led24,/home/crc00006699/zh/tabiclv2/data200/led24,multiclass,2560,512,640,24,10,0.7296875,0.7260139767715386,0.7293919197670384,0.9567832832864612,0.7816007742443266,7.160677909851074,0.8563210964202881,ok,,2560,2048,0,640,0.8075851798057556,14,1e-05,True,7.070532560348511,full_train_epoch_chunks,full train set chunked per epoch | validation=dataset_val_split,30,1,epoch_chunk,accuracy,0.720703125,0.73828125,0.720703125,0.73828125,6,True,False,
led7,/home/crc00006699/zh/tabiclv2/data200/led7,multiclass,2560,512,640,7,10,0.7453125,0.7398079623239626,0.744328834839443,0.959177214963388,0.7803326572035824,4.699679136276245,0.5953564643859863,ok,,2560,2048,0,640,0.8077813684940338,15,1e-05,True,4.662370443344116,full_train_epoch_chunks,full train set chunked per epoch | validation=dataset_val_split,30,1,epoch_chunk,accuracy,0.72265625,0.7265625,0.72265625,0.7265625,7,True,False,
letter,/home/crc00006699/zh/tabiclv2/data200/letter,multiclass,16000,3200,4000,15,26,0.9865,0.9864941386894752,0.9864598719119164,0.9999542778702716,0.0378667780507959,0.9977436065673828,14.876012802124023,ok,,16000,12800,0,4000,,0,1e-05,False,0.4771637916564941,full_train_epoch_chunks,full train set chunked per epoch | validation=dataset_val_split | TTT training skipped because n_classes=26 exceeds model max_classes=10,0,0,epoch_chunk,,,,,,0,False,False,
madeline,/home/crc00006699/zh/tabiclv2/data200/madeline,binclass,2512,503,628,259,2,0.8057324840764332,0.8055746969452412,0.805562317429406,0.8870953018500487,0.446577588195153,73.47482991218567,4.585061550140381,ok,,2512,2009,0,628,0.3668740689754486,30,1e-05,True,72.88026404380798,full_train_epoch_chunks,full train set chunked per epoch | validation=dataset_val_split,30,1,epoch_chunk,accuracy,0.679920477137177,0.8131212723658051,0.679920477137177,0.8131212723658051,23,False,False,
mammography,/home/crc00006699/zh/tabiclv2/data200/mammography,binclass,8946,1790,2237,6,2,0.9901654000894056,0.9894161898194525,0.8260077451152966,0.9839640908290794,0.0317748630042997,10.80992031097412,1.968724012374878,ok,,8946,7156,0,2237,0.0399872735142707,14,1e-05,True,10.74114155769348,full_train_epoch_chunks,full train set chunked per epoch | validation=dataset_val_split,30,1,epoch_chunk,accuracy,0.987709497206704,0.988826815642458,0.987709497206704,0.988826815642458,6,True,False,
maternal_health_risk,/home/crc00006699/zh/tabiclv2/data200/maternal_health_risk,multiclass,811,163,203,6,3,0.8719211822660099,0.8701077326808658,0.8734096074062906,0.958178661240018,0.3564834499002452,5.268495321273804,0.3883430957794189,ok,,811,648,0,203,0.4818131029605865,23,1e-05,True,5.248319625854492,full_train_epoch_chunks,full train set chunked per epoch | validation=dataset_val_split,30,1,epoch_chunk,accuracy,0.8159509202453987,0.8466257668711656,0.8159509202453987,0.8466257668711656,15,True,False,
mfeat-factors,/home/crc00006699/zh/tabiclv2/data200/mfeat-factors,multiclass,1600,320,400,216,10,0.9725,0.9724636647318544,0.9725,0.9995555555555556,0.0999134866352469,13.617826461791992,2.448418617248535,ok,,1600,1280,0,400,0.0451137144118547,8,1e-05,True,13.243278503417969,full_train_epoch_chunks,full train set chunked per epoch | validation=dataset_val_split,30,1,epoch_chunk,accuracy,0.975,0.975,0.975,0.975,0,True,False,
mfeat-fourier,/home/crc00006699/zh/tabiclv2/data200/mfeat-fourier,multiclass,1600,320,400,76,10,0.9025,0.9022986769328232,0.9025,0.992875,0.2311091326346134,11.071015357971191,1.039665937423706,ok,,1600,1280,0,400,0.1945440545678138,15,1e-05,True,10.92455554008484,full_train_epoch_chunks,full train set chunked per epoch | validation=dataset_val_split,30,1,epoch_chunk,accuracy,0.875,0.878125,0.875,0.878125,7,True,False,
mfeat-karhunen,/home/crc00006699/zh/tabiclv2/data200/mfeat-karhunen,multiclass,1600,320,400,64,10,0.975,0.9749923943067405,0.975,0.9996875,0.1095169555046341,5.512308597564697,0.9870882034301758,ok,,1600,1280,0,400,0.0386011190712451,8,1e-05,True,5.392818450927734,full_train_epoch_chunks,full train set chunked per epoch | validation=dataset_val_split,30,1,epoch_chunk,accuracy,0.975,0.975,0.975,0.975,0,True,False,
mfeat-morphological,/home/crc00006699/zh/tabiclv2/data200/mfeat-morphological,multiclass,1600,320,400,6,10,0.745,0.7406635456331904,0.745,0.9719027777777776,0.4954927919254585,3.927594184875488,0.3852524757385254,ok,,1600,1280,0,400,0.6156444847583771,15,1e-05,True,3.9036455154418954,full_train_epoch_chunks,full train set chunked per epoch | validation=dataset_val_split,30,1,epoch_chunk,accuracy,0.75,0.7625,0.75,0.7625,7,True,False,
mfeat-pixel,/home/crc00006699/zh/tabiclv2/data200/mfeat-pixel,multiclass,1600,320,400,240,10,0.975,0.9749564783114232,0.975,0.9996458333333336,0.1070458914682095,31.122568368911743,2.7991082668304443,ok,,1600,1280,0,400,0.0086785692255944,15,1e-05,True,30.46782660484314,full_train_epoch_chunks,full train set chunked per epoch | validation=dataset_val_split,30,1,epoch_chunk,accuracy,0.971875,0.975,0.971875,0.975,7,True,False,
mfeat-zernike,/home/crc00006699/zh/tabiclv2/data200/mfeat-zernike,multiclass,1600,320,400,47,10,0.8825,0.8815331027721767,0.8825000000000001,0.9926597222222222,0.2356231672995511,10.137429237365724,0.8091275691986084,ok,,1600,1280,0,400,0.1708242818713188,18,1e-05,True,10.035815954208374,full_train_epoch_chunks,full train set chunked per epoch | validation=dataset_val_split,30,1,epoch_chunk,accuracy,0.871875,0.90625,0.871875,0.90625,10,True,False,
mice_protein_expression,/home/crc00006699/zh/tabiclv2/data200/mice_protein_expression,multiclass,864,173,216,75,8,1.0,1.0,1.0,1.0,1.354804900309819e-05,4.670474052429199,0.616215705871582,ok,,864,691,0,216,0.0002814725739881,8,1e-05,True,4.558377504348755,full_train_epoch_chunks,full train set chunked per epoch | validation=dataset_val_split,30,1,epoch_chunk,accuracy,1.0,1.0,1.0,1.0,0,True,False,
microaggregation2,/home/crc00006699/zh/tabiclv2/data200/microaggregation2,multiclass,16000,3200,4000,20,5,0.63975,0.5922007562772802,0.414085681208496,0.8268747781648556,0.8798790053183354,20.33954071998596,7.249992847442627,ok,,16000,12800,0,4000,0.9304349422454834,20,1e-05,True,20.10587763786316,full_train_epoch_chunks,full train set chunked per epoch | validation=dataset_val_split,30,2,epoch_chunk,accuracy,0.649375,0.6525,0.649375,0.6525,2,True,False,
mobile_c36_oversampling,/home/crc00006699/zh/tabiclv2/data200/mobile_c36_oversampling,binclass,41408,8282,10352,6,2,0.9928516228748068,0.9928494390002472,0.9922049224294568,0.9993134692406056,0.0255757692407609,75.1398777961731,22.860082387924194,ok,,41408,33126,0,10352,0.0672759041190147,80,1e-05,True,74.95814037322998,full_train_epoch_chunks,full train set chunked per epoch | validation=dataset_val_split,30,4,epoch_chunk,accuracy,0.9904612412460758,0.994566529823714,0.9904612412460758,0.994566529823714,12,True,False,
mozilla4,/home/crc00006699/zh/tabiclv2/data200/mozilla4,binclass,12436,2488,3109,4,2,0.9411386297844966,0.9403771787809624,0.9217042975009776,0.9736454446827204,0.1709371367092234,21.71401023864746,2.0174405574798584,ok,,12436,9948,0,3109,0.1726908534765243,22,1e-05,True,21.652947425842285,full_train_epoch_chunks,full train set chunked per epoch | validation=dataset_val_split,30,1,epoch_chunk,accuracy,0.9340836012861736,0.9368971061093248,0.9340836012861736,0.9368971061093248,14,True,False,
naticusdroid+android+permissions+dataset,/home/crc00006699/zh/tabiclv2/data200/naticusdroid+android+permissions+dataset,binclass,23465,4693,5867,86,2,0.971535708198398,0.9715352467676897,0.971547276238818,0.9953635981211753,0.0786598491502649,7.683213233947754,89.30033087730408,ok,,23465,18772,0,5867,,0,1e-05,False,5.598716020584106,full_train_epoch_chunks,"full train set chunked per epoch | validation=dataset_val_split | TTT OOM; used original model parameters for inference: OutOfMemoryError: CUDA out of memory. Tried to allocate 440.00 MiB. GPU 0 has a total capacity of 23.57 GiB of which 404.00 MiB is free. Process 79436 has 23.17 GiB memory in use. Of the allocated memory 21.71 GiB is allocated by PyTorch, and 1.14 GiB is reserved by PyTorch but unallocated. If reserved but unallocated memory is large try setting PYTORCH_CUDA_ALLOC_CONF=expandable_segments:True to avoid fragmentation. See documentation for Memory Management (https://pytorch.org/docs/stable/notes/cuda.html#environment-variables)",0,0,,,,,,,0,False,True,"TTT OOM; used original model parameters for inference: OutOfMemoryError: CUDA out of memory. Tried to allocate 440.00 MiB. GPU 0 has a total capacity of 23.57 GiB of which 404.00 MiB is free. Process 79436 has 23.17 GiB memory in use. Of the allocated memory 21.71 GiB is allocated by PyTorch, and 1.14 GiB is reserved by PyTorch but unallocated. If reserved but unallocated memory is large try setting PYTORCH_CUDA_ALLOC_CONF=expandable_segments:True to avoid fragmentation. See documentation for Memory Management (https://pytorch.org/docs/stable/notes/cuda.html#environment-variables)"
national-longitudinal-survey-binary,/home/crc00006699/zh/tabiclv2/data200/national-longitudinal-survey-binary,binclass,3926,786,982,16,2,1.0,1.0,1.0,1.0,0.0025399711706705,4.399525880813599,1.125432014465332,ok,,3926,3140,0,982,0.0031624399125576,8,1e-05,True,4.320878744125366,full_train_epoch_chunks,full train set chunked per epoch | validation=dataset_val_split,30,1,epoch_chunk,accuracy,0.9987277353689568,0.9987277353689568,0.9987277353689568,0.9987277353689568,0,True,False,
okcupid_stem,/home/crc00006699/zh/tabiclv2/data200/okcupid_stem,multiclass,21341,4269,5336,13,3,0.75,0.6915341765351295,0.4964138266120331,0.8065968981208478,0.5924083135422937,43.90017032623291,10.473130941390991,ok,,21341,17072,0,5336,0.5881403088569641,38,1e-05,True,43.613688707351685,full_train_epoch_chunks,full train set chunked per epoch | validation=dataset_val_split,30,2,epoch_chunk,accuracy,0.7427969079409698,0.7519325368938862,0.7427969079409698,0.7519325368938862,11,True,False,
one-hundred-plants-margin,/home/crc00006699/zh/tabiclv2/data200/one-hundred-plants-margin,multiclass,1280,256,320,64,100,0.90625,0.90406498015873,0.9066666666666668,0.9987667129204434,0.3524523830496692,0.8964509963989258,3.690281391143799,ok,,1280,1024,0,320,,0,1e-05,False,0.4546425342559814,full_train_epoch_chunks,full train set chunked per epoch | validation=dataset_val_split | TTT training skipped because n_classes=100 exceeds model max_classes=10,0,0,epoch_chunk,,,,,,0,False,False,
one-hundred-plants-shape,/home/crc00006699/zh/tabiclv2/data200/one-hundred-plants-shape,multiclass,1280,256,320,64,100,0.79375,0.7832118055555556,0.7941666666666667,0.9940605907838516,0.7369631441923921,0.988682985305786,3.630908727645874,ok,,1280,1024,0,320,,0,1e-05,False,0.4313745498657226,full_train_epoch_chunks,full train set chunked per epoch | validation=dataset_val_split | TTT training skipped because n_classes=100 exceeds model max_classes=10,0,0,epoch_chunk,,,,,,0,False,False,
one-hundred-plants-texture,/home/crc00006699/zh/tabiclv2/data200/one-hundred-plants-texture,multiclass,1279,256,320,64,100,0.928125,0.9257142857142856,0.9291666666666666,0.999402735628053,0.27758177890935,0.872046947479248,3.6104018688201904,ok,,1279,1023,0,320,,0,1e-05,False,0.4384834766387939,full_train_epoch_chunks,full train set chunked per epoch | validation=dataset_val_split | TTT training skipped because n_classes=100 exceeds model max_classes=10,0,0,epoch_chunk,,,,,,0,False,False,
online_shoppers,/home/crc00006699/zh/tabiclv2/data200/online_shoppers,binclass,9864,1973,2466,14,2,0.9047039740470396,0.8998269725830805,0.7736506516867482,0.9280626011194744,0.2314168589247272,11.277691841125488,3.356172800064087,ok,,9864,7891,0,2466,0.2304119020700454,10,1e-05,True,11.134646654129028,full_train_epoch_chunks,full train set chunked per epoch | validation=dataset_val_split,30,1,epoch_chunk,accuracy,0.9026862645717182,0.9036999493157628,0.9026862645717182,0.9036999493157628,2,True,False,
optdigits,/home/crc00006699/zh/tabiclv2/data200/optdigits,multiclass,4496,900,1124,64,10,0.99644128113879,0.9964451309023012,0.9964598997493734,0.9999947060034092,0.010087229516186,17.457587480545044,2.384361267089844,ok,,4496,3596,0,1124,0.0236638542264699,14,1e-05,True,17.208403825759888,full_train_epoch_chunks,full train set chunked per epoch | validation=dataset_val_split,30,1,epoch_chunk,accuracy,0.9911111111111112,0.9922222222222222,0.9911111111111112,0.9922222222222222,6,True,False,
ozone-level-8hr,/home/crc00006699/zh/tabiclv2/data200/ozone-level-8hr,binclass,2027,406,507,72,2,0.9546351084812624,0.9455028296657256,0.6697697368421053,0.9334539473684208,0.1337665227424543,8.263988018035889,1.2483937740325928,ok,,2027,1621,0,507,0.140553131699562,10,1e-05,True,8.10660433769226,full_train_epoch_chunks,full train set chunked per epoch | validation=dataset_val_split,30,1,epoch_chunk,accuracy,0.9507389162561576,0.9532019704433498,0.9507389162561576,0.9532019704433498,2,True,False,
ozone_level,/home/crc00006699/zh/tabiclv2/data200/ozone_level,binclass,2028,406,508,36,2,0.9803149606299212,0.9725192154161644,0.4989979959919839,0.871520819416611,0.078507862479905,6.14299201965332,0.8560853004455566,ok,,2028,1622,0,508,0.0919459536671638,10,1e-05,True,6.004911661148071,full_train_epoch_chunks,full train set chunked per epoch | validation=dataset_val_split,30,1,epoch_chunk,accuracy,0.9655172413793104,0.9679802955665024,0.9655172413793104,0.9679802955665024,2,True,False,
page-blocks,/home/crc00006699/zh/tabiclv2/data200/page-blocks,multiclass,4378,876,1095,10,5,0.978082191780822,0.9779714901485752,0.9082259634694504,0.9932852976246538,0.0858110738624375,4.856790542602539,1.1435704231262207,ok,,4378,3502,0,1095,0.0531544797122478,10,1e-05,True,4.806172132492065,full_train_epoch_chunks,full train set chunked per epoch | validation=dataset_val_split,30,1,epoch_chunk,accuracy,0.9748858447488584,0.976027397260274,0.9748858447488584,0.976027397260274,2,True,False,
pc1,/home/crc00006699/zh/tabiclv2/data200/pc1,binclass,887,178,222,21,2,0.945945945945946,0.9395752895752896,0.6927536231884058,0.9057971014492754,0.1548744975899386,4.274320125579834,0.5201902389526367,ok,,887,709,0,222,0.141260378062725,14,1e-05,True,4.231177806854248,full_train_epoch_chunks,full train set chunked per epoch | validation=dataset_val_split,30,1,epoch_chunk,accuracy,0.9325842696629212,0.9662921348314608,0.9325842696629212,0.9662921348314608,6,True,False,
pc3,/home/crc00006699/zh/tabiclv2/data200/pc3,binclass,1250,250,313,37,2,0.9041533546325878,0.8691539863901374,0.545095640569395,0.8383007117437722,0.2613248735127131,3.951213121414185,0.5393850803375244,ok,,1250,1000,0,313,0.1938771530985832,8,1e-05,True,3.8804585933685294,full_train_epoch_chunks,full train set chunked per epoch | validation=dataset_val_split,30,1,epoch_chunk,accuracy,0.884,0.884,0.884,0.884,0,True,False,
pc4,/home/crc00006699/zh/tabiclv2/data200/pc4,binclass,1166,234,292,37,2,0.910958904109589,0.9074272635916472,0.7582465277777778,0.9603949652777778,0.175408382931313,3.8422441482543945,0.5084378719329834,ok,,1166,932,0,292,0.1294554099440574,8,1e-05,True,3.772054672241211,full_train_epoch_chunks,full train set chunked per epoch | validation=dataset_val_split,30,1,epoch_chunk,accuracy,0.9230769230769232,0.9230769230769232,0.9230769230769232,0.9230769230769232,0,True,False,
pendigits,/home/crc00006699/zh/tabiclv2/data200/pendigits,multiclass,8793,1759,2199,16,10,0.9972714870395636,0.9972742335430836,0.9972309029574288,0.9996934837447212,0.0134385572544879,15.531723976135254,2.983949661254883,ok,,8793,7034,0,2199,0.0044086570851504,15,1e-05,True,15.406095027923584,full_train_epoch_chunks,full train set chunked per epoch | validation=dataset_val_split,30,1,epoch_chunk,accuracy,0.9960204661739624,0.9965889710062537,0.9960204661739624,0.9965889710062537,7,True,False,
philippine,/home/crc00006699/zh/tabiclv2/data200/philippine,binclass,4665,933,1167,308,2,0.7523564695801199,0.7521271351293849,0.752330588124721,0.845792018139524,0.4850262446999943,6.46612548828125,9.889168739318848,ok,,4665,3732,0,1167,,0,1e-05,False,4.70162034034729,full_train_epoch_chunks,"full train set chunked per epoch | validation=dataset_val_split | TTT OOM; used original model parameters for inference: OutOfMemoryError: CUDA out of memory. Tried to allocate 286.00 MiB. GPU 0 has a total capacity of 23.57 GiB of which 162.00 MiB is free. Process 79436 has 23.40 GiB memory in use. Of the allocated memory 22.04 GiB is allocated by PyTorch, and 1.05 GiB is reserved by PyTorch but unallocated. If reserved but unallocated memory is large try setting PYTORCH_CUDA_ALLOC_CONF=expandable_segments:True to avoid fragmentation. See documentation for Memory Management (https://pytorch.org/docs/stable/notes/cuda.html#environment-variables)",0,0,,,,,,,0,False,True,"TTT OOM; used original model parameters for inference: OutOfMemoryError: CUDA out of memory. Tried to allocate 286.00 MiB. GPU 0 has a total capacity of 23.57 GiB of which 162.00 MiB is free. Process 79436 has 23.40 GiB memory in use. Of the allocated memory 22.04 GiB is allocated by PyTorch, and 1.05 GiB is reserved by PyTorch but unallocated. If reserved but unallocated memory is large try setting PYTORCH_CUDA_ALLOC_CONF=expandable_segments:True to avoid fragmentation. See documentation for Memory Management (https://pytorch.org/docs/stable/notes/cuda.html#environment-variables)"
phoneme,/home/crc00006699/zh/tabiclv2/data200/phoneme,binclass,4323,865,1081,5,2,0.906567992599445,0.905984140797485,0.8812988257056502,0.9642096222769088,0.2241080113138684,7.749480247497559,0.6330657005310059,ok,,4323,3458,0,1081,0.2141217514872551,22,1e-05,True,7.715693712234497,full_train_epoch_chunks,full train set chunked per epoch | validation=dataset_val_split,30,1,epoch_chunk,accuracy,0.907514450867052,0.9190751445086706,0.907514450867052,0.9190751445086706,14,True,False,
pol,/home/crc00006699/zh/tabiclv2/data200/pol,binclass,8065,1613,2017,26,2,0.9866137828458106,0.9866135459347168,0.986615991788192,0.9992891358723864,0.0347592967307172,29.21600341796875,3.039166212081909,ok,,8065,6452,0,2017,0.0459291078150272,27,1e-05,True,29.062124490737915,full_train_epoch_chunks,full train set chunked per epoch | validation=dataset_val_split,30,1,epoch_chunk,accuracy,0.9783013019218848,0.9838809671419716,0.9783013019218848,0.9838809671419716,19,True,False,
predict_students_dropout_and_academic_success,/home/crc00006699/zh/tabiclv2/data200/predict_students_dropout_and_academic_success,multiclass,3539,708,885,34,3,0.7627118644067796,0.7582701265360382,0.6898591001504822,0.8848502343480225,0.5763027593968016,12.436330080032349,1.3603017330169678,ok,,3539,2831,0,885,0.5063903033733368,17,1e-05,True,12.28369116783142,full_train_epoch_chunks,full train set chunked per epoch | validation=dataset_val_split,30,1,epoch_chunk,accuracy,0.78954802259887,0.7994350282485876,0.78954802259887,0.7994350282485876,9,True,False,
rice_cammeo_and_osmancik,/home/crc00006699/zh/tabiclv2/data200/rice_cammeo_and_osmancik,binclass,3048,610,762,7,2,0.9291338582677166,0.9290158147227644,0.9260778409410706,0.9770431136376428,0.1920810132588111,3.3735361099243164,0.6716511249542236,ok,,3048,2438,0,762,0.1610562205314636,10,1e-05,True,3.342957735061645,full_train_epoch_chunks,full train set chunked per epoch | validation=dataset_val_split,30,1,epoch_chunk,accuracy,0.9327868852459016,0.9360655737704918,0.9327868852459016,0.9360655737704918,2,True,False,
ringnorm,/home/crc00006699/zh/tabiclv2/data200/ringnorm,binclass,5920,1184,1480,20,2,0.981081081081081,0.981076933521784,0.9809771144605708,0.9970541556859543,0.0593751511382274,10.282846689224243,1.9322445392608645,ok,,5920,4736,0,1480,0.0623704940080642,13,1e-05,True,10.17771816253662,full_train_epoch_chunks,full train set chunked per epoch | validation=dataset_val_split,30,1,epoch_chunk,accuracy,0.9788851351351352,0.9805743243243245,0.9788851351351352,0.9805743243243245,5,True,False,
rl,/home/crc00006699/zh/tabiclv2/data200/rl,binclass,3976,796,994,12,2,0.8631790744466801,0.8630992647803455,0.8631790744466801,0.938226947196256,0.3216000583793835,13.557409524917604,1.0512514114379885,ok,,3976,3180,0,994,0.3656651824712753,30,1e-05,True,13.492573022842407,full_train_epoch_chunks,full train set chunked per epoch | validation=dataset_val_split,30,1,epoch_chunk,accuracy,0.821608040201005,0.8768844221105527,0.821608040201005,0.8768844221105527,26,False,False,
satimage,/home/crc00006699/zh/tabiclv2/data200/satimage,multiclass,5144,1029,1286,36,6,0.9362363919129082,0.9341567783338888,0.9150946785429804,0.9950794710842752,0.1624207250789113,13.421293020248411,2.0907578468322754,ok,,5144,4115,0,1286,0.1688906103372573,14,1e-05,True,13.261395692825316,full_train_epoch_chunks,full train set chunked per epoch | validation=dataset_val_split,30,1,epoch_chunk,accuracy,0.914480077745384,0.9203109815354712,0.914480077745384,0.9203109815354712,6,True,False,
segment,/home/crc00006699/zh/tabiclv2/data200/segment,multiclass,1848,370,462,17,7,0.935064935064935,0.935190531558568,0.935064935064935,0.9964799510254058,0.1628907318805601,3.089517831802368,0.5326633453369141,ok,,1848,1478,0,462,0.1839989274740219,8,1e-05,True,3.042916774749756,full_train_epoch_chunks,full train set chunked per epoch | validation=dataset_val_split,30,1,epoch_chunk,accuracy,0.945945945945946,0.945945945945946,0.945945945945946,0.945945945945946,0,True,False,
seismic+bumps,/home/crc00006699/zh/tabiclv2/data200/seismic+bumps,binclass,2067,414,517,18,2,0.9342359767891684,0.9024719535783364,0.5,0.7175739861161856,0.2324169347938085,3.0526602268218994,0.5683977603912354,ok,,2067,1653,0,517,0.2141570150852203,8,1e-05,True,3.0009939670562744,full_train_epoch_chunks,full train set chunked per epoch | validation=dataset_val_split,30,1,epoch_chunk,accuracy,0.9347826086956522,0.9347826086956522,0.9347826086956522,0.9347826086956522,0,True,False,
semeion,/home/crc00006699/zh/tabiclv2/data200/semeion,multiclass,1274,255,319,256,10,0.962382445141066,0.9628982485973344,0.9623991935483872,0.9990517637031208,0.1228806587397303,34.445388078689575,2.401233196258545,ok,,1274,1019,0,319,0.1533755809068679,20,1e-05,True,33.99856948852539,full_train_epoch_chunks,full train set chunked per epoch | validation=dataset_val_split,30,1,epoch_chunk,accuracy,0.9137254901960784,0.9333333333333332,0.9137254901960784,0.9333333333333332,12,True,False,
shill-bidding,/home/crc00006699/zh/tabiclv2/data200/shill-bidding,binclass,5056,1012,1265,3,2,0.9051383399209486,0.8763896532746285,0.5722271256251839,0.9018494744443551,0.2130394275209161,6.141887187957764,0.4526741504669189,ok,,5056,4044,0,1265,0.2192871645092964,16,1e-05,True,6.112165212631226,full_train_epoch_chunks,full train set chunked per epoch | validation=dataset_val_split,30,1,epoch_chunk,accuracy,0.8873517786561265,0.8952569169960475,0.8873517786561265,0.8952569169960475,8,True,False,
shrutime,/home/crc00006699/zh/tabiclv2/data200/shrutime,binclass,8000,1600,2000,10,2,0.871,0.859274661628345,0.7242779667954261,0.8792584930035046,0.3117035250381377,14.38457465171814,2.412747383117676,ok,,8000,6400,0,2000,0.3360835611820221,18,1e-05,True,14.291388034820557,full_train_epoch_chunks,full train set chunked per epoch | validation=dataset_val_split,30,1,epoch_chunk,accuracy,0.859375,0.871875,0.859375,0.871875,10,True,False,
shuttle,/home/crc00006699/zh/tabiclv2/data200/shuttle,multiclass,46400,9280,11600,9,7,0.9994827586206896,0.9994652375985246,0.9158705054807972,0.9999644070405964,0.0016151803640821,46.90484261512756,38.03517651557922,ok,,46400,37120,0,11600,0.0027339360676705,36,1e-05,True,46.55296444892883,full_train_epoch_chunks,full train set chunked per epoch | validation=dataset_val_split,30,4,epoch_chunk,accuracy,0.9995689655172414,0.9997844827586206,0.9995689655172414,0.9997844827586206,2,True,False,
spambase,/home/crc00006699/zh/tabiclv2/data200/spambase,binclass,3680,736,921,57,2,0.9587404994571118,0.9587404994571118,0.9568041114961936,0.990738272263199,0.1172832455857822,13.0459725856781,1.8344976902008057,ok,,3680,2944,0,921,0.1109230034053325,13,1e-05,True,12.874017715454102,full_train_epoch_chunks,full train set chunked per epoch | validation=dataset_val_split,30,1,epoch_chunk,accuracy,0.9592391304347826,0.9605978260869564,0.9592391304347826,0.9605978260869564,5,True,False,
splice,/home/crc00006699/zh/tabiclv2/data200/splice,multiclass,2552,511,638,60,3,0.962382445141066,0.962503228134012,0.9595274467319964,0.9954677178525282,0.1135634150792143,17.410807609558105,1.3595483303070068,ok,,2552,2041,0,638,0.0926499217748642,20,1e-05,True,17.19712257385254,full_train_epoch_chunks,full train set chunked per epoch | validation=dataset_val_split,30,1,epoch_chunk,accuracy,0.9569471624266144,0.9647749510763208,0.9569471624266144,0.9647749510763208,12,True,False,
sports_articles_for_objectivity_analysis,/home/crc00006699/zh/tabiclv2/data200/sports_articles_for_objectivity_analysis,binclass,800,160,200,59,2,0.855,0.8532933653077538,0.8334052421529501,0.8936468557868623,0.3937853540486858,7.648623466491699,0.8307948112487793,ok,,800,640,0,200,0.4788441359996795,15,1e-05,True,7.545508623123169,full_train_epoch_chunks,full train set chunked per epoch | validation=dataset_val_split,30,1,epoch_chunk,accuracy,0.825,0.8375,0.825,0.8375,7,True,False,
statlog,/home/crc00006699/zh/tabiclv2/data200/statlog,binclass,800,160,200,20,2,0.73,0.7205479452054795,0.65,0.7692857142857144,0.5167044352839699,8.336647510528564,0.4825072288513183,ok,,800,640,0,200,0.4314358234405517,29,1e-05,True,8.286939144134521,full_train_epoch_chunks,full train set chunked per epoch | validation=dataset_val_split,30,1,epoch_chunk,accuracy,0.75625,0.80625,0.75625,0.80625,21,True,False,
steel_plates_faults,/home/crc00006699/zh/tabiclv2/data200/steel_plates_faults,multiclass,1552,311,389,27,7,0.8380462724935732,0.8375062132837527,0.8720935700102367,0.9782981148399832,0.4012804929325943,3.513079881668091,0.5572986602783203,ok,,1552,1241,0,389,0.4815701842308044,8,1e-05,True,3.4506609439849854,full_train_epoch_chunks,full train set chunked per epoch | validation=dataset_val_split,30,1,epoch_chunk,accuracy,0.8070739549839229,0.8070739549839229,0.8070739549839229,0.8070739549839229,0,True,False,
svmguide3,/home/crc00006699/zh/tabiclv2/data200/svmguide3,binclass,994,199,249,22,2,0.8514056224899599,0.8400490298663638,0.7309484649122807,0.9007675438596492,0.3218914022437499,3.176178216934204,0.6053996086120605,ok,,994,795,0,249,0.3319881111383438,8,1e-05,True,3.1119914054870605,full_train_epoch_chunks,full train set chunked per epoch | validation=dataset_val_split,30,1,epoch_chunk,accuracy,0.8341708542713567,0.8341708542713567,0.8341708542713567,0.8341708542713567,0,True,False,
sylvine,/home/crc00006699/zh/tabiclv2/data200/sylvine,binclass,4099,820,1025,20,2,0.968780487804878,0.9687713924575496,0.9687975907651072,0.9970646016081872,0.0765356278682602,8.840667247772217,1.2771430015563965,ok,,4099,3279,0,1025,0.0799566693603992,15,1e-05,True,8.75310754776001,full_train_epoch_chunks,full train set chunked per epoch | validation=dataset_val_split,30,1,epoch_chunk,accuracy,0.974390243902439,0.9792682926829268,0.974390243902439,0.9792682926829268,7,True,False,
taiwanese_bankruptcy_prediction,/home/crc00006699/zh/tabiclv2/data200/taiwanese_bankruptcy_prediction,binclass,5455,1091,1364,95,2,0.9706744868035192,0.9632550524302907,0.6003787878787878,0.9388085399449037,0.0859089062362728,16.42698860168457,3.788599729537964,ok,,5455,4364,0,1364,0.0829575136303901,8,1e-05,True,16.005205392837524,full_train_epoch_chunks,full train set chunked per epoch | validation=dataset_val_split,30,1,epoch_chunk,accuracy,0.9679193400549956,0.9679193400549956,0.9679193400549956,0.9679193400549956,0,True,False,
telco-customer-churn,/home/crc00006699/zh/tabiclv2/data200/telco-customer-churn,binclass,5634,1127,1409,18,2,0.8069552874378992,0.7992233581725608,0.7191828773670206,0.8492133612338215,0.4129121005451485,9.736132383346558,1.784656047821045,ok,,5634,4507,0,1409,0.4160684645175934,13,1e-05,True,9.6112699508667,full_train_epoch_chunks,full train set chunked per epoch | validation=dataset_val_split,30,1,epoch_chunk,accuracy,0.8145519077196096,0.8154392191659272,0.8145519077196096,0.8154392191659272,5,True,False,
texture,/home/crc00006699/zh/tabiclv2/data200/texture,multiclass,4400,880,1100,40,11,1.0,1.0,1.0,1.0,0.0001271915571087,0.8975791931152344,3.915840864181519,ok,,4400,3520,0,1100,,0,1e-05,False,0.439551830291748,full_train_epoch_chunks,full train set chunked per epoch | validation=dataset_val_split | TTT training skipped because n_classes=11 exceeds model max_classes=10,0,0,epoch_chunk,,,,,,0,False,False,
thyroid,/home/crc00006699/zh/tabiclv2/data200/thyroid,multiclass,5760,1152,1440,21,3,0.99375,0.9936297268806006,0.9442402574435584,0.99969352603447,0.0172059997548629,14.140039443969728,1.9322490692138672,ok,,5760,4608,0,1440,0.0101431612856686,19,1e-05,True,14.050904273986816,full_train_epoch_chunks,full train set chunked per epoch | validation=dataset_val_split,30,1,epoch_chunk,accuracy,0.9895833333333334,0.9921875,0.9895833333333334,0.9921875,11,True,False,
thyroid-ann,/home/crc00006699/zh/tabiclv2/data200/thyroid-ann,multiclass,3017,604,755,21,3,0.990728476821192,0.9906266834044902,0.9288694515658774,0.999329473043252,0.0208369365130993,4.067595481872559,0.9541592597961426,ok,,3017,2413,0,755,0.0251566935330629,8,1e-05,True,4.002941131591797,full_train_epoch_chunks,full train set chunked per epoch | validation=dataset_val_split,30,1,epoch_chunk,accuracy,0.9917218543046358,0.9917218543046358,0.9917218543046358,0.9917218543046358,0,True,False,
thyroid-dis,/home/crc00006699/zh/tabiclv2/data200/thyroid-dis,multiclass,2240,448,560,26,5,0.6910714285714286,0.6699383020649166,0.403467175026808,0.8693520870337258,0.7091320970459876,5.970676898956299,0.7697384357452393,ok,,2240,1792,0,560,0.6777370572090149,12,1e-05,True,5.883302688598633,full_train_epoch_chunks,full train set chunked per epoch | validation=dataset_val_split,30,1,epoch_chunk,accuracy,0.71875,0.7254464285714286,0.71875,0.7254464285714286,4,True,False,
turiye_student_evaluation,/home/crc00006699/zh/tabiclv2/data200/turiye_student_evaluation,multiclass,4656,932,1164,32,5,0.5171821305841925,0.4797333232834875,0.3994659028528914,0.7529974860720945,1.2030878298688004,9.270941972732544,1.7598507404327393,ok,,4656,3724,0,1164,1.1999679803848269,11,1e-05,True,9.132984161376951,full_train_epoch_chunks,full train set chunked per epoch | validation=dataset_val_split,30,1,epoch_chunk,accuracy,0.4892703862660944,0.5010729613733905,0.4892703862660944,0.5010729613733905,3,True,False,
twonorm,/home/crc00006699/zh/tabiclv2/data200/twonorm,binclass,5920,1184,1480,20,2,0.9797297297297296,0.9797292855236648,0.979736997328337,0.9983893323399056,0.0532108227763486,13.757940292358398,1.9345510005950928,ok,,5920,4736,0,1480,0.043332889676094,18,1e-05,True,13.655221223831177,full_train_epoch_chunks,full train set chunked per epoch | validation=dataset_val_split,30,1,epoch_chunk,accuracy,0.9746621621621622,0.9763513513513512,0.9746621621621622,0.9763513513513512,10,True,False,
vehicle,/home/crc00006699/zh/tabiclv2/data200/vehicle,multiclass,676,136,170,18,4,0.8588235294117647,0.857898255269547,0.8601190476190477,0.9709877795815296,0.2653931670898053,2.4066643714904785,0.4000015258789062,ok,,676,540,0,170,0.2558994144201278,8,1e-05,True,2.372138977050781,full_train_epoch_chunks,full train set chunked per epoch | validation=dataset_val_split,30,1,epoch_chunk,accuracy,0.8823529411764706,0.8823529411764706,0.8823529411764706,0.8823529411764706,0,True,False,
walking-activity,/home/crc00006699/zh/tabiclv2/data200/walking-activity,multiclass,119465,23893,29867,4,22,0.6639434827736298,0.6627990706918979,0.6212835100192489,0.973874057447167,0.9392196408475488,1.4477472305297852,365.0291659832001,ok,,119465,95572,0,29867,,0,1e-05,False,0.6975836753845215,full_train_epoch_chunks,full train set chunked per epoch | validation=dataset_val_split | TTT training skipped because n_classes=22 exceeds model max_classes=10,0,0,epoch_chunk,,,,,,0,False,False,
wall-robot-navigation,/home/crc00006699/zh/tabiclv2/data200/wall-robot-navigation,multiclass,4364,873,1092,24,4,0.9871794871794872,0.9871840889253188,0.9890486497629356,0.9998066092759156,0.0311953739060095,11.80440068244934,1.4618525505065918,ok,,4364,3491,0,1092,0.0353059694170951,17,1e-05,True,11.699737548828123,full_train_epoch_chunks,full train set chunked per epoch | validation=dataset_val_split,30,1,epoch_chunk,accuracy,0.97709049255441,0.9828178694158076,0.97709049255441,0.9828178694158076,9,True,False,
water_quality,/home/crc00006699/zh/tabiclv2/data200/water_quality,binclass,6396,1280,1600,20,2,0.90625,0.8935359589041095,0.6669353213781987,0.9087846215843396,0.2161714370661002,8.346391201019287,2.017436981201172,ok,,6396,5116,0,1600,0.2344077751040458,11,1e-05,True,8.262188196182251,full_train_epoch_chunks,full train set chunked per epoch | validation=dataset_val_split,30,1,epoch_chunk,accuracy,0.89609375,0.896875,0.89609375,0.896875,3,True,False,
waveform-5000,/home/crc00006699/zh/tabiclv2/data200/waveform-5000,multiclass,4000,800,1000,40,3,0.868,0.8678920362339203,0.8681957131875793,0.9777334037780656,0.2629899087001311,10.203537225723268,1.6928458213806152,ok,,4000,3200,0,1000,0.248486578464508,12,1e-05,True,10.058495044708252,full_train_epoch_chunks,full train set chunked per epoch | validation=dataset_val_split,30,1,epoch_chunk,accuracy,0.86625,0.8725,0.86625,0.8725,4,True,False,
waveform_database_generator_version_1,/home/crc00006699/zh/tabiclv2/data200/waveform_database_generator_version_1,multiclass,4000,800,1000,21,3,0.866,0.8655752567143543,0.8658371460035658,0.9716885609112668,0.2981429560787451,5.058818340301514,1.2790896892547607,ok,,4000,3200,0,1000,0.2734070122241974,8,1e-05,True,4.975647926330566,full_train_epoch_chunks,full train set chunked per epoch | validation=dataset_val_split,30,1,epoch_chunk,accuracy,0.85625,0.85625,0.85625,0.85625,0,True,False,
website_phishing,/home/crc00006699/zh/tabiclv2/data200/website_phishing,multiclass,1082,217,271,9,3,0.911439114391144,0.9115135523667396,0.881096681096681,0.9790847893854864,0.2436799036324677,3.711607217788696,0.2830557823181152,ok,,1082,865,0,271,0.2220744118094444,14,1e-05,True,3.681069850921631,full_train_epoch_chunks,full train set chunked per epoch | validation=dataset_val_split,30,1,epoch_chunk,accuracy,0.9170506912442395,0.9262672811059908,0.9170506912442395,0.9262672811059908,6,True,False,
wine,/home/crc00006699/zh/tabiclv2/data200/wine,binclass,2043,409,511,4,2,0.7729941291585127,0.7720146320693693,0.773123468137255,0.8728094362745098,0.4552481434079663,2.2511301040649414,0.2310121059417724,ok,,2043,1634,0,511,0.4237474650144577,8,1e-05,True,2.23012113571167,full_train_epoch_chunks,full train set chunked per epoch | validation=dataset_val_split,30,1,epoch_chunk,accuracy,0.8166259168704156,0.8166259168704156,0.8166259168704156,0.8166259168704156,0,True,False,
wine-quality-red,/home/crc00006699/zh/tabiclv2/data200/wine-quality-red,multiclass,1279,256,320,4,6,0.66875,0.6522399475524476,0.3819189133986928,0.8433576493264269,0.7797025950032122,3.6541786193847656,0.2637138366699219,ok,,1279,1023,0,320,0.7414731979370117,15,1e-05,True,3.6344385147094727,full_train_epoch_chunks,full train set chunked per epoch | validation=dataset_val_split,30,1,epoch_chunk,accuracy,0.65625,0.67578125,0.65625,0.67578125,7,True,False,
wine-quality-white,/home/crc00006699/zh/tabiclv2/data200/wine-quality-white,multiclass,3918,784,980,11,7,0.6836734693877551,0.6753036877500503,0.3987399505256648,0.9093442466987552,0.7564370445010652,5.046615123748779,1.034088134765625,ok,,3918,3134,0,980,0.7824277579784393,11,1e-05,True,4.993336200714111,full_train_epoch_chunks,full train set chunked per epoch | validation=dataset_val_split,30,1,epoch_chunk,accuracy,0.6811224489795918,0.6887755102040817,0.6811224489795918,0.6887755102040817,3,True,False,
yeast,/home/crc00006699/zh/tabiclv2/data200/yeast,multiclass,1187,238,297,8,10,0.6195286195286195,0.6118912954859288,0.5755775540398704,0.8881416708993435,0.9822282166822528,2.2721688747406006,0.2906312942504883,ok,,1187,949,0,297,0.9631721377372742,8,1e-05,True,2.246295213699341,full_train_epoch_chunks,full train set chunked per epoch | validation=dataset_val_split,30,1,epoch_chunk,accuracy,0.5462184873949579,0.5462184873949579,0.5462184873949579,0.5462184873949579,0,True,False,
