dataset_name,dataset_dir,task_type,n_train,n_val,n_test,n_features,n_classes,accuracy,f1,balanced_accuracy,roc_auc,log_loss,fit_seconds,predict_seconds,status,error,n_train_a,n_train_b,n_holdout_c,n_test_d,ttt_loss,ttt_wise_ft,ttt_wise_alpha,ttt_wise_applied,ttt_steps,ttt_lr,ttt_applied,ttt_update_seconds,ttt_split_strategy,ttt_split_reason,ttt_epochs,ttt_chunks_per_epoch,ttt_batch_mode,ttt_val_eval_metric,ttt_val_baseline_metric,ttt_val_best_metric,ttt_val_baseline_accuracy,ttt_val_best_accuracy,ttt_best_epoch,ttt_stopped_early,ttt_oom_fallback,ttt_fallback_reason,ttt_c_selection,ttt_c_source,ttt_c_metric,ttt_c_f_distance_mean,ttt_c_f_distance_std,ttt_c_fallback_reason,ttt_c_label_coverage_ok
Amazon_employee_access,/home/crc00006699/zh/tabiclv2/data184/Amazon_employee_access,binclass,26215,5243,6554,7,2,0.9441562404638388,0.9294777284745342,0.5778265839146273,0.8343142512257914,0.1663157519817883,27.247846603393555,12.658305644989014,ok,,26215,20972,0,6554,0.2559396177530288,True,0.1,False,24,1e-05,True,26.997201442718502,full_train_epoch_chunks,full train set chunked per epoch | validation=dataset_val_split | c_selection=f_mmd c_source=test c_metric=standardized_l2 | f_mmd_reserved_context=5% source=test | wise_ft_skipped rows=32769>=2000,30,3,epoch_chunk,accuracy,0.949074957085638,0.949074957085638,0.949074957085638,0.949074957085638,0,True,False,,f_mmd,test,standardized_l2,3.6268547065954087,0.718812355702569,,True
BNG(breast-w),/home/crc00006699/zh/tabiclv2/data184/BNG(breast-w),binclass,31492,6299,7874,9,2,0.9870459740919482,0.9870682642309362,0.9874051465892796,0.9991374704875684,0.0345684408744111,58.410266160964966,20.286225080490112,ok,,31492,25193,0,7874,0.0288392743095755,True,0.1,False,54,1e-05,True,58.14755082130432,full_train_epoch_chunks,full train set chunked per epoch | validation=dataset_val_split | c_selection=f_mmd c_source=test c_metric=standardized_l2 | f_mmd_reserved_context=5% source=test | wise_ft_skipped rows=39366>=2000,30,3,epoch_chunk,accuracy,0.98666454992856,0.9879345927925068,0.98666454992856,0.9879345927925068,10,True,False,,f_mmd,test,standardized_l2,4.266356135759505,0.7553151369521842,,True
BNG(tic-tac-toe),/home/crc00006699/zh/tabiclv2/data184/BNG(tic-tac-toe),binclass,31492,6299,7874,9,2,0.8161036322072645,0.8140959951922727,0.7873616413765547,0.8842339761855094,0.4041349476964228,53.377405643463135,20.437132120132446,ok,,31492,25193,0,7874,0.4166083335876465,True,0.1,False,48,1e-05,True,53.03454875946045,full_train_epoch_chunks,full train set chunked per epoch | validation=dataset_val_split | c_selection=f_mmd c_source=test c_metric=standardized_l2 | f_mmd_reserved_context=5% source=test | wise_ft_skipped rows=39366>=2000,30,3,epoch_chunk,accuracy,0.8096523257659946,0.8099698364819813,0.8096523257659946,0.8099698364819813,8,True,False,,f_mmd,test,standardized_l2,1.8408121454446689,0.1126048979836622,,True
Basketball_c,/home/crc00006699/zh/tabiclv2/data184/Basketball_c,binclass,1072,215,268,11,2,0.7014925373134329,0.6996191714905836,0.6777699031419797,0.7436215450035436,0.5781586752020229,4.256354570388794,0.420588731765747,ok,,1072,857,0,268,0.573466956615448,True,0.1,True,10,1e-05,True,4.221043586730957,full_train_epoch_chunks,full train set chunked per epoch | validation=dataset_val_split | c_selection=f_mmd c_source=test c_metric=standardized_l2 | f_mmd_reserved_context=5% source=test | wise_ft=alpha0.1 rows=1340<2000,30,1,epoch_chunk,accuracy,0.7581395348837209,0.7627906976744186,0.7581395348837209,0.7627906976744186,2,True,False,,f_mmd,test,standardized_l2,4.580026916701443,1.8472818550739796,,True
Cardiovascular-Disease-dataset,/home/crc00006699/zh/tabiclv2/data184/Cardiovascular-Disease-dataset,binclass,56000,11200,14000,11,2,0.7331428571428571,0.7327910501219403,0.7331221985705139,0.8010914452543496,0.5425800352650947,61.31414484977722,60.78409910202026,ok,,56000,44800,0,14000,0.5250309407711029,True,0.1,False,45,1e-05,True,60.7881977558136,full_train_epoch_chunks,full train set chunked per epoch | validation=dataset_val_split | c_selection=f_mmd c_source=test c_metric=standardized_l2 | f_mmd_reserved_context=5% source=test | wise_ft_skipped rows=70000>=2000,30,5,epoch_chunk,accuracy,0.7323214285714286,0.7340178571428572,0.7323214285714286,0.7340178571428572,1,True,False,,f_mmd,test,standardized_l2,6.554668299698492,33.666390404873,,True
Contaminant-detection-in-packaged-cocoa-hazelnut-spread-jars-using-Microwaves-Sensing-and-Machine-Learning-10.0GHz(Urbinati),/home/crc00006699/zh/tabiclv2/data184/Contaminant-detection-in-packaged-cocoa-hazelnut-spread-jars-using-Microwaves-Sensing-and-Machine-Learning-10.0GHz(Urbinati),binclass,1920,384,480,30,2,0.9770833333333332,0.97708960094233,0.9776835372636264,0.9958286985539488,0.0673931712457207,5.758392333984375,0.9343667030334472,ok,,1920,1536,0,480,0.0971266441047191,True,0.1,False,10,1e-05,True,5.678813934326172,full_train_epoch_chunks,full train set chunked per epoch | validation=dataset_val_split | c_selection=f_mmd c_source=test c_metric=standardized_l2 | f_mmd_reserved_context=5% source=test | wise_ft_skipped rows=2400>=2000,30,1,epoch_chunk,accuracy,0.9661458333333334,0.96875,0.9661458333333334,0.96875,2,True,False,,f_mmd,test,standardized_l2,3.474111017300537,0.5011058777592422,,True
Contaminant-detection-in-packaged-cocoa-hazelnut-spread-jars-using-Microwaves-Sensing-and-Machine-Learning-11.0GHz(Urbinati),/home/crc00006699/zh/tabiclv2/data184/Contaminant-detection-in-packaged-cocoa-hazelnut-spread-jars-using-Microwaves-Sensing-and-Machine-Learning-11.0GHz(Urbinati),binclass,1920,384,480,30,2,0.9625,0.9625097671511172,0.9631535038932146,0.9923526140155728,0.1106320025816227,8.513925790786743,0.9764771461486816,ok,,1920,1536,0,480,0.1096302270889282,True,0.1,False,16,1e-05,True,8.441263914108276,full_train_epoch_chunks,full train set chunked per epoch | validation=dataset_val_split | c_selection=f_mmd c_source=test c_metric=standardized_l2 | f_mmd_reserved_context=5% source=test | wise_ft_skipped rows=2400>=2000,30,1,epoch_chunk,accuracy,0.96875,0.9713541666666666,0.96875,0.9713541666666666,8,True,False,,f_mmd,test,standardized_l2,2.7700159416008097,0.3098385256639233,,True
Contaminant-detection-in-packaged-cocoa-hazelnut-spread-jars-using-Microwaves-Sensing-and-Machine-Learning-9.5GHz(Urbinati),/home/crc00006699/zh/tabiclv2/data184/Contaminant-detection-in-packaged-cocoa-hazelnut-spread-jars-using-Microwaves-Sensing-and-Machine-Learning-9.5GHz(Urbinati),binclass,1920,384,480,30,2,0.9645833333333332,0.9645917922751676,0.9648915461624028,0.9934649610678532,0.0992503832363689,6.703481197357178,0.9419667720794678,ok,,1920,1536,0,480,0.1619608923792839,True,0.1,False,12,1e-05,True,6.628133773803711,full_train_epoch_chunks,full train set chunked per epoch | validation=dataset_val_split | c_selection=f_mmd c_source=test c_metric=standardized_l2 | f_mmd_reserved_context=5% source=test | wise_ft_skipped rows=2400>=2000,30,1,epoch_chunk,accuracy,0.953125,0.9609375,0.953125,0.9609375,4,True,False,,f_mmd,test,standardized_l2,3.064720688473775,0.2426838793946008,,True
Customer_Personality_Analysis,/home/crc00006699/zh/tabiclv2/data184/Customer_Personality_Analysis,binclass,1792,359,448,24,2,0.890625,0.8819285508425728,0.7204332667371802,0.9132487170446978,0.2436533436666687,4.195427894592285,0.7913448810577393,ok,,1792,1433,0,448,0.254189133644104,True,0.1,False,8,1e-05,True,4.127695322036743,full_train_epoch_chunks,full train set chunked per epoch | validation=dataset_val_split | c_selection=f_mmd c_source=test c_metric=standardized_l2 | f_mmd_reserved_context=5% source=test | wise_ft_skipped rows=2240>=2000,30,1,epoch_chunk,accuracy,0.8913649025069638,0.8913649025069638,0.8913649025069638,0.8913649025069638,0,True,False,,f_mmd,test,standardized_l2,4.672547501062974,1.1700370204343216,,True
E-CommereShippingData,/home/crc00006699/zh/tabiclv2/data184/E-CommereShippingData,binclass,8799,1760,2200,10,2,0.6772727272727272,0.665211366874681,0.7274321222773565,0.727902228259423,0.503718310250492,12.8107271194458,3.108266830444336,ok,,8799,7039,0,2200,0.4891784936189651,True,0.1,False,13,1e-05,True,12.715728282928469,full_train_epoch_chunks,full train set chunked per epoch | validation=dataset_val_split | c_selection=f_mmd c_source=test c_metric=standardized_l2 | f_mmd_reserved_context=5% source=test | wise_ft_skipped rows=10999>=2000,30,1,epoch_chunk,accuracy,0.6823863636363636,0.6840909090909091,0.6823863636363636,0.6840909090909091,5,True,False,,f_mmd,test,standardized_l2,2.462655441028001,0.4132095322436213,,True
FICO-HELOC-cleaned,/home/crc00006699/zh/tabiclv2/data184/FICO-HELOC-cleaned,binclass,7896,1580,1975,23,2,0.7549367088607595,0.7546711509554379,0.7537749764770173,0.8263690581356651,0.5123915568377126,10.167343616485596,3.5069751739501958,ok,,7896,6316,0,1975,0.5325060486793518,True,0.1,False,8,1e-05,True,9.990051507949827,full_train_epoch_chunks,full train set chunked per epoch | validation=dataset_val_split | c_selection=f_mmd c_source=test c_metric=standardized_l2 | f_mmd_reserved_context=5% source=test | wise_ft_skipped rows=9871>=2000,30,1,epoch_chunk,accuracy,0.7487341772151899,0.7487341772151899,0.7487341772151899,0.7487341772151899,0,True,False,,f_mmd,test,standardized_l2,4.485100134651286,4.018561708468314,,True
FOREX_audcad-hour-High,/home/crc00006699/zh/tabiclv2/data184/FOREX_audcad-hour-High,binclass,35060,7012,8765,10,2,0.7171705647461495,0.7170199186808238,0.716555555520815,0.789686304084348,0.5526885811802386,34.154444217681885,24.75550675392151,ok,,35060,28048,0,8765,0.552367627620697,True,0.1,False,27,1e-05,True,33.845369815826416,full_train_epoch_chunks,full train set chunked per epoch | validation=dataset_val_split | c_selection=f_mmd c_source=test c_metric=standardized_l2 | f_mmd_reserved_context=5% source=test | wise_ft_skipped rows=43825>=2000,30,3,epoch_chunk,accuracy,0.7154877353108956,0.7169138619509412,0.7154877353108956,0.7169138619509412,1,True,False,,f_mmd,test,standardized_l2,5.70972811844556,4.425062077440995,,True
FOREX_audjpy-day-High,/home/crc00006699/zh/tabiclv2/data184/FOREX_audjpy-day-High,binclass,1465,293,367,10,2,0.782016348773842,0.7815679029797274,0.7808394269068426,0.8558795553177576,0.4750069507053911,3.9545438289642334,0.496396541595459,ok,,1465,1172,0,367,0.5602065026760101,True,0.1,True,10,1e-05,True,3.917367219924927,full_train_epoch_chunks,full train set chunked per epoch | validation=dataset_val_split | c_selection=f_mmd c_source=test c_metric=standardized_l2 | f_mmd_reserved_context=5% source=test | wise_ft=alpha0.1 rows=1832<2000,30,1,epoch_chunk,accuracy,0.7508532423208191,0.757679180887372,0.7508532423208191,0.757679180887372,2,True,False,,f_mmd,test,standardized_l2,4.970620801922388,1.658229757105251,,True
FOREX_audsgd-hour-High,/home/crc00006699/zh/tabiclv2/data184/FOREX_audsgd-hour-High,binclass,35060,7012,8765,10,2,0.7121505989731888,0.7121841086760435,0.71203738329056,0.7890968546607902,0.5525090845676536,105.05681252479552,24.96602845191956,ok,,35060,28048,0,8765,0.5723503530025482,True,0.1,False,84,1e-05,True,104.61313152313232,full_train_epoch_chunks,full train set chunked per epoch | validation=dataset_val_split | c_selection=f_mmd c_source=test c_metric=standardized_l2 | f_mmd_reserved_context=5% source=test | wise_ft_skipped rows=43825>=2000,30,3,epoch_chunk,accuracy,0.7007986309184255,0.7176269252709641,0.7007986309184255,0.7176269252709641,20,True,False,,f_mmd,test,standardized_l2,4.313698670596088,1.599167944891625,,True
FOREX_cadjpy-day-High,/home/crc00006699/zh/tabiclv2/data184/FOREX_cadjpy-day-High,binclass,1467,294,367,10,2,0.7275204359673024,0.7272531562094675,0.727607507721549,0.7939237348538846,0.5521570112517193,12.32749843597412,0.530493974685669,ok,,1467,1173,0,367,0.5075136721134186,True,0.1,True,28,1e-05,True,12.29292130470276,full_train_epoch_chunks,full train set chunked per epoch | validation=dataset_val_split | c_selection=f_mmd c_source=test c_metric=standardized_l2 | f_mmd_reserved_context=5% source=test | wise_ft=alpha0.1 rows=1834<2000,30,1,epoch_chunk,accuracy,0.7006802721088435,0.7244897959183674,0.7006802721088435,0.7244897959183674,20,True,False,,f_mmd,test,standardized_l2,5.276405738110379,1.913419578032151,,True
Firm-Teacher_Clave-Direction_Classification,/home/crc00006699/zh/tabiclv2/data184/Firm-Teacher_Clave-Direction_Classification,multiclass,8640,1728,2160,16,4,0.8810185185185185,0.879798883953678,0.8029175226528502,0.9714435322997168,0.3110945717603613,16.647608518600464,3.595765829086304,ok,,8640,6912,0,2160,0.3455346822738647,True,0.1,False,13,1e-05,True,16.280648946762085,full_train_epoch_chunks,full train set chunked per epoch | validation=dataset_val_split | c_selection=f_mmd c_source=test c_metric=standardized_l2 | f_mmd_reserved_context=5% source=test | wise_ft_skipped rows=10800>=2000,30,1,epoch_chunk,accuracy,0.8674768518518519,0.8709490740740741,0.8674768518518519,0.8709490740740741,5,True,False,,f_mmd,test,standardized_l2,1.2743595976531013,0.0032793621498815,,True
GAMETES_Epistasis_2-Way_20atts_0.1H_EDM-1_1,/home/crc00006699/zh/tabiclv2/data184/GAMETES_Epistasis_2-Way_20atts_0.1H_EDM-1_1,binclass,1280,256,320,20,2,0.678125,0.6727529066015349,0.6781250000000001,0.7281640624999999,0.6025771600106279,4.737079381942749,0.7986831665039062,ok,,1280,1024,0,320,0.5757918953895569,True,0.1,True,8,1e-05,True,4.646832227706909,full_train_epoch_chunks,full train set chunked per epoch | validation=dataset_val_split | c_selection=f_mmd c_source=test c_metric=standardized_l2 | f_mmd_reserved_context=5% source=test | wise_ft=alpha0.1 rows=1600<2000,30,1,epoch_chunk,accuracy,0.65234375,0.65234375,0.65234375,0.65234375,0,True,False,,f_mmd,test,standardized_l2,2.25102478229322,0.2753977890508813,,True
Gender_Gap_in_Spanish_WP,/home/crc00006699/zh/tabiclv2/data184/Gender_Gap_in_Spanish_WP,multiclass,3796,760,950,13,3,0.6042105263157894,0.5592330883620029,0.4270893698505884,0.7042012556575966,0.791976445187372,11.452290296554564,1.2837238311767578,ok,,3796,3036,0,950,0.816879153251648,True,0.1,False,21,1e-05,True,11.396679878234863,full_train_epoch_chunks,full train set chunked per epoch | validation=dataset_val_split | c_selection=f_mmd c_source=test c_metric=standardized_l2 | f_mmd_reserved_context=5% source=test | wise_ft_skipped rows=4746>=2000,30,1,epoch_chunk,accuracy,0.6092105263157894,0.6263157894736842,0.6092105263157894,0.6263157894736842,13,True,False,,f_mmd,test,standardized_l2,16.14778049799598,30.14246577788065,,True
HR_Analytics_Job_Change_of_Data_Scientists,/home/crc00006699/zh/tabiclv2/data184/HR_Analytics_Job_Change_of_Data_Scientists,binclass,15326,3066,3832,13,2,0.8006263048016702,0.8034088908786438,0.7486514275523333,0.810958732099864,0.4295646128832728,29.94693422317505,7.4405927658081055,ok,,15326,12260,0,3832,0.4523702710866928,True,0.1,False,26,1e-05,True,29.724354028701782,full_train_epoch_chunks,full train set chunked per epoch | validation=dataset_val_split | c_selection=f_mmd c_source=test c_metric=standardized_l2 | f_mmd_reserved_context=5% source=test | wise_ft_skipped rows=19158>=2000,30,2,epoch_chunk,accuracy,0.8036529680365296,0.8075668623613829,0.8036529680365296,0.8075668623613829,5,True,False,,f_mmd,test,standardized_l2,2.5772490099793504,0.3069183235157489,,True
INNHotelsGroup,/home/crc00006699/zh/tabiclv2/data184/INNHotelsGroup,binclass,29020,5804,7255,17,2,0.9046175051688492,0.9039966217111812,0.8856064843778434,0.9631003209485188,0.2216348550543953,49.71435236930847,20.04239535331726,ok,,29020,23216,0,7255,0.3323981761932373,True,0.1,False,33,1e-05,True,49.26760005950928,full_train_epoch_chunks,full train set chunked per epoch | validation=dataset_val_split | c_selection=f_mmd c_source=test c_metric=standardized_l2 | f_mmd_reserved_context=5% source=test | wise_ft_skipped rows=36275>=2000,30,3,epoch_chunk,accuracy,0.9016195727084768,0.907133011716058,0.9016195727084768,0.907133011716058,3,True,False,,f_mmd,test,standardized_l2,6.157614736274512,9.396667606168132,,True
Intersectional-Bias-Assessment,/home/crc00006699/zh/tabiclv2/data184/Intersectional-Bias-Assessment,binclass,8800,1760,2200,19,2,0.9463636363636364,0.9463636363636364,0.9463614642245844,0.9903648990744252,0.1299381901968208,31.35902190208435,3.715582847595215,ok,,8800,7040,0,2200,0.1166498474776744,True,0.1,False,24,1e-05,True,31.187557458877563,full_train_epoch_chunks,full train set chunked per epoch | validation=dataset_val_split | c_selection=f_mmd c_source=test c_metric=standardized_l2 | f_mmd_reserved_context=5% source=test | wise_ft_skipped rows=11000>=2000,30,1,epoch_chunk,accuracy,0.9517045454545454,0.9545454545454546,0.9517045454545454,0.9545454545454546,16,True,False,,f_mmd,test,standardized_l2,2.246525388968858,0.2827963217985491,,True
JapaneseVowels,/home/crc00006699/zh/tabiclv2/data184/JapaneseVowels,multiclass,7968,1594,1993,14,9,0.9994982438534872,0.999498083906782,0.9993540051679586,1.0,0.0009732406068493,9.169135332107544,3.093998670578003,ok,,7968,6374,0,1993,0.0123775247484445,True,0.1,False,8,1e-05,True,8.984480619430542,full_train_epoch_chunks,full train set chunked per epoch | validation=dataset_val_split | c_selection=f_mmd c_source=test c_metric=standardized_l2 | f_mmd_reserved_context=5% source=test | wise_ft_skipped rows=9961>=2000,30,1,epoch_chunk,accuracy,0.9968632371392724,0.9968632371392724,0.9968632371392724,0.9968632371392724,0,True,False,,f_mmd,test,standardized_l2,2.451838212173457,0.3377310441453923,,True
KDDCup09_upselling,/home/crc00006699/zh/tabiclv2/data184/KDDCup09_upselling,binclass,4102,821,1026,49,2,0.8079922027290448,0.805959961637823,0.8079922027290448,0.9112167466532912,0.3581233664138739,17.54784059524536,2.7066361904144287,ok,,4102,3281,0,1026,0.3517232239246368,True,0.1,False,15,1e-05,True,17.331706523895264,full_train_epoch_chunks,full train set chunked per epoch | validation=dataset_val_split | c_selection=f_mmd c_source=test c_metric=standardized_l2 | f_mmd_reserved_context=5% source=test | wise_ft_skipped rows=5128>=2000,30,1,epoch_chunk,accuracy,0.8148599269183922,0.8221680876979294,0.8148599269183922,0.8221680876979294,7,True,False,,f_mmd,test,standardized_l2,7.833671778281295,21.96172061478189,,True
MIC,/home/crc00006699/zh/tabiclv2/data184/MIC,binclass,1319,264,330,104,2,0.9090909090909092,0.8995772562318263,0.7459413873076113,0.8839693583526601,0.2644978565865969,18.133585214614868,1.6449251174926758,ok,,1319,1055,0,330,0.2622949928045273,True,0.1,True,14,1e-05,True,17.67600393295288,full_train_epoch_chunks,full train set chunked per epoch | validation=dataset_val_split | c_selection=f_mmd c_source=test c_metric=standardized_l2 | f_mmd_reserved_context=5% source=test | wise_ft=alpha0.1 rows=1649<2000,30,1,epoch_chunk,accuracy,0.8674242424242424,0.8787878787878788,0.8674242424242424,0.8787878787878788,6,True,False,,f_mmd,test,standardized_l2,5.712530890529921,2.467797472822383,,True
Marketing_Campaign,/home/crc00006699/zh/tabiclv2/data184/Marketing_Campaign,binclass,1792,359,448,27,2,0.8839285714285714,0.8741572521865889,0.7041955576448466,0.9261370313785404,0.2390741623888206,7.171156644821167,1.137822151184082,ok,,1792,1433,0,448,0.2241553887724876,True,0.1,False,8,1e-05,True,7.029658555984497,full_train_epoch_chunks,full train set chunked per epoch | validation=dataset_val_split | c_selection=f_mmd c_source=test c_metric=standardized_l2 | f_mmd_reserved_context=5% source=test | wise_ft_skipped rows=2240>=2000,30,1,epoch_chunk,accuracy,0.9025069637883008,0.9025069637883008,0.9025069637883008,0.9025069637883008,0,True,False,,f_mmd,test,standardized_l2,4.276515050841072,2.1214029418271223,,True
National_Health_and_Nutrition_Health_Survey,/home/crc00006699/zh/tabiclv2/data184/National_Health_and_Nutrition_Health_Survey,binclass,1822,365,456,7,2,0.8333333333333334,0.7842747867019711,0.5293465431524733,0.7765835687971674,0.3776012581877823,6.689305067062378,0.569904088973999,ok,,1822,1457,0,456,0.3768913298845291,True,0.1,False,11,1e-05,True,6.656742811203003,full_train_epoch_chunks,full train set chunked per epoch | validation=dataset_val_split | c_selection=f_mmd c_source=test c_metric=standardized_l2 | f_mmd_reserved_context=5% source=test | wise_ft_skipped rows=2278>=2000,30,1,epoch_chunk,accuracy,0.852054794520548,0.8575342465753425,0.852054794520548,0.8575342465753425,3,True,False,,f_mmd,test,standardized_l2,7.836993826876295,8.42613031023602,,True
PhishingWebsites,/home/crc00006699/zh/tabiclv2/data184/PhishingWebsites,binclass,8844,1769,2211,30,2,0.9805517865219358,0.9805310686674488,0.9793095873605332,0.9987632420961886,0.0452313704018967,18.23522663116455,4.762904644012451,ok,,8844,7075,0,2211,0.0680447854101657,True,0.1,False,12,1e-05,True,17.964478731155396,full_train_epoch_chunks,full train set chunked per epoch | validation=dataset_val_split | c_selection=f_mmd c_source=test c_metric=standardized_l2 | f_mmd_reserved_context=5% source=test | wise_ft_skipped rows=11055>=2000,30,1,epoch_chunk,accuracy,0.9762577727529678,0.9779536461277558,0.9762577727529678,0.9779536461277558,4,True,False,,f_mmd,test,standardized_l2,3.127134346417661,0.426983204791658,,True
Pima_Indians_Diabetes_Database,/home/crc00006699/zh/tabiclv2/data184/Pima_Indians_Diabetes_Database,binclass,614,123,154,8,2,0.7272727272727273,0.7179459691252145,0.675,0.8609259259259259,0.463354768366175,4.401220798492432,0.4730138778686523,ok,,614,491,0,154,0.4797116219997406,True,0.1,True,12,1e-05,True,4.368312358856201,full_train_epoch_chunks,full train set chunked per epoch | validation=dataset_val_split | c_selection=f_mmd c_source=test c_metric=standardized_l2 | f_mmd_reserved_context=5% source=test | wise_ft=alpha0.1 rows=768<2000,30,1,epoch_chunk,accuracy,0.7723577235772358,0.7886178861788617,0.7723577235772358,0.7886178861788617,4,True,False,,f_mmd,test,standardized_l2,4.29744305286492,1.2550670932773196,,True
Pumpkin_Seeds,/home/crc00006699/zh/tabiclv2/data184/Pumpkin_Seeds,binclass,2000,400,500,12,2,0.878,0.8778329498592591,0.8769230769230769,0.9477804487179488,0.2944306413133727,4.69452691078186,0.7182095050811768,ok,,2000,1600,0,500,0.2384947389364242,True,0.1,False,11,1e-05,True,4.654004812240601,full_train_epoch_chunks,full train set chunked per epoch | validation=dataset_val_split | c_selection=f_mmd c_source=test c_metric=standardized_l2 | f_mmd_reserved_context=5% source=test | wise_ft_skipped rows=2500>=2000,30,1,epoch_chunk,accuracy,0.875,0.8775,0.875,0.8775,3,True,False,,f_mmd,test,standardized_l2,4.323479325957342,1.5603260508387091,,True
Rain_in_Australia,/home/crc00006699/zh/tabiclv2/data184/Rain_in_Australia,multiclass,116368,23274,29092,18,3,0.8595833906228516,0.852240467187281,0.7027506925651057,0.9226158597116152,0.3457160752194547,455.45969414711,278.405606508255,ok,,116368,93094,0,29092,0.3723279535770416,True,0.1,False,230,1e-05,True,453.7107479572296,full_train_epoch_chunks,full train set chunked per epoch | validation=dataset_val_split | c_selection=f_mmd c_source=test c_metric=standardized_l2 | f_mmd_reserved_context=5% source=test | wise_ft_skipped rows=145460>=2000,30,10,epoch_chunk,accuracy,0.8526252470568015,0.8560195926785253,0.8526252470568015,0.8560195926785253,15,True,False,,f_mmd,test,standardized_l2,3.304736242786448,3.445176052859854,,True
Shipping,/home/crc00006699/zh/tabiclv2/data184/Shipping,binclass,8799,1760,2200,9,2,0.6890909090909091,0.6786784643927501,0.7322468482689477,0.7328535164999254,0.4992142836603517,10.943711996078491,3.092925786972046,ok,,8799,7039,0,2200,0.5148160457611084,True,0.1,False,11,1e-05,True,10.851717233657835,full_train_epoch_chunks,full train set chunked per epoch | validation=dataset_val_split | c_selection=f_mmd c_source=test c_metric=standardized_l2 | f_mmd_reserved_context=5% source=test | wise_ft_skipped rows=10999>=2000,30,1,epoch_chunk,accuracy,0.675,0.6755681818181818,0.675,0.6755681818181818,3,True,False,,f_mmd,test,standardized_l2,2.5718753578300464,0.4729183355357883,,True
VulNoneVul,/home/crc00006699/zh/tabiclv2/data184/VulNoneVul,binclass,4553,911,1139,16,2,0.9894644424934153,0.9842245601854184,0.5,0.8333703046435965,0.0501745945543503,5.70072078704834,1.643552541732788,ok,,4553,3642,0,1139,0.0295789297670125,True,0.1,False,8,1e-05,True,5.620227575302124,full_train_epoch_chunks,full train set chunked per epoch | validation=dataset_val_split | c_selection=f_mmd c_source=test c_metric=standardized_l2 | f_mmd_reserved_context=5% source=test | wise_ft_skipped rows=5692>=2000,30,1,epoch_chunk,accuracy,0.9890230515916576,0.9890230515916576,0.9890230515916576,0.9890230515916576,0,True,False,,f_mmd,test,standardized_l2,10.160203666004811,10.610619381915178,,True
Waterstress,/home/crc00006699/zh/tabiclv2/data184/Waterstress,binclass,950,190,238,22,2,0.8067226890756303,0.8066544414375919,0.8079179922234005,0.8912689996465182,0.4144970613911198,7.645774841308594,0.9710111618041992,ok,,950,760,0,238,0.3514902740716934,True,0.1,True,18,1e-05,True,7.598409175872803,full_train_epoch_chunks,full train set chunked per epoch | validation=dataset_val_split | c_selection=f_mmd c_source=test c_metric=standardized_l2 | f_mmd_reserved_context=5% source=test | wise_ft=alpha0.1 rows=1188<2000,30,1,epoch_chunk,accuracy,0.7947368421052632,0.8368421052631579,0.7947368421052632,0.8368421052631579,10,True,False,,f_mmd,test,standardized_l2,6.664162551711222,1.4893363023500787,,True
abalone,/home/crc00006699/zh/tabiclv2/data184/abalone,multiclass,3341,669,836,8,3,0.6399521531100478,0.6431955240760078,0.6376237081217667,0.8332610407870452,0.7397183635427407,6.120309114456177,1.0623879432678225,ok,,3341,2672,0,836,0.6946241557598114,True,0.1,False,13,1e-05,True,6.058601379394531,full_train_epoch_chunks,full train set chunked per epoch | validation=dataset_val_split | c_selection=f_mmd c_source=test c_metric=standardized_l2 | f_mmd_reserved_context=5% source=test | wise_ft_skipped rows=4177>=2000,30,1,epoch_chunk,accuracy,0.6890881913303438,0.6965620328849028,0.6890881913303438,0.6965620328849028,5,True,False,,f_mmd,test,standardized_l2,4.94135857846578,5.413631318904714,,True
ada,/home/crc00006699/zh/tabiclv2/data184/ada,binclass,3317,664,830,48,2,0.8614457831325302,0.8559933611099235,0.7810321757530495,0.9194555949713716,0.3034753020986259,12.416021823883057,1.9578502178192136,ok,,3317,2653,0,830,0.4544063955545425,True,0.1,False,14,1e-05,True,12.26456332206726,full_train_epoch_chunks,full train set chunked per epoch | validation=dataset_val_split | c_selection=f_mmd c_source=test c_metric=standardized_l2 | f_mmd_reserved_context=5% source=test | wise_ft_skipped rows=4147>=2000,30,1,epoch_chunk,accuracy,0.8704819277108434,0.8765060240963856,0.8704819277108434,0.8765060240963856,6,True,False,,f_mmd,test,standardized_l2,4.338794762934015,6.538881940189219,,True
ada_prior,/home/crc00006699/zh/tabiclv2/data184/ada_prior,binclass,3649,730,913,14,2,0.8554216867469879,0.8467806516402012,0.7593596280551238,0.8980426657761909,0.3341814659724442,4.6495232582092285,1.279301404953003,ok,,3649,2919,0,913,0.3127469271421432,True,0.1,False,8,1e-05,True,4.566433429718018,full_train_epoch_chunks,full train set chunked per epoch | validation=dataset_val_split | c_selection=f_mmd c_source=test c_metric=standardized_l2 | f_mmd_reserved_context=5% source=test | wise_ft_skipped rows=4562>=2000,30,1,epoch_chunk,accuracy,0.8397260273972603,0.8397260273972603,0.8397260273972603,0.8397260273972603,0,True,False,,f_mmd,test,standardized_l2,4.223381226452107,2.933874905659923,,True
airlines_seed_0_nrows_2000_nclasses_10_ncols_100_stratify_True,/home/crc00006699/zh/tabiclv2/data184/airlines_seed_0_nrows_2000_nclasses_10_ncols_100_stratify_True,binclass,1600,320,400,7,2,0.6175,0.604441898918262,0.5980615446907581,0.6758781253163275,0.6307958460873928,5.243930578231812,0.4734911918640136,ok,,1600,1280,0,400,0.6330506801605225,True,0.1,False,14,1e-05,True,5.205974340438843,full_train_epoch_chunks,full train set chunked per epoch | validation=dataset_val_split | c_selection=f_mmd c_source=test c_metric=standardized_l2 | f_mmd_reserved_context=5% source=test | wise_ft_skipped rows=2000>=2000,30,1,epoch_chunk,accuracy,0.65625,0.671875,0.65625,0.671875,6,True,False,,f_mmd,test,standardized_l2,2.519760960365534,0.4749052057318942,,True
allrep,/home/crc00006699/zh/tabiclv2/data184/allrep,multiclass,3017,604,755,29,4,0.9841059602649008,0.9836103393706578,0.7504158512720156,0.9964394192784364,0.0384728273986392,5.661550045013428,1.34930157661438,ok,,3017,2413,0,755,0.051902936771512,True,0.1,False,8,1e-05,True,5.548590660095215,full_train_epoch_chunks,full train set chunked per epoch | validation=dataset_val_split | c_selection=f_mmd c_source=test c_metric=standardized_l2 | f_mmd_reserved_context=5% source=test | wise_ft_skipped rows=3772>=2000,30,1,epoch_chunk,accuracy,0.9900662251655628,0.9900662251655628,0.9900662251655628,0.9900662251655628,0,True,False,,f_mmd,test,standardized_l2,5.180888819236119,7.502598832556348,,True
artificial-characters,/home/crc00006699/zh/tabiclv2/data184/artificial-characters,multiclass,8174,1635,2044,7,10,0.9662426614481407,0.9662200490621924,0.9641979139638742,0.9995336993176286,0.080283543300513,23.1793155670166,2.662850856781006,ok,,8174,6539,0,2044,0.2668255120515823,True,0.1,False,29,1e-05,True,23.10635209083557,full_train_epoch_chunks,full train set chunked per epoch | validation=dataset_val_split | c_selection=f_mmd c_source=test c_metric=standardized_l2 | f_mmd_reserved_context=5% source=test | wise_ft_skipped rows=10218>=2000,30,1,epoch_chunk,accuracy,0.8770642201834863,0.9351681957186544,0.8770642201834863,0.9351681957186544,21,True,False,,f_mmd,test,standardized_l2,3.4627088102745964,0.9582121405367812,,True
autoUniv-au7-1100,/home/crc00006699/zh/tabiclv2/data184/autoUniv-au7-1100,multiclass,880,176,220,12,5,0.4090909090909091,0.3888925460387546,0.3933436660157567,0.7421192889398621,1.3402214065839122,3.44742202758789,0.7413961887359619,ok,,880,704,0,220,1.296645700931549,True,0.1,True,8,1e-05,True,3.4080255031585693,full_train_epoch_chunks,full train set chunked per epoch | validation=dataset_val_split | c_selection=f_mmd c_source=test c_metric=standardized_l2 | f_mmd_reserved_context=5% source=test | wise_ft=alpha0.1 rows=1100<2000,30,1,epoch_chunk,accuracy,0.5227272727272727,0.5227272727272727,0.5227272727272727,0.5227272727272727,0,True,False,,f_mmd,test,standardized_l2,1.819417358002407,0.0817604692692714,,True
banknote_authentication,/home/crc00006699/zh/tabiclv2/data184/banknote_authentication,binclass,1097,220,275,4,2,0.5381818181818182,0.4413918493181166,0.4919639987142398,0.5266259509268187,0.6868398103242723,3.0987863540649414,0.1899018287658691,ok,,1097,877,0,275,0.6838518381118774,True,0.1,True,8,1e-05,True,3.0715792179107666,full_train_epoch_chunks,full train set chunked per epoch | validation=dataset_val_split | c_selection=f_mmd c_source=test c_metric=standardized_l2 | f_mmd_reserved_context=5% source=test | wise_ft=alpha0.1 rows=1372<2000,30,1,epoch_chunk,accuracy,0.5818181818181818,0.5818181818181818,0.5818181818181818,0.5818181818181818,0,True,False,,f_mmd,test,standardized_l2,4.318591661619124,1.0112856072925065,,True
car-evaluation,/home/crc00006699/zh/tabiclv2/data184/car-evaluation,multiclass,1382,277,346,21,4,0.9855491329479767,0.985510846572902,0.9699959131777314,0.9997460727067436,0.0215074004337146,6.86342978477478,0.6019728183746338,ok,,1382,1105,0,346,0.0045191016979515,True,0.1,True,15,1e-05,True,6.79623007774353,full_train_epoch_chunks,full train set chunked per epoch | validation=dataset_val_split | c_selection=f_mmd c_source=test c_metric=standardized_l2 | f_mmd_reserved_context=5% source=test | wise_ft=alpha0.1 rows=1728<2000,30,1,epoch_chunk,accuracy,0.9855595667870036,1.0,0.9855595667870036,1.0,7,True,False,,f_mmd,test,standardized_l2,1.2854933727395057,0.0041006102285034,,True
cmc,/home/crc00006699/zh/tabiclv2/data184/cmc,multiclass,1178,236,295,9,3,0.6033898305084746,0.603014989366664,0.5784569217405039,0.7694748039932482,0.8664294916942983,3.552310943603516,0.4150063991546631,ok,,1178,942,0,295,0.8507645428180695,True,0.1,True,8,1e-05,True,3.515335321426392,full_train_epoch_chunks,full train set chunked per epoch | validation=dataset_val_split | c_selection=f_mmd c_source=test c_metric=standardized_l2 | f_mmd_reserved_context=5% source=test | wise_ft=alpha0.1 rows=1473<2000,30,1,epoch_chunk,accuracy,0.5508474576271186,0.5508474576271186,0.5508474576271186,0.5508474576271186,0,True,False,,f_mmd,test,standardized_l2,3.158996617404455,0.5584780100985518,,True
compass,/home/crc00006699/zh/tabiclv2/data184/compass,binclass,13315,2663,3329,17,2,0.8810453589666567,0.8810034176938774,0.8810397536960037,0.9467035545160544,0.2836496118525792,55.52600598335266,6.0569007396698,ok,,13315,10652,0,3329,0.5517078340053558,True,0.1,False,60,1e-05,True,55.304550886154175,full_train_epoch_chunks,full train set chunked per epoch | validation=dataset_val_split | c_selection=f_mmd c_source=test c_metric=standardized_l2 | f_mmd_reserved_context=5% source=test | wise_ft_skipped rows=16644>=2000,30,2,epoch_chunk,accuracy,0.8043559894855427,0.8599324070597071,0.8043559894855427,0.8599324070597071,27,False,False,,f_mmd,test,standardized_l2,5.590307878403356,5.696671443389805,,True
contraceptive_method_choice,/home/crc00006699/zh/tabiclv2/data184/contraceptive_method_choice,multiclass,1178,236,295,9,3,0.6372881355932203,0.6356221051172173,0.6106558709719377,0.7948639126979261,0.8235583184380463,4.415861129760742,0.4226899147033691,ok,,1178,942,0,295,0.9003086984157562,True,0.1,True,10,1e-05,True,4.378357887268066,full_train_epoch_chunks,full train set chunked per epoch | validation=dataset_val_split | c_selection=f_mmd c_source=test c_metric=standardized_l2 | f_mmd_reserved_context=5% source=test | wise_ft=alpha0.1 rows=1473<2000,30,1,epoch_chunk,accuracy,0.5423728813559322,0.5466101694915254,0.5423728813559322,0.5466101694915254,2,True,False,,f_mmd,test,standardized_l2,3.188844304160801,0.5644437069734072,,True
credit-g,/home/crc00006699/zh/tabiclv2/data184/credit-g,binclass,800,160,200,20,2,0.795,0.7804087385482734,0.705952380952381,0.8435714285714284,0.4388395244558991,5.326404094696045,0.8128550052642822,ok,,800,640,0,200,0.5205519795417786,True,0.1,True,12,1e-05,True,5.266412734985352,full_train_epoch_chunks,full train set chunked per epoch | validation=dataset_val_split | c_selection=f_mmd c_source=test c_metric=standardized_l2 | f_mmd_reserved_context=5% source=test | wise_ft=alpha0.1 rows=1000<2000,30,1,epoch_chunk,accuracy,0.75,0.7625,0.75,0.7625,4,True,False,,f_mmd,test,standardized_l2,2.743756151430304,0.3917983502035519,,True
dabetes_130-us_hospitals,/home/crc00006699/zh/tabiclv2/data184/dabetes_130-us_hospitals,binclass,81412,16283,20354,20,2,0.644885526186499,0.6419515184282568,0.6380522462161171,0.7037080423576149,0.6186547503961028,156.8557825088501,127.84516525268556,ok,,81412,65129,0,20354,0.6265485286712646,True,0.1,False,84,1e-05,True,155.28465390205383,full_train_epoch_chunks,full train set chunked per epoch | validation=dataset_val_split | c_selection=f_mmd c_source=test c_metric=standardized_l2 | f_mmd_reserved_context=5% source=test | wise_ft_skipped rows=101766>=2000,30,7,epoch_chunk,accuracy,0.6479764171221519,0.6528281029294356,0.6479764171221519,0.6528281029294356,4,True,False,,f_mmd,test,standardized_l2,3.5510443580369984,8.060076499789226,,True
delta_ailerons,/home/crc00006699/zh/tabiclv2/data184/delta_ailerons,binclass,5703,1141,1426,5,2,0.953015427769986,0.953028571020914,0.9531399020206028,0.982362918688158,0.158404493713404,5.005956411361694,1.1261284351348877,ok,,5703,4562,0,1426,0.1654528751969337,True,0.1,False,8,1e-05,True,4.965662717819214,full_train_epoch_chunks,full train set chunked per epoch | validation=dataset_val_split | c_selection=f_mmd c_source=test c_metric=standardized_l2 | f_mmd_reserved_context=5% source=test | wise_ft_skipped rows=7129>=2000,30,1,epoch_chunk,accuracy,0.9430324276950044,0.9430324276950044,0.9430324276950044,0.9430324276950044,0,True,False,,f_mmd,test,standardized_l2,3.689035907319629,1.070969887580371,,True
dna,/home/crc00006699/zh/tabiclv2/data184/dna,multiclass,2548,510,638,180,3,0.9717868338557992,0.9719225529564052,0.9714135951918074,0.997980097351232,0.078726645084531,18.268445253372192,5.653852224349976,ok,,2548,2038,0,638,0.1456172838807106,True,0.1,False,8,1e-05,True,17.624432802200317,full_train_epoch_chunks,full train set chunked per epoch | validation=dataset_val_split | c_selection=f_mmd c_source=test c_metric=standardized_l2 | f_mmd_reserved_context=5% source=test | wise_ft_skipped rows=3186>=2000,30,1,epoch_chunk,accuracy,0.9705882352941176,0.9705882352941176,0.9705882352941176,0.9705882352941176,0,True,False,,f_mmd,test,standardized_l2,1.4325375806702203,0.035832019143852,,True
dry_bean_dataset,/home/crc00006699/zh/tabiclv2/data184/dry_bean_dataset,multiclass,10888,2178,2723,16,7,0.9280205655526992,0.9279976169884137,0.9379373999031376,0.996041907777734,0.1853399718249571,25.449376344680783,4.605981826782227,ok,,10888,8710,0,2723,0.1640660613775253,True,0.1,False,18,1e-05,True,25.26857185363769,full_train_epoch_chunks,full train set chunked per epoch | validation=dataset_val_split | c_selection=f_mmd c_source=test c_metric=standardized_l2 | f_mmd_reserved_context=5% source=test | wise_ft_skipped rows=13611>=2000,30,1,epoch_chunk,accuracy,0.9297520661157024,0.9343434343434344,0.9297520661157024,0.9343434343434344,10,True,False,,f_mmd,test,standardized_l2,6.071756137744037,2.1626882328611114,,True
electricity,/home/crc00006699/zh/tabiclv2/data184/electricity,binclass,36249,7250,9063,8,2,0.938651660598036,0.9386174074656846,0.93667849020198,0.9859164552117572,0.150661509369365,108.61794781684875,28.28494167327881,ok,,36249,28999,0,9063,0.2583584934473037,True,0.1,False,90,1e-05,True,108.31094551086426,full_train_epoch_chunks,full train set chunked per epoch | validation=dataset_val_split | c_selection=f_mmd c_source=test c_metric=standardized_l2 | f_mmd_reserved_context=5% source=test | wise_ft_skipped rows=45312>=2000,30,3,epoch_chunk,accuracy,0.9142068965517242,0.9318620689655172,0.9142068965517242,0.9318620689655172,22,True,False,,f_mmd,test,standardized_l2,6.1214708007166445,45.34163114899332,,True
eucalyptus,/home/crc00006699/zh/tabiclv2/data184/eucalyptus,multiclass,588,118,148,19,5,0.7364864864864865,0.7402095066246009,0.7268924873576037,0.9435029694274476,0.5869661975108574,4.553972482681274,0.651787281036377,ok,,588,470,0,148,0.651117354631424,True,0.1,True,10,1e-05,True,4.508022785186768,full_train_epoch_chunks,full train set chunked per epoch | validation=dataset_val_split | c_selection=f_mmd c_source=test c_metric=standardized_l2 | f_mmd_reserved_context=5% source=test | wise_ft=alpha0.1 rows=736<2000,30,1,epoch_chunk,accuracy,0.7372881355932204,0.7457627118644068,0.7372881355932204,0.7457627118644068,2,True,False,,f_mmd,test,standardized_l2,2.879876383534911,2.482027016509544,,True
eye_movements_bin,/home/crc00006699/zh/tabiclv2/data184/eye_movements_bin,binclass,6086,1218,1522,20,2,0.8153745072273325,0.8153648629338321,0.8153745072273324,0.9084888995563968,0.3916725553212651,27.86208963394165,2.4332048892974854,ok,,6086,4868,0,1522,0.4223800003528595,True,0.1,False,30,1e-05,True,27.72837448120117,full_train_epoch_chunks,full train set chunked per epoch | validation=dataset_val_split | c_selection=f_mmd c_source=test c_metric=standardized_l2 | f_mmd_reserved_context=5% source=test | wise_ft_skipped rows=7608>=2000,30,1,epoch_chunk,accuracy,0.6305418719211823,0.8513957307060755,0.6305418719211823,0.8513957307060755,30,False,False,,f_mmd,test,standardized_l2,6.804704470839492,4.178498860938383,,True
golf_play_dataset_extended,/home/crc00006699/zh/tabiclv2/data184/golf_play_dataset_extended,binclass,876,176,219,9,2,0.9452054794520548,0.9452054794520548,0.9174415682332244,0.9805227444081428,0.1502474031213717,4.282910585403442,0.7154924869537354,ok,,876,700,0,219,0.1030142903327941,True,0.1,True,11,1e-05,True,4.247921466827393,full_train_epoch_chunks,full train set chunked per epoch | validation=dataset_val_split | c_selection=f_mmd c_source=test c_metric=standardized_l2 | f_mmd_reserved_context=5% source=test | wise_ft=alpha0.1 rows=1095<2000,30,1,epoch_chunk,accuracy,0.9147727272727272,0.9261363636363636,0.9147727272727272,0.9261363636363636,3,True,False,,f_mmd,test,standardized_l2,3.2420692300951166,0.1752892601920354,,True
hill-valley,/home/crc00006699/zh/tabiclv2/data184/hill-valley,binclass,969,194,243,100,2,0.9753086419753086,0.9752910650763758,0.975206611570248,0.9996612925077902,0.0894779024954642,14.73196816444397,1.2559940814971924,ok,,969,775,0,243,0.1525639072060585,True,0.1,True,18,1e-05,True,14.57837963104248,full_train_epoch_chunks,full train set chunked per epoch | validation=dataset_val_split | c_selection=f_mmd c_source=test c_metric=standardized_l2 | f_mmd_reserved_context=5% source=test | wise_ft=alpha0.1 rows=1212<2000,30,1,epoch_chunk,accuracy,0.9072164948453608,0.963917525773196,0.9072164948453608,0.963917525773196,10,True,False,,f_mmd,test,standardized_l2,13.658256198909656,8.435375438395969,,True
htru,/home/crc00006699/zh/tabiclv2/data184/htru,binclass,14318,2864,3580,8,2,0.9804469273743016,0.98025473088243,0.9316705667056672,0.9876122198721988,0.0609905256003147,22.119242191314697,5.771263599395752,ok,,14318,11454,0,3580,0.0951553583145141,True,0.1,False,28,1e-05,True,22.01615071296692,full_train_epoch_chunks,full train set chunked per epoch | validation=dataset_val_split | c_selection=f_mmd c_source=test c_metric=standardized_l2 | f_mmd_reserved_context=5% source=test | wise_ft_skipped rows=17898>=2000,30,2,epoch_chunk,accuracy,0.9783519553072626,0.9793994413407822,0.9783519553072626,0.9793994413407822,6,True,False,,f_mmd,test,standardized_l2,8.946950700716211,3.6753390943866777,,True
in_vehicle_coupon_recommendation,/home/crc00006699/zh/tabiclv2/data184/in_vehicle_coupon_recommendation,binclass,10147,2030,2537,21,2,0.7879385100512416,0.7868147686718308,0.7796103838529693,0.862056124484639,0.45677276699381,24.97057008743286,4.523196458816528,ok,,10147,8117,0,2537,0.4772070497274399,True,0.1,False,17,1e-05,True,24.71759533882141,full_train_epoch_chunks,full train set chunked per epoch | validation=dataset_val_split | c_selection=f_mmd c_source=test c_metric=standardized_l2 | f_mmd_reserved_context=5% source=test | wise_ft_skipped rows=12684>=2000,30,1,epoch_chunk,accuracy,0.7630541871921183,0.7719211822660098,0.7630541871921183,0.7719211822660098,9,True,False,,f_mmd,test,standardized_l2,1.6951515820085172,0.095839444744012,,True
jasmine,/home/crc00006699/zh/tabiclv2/data184/jasmine,binclass,2387,478,597,144,2,0.8224455611390284,0.8208980443536286,0.8226021862584454,0.8860912212969407,0.380760223583266,15.39535927772522,4.492523193359375,ok,,2387,1909,0,597,0.3797793239355087,True,0.1,False,8,1e-05,True,14.886710405349731,full_train_epoch_chunks,full train set chunked per epoch | validation=dataset_val_split | c_selection=f_mmd c_source=test c_metric=standardized_l2 | f_mmd_reserved_context=5% source=test | wise_ft_skipped rows=2984>=2000,30,1,epoch_chunk,accuracy,0.8514644351464435,0.8514644351464435,0.8514644351464435,0.8514644351464435,0,True,False,,f_mmd,test,standardized_l2,3.744939232855234,2.496165052757057,,True
jungle_chess_2pcs_raw_endgame_complete,/home/crc00006699/zh/tabiclv2/data184/jungle_chess_2pcs_raw_endgame_complete,multiclass,35855,7171,8964,6,3,0.9699910754127622,0.9698425571038322,0.9504731107319252,0.9979025440689028,0.0965792412134374,104.53510761260986,26.32277202606201,ok,,35855,28684,0,8964,0.2060433179140091,True,0.1,False,90,1e-05,True,104.33834052085876,full_train_epoch_chunks,full train set chunked per epoch | validation=dataset_val_split | c_selection=f_mmd c_source=test c_metric=standardized_l2 | f_mmd_reserved_context=5% source=test | wise_ft_skipped rows=44819>=2000,30,3,epoch_chunk,accuracy,0.8931808673825129,0.9596987867800864,0.8931808673825129,0.9596987867800864,22,True,False,,f_mmd,test,standardized_l2,1.92503797877294,0.1182629266496289,,True
kdd_ipums_la_97-small,/home/crc00006699/zh/tabiclv2/data184/kdd_ipums_la_97-small,binclass,4150,830,1038,20,2,0.8853564547206165,0.8848476204060286,0.8853564547206165,0.9493467873968392,0.2590566269843678,9.76996636390686,1.613708257675171,ok,,4150,3320,0,1038,0.2525835335254669,True,0.1,False,14,1e-05,True,9.679583072662354,full_train_epoch_chunks,full train set chunked per epoch | validation=dataset_val_split | c_selection=f_mmd c_source=test c_metric=standardized_l2 | f_mmd_reserved_context=5% source=test | wise_ft_skipped rows=5188>=2000,30,1,epoch_chunk,accuracy,0.8819277108433735,0.8867469879518072,0.8819277108433735,0.8867469879518072,6,True,False,,f_mmd,test,standardized_l2,3.3453983837649908,0.6661016526204139,,True
law-school-admission-bianry,/home/crc00006699/zh/tabiclv2/data184/law-school-admission-bianry,binclass,16640,3328,4160,11,2,1.0,1.0,1.0,1.0,7.029863807826597e-07,15.08351707458496,7.639228105545044,ok,,16640,13312,0,4160,8.295129703128623e-07,True,0.1,False,16,1e-05,True,14.91064167022705,full_train_epoch_chunks,full train set chunked per epoch | validation=dataset_val_split | c_selection=f_mmd c_source=test c_metric=standardized_l2 | f_mmd_reserved_context=5% source=test | wise_ft_skipped rows=20800>=2000,30,2,epoch_chunk,accuracy,1.0,1.0,1.0,1.0,0,True,False,,f_mmd,test,standardized_l2,3.31833245002201,0.8464428013944479,,True
led7,/home/crc00006699/zh/tabiclv2/data184/led7,multiclass,2560,512,640,7,10,0.7421875,0.7381941308432585,0.7401626395511218,0.9596466815346688,0.7793180724963518,4.255082368850708,0.7656164169311523,ok,,2560,2048,0,640,0.8432992696762085,True,0.1,False,10,1e-05,True,4.2138872146606445,full_train_epoch_chunks,full train set chunked per epoch | validation=dataset_val_split | c_selection=f_mmd c_source=test c_metric=standardized_l2 | f_mmd_reserved_context=5% source=test | wise_ft_skipped rows=3200>=2000,30,1,epoch_chunk,accuracy,0.73046875,0.732421875,0.73046875,0.732421875,2,True,False,,f_mmd,test,standardized_l2,2.0273325116501963,0.1355588945793434,,True
mammography,/home/crc00006699/zh/tabiclv2/data184/mammography,binclass,8946,1790,2237,6,2,0.9892713455520786,0.9885863407758956,0.8255500792114064,0.988435134659391,0.031971999214722,11.86530613899231,2.2106027603149414,ok,,8946,7156,0,2237,0.0404851734638214,True,0.1,False,13,1e-05,True,11.792832136154177,full_train_epoch_chunks,full train set chunked per epoch | validation=dataset_val_split | c_selection=f_mmd c_source=test c_metric=standardized_l2 | f_mmd_reserved_context=5% source=test | wise_ft_skipped rows=11183>=2000,30,1,epoch_chunk,accuracy,0.9871508379888267,0.988268156424581,0.9871508379888267,0.988268156424581,5,True,False,,f_mmd,test,standardized_l2,8.315249255577932,13.625643987045802,,True
mfeat-factors,/home/crc00006699/zh/tabiclv2/data184/mfeat-factors,multiclass,1600,320,400,216,10,0.9825,0.9824984372558212,0.9825,0.9997569444444444,0.0771859844887558,14.245730638504028,4.215344429016113,ok,,1600,1280,0,400,0.0110661392100155,True,0.1,False,8,1e-05,True,13.854685544967651,full_train_epoch_chunks,full train set chunked per epoch | validation=dataset_val_split | c_selection=f_mmd c_source=test c_metric=standardized_l2 | f_mmd_reserved_context=5% source=test | wise_ft_skipped rows=2000>=2000,30,1,epoch_chunk,accuracy,0.984375,0.984375,0.984375,0.984375,0,True,False,,f_mmd,test,standardized_l2,2.0588483748197195,0.210254983477665,,True
mfeat-karhunen,/home/crc00006699/zh/tabiclv2/data184/mfeat-karhunen,multiclass,1600,320,400,64,10,0.975,0.975015727207024,0.975,0.9996944444444444,0.0932441742270905,8.16445779800415,1.2816123962402344,ok,,1600,1280,0,400,0.0159440087154507,True,0.1,False,11,1e-05,True,8.031313180923462,full_train_epoch_chunks,full train set chunked per epoch | validation=dataset_val_split | c_selection=f_mmd c_source=test c_metric=standardized_l2 | f_mmd_reserved_context=5% source=test | wise_ft_skipped rows=2000>=2000,30,1,epoch_chunk,accuracy,0.978125,0.98125,0.978125,0.98125,3,True,False,,f_mmd,test,standardized_l2,1.742347368462596,0.0813582363813083,,True
mfeat-pixel,/home/crc00006699/zh/tabiclv2/data184/mfeat-pixel,multiclass,1600,320,400,240,10,0.975,0.97494801061037,0.975,0.9995694444444444,0.1191579101492128,24.938315391540527,4.835038185119629,ok,,1600,1280,0,400,0.0341730024665594,True,0.1,False,11,1e-05,True,24.272722959518436,full_train_epoch_chunks,full train set chunked per epoch | validation=dataset_val_split | c_selection=f_mmd c_source=test c_metric=standardized_l2 | f_mmd_reserved_context=5% source=test | wise_ft_skipped rows=2000>=2000,30,1,epoch_chunk,accuracy,0.98125,0.9875,0.98125,0.9875,3,True,False,,f_mmd,test,standardized_l2,1.7238650669662638,0.0898627304730348,,True
mice_protein_expression,/home/crc00006699/zh/tabiclv2/data184/mice_protein_expression,multiclass,864,173,216,75,8,1.0,1.0,1.0,1.0,1.5999533307339687e-06,5.610701560974121,0.8474903106689453,ok,,864,691,0,216,8.564928521082038e-06,True,0.1,True,8,1e-05,True,5.493736028671265,full_train_epoch_chunks,full train set chunked per epoch | validation=dataset_val_split | c_selection=f_mmd c_source=test c_metric=standardized_l2 | f_mmd_reserved_context=5% source=test | wise_ft=alpha0.1 rows=1080<2000,30,1,epoch_chunk,accuracy,1.0,1.0,1.0,1.0,0,True,False,,f_mmd,test,standardized_l2,3.20523906295369,0.9839110698146576,,True
mobile_c36_oversampling,/home/crc00006699/zh/tabiclv2/data184/mobile_c36_oversampling,binclass,41408,8282,10352,6,2,0.9941074188562596,0.9941018105568384,0.9928925485085812,0.9993807336076014,0.0226257060104738,120.17268085479736,25.144985675811768,ok,,41408,33126,0,10352,0.0782544277608394,True,0.1,False,120,1e-05,True,119.98477721214294,full_train_epoch_chunks,full train set chunked per epoch | validation=dataset_val_split | c_selection=f_mmd c_source=test c_metric=standardized_l2 | f_mmd_reserved_context=5% source=test | wise_ft_skipped rows=51760>=2000,30,4,epoch_chunk,accuracy,0.9942042984786283,0.9958947114223616,0.9942042984786283,0.9958947114223616,23,False,False,,f_mmd,test,standardized_l2,3.8771423022845175,1.0416077006286075,,True
national-longitudinal-survey-binary,/home/crc00006699/zh/tabiclv2/data184/national-longitudinal-survey-binary,binclass,3926,786,982,16,2,1.0,1.0,1.0,1.0,0.000238956362367,5.306502103805542,1.4180402755737305,ok,,3926,3140,0,982,7.159590495575685e-05,True,0.1,False,8,1e-05,True,5.219510078430176,full_train_epoch_chunks,full train set chunked per epoch | validation=dataset_val_split | c_selection=f_mmd c_source=test c_metric=standardized_l2 | f_mmd_reserved_context=5% source=test | wise_ft_skipped rows=4908>=2000,30,1,epoch_chunk,accuracy,1.0,1.0,1.0,1.0,0,True,False,,f_mmd,test,standardized_l2,2.8596667308055475,0.4325343223026717,,True
online_shoppers,/home/crc00006699/zh/tabiclv2/data184/online_shoppers,binclass,9864,1973,2466,14,2,0.9095701540957016,0.9050698618436492,0.7840125714745103,0.930542226487524,0.2274869595445117,20.297330379486084,3.911907434463501,ok,,9864,7891,0,2466,0.2153167575597763,True,0.1,False,17,1e-05,True,20.14635014533997,full_train_epoch_chunks,full train set chunked per epoch | validation=dataset_val_split | c_selection=f_mmd c_source=test c_metric=standardized_l2 | f_mmd_reserved_context=5% source=test | wise_ft_skipped rows=12330>=2000,30,1,epoch_chunk,accuracy,0.8976178408514952,0.8996452103395844,0.8976178408514952,0.8996452103395844,9,True,False,,f_mmd,test,standardized_l2,3.612355004594364,2.287742417931649,,True
ozone-level-8hr,/home/crc00006699/zh/tabiclv2/data184/ozone-level-8hr,binclass,2027,406,507,72,2,0.9546351084812624,0.9468295802699368,0.684342105263158,0.9491447368421052,0.1216544572749324,9.727730989456177,1.6275911331176758,ok,,2027,1621,0,507,0.1508510261774063,True,0.1,False,11,1e-05,True,9.56405520439148,full_train_epoch_chunks,full train set chunked per epoch | validation=dataset_val_split | c_selection=f_mmd c_source=test c_metric=standardized_l2 | f_mmd_reserved_context=5% source=test | wise_ft_skipped rows=2534>=2000,30,1,epoch_chunk,accuracy,0.9408866995073892,0.9458128078817734,0.9408866995073892,0.9458128078817734,3,True,False,,f_mmd,test,standardized_l2,3.760222356214882,0.9378070589744144,,True
page-blocks,/home/crc00006699/zh/tabiclv2/data184/page-blocks,multiclass,4378,876,1095,10,5,0.978082191780822,0.9779031034835918,0.9025606143258406,0.9924720809434812,0.0860010992509424,9.054081201553345,1.4342896938323977,ok,,4378,3502,0,1095,0.0429239626973867,True,0.1,False,17,1e-05,True,9.00037431716919,full_train_epoch_chunks,full train set chunked per epoch | validation=dataset_val_split | c_selection=f_mmd c_source=test c_metric=standardized_l2 | f_mmd_reserved_context=5% source=test | wise_ft_skipped rows=5473>=2000,30,1,epoch_chunk,accuracy,0.9714611872146118,0.9771689497716894,0.9714611872146118,0.9771689497716894,9,True,False,,f_mmd,test,standardized_l2,206.56257001847212,27.31170050388142,,True
pc3,/home/crc00006699/zh/tabiclv2/data184/pc3,binclass,1250,250,313,37,2,0.9009584664536742,0.8713234468060816,0.5571619217081851,0.8387455516014235,0.2604628840355711,5.0064697265625,0.7012975215911865,ok,,1250,1000,0,313,0.2092613726854324,True,0.1,True,8,1e-05,True,4.931039333343506,full_train_epoch_chunks,full train set chunked per epoch | validation=dataset_val_split | c_selection=f_mmd c_source=test c_metric=standardized_l2 | f_mmd_reserved_context=5% source=test | wise_ft=alpha0.1 rows=1563<2000,30,1,epoch_chunk,accuracy,0.884,0.884,0.884,0.884,0,True,False,,f_mmd,test,standardized_l2,11.670120732183827,18.552186057997343,,True
pendigits,/home/crc00006699/zh/tabiclv2/data184/pendigits,multiclass,8793,1759,2199,16,10,0.9972714870395636,0.9972742335430836,0.9972309029574288,0.9998058625154858,0.0120298719253893,9.37046718597412,3.487419843673706,ok,,8793,7034,0,2199,0.0076733883470296,True,0.1,False,8,1e-05,True,9.238629579544067,full_train_epoch_chunks,full train set chunked per epoch | validation=dataset_val_split | c_selection=f_mmd c_source=test c_metric=standardized_l2 | f_mmd_reserved_context=5% source=test | wise_ft_skipped rows=10992>=2000,30,1,epoch_chunk,accuracy,0.9982944855031268,0.9982944855031268,0.9982944855031268,0.9982944855031268,0,True,False,,f_mmd,test,standardized_l2,2.452164893334547,0.5092612150003182,,True
pol,/home/crc00006699/zh/tabiclv2/data184/pol,binclass,8065,1613,2017,26,2,0.993554784333168,0.9935547748276162,0.9935555201598314,0.9997522299306244,0.020818660480424,13.212578773498535,3.761165618896485,ok,,8065,6452,0,2017,0.0318069737404584,True,0.1,False,11,1e-05,True,13.053822994232178,full_train_epoch_chunks,full train set chunked per epoch | validation=dataset_val_split | c_selection=f_mmd c_source=test c_metric=standardized_l2 | f_mmd_reserved_context=5% source=test | wise_ft_skipped rows=10082>=2000,30,1,epoch_chunk,accuracy,0.9882207067575944,0.99008059516429,0.9882207067575944,0.99008059516429,3,True,False,,f_mmd,test,standardized_l2,7.3435042041603165,2.726870135818943,,True
rice_cammeo_and_osmancik,/home/crc00006699/zh/tabiclv2/data184/rice_cammeo_and_osmancik,binclass,3048,610,762,7,2,0.931758530183727,0.9314798849732624,0.9268236055608712,0.9784537344515112,0.1846641463504854,4.613765239715576,0.8171319961547852,ok,,3048,2438,0,762,0.2174108773469925,True,0.1,False,11,1e-05,True,4.579172134399414,full_train_epoch_chunks,full train set chunked per epoch | validation=dataset_val_split | c_selection=f_mmd c_source=test c_metric=standardized_l2 | f_mmd_reserved_context=5% source=test | wise_ft_skipped rows=3810>=2000,30,1,epoch_chunk,accuracy,0.9295081967213116,0.9344262295081968,0.9295081967213116,0.9344262295081968,3,True,False,,f_mmd,test,standardized_l2,3.804583445804758,0.943029575717378,,True
rl,/home/crc00006699/zh/tabiclv2/data184/rl,binclass,3976,796,994,12,2,0.903420523138833,0.9034142668010836,0.903420523138833,0.9573639017201804,0.2594345096601982,7.452408790588379,1.3039326667785645,ok,,3976,3180,0,994,0.3298157155513763,True,0.1,False,14,1e-05,True,7.386966705322266,full_train_epoch_chunks,full train set chunked per epoch | validation=dataset_val_split | c_selection=f_mmd c_source=test c_metric=standardized_l2 | f_mmd_reserved_context=5% source=test | wise_ft_skipped rows=4970>=2000,30,1,epoch_chunk,accuracy,0.8831658291457286,0.8907035175879398,0.8831658291457286,0.8907035175879398,6,True,False,,f_mmd,test,standardized_l2,5.271763022459758,1.4412817311230322,,True
segment,/home/crc00006699/zh/tabiclv2/data184/segment,multiclass,1848,370,462,17,7,0.9523809523809524,0.9523414143136256,0.9523809523809524,0.9971686562595652,0.1392689578821192,4.807067632675171,0.7128307819366455,ok,,1848,1478,0,462,0.0784830152988433,True,0.1,False,11,1e-05,True,4.757821083068848,full_train_epoch_chunks,full train set chunked per epoch | validation=dataset_val_split | c_selection=f_mmd c_source=test c_metric=standardized_l2 | f_mmd_reserved_context=5% source=test | wise_ft_skipped rows=2310>=2000,30,1,epoch_chunk,accuracy,0.9486486486486486,0.9513513513513514,0.9486486486486486,0.9513513513513514,3,True,False,,f_mmd,test,standardized_l2,5.893529068765413,9.402798278109907,,True
semeion,/home/crc00006699/zh/tabiclv2/data184/semeion,multiclass,1274,255,319,256,10,0.9686520376175548,0.9686948325435536,0.9686491935483872,0.9993351769635208,0.1005940037255934,15.622795820236206,4.060753583908081,ok,,1274,1019,0,319,0.1084564216434955,True,0.1,True,8,1e-05,True,15.159398794174194,full_train_epoch_chunks,full train set chunked per epoch | validation=dataset_val_split | c_selection=f_mmd c_source=test c_metric=standardized_l2 | f_mmd_reserved_context=5% source=test | wise_ft=alpha0.1 rows=1593<2000,30,1,epoch_chunk,accuracy,0.9568627450980391,0.9568627450980391,0.9568627450980391,0.9568627450980391,0,True,False,,f_mmd,test,standardized_l2,1.5199568110473989,0.0683442662826341,,True
shrutime,/home/crc00006699/zh/tabiclv2/data184/shrutime,binclass,8000,1600,2000,10,2,0.8675,0.8568397951314447,0.7250422092041646,0.8810515847637563,0.3086114185516859,21.893289804458615,2.7587039470672607,ok,,8000,6400,0,2000,0.3145324736833572,True,0.1,False,26,1e-05,True,21.794424772262573,full_train_epoch_chunks,full train set chunked per epoch | validation=dataset_val_split | c_selection=f_mmd c_source=test c_metric=standardized_l2 | f_mmd_reserved_context=5% source=test | wise_ft_skipped rows=10000>=2000,30,1,epoch_chunk,accuracy,0.8625,0.873125,0.8625,0.873125,18,True,False,,f_mmd,test,standardized_l2,2.1953466679650435,0.3733174812006346,,True
spambase,/home/crc00006699/zh/tabiclv2/data184/spambase,binclass,3680,736,921,57,2,0.9587404994571118,0.9587404994571118,0.9568041114961936,0.992026817540014,0.1122943622500665,15.89175033569336,2.462854146957397,ok,,3680,2944,0,921,0.109783474355936,True,0.1,False,15,1e-05,True,15.713040828704834,full_train_epoch_chunks,full train set chunked per epoch | validation=dataset_val_split | c_selection=f_mmd c_source=test c_metric=standardized_l2 | f_mmd_reserved_context=5% source=test | wise_ft_skipped rows=4601>=2000,30,1,epoch_chunk,accuracy,0.9660326086956522,0.967391304347826,0.9660326086956522,0.967391304347826,7,True,False,,f_mmd,test,standardized_l2,8.755897123901873,7.15482593103699,,True
sports_articles_for_objectivity_analysis,/home/crc00006699/zh/tabiclv2/data184/sports_articles_for_objectivity_analysis,binclass,800,160,200,59,2,0.845,0.8419021663172606,0.8167943048214863,0.8949412145399632,0.3955926579237135,5.454602003097534,1.3936467170715332,ok,,800,640,0,200,0.2696747779846191,True,0.1,True,8,1e-05,True,5.344482898712158,full_train_epoch_chunks,full train set chunked per epoch | validation=dataset_val_split | c_selection=f_mmd c_source=test c_metric=standardized_l2 | f_mmd_reserved_context=5% source=test | wise_ft=alpha0.1 rows=1000<2000,30,1,epoch_chunk,accuracy,0.8375,0.8375,0.8375,0.8375,0,True,False,,f_mmd,test,standardized_l2,7.269896438741965,4.760994848359357,,True
steel_plates_faults,/home/crc00006699/zh/tabiclv2/data184/steel_plates_faults,multiclass,1552,311,389,27,7,0.8560411311053985,0.8561943205373445,0.8948358740025407,0.9823253589152318,0.3662697225450433,8.468013286590576,0.7344241142272949,ok,,1552,1241,0,389,0.4026097804307937,True,0.1,True,18,1e-05,True,8.398130893707275,full_train_epoch_chunks,full train set chunked per epoch | validation=dataset_val_split | c_selection=f_mmd c_source=test c_metric=standardized_l2 | f_mmd_reserved_context=5% source=test | wise_ft=alpha0.1 rows=1941<2000,30,1,epoch_chunk,accuracy,0.8167202572347267,0.8360128617363344,0.8167202572347267,0.8360128617363344,10,True,False,,f_mmd,test,standardized_l2,37.381978418108666,1.6745122809903297,,True
sylvine,/home/crc00006699/zh/tabiclv2/data184/sylvine,binclass,4099,820,1025,20,2,0.977560975609756,0.9775608474625496,0.9775638096978556,0.998541818957115,0.0514561057797232,8.05199670791626,1.5815575122833252,ok,,4099,3279,0,1025,0.0709659792482853,True,0.1,False,12,1e-05,True,7.959702253341675,full_train_epoch_chunks,full train set chunked per epoch | validation=dataset_val_split | c_selection=f_mmd c_source=test c_metric=standardized_l2 | f_mmd_reserved_context=5% source=test | wise_ft_skipped rows=5124>=2000,30,1,epoch_chunk,accuracy,0.9817073170731708,0.9853658536585366,0.9817073170731708,0.9853658536585366,4,True,False,,f_mmd,test,standardized_l2,2.6819580007971275,0.4605404270183973,,True
telco-customer-churn,/home/crc00006699/zh/tabiclv2/data184/telco-customer-churn,binclass,5634,1127,1409,18,2,0.8062455642299503,0.7983669845484236,0.7178459789712986,0.851772197680126,0.4088769760640716,9.410716533660889,2.1740927696228027,ok,,5634,4507,0,1409,0.4387834072113037,True,0.1,False,11,1e-05,True,9.271454811096191,full_train_epoch_chunks,full train set chunked per epoch | validation=dataset_val_split | c_selection=f_mmd c_source=test c_metric=standardized_l2 | f_mmd_reserved_context=5% source=test | wise_ft_skipped rows=7043>=2000,30,1,epoch_chunk,accuracy,0.8154392191659272,0.8181011535048802,0.8154392191659272,0.8181011535048802,3,True,False,,f_mmd,test,standardized_l2,1.8744802035134616,0.0915116518437279,,True
thyroid-ann,/home/crc00006699/zh/tabiclv2/data184/thyroid-ann,multiclass,3017,604,755,21,3,0.9933774834437086,0.9933902864131448,0.9551852410395616,0.9997242953815708,0.0143730256076646,6.656329154968262,1.1891279220581057,ok,,3017,2413,0,755,0.0008128173067234,True,0.1,False,12,1e-05,True,6.587953567504883,full_train_epoch_chunks,full train set chunked per epoch | validation=dataset_val_split | c_selection=f_mmd c_source=test c_metric=standardized_l2 | f_mmd_reserved_context=5% source=test | wise_ft_skipped rows=3772>=2000,30,1,epoch_chunk,accuracy,0.9950331125827816,0.9966887417218544,0.9950331125827816,0.9966887417218544,4,True,False,,f_mmd,test,standardized_l2,7.608014398270635,10.63850520188659,,True
turiye_student_evaluation,/home/crc00006699/zh/tabiclv2/data184/turiye_student_evaluation,multiclass,4656,932,1164,32,5,0.5214776632302406,0.492860110359401,0.410141965742234,0.7692181278639068,1.1799021824633624,9.024230480194092,2.230134963989258,ok,,4656,3724,0,1164,1.2242919206619265,True,0.1,False,10,1e-05,True,8.880497217178345,full_train_epoch_chunks,full train set chunked per epoch | validation=dataset_val_split | c_selection=f_mmd c_source=test c_metric=standardized_l2 | f_mmd_reserved_context=5% source=test | wise_ft_skipped rows=5820>=2000,30,1,epoch_chunk,accuracy,0.5150214592274678,0.5160944206008584,0.5150214592274678,0.5160944206008584,2,True,False,,f_mmd,test,standardized_l2,2.9406910194641416,0.0997119509815928,,True
vehicle,/home/crc00006699/zh/tabiclv2/data184/vehicle,multiclass,676,136,170,18,4,0.8764705882352941,0.87399709513435,0.8766233766233766,0.9748813469516596,0.2565552827722406,3.278625726699829,0.6860177516937256,ok,,676,540,0,170,0.2217859253287315,True,0.1,True,8,1e-05,True,3.2406725883483887,full_train_epoch_chunks,full train set chunked per epoch | validation=dataset_val_split | c_selection=f_mmd c_source=test c_metric=standardized_l2 | f_mmd_reserved_context=5% source=test | wise_ft=alpha0.1 rows=846<2000,30,1,epoch_chunk,accuracy,0.9044117647058824,0.9044117647058824,0.9044117647058824,0.9044117647058824,0,True,False,,f_mmd,test,standardized_l2,4.49103675899385,3.2020568125740487,,True
water_quality,/home/crc00006699/zh/tabiclv2/data184/water_quality,binclass,6396,1280,1600,20,2,0.91,0.8977945205479452,0.6762349075466142,0.9119464808816008,0.2139245692932365,9.42255163192749,2.382026195526123,ok,,6396,5116,0,1600,0.2186703234910965,True,0.1,False,11,1e-05,True,9.333850145339966,full_train_epoch_chunks,full train set chunked per epoch | validation=dataset_val_split | c_selection=f_mmd c_source=test c_metric=standardized_l2 | f_mmd_reserved_context=5% source=test | wise_ft_skipped rows=7996>=2000,30,1,epoch_chunk,accuracy,0.89609375,0.8984375,0.89609375,0.8984375,3,True,False,,f_mmd,test,standardized_l2,2.505492927759106,0.7610815188570307,,True
waveform_database_generator_version_1,/home/crc00006699/zh/tabiclv2/data184/waveform_database_generator_version_1,multiclass,4000,800,1000,21,3,0.871,0.8705334846679682,0.8708938469715716,0.9728529123653744,0.2926794948921986,7.723357677459717,1.6000962257385254,ok,,4000,3200,0,1000,0.230641558766365,True,0.1,False,12,1e-05,True,7.636777639389038,full_train_epoch_chunks,full train set chunked per epoch | validation=dataset_val_split | c_selection=f_mmd c_source=test c_metric=standardized_l2 | f_mmd_reserved_context=5% source=test | wise_ft_skipped rows=5000>=2000,30,1,epoch_chunk,accuracy,0.85625,0.86125,0.85625,0.86125,4,True,False,,f_mmd,test,standardized_l2,2.227887633634742,0.2053287922161142,,True
wine,/home/crc00006699/zh/tabiclv2/data184/wine,binclass,2043,409,511,4,2,0.7827788649706457,0.7817845266917047,0.7829120710784314,0.8828890931372549,0.4309532007342379,4.017105579376221,0.299943208694458,ok,,2043,1634,0,511,0.4930524230003357,True,0.1,False,12,1e-05,True,3.9933135509490967,full_train_epoch_chunks,full train set chunked per epoch | validation=dataset_val_split | c_selection=f_mmd c_source=test c_metric=standardized_l2 | f_mmd_reserved_context=5% source=test | wise_ft_skipped rows=2554>=2000,30,1,epoch_chunk,accuracy,0.823960880195599,0.8288508557457213,0.823960880195599,0.8288508557457213,4,True,False,,f_mmd,test,standardized_l2,3.448447365431737,1.1637056535210335,,True
wine-quality-white,/home/crc00006699/zh/tabiclv2/data184/wine-quality-white,multiclass,3918,784,980,11,7,0.689795918367347,0.6817477617181938,0.4024815268187875,0.9113259056736284,0.7506479211277776,4.3855743408203125,1.2836813926696775,ok,,3918,3134,0,980,0.8031715154647827,True,0.1,False,8,1e-05,True,4.328372001647949,full_train_epoch_chunks,full train set chunked per epoch | validation=dataset_val_split | c_selection=f_mmd c_source=test c_metric=standardized_l2 | f_mmd_reserved_context=5% source=test | wise_ft_skipped rows=4898>=2000,30,1,epoch_chunk,accuracy,0.6938775510204082,0.6938775510204082,0.6938775510204082,0.6938775510204082,0,True,False,,f_mmd,test,standardized_l2,4.045075943656547,3.4223756910751177,,True
BLE_RSSI_dataset_for_Indoor_localization,/home/crc00006699/zh/tabiclv2/data184/BLE_RSSI_dataset_for_Indoor_localization,multiclass,7987,1598,1997,3,3,0.7606409614421632,0.7603339532778864,0.7600689274460013,0.917542594810186,0.5460699888474689,24.300381183624268,1.3730449676513672,ok,,7987,6389,0,1997,0.5893853902816772,True,0.1,False,30,1e-05,True,24.25720357894897,full_train_epoch_chunks,full train set chunked per epoch | validation=dataset_val_split | c_selection=f_mmd c_source=test c_metric=standardized_l2 | f_mmd_reserved_context=5% source=test | wise_ft_skipped rows=9984>=2000,30,1,epoch_chunk,accuracy,0.7509386733416771,0.7897371714643304,0.7509386733416771,0.7897371714643304,25,False,False,,f_mmd,test,standardized_l2,2.914627962138002,0.4912430661847667,,True
BNG(cmc),/home/crc00006699/zh/tabiclv2/data184/BNG(cmc),multiclass,44236,8848,11060,9,3,0.5881555153707052,0.5868898310234185,0.5698789829004762,0.7654780652722327,0.8741976428273318,53.31208086013794,35.9349319934845,ok,,44236,35388,0,11060,0.9157245755195618,True,0.1,False,44,1e-05,True,52.90591502189636,full_train_epoch_chunks,full train set chunked per epoch | validation=dataset_val_split | c_selection=f_mmd c_source=test c_metric=standardized_l2 | f_mmd_reserved_context=5% source=test | wise_ft_skipped rows=55296>=2000,30,4,epoch_chunk,accuracy,0.5762884267631103,0.5799050632911392,0.5762884267631103,0.5799050632911392,3,True,False,,f_mmd,test,standardized_l2,3.0279242550543986,0.4148835370296145,,True
Bank_Customer_Churn_Dataset,/home/crc00006699/zh/tabiclv2/data184/Bank_Customer_Churn_Dataset,binclass,8000,1600,2000,10,2,0.8755,0.8652834419381789,0.7444077359331597,0.8854023515040466,0.3101269156574813,22.920876502990723,2.730979681015014,ok,,8000,6400,0,2000,0.3329091817140579,True,0.1,False,27,1e-05,True,22.828798055648804,full_train_epoch_chunks,full train set chunked per epoch | validation=dataset_val_split | c_selection=f_mmd c_source=test c_metric=standardized_l2 | f_mmd_reserved_context=5% source=test | wise_ft_skipped rows=10000>=2000,30,1,epoch_chunk,accuracy,0.861875,0.8725,0.861875,0.8725,19,True,False,,f_mmd,test,standardized_l2,2.2160248725463862,0.3879831111864625,,True
California-Housing-Classification,/home/crc00006699/zh/tabiclv2/data184/California-Housing-Classification,binclass,16512,3303,4128,8,2,0.9249031007751938,0.92490306551922,0.9249035526203052,0.9803240303326568,0.1800934104410431,23.74284529685974,7.082313060760498,ok,,16512,13209,0,4128,0.2261190339922905,True,0.1,False,28,1e-05,True,23.60186767578125,full_train_epoch_chunks,full train set chunked per epoch | validation=dataset_val_split | c_selection=f_mmd c_source=test c_metric=standardized_l2 | f_mmd_reserved_context=5% source=test | wise_ft_skipped rows=20640>=2000,30,2,epoch_chunk,accuracy,0.9182561307901907,0.9215864365728126,0.9182561307901907,0.9215864365728126,6,True,False,,f_mmd,test,standardized_l2,7.436476980459142,11.32650533217734,,True
Click_prediction_small,/home/crc00006699/zh/tabiclv2/data184/Click_prediction_small,binclass,31958,6392,7990,3,2,0.8028785982478097,0.7613567070713488,0.5183122244159115,0.5454202162538366,0.4802347162778882,42.81565833091736,7.16067361831665,ok,,31958,25566,0,7990,0.4424489736557007,True,0.1,False,48,1e-05,True,42.72475290298462,full_train_epoch_chunks,full train set chunked per epoch | validation=dataset_val_split | c_selection=f_mmd c_source=test c_metric=standardized_l2 | f_mmd_reserved_context=5% source=test | wise_ft_skipped rows=39948>=2000,30,3,epoch_chunk,accuracy,0.8322903629536921,0.8326032540675845,0.8322903629536921,0.8326032540675845,8,True,False,,f_mmd,test,standardized_l2,9.468216224395391,198.6885311004445,,True
Contaminant-detection-in-packaged-cocoa-hazelnut-spread-jars-using-Microwaves-Sensing-and-Machine-Learning-10.5GHz(Urbinati),/home/crc00006699/zh/tabiclv2/data184/Contaminant-detection-in-packaged-cocoa-hazelnut-spread-jars-using-Microwaves-Sensing-and-Machine-Learning-10.5GHz(Urbinati),binclass,1920,384,480,30,2,0.98125,0.9812531761578588,0.9814377085650724,0.9977579254727474,0.052364803779674,7.840045928955078,0.9141407012939452,ok,,1920,1536,0,480,0.1009171418845653,True,0.1,False,15,1e-05,True,7.76697039604187,full_train_epoch_chunks,full train set chunked per epoch | validation=dataset_val_split | c_selection=f_mmd c_source=test c_metric=standardized_l2 | f_mmd_reserved_context=5% source=test | wise_ft_skipped rows=2400>=2000,30,1,epoch_chunk,accuracy,0.9635416666666666,0.9713541666666666,0.9635416666666666,0.9713541666666666,7,True,False,,f_mmd,test,standardized_l2,3.3164216657329444,0.4455324463801787,,True
Contaminant-detection-in-packaged-cocoa-hazelnut-spread-jars-using-Microwaves-Sensing-and-Machine-Learning-9.0GHz(Urbinati),/home/crc00006699/zh/tabiclv2/data184/Contaminant-detection-in-packaged-cocoa-hazelnut-spread-jars-using-Microwaves-Sensing-and-Machine-Learning-9.0GHz(Urbinati),binclass,1920,384,480,30,2,0.9729166666666668,0.972923135269246,0.973234149054505,0.9948640850945496,0.0937931895876335,10.5479257106781,0.9140233993530272,ok,,1920,1536,0,480,0.0502746496349573,True,0.1,False,21,1e-05,True,10.47422742843628,full_train_epoch_chunks,full train set chunked per epoch | validation=dataset_val_split | c_selection=f_mmd c_source=test c_metric=standardized_l2 | f_mmd_reserved_context=5% source=test | wise_ft_skipped rows=2400>=2000,30,1,epoch_chunk,accuracy,0.9609375,0.9765625,0.9609375,0.9765625,13,True,False,,f_mmd,test,standardized_l2,3.020260597973345,0.3775370022206115,,True
Credit_c,/home/crc00006699/zh/tabiclv2/data184/Credit_c,multiclass,80000,16000,20000,22,3,0.822,0.8219214770237792,0.8374965256505496,0.9328169268727908,0.4125764037478286,379.0321056842804,115.49998474121094,ok,,80000,64000,0,20000,0.6459037959575653,True,0.1,False,210,1e-05,True,377.4648489952088,full_train_epoch_chunks,full train set chunked per epoch | validation=dataset_val_split | c_selection=f_mmd c_source=test c_metric=standardized_l2 | f_mmd_reserved_context=5% source=test | wise_ft_skipped rows=100000>=2000,30,7,epoch_chunk,accuracy,0.812875,0.825875,0.812875,0.825875,24,False,False,,f_mmd,test,standardized_l2,3.484725387457567,22.92889914698536,,True
Diabetic_Retinopathy_Debrecen,/home/crc00006699/zh/tabiclv2/data184/Diabetic_Retinopathy_Debrecen,binclass,920,184,231,19,2,0.7359307359307359,0.7356618719252352,0.7339656729900632,0.8386028304727492,0.4898526277465804,8.065728187561035,0.9172818660736084,ok,,920,736,0,231,0.4010511338710785,True,0.1,True,18,1e-05,True,8.014779567718506,full_train_epoch_chunks,full train set chunked per epoch | validation=dataset_val_split | c_selection=f_mmd c_source=test c_metric=standardized_l2 | f_mmd_reserved_context=5% source=test | wise_ft=alpha0.1 rows=1151<2000,30,1,epoch_chunk,accuracy,0.7445652173913043,0.7608695652173914,0.7445652173913043,0.7608695652173914,10,True,False,,f_mmd,test,standardized_l2,8.221732014082972,6.802277606946483,,True
Employee,/home/crc00006699/zh/tabiclv2/data184/Employee,binclass,3722,745,931,8,2,0.8582169709989259,0.8526314260485988,0.8138425736497545,0.8808459492635023,0.3504590915414224,8.219891548156738,1.1878044605255127,ok,,3722,2977,0,931,0.3256693929433822,True,0.1,False,16,1e-05,True,8.168755531311035,full_train_epoch_chunks,full train set chunked per epoch | validation=dataset_val_split | c_selection=f_mmd c_source=test c_metric=standardized_l2 | f_mmd_reserved_context=5% source=test | wise_ft_skipped rows=4653>=2000,30,1,epoch_chunk,accuracy,0.8523489932885906,0.8590604026845637,0.8523489932885906,0.8590604026845637,8,True,False,,f_mmd,test,standardized_l2,2.650466586771,0.3238351009864854,,True
FOREX_audcad-day-High,/home/crc00006699/zh/tabiclv2/data184/FOREX_audcad-day-High,binclass,1467,294,367,10,2,0.7465940054495913,0.7464998647714711,0.7463613140854275,0.8321006356561516,0.5063451345213937,4.881587982177734,0.4928984642028808,ok,,1467,1173,0,367,0.5634824931621552,True,0.1,True,11,1e-05,True,4.841679573059082,full_train_epoch_chunks,full train set chunked per epoch | validation=dataset_val_split | c_selection=f_mmd c_source=test c_metric=standardized_l2 | f_mmd_reserved_context=5% source=test | wise_ft=alpha0.1 rows=1834<2000,30,1,epoch_chunk,accuracy,0.7108843537414966,0.7210884353741497,0.7108843537414966,0.7210884353741497,3,True,False,,f_mmd,test,standardized_l2,5.602017009747492,3.437885365574402,,True
FOREX_audchf-day-High,/home/crc00006699/zh/tabiclv2/data184/FOREX_audchf-day-High,binclass,1466,294,367,10,2,0.7520435967302452,0.7519773144723487,0.7523317293411751,0.8400463375512387,0.4962277022131233,9.707043647766112,0.5266821384429932,ok,,1466,1172,0,367,0.5552183985710144,True,0.1,True,20,1e-05,True,9.667095184326172,full_train_epoch_chunks,full train set chunked per epoch | validation=dataset_val_split | c_selection=f_mmd c_source=test c_metric=standardized_l2 | f_mmd_reserved_context=5% source=test | wise_ft=alpha0.1 rows=1833<2000,30,1,epoch_chunk,accuracy,0.7108843537414966,0.7278911564625851,0.7108843537414966,0.7278911564625851,12,True,False,,f_mmd,test,standardized_l2,4.134880364480625,0.7823959004217129,,True
FOREX_audjpy-hour-High,/home/crc00006699/zh/tabiclv2/data184/FOREX_audjpy-hour-High,binclass,35060,7012,8765,10,2,0.7199087278950371,0.7199223012278387,0.7197077192189238,0.8005343317796318,0.5405154635667714,39.390801429748535,24.53333950042725,ok,,35060,28048,0,8765,0.5654247105121613,True,0.1,False,30,1e-05,True,38.97001504898071,full_train_epoch_chunks,full train set chunked per epoch | validation=dataset_val_split | c_selection=f_mmd c_source=test c_metric=standardized_l2 | f_mmd_reserved_context=5% source=test | wise_ft_skipped rows=43825>=2000,30,3,epoch_chunk,accuracy,0.7183399885909869,0.719623502567028,0.7183399885909869,0.719623502567028,2,True,False,,f_mmd,test,standardized_l2,5.08926605239165,6.3490910817454,,True
FOREX_audusd-hour-High,/home/crc00006699/zh/tabiclv2/data184/FOREX_audusd-hour-High,binclass,35060,7012,8765,10,2,0.7102110667427267,0.7101702496422841,0.7090558601755184,0.7888533006433055,0.551838223160688,92.27850079536438,24.332855701446533,ok,,35060,28048,0,8765,0.5465424656867981,True,0.1,False,75,1e-05,True,91.90534090995789,full_train_epoch_chunks,full train set chunked per epoch | validation=dataset_val_split | c_selection=f_mmd c_source=test c_metric=standardized_l2 | f_mmd_reserved_context=5% source=test | wise_ft_skipped rows=43825>=2000,30,3,epoch_chunk,accuracy,0.7102110667427267,0.7169138619509412,0.7102110667427267,0.7169138619509412,17,True,False,,f_mmd,test,standardized_l2,4.531512580978125,3.4402234432044065,,True
FOREX_cadjpy-hour-High,/home/crc00006699/zh/tabiclv2/data184/FOREX_cadjpy-hour-High,binclass,35060,7012,8765,10,2,0.7162578436965202,0.7162722646408726,0.7159485802541928,0.7906073429760084,0.5532532024018983,41.07350158691406,24.30686354637146,ok,,35060,28048,0,8765,0.5647730827331543,True,0.1,False,33,1e-05,True,40.789175033569336,full_train_epoch_chunks,full train set chunked per epoch | validation=dataset_val_split | c_selection=f_mmd c_source=test c_metric=standardized_l2 | f_mmd_reserved_context=5% source=test | wise_ft_skipped rows=43825>=2000,30,3,epoch_chunk,accuracy,0.7139189960068454,0.7190530519110097,0.7139189960068454,0.7190530519110097,3,True,False,,f_mmd,test,standardized_l2,5.198503829667068,5.089079415366324,,True
Fitness_Club_c,/home/crc00006699/zh/tabiclv2/data184/Fitness_Club_c,binclass,1200,240,300,6,2,0.8033333333333333,0.7961465279630122,0.7378673957621326,0.8229665071770335,0.4538258935295757,4.26691746711731,0.3298513889312744,ok,,1200,960,0,300,0.5072707533836365,True,0.1,True,11,1e-05,True,4.237925291061401,full_train_epoch_chunks,full train set chunked per epoch | validation=dataset_val_split | c_selection=f_mmd c_source=test c_metric=standardized_l2 | f_mmd_reserved_context=5% source=test | wise_ft=alpha0.1 rows=1500<2000,30,1,epoch_chunk,accuracy,0.7666666666666667,0.7708333333333334,0.7666666666666667,0.7708333333333334,3,True,False,,f_mmd,test,standardized_l2,3.622632904996408,1.758327329190396,,True
GAMETES_Heterogeneity_20atts_1600_Het_0.4_0.2_50_EDM-2_001,/home/crc00006699/zh/tabiclv2/data184/GAMETES_Heterogeneity_20atts_1600_Het_0.4_0.2_50_EDM-2_001,binclass,1280,256,320,20,2,0.68125,0.6810506566604128,0.68125,0.7603515625,0.5642098915338323,7.760098457336426,0.5563430786132812,ok,,1280,1024,0,320,0.508948415517807,True,0.1,True,16,1e-05,True,7.700016498565674,full_train_epoch_chunks,full train set chunked per epoch | validation=dataset_val_split | c_selection=f_mmd c_source=test c_metric=standardized_l2 | f_mmd_reserved_context=5% source=test | wise_ft=alpha0.1 rows=1600<2000,30,1,epoch_chunk,accuracy,0.671875,0.6796875,0.671875,0.6796875,8,True,False,,f_mmd,test,standardized_l2,2.8019660115411917,0.576909855340823,,True
GesturePhaseSegmentationProcessed,/home/crc00006699/zh/tabiclv2/data184/GesturePhaseSegmentationProcessed,multiclass,7898,1580,1975,32,5,0.8425316455696202,0.8417105448367979,0.8229192412894408,0.9718166424319656,0.4413754816130897,21.17636775970459,3.996329545974731,ok,,7898,6318,0,1975,0.5764631927013397,True,0.1,False,16,1e-05,True,20.960472106933597,full_train_epoch_chunks,full train set chunked per epoch | validation=dataset_val_split | c_selection=f_mmd c_source=test c_metric=standardized_l2 | f_mmd_reserved_context=5% source=test | wise_ft_skipped rows=9873>=2000,30,1,epoch_chunk,accuracy,0.7879746835443038,0.7987341772151899,0.7879746835443038,0.7987341772151899,8,True,False,,f_mmd,test,standardized_l2,8.950639236500635,6.886046474480636,,True
Heart-Disease-Dataset-(Comprehensive),/home/crc00006699/zh/tabiclv2/data184/Heart-Disease-Dataset-(Comprehensive),binclass,952,191,238,11,2,0.953781512605042,0.9536614172576188,0.9511664407505172,0.9830919597631448,0.1517899570674481,3.090870857238769,0.7726836204528809,ok,,952,761,0,238,0.3504682630300522,True,0.1,True,8,1e-05,True,3.0590615272521973,full_train_epoch_chunks,full train set chunked per epoch | validation=dataset_val_split | c_selection=f_mmd c_source=test c_metric=standardized_l2 | f_mmd_reserved_context=5% source=test | wise_ft=alpha0.1 rows=1190<2000,30,1,epoch_chunk,accuracy,0.9109947643979056,0.9109947643979056,0.9109947643979056,0.9109947643979056,0,True,False,,f_mmd,test,standardized_l2,2.505020198631557,0.7008210997003148,,True
Insurance,/home/crc00006699/zh/tabiclv2/data184/Insurance,binclass,18838,3768,4710,10,2,0.7575371549893843,0.6530303380048618,0.5,0.5050075392867521,0.5557533628160399,16.233373641967773,8.926286697387695,ok,,18838,15070,0,4710,0.5404108762741089,True,0.1,False,16,1e-05,True,16.03347110748291,full_train_epoch_chunks,full train set chunked per epoch | validation=dataset_val_split | c_selection=f_mmd c_source=test c_metric=standardized_l2 | f_mmd_reserved_context=5% source=test | wise_ft_skipped rows=23548>=2000,30,2,epoch_chunk,accuracy,0.7579617834394905,0.7579617834394905,0.7579617834394905,0.7579617834394905,0,True,False,,f_mmd,test,standardized_l2,2.527252546147456,0.3423164239347711,,True
Is-this-a-good-customer,/home/crc00006699/zh/tabiclv2/data184/Is-this-a-good-customer,binclass,1378,276,345,13,2,0.881159420289855,0.8282083919519438,0.4983606557377049,0.7395491803278689,0.325075125972632,3.333757877349853,0.4946217536926269,ok,,1378,1102,0,345,0.3105465918779373,True,0.1,True,8,1e-05,True,3.2898170948028564,full_train_epoch_chunks,full train set chunked per epoch | validation=dataset_val_split | c_selection=f_mmd c_source=test c_metric=standardized_l2 | f_mmd_reserved_context=5% source=test | wise_ft=alpha0.1 rows=1723<2000,30,1,epoch_chunk,accuracy,0.9130434782608696,0.9130434782608696,0.9130434782608696,0.9130434782608696,0,True,False,,f_mmd,test,standardized_l2,3.3798427330960905,3.1452585709159706,,True
KDD,/home/crc00006699/zh/tabiclv2/data184/KDD,binclass,4025,805,1007,45,2,0.8083416087388282,0.8077869474658664,0.8090918057363791,0.9055272813350692,0.3709374856745018,24.30155348777771,2.329835891723633,ok,,4025,3220,0,1007,0.4072218835353851,True,0.1,False,26,1e-05,True,24.111825942993164,full_train_epoch_chunks,full train set chunked per epoch | validation=dataset_val_split | c_selection=f_mmd c_source=test c_metric=standardized_l2 | f_mmd_reserved_context=5% source=test | wise_ft_skipped rows=5032>=2000,30,1,epoch_chunk,accuracy,0.7987577639751553,0.8111801242236025,0.7987577639751553,0.8111801242236025,18,True,False,,f_mmd,test,standardized_l2,7.599353329446515,16.051517797129186,,True
Long,/home/crc00006699/zh/tabiclv2/data184/Long,binclass,3581,717,896,19,2,0.9955357142857144,0.9955409855049664,0.9956950474648614,0.9999264110677756,0.0103817245557089,7.897119998931885,1.3484022617340088,ok,,3581,2864,0,896,0.0131427920423448,True,0.1,False,14,1e-05,True,7.8247389793396,full_train_epoch_chunks,full train set chunked per epoch | validation=dataset_val_split | c_selection=f_mmd c_source=test c_metric=standardized_l2 | f_mmd_reserved_context=5% source=test | wise_ft_skipped rows=4477>=2000,30,1,epoch_chunk,accuracy,0.99581589958159,0.99860529986053,0.99581589958159,0.99860529986053,6,True,False,,f_mmd,test,standardized_l2,7.369905592299474,18.07480633748173,,True
MagicTelescope,/home/crc00006699/zh/tabiclv2/data184/MagicTelescope,binclass,15216,3044,3804,9,2,0.8956361724500526,0.8942075175474384,0.8736948054073517,0.9479469363311136,0.2601837238673478,18.115911960601807,6.367668390274048,ok,,15216,12172,0,3804,0.3449293673038482,True,0.1,False,22,1e-05,True,17.98100519180298,full_train_epoch_chunks,full train set chunked per epoch | validation=dataset_val_split | c_selection=f_mmd c_source=test c_metric=standardized_l2 | f_mmd_reserved_context=5% source=test | wise_ft_skipped rows=19020>=2000,30,2,epoch_chunk,accuracy,0.8814060446780552,0.8846911957950065,0.8814060446780552,0.8846911957950065,3,True,False,,f_mmd,test,standardized_l2,5.718770039702255,2.388253205408174,,True
Mobile_Price_Classification,/home/crc00006699/zh/tabiclv2/data184/Mobile_Price_Classification,multiclass,1600,320,400,20,4,0.9675,0.967523778644281,0.9675,0.9991416666666666,0.067019162574145,5.367066144943237,0.6543619632720947,ok,,1600,1280,0,400,0.0709742046892643,True,0.1,False,12,1e-05,True,5.311314821243286,full_train_epoch_chunks,full train set chunked per epoch | validation=dataset_val_split | c_selection=f_mmd c_source=test c_metric=standardized_l2 | f_mmd_reserved_context=5% source=test | wise_ft_skipped rows=2000>=2000,30,1,epoch_chunk,accuracy,0.96875,0.971875,0.96875,0.971875,4,True,False,,f_mmd,test,standardized_l2,1.7758030841458323,0.117853978135082,,True
Performance-Prediction,/home/crc00006699/zh/tabiclv2/data184/Performance-Prediction,binclass,1072,215,268,19,2,0.746268656716418,0.7391015545585111,0.7067718606180144,0.8070049608511147,0.523691768601473,3.667576313018799,0.4735879898071289,ok,,1072,857,0,268,0.6170718669891357,True,0.1,True,8,1e-05,True,3.608257532119751,full_train_epoch_chunks,full train set chunked per epoch | validation=dataset_val_split | c_selection=f_mmd c_source=test c_metric=standardized_l2 | f_mmd_reserved_context=5% source=test | wise_ft=alpha0.1 rows=1340<2000,30,1,epoch_chunk,accuracy,0.6976744186046512,0.6976744186046512,0.6976744186046512,0.6976744186046512,0,True,False,,f_mmd,test,standardized_l2,5.168455260886196,2.131973244062796,,True
PieChart3,/home/crc00006699/zh/tabiclv2/data184/PieChart3,binclass,861,173,216,37,2,0.8842592592592593,0.8504784688995214,0.5687830687830688,0.8745835782872821,0.2678483305422757,4.253360033035278,1.1484174728393557,ok,,861,688,0,216,0.2588380128145218,True,0.1,True,8,1e-05,True,4.184190273284912,full_train_epoch_chunks,full train set chunked per epoch | validation=dataset_val_split | c_selection=f_mmd c_source=test c_metric=standardized_l2 | f_mmd_reserved_context=5% source=test | wise_ft=alpha0.1 rows=1077<2000,30,1,epoch_chunk,accuracy,0.884393063583815,0.884393063583815,0.884393063583815,0.884393063583815,0,True,False,,f_mmd,test,standardized_l2,11.726465615371712,18.10639723424589,,True
PizzaCutter3,/home/crc00006699/zh/tabiclv2/data184/PizzaCutter3,binclass,834,167,209,37,2,0.8899521531100478,0.8463166234064067,0.54,0.8921739130434782,0.2498934898529336,5.773813247680664,1.1589021682739258,ok,,834,667,0,209,0.2691385000944137,True,0.1,True,12,1e-05,True,5.701853036880493,full_train_epoch_chunks,full train set chunked per epoch | validation=dataset_val_split | c_selection=f_mmd c_source=test c_metric=standardized_l2 | f_mmd_reserved_context=5% source=test | wise_ft=alpha0.1 rows=1043<2000,30,1,epoch_chunk,accuracy,0.8922155688622755,0.8982035928143712,0.8922155688622755,0.8982035928143712,4,True,False,,f_mmd,test,standardized_l2,12.306453186652954,36.67378334803762,,True
QSAR_biodegradation,/home/crc00006699/zh/tabiclv2/data184/QSAR_biodegradation,binclass,843,169,211,41,2,0.8909952606635071,0.8890044360150116,0.8623239436619718,0.9512072434607646,0.2713875967889366,8.143020391464233,1.20123291015625,ok,,843,674,0,211,0.3116033673286438,True,0.1,True,14,1e-05,True,8.023315668106079,full_train_epoch_chunks,full train set chunked per epoch | validation=dataset_val_split | c_selection=f_mmd c_source=test c_metric=standardized_l2 | f_mmd_reserved_context=5% source=test | wise_ft=alpha0.1 rows=1054<2000,30,1,epoch_chunk,accuracy,0.863905325443787,0.8816568047337278,0.863905325443787,0.8816568047337278,6,True,False,,f_mmd,test,standardized_l2,6.581316791012153,5.080780063042981,,True
SDSS17,/home/crc00006699/zh/tabiclv2/data184/SDSS17,multiclass,80000,16000,20000,12,3,0.9778,0.9776876419271506,0.972747346964434,0.997034886265556,0.0692899964280342,115.17435812950134,107.78536033630373,ok,,80000,64000,0,20000,0.0685230232775211,True,0.1,False,77,1e-05,True,114.36812448501588,full_train_epoch_chunks,full train set chunked per epoch | validation=dataset_val_split | c_selection=f_mmd c_source=test c_metric=standardized_l2 | f_mmd_reserved_context=5% source=test | wise_ft_skipped rows=100000>=2000,30,7,epoch_chunk,accuracy,0.9756875,0.976,0.9756875,0.976,3,True,False,,f_mmd,test,standardized_l2,104503.22608334573,1.0074481157521795,,True
Telecom_Churn_Dataset,/home/crc00006699/zh/tabiclv2/data184/Telecom_Churn_Dataset,binclass,2666,534,667,17,2,0.95952023988006,0.9586941339858616,0.8993217580032555,0.93210345451257,0.1288226980645432,9.525455474853516,0.994802713394165,ok,,2666,2132,0,667,0.1225021630525589,True,0.1,False,13,1e-05,True,9.46279788017273,full_train_epoch_chunks,full train set chunked per epoch | validation=dataset_val_split | c_selection=f_mmd c_source=test c_metric=standardized_l2 | f_mmd_reserved_context=5% source=test | wise_ft_skipped rows=3333>=2000,30,1,epoch_chunk,accuracy,0.9550561797752808,0.9625468164794008,0.9550561797752808,0.9625468164794008,5,True,False,,f_mmd,test,standardized_l2,2.5428180752661937,0.4096505069084584,,True
Water_Quality_and_Potability,/home/crc00006699/zh/tabiclv2/data184/Water_Quality_and_Potability,binclass,2620,524,656,8,2,0.6570121951219512,0.5961836671620173,0.57671875,0.6696826171875,0.6233551817980472,4.5892181396484375,0.808837890625,ok,,2620,2096,0,656,0.6424553692340851,True,0.1,False,11,1e-05,True,4.554420471191406,full_train_epoch_chunks,full train set chunked per epoch | validation=dataset_val_split | c_selection=f_mmd c_source=test c_metric=standardized_l2 | f_mmd_reserved_context=5% source=test | wise_ft_skipped rows=3276>=2000,30,1,epoch_chunk,accuracy,0.6335877862595419,0.6431297709923665,0.6335877862595419,0.6431297709923665,3,True,False,,f_mmd,test,standardized_l2,2.845965988516334,0.5788925625667205,,True
Wilt,/home/crc00006699/zh/tabiclv2/data184/Wilt,binclass,3856,772,965,5,2,0.9927461139896372,0.9926443320683423,0.9508277866711602,0.9919011711180384,0.0308875241030516,5.235874176025391,1.0575416088104248,ok,,3856,3084,0,965,0.0268769729882478,True,0.1,False,8,1e-05,True,5.137144565582275,full_train_epoch_chunks,full train set chunked per epoch | validation=dataset_val_split | c_selection=f_mmd c_source=test c_metric=standardized_l2 | f_mmd_reserved_context=5% source=test | wise_ft_skipped rows=4821>=2000,30,1,epoch_chunk,accuracy,0.9870466321243524,0.9870466321243524,0.9870466321243524,0.9870466321243524,0,True,False,,f_mmd,test,standardized_l2,9.513533140919357,22.45502005078995,,True
accelerometer,/home/crc00006699/zh/tabiclv2/data184/accelerometer,multiclass,122403,24481,30601,4,4,0.7466749452632266,0.7448702446421196,0.81,0.9306373065622504,0.5291004743748947,294.395626783371,232.40627884864807,ok,,122403,97922,0,30601,0.5777962505817413,True,0.1,False,180,1e-05,True,293.9648702144623,full_train_epoch_chunks,full train set chunked per epoch | validation=dataset_val_split | c_selection=f_mmd c_source=test c_metric=standardized_l2 | f_mmd_reserved_context=5% source=test | wise_ft_skipped rows=153004>=2000,30,10,epoch_chunk,accuracy,0.7431477472325477,0.7458028675299212,0.7431477472325477,0.7458028675299212,10,True,False,,f_mmd,test,standardized_l2,10.405428717203804,6.161982812136254,,True
ada_agnostic,/home/crc00006699/zh/tabiclv2/data184/ada_agnostic,binclass,3649,730,913,48,2,0.8444687842278203,0.8420024376140275,0.7771252616842835,0.9078935538973298,0.3202086112450715,12.482222080230711,2.1710333824157715,ok,,3649,2919,0,913,0.4125407189130783,True,0.1,False,14,1e-05,True,12.321154832839966,full_train_epoch_chunks,full train set chunked per epoch | validation=dataset_val_split | c_selection=f_mmd c_source=test c_metric=standardized_l2 | f_mmd_reserved_context=5% source=test | wise_ft_skipped rows=4562>=2000,30,1,epoch_chunk,accuracy,0.8095890410958904,0.8589041095890411,0.8095890410958904,0.8589041095890411,6,True,False,,f_mmd,test,standardized_l2,4.24644759405347,6.874691533063113,,True
adult,/home/crc00006699/zh/tabiclv2/data184/adult,binclass,32561,6513,16281,14,2,0.870523923591917,0.8667931974648269,0.7950022488233667,0.9262791999416204,0.2790458276791664,50.50391697883606,26.778584003448486,ok,,32561,26048,0,16281,0.2822312414646148,True,0.1,False,39,1e-05,True,50.01821732521057,full_train_epoch_chunks,full train set chunked per epoch | validation=dataset_val_split | c_selection=f_mmd c_source=test c_metric=standardized_l2 | f_mmd_reserved_context=5% source=test | wise_ft_skipped rows=48842>=2000,30,3,epoch_chunk,accuracy,0.8661139259941655,0.8701059419622293,0.8661139259941655,0.8701059419622293,5,True,False,,f_mmd,test,standardized_l2,4.358359680451441,3.1674047792708357,,True
allbp,/home/crc00006699/zh/tabiclv2/data184/allbp,multiclass,3017,604,755,29,3,0.9774834437086092,0.975153287094861,0.643059402893198,0.9900542673068916,0.060128511042717,6.128921270370483,1.322723388671875,ok,,3017,2413,0,755,0.0574486032128334,True,0.1,False,8,1e-05,True,6.021057367324829,full_train_epoch_chunks,full train set chunked per epoch | validation=dataset_val_split | c_selection=f_mmd c_source=test c_metric=standardized_l2 | f_mmd_reserved_context=5% source=test | wise_ft_skipped rows=3772>=2000,30,1,epoch_chunk,accuracy,0.9817880794701986,0.9817880794701986,0.9817880794701986,0.9817880794701986,0,True,False,,f_mmd,test,standardized_l2,5.450873249965506,7.691411589164348,,True
analcatdata_authorship,/home/crc00006699/zh/tabiclv2/data184/analcatdata_authorship,multiclass,672,135,169,69,4,0.9940828402366864,0.9940804879569156,0.9957627118644068,0.9999242768178148,0.0105168753364646,5.187650680541992,0.6651597023010254,ok,,672,537,0,169,0.0003863261154037,True,0.1,True,8,1e-05,True,5.075206995010376,full_train_epoch_chunks,full train set chunked per epoch | validation=dataset_val_split | c_selection=f_mmd c_source=test c_metric=standardized_l2 | f_mmd_reserved_context=5% source=test | wise_ft=alpha0.1 rows=841<2000,30,1,epoch_chunk,accuracy,1.0,1.0,1.0,1.0,0,True,False,,f_mmd,test,standardized_l2,2.148679396514,0.4050333414709074,,True
autoUniv-au4-2500,/home/crc00006699/zh/tabiclv2/data184/autoUniv-au4-2500,multiclass,2000,400,500,100,3,0.718,0.6884520684427117,0.5196698675704513,0.7714416773542875,0.6613737248212392,16.40782380104065,2.101115703582764,ok,,2000,1600,0,500,0.7407898008823395,True,0.1,False,15,1e-05,True,16.12332773208618,full_train_epoch_chunks,full train set chunked per epoch | validation=dataset_val_split | c_selection=f_mmd c_source=test c_metric=standardized_l2 | f_mmd_reserved_context=5% source=test | wise_ft_skipped rows=2500>=2000,30,1,epoch_chunk,accuracy,0.715,0.725,0.715,0.725,7,True,False,,f_mmd,test,standardized_l2,1.4417659751816587,0.0346919115391913,,True
bank,/home/crc00006699/zh/tabiclv2/data184/bank,binclass,36168,7234,9043,16,2,0.9104279553245604,0.908567122932172,0.7635624096693587,0.9439967779851872,0.183900464574041,69.95376372337341,27.428879022598267,ok,,36168,28934,0,9043,0.1716257706284523,True,0.1,False,48,1e-05,True,69.44542074203491,full_train_epoch_chunks,full train set chunked per epoch | validation=dataset_val_split | c_selection=f_mmd c_source=test c_metric=standardized_l2 | f_mmd_reserved_context=5% source=test | wise_ft_skipped rows=45211>=2000,30,3,epoch_chunk,accuracy,0.9158142106718274,0.9210671827481338,0.9158142106718274,0.9210671827481338,8,True,False,,f_mmd,test,standardized_l2,4.972430139387607,19.855296889126105,,True
baseball,/home/crc00006699/zh/tabiclv2/data184/baseball,multiclass,1072,215,268,16,3,0.9477611940298508,0.9395562619715698,0.6277056277056278,0.9761442443391554,0.1319471679306052,6.128300189971924,0.4656705856323242,ok,,1072,857,0,268,0.1071827337145805,True,0.1,True,14,1e-05,True,6.0761003494262695,full_train_epoch_chunks,full train set chunked per epoch | validation=dataset_val_split | c_selection=f_mmd c_source=test c_metric=standardized_l2 | f_mmd_reserved_context=5% source=test | wise_ft=alpha0.1 rows=1340<2000,30,1,epoch_chunk,accuracy,0.9488372093023256,0.9627906976744186,0.9488372093023256,0.9627906976744186,6,True,False,,f_mmd,test,standardized_l2,5.6671674716869465,2.514089509101347,,True
churn,/home/crc00006699/zh/tabiclv2/data184/churn,binclass,4000,800,1000,20,2,0.967,0.9656316025636732,0.8948348318595761,0.9314599691212774,0.121534024513865,6.711167812347412,1.548856496810913,ok,,4000,3200,0,1000,0.1143052689731121,True,0.1,False,10,1e-05,True,6.618361473083496,full_train_epoch_chunks,full train set chunked per epoch | validation=dataset_val_split | c_selection=f_mmd c_source=test c_metric=standardized_l2 | f_mmd_reserved_context=5% source=test | wise_ft_skipped rows=5000>=2000,30,1,epoch_chunk,accuracy,0.97125,0.97375,0.97125,0.97375,2,True,False,,f_mmd,test,standardized_l2,2.333854864970065,0.3123434634986597,,True
company_bankruptcy_prediction,/home/crc00006699/zh/tabiclv2/data184/company_bankruptcy_prediction,binclass,5455,1091,1364,95,2,0.969208211143695,0.965879647622749,0.665530303030303,0.9643939393939394,0.0723187558829646,22.18979787826538,5.89049768447876,ok,,5455,4364,0,1364,0.0694421790540218,True,0.1,False,11,1e-05,True,21.723209142684937,full_train_epoch_chunks,full train set chunked per epoch | validation=dataset_val_split | c_selection=f_mmd c_source=test c_metric=standardized_l2 | f_mmd_reserved_context=5% source=test | wise_ft_skipped rows=6819>=2000,30,1,epoch_chunk,accuracy,0.9670027497708524,0.9688359303391384,0.9670027497708524,0.9688359303391384,3,True,False,,f_mmd,test,standardized_l2,112.96131606941503,24.507667255199973,,True
connect-4,/home/crc00006699/zh/tabiclv2/data184/connect-4,multiclass,54045,10809,13512,42,3,0.868413262285376,0.8574048390752343,0.7075343415244366,0.9497618081418612,0.3225976830602836,325.41810178756714,98.78453421592712,ok,,54045,43236,0,13512,0.5373357236385345,True,0.1,False,150,1e-05,True,323.2175829410553,full_train_epoch_chunks,full train set chunked per epoch | validation=dataset_val_split | c_selection=f_mmd c_source=test c_metric=standardized_l2 | f_mmd_reserved_context=5% source=test | wise_ft_skipped rows=67557>=2000,30,5,epoch_chunk,accuracy,0.8538255157738921,0.8687205106855398,0.8538255157738921,0.8687205106855398,24,False,False,,f_mmd,test,standardized_l2,6.22671152671223,6.773610728956536,,True
credit,/home/crc00006699/zh/tabiclv2/data184/credit,binclass,13371,2675,3343,10,2,0.7852228537241999,0.7851943683040595,0.7852194342556243,0.8650438882828091,0.4621800897056443,34.08696365356445,5.452116250991821,ok,,13371,10696,0,3343,0.3810821622610092,True,0.1,False,40,1e-05,True,33.95233654975891,full_train_epoch_chunks,full train set chunked per epoch | validation=dataset_val_split | c_selection=f_mmd c_source=test c_metric=standardized_l2 | f_mmd_reserved_context=5% source=test | wise_ft_skipped rows=16714>=2000,30,2,epoch_chunk,accuracy,0.7783177570093458,0.7816822429906543,0.7783177570093458,0.7816822429906543,12,True,False,,f_mmd,test,standardized_l2,13.15576464951558,45.59304998460193,,True
customer_satisfaction_in_airline,/home/crc00006699/zh/tabiclv2/data184/customer_satisfaction_in_airline,binclass,103904,20781,25976,21,2,0.9659685863874344,0.966013160264683,0.9672563810737368,0.9960170047317854,0.0768678236641559,351.75893473625183,212.30020308494568,ok,,103904,83123,0,25976,0.1040666736662387,True,0.1,False,180,1e-05,True,349.6510441303253,full_train_epoch_chunks,full train set chunked per epoch | validation=dataset_val_split | c_selection=f_mmd c_source=test c_metric=standardized_l2 | f_mmd_reserved_context=5% source=test | wise_ft_skipped rows=129880>=2000,30,9,epoch_chunk,accuracy,0.9622732303546508,0.9643905490592368,0.9622732303546508,0.9643905490592368,12,True,False,,f_mmd,test,standardized_l2,3.057328853864399,4.260966721885337,,True
default_of_credit_card_clients,/home/crc00006699/zh/tabiclv2/data184/default_of_credit_card_clients,binclass,24000,4800,6000,23,2,0.8261666666666667,0.8065283091507226,0.6682510972701328,0.8020878167658458,0.4135276409601479,56.59933662414551,15.555138111114502,ok,,24000,19200,0,6000,0.4325418323278427,True,0.1,False,34,1e-05,True,56.05469369888306,full_train_epoch_chunks,full train set chunked per epoch | validation=dataset_val_split | c_selection=f_mmd c_source=test c_metric=standardized_l2 | f_mmd_reserved_context=5% source=test | wise_ft_skipped rows=30000>=2000,30,2,epoch_chunk,accuracy,0.82125,0.8227083333333334,0.82125,0.8227083333333334,9,True,False,,f_mmd,test,standardized_l2,7.608660268976769,16.644165938836842,,True
dis,/home/crc00006699/zh/tabiclv2/data184/dis,binclass,3017,604,755,29,2,0.990728476821192,0.9900755651821972,0.7903207716464782,0.993494840735756,0.0270432113118662,11.651418924331663,1.327219009399414,ok,,3017,2413,0,755,0.0353258587419986,True,0.1,False,18,1e-05,True,11.534650564193726,full_train_epoch_chunks,full train set chunked per epoch | validation=dataset_val_split | c_selection=f_mmd c_source=test c_metric=standardized_l2 | f_mmd_reserved_context=5% source=test | wise_ft_skipped rows=3772>=2000,30,1,epoch_chunk,accuracy,0.98841059602649,0.9933774834437086,0.98841059602649,0.9933774834437086,10,True,False,,f_mmd,test,standardized_l2,5.355088270758081,7.483798799229329,,True
drug_consumption,/home/crc00006699/zh/tabiclv2/data184/drug_consumption,multiclass,1507,302,377,12,7,0.403183023872679,0.2316968605998004,0.1428571428571428,0.5300948538676418,1.5124837766207713,3.5356340408325195,0.5305385589599609,ok,,1507,1205,0,377,1.5064003467559814,True,0.1,True,8,1e-05,True,3.4951653480529785,full_train_epoch_chunks,full train set chunked per epoch | validation=dataset_val_split | c_selection=f_mmd c_source=test c_metric=standardized_l2 | f_mmd_reserved_context=5% source=test | wise_ft=alpha0.1 rows=1884<2000,30,1,epoch_chunk,accuracy,0.4039735099337748,0.4039735099337748,0.4039735099337748,0.4039735099337748,0,True,False,,f_mmd,test,standardized_l2,3.0060375948929003,2.1932353050659934,,True
eeg-eye-state,/home/crc00006699/zh/tabiclv2/data184/eeg-eye-state,binclass,11984,2397,2996,14,2,0.9939919893190922,0.9939911503547096,0.9937908533523672,0.99990453009216,0.0129394228025185,12.088066816329956,4.973644018173218,ok,,11984,9587,0,2996,0.0233389157801866,True,0.1,False,8,1e-05,True,11.934192180633543,full_train_epoch_chunks,full train set chunked per epoch | validation=dataset_val_split | c_selection=f_mmd c_source=test c_metric=standardized_l2 | f_mmd_reserved_context=5% source=test | wise_ft_skipped rows=14980>=2000,30,1,epoch_chunk,accuracy,0.9933249895702962,0.9933249895702962,0.9933249895702962,0.9933249895702962,0,True,False,,f_mmd,test,standardized_l2,7586696.755650853,238.20348116159008,,True
estimation_of_obesity_levels,/home/crc00006699/zh/tabiclv2/data184/estimation_of_obesity_levels,multiclass,1688,338,423,16,7,0.9905437352245864,0.9905622153790828,0.9902298850574712,0.9999460152506916,0.024969976478148,6.13968300819397,0.6499567031860352,ok,,1688,1350,0,423,0.0116678993217647,True,0.1,False,15,1e-05,True,6.08725905418396,full_train_epoch_chunks,full train set chunked per epoch | validation=dataset_val_split | c_selection=f_mmd c_source=test c_metric=standardized_l2 | f_mmd_reserved_context=5% source=test | wise_ft_skipped rows=2111>=2000,30,1,epoch_chunk,accuracy,0.9763313609467456,0.9822485207100592,0.9763313609467456,0.9822485207100592,7,True,False,,f_mmd,test,standardized_l2,3.7695767221365033,0.928742748784042,,True
eye_movements,/home/crc00006699/zh/tabiclv2/data184/eye_movements,multiclass,8748,1750,2188,27,3,0.9670932358318098,0.9670648496215156,0.9692125946612185,0.9977832674203188,0.0813555539168267,40.97039008140564,4.1554601192474365,ok,,8748,6998,0,2188,0.1229283288121223,True,0.1,False,30,1e-05,True,40.7334942817688,full_train_epoch_chunks,full train set chunked per epoch | validation=dataset_val_split | c_selection=f_mmd c_source=test c_metric=standardized_l2 | f_mmd_reserved_context=5% source=test | wise_ft_skipped rows=10936>=2000,30,1,epoch_chunk,accuracy,0.8137142857142857,0.9702857142857144,0.8137142857142857,0.9702857142857144,30,False,False,,f_mmd,test,standardized_l2,5.83758410993292,3.0502346507256157,,True
first-order-theorem-proving,/home/crc00006699/zh/tabiclv2/data184/first-order-theorem-proving,multiclass,4894,979,1224,51,6,0.6519607843137255,0.6352106645873121,0.5264472175568355,0.8604173986091822,1.01529244710053,15.705002069473268,3.487849235534668,ok,,4894,3915,0,1224,1.106925129890442,True,0.1,False,13,1e-05,True,15.4694561958313,full_train_epoch_chunks,full train set chunked per epoch | validation=dataset_val_split | c_selection=f_mmd c_source=test c_metric=standardized_l2 | f_mmd_reserved_context=5% source=test | wise_ft_skipped rows=6118>=2000,30,1,epoch_chunk,accuracy,0.6312563840653729,0.6322778345250255,0.6312563840653729,0.6322778345250255,5,True,False,,f_mmd,test,standardized_l2,8.690973891333927,14.195526825499456,,True
heloc,/home/crc00006699/zh/tabiclv2/data184/heloc,binclass,8000,1600,2000,22,2,0.732,0.7316522212787773,0.732,0.8033954999999999,0.5398715202509696,11.436445951461792,3.4717559814453125,ok,,8000,6400,0,2000,0.5408136546611786,True,0.1,False,10,1e-05,True,11.28058695793152,full_train_epoch_chunks,full train set chunked per epoch | validation=dataset_val_split | c_selection=f_mmd c_source=test c_metric=standardized_l2 | f_mmd_reserved_context=5% source=test | wise_ft_skipped rows=10000>=2000,30,1,epoch_chunk,accuracy,0.726875,0.72875,0.726875,0.72875,2,True,False,,f_mmd,test,standardized_l2,7.521621881873854,1.8748892458154824,,True
house_16H,/home/crc00006699/zh/tabiclv2/data184/house_16H,binclass,10790,2158,2698,16,2,0.8914010378057821,0.8914009035339759,0.8914010378057821,0.9584995831961846,0.2622732177977253,38.294398069381714,4.554002046585083,ok,,10790,8632,0,2698,0.2317329496145248,True,0.1,False,28,1e-05,True,38.12675595283508,full_train_epoch_chunks,full train set chunked per epoch | validation=dataset_val_split | c_selection=f_mmd c_source=test c_metric=standardized_l2 | f_mmd_reserved_context=5% source=test | wise_ft_skipped rows=13488>=2000,30,1,epoch_chunk,accuracy,0.881371640407785,0.8855421686746988,0.881371640407785,0.8855421686746988,20,True,False,,f_mmd,test,standardized_l2,7.526607633218358,21.70788022471812,,True
ibm-employee-performance,/home/crc00006699/zh/tabiclv2/data184/ibm-employee-performance,binclass,1176,236,294,30,2,1.0,1.0,1.0,1.0,2.3148596498188404e-06,4.91560959815979,0.6074855327606201,ok,,1176,940,0,294,1.604569717983395e-06,True,0.1,True,8,1e-05,True,4.838857173919678,full_train_epoch_chunks,full train set chunked per epoch | validation=dataset_val_split | c_selection=f_mmd c_source=test c_metric=standardized_l2 | f_mmd_reserved_context=5% source=test | wise_ft=alpha0.1 rows=1470<2000,30,1,epoch_chunk,accuracy,1.0,1.0,1.0,1.0,0,True,False,,f_mmd,test,standardized_l2,2.3734940379938068,0.3681200407707451,,True
internet_firewall,/home/crc00006699/zh/tabiclv2/data184/internet_firewall,multiclass,52425,10485,13107,7,4,0.9310292210269322,0.9283890466780912,0.7766411268354544,0.989579133416459,0.1319440831444929,55.08726906776428,47.8693368434906,ok,,52425,41940,0,13107,0.227412424981594,True,0.1,False,50,1e-05,True,54.81644415855408,full_train_epoch_chunks,full train set chunked per epoch | validation=dataset_val_split | c_selection=f_mmd c_source=test c_metric=standardized_l2 | f_mmd_reserved_context=5% source=test | wise_ft_skipped rows=65532>=2000,30,5,epoch_chunk,accuracy,0.7921793037672866,0.93447782546495,0.7921793037672866,0.93447782546495,2,True,False,,f_mmd,test,standardized_l2,19.986602121447696,571.6974123342936,,True
jm1,/home/crc00006699/zh/tabiclv2/data184/jm1,binclass,8708,1742,2177,21,2,0.8226917776757005,0.7879927418614653,0.595742320865279,0.7653352739707497,0.4202401844320813,37.36106085777283,3.782862901687622,ok,,8708,6966,0,2177,0.3868736922740936,True,0.1,False,30,1e-05,True,37.18816351890564,full_train_epoch_chunks,full train set chunked per epoch | validation=dataset_val_split | c_selection=f_mmd c_source=test c_metric=standardized_l2 | f_mmd_reserved_context=5% source=test | wise_ft_skipped rows=10885>=2000,30,1,epoch_chunk,accuracy,0.8231917336394948,0.8335246842709529,0.8231917336394948,0.8335246842709529,23,False,False,,f_mmd,test,standardized_l2,16.4001781980373,52.60882944017484,,True
kc1,/home/crc00006699/zh/tabiclv2/data184/kc1,binclass,1687,338,422,21,2,0.8720379146919431,0.855423482647913,0.6601163542340013,0.8574876104287869,0.3023507712488205,3.8907182216644287,0.732125997543335,ok,,1687,1349,0,422,0.2749169766902923,True,0.1,False,8,1e-05,True,3.8312039375305176,full_train_epoch_chunks,full train set chunked per epoch | validation=dataset_val_split | c_selection=f_mmd c_source=test c_metric=standardized_l2 | f_mmd_reserved_context=5% source=test | wise_ft_skipped rows=2109>=2000,30,1,epoch_chunk,accuracy,0.878698224852071,0.878698224852071,0.878698224852071,0.878698224852071,0,True,False,,f_mmd,test,standardized_l2,13.059992117936376,15.88365908678478,,True
kr-vs-kp,/home/crc00006699/zh/tabiclv2/data184/kr-vs-kp,binclass,2556,512,640,36,2,0.9984375,0.9984376031804651,0.998502994011976,0.9999706469414114,0.0068885352046173,7.82912015914917,1.3379411697387695,ok,,2556,2044,0,640,0.0256426269188523,True,0.1,False,11,1e-05,True,7.687676191329956,full_train_epoch_chunks,full train set chunked per epoch | validation=dataset_val_split | c_selection=f_mmd c_source=test c_metric=standardized_l2 | f_mmd_reserved_context=5% source=test | wise_ft_skipped rows=3196>=2000,30,1,epoch_chunk,accuracy,0.99609375,0.998046875,0.99609375,0.998046875,3,True,False,,f_mmd,test,standardized_l2,4.2550440782482495,2.46559055542154,,True
led24,/home/crc00006699/zh/tabiclv2/data184/led24,multiclass,2560,512,640,24,10,0.7328125,0.7287702540031887,0.7326143249114898,0.95831329967475,0.7780565564603481,7.882048845291138,1.0829925537109375,ok,,2560,2048,0,640,0.8264734745025635,True,0.1,False,13,1e-05,True,7.784929990768433,full_train_epoch_chunks,full train set chunked per epoch | validation=dataset_val_split | c_selection=f_mmd c_source=test c_metric=standardized_l2 | f_mmd_reserved_context=5% source=test | wise_ft_skipped rows=3200>=2000,30,1,epoch_chunk,accuracy,0.71875,0.7265625,0.71875,0.7265625,5,True,False,,f_mmd,test,standardized_l2,1.4863865026689456,0.0462827325732476,,True
madeline,/home/crc00006699/zh/tabiclv2/data184/madeline,binclass,2512,503,628,259,2,0.9219745222929936,0.9219703671076008,0.921940928270042,0.9769910337552744,0.1901334253027712,30.734806299209595,7.1382811069488525,ok,,2512,2009,0,628,0.1889288052916526,True,0.1,False,12,1e-05,True,30.09955668449402,full_train_epoch_chunks,full train set chunked per epoch | validation=dataset_val_split | c_selection=f_mmd c_source=test c_metric=standardized_l2 | f_mmd_reserved_context=5% source=test | wise_ft_skipped rows=3140>=2000,30,1,epoch_chunk,accuracy,0.9224652087475148,0.926441351888668,0.9224652087475148,0.926441351888668,4,True,False,,f_mmd,test,standardized_l2,1.463640099017785,0.0523940358563503,,True
maternal_health_risk,/home/crc00006699/zh/tabiclv2/data184/maternal_health_risk,multiclass,811,163,203,6,3,0.8768472906403941,0.8748005893782885,0.8794702134668967,0.9621390033883976,0.3320759855241665,4.195242881774902,0.5993022918701172,ok,,811,648,0,203,0.3523348569869995,True,0.1,True,11,1e-05,True,4.169765949249268,full_train_epoch_chunks,full train set chunked per epoch | validation=dataset_val_split | c_selection=f_mmd c_source=test c_metric=standardized_l2 | f_mmd_reserved_context=5% source=test | wise_ft=alpha0.1 rows=1014<2000,30,1,epoch_chunk,accuracy,0.8159509202453987,0.8343558282208589,0.8159509202453987,0.8343558282208589,3,True,False,,f_mmd,test,standardized_l2,3.31848649755426,0.3370939541517119,,True
mfeat-fourier,/home/crc00006699/zh/tabiclv2/data184/mfeat-fourier,multiclass,1600,320,400,76,10,0.9225,0.9218915524806744,0.9225,0.9951180555555555,0.2061025649873424,6.802687883377075,1.3897111415863037,ok,,1600,1280,0,400,0.2221537381410598,True,0.1,False,8,1e-05,True,6.649905681610107,full_train_epoch_chunks,full train set chunked per epoch | validation=dataset_val_split | c_selection=f_mmd c_source=test c_metric=standardized_l2 | f_mmd_reserved_context=5% source=test | wise_ft_skipped rows=2000>=2000,30,1,epoch_chunk,accuracy,0.90625,0.90625,0.90625,0.90625,0,True,False,,f_mmd,test,standardized_l2,2.268642198833415,0.2528488966253389,,True
mfeat-morphological,/home/crc00006699/zh/tabiclv2/data184/mfeat-morphological,multiclass,1600,320,400,6,10,0.7825,0.7769311851759473,0.7825,0.9769791666666666,0.4933866783609167,6.088378667831421,0.4965758323669433,ok,,1600,1280,0,400,0.5589262545108795,True,0.1,False,19,1e-05,True,6.0614564418792725,full_train_epoch_chunks,full train set chunked per epoch | validation=dataset_val_split | c_selection=f_mmd c_source=test c_metric=standardized_l2 | f_mmd_reserved_context=5% source=test | wise_ft_skipped rows=2000>=2000,30,1,epoch_chunk,accuracy,0.74375,0.75625,0.74375,0.75625,11,True,False,,f_mmd,test,standardized_l2,3.0462114326407037,0.4338671958327381,,True
mfeat-zernike,/home/crc00006699/zh/tabiclv2/data184/mfeat-zernike,multiclass,1600,320,400,47,10,0.905,0.9039606825448132,0.905,0.994361111111111,0.2146485861198412,18.16472816467285,1.047079086303711,ok,,1600,1280,0,400,0.1857389435172081,True,0.1,False,30,1e-05,True,18.05697464942932,full_train_epoch_chunks,full train set chunked per epoch | validation=dataset_val_split | c_selection=f_mmd c_source=test c_metric=standardized_l2 | f_mmd_reserved_context=5% source=test | wise_ft_skipped rows=2000>=2000,30,1,epoch_chunk,accuracy,0.865625,0.903125,0.865625,0.903125,24,False,False,,f_mmd,test,standardized_l2,3.202519510756844,0.8268509840926855,,True
microaggregation2,/home/crc00006699/zh/tabiclv2/data184/microaggregation2,multiclass,16000,3200,4000,20,5,0.648,0.6040226749708123,0.4392781511463474,0.8378904226200831,0.8547620346309679,25.423811197280884,8.379012107849121,ok,,16000,12800,0,4000,0.9513278305530548,True,0.1,False,24,1e-05,True,25.178804397583008,full_train_epoch_chunks,full train set chunked per epoch | validation=dataset_val_split | c_selection=f_mmd c_source=test c_metric=standardized_l2 | f_mmd_reserved_context=5% source=test | wise_ft_skipped rows=20000>=2000,30,2,epoch_chunk,accuracy,0.650625,0.65125,0.650625,0.65125,4,True,False,,f_mmd,test,standardized_l2,7.8634205604474365,5.537082618827356,,True
mozilla4,/home/crc00006699/zh/tabiclv2/data184/mozilla4,binclass,12436,2488,3109,4,2,0.947249919588292,0.9465756343564956,0.928752870486105,0.9787087055549356,0.1548353599351775,29.019141912460327,2.173055410385132,ok,,12436,9948,0,3109,0.1936600878834724,True,0.1,False,26,1e-05,True,28.95341420173645,full_train_epoch_chunks,full train set chunked per epoch | validation=dataset_val_split | c_selection=f_mmd c_source=test c_metric=standardized_l2 | f_mmd_reserved_context=5% source=test | wise_ft_skipped rows=15545>=2000,30,1,epoch_chunk,accuracy,0.942524115755627,0.9457395498392284,0.942524115755627,0.9457395498392284,18,True,False,,f_mmd,test,standardized_l2,5.7937549192481175,7.383930248487412,,True
okcupid_stem,/home/crc00006699/zh/tabiclv2/data184/okcupid_stem,multiclass,21341,4269,5336,13,3,0.7516866566716641,0.6997617906756782,0.4978651559683986,0.8098110667973343,0.5883337327569348,34.78832745552063,11.359157800674438,ok,,21341,17072,0,5336,0.5946815013885498,True,0.1,False,28,1e-05,True,34.47370624542236,full_train_epoch_chunks,full train set chunked per epoch | validation=dataset_val_split | c_selection=f_mmd c_source=test c_metric=standardized_l2 | f_mmd_reserved_context=5% source=test | wise_ft_skipped rows=26677>=2000,30,2,epoch_chunk,accuracy,0.7505270555165144,0.7531037713750293,0.7505270555165144,0.7531037713750293,6,True,False,,f_mmd,test,standardized_l2,3.349829659806233,0.9194834931701044,,True
optdigits,/home/crc00006699/zh/tabiclv2/data184/optdigits,multiclass,4496,900,1124,64,10,0.9973309608540926,0.997330908588654,0.9973370927318296,0.9999911977553776,0.0091045010508547,10.82779622077942,3.6533727645874015,ok,,4496,3596,0,1124,0.0162926227785646,True,0.1,False,8,1e-05,True,10.563514232635498,full_train_epoch_chunks,full train set chunked per epoch | validation=dataset_val_split | c_selection=f_mmd c_source=test c_metric=standardized_l2 | f_mmd_reserved_context=5% source=test | wise_ft_skipped rows=5620>=2000,30,1,epoch_chunk,accuracy,0.9933333333333332,0.9933333333333332,0.9933333333333332,0.9933333333333332,0,True,False,,f_mmd,test,standardized_l2,5.620109054672164,7.162230727142715,,True
ozone_level,/home/crc00006699/zh/tabiclv2/data184/ozone_level,binclass,2028,406,508,36,2,0.9783464566929134,0.9715321032632116,0.4979959919839679,0.8274326430639055,0.0869681151199419,5.952087879180908,1.1038429737091064,ok,,2028,1622,0,508,0.0753841623663902,True,0.1,False,8,1e-05,True,5.799140214920044,full_train_epoch_chunks,full train set chunked per epoch | validation=dataset_val_split | c_selection=f_mmd c_source=test c_metric=standardized_l2 | f_mmd_reserved_context=5% source=test | wise_ft_skipped rows=2536>=2000,30,1,epoch_chunk,accuracy,0.9679802955665024,0.9679802955665024,0.9679802955665024,0.9679802955665024,0,True,False,,f_mmd,test,standardized_l2,4.099503720039607,0.2111521155279398,,True
pc1,/home/crc00006699/zh/tabiclv2/data184/pc1,binclass,887,178,222,21,2,0.9414414414414416,0.9330171853150268,0.6594202898550725,0.8974235104669888,0.1536681050854501,6.135761022567749,0.8785572052001953,ok,,887,709,0,222,0.158329576253891,True,0.1,True,14,1e-05,True,6.082711219787598,full_train_epoch_chunks,full train set chunked per epoch | validation=dataset_val_split | c_selection=f_mmd c_source=test c_metric=standardized_l2 | f_mmd_reserved_context=5% source=test | wise_ft=alpha0.1 rows=1109<2000,30,1,epoch_chunk,accuracy,0.9325842696629212,0.9550561797752808,0.9325842696629212,0.9550561797752808,6,True,False,,f_mmd,test,standardized_l2,14.860325326819648,34.442359465042536,,True
pc4,/home/crc00006699/zh/tabiclv2/data184/pc4,binclass,1166,234,292,37,2,0.9075342465753424,0.9045311583625552,0.7562934027777778,0.9620225694444444,0.1936744053236105,11.843181848526,0.6511876583099365,ok,,1166,932,0,292,0.1056105606257915,True,0.1,True,22,1e-05,True,11.762516498565674,full_train_epoch_chunks,full train set chunked per epoch | validation=dataset_val_split | c_selection=f_mmd c_source=test c_metric=standardized_l2 | f_mmd_reserved_context=5% source=test | wise_ft=alpha0.1 rows=1458<2000,30,1,epoch_chunk,accuracy,0.9188034188034188,0.9487179487179488,0.9188034188034188,0.9487179487179488,14,True,False,,f_mmd,test,standardized_l2,10.75574672843578,14.540866632121269,,True
phoneme,/home/crc00006699/zh/tabiclv2/data184/phoneme,binclass,4323,865,1081,5,2,0.9000925069380203,0.8998106280753175,0.8767176738731894,0.9657869093431548,0.2196438975700689,5.72290301322937,0.8228869438171387,ok,,4323,3458,0,1081,0.1902331337332725,True,0.1,False,12,1e-05,True,5.683106422424316,full_train_epoch_chunks,full train set chunked per epoch | validation=dataset_val_split | c_selection=f_mmd c_source=test c_metric=standardized_l2 | f_mmd_reserved_context=5% source=test | wise_ft_skipped rows=5404>=2000,30,1,epoch_chunk,accuracy,0.9248554913294798,0.9260115606936417,0.9248554913294798,0.9260115606936417,4,True,False,,f_mmd,test,standardized_l2,2.9289108186790944,0.4359154972984703,,True
predict_students_dropout_and_academic_success,/home/crc00006699/zh/tabiclv2/data184/predict_students_dropout_and_academic_success,multiclass,3539,708,885,34,3,0.7807909604519774,0.7755756676307936,0.7081337403553721,0.8935586114792806,0.552038181696828,8.39571237564087,1.7522850036621094,ok,,3539,2831,0,885,0.5343715846538544,True,0.1,False,10,1e-05,True,8.224349737167358,full_train_epoch_chunks,full train set chunked per epoch | validation=dataset_val_split | c_selection=f_mmd c_source=test c_metric=standardized_l2 | f_mmd_reserved_context=5% source=test | wise_ft_skipped rows=4424>=2000,30,1,epoch_chunk,accuracy,0.8036723163841808,0.8050847457627118,0.8036723163841808,0.8050847457627118,2,True,False,,f_mmd,test,standardized_l2,3.729705293545762,0.933365176443968,,True
ringnorm,/home/crc00006699/zh/tabiclv2/data184/ringnorm,binclass,5920,1184,1480,20,2,0.979054054054054,0.9790506964596818,0.9789690823320568,0.9971801713447698,0.0602332240514729,10.19471526145935,2.3514626026153564,ok,,5920,4736,0,1480,0.0664163269102573,True,0.1,False,12,1e-05,True,10.084812879562378,full_train_epoch_chunks,full train set chunked per epoch | validation=dataset_val_split | c_selection=f_mmd c_source=test c_metric=standardized_l2 | f_mmd_reserved_context=5% source=test | wise_ft_skipped rows=7400>=2000,30,1,epoch_chunk,accuracy,0.981418918918919,0.983108108108108,0.981418918918919,0.983108108108108,4,True,False,,f_mmd,test,standardized_l2,2.910172080710768,0.308044270971072,,True
satimage,/home/crc00006699/zh/tabiclv2/data184/satimage,multiclass,5144,1029,1286,36,6,0.9440124416796268,0.943076592566416,0.9284911416466844,0.9970095545251412,0.1279773850789757,17.852442979812622,2.6809654235839844,ok,,5144,4115,0,1286,0.1530295461416244,True,0.1,False,18,1e-05,True,17.678983211517334,full_train_epoch_chunks,full train set chunked per epoch | validation=dataset_val_split | c_selection=f_mmd c_source=test c_metric=standardized_l2 | f_mmd_reserved_context=5% source=test | wise_ft_skipped rows=6430>=2000,30,1,epoch_chunk,accuracy,0.93488824101069,0.9387755102040816,0.93488824101069,0.9387755102040816,10,True,False,,f_mmd,test,standardized_l2,4.555489347715732,0.7999410967399555,,True
seismic+bumps,/home/crc00006699/zh/tabiclv2/data184/seismic+bumps,binclass,2067,414,517,18,2,0.9342359767891684,0.9024719535783364,0.5,0.7202837656801852,0.229370343359144,3.925363779067993,0.7586019039154053,ok,,2067,1653,0,517,0.2086673378944397,True,0.1,False,8,1e-05,True,3.867824077606201,full_train_epoch_chunks,full train set chunked per epoch | validation=dataset_val_split | c_selection=f_mmd c_source=test c_metric=standardized_l2 | f_mmd_reserved_context=5% source=test | wise_ft_skipped rows=2584>=2000,30,1,epoch_chunk,accuracy,0.9347826086956522,0.9347826086956522,0.9347826086956522,0.9347826086956522,0,True,False,,f_mmd,test,standardized_l2,6.747150619687725,8.626049890033743,,True
shill-bidding,/home/crc00006699/zh/tabiclv2/data184/shill-bidding,binclass,5056,1012,1265,3,2,0.9090909090909092,0.8837209302325582,0.5911665195645778,0.902618417181524,0.2107172653693726,4.819195747375488,0.5380394458770752,ok,,5056,4044,0,1265,0.8848908841609955,True,0.1,False,10,1e-05,True,4.786729574203491,full_train_epoch_chunks,full train set chunked per epoch | validation=dataset_val_split | c_selection=f_mmd c_source=test c_metric=standardized_l2 | f_mmd_reserved_context=5% source=test | wise_ft_skipped rows=6321>=2000,30,1,epoch_chunk,accuracy,0.8893280632411067,0.8913043478260869,0.8893280632411067,0.8913043478260869,2,True,False,,f_mmd,test,standardized_l2,2.25877517589016,0.3121716527232527,,True
shuttle,/home/crc00006699/zh/tabiclv2/data184/shuttle,multiclass,46400,9280,11600,9,7,0.999396551724138,0.9993873268620208,0.91983774632855,0.999995956043772,0.0010290257625086,56.20000243186951,39.24599194526672,ok,,46400,37120,0,11600,0.0003612893415265,True,0.1,False,44,1e-05,True,55.83911681175232,full_train_epoch_chunks,full train set chunked per epoch | validation=dataset_val_split | c_selection=f_mmd c_source=test c_metric=standardized_l2 | f_mmd_reserved_context=5% source=test | wise_ft_skipped rows=58000>=2000,30,4,epoch_chunk,accuracy,0.9997844827586206,0.9998922413793104,0.9997844827586206,0.9998922413793104,3,True,False,,f_mmd,test,standardized_l2,11.559714671617629,63.311072849521786,,True
splice,/home/crc00006699/zh/tabiclv2/data184/splice,multiclass,2552,511,638,60,3,0.9592476489028212,0.959210519048096,0.9517119368727686,0.9969196731015876,0.0964042166667179,15.43655490875244,1.8210411071777344,ok,,2552,2041,0,638,0.0741625465452671,True,0.1,False,16,1e-05,True,15.214229822158812,full_train_epoch_chunks,full train set chunked per epoch | validation=dataset_val_split | c_selection=f_mmd c_source=test c_metric=standardized_l2 | f_mmd_reserved_context=5% source=test | wise_ft_skipped rows=3190>=2000,30,1,epoch_chunk,accuracy,0.9686888454011742,0.9726027397260274,0.9686888454011742,0.9726027397260274,8,True,False,,f_mmd,test,standardized_l2,1.7497194576964896,0.0843661839327432,,True
statlog,/home/crc00006699/zh/tabiclv2/data184/statlog,binclass,800,160,200,20,2,0.73,0.7165280665280664,0.6404761904761905,0.7598809523809524,0.5213678044345922,3.652746438980103,0.8017981052398682,ok,,800,640,0,200,0.4597237706184387,True,0.1,True,8,1e-05,True,3.5977861881256104,full_train_epoch_chunks,full train set chunked per epoch | validation=dataset_val_split | c_selection=f_mmd c_source=test c_metric=standardized_l2 | f_mmd_reserved_context=5% source=test | wise_ft=alpha0.1 rows=1000<2000,30,1,epoch_chunk,accuracy,0.775,0.775,0.775,0.775,0,True,False,,f_mmd,test,standardized_l2,2.655811727331585,0.408973291472601,,True
svmguide3,/home/crc00006699/zh/tabiclv2/data184/svmguide3,binclass,994,199,249,22,2,0.891566265060241,0.8809269532161098,0.7754934210526316,0.9300073099415204,0.2713044977778175,4.19490647315979,0.981126070022583,ok,,994,795,0,249,0.2316777184605598,True,0.1,True,8,1e-05,True,4.122838735580444,full_train_epoch_chunks,full train set chunked per epoch | validation=dataset_val_split | c_selection=f_mmd c_source=test c_metric=standardized_l2 | f_mmd_reserved_context=5% source=test | wise_ft=alpha0.1 rows=1243<2000,30,1,epoch_chunk,accuracy,0.8592964824120602,0.8592964824120602,0.8592964824120602,0.8592964824120602,0,True,False,,f_mmd,test,standardized_l2,6.847694175573601,3.0258432213239064,,True
taiwanese_bankruptcy_prediction,/home/crc00006699/zh/tabiclv2/data184/taiwanese_bankruptcy_prediction,binclass,5455,1091,1364,95,2,0.9721407624633432,0.9664351571763908,0.634090909090909,0.9291322314049588,0.0882780791910507,34.40158152580261,6.053065061569214,ok,,5455,4364,0,1364,0.0740717463195324,True,0.1,False,18,1e-05,True,33.960702657699585,full_train_epoch_chunks,full train set chunked per epoch | validation=dataset_val_split | c_selection=f_mmd c_source=test c_metric=standardized_l2 | f_mmd_reserved_context=5% source=test | wise_ft_skipped rows=6819>=2000,30,1,epoch_chunk,accuracy,0.9670027497708524,0.9706691109074244,0.9670027497708524,0.9706691109074244,10,True,False,,f_mmd,test,standardized_l2,2.3426401043571967e+36,0.0,,True
thyroid,/home/crc00006699/zh/tabiclv2/data184/thyroid,multiclass,5760,1152,1440,21,3,0.9958333333333332,0.995835174762004,0.9745432877465886,0.999827209859128,0.0113768715630988,8.489650964736938,2.355086088180542,ok,,5760,4608,0,1440,0.0155822825618088,True,0.1,False,10,1e-05,True,8.390830039978027,full_train_epoch_chunks,full train set chunked per epoch | validation=dataset_val_split | c_selection=f_mmd c_source=test c_metric=standardized_l2 | f_mmd_reserved_context=5% source=test | wise_ft_skipped rows=7200>=2000,30,1,epoch_chunk,accuracy,0.9930555555555556,0.9939236111111112,0.9930555555555556,0.9939236111111112,2,True,False,,f_mmd,test,standardized_l2,7.464379646719951,14.682271159391098,,True
thyroid-dis,/home/crc00006699/zh/tabiclv2/data184/thyroid-dis,multiclass,2240,448,560,26,5,0.6982142857142857,0.6783923802078972,0.4109996425592756,0.8838880720498905,0.6946470903638317,4.839056730270386,0.9770445823669434,ok,,2240,1792,0,560,0.7487154901027679,True,0.1,False,8,1e-05,True,4.744978189468384,full_train_epoch_chunks,full train set chunked per epoch | validation=dataset_val_split | c_selection=f_mmd c_source=test c_metric=standardized_l2 | f_mmd_reserved_context=5% source=test | wise_ft_skipped rows=2800>=2000,30,1,epoch_chunk,accuracy,0.7477678571428571,0.7477678571428571,0.7477678571428571,0.7477678571428571,0,True,False,,f_mmd,test,standardized_l2,6.195405562608932,7.622980425489233,,True
twonorm,/home/crc00006699/zh/tabiclv2/data184/twonorm,binclass,5920,1184,1480,20,2,0.9783783783783784,0.9783781414706402,0.9783838173554006,0.998506206183722,0.0514141015633933,13.560237884521484,2.373565673828125,ok,,5920,4736,0,1480,0.0583935491740703,True,0.1,False,16,1e-05,True,13.441832780838013,full_train_epoch_chunks,full train set chunked per epoch | validation=dataset_val_split | c_selection=f_mmd c_source=test c_metric=standardized_l2 | f_mmd_reserved_context=5% source=test | wise_ft_skipped rows=7400>=2000,30,1,epoch_chunk,accuracy,0.9738175675675677,0.977195945945946,0.9738175675675677,0.977195945945946,8,True,False,,f_mmd,test,standardized_l2,2.010415977595797,0.1768086833596344,,True
wall-robot-navigation,/home/crc00006699/zh/tabiclv2/data184/wall-robot-navigation,multiclass,4364,873,1092,24,4,0.9945054945054944,0.994505198257316,0.9900999793856936,0.9999672271156724,0.0123865690539561,14.065879583358765,1.809540033340454,ok,,4364,3491,0,1092,0.0080699645914137,True,0.1,False,19,1e-05,True,13.95487141609192,full_train_epoch_chunks,full train set chunked per epoch | validation=dataset_val_split | c_selection=f_mmd c_source=test c_metric=standardized_l2 | f_mmd_reserved_context=5% source=test | wise_ft_skipped rows=5456>=2000,30,1,epoch_chunk,accuracy,0.986254295532646,0.9885452462772052,0.986254295532646,0.9885452462772052,11,True,False,,f_mmd,test,standardized_l2,2.6606727022199435,0.2898729817095851,,True
waveform-5000,/home/crc00006699/zh/tabiclv2/data184/waveform-5000,multiclass,4000,800,1000,40,3,0.865,0.8649918882185322,0.8650911409451961,0.9782348820370056,0.258950101065464,7.819059610366821,2.177208185195923,ok,,4000,3200,0,1000,0.2520502805709839,True,0.1,False,8,1e-05,True,7.666309118270874,full_train_epoch_chunks,full train set chunked per epoch | validation=dataset_val_split | c_selection=f_mmd c_source=test c_metric=standardized_l2 | f_mmd_reserved_context=5% source=test | wise_ft_skipped rows=5000>=2000,30,1,epoch_chunk,accuracy,0.87625,0.87625,0.87625,0.87625,0,True,False,,f_mmd,test,standardized_l2,1.8460368858891765,0.1047188180328402,,True
website_phishing,/home/crc00006699/zh/tabiclv2/data184/website_phishing,multiclass,1082,217,271,9,3,0.92619926199262,0.9264532281561662,0.9452380952380952,0.9791773665726536,0.2389520280521095,5.00665283203125,0.4000692367553711,ok,,1082,865,0,271,0.184011735022068,True,0.1,True,13,1e-05,True,4.969869375228882,full_train_epoch_chunks,full train set chunked per epoch | validation=dataset_val_split | c_selection=f_mmd c_source=test c_metric=standardized_l2 | f_mmd_reserved_context=5% source=test | wise_ft=alpha0.1 rows=1353<2000,30,1,epoch_chunk,accuracy,0.9170506912442395,0.9216589861751152,0.9170506912442395,0.9216589861751152,5,True,False,,f_mmd,test,standardized_l2,2.228709432720395,0.1456178526680022,,True
wine-quality-red,/home/crc00006699/zh/tabiclv2/data184/wine-quality-red,multiclass,1279,256,320,4,6,0.671875,0.6541478915549547,0.3321384803921568,0.8502523063790672,0.8127415065219846,5.877158164978027,0.3807075023651123,ok,,1279,1023,0,320,0.8053885400295258,True,0.1,True,17,1e-05,True,5.847466707229614,full_train_epoch_chunks,full train set chunked per epoch | validation=dataset_val_split | c_selection=f_mmd c_source=test c_metric=standardized_l2 | f_mmd_reserved_context=5% source=test | wise_ft=alpha0.1 rows=1599<2000,30,1,epoch_chunk,accuracy,0.6484375,0.68359375,0.6484375,0.68359375,9,True,False,,f_mmd,test,standardized_l2,5.675454936648054,3.454121389757767,,True
yeast,/home/crc00006699/zh/tabiclv2/data184/yeast,multiclass,1187,238,297,8,10,0.6397306397306397,0.6327398970833902,0.5838416257976058,0.8861182083012015,0.9737305983715006,5.875390291213989,0.421095609664917,ok,,1187,949,0,297,0.9190430045127868,True,0.1,True,16,1e-05,True,5.839325189590454,full_train_epoch_chunks,full train set chunked per epoch | validation=dataset_val_split | c_selection=f_mmd c_source=test c_metric=standardized_l2 | f_mmd_reserved_context=5% source=test | wise_ft=alpha0.1 rows=1484<2000,30,1,epoch_chunk,accuracy,0.5630252100840336,0.5756302521008403,0.5630252100840336,0.5756302521008403,8,True,False,,f_mmd,test,standardized_l2,7.80083800817728,5.42760061955464,,True
