dataset_name,dataset_dir,task_type,n_train,n_val,n_test,n_features,n_classes,accuracy,f1,balanced_accuracy,roc_auc,log_loss,fit_seconds,predict_seconds,status,error,n_train_a,n_train_b,n_holdout_c,n_test_d,ttt_loss,ttt_wise_ft,ttt_wise_alpha,ttt_wise_applied,ttt_steps,ttt_lr,ttt_applied,ttt_update_seconds,ttt_split_strategy,ttt_split_reason,ttt_epochs,ttt_chunks_per_epoch,ttt_batch_mode,ttt_val_eval_metric,ttt_val_baseline_metric,ttt_val_best_metric,ttt_val_baseline_accuracy,ttt_val_best_accuracy,ttt_best_epoch,ttt_stopped_early,ttt_oom_fallback,ttt_fallback_reason,ttt_c_selection,ttt_c_source,ttt_c_metric,ttt_c_f_distance_mean,ttt_c_f_distance_std,ttt_c_fallback_reason,ttt_c_label_coverage_ok
Amazon_employee_access,/home/crc00006699/zh/tabiclv2/data184/Amazon_employee_access,binclass,26215,5243,6554,7,2,0.94537686908758,0.9330928453323868,0.5995252796086014,0.8393306485210388,0.1666634573450046,76.30424380302429,11.99118995666504,ok,,26215,20972,0,6554,0.2148042693734169,True,0.1,False,90,1e-05,True,76.0830590724945,full_train_epoch_chunks,full train set chunked per epoch | validation=dataset_val_split | c_selection=f_mmd c_source=test c_metric=standardized_l2 | f_mmd_reserved_context=5% source=test | wise_ft_skipped rows=32769>=2000,30,3,epoch_chunk,accuracy,0.947167652107572,0.9502193400724775,0.947167652107572,0.9502193400724775,26,False,False,,f_mmd,test,standardized_l2,3.4619756433109385,0.7290008275459123,,True
BNG(breast-w),/home/crc00006699/zh/tabiclv2/data184/BNG(breast-w),binclass,31492,6299,7874,9,2,0.9885699771399544,0.9885779389194748,0.9880402244570732,0.9991397932459192,0.0331011300415259,33.88652014732361,18.99869203567505,ok,,31492,25193,0,7874,0.0339253805577755,True,0.1,False,33,1e-05,True,33.63245439529419,full_train_epoch_chunks,full train set chunked per epoch | validation=dataset_val_split | c_selection=f_mmd c_source=test c_metric=standardized_l2 | f_mmd_reserved_context=5% source=test | wise_ft_skipped rows=39366>=2000,30,3,epoch_chunk,accuracy,0.9863470392125734,0.98666454992856,0.9863470392125734,0.98666454992856,3,True,False,,f_mmd,test,standardized_l2,4.03468127466638,0.7850725487970153,,True
BNG(tic-tac-toe),/home/crc00006699/zh/tabiclv2/data184/BNG(tic-tac-toe),binclass,31492,6299,7874,9,2,0.8149606299212598,0.8124693303264459,0.78408695496832,0.8833905454190367,0.404311022915735,41.06981921195984,19.00208711624145,ok,,31492,25193,0,7874,0.3958724588155746,True,0.1,False,39,1e-05,True,40.74167609214783,full_train_epoch_chunks,full train set chunked per epoch | validation=dataset_val_split | c_selection=f_mmd c_source=test c_metric=standardized_l2 | f_mmd_reserved_context=5% source=test | wise_ft_skipped rows=39366>=2000,30,3,epoch_chunk,accuracy,0.8056834418161612,0.807906016828068,0.8056834418161612,0.807906016828068,5,True,False,,f_mmd,test,standardized_l2,1.585180139223586,0.1122770358924658,,True
Basketball_c,/home/crc00006699/zh/tabiclv2/data184/Basketball_c,binclass,1072,215,268,11,2,0.7126865671641791,0.7112085072156479,0.6905858729033783,0.7455705173635719,0.5789584975095211,3.737253427505493,0.2950820922851562,ok,,1072,857,0,268,0.5483622550964355,True,0.1,True,11,1e-05,True,3.7053165435791016,full_train_epoch_chunks,full train set chunked per epoch | validation=dataset_val_split | c_selection=f_mmd c_source=test c_metric=standardized_l2 | f_mmd_reserved_context=5% source=test | wise_ft=alpha0.1 rows=1340<2000,30,1,epoch_chunk,accuracy,0.7395348837209302,0.7441860465116279,0.7395348837209302,0.7441860465116279,3,True,False,,f_mmd,test,standardized_l2,4.639848744988572,2.2692785611157213,,True
Cardiovascular-Disease-dataset,/home/crc00006699/zh/tabiclv2/data184/Cardiovascular-Disease-dataset,binclass,56000,11200,14000,11,2,0.7349285714285714,0.7345637987763912,0.7349074644595802,0.8003304041895196,0.543449969535101,52.93497586250305,55.1628098487854,ok,,56000,44800,0,14000,0.551032543182373,True,0.1,False,40,1e-05,True,52.43161392211914,full_train_epoch_chunks,full train set chunked per epoch | validation=dataset_val_split | c_selection=f_mmd c_source=test c_metric=standardized_l2 | f_mmd_reserved_context=5% source=test | wise_ft_skipped rows=70000>=2000,30,5,epoch_chunk,accuracy,0.7344642857142857,0.7344642857142857,0.7344642857142857,0.7344642857142857,0,True,False,,f_mmd,test,standardized_l2,9.176271858979922,71.74893279752877,,True
Contaminant-detection-in-packaged-cocoa-hazelnut-spread-jars-using-Microwaves-Sensing-and-Machine-Learning-10.0GHz(Urbinati),/home/crc00006699/zh/tabiclv2/data184/Contaminant-detection-in-packaged-cocoa-hazelnut-spread-jars-using-Microwaves-Sensing-and-Machine-Learning-10.0GHz(Urbinati),binclass,1920,384,480,30,2,0.9708333333333332,0.9708394101442228,0.971635150166852,0.992769744160178,0.0932396410737281,8.839387655258179,0.7008669376373291,ok,,1920,1536,0,480,0.0891026407480239,True,0.1,False,19,1e-05,True,8.765584945678711,full_train_epoch_chunks,full train set chunked per epoch | validation=dataset_val_split | c_selection=f_mmd c_source=test c_metric=standardized_l2 | f_mmd_reserved_context=5% source=test | wise_ft_skipped rows=2400>=2000,30,1,epoch_chunk,accuracy,0.9635416666666666,0.9713541666666666,0.9635416666666666,0.9713541666666666,11,True,False,,f_mmd,test,standardized_l2,3.2351870649738954,0.5772295595241085,,True
Contaminant-detection-in-packaged-cocoa-hazelnut-spread-jars-using-Microwaves-Sensing-and-Machine-Learning-11.0GHz(Urbinati),/home/crc00006699/zh/tabiclv2/data184/Contaminant-detection-in-packaged-cocoa-hazelnut-spread-jars-using-Microwaves-Sensing-and-Machine-Learning-11.0GHz(Urbinati),binclass,1920,384,480,30,2,0.95625,0.9562619670978078,0.9566879866518354,0.9883203559510568,0.1369465529541616,3.924983739852905,0.7126061916351318,ok,,1920,1536,0,480,0.1181829012930393,True,0.1,False,8,1e-05,True,3.85570764541626,full_train_epoch_chunks,full train set chunked per epoch | validation=dataset_val_split | c_selection=f_mmd c_source=test c_metric=standardized_l2 | f_mmd_reserved_context=5% source=test | wise_ft_skipped rows=2400>=2000,30,1,epoch_chunk,accuracy,0.96875,0.96875,0.96875,0.96875,0,True,False,,f_mmd,test,standardized_l2,2.4236105300425663,0.2842333772813796,,True
Contaminant-detection-in-packaged-cocoa-hazelnut-spread-jars-using-Microwaves-Sensing-and-Machine-Learning-9.5GHz(Urbinati),/home/crc00006699/zh/tabiclv2/data184/Contaminant-detection-in-packaged-cocoa-hazelnut-spread-jars-using-Microwaves-Sensing-and-Machine-Learning-9.5GHz(Urbinati),binclass,1920,384,480,30,2,0.9479166666666666,0.9479291011032736,0.9486234705228032,0.9905971913236932,0.1204907009255017,6.878709316253662,0.7042303085327148,ok,,1920,1536,0,480,0.0763425044715404,True,0.1,False,15,1e-05,True,6.8090128898620605,full_train_epoch_chunks,full train set chunked per epoch | validation=dataset_val_split | c_selection=f_mmd c_source=test c_metric=standardized_l2 | f_mmd_reserved_context=5% source=test | wise_ft_skipped rows=2400>=2000,30,1,epoch_chunk,accuracy,0.9375,0.9479166666666666,0.9375,0.9479166666666666,7,True,False,,f_mmd,test,standardized_l2,2.7887292983382865,0.2439985671109555,,True
Customer_Personality_Analysis,/home/crc00006699/zh/tabiclv2/data184/Customer_Personality_Analysis,binclass,1792,359,448,24,2,0.8883928571428571,0.8731348647771452,0.6822188271242214,0.892995651662945,0.267740220468504,6.118770599365234,0.6046473979949951,ok,,1792,1433,0,448,0.2140670791268348,True,0.1,False,15,1e-05,True,6.055494070053101,full_train_epoch_chunks,full train set chunked per epoch | validation=dataset_val_split | c_selection=f_mmd c_source=test c_metric=standardized_l2 | f_mmd_reserved_context=5% source=test | wise_ft_skipped rows=2240>=2000,30,1,epoch_chunk,accuracy,0.8802228412256268,0.8885793871866295,0.8802228412256268,0.8885793871866295,7,True,False,,f_mmd,test,standardized_l2,5.096833339744329,1.54763234320496,,True
E-CommereShippingData,/home/crc00006699/zh/tabiclv2/data184/E-CommereShippingData,binclass,8799,1760,2200,10,2,0.6777272727272727,0.6673873231451636,0.725435352485036,0.7319279668839315,0.5059531314326227,10.606228351593018,2.687901258468628,ok,,8799,7039,0,2200,0.5063424408435822,True,0.1,False,12,1e-05,True,10.517356395721436,full_train_epoch_chunks,full train set chunked per epoch | validation=dataset_val_split | c_selection=f_mmd c_source=test c_metric=standardized_l2 | f_mmd_reserved_context=5% source=test | wise_ft_skipped rows=10999>=2000,30,1,epoch_chunk,accuracy,0.6840909090909091,0.6857954545454545,0.6840909090909091,0.6857954545454545,4,True,False,,f_mmd,test,standardized_l2,2.215045841396021,0.4201014222702031,,True
FICO-HELOC-cleaned,/home/crc00006699/zh/tabiclv2/data184/FICO-HELOC-cleaned,binclass,7896,1580,1975,23,2,0.7473417721518988,0.7471696257546632,0.7463960530694924,0.8246608170795343,0.5147678449230572,26.192195415496823,2.8489673137664795,ok,,7896,6316,0,1975,0.5261222422122955,True,0.1,False,24,1e-05,True,26.025192737579346,full_train_epoch_chunks,full train set chunked per epoch | validation=dataset_val_split | c_selection=f_mmd c_source=test c_metric=standardized_l2 | f_mmd_reserved_context=5% source=test | wise_ft_skipped rows=9871>=2000,30,1,epoch_chunk,accuracy,0.7424050632911392,0.7537974683544304,0.7424050632911392,0.7537974683544304,16,True,False,,f_mmd,test,standardized_l2,4.745602402145033,5.103662296088194,,True
FOREX_audcad-hour-High,/home/crc00006699/zh/tabiclv2/data184/FOREX_audcad-hour-High,binclass,35060,7012,8765,10,2,0.710781517398745,0.7107993618338938,0.7113261611875563,0.7880115857418792,0.5580889486813042,69.09404945373535,23.06775379180908,ok,,35060,28048,0,8765,0.5428194403648376,True,0.1,False,60,1e-05,True,68.79456329345703,full_train_epoch_chunks,full train set chunked per epoch | validation=dataset_val_split | c_selection=f_mmd c_source=test c_metric=standardized_l2 | f_mmd_reserved_context=5% source=test | wise_ft_skipped rows=43825>=2000,30,3,epoch_chunk,accuracy,0.7017969195664575,0.7184826012549914,0.7017969195664575,0.7184826012549914,12,True,False,,f_mmd,test,standardized_l2,5.43116151532086,4.31876329431037,,True
FOREX_audjpy-day-High,/home/crc00006699/zh/tabiclv2/data184/FOREX_audjpy-day-High,binclass,1465,293,367,10,2,0.773841961852861,0.7736298834633508,0.773066405088877,0.8395309434635276,0.4958711538065546,2.730025291442871,0.369741678237915,ok,,1465,1172,0,367,0.5780579149723053,True,0.1,True,8,1e-05,True,2.701256036758423,full_train_epoch_chunks,full train set chunked per epoch | validation=dataset_val_split | c_selection=f_mmd c_source=test c_metric=standardized_l2 | f_mmd_reserved_context=5% source=test | wise_ft=alpha0.1 rows=1832<2000,30,1,epoch_chunk,accuracy,0.7474402730375427,0.7474402730375427,0.7474402730375427,0.7474402730375427,0,True,False,,f_mmd,test,standardized_l2,5.1941268865742245,1.7303308194988347,,True
FOREX_audsgd-hour-High,/home/crc00006699/zh/tabiclv2/data184/FOREX_audsgd-hour-High,binclass,35060,7012,8765,10,2,0.705875641756988,0.7058576784294446,0.7065498873969647,0.776668961667442,0.572288982014029,67.89274215698242,23.038305044174194,ok,,35060,28048,0,8765,0.5728619396686554,True,0.1,False,57,1e-05,True,67.5512125492096,full_train_epoch_chunks,full train set chunked per epoch | validation=dataset_val_split | c_selection=f_mmd c_source=test c_metric=standardized_l2 | f_mmd_reserved_context=5% source=test | wise_ft_skipped rows=43825>=2000,30,3,epoch_chunk,accuracy,0.682686822589846,0.7180547632629778,0.682686822589846,0.7180547632629778,11,True,False,,f_mmd,test,standardized_l2,4.03607579564577,1.5740468869546798,,True
FOREX_cadjpy-day-High,/home/crc00006699/zh/tabiclv2/data184/FOREX_cadjpy-day-High,binclass,1467,294,367,10,2,0.7166212534059946,0.7164317840788115,0.7166933951057258,0.7793121881682109,0.5693248714017356,3.40549635887146,0.3620390892028808,ok,,1467,1173,0,367,0.5827104151248932,True,0.1,True,11,1e-05,True,3.372975826263428,full_train_epoch_chunks,full train set chunked per epoch | validation=dataset_val_split | c_selection=f_mmd c_source=test c_metric=standardized_l2 | f_mmd_reserved_context=5% source=test | wise_ft=alpha0.1 rows=1834<2000,30,1,epoch_chunk,accuracy,0.7006802721088435,0.7040816326530612,0.7006802721088435,0.7040816326530612,3,True,False,,f_mmd,test,standardized_l2,5.95742834159038,2.3244018602193224,,True
Firm-Teacher_Clave-Direction_Classification,/home/crc00006699/zh/tabiclv2/data184/Firm-Teacher_Clave-Direction_Classification,multiclass,8640,1728,2160,16,4,0.8810185185185185,0.8798787480048328,0.798219171389486,0.9712831456554614,0.3096865887484387,26.402706623077396,2.9270496368408203,ok,,8640,6912,0,2160,0.3435880541801452,True,0.1,False,25,1e-05,True,26.24285578727722,full_train_epoch_chunks,full train set chunked per epoch | validation=dataset_val_split | c_selection=f_mmd c_source=test c_metric=standardized_l2 | f_mmd_reserved_context=5% source=test | wise_ft_skipped rows=10800>=2000,30,1,epoch_chunk,accuracy,0.8651620370370371,0.8744212962962963,0.8651620370370371,0.8744212962962963,17,True,False,,f_mmd,test,standardized_l2,1.0247220199075835,0.0032795510111868,,True
GAMETES_Epistasis_2-Way_20atts_0.1H_EDM-1_1,/home/crc00006699/zh/tabiclv2/data184/GAMETES_Epistasis_2-Way_20atts_0.1H_EDM-1_1,binclass,1280,256,320,20,2,0.66875,0.6617605998962945,0.66875,0.71607421875,0.615666205534129,3.2125673294067383,0.393655776977539,ok,,1280,1024,0,320,0.6433024704456329,True,0.1,True,8,1e-05,True,3.1540720462799072,full_train_epoch_chunks,full train set chunked per epoch | validation=dataset_val_split | c_selection=f_mmd c_source=test c_metric=standardized_l2 | f_mmd_reserved_context=5% source=test | wise_ft=alpha0.1 rows=1600<2000,30,1,epoch_chunk,accuracy,0.6484375,0.6484375,0.6484375,0.6484375,0,True,False,,f_mmd,test,standardized_l2,2.129731276553802,0.3116304635087812,,True
Gender_Gap_in_Spanish_WP,/home/crc00006699/zh/tabiclv2/data184/Gender_Gap_in_Spanish_WP,multiclass,3796,760,950,13,3,0.611578947368421,0.563943883443232,0.4239571522756095,0.7036909080729409,0.7944632390759242,5.540263414382935,1.0324888229370115,ok,,3796,3036,0,950,0.8065651059150696,True,0.1,False,12,1e-05,True,5.489604473114014,full_train_epoch_chunks,full train set chunked per epoch | validation=dataset_val_split | c_selection=f_mmd c_source=test c_metric=standardized_l2 | f_mmd_reserved_context=5% source=test | wise_ft_skipped rows=4746>=2000,30,1,epoch_chunk,accuracy,0.6236842105263158,0.6263157894736842,0.6236842105263158,0.6263157894736842,4,True,False,,f_mmd,test,standardized_l2,3951.4165810773975,34220.31982152176,,True
HR_Analytics_Job_Change_of_Data_Scientists,/home/crc00006699/zh/tabiclv2/data184/HR_Analytics_Job_Change_of_Data_Scientists,binclass,15326,3066,3832,13,2,0.7995824634655533,0.8006068804054135,0.7374632170290825,0.8075771555230415,0.4326241584119929,16.46462917327881,6.262068510055542,ok,,15326,12260,0,3832,0.4383169561624527,True,0.1,False,18,1e-05,True,16.25132393836975,full_train_epoch_chunks,full train set chunked per epoch | validation=dataset_val_split | c_selection=f_mmd c_source=test c_metric=standardized_l2 | f_mmd_reserved_context=5% source=test | wise_ft_skipped rows=19158>=2000,30,2,epoch_chunk,accuracy,0.8072407045009785,0.8082191780821918,0.8072407045009785,0.8082191780821918,1,True,False,,f_mmd,test,standardized_l2,2.3975781381500814,0.3149186105650035,,True
INNHotelsGroup,/home/crc00006699/zh/tabiclv2/data184/INNHotelsGroup,binclass,29020,5804,7255,17,2,0.900895933838732,0.9002806497689739,0.8816526270016591,0.9600628494715744,0.2302640915909913,99.56697034835815,17.738245248794556,ok,,29020,23216,0,7255,0.2863156497478485,True,0.1,False,87,1e-05,True,99.13677787780762,full_train_epoch_chunks,full train set chunked per epoch | validation=dataset_val_split | c_selection=f_mmd c_source=test c_metric=standardized_l2 | f_mmd_reserved_context=5% source=test | wise_ft_skipped rows=36275>=2000,30,3,epoch_chunk,accuracy,0.8990351481736734,0.9047208821502412,0.8990351481736734,0.9047208821502412,21,True,False,,f_mmd,test,standardized_l2,7.023015649516075,14.89995502738334,,True
Intersectional-Bias-Assessment,/home/crc00006699/zh/tabiclv2/data184/Intersectional-Bias-Assessment,binclass,8800,1760,2200,19,2,0.945,0.9449989203740196,0.9449833092414486,0.9898351255546712,0.1342459708351644,17.698901891708374,3.1042513847351074,ok,,8800,7040,0,2200,0.130546897649765,True,0.1,False,16,1e-05,True,17.548521041870117,full_train_epoch_chunks,full train set chunked per epoch | validation=dataset_val_split | c_selection=f_mmd c_source=test c_metric=standardized_l2 | f_mmd_reserved_context=5% source=test | wise_ft_skipped rows=11000>=2000,30,1,epoch_chunk,accuracy,0.9477272727272728,0.95,0.9477272727272728,0.95,8,True,False,,f_mmd,test,standardized_l2,1.985918239544188,0.282064076613461,,True
JapaneseVowels,/home/crc00006699/zh/tabiclv2/data184/JapaneseVowels,multiclass,7968,1594,1993,14,9,0.9989964877069744,0.998996661619066,0.9988039501624582,0.9999979667673572,0.0029626322601657,7.463780879974365,2.53189754486084,ok,,7968,6374,0,1993,0.0115351364947855,True,0.1,False,8,1e-05,True,7.36515998840332,full_train_epoch_chunks,full train set chunked per epoch | validation=dataset_val_split | c_selection=f_mmd c_source=test c_metric=standardized_l2 | f_mmd_reserved_context=5% source=test | wise_ft_skipped rows=9961>=2000,30,1,epoch_chunk,accuracy,0.9968632371392724,0.9968632371392724,0.9968632371392724,0.9968632371392724,0,True,False,,f_mmd,test,standardized_l2,2.195606571922101,0.3318559491095919,,True
KDDCup09_upselling,/home/crc00006699/zh/tabiclv2/data184/KDDCup09_upselling,binclass,4102,821,1026,49,2,0.8167641325536062,0.8143079387572779,0.8167641325536061,0.9122940011931496,0.352597664259265,13.509925365447998,1.8840081691741943,ok,,4102,3281,0,1026,0.3582414984703064,True,0.1,False,13,1e-05,True,13.302332162857056,full_train_epoch_chunks,full train set chunked per epoch | validation=dataset_val_split | c_selection=f_mmd c_source=test c_metric=standardized_l2 | f_mmd_reserved_context=5% source=test | wise_ft_skipped rows=5128>=2000,30,1,epoch_chunk,accuracy,0.7917174177831913,0.7978075517661388,0.7917174177831913,0.7978075517661388,5,True,False,,f_mmd,test,standardized_l2,23.151876111253067,99.985039969184,,True
MIC,/home/crc00006699/zh/tabiclv2/data184/MIC,binclass,1319,264,330,104,2,0.912121212121212,0.902323174171188,0.7477335020029516,0.8898025159884743,0.2575078795030157,8.513838529586792,1.0713260173797607,ok,,1319,1055,0,330,0.3587352186441421,True,0.1,True,8,1e-05,True,8.251801490783691,full_train_epoch_chunks,full train set chunked per epoch | validation=dataset_val_split | c_selection=f_mmd c_source=test c_metric=standardized_l2 | f_mmd_reserved_context=5% source=test | wise_ft=alpha0.1 rows=1649<2000,30,1,epoch_chunk,accuracy,0.8825757575757576,0.8825757575757576,0.8825757575757576,0.8825757575757576,0,True,False,,f_mmd,test,standardized_l2,2494949752511.6045,2919085368573.2065,,True
Marketing_Campaign,/home/crc00006699/zh/tabiclv2/data184/Marketing_Campaign,binclass,1792,359,448,27,2,0.890625,0.8808956647730533,0.7142829161280213,0.9177733380342382,0.2483425534657041,6.914809226989746,0.609663724899292,ok,,1792,1433,0,448,0.1890845075249672,True,0.1,False,17,1e-05,True,6.842501640319824,full_train_epoch_chunks,full train set chunked per epoch | validation=dataset_val_split | c_selection=f_mmd c_source=test c_metric=standardized_l2 | f_mmd_reserved_context=5% source=test | wise_ft_skipped rows=2240>=2000,30,1,epoch_chunk,accuracy,0.8802228412256268,0.8913649025069638,0.8802228412256268,0.8913649025069638,9,True,False,,f_mmd,test,standardized_l2,5.243853995006287,4.300549736090943,,True
National_Health_and_Nutrition_Health_Survey,/home/crc00006699/zh/tabiclv2/data184/National_Health_and_Nutrition_Health_Survey,binclass,1822,365,456,7,2,0.8377192982456141,0.7954368290822497,0.548589005329232,0.7732930362316249,0.3786459374326727,2.409141063690185,0.3934342861175537,ok,,1822,1457,0,456,0.3780961632728576,True,0.1,False,8,1e-05,True,2.3813343048095703,full_train_epoch_chunks,full train set chunked per epoch | validation=dataset_val_split | c_selection=f_mmd c_source=test c_metric=standardized_l2 | f_mmd_reserved_context=5% source=test | wise_ft_skipped rows=2278>=2000,30,1,epoch_chunk,accuracy,0.8575342465753425,0.8575342465753425,0.8575342465753425,0.8575342465753425,0,True,False,,f_mmd,test,standardized_l2,8.537261899240963,10.66735469090294,,True
PhishingWebsites,/home/crc00006699/zh/tabiclv2/data184/PhishingWebsites,binclass,8844,1769,2211,30,2,0.979194934418815,0.9791740177284344,0.9779870355940914,0.9985037881927752,0.0490400483652213,17.85100531578064,3.5963869094848637,ok,,8844,7075,0,2211,0.06323117390275,True,0.1,False,12,1e-05,True,17.587531566619873,full_train_epoch_chunks,full train set chunked per epoch | validation=dataset_val_split | c_selection=f_mmd c_source=test c_metric=standardized_l2 | f_mmd_reserved_context=5% source=test | wise_ft_skipped rows=11055>=2000,30,1,epoch_chunk,accuracy,0.9779536461277558,0.979649519502544,0.9779536461277558,0.979649519502544,4,True,False,,f_mmd,test,standardized_l2,3.0044363137708614,0.4290420136807014,,True
Pima_Indians_Diabetes_Database,/home/crc00006699/zh/tabiclv2/data184/Pima_Indians_Diabetes_Database,binclass,614,123,154,8,2,0.7402597402597403,0.7313771134525852,0.6892592592592592,0.860925925925926,0.4580053673997196,3.4220871925354004,0.2999227046966553,ok,,614,491,0,154,0.4555588364601135,True,0.1,True,13,1e-05,True,3.3994364738464355,full_train_epoch_chunks,full train set chunked per epoch | validation=dataset_val_split | c_selection=f_mmd c_source=test c_metric=standardized_l2 | f_mmd_reserved_context=5% source=test | wise_ft=alpha0.1 rows=768<2000,30,1,epoch_chunk,accuracy,0.7560975609756098,0.7967479674796748,0.7560975609756098,0.7967479674796748,5,True,False,,f_mmd,test,standardized_l2,4.170886126569888,1.1361623471664024,,True
Pumpkin_Seeds,/home/crc00006699/zh/tabiclv2/data184/Pumpkin_Seeds,binclass,2000,400,500,12,2,0.874,0.8738274728054641,0.8729166666666667,0.9466185897435898,0.2993684191634806,3.8907527923583984,0.5156199932098389,ok,,2000,1600,0,500,0.292754590511322,True,0.1,False,12,1e-05,True,3.854502201080322,full_train_epoch_chunks,full train set chunked per epoch | validation=dataset_val_split | c_selection=f_mmd c_source=test c_metric=standardized_l2 | f_mmd_reserved_context=5% source=test | wise_ft_skipped rows=2500>=2000,30,1,epoch_chunk,accuracy,0.8675,0.87,0.8675,0.87,4,True,False,,f_mmd,test,standardized_l2,3.905974238506142,1.2309593081692,,True
Rain_in_Australia,/home/crc00006699/zh/tabiclv2/data184/Rain_in_Australia,multiclass,116368,23274,29092,18,3,0.8553210504606077,0.8462818187197658,0.683016298541478,0.9119149152696232,0.3589907969467846,464.4999017715454,308.13975048065186,ok,,116368,93094,0,29092,0.3755218684673309,True,0.1,False,240,1e-05,True,462.7991406917572,full_train_epoch_chunks,full train set chunked per epoch | validation=dataset_val_split | c_selection=f_mmd c_source=test c_metric=standardized_l2 | f_mmd_reserved_context=5% source=test | wise_ft_skipped rows=145460>=2000,30,10,epoch_chunk,accuracy,0.8447623958064794,0.8519807510526768,0.8447623958064794,0.8519807510526768,16,True,False,,f_mmd,test,standardized_l2,3.066544989904409,3.6013257237401586,,True
Shipping,/home/crc00006699/zh/tabiclv2/data184/Shipping,binclass,8799,1760,2200,9,2,0.6827272727272727,0.6752422651541086,0.7210179398024702,0.7397849783485142,0.500059028323148,9.461015939712524,2.6435415744781494,ok,,8799,7039,0,2200,0.5068997144699097,True,0.1,False,11,1e-05,True,9.378037929534912,full_train_epoch_chunks,full train set chunked per epoch | validation=dataset_val_split | c_selection=f_mmd c_source=test c_metric=standardized_l2 | f_mmd_reserved_context=5% source=test | wise_ft_skipped rows=10999>=2000,30,1,epoch_chunk,accuracy,0.6727272727272727,0.6738636363636363,0.6727272727272727,0.6738636363636363,3,True,False,,f_mmd,test,standardized_l2,2.2708184893091987,0.4586166733843028,,True
VulNoneVul,/home/crc00006699/zh/tabiclv2/data184/VulNoneVul,binclass,4553,911,1139,16,2,0.9894644424934153,0.9842245601854184,0.5,0.8622079266489204,0.0479281842499529,5.003336668014526,1.326899528503418,ok,,4553,3642,0,1139,0.0235244091600179,True,0.1,False,8,1e-05,True,4.929929256439209,full_train_epoch_chunks,full train set chunked per epoch | validation=dataset_val_split | c_selection=f_mmd c_source=test c_metric=standardized_l2 | f_mmd_reserved_context=5% source=test | wise_ft_skipped rows=5692>=2000,30,1,epoch_chunk,accuracy,0.9890230515916576,0.9890230515916576,0.9890230515916576,0.9890230515916576,0,True,False,,f_mmd,test,standardized_l2,10.558260699854262,15.555495637622768,,True
Waterstress,/home/crc00006699/zh/tabiclv2/data184/Waterstress,binclass,950,190,238,22,2,0.773109243697479,0.773109243697479,0.7739837398373983,0.8411452810180277,0.4907190940811536,3.773465633392334,0.5728185176849365,ok,,950,760,0,238,0.4298643618822098,True,0.1,True,11,1e-05,True,3.730778932571411,full_train_epoch_chunks,full train set chunked per epoch | validation=dataset_val_split | c_selection=f_mmd c_source=test c_metric=standardized_l2 | f_mmd_reserved_context=5% source=test | wise_ft=alpha0.1 rows=1188<2000,30,1,epoch_chunk,accuracy,0.7263157894736842,0.7578947368421053,0.7263157894736842,0.7578947368421053,3,True,False,,f_mmd,test,standardized_l2,4.578801312572222,1.1806652322809306,,True
abalone,/home/crc00006699/zh/tabiclv2/data184/abalone,multiclass,3341,669,836,8,3,0.6447368421052632,0.6488791198695396,0.6428740340096519,0.8284497642451752,0.7489150798335775,6.762820720672607,0.8013510704040527,ok,,3341,2672,0,836,0.7148102521896362,True,0.1,False,19,1e-05,True,6.721797466278076,full_train_epoch_chunks,full train set chunked per epoch | validation=dataset_val_split | c_selection=f_mmd c_source=test c_metric=standardized_l2 | f_mmd_reserved_context=5% source=test | wise_ft_skipped rows=4177>=2000,30,1,epoch_chunk,accuracy,0.6771300448430493,0.6905829596412556,0.6771300448430493,0.6905829596412556,11,True,False,,f_mmd,test,standardized_l2,5.15629399052212,7.388965350260181,,True
ada,/home/crc00006699/zh/tabiclv2/data184/ada,binclass,3317,664,830,48,2,0.8481927710843373,0.8440135292293723,0.772218073188947,0.9081754107542944,0.3259369820772491,16.72930884361267,1.4782001972198486,ok,,3317,2653,0,830,0.3208071291446686,True,0.1,False,22,1e-05,True,16.597368240356445,full_train_epoch_chunks,full train set chunked per epoch | validation=dataset_val_split | c_selection=f_mmd c_source=test c_metric=standardized_l2 | f_mmd_reserved_context=5% source=test | wise_ft_skipped rows=4147>=2000,30,1,epoch_chunk,accuracy,0.8644578313253012,0.8689759036144579,0.8644578313253012,0.8689759036144579,14,True,False,,f_mmd,test,standardized_l2,415726876111.47,4776338167304.483,,True
ada_prior,/home/crc00006699/zh/tabiclv2/data184/ada_prior,binclass,3649,730,913,14,2,0.8411829134720701,0.8325958975790209,0.7439892886040508,0.8868014795597282,0.3551330502682789,6.770150184631348,1.0241291522979736,ok,,3649,2919,0,913,0.3277426809072494,True,0.1,False,14,1e-05,True,6.70348048210144,full_train_epoch_chunks,full train set chunked per epoch | validation=dataset_val_split | c_selection=f_mmd c_source=test c_metric=standardized_l2 | f_mmd_reserved_context=5% source=test | wise_ft_skipped rows=4562>=2000,30,1,epoch_chunk,accuracy,0.8301369863013699,0.8342465753424657,0.8301369863013699,0.8342465753424657,6,True,False,,f_mmd,test,standardized_l2,3.360482379662277,2.319142766793856,,True
airlines_seed_0_nrows_2000_nclasses_10_ncols_100_stratify_True,/home/crc00006699/zh/tabiclv2/data184/airlines_seed_0_nrows_2000_nclasses_10_ncols_100_stratify_True,binclass,1600,320,400,7,2,0.6325,0.6110469479396627,0.6076779026217228,0.6723099503998382,0.6277731527445788,5.063998460769653,0.3499751091003418,ok,,1600,1280,0,400,0.6685726940631866,True,0.1,False,19,1e-05,True,5.032273054122925,full_train_epoch_chunks,full train set chunked per epoch | validation=dataset_val_split | c_selection=f_mmd c_source=test c_metric=standardized_l2 | f_mmd_reserved_context=5% source=test | wise_ft_skipped rows=2000>=2000,30,1,epoch_chunk,accuracy,0.609375,0.634375,0.609375,0.634375,11,True,False,,f_mmd,test,standardized_l2,2.202457105591967,0.4402763890554239,,True
allrep,/home/crc00006699/zh/tabiclv2/data184/allrep,multiclass,3017,604,755,29,4,0.9841059602649008,0.9817257408960596,0.694850782778865,0.9956956563020906,0.0413505366497333,7.662039279937744,1.0396089553833008,ok,,3017,2413,0,755,0.0615655556321144,True,0.1,False,13,1e-05,True,7.558688402175903,full_train_epoch_chunks,full train set chunked per epoch | validation=dataset_val_split | c_selection=f_mmd c_source=test c_metric=standardized_l2 | f_mmd_reserved_context=5% source=test | wise_ft_skipped rows=3772>=2000,30,1,epoch_chunk,accuracy,0.9817880794701986,0.9867549668874172,0.9817880794701986,0.9867549668874172,5,True,False,,f_mmd,test,standardized_l2,687945401713.0775,7536064296949.785,,True
artificial-characters,/home/crc00006699/zh/tabiclv2/data184/artificial-characters,multiclass,8174,1635,2044,7,10,0.8938356164383562,0.8938141172098018,0.8879471648858642,0.99662900956984,0.2138757600731562,12.220270872116089,2.320106744766236,ok,,8174,6539,0,2044,0.4284300655126571,True,0.1,False,17,1e-05,True,12.151881456375122,full_train_epoch_chunks,full train set chunked per epoch | validation=dataset_val_split | c_selection=f_mmd c_source=test c_metric=standardized_l2 | f_mmd_reserved_context=5% source=test | wise_ft_skipped rows=10218>=2000,30,1,epoch_chunk,accuracy,0.8048929663608563,0.8409785932721713,0.8048929663608563,0.8409785932721713,9,True,False,,f_mmd,test,standardized_l2,3.305058560595948,0.9687616399671922,,True
autoUniv-au7-1100,/home/crc00006699/zh/tabiclv2/data184/autoUniv-au7-1100,multiclass,880,176,220,12,5,0.4090909090909091,0.3883804236698973,0.3901223005651045,0.7292683606898299,1.3585243304811263,4.8082497119903564,0.4825716018676758,ok,,880,704,0,220,1.3215137720108032,True,0.1,True,17,1e-05,True,4.77450704574585,full_train_epoch_chunks,full train set chunked per epoch | validation=dataset_val_split | c_selection=f_mmd c_source=test c_metric=standardized_l2 | f_mmd_reserved_context=5% source=test | wise_ft=alpha0.1 rows=1100<2000,30,1,epoch_chunk,accuracy,0.4375,0.4772727272727273,0.4375,0.4772727272727273,9,True,False,,f_mmd,test,standardized_l2,1.5804263971158183,0.0858809798421379,,True
banknote_authentication,/home/crc00006699/zh/tabiclv2/data184/banknote_authentication,binclass,1097,220,275,4,2,0.5490909090909091,0.4006953633368727,0.4942944390871102,0.5114914818386371,0.6874090544301008,2.2327184677124023,0.1245839595794677,ok,,1097,877,0,275,0.6846832931041718,True,0.1,True,8,1e-05,True,2.213571071624756,full_train_epoch_chunks,full train set chunked per epoch | validation=dataset_val_split | c_selection=f_mmd c_source=test c_metric=standardized_l2 | f_mmd_reserved_context=5% source=test | wise_ft=alpha0.1 rows=1372<2000,30,1,epoch_chunk,accuracy,0.5590909090909091,0.5590909090909091,0.5590909090909091,0.5590909090909091,0,True,False,,f_mmd,test,standardized_l2,4.310600397241112,1.26382239704713,,True
car-evaluation,/home/crc00006699/zh/tabiclv2/data184/car-evaluation,multiclass,1382,277,346,21,4,0.9797687861271676,0.9799512422434736,0.9693034238488784,0.9992375768046888,0.0499433656907108,6.243789911270142,0.4454085826873779,ok,,1382,1105,0,346,0.0004130359156988,True,0.1,True,17,1e-05,True,6.182839393615723,full_train_epoch_chunks,full train set chunked per epoch | validation=dataset_val_split | c_selection=f_mmd c_source=test c_metric=standardized_l2 | f_mmd_reserved_context=5% source=test | wise_ft=alpha0.1 rows=1728<2000,30,1,epoch_chunk,accuracy,0.9819494584837544,1.0,0.9819494584837544,1.0,9,True,False,,f_mmd,test,standardized_l2,1.0626940286377764,0.0069607824700083,,True
cmc,/home/crc00006699/zh/tabiclv2/data184/cmc,multiclass,1178,236,295,9,3,0.5898305084745763,0.5843388600932665,0.5556043312847527,0.7606110099481819,0.8761228182105321,6.911246299743652,0.2979381084442138,ok,,1178,942,0,295,0.9126738905906676,True,0.1,True,26,1e-05,True,6.873833179473877,full_train_epoch_chunks,full train set chunked per epoch | validation=dataset_val_split | c_selection=f_mmd c_source=test c_metric=standardized_l2 | f_mmd_reserved_context=5% source=test | wise_ft=alpha0.1 rows=1473<2000,30,1,epoch_chunk,accuracy,0.5296610169491526,0.5508474576271186,0.5296610169491526,0.5508474576271186,18,True,False,,f_mmd,test,standardized_l2,2.8544457917078008,0.5620698218187806,,True
compass,/home/crc00006699/zh/tabiclv2/data184/compass,binclass,13315,2663,3329,17,2,0.8831480925202764,0.8830971421421011,0.8831418557981058,0.9485632868445368,0.2805432512759653,29.58508372306824,5.350443363189697,ok,,13315,10652,0,3329,0.5247979164123535,True,0.1,False,34,1e-05,True,29.375428676605225,full_train_epoch_chunks,full train set chunked per epoch | validation=dataset_val_split | c_selection=f_mmd c_source=test c_metric=standardized_l2 | f_mmd_reserved_context=5% source=test | wise_ft_skipped rows=16644>=2000,30,2,epoch_chunk,accuracy,0.8047315058205032,0.8764551257979722,0.8047315058205032,0.8764551257979722,9,True,False,,f_mmd,test,standardized_l2,5.223260629557689,5.640205112214475,,True
contraceptive_method_choice,/home/crc00006699/zh/tabiclv2/data184/contraceptive_method_choice,multiclass,1178,236,295,9,3,0.6237288135593221,0.6163859866527528,0.5843889794723859,0.7970674055059694,0.8225210543706225,3.9995312690734863,0.2933614253997803,ok,,1178,942,0,295,0.915136694908142,True,0.1,True,14,1e-05,True,3.968016862869263,full_train_epoch_chunks,full train set chunked per epoch | validation=dataset_val_split | c_selection=f_mmd c_source=test c_metric=standardized_l2 | f_mmd_reserved_context=5% source=test | wise_ft=alpha0.1 rows=1473<2000,30,1,epoch_chunk,accuracy,0.5169491525423728,0.5338983050847458,0.5169491525423728,0.5338983050847458,6,True,False,,f_mmd,test,standardized_l2,2.531386759294043,0.5033566163809283,,True
credit-g,/home/crc00006699/zh/tabiclv2/data184/credit-g,binclass,800,160,200,20,2,0.785,0.7676703752849511,0.6892857142857143,0.8426190476190476,0.4446325068378989,7.521759510040283,0.4952359199523926,ok,,800,640,0,200,0.4467229396104812,True,0.1,True,25,1e-05,True,7.426722288131714,full_train_epoch_chunks,full train set chunked per epoch | validation=dataset_val_split | c_selection=f_mmd c_source=test c_metric=standardized_l2 | f_mmd_reserved_context=5% source=test | wise_ft=alpha0.1 rows=1000<2000,30,1,epoch_chunk,accuracy,0.74375,0.78125,0.74375,0.78125,17,True,False,,f_mmd,test,standardized_l2,2.597127184937484,0.3732470410597066,,True
dabetes_130-us_hospitals,/home/crc00006699/zh/tabiclv2/data184/dabetes_130-us_hospitals,binclass,81412,16283,20354,20,2,0.6439520487373489,0.6399413281685685,0.6360265600616171,0.6989180194823252,0.6218913952160159,201.63548803329468,117.81479024887084,ok,,81412,65129,0,20354,0.6212295889854431,True,0.1,False,112,1e-05,True,200.1433141231537,full_train_epoch_chunks,full train set chunked per epoch | validation=dataset_val_split | c_selection=f_mmd c_source=test c_metric=standardized_l2 | f_mmd_reserved_context=5% source=test | wise_ft_skipped rows=101766>=2000,30,7,epoch_chunk,accuracy,0.646134004790272,0.6522139654854756,0.646134004790272,0.6522139654854756,8,True,False,,f_mmd,test,standardized_l2,3.1882403332969904,7.454093537094825,,True
delta_ailerons,/home/crc00006699/zh/tabiclv2/data184/delta_ailerons,binclass,5703,1141,1426,5,2,0.9509116409537168,0.9509072783540669,0.9506371030323852,0.9814348591027836,0.1604331149364357,4.237252712249756,0.9167611598968506,ok,,5703,4562,0,1426,0.1550848931074142,True,0.1,False,8,1e-05,True,4.198486804962158,full_train_epoch_chunks,full train set chunked per epoch | validation=dataset_val_split | c_selection=f_mmd c_source=test c_metric=standardized_l2 | f_mmd_reserved_context=5% source=test | wise_ft_skipped rows=7129>=2000,30,1,epoch_chunk,accuracy,0.9456617002629272,0.9456617002629272,0.9456617002629272,0.9456617002629272,0,True,False,,f_mmd,test,standardized_l2,3.6576655796362494,1.1438445096906065,,True
dna,/home/crc00006699/zh/tabiclv2/data184/dna,multiclass,2548,510,638,180,3,0.9670846394984326,0.967232209660851,0.9672208472634988,0.9966993321409972,0.0974447595495429,61.08785390853882,3.188997983932495,ok,,2548,2038,0,638,0.1490411385893821,True,0.1,False,30,1e-05,True,60.48253512382507,full_train_epoch_chunks,full train set chunked per epoch | validation=dataset_val_split | c_selection=f_mmd c_source=test c_metric=standardized_l2 | f_mmd_reserved_context=5% source=test | wise_ft_skipped rows=3186>=2000,30,1,epoch_chunk,accuracy,0.8980392156862745,0.9490196078431372,0.8980392156862745,0.9490196078431372,27,False,False,,f_mmd,test,standardized_l2,1.1780108593624985,0.0348247238163944,,True
dry_bean_dataset,/home/crc00006699/zh/tabiclv2/data184/dry_bean_dataset,multiclass,10888,2178,2723,16,7,0.927653323540213,0.9276760812035484,0.93731937904439,0.9958876552515962,0.1898085642329911,28.34583950042725,3.926570415496826,ok,,10888,8710,0,2723,0.1757524386048317,True,0.1,False,22,1e-05,True,28.182759284973145,full_train_epoch_chunks,full train set chunked per epoch | validation=dataset_val_split | c_selection=f_mmd c_source=test c_metric=standardized_l2 | f_mmd_reserved_context=5% source=test | wise_ft_skipped rows=13611>=2000,30,1,epoch_chunk,accuracy,0.9292929292929292,0.9338842975206612,0.9292929292929292,0.9338842975206612,14,True,False,,f_mmd,test,standardized_l2,5.742783700351929,2.1457207190744363,,True
electricity,/home/crc00006699/zh/tabiclv2/data184/electricity,binclass,36249,7250,9063,8,2,0.9260730442458348,0.9260448794535052,0.9239773422659328,0.9809506202123652,0.1752922906351618,102.48153519630432,24.21936511993408,ok,,36249,28999,0,9063,0.2631313800811767,True,0.1,False,90,1e-05,True,102.19545125961304,full_train_epoch_chunks,full train set chunked per epoch | validation=dataset_val_split | c_selection=f_mmd c_source=test c_metric=standardized_l2 | f_mmd_reserved_context=5% source=test | wise_ft_skipped rows=45312>=2000,30,3,epoch_chunk,accuracy,0.8947586206896552,0.9273103448275862,0.8947586206896552,0.9273103448275862,27,False,False,,f_mmd,test,standardized_l2,6.053094169866894,53.54712337484384,,True
eucalyptus,/home/crc00006699/zh/tabiclv2/data184/eucalyptus,multiclass,588,118,148,19,5,0.722972972972973,0.7258626078559082,0.7038380224426736,0.9409964136380232,0.5978800303083713,3.4491217136383057,0.3569414615631103,ok,,588,470,0,148,0.5861814916133881,True,0.1,True,10,1e-05,True,3.409203290939331,full_train_epoch_chunks,full train set chunked per epoch | validation=dataset_val_split | c_selection=f_mmd c_source=test c_metric=standardized_l2 | f_mmd_reserved_context=5% source=test | wise_ft=alpha0.1 rows=736<2000,30,1,epoch_chunk,accuracy,0.7457627118644068,0.7542372881355932,0.7457627118644068,0.7542372881355932,2,True,False,,f_mmd,test,standardized_l2,3.610248365227743,5.765886056923073,,True
eye_movements_bin,/home/crc00006699/zh/tabiclv2/data184/eye_movements_bin,binclass,6086,1218,1522,20,2,0.6865965834428384,0.6863462273749424,0.6865965834428384,0.76652115879065,0.5633307312123347,25.00306701660156,2.151414394378662,ok,,6086,4868,0,1522,0.5276207625865936,True,0.1,False,30,1e-05,True,24.87766814231873,full_train_epoch_chunks,full train set chunked per epoch | validation=dataset_val_split | c_selection=f_mmd c_source=test c_metric=standardized_l2 | f_mmd_reserved_context=5% source=test | wise_ft_skipped rows=7608>=2000,30,1,epoch_chunk,accuracy,0.6083743842364532,0.6962233169129721,0.6083743842364532,0.6962233169129721,30,False,False,,f_mmd,test,standardized_l2,7.755779069194227,5.221569339889184,,True
golf_play_dataset_extended,/home/crc00006699/zh/tabiclv2/data184/golf_play_dataset_extended,binclass,876,176,219,9,2,0.9360730593607306,0.9360730593607306,0.9036818296054284,0.979517466700176,0.1482827088644124,5.1078386306762695,0.4534473419189453,ok,,876,700,0,219,0.1192443333566188,True,0.1,True,19,1e-05,True,5.077742099761963,full_train_epoch_chunks,full train set chunked per epoch | validation=dataset_val_split | c_selection=f_mmd c_source=test c_metric=standardized_l2 | f_mmd_reserved_context=5% source=test | wise_ft=alpha0.1 rows=1095<2000,30,1,epoch_chunk,accuracy,0.9204545454545454,0.9318181818181818,0.9204545454545454,0.9318181818181818,11,True,False,,f_mmd,test,standardized_l2,4.822633304433999,0.1819762793357172,,True
hill-valley,/home/crc00006699/zh/tabiclv2/data184/hill-valley,binclass,969,194,243,100,2,0.9218106995884774,0.921794805569794,0.9217585692995528,0.9760195095515511,0.2404049874120697,9.106866121292114,0.8308291435241699,ok,,969,775,0,243,0.3135086297988891,True,0.1,True,12,1e-05,True,8.96036410331726,full_train_epoch_chunks,full train set chunked per epoch | validation=dataset_val_split | c_selection=f_mmd c_source=test c_metric=standardized_l2 | f_mmd_reserved_context=5% source=test | wise_ft=alpha0.1 rows=1212<2000,30,1,epoch_chunk,accuracy,0.8402061855670103,0.8865979381443299,0.8402061855670103,0.8865979381443299,4,True,False,,f_mmd,test,standardized_l2,10.408316818988588,6.637803755726004,,True
htru,/home/crc00006699/zh/tabiclv2/data184/htru,binclass,14318,2864,3580,8,2,0.9798882681564246,0.979719410862884,0.9313630636306364,0.9865317403174032,0.0655209852973039,11.738795280456545,5.336789846420288,ok,,14318,11454,0,3580,0.0516538601368665,True,0.1,False,16,1e-05,True,11.639496088027954,full_train_epoch_chunks,full train set chunked per epoch | validation=dataset_val_split | c_selection=f_mmd c_source=test c_metric=standardized_l2 | f_mmd_reserved_context=5% source=test | wise_ft_skipped rows=17898>=2000,30,2,epoch_chunk,accuracy,0.979050279329609,0.979050279329609,0.979050279329609,0.979050279329609,0,True,False,,f_mmd,test,standardized_l2,8.423732365700445,3.614463327402937,,True
in_vehicle_coupon_recommendation,/home/crc00006699/zh/tabiclv2/data184/in_vehicle_coupon_recommendation,binclass,10147,2030,2537,21,2,0.793062672447773,0.7916342313520455,0.783788371047315,0.863269875046707,0.4541219963255692,11.569477558135986,3.8356597423553462,ok,,10147,8117,0,2537,0.4753508567810058,True,0.1,False,8,1e-05,True,11.324243783950806,full_train_epoch_chunks,full train set chunked per epoch | validation=dataset_val_split | c_selection=f_mmd c_source=test c_metric=standardized_l2 | f_mmd_reserved_context=5% source=test | wise_ft_skipped rows=12684>=2000,30,1,epoch_chunk,accuracy,0.7645320197044335,0.7645320197044335,0.7645320197044335,0.7645320197044335,0,True,False,,f_mmd,test,standardized_l2,1.4574786005071252,0.0956186976103288,,True
jasmine,/home/crc00006699/zh/tabiclv2/data184/jasmine,binclass,2387,478,597,144,2,0.8190954773869347,0.8167534649834761,0.8192857623846828,0.8744472626877062,0.3924061481980694,14.77511429786682,2.7032129764556885,ok,,2387,1909,0,597,0.3796190172433853,True,0.1,False,8,1e-05,True,14.298449516296388,full_train_epoch_chunks,full train set chunked per epoch | validation=dataset_val_split | c_selection=f_mmd c_source=test c_metric=standardized_l2 | f_mmd_reserved_context=5% source=test | wise_ft_skipped rows=2984>=2000,30,1,epoch_chunk,accuracy,0.8535564853556485,0.8535564853556485,0.8535564853556485,0.8535564853556485,0,True,False,,f_mmd,test,standardized_l2,138165547175.4543,1346671173825.972,,True
jungle_chess_2pcs_raw_endgame_complete,/home/crc00006699/zh/tabiclv2/data184/jungle_chess_2pcs_raw_endgame_complete,multiclass,35855,7171,8964,6,3,0.96396697902722,0.9638405239939094,0.9436285287037668,0.9954615173148992,0.1335062163636251,94.99050641059875,23.420995235443115,ok,,35855,28684,0,8964,0.0852460786700248,True,0.1,False,90,1e-05,True,94.81064248085022,full_train_epoch_chunks,full train set chunked per epoch | validation=dataset_val_split | c_selection=f_mmd c_source=test c_metric=standardized_l2 | f_mmd_reserved_context=5% source=test | wise_ft_skipped rows=44819>=2000,30,3,epoch_chunk,accuracy,0.8753311950913402,0.988843954818017,0.8753311950913402,0.988843954818017,28,False,False,,f_mmd,test,standardized_l2,1.6842624684719274,0.1188326255471405,,True
kdd_ipums_la_97-small,/home/crc00006699/zh/tabiclv2/data184/kdd_ipums_la_97-small,binclass,4150,830,1038,20,2,0.8882466281310212,0.8877063398802528,0.8882466281310212,0.9497440238193354,0.2577376423274862,5.278243780136108,1.287808895111084,ok,,4150,3320,0,1038,0.2633642554283142,True,0.1,False,8,1e-05,True,5.196187973022461,full_train_epoch_chunks,full train set chunked per epoch | validation=dataset_val_split | c_selection=f_mmd c_source=test c_metric=standardized_l2 | f_mmd_reserved_context=5% source=test | wise_ft_skipped rows=5188>=2000,30,1,epoch_chunk,accuracy,0.8819277108433735,0.8819277108433735,0.8819277108433735,0.8819277108433735,0,True,False,,f_mmd,test,standardized_l2,2.8931288887307254,0.6358918142971975,,True
law-school-admission-bianry,/home/crc00006699/zh/tabiclv2/data184/law-school-admission-bianry,binclass,16640,3328,4160,11,2,1.0,1.0,1.0,1.0,2.106654989900689e-07,14.039106607437134,6.890676498413086,ok,,16640,13312,0,4160,1.800744553470679e-10,True,0.1,False,16,1e-05,True,13.870412826538086,full_train_epoch_chunks,full train set chunked per epoch | validation=dataset_val_split | c_selection=f_mmd c_source=test c_metric=standardized_l2 | f_mmd_reserved_context=5% source=test | wise_ft_skipped rows=20800>=2000,30,2,epoch_chunk,accuracy,1.0,1.0,1.0,1.0,0,True,False,,f_mmd,test,standardized_l2,3.112586008945274,0.8474250258118484,,True
led7,/home/crc00006699/zh/tabiclv2/data184/led7,multiclass,2560,512,640,7,10,0.74375,0.7405931285035227,0.7430770293507575,0.959387053743484,0.777173735377862,5.027699708938599,0.6173722743988037,ok,,2560,2048,0,640,0.8012271225452423,True,0.1,False,15,1e-05,True,4.990036010742188,full_train_epoch_chunks,full train set chunked per epoch | validation=dataset_val_split | c_selection=f_mmd c_source=test c_metric=standardized_l2 | f_mmd_reserved_context=5% source=test | wise_ft_skipped rows=3200>=2000,30,1,epoch_chunk,accuracy,0.720703125,0.7265625,0.720703125,0.7265625,7,True,False,,f_mmd,test,standardized_l2,1.821509677667315,0.1369328259101682,,True
mammography,/home/crc00006699/zh/tabiclv2/data184/mammography,binclass,8946,1790,2237,6,2,0.9892713455520786,0.988315582238702,0.8067769758845273,0.984254532652702,0.0322845642798999,10.357206344604492,2.109534740447998,ok,,8946,7156,0,2237,0.030201693996787,True,0.1,False,13,1e-05,True,10.28860068321228,full_train_epoch_chunks,full train set chunked per epoch | validation=dataset_val_split | c_selection=f_mmd c_source=test c_metric=standardized_l2 | f_mmd_reserved_context=5% source=test | wise_ft_skipped rows=11183>=2000,30,1,epoch_chunk,accuracy,0.9860335195530726,0.987709497206704,0.9860335195530726,0.987709497206704,5,True,False,,f_mmd,test,standardized_l2,7.970916834701688,14.781896406581865,,True
mfeat-factors,/home/crc00006699/zh/tabiclv2/data184/mfeat-factors,multiclass,1600,320,400,216,10,0.9725,0.9724636647318544,0.9725,0.9995625,0.1029306770482393,13.72035312652588,2.453533887863159,ok,,1600,1280,0,400,0.0140402531251311,True,0.1,False,8,1e-05,True,13.343255281448364,full_train_epoch_chunks,full train set chunked per epoch | validation=dataset_val_split | c_selection=f_mmd c_source=test c_metric=standardized_l2 | f_mmd_reserved_context=5% source=test | wise_ft_skipped rows=2000>=2000,30,1,epoch_chunk,accuracy,0.984375,0.984375,0.984375,0.984375,0,True,False,,f_mmd,test,standardized_l2,1.797599941987325,0.2074111681229176,,True
mfeat-karhunen,/home/crc00006699/zh/tabiclv2/data184/mfeat-karhunen,multiclass,1600,320,400,64,10,0.975,0.974990888736129,0.975,0.9996875,0.1116759971829446,10.324090242385864,0.9686739444732666,ok,,1600,1280,0,400,0.0112227592617273,True,0.1,False,16,1e-05,True,10.205760478973389,full_train_epoch_chunks,full train set chunked per epoch | validation=dataset_val_split | c_selection=f_mmd c_source=test c_metric=standardized_l2 | f_mmd_reserved_context=5% source=test | wise_ft_skipped rows=2000>=2000,30,1,epoch_chunk,accuracy,0.971875,0.978125,0.971875,0.978125,8,True,False,,f_mmd,test,standardized_l2,1.4833980234349975,0.0835337499785578,,True
mfeat-pixel,/home/crc00006699/zh/tabiclv2/data184/mfeat-pixel,multiclass,1600,320,400,240,10,0.975,0.9748587647379916,0.975,0.999611111111111,0.1146744548233389,31.837280750274655,2.601069927215576,ok,,1600,1280,0,400,0.0177268646657466,True,0.1,False,15,1e-05,True,31.020036220550537,full_train_epoch_chunks,full train set chunked per epoch | validation=dataset_val_split | c_selection=f_mmd c_source=test c_metric=standardized_l2 | f_mmd_reserved_context=5% source=test | wise_ft_skipped rows=2000>=2000,30,1,epoch_chunk,accuracy,0.978125,0.984375,0.978125,0.984375,7,True,False,,f_mmd,test,standardized_l2,1.4547364797647877,0.0851544454049838,,True
mice_protein_expression,/home/crc00006699/zh/tabiclv2/data184/mice_protein_expression,multiclass,864,173,216,75,8,1.0,1.0,1.0,1.0,1.967339653021455e-05,4.908361196517944,0.6300473213195801,ok,,864,691,0,216,3.671300646601594e-06,True,0.1,True,8,1e-05,True,4.795211791992188,full_train_epoch_chunks,full train set chunked per epoch | validation=dataset_val_split | c_selection=f_mmd c_source=test c_metric=standardized_l2 | f_mmd_reserved_context=5% source=test | wise_ft=alpha0.1 rows=1080<2000,30,1,epoch_chunk,accuracy,1.0,1.0,1.0,1.0,0,True,False,,f_mmd,test,standardized_l2,2.7442066627269504,0.7115219973976314,,True
mobile_c36_oversampling,/home/crc00006699/zh/tabiclv2/data184/mobile_c36_oversampling,binclass,41408,8282,10352,6,2,0.9929482225656878,0.9929459131839932,0.9922844895841352,0.9992830936773764,0.027002113759147,49.4015908241272,22.72776222229004,ok,,41408,33126,0,10352,0.1118449978530407,True,0.1,False,52,1e-05,True,49.2204213142395,full_train_epoch_chunks,full train set chunked per epoch | validation=dataset_val_split | c_selection=f_mmd c_source=test c_metric=standardized_l2 | f_mmd_reserved_context=5% source=test | wise_ft_skipped rows=51760>=2000,30,4,epoch_chunk,accuracy,0.991064960154552,0.9946872736054092,0.991064960154552,0.9946872736054092,5,True,False,,f_mmd,test,standardized_l2,3.652784633741649,1.0369087279793732,,True
national-longitudinal-survey-binary,/home/crc00006699/zh/tabiclv2/data184/national-longitudinal-survey-binary,binclass,3926,786,982,16,2,1.0,1.0,1.0,1.0,0.0026357386849227,4.697283029556274,1.1425466537475586,ok,,3926,3140,0,982,0.0031386106275022,True,0.1,False,8,1e-05,True,4.618320941925049,full_train_epoch_chunks,full train set chunked per epoch | validation=dataset_val_split | c_selection=f_mmd c_source=test c_metric=standardized_l2 | f_mmd_reserved_context=5% source=test | wise_ft_skipped rows=4908>=2000,30,1,epoch_chunk,accuracy,0.9987277353689568,0.9987277353689568,0.9987277353689568,0.9987277353689568,0,True,False,,f_mmd,test,standardized_l2,2.495915587824656,0.4043416212163706,,True
online_shoppers,/home/crc00006699/zh/tabiclv2/data184/online_shoppers,binclass,9864,1973,2466,14,2,0.9059205190592052,0.9013046658462311,0.7775773532574288,0.9280776748299182,0.2314051488895374,9.379268407821655,3.3531312942504883,ok,,9864,7891,0,2466,0.2191138789057731,True,0.1,False,8,1e-05,True,9.23399543762207,full_train_epoch_chunks,full train set chunked per epoch | validation=dataset_val_split | c_selection=f_mmd c_source=test c_metric=standardized_l2 | f_mmd_reserved_context=5% source=test | wise_ft_skipped rows=12330>=2000,30,1,epoch_chunk,accuracy,0.9042067916877852,0.9042067916877852,0.9042067916877852,0.9042067916877852,0,True,False,,f_mmd,test,standardized_l2,3.5098644981147658,2.697652877655743,,True
ozone-level-8hr,/home/crc00006699/zh/tabiclv2/data184/ozone-level-8hr,binclass,2027,406,507,72,2,0.9546351084812624,0.9455028296657256,0.6697697368421053,0.9364473684210526,0.1315041664275377,14.232678651809692,1.2274634838104248,ok,,2027,1621,0,507,0.1434003487229347,True,0.1,False,18,1e-05,True,14.072985649108888,full_train_epoch_chunks,full train set chunked per epoch | validation=dataset_val_split | c_selection=f_mmd c_source=test c_metric=standardized_l2 | f_mmd_reserved_context=5% source=test | wise_ft_skipped rows=2534>=2000,30,1,epoch_chunk,accuracy,0.9408866995073892,0.9507389162561576,0.9408866995073892,0.9507389162561576,10,True,False,,f_mmd,test,standardized_l2,3.6400773089726615,1.0682891976650857,,True
page-blocks,/home/crc00006699/zh/tabiclv2/data184/page-blocks,multiclass,4378,876,1095,10,5,0.978082191780822,0.9778181155463576,0.8997337700951306,0.9932161108828388,0.0858337663956704,5.418733358383179,1.1839735507965088,ok,,4378,3502,0,1095,0.0429229922592639,True,0.1,False,11,1e-05,True,5.368061065673828,full_train_epoch_chunks,full train set chunked per epoch | validation=dataset_val_split | c_selection=f_mmd c_source=test c_metric=standardized_l2 | f_mmd_reserved_context=5% source=test | wise_ft_skipped rows=5473>=2000,30,1,epoch_chunk,accuracy,0.9771689497716894,0.978310502283105,0.9771689497716894,0.978310502283105,3,True,False,,f_mmd,test,standardized_l2,12.757393955219287,30.6142211199106,,True
pc3,/home/crc00006699/zh/tabiclv2/data184/pc3,binclass,1250,250,313,37,2,0.9009584664536742,0.8670917428274079,0.54331628113879,0.8380782918149466,0.2628451597870915,7.689568758010864,0.541771650314331,ok,,1250,1000,0,313,0.1959084942936897,True,0.1,True,16,1e-05,True,7.613837003707886,full_train_epoch_chunks,full train set chunked per epoch | validation=dataset_val_split | c_selection=f_mmd c_source=test c_metric=standardized_l2 | f_mmd_reserved_context=5% source=test | wise_ft=alpha0.1 rows=1563<2000,30,1,epoch_chunk,accuracy,0.88,0.904,0.88,0.904,8,True,False,,f_mmd,test,standardized_l2,21.94413297514876,53.81827503926653,,True
pendigits,/home/crc00006699/zh/tabiclv2/data184/pendigits,multiclass,8793,1759,2199,16,10,0.9977262391996362,0.9977271448455276,0.997667584180136,0.9997114584957588,0.0127392920808639,15.475929975509644,2.9533636569976807,ok,,8793,7034,0,2199,0.0083822314627468,True,0.1,False,15,1e-05,True,15.347082138061523,full_train_epoch_chunks,full train set chunked per epoch | validation=dataset_val_split | c_selection=f_mmd c_source=test c_metric=standardized_l2 | f_mmd_reserved_context=5% source=test | wise_ft_skipped rows=10992>=2000,30,1,epoch_chunk,accuracy,0.9965889710062537,0.9971574758385446,0.9965889710062537,0.9971574758385446,7,True,False,,f_mmd,test,standardized_l2,2.188686494982612,0.5111119886651186,,True
pol,/home/crc00006699/zh/tabiclv2/data184/pol,binclass,8065,1613,2017,26,2,0.9856222112047596,0.9856218224428884,0.9856249115106896,0.9992753708685324,0.0359944947765155,24.376676321029663,3.05427885055542,ok,,8065,6452,0,2017,0.0258666696026921,True,0.1,False,22,1e-05,True,24.216564655303955,full_train_epoch_chunks,full train set chunked per epoch | validation=dataset_val_split | c_selection=f_mmd c_source=test c_metric=standardized_l2 | f_mmd_reserved_context=5% source=test | wise_ft_skipped rows=10082>=2000,30,1,epoch_chunk,accuracy,0.9764414135151892,0.9838809671419716,0.9764414135151892,0.9838809671419716,14,True,False,,f_mmd,test,standardized_l2,7.999090254317198,3.5220047343063343,,True
rice_cammeo_and_osmancik,/home/crc00006699/zh/tabiclv2/data184/rice_cammeo_and_osmancik,binclass,3048,610,762,7,2,0.9291338582677166,0.9290158147227644,0.9260778409410706,0.976888332301458,0.1929461411540342,2.8648719787597656,0.6495356559753418,ok,,3048,2438,0,762,0.1636910438537597,True,0.1,False,8,1e-05,True,2.833806037902832,full_train_epoch_chunks,full train set chunked per epoch | validation=dataset_val_split | c_selection=f_mmd c_source=test c_metric=standardized_l2 | f_mmd_reserved_context=5% source=test | wise_ft_skipped rows=3810>=2000,30,1,epoch_chunk,accuracy,0.9344262295081968,0.9344262295081968,0.9344262295081968,0.9344262295081968,0,True,False,,f_mmd,test,standardized_l2,3.644353127062179,0.9587593970817964,,True
rl,/home/crc00006699/zh/tabiclv2/data184/rl,binclass,3976,796,994,12,2,0.8651911468812877,0.8651562088724211,0.8651911468812877,0.9387431227202248,0.3173552325790021,9.568458557128906,1.0490350723266602,ok,,3976,3180,0,994,0.375493437051773,True,0.1,False,21,1e-05,True,9.506576538085938,full_train_epoch_chunks,full train set chunked per epoch | validation=dataset_val_split | c_selection=f_mmd c_source=test c_metric=standardized_l2 | f_mmd_reserved_context=5% source=test | wise_ft_skipped rows=4970>=2000,30,1,epoch_chunk,accuracy,0.8341708542713567,0.8655778894472361,0.8341708542713567,0.8655778894472361,13,True,False,,f_mmd,test,standardized_l2,4.331501638673812,1.3525293926667905,,True
segment,/home/crc00006699/zh/tabiclv2/data184/segment,multiclass,1848,370,462,17,7,0.9393939393939394,0.939439075036291,0.9393939393939394,0.9966931216931216,0.1617101480452765,3.12019157409668,0.5347518920898438,ok,,1848,1478,0,462,0.1547661870718002,True,0.1,False,8,1e-05,True,3.072233200073242,full_train_epoch_chunks,full train set chunked per epoch | validation=dataset_val_split | c_selection=f_mmd c_source=test c_metric=standardized_l2 | f_mmd_reserved_context=5% source=test | wise_ft_skipped rows=2310>=2000,30,1,epoch_chunk,accuracy,0.9405405405405406,0.9405405405405406,0.9405405405405406,0.9405405405405406,0,True,False,,f_mmd,test,standardized_l2,4.673877413366434,6.964756634065663,,True
semeion,/home/crc00006699/zh/tabiclv2/data184/semeion,multiclass,1274,255,319,256,10,0.9498432601880876,0.9502041503611875,0.9498991935483873,0.9982447657137864,0.1572867105529504,22.338755130767822,2.4263036251068115,ok,,1274,1019,0,319,0.1137295998632907,True,0.1,True,12,1e-05,True,21.879669666290283,full_train_epoch_chunks,full train set chunked per epoch | validation=dataset_val_split | c_selection=f_mmd c_source=test c_metric=standardized_l2 | f_mmd_reserved_context=5% source=test | wise_ft=alpha0.1 rows=1593<2000,30,1,epoch_chunk,accuracy,0.9058823529411764,0.9098039215686274,0.9058823529411764,0.9098039215686274,4,True,False,,f_mmd,test,standardized_l2,1.256712607426252,0.0692987756638129,,True
shrutime,/home/crc00006699/zh/tabiclv2/data184/shrutime,binclass,8000,1600,2000,10,2,0.869,0.8575208666284997,0.7230372720063442,0.8785677969353559,0.313545336362973,13.725385904312134,2.3798534870147705,ok,,8000,6400,0,2000,0.3288778215646744,True,0.1,False,17,1e-05,True,13.627756595611572,full_train_epoch_chunks,full train set chunked per epoch | validation=dataset_val_split | c_selection=f_mmd c_source=test c_metric=standardized_l2 | f_mmd_reserved_context=5% source=test | wise_ft_skipped rows=10000>=2000,30,1,epoch_chunk,accuracy,0.863125,0.87375,0.863125,0.87375,9,True,False,,f_mmd,test,standardized_l2,1.979149733578361,0.3821365240737275,,True
spambase,/home/crc00006699/zh/tabiclv2/data184/spambase,binclass,3680,736,921,57,2,0.9587404994571118,0.958760137341591,0.9572854646168428,0.991459067705402,0.1150992734921248,21.37436151504517,1.843409299850464,ok,,3680,2944,0,921,0.1179323457181453,True,0.1,False,22,1e-05,True,21.20235800743103,full_train_epoch_chunks,full train set chunked per epoch | validation=dataset_val_split | c_selection=f_mmd c_source=test c_metric=standardized_l2 | f_mmd_reserved_context=5% source=test | wise_ft_skipped rows=4601>=2000,30,1,epoch_chunk,accuracy,0.9565217391304348,0.9619565217391304,0.9565217391304348,0.9619565217391304,14,True,False,,f_mmd,test,standardized_l2,14.63118439091334,18.71321975494622,,True
sports_articles_for_objectivity_analysis,/home/crc00006699/zh/tabiclv2/data184/sports_articles_for_objectivity_analysis,binclass,800,160,200,59,2,0.85,0.8473262032085561,0.8236436198899795,0.8929996764103117,0.396952348783699,4.611955404281616,0.8371274471282959,ok,,800,640,0,200,0.35962675511837,True,0.1,True,8,1e-05,True,4.507495403289795,full_train_epoch_chunks,full train set chunked per epoch | validation=dataset_val_split | c_selection=f_mmd c_source=test c_metric=standardized_l2 | f_mmd_reserved_context=5% source=test | wise_ft=alpha0.1 rows=1000<2000,30,1,epoch_chunk,accuracy,0.825,0.825,0.825,0.825,0,True,False,,f_mmd,test,standardized_l2,339513540762.88995,1890331392914.6987,,True
steel_plates_faults,/home/crc00006699/zh/tabiclv2/data184/steel_plates_faults,multiclass,1552,311,389,27,7,0.8431876606683805,0.8428879454207254,0.8776160567827235,0.9785468715926386,0.3984030859685497,8.586082458496094,0.554673433303833,ok,,1552,1241,0,389,0.4347750693559646,True,0.1,True,22,1e-05,True,8.51883316040039,full_train_epoch_chunks,full train set chunked per epoch | validation=dataset_val_split | c_selection=f_mmd c_source=test c_metric=standardized_l2 | f_mmd_reserved_context=5% source=test | wise_ft=alpha0.1 rows=1941<2000,30,1,epoch_chunk,accuracy,0.7781350482315113,0.8038585209003215,0.7781350482315113,0.8038585209003215,14,True,False,,f_mmd,test,standardized_l2,2.849300401863275,1.7893977597474855,,True
sylvine,/home/crc00006699/zh/tabiclv2/data184/sylvine,binclass,4099,820,1025,20,2,0.9678048780487803,0.9677965409090032,0.9678210282651072,0.9965658503898636,0.0806085518725637,8.037231206893921,1.2693872451782229,ok,,4099,3279,0,1025,0.0675216615200042,True,0.1,False,13,1e-05,True,7.948677539825439,full_train_epoch_chunks,full train set chunked per epoch | validation=dataset_val_split | c_selection=f_mmd c_source=test c_metric=standardized_l2 | f_mmd_reserved_context=5% source=test | wise_ft_skipped rows=5124>=2000,30,1,epoch_chunk,accuracy,0.9695121951219512,0.974390243902439,0.9695121951219512,0.974390243902439,5,True,False,,f_mmd,test,standardized_l2,2.4997594629152973,0.4835628761936727,,True
telco-customer-churn,/home/crc00006699/zh/tabiclv2/data184/telco-customer-churn,binclass,5634,1127,1409,18,2,0.8041163946061036,0.7957894771620132,0.7138352837841329,0.8494794492236947,0.4116948423496452,6.545317649841309,1.795684814453125,ok,,5634,4507,0,1409,0.4176892787218094,True,0.1,False,8,1e-05,True,6.4182305335998535,full_train_epoch_chunks,full train set chunked per epoch | validation=dataset_val_split | c_selection=f_mmd c_source=test c_metric=standardized_l2 | f_mmd_reserved_context=5% source=test | wise_ft_skipped rows=7043>=2000,30,1,epoch_chunk,accuracy,0.8163265306122449,0.8163265306122449,0.8163265306122449,0.8163265306122449,0,True,False,,f_mmd,test,standardized_l2,1.7132918057712652,0.096393168135779,,True
thyroid-ann,/home/crc00006699/zh/tabiclv2/data184/thyroid-ann,multiclass,3017,604,755,21,3,0.990728476821192,0.9907046801100056,0.9371638264716232,0.999513054995978,0.0194769753313676,4.13777756690979,0.936687707901001,ok,,3017,2413,0,755,0.0208115139976143,True,0.1,False,8,1e-05,True,4.072203397750855,full_train_epoch_chunks,full train set chunked per epoch | validation=dataset_val_split | c_selection=f_mmd c_source=test c_metric=standardized_l2 | f_mmd_reserved_context=5% source=test | wise_ft_skipped rows=3772>=2000,30,1,epoch_chunk,accuracy,0.9933774834437086,0.9933774834437086,0.9933774834437086,0.9933774834437086,0,True,False,,f_mmd,test,standardized_l2,950019840460.8036,10406945933882.355,,True
turiye_student_evaluation,/home/crc00006699/zh/tabiclv2/data184/turiye_student_evaluation,multiclass,4656,932,1164,32,5,0.5240549828178694,0.4914926027006177,0.4116307601284127,0.7538545901979183,1.2023789420877482,7.162155628204346,1.7447082996368408,ok,,4656,3724,0,1164,1.210603892803192,True,0.1,False,8,1e-05,True,7.025638580322266,full_train_epoch_chunks,full train set chunked per epoch | validation=dataset_val_split | c_selection=f_mmd c_source=test c_metric=standardized_l2 | f_mmd_reserved_context=5% source=test | wise_ft_skipped rows=5820>=2000,30,1,epoch_chunk,accuracy,0.5171673819742489,0.5171673819742489,0.5171673819742489,0.5171673819742489,0,True,False,,f_mmd,test,standardized_l2,2.548276027395312,0.105000513211854,,True
vehicle,/home/crc00006699/zh/tabiclv2/data184/vehicle,multiclass,676,136,170,18,4,0.8764705882352941,0.875526506899056,0.877435064935065,0.971445763437951,0.2626604294492446,5.1906068325042725,0.3900415897369385,ok,,676,540,0,170,0.2870847433805465,True,0.1,True,19,1e-05,True,5.15180516242981,full_train_epoch_chunks,full train set chunked per epoch | validation=dataset_val_split | c_selection=f_mmd c_source=test c_metric=standardized_l2 | f_mmd_reserved_context=5% source=test | wise_ft=alpha0.1 rows=846<2000,30,1,epoch_chunk,accuracy,0.8823529411764706,0.9117647058823528,0.8823529411764706,0.9117647058823528,11,True,False,,f_mmd,test,standardized_l2,8.128469240664241,10.098560536286527,,True
water_quality,/home/crc00006699/zh/tabiclv2/data184/water_quality,binclass,6396,1280,1600,20,2,0.908125,0.8962524151707245,0.675177079619957,0.9083235171034888,0.2162720087040239,6.230709791183472,2.005561590194702,ok,,6396,5116,0,1600,0.2471948638558387,True,0.1,False,8,1e-05,True,6.146292448043823,full_train_epoch_chunks,full train set chunked per epoch | validation=dataset_val_split | c_selection=f_mmd c_source=test c_metric=standardized_l2 | f_mmd_reserved_context=5% source=test | wise_ft_skipped rows=7996>=2000,30,1,epoch_chunk,accuracy,0.896875,0.896875,0.896875,0.896875,0,True,False,,f_mmd,test,standardized_l2,2.184871844324284,0.6855332423111686,,True
waveform_database_generator_version_1,/home/crc00006699/zh/tabiclv2/data184/waveform_database_generator_version_1,multiclass,4000,800,1000,21,3,0.865,0.8645475795466098,0.8648331299393087,0.9716659639729872,0.2977726435147297,5.011582851409912,1.2799203395843506,ok,,4000,3200,0,1000,0.2729770839214325,True,0.1,False,8,1e-05,True,4.929567337036133,full_train_epoch_chunks,full train set chunked per epoch | validation=dataset_val_split | c_selection=f_mmd c_source=test c_metric=standardized_l2 | f_mmd_reserved_context=5% source=test | wise_ft_skipped rows=5000>=2000,30,1,epoch_chunk,accuracy,0.855,0.855,0.855,0.855,0,True,False,,f_mmd,test,standardized_l2,1.882549090208192,0.1979372705495583,,True
wine,/home/crc00006699/zh/tabiclv2/data184/wine,binclass,2043,409,511,4,2,0.7710371819960861,0.7699890957020671,0.771170343137255,0.8751914828431372,0.4504278705476031,2.2139201164245605,0.2259483337402343,ok,,2043,1634,0,511,0.4653933048248291,True,0.1,False,8,1e-05,True,2.192883014678955,full_train_epoch_chunks,full train set chunked per epoch | validation=dataset_val_split | c_selection=f_mmd c_source=test c_metric=standardized_l2 | f_mmd_reserved_context=5% source=test | wise_ft_skipped rows=2554>=2000,30,1,epoch_chunk,accuracy,0.8215158924205379,0.8215158924205379,0.8215158924205379,0.8215158924205379,0,True,False,,f_mmd,test,standardized_l2,2.8824947638964247,0.9327613221191888,,True
wine-quality-white,/home/crc00006699/zh/tabiclv2/data184/wine-quality-white,multiclass,3918,784,980,11,7,0.6785714285714286,0.6702315141054223,0.4024545103889728,0.9092419998440654,0.7585551232891161,3.740700244903565,1.0216810703277588,ok,,3918,3134,0,980,0.7570761442184448,True,0.1,False,8,1e-05,True,3.687150239944458,full_train_epoch_chunks,full train set chunked per epoch | validation=dataset_val_split | c_selection=f_mmd c_source=test c_metric=standardized_l2 | f_mmd_reserved_context=5% source=test | wise_ft_skipped rows=4898>=2000,30,1,epoch_chunk,accuracy,0.6772959183673469,0.6772959183673469,0.6772959183673469,0.6772959183673469,0,True,False,,f_mmd,test,standardized_l2,3.673236654260074,3.4111570066885224,,True
BLE_RSSI_dataset_for_Indoor_localization,/home/crc00006699/zh/tabiclv2/data184/BLE_RSSI_dataset_for_Indoor_localization,multiclass,7987,1598,1997,3,3,0.7656484727090636,0.765262307827542,0.7651736822950301,0.9171295499624824,0.5428951769865612,20.973674535751343,1.235222339630127,ok,,7987,6389,0,1997,0.5551626682281494,True,0.1,False,30,1e-05,True,20.94216561317444,full_train_epoch_chunks,full train set chunked per epoch | validation=dataset_val_split | c_selection=f_mmd c_source=test c_metric=standardized_l2 | f_mmd_reserved_context=5% source=test | wise_ft_skipped rows=9984>=2000,30,1,epoch_chunk,accuracy,0.7596996245306633,0.781602002503129,0.7596996245306633,0.781602002503129,26,False,False,,f_mmd,test,standardized_l2,2.7880152284378377,0.5126020498832063,,True
BNG(cmc),/home/crc00006699/zh/tabiclv2/data184/BNG(cmc),multiclass,44236,8848,11060,9,3,0.587884267631103,0.5865376370241916,0.5689532597124927,0.7645296800965607,0.876577329302803,46.39353609085083,34.09936499595642,ok,,44236,35388,0,11060,0.8983018398284912,True,0.1,False,40,1e-05,True,45.98297929763794,full_train_epoch_chunks,full train set chunked per epoch | validation=dataset_val_split | c_selection=f_mmd c_source=test c_metric=standardized_l2 | f_mmd_reserved_context=5% source=test | wise_ft_skipped rows=55296>=2000,30,4,epoch_chunk,accuracy,0.5761754068716094,0.5786618444846293,0.5761754068716094,0.5786618444846293,2,True,False,,f_mmd,test,standardized_l2,2.79432119309584,0.4145964578631019,,True
Bank_Customer_Churn_Dataset,/home/crc00006699/zh/tabiclv2/data184/Bank_Customer_Churn_Dataset,binclass,8000,1600,2000,10,2,0.875,0.8644599215888279,0.7422646066713863,0.8766239274713851,0.3190686896376116,14.449438095092772,2.3617684841156006,ok,,8000,6400,0,2000,0.3315054178237915,True,0.1,False,18,1e-05,True,14.362191200256348,full_train_epoch_chunks,full train set chunked per epoch | validation=dataset_val_split | c_selection=f_mmd c_source=test c_metric=standardized_l2 | f_mmd_reserved_context=5% source=test | wise_ft_skipped rows=10000>=2000,30,1,epoch_chunk,accuracy,0.86625,0.87,0.86625,0.87,10,True,False,,f_mmd,test,standardized_l2,1.971439636592256,0.3832377446610435,,True
California-Housing-Classification,/home/crc00006699/zh/tabiclv2/data184/California-Housing-Classification,binclass,16512,3303,4128,8,2,0.9176356589147286,0.9176356202468592,0.917635404844258,0.9779739653693168,0.1904025451365781,36.913331747055054,6.600960969924927,ok,,16512,13209,0,4128,0.2062570378184318,True,0.1,False,48,1e-05,True,36.77298903465271,full_train_epoch_chunks,full train set chunked per epoch | validation=dataset_val_split | c_selection=f_mmd c_source=test c_metric=standardized_l2 | f_mmd_reserved_context=5% source=test | wise_ft_skipped rows=20640>=2000,30,2,epoch_chunk,accuracy,0.9028156221616712,0.9140175597941266,0.9028156221616712,0.9140175597941266,16,True,False,,f_mmd,test,standardized_l2,7.588304091144051,12.422353217839715,,True
Click_prediction_small,/home/crc00006699/zh/tabiclv2/data184/Click_prediction_small,binclass,31958,6392,7990,3,2,0.832665832290363,0.7579935262816802,0.5036394543826425,0.6242750053003391,0.4381776776210614,40.20550131797791,6.875778913497925,ok,,31958,25566,0,7990,0.4498630464076996,True,0.1,False,48,1e-05,True,40.11841177940369,full_train_epoch_chunks,full train set chunked per epoch | validation=dataset_val_split | c_selection=f_mmd c_source=test c_metric=standardized_l2 | f_mmd_reserved_context=5% source=test | wise_ft_skipped rows=39948>=2000,30,3,epoch_chunk,accuracy,0.8322903629536921,0.8326032540675845,0.8322903629536921,0.8326032540675845,8,True,False,,f_mmd,test,standardized_l2,186.67616031451524,5491.7885200562905,,True
Contaminant-detection-in-packaged-cocoa-hazelnut-spread-jars-using-Microwaves-Sensing-and-Machine-Learning-10.5GHz(Urbinati),/home/crc00006699/zh/tabiclv2/data184/Contaminant-detection-in-packaged-cocoa-hazelnut-spread-jars-using-Microwaves-Sensing-and-Machine-Learning-10.5GHz(Urbinati),binclass,1920,384,480,30,2,0.9666666666666668,0.9666753509914604,0.9670467185761956,0.993186874304783,0.095844328104349,4.004878520965576,0.7109076976776123,ok,,1920,1536,0,480,0.1015801131725311,True,0.1,False,8,1e-05,True,3.93637752532959,full_train_epoch_chunks,full train set chunked per epoch | validation=dataset_val_split | c_selection=f_mmd c_source=test c_metric=standardized_l2 | f_mmd_reserved_context=5% source=test | wise_ft_skipped rows=2400>=2000,30,1,epoch_chunk,accuracy,0.9713541666666666,0.9713541666666666,0.9713541666666666,0.9713541666666666,0,True,False,,f_mmd,test,standardized_l2,2.9673940492514594,0.4280873122957878,,True
Contaminant-detection-in-packaged-cocoa-hazelnut-spread-jars-using-Microwaves-Sensing-and-Machine-Learning-9.0GHz(Urbinati),/home/crc00006699/zh/tabiclv2/data184/Contaminant-detection-in-packaged-cocoa-hazelnut-spread-jars-using-Microwaves-Sensing-and-Machine-Learning-9.0GHz(Urbinati),binclass,1920,384,480,30,2,0.9541666666666668,0.95417860429581,0.9548109010011124,0.9917269187986651,0.1306753288872965,9.355838775634766,0.6883771419525146,ok,,1920,1536,0,480,0.110358640551567,True,0.1,False,21,1e-05,True,9.284705638885498,full_train_epoch_chunks,full train set chunked per epoch | validation=dataset_val_split | c_selection=f_mmd c_source=test c_metric=standardized_l2 | f_mmd_reserved_context=5% source=test | wise_ft_skipped rows=2400>=2000,30,1,epoch_chunk,accuracy,0.9453125,0.9635416666666666,0.9453125,0.9635416666666666,13,True,False,,f_mmd,test,standardized_l2,2.67166784882447,0.3750358422935114,,True
Credit_c,/home/crc00006699/zh/tabiclv2/data184/Credit_c,multiclass,80000,16000,20000,22,3,0.803,0.803065658085632,0.8049060372833359,0.922203704565753,0.4633818043247675,334.1615056991577,109.70721316337584,ok,,80000,64000,0,20000,0.5865775048732758,True,0.1,False,189,1e-05,True,332.6516029834748,full_train_epoch_chunks,full train set chunked per epoch | validation=dataset_val_split | c_selection=f_mmd c_source=test c_metric=standardized_l2 | f_mmd_reserved_context=5% source=test | wise_ft_skipped rows=100000>=2000,30,7,epoch_chunk,accuracy,0.788625,0.8156875,0.788625,0.8156875,19,True,False,,f_mmd,test,standardized_l2,2.7378888322606523,11.934273427643104,,True
Diabetic_Retinopathy_Debrecen,/home/crc00006699/zh/tabiclv2/data184/Diabetic_Retinopathy_Debrecen,binclass,920,184,231,19,2,0.7402597402597403,0.7396413110698824,0.7374661246612466,0.8322794339054502,0.5055386461608047,3.1049609184265137,0.5252304077148438,ok,,920,736,0,231,0.47892527282238,True,0.1,True,8,1e-05,True,3.0628855228424072,full_train_epoch_chunks,full train set chunked per epoch | validation=dataset_val_split | c_selection=f_mmd c_source=test c_metric=standardized_l2 | f_mmd_reserved_context=5% source=test | wise_ft=alpha0.1 rows=1151<2000,30,1,epoch_chunk,accuracy,0.7391304347826086,0.7391304347826086,0.7391304347826086,0.7391304347826086,0,True,False,,f_mmd,test,standardized_l2,5.664250304322983,5.561929671744885,,True
Employee,/home/crc00006699/zh/tabiclv2/data184/Employee,binclass,3722,745,931,8,2,0.8528464017185822,0.8463629081240439,0.8052859042553191,0.8739463993453355,0.3619339410085954,3.3556246757507324,0.9012303352355956,ok,,3722,2977,0,931,0.3634952455759048,True,0.1,False,8,1e-05,True,3.308337926864624,full_train_epoch_chunks,full train set chunked per epoch | validation=dataset_val_split | c_selection=f_mmd c_source=test c_metric=standardized_l2 | f_mmd_reserved_context=5% source=test | wise_ft_skipped rows=4653>=2000,30,1,epoch_chunk,accuracy,0.8496644295302014,0.8496644295302014,0.8496644295302014,0.8496644295302014,0,True,False,,f_mmd,test,standardized_l2,2.4707915483393923,0.3079936704936881,,True
FOREX_audcad-day-High,/home/crc00006699/zh/tabiclv2/data184/FOREX_audcad-day-High,binclass,1467,294,367,10,2,0.7520435967302452,0.7516117744672666,0.7515148814828017,0.826798550466346,0.5163930622001729,3.420504331588745,0.3721816539764404,ok,,1467,1173,0,367,0.5279880166053772,True,0.1,True,11,1e-05,True,3.3871700763702397,full_train_epoch_chunks,full train set chunked per epoch | validation=dataset_val_split | c_selection=f_mmd c_source=test c_metric=standardized_l2 | f_mmd_reserved_context=5% source=test | wise_ft=alpha0.1 rows=1834<2000,30,1,epoch_chunk,accuracy,0.717687074829932,0.7278911564625851,0.717687074829932,0.7278911564625851,3,True,False,,f_mmd,test,standardized_l2,6.945461230026011,6.1315912058359245,,True
FOREX_audchf-day-High,/home/crc00006699/zh/tabiclv2/data184/FOREX_audchf-day-High,binclass,1466,294,367,10,2,0.7493188010899182,0.7493076338946711,0.7494950395057328,0.8300659418998396,0.5048844087194924,4.759830951690674,0.3754575252532959,ok,,1466,1172,0,367,0.5214812457561493,True,0.1,True,16,1e-05,True,4.725744485855103,full_train_epoch_chunks,full train set chunked per epoch | validation=dataset_val_split | c_selection=f_mmd c_source=test c_metric=standardized_l2 | f_mmd_reserved_context=5% source=test | wise_ft=alpha0.1 rows=1833<2000,30,1,epoch_chunk,accuracy,0.6666666666666666,0.7074829931972789,0.6666666666666666,0.7074829931972789,8,True,False,,f_mmd,test,standardized_l2,3.727798601022341,0.7163133752509538,,True
FOREX_audjpy-hour-High,/home/crc00006699/zh/tabiclv2/data184/FOREX_audjpy-hour-High,binclass,35060,7012,8765,10,2,0.7126069594980035,0.7123269599171631,0.7138384754943636,0.7898647371876428,0.5628539863246411,78.61795377731323,22.73512077331543,ok,,35060,28048,0,8765,0.5536052882671356,True,0.1,False,69,1e-05,True,78.34957265853882,full_train_epoch_chunks,full train set chunked per epoch | validation=dataset_val_split | c_selection=f_mmd c_source=test c_metric=standardized_l2 | f_mmd_reserved_context=5% source=test | wise_ft_skipped rows=43825>=2000,30,3,epoch_chunk,accuracy,0.6866799771819737,0.7152025099828865,0.6866799771819737,0.7152025099828865,15,True,False,,f_mmd,test,standardized_l2,4.451297781660736,4.825160442342948,,True
FOREX_audusd-hour-High,/home/crc00006699/zh/tabiclv2/data184/FOREX_audusd-hour-High,binclass,35060,7012,8765,10,2,0.7037079292641186,0.703963337522896,0.704190785437416,0.7799182568170089,0.5674931625002803,104.60563826560974,22.74013090133667,ok,,35060,28048,0,8765,0.5512588322162628,True,0.1,False,90,1e-05,True,104.28181505203248,full_train_epoch_chunks,full train set chunked per epoch | validation=dataset_val_split | c_selection=f_mmd c_source=test c_metric=standardized_l2 | f_mmd_reserved_context=5% source=test | wise_ft_skipped rows=43825>=2000,30,3,epoch_chunk,accuracy,0.6724187107815174,0.7144894466628636,0.6724187107815174,0.7144894466628636,29,False,False,,f_mmd,test,standardized_l2,4.06916760883823,3.0725488284327898,,True
FOREX_cadjpy-hour-High,/home/crc00006699/zh/tabiclv2/data184/FOREX_cadjpy-hour-High,binclass,35060,7012,8765,10,2,0.708157444381061,0.7082426344134817,0.7086088416872356,0.7817946467419609,0.5707177497395147,79.41183137893677,22.7240571975708,ok,,35060,28048,0,8765,0.5620360970497131,True,0.1,False,69,1e-05,True,79.12575149536133,full_train_epoch_chunks,full train set chunked per epoch | validation=dataset_val_split | c_selection=f_mmd c_source=test c_metric=standardized_l2 | f_mmd_reserved_context=5% source=test | wise_ft_skipped rows=43825>=2000,30,3,epoch_chunk,accuracy,0.69281232173417,0.7173416999429549,0.69281232173417,0.7173416999429549,15,True,False,,f_mmd,test,standardized_l2,5.075102638327332,5.187238606763932,,True
Fitness_Club_c,/home/crc00006699/zh/tabiclv2/data184/Fitness_Club_c,binclass,1200,240,300,6,2,0.79,0.7859379217273954,0.7345023397654977,0.8205478731794521,0.4551243493911986,2.529463052749634,0.2388844490051269,ok,,1200,960,0,300,0.4859073609113693,True,0.1,True,8,1e-05,True,2.503145217895508,full_train_epoch_chunks,full train set chunked per epoch | validation=dataset_val_split | c_selection=f_mmd c_source=test c_metric=standardized_l2 | f_mmd_reserved_context=5% source=test | wise_ft=alpha0.1 rows=1500<2000,30,1,epoch_chunk,accuracy,0.7625,0.7625,0.7625,0.7625,0,True,False,,f_mmd,test,standardized_l2,2.847059097133309,1.33718557654517,,True
GAMETES_Heterogeneity_20atts_1600_Het_0.4_0.2_50_EDM-2_001,/home/crc00006699/zh/tabiclv2/data184/GAMETES_Heterogeneity_20atts_1600_Het_0.4_0.2_50_EDM-2_001,binclass,1280,256,320,20,2,0.68125,0.6808011265842591,0.68125,0.75220703125,0.5479571344387043,5.142754316329956,0.3917236328125,ok,,1280,1024,0,320,0.4844459444284439,True,0.1,True,14,1e-05,True,5.080344438552856,full_train_epoch_chunks,full train set chunked per epoch | validation=dataset_val_split | c_selection=f_mmd c_source=test c_metric=standardized_l2 | f_mmd_reserved_context=5% source=test | wise_ft=alpha0.1 rows=1600<2000,30,1,epoch_chunk,accuracy,0.67578125,0.68359375,0.67578125,0.68359375,6,True,False,,f_mmd,test,standardized_l2,2.760004018332749,0.7851864701644636,,True
GesturePhaseSegmentationProcessed,/home/crc00006699/zh/tabiclv2/data184/GesturePhaseSegmentationProcessed,multiclass,7898,1580,1975,32,5,0.829873417721519,0.8285647720509561,0.8069393728621618,0.9641858545960122,0.498541636802037,24.518057584762573,3.1793768405914307,ok,,7898,6318,0,1975,0.631050169467926,True,0.1,False,19,1e-05,True,24.300397157669067,full_train_epoch_chunks,full train set chunked per epoch | validation=dataset_val_split | c_selection=f_mmd c_source=test c_metric=standardized_l2 | f_mmd_reserved_context=5% source=test | wise_ft_skipped rows=9873>=2000,30,1,epoch_chunk,accuracy,0.7544303797468355,0.8,0.7544303797468355,0.8,11,True,False,,f_mmd,test,standardized_l2,10.16451320420658,8.802748713724553,,True
Heart-Disease-Dataset-(Comprehensive),/home/crc00006699/zh/tabiclv2/data184/Heart-Disease-Dataset-(Comprehensive),binclass,952,191,238,11,2,0.9495798319327732,0.9494787388639668,0.9473496468573874,0.9825212242277234,0.1583435178062063,3.9809608459472656,0.5129423141479492,ok,,952,761,0,238,0.1828715428709983,True,0.1,True,14,1e-05,True,3.949332475662232,full_train_epoch_chunks,full train set chunked per epoch | validation=dataset_val_split | c_selection=f_mmd c_source=test c_metric=standardized_l2 | f_mmd_reserved_context=5% source=test | wise_ft=alpha0.1 rows=1190<2000,30,1,epoch_chunk,accuracy,0.8952879581151832,0.900523560209424,0.8952879581151832,0.900523560209424,6,True,False,,f_mmd,test,standardized_l2,2.297013720855799,0.7238989973059439,,True
Insurance,/home/crc00006699/zh/tabiclv2/data184/Insurance,binclass,18838,3768,4710,10,2,0.7575371549893843,0.6530303380048618,0.5,0.4997778953609826,0.5555272408162264,15.34131383895874,8.127571105957031,ok,,18838,15070,0,4710,0.5520833432674408,True,0.1,False,16,1e-05,True,15.144860982894896,full_train_epoch_chunks,full train set chunked per epoch | validation=dataset_val_split | c_selection=f_mmd c_source=test c_metric=standardized_l2 | f_mmd_reserved_context=5% source=test | wise_ft_skipped rows=23548>=2000,30,2,epoch_chunk,accuracy,0.7579617834394905,0.7579617834394905,0.7579617834394905,0.7579617834394905,0,True,False,,f_mmd,test,standardized_l2,2.30414368210648,0.3510525874002378,,True
Is-this-a-good-customer,/home/crc00006699/zh/tabiclv2/data184/Is-this-a-good-customer,binclass,1378,276,345,13,2,0.8840579710144928,0.829654403567447,0.5,0.7327868852459015,0.3250564648475676,2.849218368530273,0.3555128574371338,ok,,1378,1102,0,345,0.3113010078668594,True,0.1,True,8,1e-05,True,2.808145523071289,full_train_epoch_chunks,full train set chunked per epoch | validation=dataset_val_split | c_selection=f_mmd c_source=test c_metric=standardized_l2 | f_mmd_reserved_context=5% source=test | wise_ft=alpha0.1 rows=1723<2000,30,1,epoch_chunk,accuracy,0.9094202898550724,0.9094202898550724,0.9094202898550724,0.9094202898550724,0,True,False,,f_mmd,test,standardized_l2,3.313018002018816,3.274431791979562,,True
KDD,/home/crc00006699/zh/tabiclv2/data184/KDD,binclass,4025,805,1007,45,2,0.8083416087388282,0.807744777609073,0.8091174497968201,0.9033573992977472,0.3719366506858391,8.035297870635986,1.759355068206787,ok,,4025,3220,0,1007,0.3870401978492737,True,0.1,False,8,1e-05,True,7.849015474319458,full_train_epoch_chunks,full train set chunked per epoch | validation=dataset_val_split | c_selection=f_mmd c_source=test c_metric=standardized_l2 | f_mmd_reserved_context=5% source=test | wise_ft_skipped rows=5032>=2000,30,1,epoch_chunk,accuracy,0.8149068322981367,0.8149068322981367,0.8149068322981367,0.8149068322981367,0,True,False,,f_mmd,test,standardized_l2,9.623342928874228,31.048839996463798,,True
Long,/home/crc00006699/zh/tabiclv2/data184/Long,binclass,3581,717,896,19,2,0.9910714285714286,0.9910819710099328,0.9902004071920916,0.9995584664066524,0.0255335120825868,7.716010570526123,1.0723116397857666,ok,,3581,2864,0,896,0.0105594065971672,True,0.1,False,15,1e-05,True,7.647014379501343,full_train_epoch_chunks,full train set chunked per epoch | validation=dataset_val_split | c_selection=f_mmd c_source=test c_metric=standardized_l2 | f_mmd_reserved_context=5% source=test | wise_ft_skipped rows=4477>=2000,30,1,epoch_chunk,accuracy,0.98884239888424,0.99163179916318,0.98884239888424,0.99163179916318,7,True,False,,f_mmd,test,standardized_l2,13.848161857679845,55.505823266212055,,True
MagicTelescope,/home/crc00006699/zh/tabiclv2/data184/MagicTelescope,binclass,15216,3044,3804,9,2,0.8906414300736067,0.8890083520734047,0.8672783942333221,0.9447344876872552,0.2712761001580867,33.83243131637573,5.847844839096069,ok,,15216,12172,0,3804,0.3116849064826965,True,0.1,False,46,1e-05,True,33.7075252532959,full_train_epoch_chunks,full train set chunked per epoch | validation=dataset_val_split | c_selection=f_mmd c_source=test c_metric=standardized_l2 | f_mmd_reserved_context=5% source=test | wise_ft_skipped rows=19020>=2000,30,2,epoch_chunk,accuracy,0.8735216819973719,0.8797634691195795,0.8735216819973719,0.8797634691195795,15,True,False,,f_mmd,test,standardized_l2,5.481799553873683,2.400133954491196,,True
Mobile_Price_Classification,/home/crc00006699/zh/tabiclv2/data184/Mobile_Price_Classification,multiclass,1600,320,400,20,4,0.9625,0.9624919743429092,0.9625,0.9988083333333332,0.0809007508907229,5.89812445640564,0.5235507488250732,ok,,1600,1280,0,400,0.0656274780631065,True,0.1,False,15,1e-05,True,5.845665454864502,full_train_epoch_chunks,full train set chunked per epoch | validation=dataset_val_split | c_selection=f_mmd c_source=test c_metric=standardized_l2 | f_mmd_reserved_context=5% source=test | wise_ft_skipped rows=2000>=2000,30,1,epoch_chunk,accuracy,0.9,0.953125,0.9,0.953125,7,True,False,,f_mmd,test,standardized_l2,1.5343548494813246,0.1224897196632268,,True
Performance-Prediction,/home/crc00006699/zh/tabiclv2/data184/Performance-Prediction,binclass,1072,215,268,19,2,0.7574626865671642,0.7526756918052194,0.7240153009383778,0.8058095750403441,0.5254593947992862,2.9974656105041504,0.3258917331695556,ok,,1072,857,0,268,0.5280319154262543,True,0.1,True,8,1e-05,True,2.95410704612732,full_train_epoch_chunks,full train set chunked per epoch | validation=dataset_val_split | c_selection=f_mmd c_source=test c_metric=standardized_l2 | f_mmd_reserved_context=5% source=test | wise_ft=alpha0.1 rows=1340<2000,30,1,epoch_chunk,accuracy,0.6837209302325581,0.6837209302325581,0.6837209302325581,0.6837209302325581,0,True,False,,f_mmd,test,standardized_l2,4.5790564134794,1.9611933854420576,,True
PieChart3,/home/crc00006699/zh/tabiclv2/data184/PieChart3,binclass,861,173,216,37,2,0.8703703703703703,0.8223880597014925,0.5132275132275133,0.8596903782088967,0.2741854482816001,3.71764874458313,0.6748051643371582,ok,,861,688,0,216,0.2983772307634353,True,0.1,True,8,1e-05,True,3.6524460315704346,full_train_epoch_chunks,full train set chunked per epoch | validation=dataset_val_split | c_selection=f_mmd c_source=test c_metric=standardized_l2 | f_mmd_reserved_context=5% source=test | wise_ft=alpha0.1 rows=1077<2000,30,1,epoch_chunk,accuracy,0.8786127167630058,0.8786127167630058,0.8786127167630058,0.8786127167630058,0,True,False,,f_mmd,test,standardized_l2,22.461270819800944,43.99854294287042,,True
PizzaCutter3,/home/crc00006699/zh/tabiclv2/data184/PizzaCutter3,binclass,834,167,209,37,2,0.8803827751196173,0.8243787817913973,0.5,0.8873913043478261,0.2541492369694895,5.466248035430908,0.6949787139892578,ok,,834,667,0,209,0.2511056512594223,True,0.1,True,13,1e-05,True,5.400350093841553,full_train_epoch_chunks,full train set chunked per epoch | validation=dataset_val_split | c_selection=f_mmd c_source=test c_metric=standardized_l2 | f_mmd_reserved_context=5% source=test | wise_ft=alpha0.1 rows=1043<2000,30,1,epoch_chunk,accuracy,0.8802395209580839,0.8862275449101796,0.8802395209580839,0.8862275449101796,5,True,False,,f_mmd,test,standardized_l2,88.72763149086336,425.0092942499962,,True
QSAR_biodegradation,/home/crc00006699/zh/tabiclv2/data184/QSAR_biodegradation,binclass,843,169,211,41,2,0.8909952606635071,0.8890044360150116,0.8623239436619718,0.9514084507042252,0.2738004420151145,4.54146671295166,0.7162978649139404,ok,,843,674,0,211,0.3133163452148437,True,0.1,True,8,1e-05,True,4.429849624633789,full_train_epoch_chunks,full train set chunked per epoch | validation=dataset_val_split | c_selection=f_mmd c_source=test c_metric=standardized_l2 | f_mmd_reserved_context=5% source=test | wise_ft=alpha0.1 rows=1054<2000,30,1,epoch_chunk,accuracy,0.8698224852071006,0.8698224852071006,0.8698224852071006,0.8698224852071006,0,True,False,,f_mmd,test,standardized_l2,10.759187905894857,27.080394262185187,,True
SDSS17,/home/crc00006699/zh/tabiclv2/data184/SDSS17,multiclass,80000,16000,20000,12,3,0.9769,0.9767793087661004,0.9719218905874872,0.996651716063298,0.0747765392634967,130.85884499549866,104.14286994934082,ok,,80000,64000,0,20000,0.0655635744333267,True,0.1,False,91,1e-05,True,130.09747624397278,full_train_epoch_chunks,full train set chunked per epoch | validation=dataset_val_split | c_selection=f_mmd c_source=test c_metric=standardized_l2 | f_mmd_reserved_context=5% source=test | wise_ft_skipped rows=100000>=2000,30,7,epoch_chunk,accuracy,0.9736875,0.9751875,0.9736875,0.9751875,5,True,False,,f_mmd,test,standardized_l2,1.8090733536893504,0.942855187594321,,True
Telecom_Churn_Dataset,/home/crc00006699/zh/tabiclv2/data184/Telecom_Churn_Dataset,binclass,2666,534,667,17,2,0.952023988005997,0.9511594096174346,0.8863809007053717,0.922608066558148,0.1510532672227569,10.49486207962036,0.7818722724914551,ok,,2666,2132,0,667,0.1489124372601509,True,0.1,False,25,1e-05,True,10.43700075149536,full_train_epoch_chunks,full train set chunked per epoch | validation=dataset_val_split | c_selection=f_mmd c_source=test c_metric=standardized_l2 | f_mmd_reserved_context=5% source=test | wise_ft_skipped rows=3333>=2000,30,1,epoch_chunk,accuracy,0.9307116104868914,0.951310861423221,0.9307116104868914,0.951310861423221,17,True,False,,f_mmd,test,standardized_l2,2.27933018528504,0.3898723748210558,,True
Water_Quality_and_Potability,/home/crc00006699/zh/tabiclv2/data184/Water_Quality_and_Potability,binclass,2620,524,656,8,2,0.6478658536585366,0.5827093806965429,0.565703125,0.6635742187500001,0.6256771613507497,3.33108901977539,0.6181936264038086,ok,,2620,2096,0,656,0.6271696388721466,True,0.1,False,10,1e-05,True,3.2993292808532715,full_train_epoch_chunks,full train set chunked per epoch | validation=dataset_val_split | c_selection=f_mmd c_source=test c_metric=standardized_l2 | f_mmd_reserved_context=5% source=test | wise_ft_skipped rows=3276>=2000,30,1,epoch_chunk,accuracy,0.6374045801526718,0.6450381679389313,0.6374045801526718,0.6450381679389313,2,True,False,,f_mmd,test,standardized_l2,2.743256022518112,0.5957934012043967,,True
Wilt,/home/crc00006699/zh/tabiclv2/data184/Wilt,binclass,3856,772,965,5,2,0.9927461139896372,0.9926443320683423,0.9508277866711602,0.991048108517988,0.0330982700078636,4.057443857192993,0.5985071659088135,ok,,3856,3084,0,965,0.0382376480847597,True,0.1,False,11,1e-05,True,4.025294303894043,full_train_epoch_chunks,full train set chunked per epoch | validation=dataset_val_split | c_selection=f_mmd c_source=test c_metric=standardized_l2 | f_mmd_reserved_context=5% source=test | wise_ft_skipped rows=4821>=2000,30,1,epoch_chunk,accuracy,0.9883419689119172,0.9896373056994818,0.9883419689119172,0.9896373056994818,3,True,False,,f_mmd,test,standardized_l2,9.790203970837483,23.866550266749208,,True
accelerometer,/home/crc00006699/zh/tabiclv2/data184/accelerometer,multiclass,122403,24481,30601,4,4,0.7428515407993203,0.7406982687906548,0.8071323529411765,0.9286223618411632,0.5363860543501349,251.26997590065,228.95837497711184,ok,,122403,97922,0,30601,0.6037954390048981,True,0.1,False,160,1e-05,True,250.86649680137637,full_train_epoch_chunks,full train set chunked per epoch | validation=dataset_val_split | c_selection=f_mmd c_source=test c_metric=standardized_l2 | f_mmd_reserved_context=5% source=test | wise_ft_skipped rows=153004>=2000,30,10,epoch_chunk,accuracy,0.7363669784731016,0.7429026592050978,0.7363669784731016,0.7429026592050978,8,True,False,,f_mmd,test,standardized_l2,10.267611682774604,6.231884767974679,,True
ada_agnostic,/home/crc00006699/zh/tabiclv2/data184/ada_agnostic,binclass,3649,730,913,48,2,0.836801752464403,0.8332169111606246,0.7617067594816403,0.8915439051643312,0.3477908414643118,10.186487674713137,1.656907558441162,ok,,3649,2919,0,913,0.3564152866601944,True,0.1,False,12,1e-05,True,10.043617010116575,full_train_epoch_chunks,full train set chunked per epoch | validation=dataset_val_split | c_selection=f_mmd c_source=test c_metric=standardized_l2 | f_mmd_reserved_context=5% source=test | wise_ft_skipped rows=4562>=2000,30,1,epoch_chunk,accuracy,0.8397260273972603,0.8410958904109589,0.8397260273972603,0.8410958904109589,4,True,False,,f_mmd,test,standardized_l2,416666715572.8049,5017331663346.411,,True
adult,/home/crc00006699/zh/tabiclv2/data184/adult,binclass,32561,6513,16281,14,2,0.8584239297340458,0.8544325200064339,0.7787300201296351,0.913672678792958,0.3039761674671875,44.27364206314087,24.75982117652893,ok,,32561,26048,0,16281,0.3462408930063247,True,0.1,False,36,1e-05,True,43.87155508995056,full_train_epoch_chunks,full train set chunked per epoch | validation=dataset_val_split | c_selection=f_mmd c_source=test c_metric=standardized_l2 | f_mmd_reserved_context=5% source=test | wise_ft_skipped rows=48842>=2000,30,3,epoch_chunk,accuracy,0.8555197297712268,0.8581298940580377,0.8555197297712268,0.8581298940580377,4,True,False,,f_mmd,test,standardized_l2,4.078601887331979,3.090963586866193,,True
allbp,/home/crc00006699/zh/tabiclv2/data184/allbp,multiclass,3017,604,755,29,3,0.976158940397351,0.9715551815256688,0.5106494305940289,0.9850160461565146,0.0671283348467072,5.17524790763855,1.021820306777954,ok,,3017,2413,0,755,0.0603883266448974,True,0.1,False,8,1e-05,True,5.070637226104736,full_train_epoch_chunks,full train set chunked per epoch | validation=dataset_val_split | c_selection=f_mmd c_source=test c_metric=standardized_l2 | f_mmd_reserved_context=5% source=test | wise_ft_skipped rows=3772>=2000,30,1,epoch_chunk,accuracy,0.9801324503311258,0.9801324503311258,0.9801324503311258,0.9801324503311258,0,True,False,,f_mmd,test,standardized_l2,687945401712.3317,7536064296949.487,,True
analcatdata_authorship,/home/crc00006699/zh/tabiclv2/data184/analcatdata_authorship,multiclass,672,135,169,69,4,0.9881656804733728,0.9881656804733728,0.9918564618644068,0.9999242768178148,0.0204573375441686,5.85896110534668,0.4648637771606445,ok,,672,537,0,169,0.0004088388523086,True,0.1,True,11,1e-05,True,5.753100872039795,full_train_epoch_chunks,full train set chunked per epoch | validation=dataset_val_split | c_selection=f_mmd c_source=test c_metric=standardized_l2 | f_mmd_reserved_context=5% source=test | wise_ft=alpha0.1 rows=841<2000,30,1,epoch_chunk,accuracy,0.9925925925925926,1.0,0.9925925925925926,1.0,3,True,False,,f_mmd,test,standardized_l2,2.073671286872028,0.4557773109299667,,True
autoUniv-au4-2500,/home/crc00006699/zh/tabiclv2/data184/autoUniv-au4-2500,multiclass,2000,400,500,100,3,0.536,0.5021615936312778,0.3852256323354044,0.6119355696001315,0.9037340242111892,30.741360425949097,1.4854378700256348,ok,,2000,1600,0,500,0.8603614568710327,True,0.1,False,30,1e-05,True,30.490748167037964,full_train_epoch_chunks,full train set chunked per epoch | validation=dataset_val_split | c_selection=f_mmd c_source=test c_metric=standardized_l2 | f_mmd_reserved_context=5% source=test | wise_ft_skipped rows=2500>=2000,30,1,epoch_chunk,accuracy,0.4675,0.5075,0.4675,0.5075,22,True,False,,f_mmd,test,standardized_l2,1.18861353388419,0.0346595516588421,,True
bank,/home/crc00006699/zh/tabiclv2/data184/bank,binclass,36168,7234,9043,16,2,0.9092115448413136,0.9058366747649894,0.7464747228084795,0.9427876938446734,0.1862537126586215,95.73117113113403,25.14396619796753,ok,,36168,28934,0,9043,0.1780009493231773,True,0.1,False,69,1e-05,True,95.23888397216795,full_train_epoch_chunks,full train set chunked per epoch | validation=dataset_val_split | c_selection=f_mmd c_source=test c_metric=standardized_l2 | f_mmd_reserved_context=5% source=test | wise_ft_skipped rows=45211>=2000,30,3,epoch_chunk,accuracy,0.913602432955488,0.9196848216754216,0.913602432955488,0.9196848216754216,15,True,False,,f_mmd,test,standardized_l2,5.251497438960644,31.87736971365558,,True
baseball,/home/crc00006699/zh/tabiclv2/data184/baseball,multiclass,1072,215,268,16,3,0.9477611940298508,0.9377872893290616,0.6406926406926406,0.9737534668588632,0.1302245697363207,3.561527967453003,0.312319278717041,ok,,1072,857,0,268,0.0904611572623252,True,0.1,True,10,1e-05,True,3.5193514823913574,full_train_epoch_chunks,full train set chunked per epoch | validation=dataset_val_split | c_selection=f_mmd c_source=test c_metric=standardized_l2 | f_mmd_reserved_context=5% source=test | wise_ft=alpha0.1 rows=1340<2000,30,1,epoch_chunk,accuracy,0.958139534883721,0.9627906976744186,0.958139534883721,0.9627906976744186,2,True,False,,f_mmd,test,standardized_l2,6.137480174137876,2.80293985861815,,True
churn,/home/crc00006699/zh/tabiclv2/data184/churn,binclass,4000,800,1000,20,2,0.955,0.9536206387044662,0.8789578843946861,0.9263038829580826,0.1477974696298742,8.174691200256348,1.223874568939209,ok,,4000,3200,0,1000,0.1053115017712116,True,0.1,False,14,1e-05,True,8.088313102722168,full_train_epoch_chunks,full train set chunked per epoch | validation=dataset_val_split | c_selection=f_mmd c_source=test c_metric=standardized_l2 | f_mmd_reserved_context=5% source=test | wise_ft_skipped rows=5000>=2000,30,1,epoch_chunk,accuracy,0.9575,0.9675,0.9575,0.9675,6,True,False,,f_mmd,test,standardized_l2,2.0868351368055778,0.3287816775703712,,True
company_bankruptcy_prediction,/home/crc00006699/zh/tabiclv2/data184/company_bankruptcy_prediction,binclass,5455,1091,1364,95,2,0.9706744868035192,0.9639857490609536,0.6113636363636363,0.9659435261707988,0.0712717929173303,16.59890866279602,3.8708279132843018,ok,,5455,4364,0,1364,0.0624362472444772,True,0.1,False,8,1e-05,True,16.16991639137268,full_train_epoch_chunks,full train set chunked per epoch | validation=dataset_val_split | c_selection=f_mmd c_source=test c_metric=standardized_l2 | f_mmd_reserved_context=5% source=test | wise_ft_skipped rows=6819>=2000,30,1,epoch_chunk,accuracy,0.9688359303391384,0.9688359303391384,0.9688359303391384,0.9688359303391384,0,True,False,,f_mmd,test,standardized_l2,1049182312704.701,5988977632699.357,,True
connect-4,/home/crc00006699/zh/tabiclv2/data184/connect-4,multiclass,54045,10809,13512,42,3,0.8456927175843695,0.8226844706219466,0.6430505815475066,0.9307119238072836,0.3904589877998833,321.2171993255615,152.19535899162292,ok,,54045,43236,0,13512,0.4992506504058838,True,0.1,False,150,1e-05,True,319.128306388855,full_train_epoch_chunks,full train set chunked per epoch | validation=dataset_val_split | c_selection=f_mmd c_source=test c_metric=standardized_l2 | f_mmd_reserved_context=5% source=test | wise_ft_skipped rows=67557>=2000,30,5,epoch_chunk,accuracy,0.8332870755851605,0.8554907947081136,0.8332870755851605,0.8554907947081136,25,False,False,,f_mmd,test,standardized_l2,6.046356006733755,7.753435716183738,,True
credit,/home/crc00006699/zh/tabiclv2/data184/credit,binclass,13371,2675,3343,10,2,0.7837271911456776,0.7837146114888179,0.7837249347867792,0.8650590999287021,0.4618918671423346,12.475528717041016,4.898441076278687,ok,,13371,10696,0,3343,0.5606052577495575,True,0.1,False,16,1e-05,True,12.351229429244995,full_train_epoch_chunks,full train set chunked per epoch | validation=dataset_val_split | c_selection=f_mmd c_source=test c_metric=standardized_l2 | f_mmd_reserved_context=5% source=test | wise_ft_skipped rows=16714>=2000,30,2,epoch_chunk,accuracy,0.7790654205607477,0.7790654205607477,0.7790654205607477,0.7790654205607477,0,True,False,,f_mmd,test,standardized_l2,42.98922320197784,381.15770751012826,,True
customer_satisfaction_in_airline,/home/crc00006699/zh/tabiclv2/data184/customer_satisfaction_in_airline,binclass,103904,20781,25976,21,2,0.9628503233754234,0.9628920835591334,0.9638342650275558,0.9953173809308768,0.0842235168222507,378.3528122901917,276.23137974739075,ok,,103904,83123,0,25976,0.1306227520108223,True,0.1,False,198,1e-05,True,376.3667607307434,full_train_epoch_chunks,full train set chunked per epoch | validation=dataset_val_split | c_selection=f_mmd c_source=test c_metric=standardized_l2 | f_mmd_reserved_context=5% source=test | wise_ft_skipped rows=129880>=2000,30,9,epoch_chunk,accuracy,0.9586641643809248,0.962850680910447,0.9586641643809248,0.962850680910447,14,True,False,,f_mmd,test,standardized_l2,2.8979229500158543,4.576942283393958,,True
default_of_credit_card_clients,/home/crc00006699/zh/tabiclv2/data184/default_of_credit_card_clients,binclass,24000,4800,6000,23,2,0.8256666666666667,0.8055556373799633,0.6663113517003756,0.7988706305733315,0.4153060961844327,58.21495032310486,13.619134664535522,ok,,24000,19200,0,6000,0.4270265847444534,True,0.1,False,36,1e-05,True,57.70337557792664,full_train_epoch_chunks,full train set chunked per epoch | validation=dataset_val_split | c_selection=f_mmd c_source=test c_metric=standardized_l2 | f_mmd_reserved_context=5% source=test | wise_ft_skipped rows=30000>=2000,30,2,epoch_chunk,accuracy,0.8195833333333333,0.8210416666666667,0.8195833333333333,0.8210416666666667,10,True,False,,f_mmd,test,standardized_l2,8.922397598482112,26.87516580213163,,True
dis,/home/crc00006699/zh/tabiclv2/data184/dis,binclass,3017,604,755,29,2,0.9827814569536424,0.9776677224301756,0.5403207716464782,0.942911619560341,0.0499704246672034,8.729174375534058,1.044003963470459,ok,,3017,2413,0,755,0.0323833785951137,True,0.1,False,15,1e-05,True,8.62325119972229,full_train_epoch_chunks,full train set chunked per epoch | validation=dataset_val_split | c_selection=f_mmd c_source=test c_metric=standardized_l2 | f_mmd_reserved_context=5% source=test | wise_ft_skipped rows=3772>=2000,30,1,epoch_chunk,accuracy,0.9867549668874172,0.9917218543046358,0.9867549668874172,0.9917218543046358,7,True,False,,f_mmd,test,standardized_l2,687945401713.1622,7536064296949.645,,True
drug_consumption,/home/crc00006699/zh/tabiclv2/data184/drug_consumption,multiclass,1507,302,377,12,7,0.403183023872679,0.2316968605998004,0.1428571428571428,0.5134141196453484,1.5086838859622278,2.762302875518799,0.3801658153533935,ok,,1507,1205,0,377,1.4959863424301147,True,0.1,True,8,1e-05,True,2.727755308151245,full_train_epoch_chunks,full train set chunked per epoch | validation=dataset_val_split | c_selection=f_mmd c_source=test c_metric=standardized_l2 | f_mmd_reserved_context=5% source=test | wise_ft=alpha0.1 rows=1884<2000,30,1,epoch_chunk,accuracy,0.4039735099337748,0.4039735099337748,0.4039735099337748,0.4039735099337748,0,True,False,,f_mmd,test,standardized_l2,3.8862233013522007,4.405816908006386,,True
eeg-eye-state,/home/crc00006699/zh/tabiclv2/data184/eeg-eye-state,binclass,11984,2397,2996,14,2,0.9933244325767692,0.9933230250844982,0.9930473589285754,0.9997752854527728,0.0186930867073965,29.022672176361084,4.349621295928955,ok,,11984,9587,0,2996,0.0281459176912903,True,0.1,False,22,1e-05,True,28.87487816810608,full_train_epoch_chunks,full train set chunked per epoch | validation=dataset_val_split | c_selection=f_mmd c_source=test c_metric=standardized_l2 | f_mmd_reserved_context=5% source=test | wise_ft_skipped rows=14980>=2000,30,1,epoch_chunk,accuracy,0.9858156028368794,0.9904046725073008,0.9858156028368794,0.9904046725073008,14,True,False,,f_mmd,test,standardized_l2,88567.84271924397,1938094.3486493696,,True
estimation_of_obesity_levels,/home/crc00006699/zh/tabiclv2/data184/estimation_of_obesity_levels,multiclass,1688,338,423,16,7,0.9858156028368794,0.9857940117211172,0.9852216748768472,0.9998102107970216,0.0315265703754435,4.3029632568359375,0.4949617385864258,ok,,1688,1350,0,423,0.0048054815270006,True,0.1,False,12,1e-05,True,4.254522323608398,full_train_epoch_chunks,full train set chunked per epoch | validation=dataset_val_split | c_selection=f_mmd c_source=test c_metric=standardized_l2 | f_mmd_reserved_context=5% source=test | wise_ft_skipped rows=2111>=2000,30,1,epoch_chunk,accuracy,0.9674556213017752,0.970414201183432,0.9674556213017752,0.970414201183432,4,True,False,,f_mmd,test,standardized_l2,3.109400304285977,0.8554877525001727,,True
eye_movements,/home/crc00006699/zh/tabiclv2/data184/eye_movements,multiclass,8748,1750,2188,27,3,0.7975319926873857,0.7973102571143621,0.8063209928329793,0.9310116392888264,0.4813110527323961,38.72396516799927,3.382838010787964,ok,,8748,6998,0,2188,0.3991365283727646,True,0.1,False,30,1e-05,True,38.49198079109192,full_train_epoch_chunks,full train set chunked per epoch | validation=dataset_val_split | c_selection=f_mmd c_source=test c_metric=standardized_l2 | f_mmd_reserved_context=5% source=test | wise_ft_skipped rows=10936>=2000,30,1,epoch_chunk,accuracy,0.6977142857142857,0.8634285714285714,0.6977142857142857,0.8634285714285714,27,False,False,,f_mmd,test,standardized_l2,6.182171826153057,3.578734870729693,,True
first-order-theorem-proving,/home/crc00006699/zh/tabiclv2/data184/first-order-theorem-proving,multiclass,4894,979,1224,51,6,0.636437908496732,0.6203789468031319,0.5132071994786355,0.8525462688173856,1.0465759135094992,33.41355538368225,2.298778295516968,ok,,4894,3915,0,1224,1.0929958820343018,True,0.1,False,30,1e-05,True,33.191321849823,full_train_epoch_chunks,full train set chunked per epoch | validation=dataset_val_split | c_selection=f_mmd c_source=test c_metric=standardized_l2 | f_mmd_reserved_context=5% source=test | wise_ft_skipped rows=6118>=2000,30,1,epoch_chunk,accuracy,0.6200204290091931,0.6363636363636364,0.6200204290091931,0.6363636363636364,29,False,False,,f_mmd,test,standardized_l2,38.3879505420626,375.7377047579412,,True
heloc,/home/crc00006699/zh/tabiclv2/data184/heloc,binclass,8000,1600,2000,22,2,0.724,0.7237676886261347,0.724,0.8018029999999999,0.5423110614290192,13.863887548446655,2.819546699523926,ok,,8000,6400,0,2000,0.5201266407966614,True,0.1,False,13,1e-05,True,13.714293003082275,full_train_epoch_chunks,full train set chunked per epoch | validation=dataset_val_split | c_selection=f_mmd c_source=test c_metric=standardized_l2 | f_mmd_reserved_context=5% source=test | wise_ft_skipped rows=10000>=2000,30,1,epoch_chunk,accuracy,0.721875,0.72875,0.721875,0.72875,5,True,False,,f_mmd,test,standardized_l2,7.810766012110639,2.226264101312888,,True
house_16H,/home/crc00006699/zh/tabiclv2/data184/house_16H,binclass,10790,2158,2698,16,2,0.8895478131949592,0.8895462958078357,0.8895478131949592,0.9562644486952144,0.2702269691697505,13.309041023254396,3.882906198501587,ok,,10790,8632,0,2698,0.2403592839837074,True,0.1,False,10,1e-05,True,13.15312671661377,full_train_epoch_chunks,full train set chunked per epoch | validation=dataset_val_split | c_selection=f_mmd c_source=test c_metric=standardized_l2 | f_mmd_reserved_context=5% source=test | wise_ft_skipped rows=13488>=2000,30,1,epoch_chunk,accuracy,0.8804448563484708,0.8818350324374421,0.8804448563484708,0.8818350324374421,2,True,False,,f_mmd,test,standardized_l2,7.47339684169605,19.360452637589024,,True
ibm-employee-performance,/home/crc00006699/zh/tabiclv2/data184/ibm-employee-performance,binclass,1176,236,294,30,2,1.0,1.0,1.0,1.0,0.0007614463104086,5.40709400177002,0.4462792873382568,ok,,1176,940,0,294,0.0405905190855264,True,0.1,True,12,1e-05,True,5.3376874923706055,full_train_epoch_chunks,full train set chunked per epoch | validation=dataset_val_split | c_selection=f_mmd c_source=test c_metric=standardized_l2 | f_mmd_reserved_context=5% source=test | wise_ft=alpha0.1 rows=1470<2000,30,1,epoch_chunk,accuracy,0.9576271186440678,0.9915254237288136,0.9576271186440678,0.9915254237288136,4,True,False,,f_mmd,test,standardized_l2,1.9646457186047224,0.3322900508176651,,True
internet_firewall,/home/crc00006699/zh/tabiclv2/data184/internet_firewall,multiclass,52425,10485,13107,7,4,0.9310292210269322,0.92839777077415,0.7766913064096516,0.9894406245828572,0.1112124201605587,62.00222849845886,45.81381821632385,ok,,52425,41940,0,13107,0.1910977251827716,True,0.1,False,60,1e-05,True,61.759730100631714,full_train_epoch_chunks,full train set chunked per epoch | validation=dataset_val_split | c_selection=f_mmd c_source=test c_metric=standardized_l2 | f_mmd_reserved_context=5% source=test | wise_ft_skipped rows=65532>=2000,30,5,epoch_chunk,accuracy,0.9346685741535526,0.9348593228421554,0.9346685741535526,0.9348593228421554,4,True,False,,f_mmd,test,standardized_l2,16470.27090465076,706506.9606975721,,True
jm1,/home/crc00006699/zh/tabiclv2/data184/jm1,binclass,8708,1742,2177,21,2,0.823610473128158,0.786607753530715,0.5917972448720099,0.7630350505088762,0.4191020654156738,9.85978627204895,3.13437557220459,ok,,8708,6966,0,2177,0.3923724293708801,True,0.1,False,8,1e-05,True,9.70038390159607,full_train_epoch_chunks,full train set chunked per epoch | validation=dataset_val_split | c_selection=f_mmd c_source=test c_metric=standardized_l2 | f_mmd_reserved_context=5% source=test | wise_ft_skipped rows=10885>=2000,30,1,epoch_chunk,accuracy,0.8266360505166476,0.8266360505166476,0.8266360505166476,0.8266360505166476,0,True,False,,f_mmd,test,standardized_l2,8.672431670097861,29.63471039300055,,True
kc1,/home/crc00006699/zh/tabiclv2/data184/kc1,binclass,1687,338,422,21,2,0.8791469194312796,0.8597081799595768,0.6580262874380521,0.8592113768584356,0.3050983623238279,3.3320600986480717,0.512901782989502,ok,,1687,1349,0,422,0.3047040402889251,True,0.1,False,8,1e-05,True,3.2784206867218018,full_train_epoch_chunks,full train set chunked per epoch | validation=dataset_val_split | c_selection=f_mmd c_source=test c_metric=standardized_l2 | f_mmd_reserved_context=5% source=test | wise_ft_skipped rows=2109>=2000,30,1,epoch_chunk,accuracy,0.8668639053254438,0.8668639053254438,0.8668639053254438,0.8668639053254438,0,True,False,,f_mmd,test,standardized_l2,17.70368834832587,23.440896113892087,,True
kr-vs-kp,/home/crc00006699/zh/tabiclv2/data184/kr-vs-kp,binclass,2556,512,640,36,2,0.9984375,0.9984376031804651,0.998502994011976,0.9999706469414114,0.0059332512972702,5.428189992904663,1.0285861492156982,ok,,2556,2044,0,640,0.0268421079963445,True,0.1,False,8,1e-05,True,5.292296648025513,full_train_epoch_chunks,full train set chunked per epoch | validation=dataset_val_split | c_selection=f_mmd c_source=test c_metric=standardized_l2 | f_mmd_reserved_context=5% source=test | wise_ft_skipped rows=3196>=2000,30,1,epoch_chunk,accuracy,0.998046875,0.998046875,0.998046875,0.998046875,0,True,False,,f_mmd,test,standardized_l2,3.3365956922599134,2.093658835891804,,True
led24,/home/crc00006699/zh/tabiclv2/data184/led24,multiclass,2560,512,640,24,10,0.7328125,0.7291520236742424,0.7324132718520193,0.9574316141456558,0.778170845980349,9.815764904022217,0.8579082489013672,ok,,2560,2048,0,640,0.7358225286006927,True,0.1,False,19,1e-05,True,9.720024824142456,full_train_epoch_chunks,full train set chunked per epoch | validation=dataset_val_split | c_selection=f_mmd c_source=test c_metric=standardized_l2 | f_mmd_reserved_context=5% source=test | wise_ft_skipped rows=3200>=2000,30,1,epoch_chunk,accuracy,0.71484375,0.724609375,0.71484375,0.724609375,11,True,False,,f_mmd,test,standardized_l2,1.2460390539930215,0.0463505429728669,,True
madeline,/home/crc00006699/zh/tabiclv2/data184/madeline,binclass,2512,503,628,259,2,0.8089171974522293,0.808919135509966,0.8089297306069458,0.8802691901979877,0.4703830095564779,70.60501623153687,4.622593402862549,ok,,2512,2009,0,628,0.4324654638767242,True,0.1,False,28,1e-05,True,70.00402188301086,full_train_epoch_chunks,full train set chunked per epoch | validation=dataset_val_split | c_selection=f_mmd c_source=test c_metric=standardized_l2 | f_mmd_reserved_context=5% source=test | wise_ft_skipped rows=3140>=2000,30,1,epoch_chunk,accuracy,0.6381709741550696,0.7137176938369781,0.6381709741550696,0.7137176938369781,20,True,False,,f_mmd,test,standardized_l2,1.2161044084964665,0.0516059365668665,,True
maternal_health_risk,/home/crc00006699/zh/tabiclv2/data184/maternal_health_risk,multiclass,811,163,203,6,3,0.8719211822660099,0.8701077326808658,0.8734096074062906,0.9608883431470912,0.3398363434608413,6.102587938308716,0.3967611789703369,ok,,811,648,0,203,0.5335250794887543,True,0.1,True,27,1e-05,True,6.079960823059082,full_train_epoch_chunks,full train set chunked per epoch | validation=dataset_val_split | c_selection=f_mmd c_source=test c_metric=standardized_l2 | f_mmd_reserved_context=5% source=test | wise_ft=alpha0.1 rows=1014<2000,30,1,epoch_chunk,accuracy,0.8220858895705522,0.852760736196319,0.8220858895705522,0.852760736196319,19,True,False,,f_mmd,test,standardized_l2,2.865160119726424,0.2930476432656982,,True
mfeat-fourier,/home/crc00006699/zh/tabiclv2/data184/mfeat-fourier,multiclass,1600,320,400,76,10,0.895,0.8946415724407593,0.8950000000000001,0.9922847222222222,0.2330067423685811,9.70528769493103,1.044797420501709,ok,,1600,1280,0,400,0.2408787086606025,True,0.1,False,13,1e-05,True,9.557584047317505,full_train_epoch_chunks,full train set chunked per epoch | validation=dataset_val_split | c_selection=f_mmd c_source=test c_metric=standardized_l2 | f_mmd_reserved_context=5% source=test | wise_ft_skipped rows=2000>=2000,30,1,epoch_chunk,accuracy,0.878125,0.884375,0.878125,0.884375,5,True,False,,f_mmd,test,standardized_l2,2.075592569060178,0.272994434658135,,True
mfeat-morphological,/home/crc00006699/zh/tabiclv2/data184/mfeat-morphological,multiclass,1600,320,400,6,10,0.7575,0.7537043874380771,0.7575000000000001,0.9725347222222224,0.4969393176643212,3.954450845718384,0.398456335067749,ok,,1600,1280,0,400,0.5799174904823303,True,0.1,False,14,1e-05,True,3.930186748504639,full_train_epoch_chunks,full train set chunked per epoch | validation=dataset_val_split | c_selection=f_mmd c_source=test c_metric=standardized_l2 | f_mmd_reserved_context=5% source=test | wise_ft_skipped rows=2000>=2000,30,1,epoch_chunk,accuracy,0.759375,0.771875,0.759375,0.771875,6,True,False,,f_mmd,test,standardized_l2,2.826168198711412,0.4466100761311213,,True
mfeat-zernike,/home/crc00006699/zh/tabiclv2/data184/mfeat-zernike,multiclass,1600,320,400,47,10,0.8925,0.8912242477670042,0.8925000000000001,0.9937291666666668,0.2335895100719552,9.083297967910768,0.8101856708526611,ok,,1600,1280,0,400,0.1244728676974773,True,0.1,False,16,1e-05,True,8.982656240463257,full_train_epoch_chunks,full train set chunked per epoch | validation=dataset_val_split | c_selection=f_mmd c_source=test c_metric=standardized_l2 | f_mmd_reserved_context=5% source=test | wise_ft_skipped rows=2000>=2000,30,1,epoch_chunk,accuracy,0.865625,0.903125,0.865625,0.903125,8,True,False,,f_mmd,test,standardized_l2,2.949952197919472,0.8003382614280132,,True
microaggregation2,/home/crc00006699/zh/tabiclv2/data184/microaggregation2,multiclass,16000,3200,4000,20,5,0.641,0.5944569081540435,0.4174038617559835,0.8264682841757406,0.880659803573488,18.58589506149292,7.114054441452026,ok,,16000,12800,0,4000,0.9936796426773072,True,0.1,False,18,1e-05,True,18.346555471420288,full_train_epoch_chunks,full train set chunked per epoch | validation=dataset_val_split | c_selection=f_mmd c_source=test c_metric=standardized_l2 | f_mmd_reserved_context=5% source=test | wise_ft_skipped rows=20000>=2000,30,2,epoch_chunk,accuracy,0.648125,0.6484375,0.648125,0.6484375,1,True,False,,f_mmd,test,standardized_l2,7.760386354983574,5.846089285902544,,True
mozilla4,/home/crc00006699/zh/tabiclv2/data184/mozilla4,binclass,12436,2488,3109,4,2,0.9411386297844966,0.940322487190309,0.9209553221555112,0.9727340155299276,0.1734461136777056,8.42182207107544,1.9673056602478027,ok,,12436,9948,0,3109,0.2130613029003143,True,0.1,False,8,1e-05,True,8.360450267791748,full_train_epoch_chunks,full train set chunked per epoch | validation=dataset_val_split | c_selection=f_mmd c_source=test c_metric=standardized_l2 | f_mmd_reserved_context=5% source=test | wise_ft_skipped rows=15545>=2000,30,1,epoch_chunk,accuracy,0.9364951768488746,0.9364951768488746,0.9364951768488746,0.9364951768488746,0,True,False,,f_mmd,test,standardized_l2,5.42353583128669,7.008580170893903,,True
okcupid_stem,/home/crc00006699/zh/tabiclv2/data184/okcupid_stem,multiclass,21341,4269,5336,13,3,0.7494377811094453,0.691788591615558,0.4934674858807327,0.805790189165353,0.594390332664272,44.07163739204407,10.29520034790039,ok,,21341,17072,0,5336,0.5907662808895111,True,0.1,False,38,1e-05,True,43.786075592041016,full_train_epoch_chunks,full train set chunked per epoch | validation=dataset_val_split | c_selection=f_mmd c_source=test c_metric=standardized_l2 | f_mmd_reserved_context=5% source=test | wise_ft_skipped rows=26677>=2000,30,2,epoch_chunk,accuracy,0.7425626610447411,0.7512297962052003,0.7425626610447411,0.7512297962052003,11,True,False,,f_mmd,test,standardized_l2,3.1497099379658486,0.9124517443517176,,True
optdigits,/home/crc00006699/zh/tabiclv2/data184/optdigits,multiclass,4496,900,1124,64,10,0.99644128113879,0.9964371856043832,0.9964442355889724,0.9999903220510576,0.0108931646477712,14.007936000823976,2.392151117324829,ok,,4496,3596,0,1124,0.0149092921055853,True,0.1,False,11,1e-05,True,13.75665807723999,full_train_epoch_chunks,full train set chunked per epoch | validation=dataset_val_split | c_selection=f_mmd c_source=test c_metric=standardized_l2 | f_mmd_reserved_context=5% source=test | wise_ft_skipped rows=5620>=2000,30,1,epoch_chunk,accuracy,0.9922222222222222,0.9933333333333332,0.9922222222222222,0.9933333333333332,3,True,False,,f_mmd,test,standardized_l2,312326485513.6084,2946482171258.6685,,True
ozone_level,/home/crc00006699/zh/tabiclv2/data184/ozone_level,binclass,2028,406,508,36,2,0.9803149606299212,0.9725192154161644,0.4989979959919839,0.8668448007125361,0.0794826739445159,5.188945770263672,0.8488152027130127,ok,,2028,1622,0,508,0.0940222926437854,True,0.1,False,8,1e-05,True,5.049579620361328,full_train_epoch_chunks,full train set chunked per epoch | validation=dataset_val_split | c_selection=f_mmd c_source=test c_metric=standardized_l2 | f_mmd_reserved_context=5% source=test | wise_ft_skipped rows=2536>=2000,30,1,epoch_chunk,accuracy,0.9679802955665024,0.9679802955665024,0.9679802955665024,0.9679802955665024,0,True,False,,f_mmd,test,standardized_l2,4.148307381103009,0.3036468978766678,,True
pc1,/home/crc00006699/zh/tabiclv2/data184/pc1,binclass,887,178,222,21,2,0.945945945945946,0.9395752895752896,0.6927536231884058,0.8980676328502415,0.1546915415909001,2.8740074634552,0.5178656578063965,ok,,887,709,0,222,0.1805122792720794,True,0.1,True,8,1e-05,True,2.8301236629486084,full_train_epoch_chunks,full train set chunked per epoch | validation=dataset_val_split | c_selection=f_mmd c_source=test c_metric=standardized_l2 | f_mmd_reserved_context=5% source=test | wise_ft=alpha0.1 rows=1109<2000,30,1,epoch_chunk,accuracy,0.9325842696629212,0.9325842696629212,0.9325842696629212,0.9325842696629212,0,True,False,,f_mmd,test,standardized_l2,11.125933531469435,26.702626696384275,,True
pc4,/home/crc00006699/zh/tabiclv2/data184/pc4,binclass,1166,234,292,37,2,0.910958904109589,0.9074272635916472,0.7582465277777778,0.9609375,0.1724819035258633,5.773736000061035,0.5183303356170654,ok,,1166,932,0,292,0.1125769913196563,True,0.1,True,12,1e-05,True,5.698767185211182,full_train_epoch_chunks,full train set chunked per epoch | validation=dataset_val_split | c_selection=f_mmd c_source=test c_metric=standardized_l2 | f_mmd_reserved_context=5% source=test | wise_ft=alpha0.1 rows=1458<2000,30,1,epoch_chunk,accuracy,0.9230769230769232,0.935897435897436,0.9230769230769232,0.935897435897436,4,True,False,,f_mmd,test,standardized_l2,16.153503508236025,37.60305142934611,,True
phoneme,/home/crc00006699/zh/tabiclv2/data184/phoneme,binclass,4323,865,1081,5,2,0.9074930619796484,0.907052558258998,0.8837989495763621,0.9656011032751416,0.2267496943268322,6.19542932510376,0.6590230464935303,ok,,4323,3458,0,1081,0.1805159747600555,True,0.1,False,16,1e-05,True,6.158153057098389,full_train_epoch_chunks,full train set chunked per epoch | validation=dataset_val_split | c_selection=f_mmd c_source=test c_metric=standardized_l2 | f_mmd_reserved_context=5% source=test | wise_ft_skipped rows=5404>=2000,30,1,epoch_chunk,accuracy,0.9109826589595376,0.9190751445086706,0.9109826589595376,0.9190751445086706,8,True,False,,f_mmd,test,standardized_l2,2.740446540204571,0.4800843746351518,,True
predict_students_dropout_and_academic_success,/home/crc00006699/zh/tabiclv2/data184/predict_students_dropout_and_academic_success,multiclass,3539,708,885,34,3,0.7570621468926554,0.7523799466112443,0.6839069506254637,0.8839509846487935,0.5807399543722801,9.188148260116575,1.3564369678497314,ok,,3539,2831,0,885,0.5514078736305237,True,0.1,False,12,1e-05,True,9.035720586776732,full_train_epoch_chunks,full train set chunked per epoch | validation=dataset_val_split | c_selection=f_mmd c_source=test c_metric=standardized_l2 | f_mmd_reserved_context=5% source=test | wise_ft_skipped rows=4424>=2000,30,1,epoch_chunk,accuracy,0.78954802259887,0.7909604519774012,0.78954802259887,0.7909604519774012,4,True,False,,f_mmd,test,standardized_l2,3.178959492227599,0.6719897009959964,,True
ringnorm,/home/crc00006699/zh/tabiclv2/data184/ringnorm,binclass,5920,1184,1480,20,2,0.9804054054054054,0.9804006889682948,0.9802949862204616,0.9970651135693296,0.0605415655405155,9.8771550655365,1.9291341304779053,ok,,5920,4736,0,1480,0.0578660815954208,True,0.1,False,12,1e-05,True,9.770926237106323,full_train_epoch_chunks,full train set chunked per epoch | validation=dataset_val_split | c_selection=f_mmd c_source=test c_metric=standardized_l2 | f_mmd_reserved_context=5% source=test | wise_ft_skipped rows=7400>=2000,30,1,epoch_chunk,accuracy,0.9763513513513512,0.9788851351351352,0.9763513513513512,0.9788851351351352,4,True,False,,f_mmd,test,standardized_l2,2.7470288544891264,0.3293774769992404,,True
satimage,/home/crc00006699/zh/tabiclv2/data184/satimage,multiclass,5144,1029,1286,36,6,0.9385692068429238,0.9365933588874296,0.917650810106114,0.995009212302255,0.1615220903614646,16.913808345794678,2.08882999420166,ok,,5144,4115,0,1286,0.1676856428384781,True,0.1,False,18,1e-05,True,16.75386357307434,full_train_epoch_chunks,full train set chunked per epoch | validation=dataset_val_split | c_selection=f_mmd c_source=test c_metric=standardized_l2 | f_mmd_reserved_context=5% source=test | wise_ft_skipped rows=6430>=2000,30,1,epoch_chunk,accuracy,0.9173955296404276,0.924198250728863,0.9173955296404276,0.924198250728863,10,True,False,,f_mmd,test,standardized_l2,4.272404297459221,0.7978666392829601,,True
seismic+bumps,/home/crc00006699/zh/tabiclv2/data184/seismic+bumps,binclass,2067,414,517,18,2,0.9342359767891684,0.9024719535783364,0.5,0.7167214711971746,0.2321920300702797,3.143450975418091,0.5747129917144775,ok,,2067,1653,0,517,0.1977486088871956,True,0.1,False,8,1e-05,True,3.0917763710021973,full_train_epoch_chunks,full train set chunked per epoch | validation=dataset_val_split | c_selection=f_mmd c_source=test c_metric=standardized_l2 | f_mmd_reserved_context=5% source=test | wise_ft_skipped rows=2584>=2000,30,1,epoch_chunk,accuracy,0.9347826086956522,0.9347826086956522,0.9347826086956522,0.9347826086956522,0,True,False,,f_mmd,test,standardized_l2,4.562025277111943,5.192427614330208,,True
shill-bidding,/home/crc00006699/zh/tabiclv2/data184/shill-bidding,binclass,5056,1012,1265,3,2,0.9027667984189724,0.8718253433374143,0.5608634892615475,0.9024947176977186,0.213356773791,3.4188385009765625,0.4478640556335449,ok,,5056,4044,0,1265,0.2240190729498863,True,0.1,False,8,1e-05,True,3.3893256187438965,full_train_epoch_chunks,full train set chunked per epoch | validation=dataset_val_split | c_selection=f_mmd c_source=test c_metric=standardized_l2 | f_mmd_reserved_context=5% source=test | wise_ft_skipped rows=6321>=2000,30,1,epoch_chunk,accuracy,0.8863636363636364,0.8863636363636364,0.8863636363636364,0.8863636363636364,0,True,False,,f_mmd,test,standardized_l2,2.0413201483413843,0.3177568350216614,,True
shuttle,/home/crc00006699/zh/tabiclv2/data184/shuttle,multiclass,46400,9280,11600,9,7,0.9994827586206896,0.9994652375985246,0.9158705054807972,0.999966885060314,0.0017131345665449,43.61637878417969,37.19285559654236,ok,,46400,37120,0,11600,0.0021020410349592,True,0.1,False,36,1e-05,True,43.26839733123779,full_train_epoch_chunks,full train set chunked per epoch | validation=dataset_val_split | c_selection=f_mmd c_source=test c_metric=standardized_l2 | f_mmd_reserved_context=5% source=test | wise_ft_skipped rows=58000>=2000,30,4,epoch_chunk,accuracy,0.9995689655172414,0.9996767241379312,0.9995689655172414,0.9996767241379312,1,True,False,,f_mmd,test,standardized_l2,22.807005843946616,221.72995042380504,,True
splice,/home/crc00006699/zh/tabiclv2/data184/splice,multiclass,2552,511,638,60,3,0.9545454545454546,0.9547086556641728,0.949848241655599,0.9942850223969798,0.1238288081529035,9.63055419921875,1.397928237915039,ok,,2552,2041,0,638,0.1635919883847236,True,0.1,False,10,1e-05,True,9.407745122909546,full_train_epoch_chunks,full train set chunked per epoch | validation=dataset_val_split | c_selection=f_mmd c_source=test c_metric=standardized_l2 | f_mmd_reserved_context=5% source=test | wise_ft_skipped rows=3190>=2000,30,1,epoch_chunk,accuracy,0.9628180039138944,0.9647749510763208,0.9628180039138944,0.9647749510763208,2,True,False,,f_mmd,test,standardized_l2,1.5115603133141058,0.0862894879792722,,True
statlog,/home/crc00006699/zh/tabiclv2/data184/statlog,binclass,800,160,200,20,2,0.73,0.7165280665280664,0.6404761904761905,0.7702380952380952,0.5147136303111378,4.8810811042785645,0.4909064769744873,ok,,800,640,0,200,0.4251928329467773,True,0.1,True,15,1e-05,True,4.830498218536377,full_train_epoch_chunks,full train set chunked per epoch | validation=dataset_val_split | c_selection=f_mmd c_source=test c_metric=standardized_l2 | f_mmd_reserved_context=5% source=test | wise_ft=alpha0.1 rows=1000<2000,30,1,epoch_chunk,accuracy,0.76875,0.775,0.76875,0.775,7,True,False,,f_mmd,test,standardized_l2,2.74364933734693,0.4201239668637038,,True
svmguide3,/home/crc00006699/zh/tabiclv2/data184/svmguide3,binclass,994,199,249,22,2,0.8554216867469879,0.8451042977881675,0.739720394736842,0.9042397660818712,0.3199119189405646,5.456623554229736,0.5851693153381348,ok,,994,795,0,249,0.272627055644989,True,0.1,True,14,1e-05,True,5.391806125640869,full_train_epoch_chunks,full train set chunked per epoch | validation=dataset_val_split | c_selection=f_mmd c_source=test c_metric=standardized_l2 | f_mmd_reserved_context=5% source=test | wise_ft=alpha0.1 rows=1243<2000,30,1,epoch_chunk,accuracy,0.8291457286432161,0.8492462311557789,0.8291457286432161,0.8492462311557789,6,True,False,,f_mmd,test,standardized_l2,15.498678582069676,11.778998009371673,,True
taiwanese_bankruptcy_prediction,/home/crc00006699/zh/tabiclv2/data184/taiwanese_bankruptcy_prediction,binclass,5455,1091,1364,95,2,0.9721407624633432,0.9650922998087764,0.6121212121212121,0.9422176308539943,0.0848188244928761,25.21701073646545,3.819414377212525,ok,,5455,4364,0,1364,0.0754556879401207,True,0.1,False,13,1e-05,True,24.79634928703308,full_train_epoch_chunks,full train set chunked per epoch | validation=dataset_val_split | c_selection=f_mmd c_source=test c_metric=standardized_l2 | f_mmd_reserved_context=5% source=test | wise_ft_skipped rows=6819>=2000,30,1,epoch_chunk,accuracy,0.9679193400549956,0.9688359303391384,0.9679193400549956,0.9688359303391384,5,True,False,,f_mmd,test,standardized_l2,629656202859.0387,4527013016994.145,,True
thyroid,/home/crc00006699/zh/tabiclv2/data184/thyroid,multiclass,5760,1152,1440,21,3,0.99375,0.9936297268806006,0.9442402574435584,0.9997595957011414,0.0145840699681631,15.656736135482788,1.9277703762054443,ok,,5760,4608,0,1440,0.005751290358603,True,0.1,False,21,1e-05,True,15.567128658294678,full_train_epoch_chunks,full train set chunked per epoch | validation=dataset_val_split | c_selection=f_mmd c_source=test c_metric=standardized_l2 | f_mmd_reserved_context=5% source=test | wise_ft_skipped rows=7200>=2000,30,1,epoch_chunk,accuracy,0.9878472222222222,0.9939236111111112,0.9878472222222222,0.9939236111111112,13,True,False,,f_mmd,test,standardized_l2,11781.249630798437,178547.55553335187,,True
thyroid-dis,/home/crc00006699/zh/tabiclv2/data184/thyroid-dis,multiclass,2240,448,560,26,5,0.6946428571428571,0.6725140513801507,0.4040033361134278,0.8701462888089975,0.7110910566884796,4.231401443481445,0.767228364944458,ok,,2240,1792,0,560,0.6765047907829285,True,0.1,False,8,1e-05,True,4.143357515335083,full_train_epoch_chunks,full train set chunked per epoch | validation=dataset_val_split | c_selection=f_mmd c_source=test c_metric=standardized_l2 | f_mmd_reserved_context=5% source=test | wise_ft_skipped rows=2800>=2000,30,1,epoch_chunk,accuracy,0.7366071428571429,0.7366071428571429,0.7366071428571429,0.7366071428571429,0,True,False,,f_mmd,test,standardized_l2,766239554859.5499,7228689503083.428,,True
twonorm,/home/crc00006699/zh/tabiclv2/data184/twonorm,binclass,5920,1184,1480,20,2,0.979054054054054,0.979053719358804,0.9790604073418688,0.9984021154165732,0.0525874552019665,8.829680919647217,1.9336020946502688,ok,,5920,4736,0,1480,0.0486523751169443,True,0.1,False,11,1e-05,True,8.727885961532593,full_train_epoch_chunks,full train set chunked per epoch | validation=dataset_val_split | c_selection=f_mmd c_source=test c_metric=standardized_l2 | f_mmd_reserved_context=5% source=test | wise_ft_skipped rows=7400>=2000,30,1,epoch_chunk,accuracy,0.9755067567567568,0.9763513513513512,0.9755067567567568,0.9763513513513512,3,True,False,,f_mmd,test,standardized_l2,1.761686861999127,0.1743646596808306,,True
wall-robot-navigation,/home/crc00006699/zh/tabiclv2/data184/wall-robot-navigation,multiclass,4364,873,1092,24,4,0.9862637362637364,0.986266476372628,0.9884817563388992,0.9997555879368066,0.0360945971269135,6.162306785583496,1.439509391784668,ok,,4364,3491,0,1092,0.042137399315834,True,0.1,False,8,1e-05,True,6.02274751663208,full_train_epoch_chunks,full train set chunked per epoch | validation=dataset_val_split | c_selection=f_mmd c_source=test c_metric=standardized_l2 | f_mmd_reserved_context=5% source=test | wise_ft_skipped rows=5456>=2000,30,1,epoch_chunk,accuracy,0.9782359679266897,0.9782359679266897,0.9782359679266897,0.9782359679266897,0,True,False,,f_mmd,test,standardized_l2,2.52744595660714,0.3062365322860232,,True
waveform-5000,/home/crc00006699/zh/tabiclv2/data184/waveform-5000,multiclass,4000,800,1000,40,3,0.868,0.8678568153521165,0.8682165692391117,0.9777514830309366,0.2642618588832883,16.225042819976807,1.6392784118652344,ok,,4000,3200,0,1000,0.233145959675312,True,0.1,False,20,1e-05,True,16.082147359848022,full_train_epoch_chunks,full train set chunked per epoch | validation=dataset_val_split | c_selection=f_mmd c_source=test c_metric=standardized_l2 | f_mmd_reserved_context=5% source=test | wise_ft_skipped rows=5000>=2000,30,1,epoch_chunk,accuracy,0.86,0.86875,0.86,0.86875,12,True,False,,f_mmd,test,standardized_l2,1.5964716001350103,0.1043261650836522,,True
website_phishing,/home/crc00006699/zh/tabiclv2/data184/website_phishing,multiclass,1082,217,271,9,3,0.911439114391144,0.9115135523667396,0.881096681096681,0.9790280051474872,0.2412626044711035,3.8070592880249023,0.295314073562622,ok,,1082,865,0,271,0.1822294518351555,True,0.1,True,13,1e-05,True,3.775621652603149,full_train_epoch_chunks,full train set chunked per epoch | validation=dataset_val_split | c_selection=f_mmd c_source=test c_metric=standardized_l2 | f_mmd_reserved_context=5% source=test | wise_ft=alpha0.1 rows=1353<2000,30,1,epoch_chunk,accuracy,0.9216589861751152,0.9262672811059908,0.9216589861751152,0.9262672811059908,5,True,False,,f_mmd,test,standardized_l2,2.183467463771005,0.150451270519366,,True
wine-quality-red,/home/crc00006699/zh/tabiclv2/data184/wine-quality-red,multiclass,1279,256,320,4,6,0.671875,0.6563443945413002,0.3862387663398692,0.8417088756533154,0.7947290407920042,5.998165845870972,0.3140773773193359,ok,,1279,1023,0,320,0.8276979625225067,True,0.1,True,25,1e-05,True,5.978147268295288,full_train_epoch_chunks,full train set chunked per epoch | validation=dataset_val_split | c_selection=f_mmd c_source=test c_metric=standardized_l2 | f_mmd_reserved_context=5% source=test | wise_ft=alpha0.1 rows=1599<2000,30,1,epoch_chunk,accuracy,0.64453125,0.6640625,0.64453125,0.6640625,17,True,False,,f_mmd,test,standardized_l2,7.576596067748487,6.863023109459585,,True
yeast,/home/crc00006699/zh/tabiclv2/data184/yeast,multiclass,1187,238,297,8,10,0.6296296296296297,0.6222282655615989,0.5797689080008096,0.88875976152602,0.979585387529148,7.0604095458984375,0.3063714504241943,ok,,1187,949,0,297,0.901201158761978,True,0.1,True,26,1e-05,True,7.033721923828125,full_train_epoch_chunks,full train set chunked per epoch | validation=dataset_val_split | c_selection=f_mmd c_source=test c_metric=standardized_l2 | f_mmd_reserved_context=5% source=test | wise_ft=alpha0.1 rows=1484<2000,30,1,epoch_chunk,accuracy,0.5462184873949579,0.5756302521008403,0.5462184873949579,0.5756302521008403,18,True,False,,f_mmd,test,standardized_l2,12.46185473875808,11.962263109816163,,True
