dataset_name,dataset_dir,task_type,n_train,n_val,n_test,n_features,n_classes,accuracy,f1,balanced_accuracy,roc_auc,log_loss,fit_seconds,predict_seconds,status,error,n_train_a,n_train_b,n_holdout_c,n_test_d,ttt_loss,ttt_steps,ttt_lr,ttt_applied,ttt_update_seconds,ttt_split_strategy,ttt_split_reason,ttt_epochs,ttt_chunks_per_epoch,ttt_batch_mode,ttt_val_eval_metric,ttt_val_baseline_metric,ttt_val_best_metric,ttt_val_baseline_accuracy,ttt_val_best_accuracy,ttt_best_epoch,ttt_stopped_early,ttt_oom_fallback,ttt_fallback_reason,ttt_c_selection,ttt_c_source,ttt_c_metric,ttt_c_reserve_ratio,ttt_c_f_distance_mean,ttt_c_f_distance_std,ttt_c_fallback_reason,ttt_c_label_coverage_ok
Amazon_employee_access,/home/crc00006699/zh/tabiclv2/data184/Amazon_employee_access,binclass,26215,5243,6554,7,2,0.94278303326213,0.9167561817724782,0.5102302030700864,0.8068875049405531,0.1853628193499016,160.36870169639587,7.420965671539307,ok,,26215,20972,0,6554,,90,1e-05,True,146.48826479911804,tabpfn_finetune_epoch_chunks_f_mmd,dataset_val_split | c_selection=f_mmd | c_source=test | c_metric=standardized_l2 | c_reserve_ratio=0.05,30,21,tabpfn_finetuning_api_f_mmd_grad_accum10,acc,0.9422086591646004,0.9431623116536334,,,9,True,False,,f_mmd,test,standardized_l2,0.05,3.2947316304072656,0.5371210889522079,,True
BNG(breast-w),/home/crc00006699/zh/tabiclv2/data184/BNG(breast-w),binclass,31492,6299,7874,9,2,0.9861569723139446,0.986181375459918,0.9864642150488298,0.9989446100749824,0.0376924660059149,113.42815804481506,12.43437957763672,ok,,31492,25193,0,7874,,90,1e-05,True,113.42773389816284,tabpfn_finetune_epoch_chunks_f_mmd,dataset_val_split | c_selection=f_mmd | c_source=test | c_metric=standardized_l2 | c_reserve_ratio=0.05,30,26,tabpfn_finetuning_api_f_mmd_grad_accum10,acc,0.98523575170662,0.9855532624226068,,,3,True,False,,f_mmd,test,standardized_l2,0.05,4.256617960939806,0.768571846406766,,True
BNG(tic-tac-toe),/home/crc00006699/zh/tabiclv2/data184/BNG(tic-tac-toe),binclass,31492,6299,7874,9,2,0.8049276098552197,0.8004901642868241,0.7662919928061593,0.8717526883488266,0.4231868200231979,240.7169530391693,8.587743282318115,ok,,31492,25193,0,7874,,90,1e-05,True,240.71650767326355,tabpfn_finetune_epoch_chunks_f_mmd,dataset_val_split | c_selection=f_mmd | c_source=test | c_metric=standardized_l2 | c_reserve_ratio=0.05,30,26,tabpfn_finetuning_api_f_mmd_grad_accum10,acc,0.7915542149547548,0.7975869185585014,,,16,True,False,,f_mmd,test,standardized_l2,0.05,1.8410304939767308,0.1142566954413097,,True
Basketball_c,/home/crc00006699/zh/tabiclv2/data184/Basketball_c,binclass,1072,215,268,11,2,0.7089552238805971,0.7077771855010662,0.6875738247106071,0.7371840302386015,0.5822366819524074,5.636875629425049,0.2100660800933838,ok,,1072,857,0,268,,30,1e-05,True,5.636337041854858,tabpfn_finetune_epoch_chunks_f_mmd,dataset_val_split | c_selection=f_mmd | c_source=test | c_metric=standardized_l2 | c_reserve_ratio=0.05,30,1,tabpfn_finetuning_api_f_mmd_grad_accum10,acc,0.7581395348837209,0.7627906976744186,,,6,True,False,,f_mmd,test,standardized_l2,0.05,4.580026916701444,1.8472818550739765,,True
Cardiovascular-Disease-dataset,/home/crc00006699/zh/tabiclv2/data184/Cardiovascular-Disease-dataset,binclass,56000,11200,14000,11,2,0.7305714285714285,0.7303074718794124,0.7305536263032248,0.7968370152937192,0.5486029676220561,346.47605538368225,36.22777915000916,ok,,56000,44800,0,14000,,150,1e-05,True,346.4756090641022,tabpfn_finetune_epoch_chunks_f_mmd,dataset_val_split | c_selection=f_mmd | c_source=test | c_metric=standardized_l2 | c_reserve_ratio=0.05,30,45,tabpfn_finetuning_api_f_mmd_grad_accum10,acc,0.73,0.7315178571428571,,,6,True,False,,f_mmd,test,standardized_l2,0.05,29.68787288193118,22.75209338045325,,True
Contaminant-detection-in-packaged-cocoa-hazelnut-spread-jars-using-Microwaves-Sensing-and-Machine-Learning-10.0GHz(Urbinati),/home/crc00006699/zh/tabiclv2/data184/Contaminant-detection-in-packaged-cocoa-hazelnut-spread-jars-using-Microwaves-Sensing-and-Machine-Learning-10.0GHz(Urbinati),binclass,1920,384,480,30,2,0.9541666666666668,0.954176215940922,0.9549499443826474,0.9844358314794216,0.1469138582825132,6.351491451263428,0.5593855381011963,ok,,1920,1536,0,480,,30,1e-05,True,6.350930690765381,tabpfn_finetune_epoch_chunks_f_mmd,dataset_val_split | c_selection=f_mmd | c_source=test | c_metric=standardized_l2 | c_reserve_ratio=0.05,30,2,tabpfn_finetuning_api_f_mmd_grad_accum10,acc,0.9505208333333334,0.9505208333333334,,,0,True,False,,f_mmd,test,standardized_l2,0.05,3.4741110173005367,0.5011058777592458,,True
Contaminant-detection-in-packaged-cocoa-hazelnut-spread-jars-using-Microwaves-Sensing-and-Machine-Learning-11.0GHz(Urbinati),/home/crc00006699/zh/tabiclv2/data184/Contaminant-detection-in-packaged-cocoa-hazelnut-spread-jars-using-Microwaves-Sensing-and-Machine-Learning-11.0GHz(Urbinati),binclass,1920,384,480,30,2,0.94375,0.9437458495913612,0.944869299221357,0.9837493047830924,0.1601643594864482,11.277766704559326,0.5539817810058594,ok,,1920,1536,0,480,,30,1e-05,True,11.277291774749756,tabpfn_finetune_epoch_chunks_f_mmd,dataset_val_split | c_selection=f_mmd | c_source=test | c_metric=standardized_l2 | c_reserve_ratio=0.05,30,2,tabpfn_finetuning_api_f_mmd_grad_accum10,acc,0.9583333333333334,0.9635416666666666,,,6,True,False,,f_mmd,test,standardized_l2,0.05,2.77001594160081,0.3098385256639161,,True
Contaminant-detection-in-packaged-cocoa-hazelnut-spread-jars-using-Microwaves-Sensing-and-Machine-Learning-9.5GHz(Urbinati),/home/crc00006699/zh/tabiclv2/data184/Contaminant-detection-in-packaged-cocoa-hazelnut-spread-jars-using-Microwaves-Sensing-and-Machine-Learning-9.5GHz(Urbinati),binclass,1920,384,480,30,2,0.9416666666666668,0.941678820288446,0.942436040044494,0.9839057285873192,0.1590543585394173,10.81774926185608,0.5545430183410645,ok,,1920,1536,0,480,,30,1e-05,True,10.817302703857422,tabpfn_finetune_epoch_chunks_f_mmd,dataset_val_split | c_selection=f_mmd | c_source=test | c_metric=standardized_l2 | c_reserve_ratio=0.05,30,2,tabpfn_finetuning_api_f_mmd_grad_accum10,acc,0.9270833333333334,0.9322916666666666,,,6,True,False,,f_mmd,test,standardized_l2,0.05,3.064720688473775,0.2426838793945971,,True
Customer_Personality_Analysis,/home/crc00006699/zh/tabiclv2/data184/Customer_Personality_Analysis,binclass,1792,359,448,24,2,0.9017857142857144,0.885961715513273,0.6962431934814118,0.8982058212872646,0.2570460620990952,8.951550006866455,0.4165561199188232,ok,,1792,1433,0,448,,30,1e-05,True,8.951177597045898,tabpfn_finetune_epoch_chunks_f_mmd,dataset_val_split | c_selection=f_mmd | c_source=test | c_metric=standardized_l2 | c_reserve_ratio=0.05,30,2,tabpfn_finetuning_api_f_mmd_grad_accum10,acc,0.8746518105849582,0.8802228412256268,,,6,True,False,,f_mmd,test,standardized_l2,0.05,4.669495286517382,1.16919893320921,,True
E-CommereShippingData,/home/crc00006699/zh/tabiclv2/data184/E-CommereShippingData,binclass,8799,1760,2200,10,2,0.6781818181818182,0.6671764353646614,0.726913503075223,0.7337036366024947,0.5050171135479278,28.99385070800781,1.5537428855895996,ok,,8799,7039,0,2200,,30,1e-05,True,28.993381023406982,tabpfn_finetune_epoch_chunks_f_mmd,dataset_val_split | c_selection=f_mmd | c_source=test | c_metric=standardized_l2 | c_reserve_ratio=0.05,30,8,tabpfn_finetuning_api_f_mmd_grad_accum10,acc,0.6806818181818182,0.6818181818181818,,,3,True,False,,f_mmd,test,standardized_l2,0.05,2.453183710549253,0.416155317412013,,True
FICO-HELOC-cleaned,/home/crc00006699/zh/tabiclv2/data184/FICO-HELOC-cleaned,binclass,7896,1580,1975,23,2,0.7498734177215189,0.7495823890628043,0.7486615525579445,0.8239967293809244,0.5166903940034647,24.96542739868164,2.7525453567504883,ok,,7896,6316,0,1975,,30,1e-05,True,24.9649977684021,tabpfn_finetune_epoch_chunks_f_mmd,dataset_val_split | c_selection=f_mmd | c_source=test | c_metric=standardized_l2 | c_reserve_ratio=0.05,30,7,tabpfn_finetuning_api_f_mmd_grad_accum10,acc,0.7481012658227848,0.7481012658227848,,,0,True,False,,f_mmd,test,standardized_l2,0.05,4.392912049122257,3.261964695947315,,True
FOREX_audcad-hour-High,/home/crc00006699/zh/tabiclv2/data184/FOREX_audcad-hour-High,binclass,35060,7012,8765,10,2,0.7136337706788363,0.7136903742279013,0.713695389330391,0.7850457383753051,0.5582729487171069,235.7396306991577,17.186010122299194,ok,,35060,28048,0,8765,,90,1e-05,True,235.73918175697327,tabpfn_finetune_epoch_chunks_f_mmd,dataset_val_split | c_selection=f_mmd | c_source=test | c_metric=standardized_l2 | c_reserve_ratio=0.05,30,29,tabpfn_finetuning_api_f_mmd_grad_accum10,acc,0.7106389047347405,0.7136337706788363,,,10,True,False,,f_mmd,test,standardized_l2,0.05,5.624383565145818,4.085331593135759,,True
FOREX_audjpy-day-High,/home/crc00006699/zh/tabiclv2/data184/FOREX_audjpy-day-High,binclass,1465,293,367,10,2,0.782016348773842,0.7811662242599152,0.7803489685512157,0.8521936864633494,0.4833842287458237,3.439537525177002,0.2366859912872314,ok,,1465,1172,0,367,,30,1e-05,True,3.438997745513916,tabpfn_finetune_epoch_chunks_f_mmd,dataset_val_split | c_selection=f_mmd | c_source=test | c_metric=standardized_l2 | c_reserve_ratio=0.05,30,2,tabpfn_finetuning_api_f_mmd_grad_accum10,acc,0.757679180887372,0.757679180887372,,,0,True,False,,f_mmd,test,standardized_l2,0.05,4.970620801922387,1.6582297571052538,,True
FOREX_audsgd-hour-High,/home/crc00006699/zh/tabiclv2/data184/FOREX_audsgd-hour-High,binclass,35060,7012,8765,10,2,0.7056474614945807,0.7056789336423896,0.7061392990429785,0.7778470516431455,0.5673056096317572,387.7121071815491,17.152894496917725,ok,,35060,28048,0,8765,,90,1e-05,True,387.7116830348969,tabpfn_finetune_epoch_chunks_f_mmd,dataset_val_split | c_selection=f_mmd | c_source=test | c_metric=standardized_l2 | c_reserve_ratio=0.05,30,29,tabpfn_finetuning_api_f_mmd_grad_accum10,acc,0.7046491728465488,0.7126354820308043,,,27,False,False,,f_mmd,test,standardized_l2,0.05,4.2796986935803245,1.464909897298722,,True
FOREX_cadjpy-day-High,/home/crc00006699/zh/tabiclv2/data184/FOREX_cadjpy-day-High,binclass,1467,294,367,10,2,0.7057220708446866,0.7057089607498326,0.7057050368258494,0.7889492753623188,0.554723470227404,4.748268365859985,0.2475056648254394,ok,,1467,1173,0,367,,30,1e-05,True,4.747821807861328,tabpfn_finetune_epoch_chunks_f_mmd,dataset_val_split | c_selection=f_mmd | c_source=test | c_metric=standardized_l2 | c_reserve_ratio=0.05,30,2,tabpfn_finetuning_api_f_mmd_grad_accum10,acc,0.7006802721088435,0.7040816326530612,,,3,True,False,,f_mmd,test,standardized_l2,0.05,5.276405738110375,1.913419578032164,,True
Firm-Teacher_Clave-Direction_Classification,/home/crc00006699/zh/tabiclv2/data184/Firm-Teacher_Clave-Direction_Classification,multiclass,8640,1728,2160,16,4,0.8546296296296296,0.8483513326018727,0.6879592137478928,0.96311159249537,0.3588979165543967,65.08729267120361,1.6896703243255615,ok,,8640,6912,0,2160,,30,1e-05,True,65.0868718624115,tabpfn_finetune_epoch_chunks_f_mmd,dataset_val_split | c_selection=f_mmd | c_source=test | c_metric=standardized_l2 | c_reserve_ratio=0.05,30,7,tabpfn_finetuning_api_f_mmd_grad_accum10,acc,0.8402777777777778,0.8530092592592593,,,17,True,False,,f_mmd,test,standardized_l2,0.05,1.2753290820594128,0.0033745951101559,,True
GAMETES_Epistasis_2-Way_20atts_0.1H_EDM-1_1,/home/crc00006699/zh/tabiclv2/data184/GAMETES_Epistasis_2-Way_20atts_0.1H_EDM-1_1,binclass,1280,256,320,20,2,0.69375,0.6878483835005573,0.6937500000000001,0.7452343750000001,0.5827411513572311,4.324471712112427,0.2461488246917724,ok,,1280,1024,0,320,,30,1e-05,True,4.324077129364014,tabpfn_finetune_epoch_chunks_f_mmd,dataset_val_split | c_selection=f_mmd | c_source=test | c_metric=standardized_l2 | c_reserve_ratio=0.05,30,2,tabpfn_finetuning_api_f_mmd_grad_accum10,acc,0.65234375,0.65234375,,,0,True,False,,f_mmd,test,standardized_l2,0.05,2.25102478229322,0.2753977890508813,,True
Gender_Gap_in_Spanish_WP,/home/crc00006699/zh/tabiclv2/data184/Gender_Gap_in_Spanish_WP,multiclass,3796,760,950,13,3,0.608421052631579,0.5447383870639042,0.4128156048695272,0.7029601730496028,0.797221497820995,11.328704118728638,0.6553366184234619,ok,,3796,3036,0,950,,30,1e-05,True,11.328339099884031,tabpfn_finetune_epoch_chunks_f_mmd,dataset_val_split | c_selection=f_mmd | c_source=test | c_metric=standardized_l2 | c_reserve_ratio=0.05,30,4,tabpfn_finetuning_api_f_mmd_grad_accum10,acc,0.6276315789473684,0.6302631578947369,,,2,True,False,,f_mmd,test,standardized_l2,0.05,16.466741301262225,23.992104843697884,,True
HR_Analytics_Job_Change_of_Data_Scientists,/home/crc00006699/zh/tabiclv2/data184/HR_Analytics_Job_Change_of_Data_Scientists,binclass,15326,3066,3832,13,2,0.7980167014613778,0.7983668785182396,0.7318734793187348,0.8079578604094215,0.4321169417438066,110.86102056503296,3.7898027896881104,ok,,15326,12260,0,3832,,60,1e-05,True,110.8605773448944,tabpfn_finetune_epoch_chunks_f_mmd,dataset_val_split | c_selection=f_mmd | c_source=test | c_metric=standardized_l2 | c_reserve_ratio=0.05,30,13,tabpfn_finetuning_api_f_mmd_grad_accum10,acc,0.806914546640574,0.8114807566862361,,,14,True,False,,f_mmd,test,standardized_l2,0.05,2.572563343500033,0.3191495344915292,,True
INNHotelsGroup,/home/crc00006699/zh/tabiclv2/data184/INNHotelsGroup,binclass,29020,5804,7255,17,2,0.8898690558235699,0.8886499770135702,0.8649325407852311,0.9520782481699448,0.2527981005770282,135.9768364429474,16.133048057556152,ok,,29020,23216,0,7255,,90,1e-05,True,135.97635293006897,tabpfn_finetune_epoch_chunks_f_mmd,dataset_val_split | c_selection=f_mmd | c_source=test | c_metric=standardized_l2 | c_reserve_ratio=0.05,30,24,tabpfn_finetuning_api_f_mmd_grad_accum10,acc,0.8921433494141972,0.8938662991040661,,,2,True,False,,f_mmd,test,standardized_l2,0.05,6.279631832010183,8.064696886701478,,True
Intersectional-Bias-Assessment,/home/crc00006699/zh/tabiclv2/data184/Intersectional-Bias-Assessment,binclass,8800,1760,2200,19,2,0.9468181818181818,0.9468183246668962,0.9468189207662128,0.9898929791371716,0.1320890741109408,32.2212917804718,2.5288407802581787,ok,,8800,7040,0,2200,,30,1e-05,True,32.220542669296265,tabpfn_finetune_epoch_chunks_f_mmd,dataset_val_split | c_selection=f_mmd | c_source=test | c_metric=standardized_l2 | c_reserve_ratio=0.05,30,8,tabpfn_finetuning_api_f_mmd_grad_accum10,acc,0.9505681818181818,0.9511363636363636,,,2,True,False,,f_mmd,test,standardized_l2,0.05,2.2492573315861266,0.2857119665697081,,True
JapaneseVowels,/home/crc00006699/zh/tabiclv2/data184/JapaneseVowels,multiclass,7968,1594,1993,14,9,0.9979929754139488,0.9979921919501537,0.997596788102583,0.9999910857790713,0.0099268692373665,35.675037145614624,1.9042401313781736,ok,,7968,6374,0,1993,,30,1e-05,True,35.67464756965637,tabpfn_finetune_epoch_chunks_f_mmd,dataset_val_split | c_selection=f_mmd | c_source=test | c_metric=standardized_l2 | c_reserve_ratio=0.05,30,7,tabpfn_finetuning_api_f_mmd_grad_accum10,acc,0.99435382685069,0.9949811794228356,,,7,True,False,,f_mmd,test,standardized_l2,0.05,2.4441639519995397,0.3401013549296003,,True
KDDCup09_upselling,/home/crc00006699/zh/tabiclv2/data184/KDDCup09_upselling,binclass,4102,821,1026,49,2,0.8128654970760234,0.8112126962221838,0.8128654970760234,0.9123680980662616,0.3578796714326422,25.43256402015686,1.8962531089782717,ok,,4102,3281,0,1026,,30,1e-05,True,25.432059049606323,tabpfn_finetune_epoch_chunks_f_mmd,dataset_val_split | c_selection=f_mmd | c_source=test | c_metric=standardized_l2 | c_reserve_ratio=0.05,30,4,tabpfn_finetuning_api_f_mmd_grad_accum10,acc,0.8172959805115713,0.8185140073081608,,,2,True,False,,f_mmd,test,standardized_l2,0.05,7.355883309557695,13.613308663870152,,True
MIC,/home/crc00006699/zh/tabiclv2/data184/MIC,binclass,1319,264,330,104,2,0.9,0.8902006640078511,0.7325532363483027,0.8909972591187012,0.259396725816425,22.16985845565796,0.7989792823791504,ok,,1319,1055,0,330,,30,1e-05,True,22.169474124908447,tabpfn_finetune_epoch_chunks_f_mmd,dataset_val_split | c_selection=f_mmd | c_source=test | c_metric=standardized_l2 | c_reserve_ratio=0.05,30,2,tabpfn_finetuning_api_f_mmd_grad_accum10,acc,0.8636363636363636,0.8712121212121212,,,8,True,False,,f_mmd,test,standardized_l2,0.05,5.712530890529896,2.46779747282234,,True
Marketing_Campaign,/home/crc00006699/zh/tabiclv2/data184/Marketing_Campaign,binclass,1792,359,448,27,2,0.8861607142857143,0.8725268647281922,0.6870568417753751,0.9146981627296588,0.2533573310848877,5.4984660148620605,0.4266908168792724,ok,,1792,1433,0,448,,30,1e-05,True,5.49804162979126,tabpfn_finetune_epoch_chunks_f_mmd,dataset_val_split | c_selection=f_mmd | c_source=test | c_metric=standardized_l2 | c_reserve_ratio=0.05,30,2,tabpfn_finetuning_api_f_mmd_grad_accum10,acc,0.9052924791086352,0.9052924791086352,,,0,True,False,,f_mmd,test,standardized_l2,0.05,4.270192666814627,2.0658881644198885,,True
National_Health_and_Nutrition_Health_Survey,/home/crc00006699/zh/tabiclv2/data184/National_Health_and_Nutrition_Health_Survey,binclass,1822,365,456,7,2,0.8355263157894737,0.7913318971559885,0.541739690260739,0.765352838084338,0.3861460206395888,3.418822765350342,0.2254171371459961,ok,,1822,1457,0,456,,30,1e-05,True,3.418450832366944,tabpfn_finetune_epoch_chunks_f_mmd,dataset_val_split | c_selection=f_mmd | c_source=test | c_metric=standardized_l2 | c_reserve_ratio=0.05,30,2,tabpfn_finetuning_api_f_mmd_grad_accum10,acc,0.8547945205479452,0.8547945205479452,,,0,True,False,,f_mmd,test,standardized_l2,0.05,7.836993826876294,8.42613031023602,,True
PhishingWebsites,/home/crc00006699/zh/tabiclv2/data184/PhishingWebsites,binclass,8844,1769,2211,30,2,0.9751243781094528,0.9751008488458656,0.973915350055538,0.9975575689252144,0.065285650847043,99.27626085281372,2.792429208755493,ok,,8844,7075,0,2211,,30,1e-05,True,99.27589559555054,tabpfn_finetune_epoch_chunks_f_mmd,dataset_val_split | c_selection=f_mmd | c_source=test | c_metric=standardized_l2 | c_reserve_ratio=0.05,30,8,tabpfn_finetuning_api_f_mmd_grad_accum10,acc,0.9655172413793104,0.9728660260033918,,,20,True,False,,f_mmd,test,standardized_l2,0.05,3.135906720006338,0.4418695911838506,,True
Pima_Indians_Diabetes_Database,/home/crc00006699/zh/tabiclv2/data184/Pima_Indians_Diabetes_Database,binclass,614,123,154,8,2,0.7532467532467533,0.748121878121878,0.712037037037037,0.8707407407407408,0.4493411495456837,3.0722899436950684,0.2055671215057373,ok,,614,491,0,154,,30,1e-05,True,3.071917772293091,tabpfn_finetune_epoch_chunks_f_mmd,dataset_val_split | c_selection=f_mmd | c_source=test | c_metric=standardized_l2 | c_reserve_ratio=0.05,30,1,tabpfn_finetuning_api_f_mmd_grad_accum10,acc,0.7967479674796748,0.7967479674796748,,,0,True,False,,f_mmd,test,standardized_l2,0.05,4.29744305286492,1.2550670932773182,,True
Pumpkin_Seeds,/home/crc00006699/zh/tabiclv2/data184/Pumpkin_Seeds,binclass,2000,400,500,12,2,0.878,0.8778722020878236,0.8770833333333333,0.9451201923076922,0.3066849276299263,7.39889121055603,0.3277428150177002,ok,,2000,1600,0,500,,30,1e-05,True,7.398536205291748,tabpfn_finetune_epoch_chunks_f_mmd,dataset_val_split | c_selection=f_mmd | c_source=test | c_metric=standardized_l2 | c_reserve_ratio=0.05,30,2,tabpfn_finetuning_api_f_mmd_grad_accum10,acc,0.8725,0.8775,,,7,True,False,,f_mmd,test,standardized_l2,0.05,4.323479325957341,1.5603260508387111,,True
Rain_in_Australia,/home/crc00006699/zh/tabiclv2/data184/Rain_in_Australia,multiclass,116368,23274,29092,18,3,0.8428777670837344,0.8301890210158565,0.6520660591400472,0.8868283679826018,0.3960275532390642,671.435973405838,93.24518418312071,ok,,116368,93094,0,29092,,300,1e-05,True,671.4354867935181,tabpfn_finetune_epoch_chunks_f_mmd,dataset_val_split | c_selection=f_mmd | c_source=test | c_metric=standardized_l2 | c_reserve_ratio=0.05,30,94,tabpfn_finetuning_api_f_mmd_grad_accum10,acc,0.836942510956432,0.8379737045630317,,,2,True,False,,f_mmd,test,standardized_l2,0.05,3.852758044426094,2.1851638370561357,,True
Shipping,/home/crc00006699/zh/tabiclv2/data184/Shipping,binclass,8799,1760,2200,9,2,0.6859090909090909,0.6783440599331595,0.7245525715138974,0.7352447791121824,0.5003319099154065,33.41758060455322,1.375136137008667,ok,,8799,7039,0,2200,,30,1e-05,True,33.417059898376465,tabpfn_finetune_epoch_chunks_f_mmd,dataset_val_split | c_selection=f_mmd | c_source=test | c_metric=standardized_l2 | c_reserve_ratio=0.05,30,8,tabpfn_finetuning_api_f_mmd_grad_accum10,acc,0.6806818181818182,0.6829545454545455,,,5,True,False,,f_mmd,test,standardized_l2,0.05,2.5598365822578097,0.4748629358649991,,True
VulNoneVul,/home/crc00006699/zh/tabiclv2/data184/VulNoneVul,binclass,4553,911,1139,16,2,0.9894644424934153,0.9842245601854184,0.5,0.8044587400177463,0.0524772835521499,10.733939170837402,0.9945957660675048,ok,,4553,3642,0,1139,,30,1e-05,True,10.733494997024536,tabpfn_finetune_epoch_chunks_f_mmd,dataset_val_split | c_selection=f_mmd | c_source=test | c_metric=standardized_l2 | c_reserve_ratio=0.05,30,4,tabpfn_finetuning_api_f_mmd_grad_accum10,acc,0.9890230515916576,0.9890230515916576,,,0,True,False,,f_mmd,test,standardized_l2,0.05,10.12515923836551,10.480264357881772,,True
Waterstress,/home/crc00006699/zh/tabiclv2/data184/Waterstress,binclass,950,190,238,22,2,0.7226890756302521,0.7215111177214248,0.7252032520325203,0.8166489925768823,0.5202304964218947,5.171453714370728,0.2553243637084961,ok,,950,760,0,238,,30,1e-05,True,5.171095609664917,tabpfn_finetune_epoch_chunks_f_mmd,dataset_val_split | c_selection=f_mmd | c_source=test | c_metric=standardized_l2 | c_reserve_ratio=0.05,30,1,tabpfn_finetuning_api_f_mmd_grad_accum10,acc,0.7684210526315789,0.7789473684210526,,,4,True,False,,f_mmd,test,standardized_l2,0.05,6.664162551711221,1.4893363023500763,,True
abalone,/home/crc00006699/zh/tabiclv2/data184/abalone,multiclass,3341,669,836,8,3,0.6375598086124402,0.6419287230454848,0.6357974239228334,0.8285010130487017,0.7489310075900686,19.39224934577942,0.4311983585357666,ok,,3341,2672,0,836,,30,1e-05,True,19.39175248146057,tabpfn_finetune_epoch_chunks_f_mmd,dataset_val_split | c_selection=f_mmd | c_source=test | c_metric=standardized_l2 | c_reserve_ratio=0.05,30,3,tabpfn_finetuning_api_f_mmd_grad_accum10,acc,0.6756352765321375,0.6831091180866966,,,16,True,False,,f_mmd,test,standardized_l2,0.05,4.875001077416224,4.542494354007652,,True
ada,/home/crc00006699/zh/tabiclv2/data184/ada,binclass,3317,664,830,48,2,0.863855421686747,0.8596819017432741,0.7907642519293006,0.9166588872292754,0.3074229593102424,11.881105899810793,1.097134351730347,ok,,3317,2653,0,830,,30,1e-05,True,11.88059949874878,tabpfn_finetune_epoch_chunks_f_mmd,dataset_val_split | c_selection=f_mmd | c_source=test | c_metric=standardized_l2 | c_reserve_ratio=0.05,30,3,tabpfn_finetuning_api_f_mmd_grad_accum10,acc,0.8780120481927711,0.8780120481927711,,,0,True,False,,f_mmd,test,standardized_l2,0.05,3.875754000291905,3.282062354419772,,True
ada_prior,/home/crc00006699/zh/tabiclv2/data184/ada_prior,binclass,3649,730,913,14,2,0.8521358159912377,0.843807495510604,0.757173039133841,0.8936084817816364,0.3415710610980373,12.88875436782837,0.5885837078094482,ok,,3649,2919,0,913,,30,1e-05,True,12.888304948806764,tabpfn_finetune_epoch_chunks_f_mmd,dataset_val_split | c_selection=f_mmd | c_source=test | c_metric=standardized_l2 | c_reserve_ratio=0.05,30,3,tabpfn_finetuning_api_f_mmd_grad_accum10,acc,0.8383561643835616,0.8397260273972603,,,5,True,False,,f_mmd,test,standardized_l2,0.05,4.206561837432014,3.0775217738315286,,True
airlines_seed_0_nrows_2000_nclasses_10_ncols_100_stratify_True,/home/crc00006699/zh/tabiclv2/data184/airlines_seed_0_nrows_2000_nclasses_10_ncols_100_stratify_True,binclass,1600,320,400,7,2,0.62,0.6049723254632476,0.599200323919425,0.6474592570098188,0.6408007188095575,7.818241834640503,0.225642442703247,ok,,1600,1280,0,400,,30,1e-05,True,7.817800521850586,tabpfn_finetune_epoch_chunks_f_mmd,dataset_val_split | c_selection=f_mmd | c_source=test | c_metric=standardized_l2 | c_reserve_ratio=0.05,30,2,tabpfn_finetuning_api_f_mmd_grad_accum10,acc,0.64375,0.65,,,9,True,False,,f_mmd,test,standardized_l2,0.05,2.519760960365528,0.4749052057318915,,True
allrep,/home/crc00006699/zh/tabiclv2/data184/allrep,multiclass,3017,604,755,29,4,0.9867549668874172,0.98677054011859,0.8236301369863013,0.9966742629094568,0.0363419755598771,8.998913526535034,0.6701412200927734,ok,,3017,2413,0,755,,30,1e-05,True,8.998544692993164,tabpfn_finetune_epoch_chunks_f_mmd,dataset_val_split | c_selection=f_mmd | c_source=test | c_metric=standardized_l2 | c_reserve_ratio=0.05,30,3,tabpfn_finetuning_api_f_mmd_grad_accum10,acc,0.9867549668874172,0.9867549668874172,,,0,True,False,,f_mmd,test,standardized_l2,0.05,4.923483544383586,3.86759776061346,,True
artificial-characters,/home/crc00006699/zh/tabiclv2/data184/artificial-characters,multiclass,8174,1635,2044,7,10,0.7720156555772995,0.7713918543521417,0.7659938640518575,0.978188315396004,0.5399948651085812,17.04712176322937,1.189725399017334,ok,,8174,6539,0,2044,,30,1e-05,True,17.046642065048218,tabpfn_finetune_epoch_chunks_f_mmd,dataset_val_split | c_selection=f_mmd | c_source=test | c_metric=standardized_l2 | c_reserve_ratio=0.05,30,7,tabpfn_finetuning_api_f_mmd_grad_accum10,acc,0.7718654434250765,0.7718654434250765,,,0,True,False,,f_mmd,test,standardized_l2,0.05,3.4496080865884204,0.9555585553156998,,True
autoUniv-au7-1100,/home/crc00006699/zh/tabiclv2/data184/autoUniv-au7-1100,multiclass,880,176,220,12,5,0.3954545454545454,0.3736683017618507,0.3778690671887331,0.7157223259001304,1.3807942341093509,4.475583791732788,0.216459035873413,ok,,880,704,0,220,,30,1e-05,True,4.475050210952759,tabpfn_finetune_epoch_chunks_f_mmd,dataset_val_split | c_selection=f_mmd | c_source=test | c_metric=standardized_l2 | c_reserve_ratio=0.05,30,1,tabpfn_finetuning_api_f_mmd_grad_accum10,acc,0.4772727272727273,0.4886363636363636,,,2,True,False,,f_mmd,test,standardized_l2,0.05,1.819417358002407,0.0817604692692714,,True
banknote_authentication,/home/crc00006699/zh/tabiclv2/data184/banknote_authentication,binclass,1097,220,275,4,2,0.5563636363636364,0.3977740016992354,0.5,0.5119200685738776,0.6866754696706497,5.161041975021362,0.2044117450714111,ok,,1097,877,0,275,,30,1e-05,True,5.160680532455444,tabpfn_finetune_epoch_chunks_f_mmd,dataset_val_split | c_selection=f_mmd | c_source=test | c_metric=standardized_l2 | c_reserve_ratio=0.05,30,1,tabpfn_finetuning_api_f_mmd_grad_accum10,acc,0.5545454545454546,0.5590909090909091,,,5,True,False,,f_mmd,test,standardized_l2,0.05,4.3185916616191244,1.0112856072925027,,True
car-evaluation,/home/crc00006699/zh/tabiclv2/data184/car-evaluation,multiclass,1382,277,346,21,4,0.9826589595375722,0.9828345096242236,0.9725501770956316,0.9987182659175547,0.0500916752159234,4.057514190673828,0.259052038192749,ok,,1382,1105,0,346,,30,1e-05,True,4.057156562805176,tabpfn_finetune_epoch_chunks_f_mmd,dataset_val_split | c_selection=f_mmd | c_source=test | c_metric=standardized_l2 | c_reserve_ratio=0.05,30,2,tabpfn_finetuning_api_f_mmd_grad_accum10,acc,1.0,1.0,,,0,True,False,,f_mmd,test,standardized_l2,0.05,1.285493372739506,0.0041006102285034,,True
cmc,/home/crc00006699/zh/tabiclv2/data184/cmc,multiclass,1178,236,295,9,3,0.5966101694915255,0.5957418779066461,0.5725434452387921,0.763488153199388,0.8758974980509984,4.813116788864136,0.2136454582214355,ok,,1178,942,0,295,,30,1e-05,True,4.812696695327759,tabpfn_finetune_epoch_chunks_f_mmd,dataset_val_split | c_selection=f_mmd | c_source=test | c_metric=standardized_l2 | c_reserve_ratio=0.05,30,1,tabpfn_finetuning_api_f_mmd_grad_accum10,acc,0.5635593220338984,0.5677966101694916,,,3,True,False,,f_mmd,test,standardized_l2,0.05,3.1589966174044664,0.5584780100985598,,True
compass,/home/crc00006699/zh/tabiclv2/data184/compass,binclass,13315,2663,3329,17,2,0.71462901772304,0.7146081068961039,0.7146264654077155,0.7863513152575652,0.5593624128530588,60.26928615570069,3.9883766174316406,ok,,13315,10652,0,3329,,60,1e-05,True,60.26889681816101,tabpfn_finetune_epoch_chunks_f_mmd,dataset_val_split | c_selection=f_mmd | c_source=test | c_metric=standardized_l2 | c_reserve_ratio=0.05,30,11,tabpfn_finetuning_api_f_mmd_grad_accum10,acc,0.7292527224934284,0.7326323695080736,,,5,True,False,,f_mmd,test,standardized_l2,0.05,5.488225733846663,4.716725551241633,,True
contraceptive_method_choice,/home/crc00006699/zh/tabiclv2/data184/contraceptive_method_choice,multiclass,1178,236,295,9,3,0.6135593220338983,0.6154283436463762,0.5972588040191201,0.7911806554080602,0.8322203348084285,5.591773986816406,0.2098252773284912,ok,,1178,942,0,295,,30,1e-05,True,5.591332197189331,tabpfn_finetune_epoch_chunks_f_mmd,dataset_val_split | c_selection=f_mmd | c_source=test | c_metric=standardized_l2 | c_reserve_ratio=0.05,30,1,tabpfn_finetuning_api_f_mmd_grad_accum10,acc,0.5466101694915254,0.5508474576271186,,,5,True,False,,f_mmd,test,standardized_l2,0.05,3.188844304160777,0.5644437069734197,,True
credit-g,/home/crc00006699/zh/tabiclv2/data184/credit-g,binclass,800,160,200,20,2,0.795,0.7784764043414651,0.7011904761904761,0.8495833333333334,0.442773350120877,3.851644515991211,0.2269341945648193,ok,,800,640,0,200,,30,1e-05,True,3.851253271102905,tabpfn_finetune_epoch_chunks_f_mmd,dataset_val_split | c_selection=f_mmd | c_source=test | c_metric=standardized_l2 | c_reserve_ratio=0.05,30,1,tabpfn_finetuning_api_f_mmd_grad_accum10,acc,0.7875,0.7875,,,0,True,False,,f_mmd,test,standardized_l2,0.05,2.7437561514303046,0.3917983502035598,,True
dabetes_130-us_hospitals,/home/crc00006699/zh/tabiclv2/data184/dabetes_130-us_hospitals,binclass,81412,16283,20354,20,2,0.632062493858701,0.6276964903619192,0.6238627673805032,0.6862795465448119,0.6296890455296347,603.4665975570679,90.2233819961548,ok,,81412,65129,0,20354,,210,1e-05,True,603.4661164283752,tabpfn_finetune_epoch_chunks_f_mmd,dataset_val_split | c_selection=f_mmd | c_source=test | c_metric=standardized_l2 | c_reserve_ratio=0.05,30,66,tabpfn_finetuning_api_f_mmd_grad_accum10,acc,0.6359393232205367,0.6372290118528526,,,4,True,False,,f_mmd,test,standardized_l2,0.05,3.4182195091968306,3.181466907803433,,True
delta_ailerons,/home/crc00006699/zh/tabiclv2/data184/delta_ailerons,binclass,5703,1141,1426,5,2,0.9551192145862551,0.9551230246505622,0.9550345257911708,0.9820094662077709,0.1556925299969934,38.18761682510376,0.6181142330169678,ok,,5703,4562,0,1426,,30,1e-05,True,38.186946392059326,tabpfn_finetune_epoch_chunks_f_mmd,dataset_val_split | c_selection=f_mmd | c_source=test | c_metric=standardized_l2 | c_reserve_ratio=0.05,30,5,tabpfn_finetuning_api_f_mmd_grad_accum10,acc,0.9395267309377738,0.9430324276950044,,,21,True,False,,f_mmd,test,standardized_l2,0.05,3.6793669863984393,1.057048401554338,,True
dna,/home/crc00006699/zh/tabiclv2/data184/dna,multiclass,2548,510,638,180,3,0.9717868338557992,0.9719173989823628,0.970227848226782,0.9976779010617168,0.0831950249114727,59.49632477760315,2.663362503051758,ok,,2548,2038,0,638,,30,1e-05,True,59.49586582183838,tabpfn_finetune_epoch_chunks_f_mmd,dataset_val_split | c_selection=f_mmd | c_source=test | c_metric=standardized_l2 | c_reserve_ratio=0.05,30,3,tabpfn_finetuning_api_f_mmd_grad_accum10,acc,0.9725490196078432,0.9745098039215686,,,4,True,False,,f_mmd,test,standardized_l2,0.05,1.4338549391017597,0.036206416199837,,True
dry_bean_dataset,/home/crc00006699/zh/tabiclv2/data184/dry_bean_dataset,multiclass,10888,2178,2723,16,7,0.9265515975027544,0.9265786610154402,0.9367149059434428,0.9956525385992188,0.1940359631453657,28.860188007354736,3.4167733192443848,ok,,10888,8710,0,2723,,30,1e-05,True,28.85958981513977,tabpfn_finetune_epoch_chunks_f_mmd,dataset_val_split | c_selection=f_mmd | c_source=test | c_metric=standardized_l2 | c_reserve_ratio=0.05,30,9,tabpfn_finetuning_api_f_mmd_grad_accum10,acc,0.9306703397612488,0.9306703397612488,,,0,True,False,,f_mmd,test,standardized_l2,0.05,6.031110747134181,2.1603648275134515,,True
electricity,/home/crc00006699/zh/tabiclv2/data184/electricity,binclass,36249,7250,9063,8,2,0.8965022619441686,0.8964773210851962,0.8938543861362653,0.9642848920533484,0.2606911644055761,161.7333767414093,14.664931774139404,ok,,36249,28999,0,9063,,90,1e-05,True,161.73287630081177,tabpfn_finetune_epoch_chunks_f_mmd,dataset_val_split | c_selection=f_mmd | c_source=test | c_metric=standardized_l2 | c_reserve_ratio=0.05,30,29,tabpfn_finetuning_api_f_mmd_grad_accum10,acc,0.9023448275862068,0.9070344827586206,,,5,True,False,,f_mmd,test,standardized_l2,0.05,28.495199247867745,31.0133038452569,,True
eucalyptus,/home/crc00006699/zh/tabiclv2/data184/eucalyptus,multiclass,588,118,148,19,5,0.7364864864864865,0.7400526422265553,0.7264595869247032,0.935467044540131,0.6393331813305793,5.502132415771484,0.2153873443603515,ok,,588,470,0,148,,30,1e-05,True,5.501724004745483,tabpfn_finetune_epoch_chunks_f_mmd,dataset_val_split | c_selection=f_mmd | c_source=test | c_metric=standardized_l2 | c_reserve_ratio=0.05,30,1,tabpfn_finetuning_api_f_mmd_grad_accum10,acc,0.6864406779661016,0.711864406779661,,,4,True,False,,f_mmd,test,standardized_l2,0.05,3.5715512309300785,2.342872129743462,,True
eye_movements_bin,/home/crc00006699/zh/tabiclv2/data184/eye_movements_bin,binclass,6086,1218,1522,20,2,0.7247043363994744,0.7245586778844181,0.7247043363994744,0.799245753478116,0.559043289634032,27.294780015945435,1.717322826385498,ok,,6086,4868,0,1522,,30,1e-05,True,27.294344663619995,tabpfn_finetune_epoch_chunks_f_mmd,dataset_val_split | c_selection=f_mmd | c_source=test | c_metric=standardized_l2 | c_reserve_ratio=0.05,30,5,tabpfn_finetuning_api_f_mmd_grad_accum10,acc,0.7027914614121511,0.7077175697865353,,,6,True,False,,f_mmd,test,standardized_l2,0.05,6.726200199852074,4.079544062075423,,True
golf_play_dataset_extended,/home/crc00006699/zh/tabiclv2/data184/golf_play_dataset_extended,binclass,876,176,219,9,2,0.9315068493150684,0.9312292066229928,0.8928122643880372,0.979517466700176,0.1516738671040914,3.3391003608703613,0.2173845767974853,ok,,876,700,0,219,,30,1e-05,True,3.338733673095703,tabpfn_finetune_epoch_chunks_f_mmd,dataset_val_split | c_selection=f_mmd | c_source=test | c_metric=standardized_l2 | c_reserve_ratio=0.05,30,1,tabpfn_finetuning_api_f_mmd_grad_accum10,acc,0.9090909090909092,0.9090909090909092,,,0,True,False,,f_mmd,test,standardized_l2,0.05,3.2420692300951326,0.1752892601920151,,True
hill-valley,/home/crc00006699/zh/tabiclv2/data184/hill-valley,binclass,969,194,243,100,2,0.9917695473251028,0.9917695473251028,0.9917694079393036,0.9946484216230864,0.1855247783749508,20.4606192111969,0.7494850158691406,ok,,969,775,0,243,,30,1e-05,True,20.460240840911865,tabpfn_finetune_epoch_chunks_f_mmd,dataset_val_split | c_selection=f_mmd | c_source=test | c_metric=standardized_l2 | c_reserve_ratio=0.05,30,1,tabpfn_finetuning_api_f_mmd_grad_accum10,acc,0.9381443298969072,0.9484536082474226,,,7,True,False,,f_mmd,test,standardized_l2,0.05,13.658256198909651,8.435375438395974,,True
htru,/home/crc00006699/zh/tabiclv2/data184/htru,binclass,14318,2864,3580,8,2,0.9793296089385476,0.9792147107324016,0.9324261992619928,0.9868823688236884,0.0644079597022084,50.80946397781372,3.126147985458374,ok,,14318,11454,0,3580,,60,1e-05,True,50.80909204483032,tabpfn_finetune_epoch_chunks_f_mmd,dataset_val_split | c_selection=f_mmd | c_source=test | c_metric=standardized_l2 | c_reserve_ratio=0.05,30,12,tabpfn_finetuning_api_f_mmd_grad_accum10,acc,0.9780027932960894,0.9793994413407822,,,5,True,False,,f_mmd,test,standardized_l2,0.05,8.849397583440531,3.665177504956855,,True
in_vehicle_coupon_recommendation,/home/crc00006699/zh/tabiclv2/data184/in_vehicle_coupon_recommendation,binclass,10147,2030,2537,21,2,0.757981868348443,0.7558469443203626,0.7468850341040791,0.8274004268551416,0.5033674931099953,53.15999841690064,2.522123336791992,ok,,10147,8117,0,2537,,30,1e-05,True,53.15956401824951,tabpfn_finetune_epoch_chunks_f_mmd,dataset_val_split | c_selection=f_mmd | c_source=test | c_metric=standardized_l2 | c_reserve_ratio=0.05,30,9,tabpfn_finetuning_api_f_mmd_grad_accum10,acc,0.7379310344827587,0.7399014778325124,,,7,True,False,,f_mmd,test,standardized_l2,0.05,1.697247466573384,0.0974727343984589,,True
jasmine,/home/crc00006699/zh/tabiclv2/data184/jasmine,binclass,2387,478,597,144,2,0.8190954773869347,0.8171555732662313,0.8192689277457296,0.8794920428273215,0.3858765486286016,40.7761390209198,1.9634454250335691,ok,,2387,1909,0,597,,30,1e-05,True,40.77556276321411,tabpfn_finetune_epoch_chunks_f_mmd,dataset_val_split | c_selection=f_mmd | c_source=test | c_metric=standardized_l2 | c_reserve_ratio=0.05,30,2,tabpfn_finetuning_api_f_mmd_grad_accum10,acc,0.8410041841004184,0.8451882845188284,,,4,True,False,,f_mmd,test,standardized_l2,0.05,3.744939232855244,2.496165052757159,,True
jungle_chess_2pcs_raw_endgame_complete,/home/crc00006699/zh/tabiclv2/data184/jungle_chess_2pcs_raw_endgame_complete,multiclass,35855,7171,8964,6,3,0.8644578313253012,0.8618979393802016,0.7907321892621867,0.976134064753805,0.2534360679129911,90.84033536911012,12.264921188354492,ok,,35855,28684,0,8964,,90,1e-05,True,90.83994841575624,tabpfn_finetune_epoch_chunks_f_mmd,dataset_val_split | c_selection=f_mmd | c_source=test | c_metric=standardized_l2 | c_reserve_ratio=0.05,30,29,tabpfn_finetuning_api_f_mmd_grad_accum10,acc,0.8729605354901687,0.8729605354901687,,,0,True,False,,f_mmd,test,standardized_l2,0.05,1.924685444908924,0.1210793482519101,,True
kdd_ipums_la_97-small,/home/crc00006699/zh/tabiclv2/data184/kdd_ipums_la_97-small,binclass,4150,830,1038,20,2,0.8872832369942196,0.8868394987416361,0.8872832369942196,0.9471192934389164,0.2652253669562212,18.868363857269287,1.0146815776824951,ok,,4150,3320,0,1038,,30,1e-05,True,18.86783170700073,tabpfn_finetune_epoch_chunks_f_mmd,dataset_val_split | c_selection=f_mmd | c_source=test | c_metric=standardized_l2 | c_reserve_ratio=0.05,30,4,tabpfn_finetuning_api_f_mmd_grad_accum10,acc,0.8759036144578313,0.8795180722891566,,,6,True,False,,f_mmd,test,standardized_l2,0.05,3.334526206214702,0.717329671527957,,True
law-school-admission-bianry,/home/crc00006699/zh/tabiclv2/data184/law-school-admission-bianry,binclass,16640,3328,4160,11,2,1.0,1.0,1.0,1.0,4.626531923339964e-07,43.24813079833984,4.155155420303345,ok,,16640,13312,0,4160,,60,1e-05,True,43.24775624275208,tabpfn_finetune_epoch_chunks_f_mmd,dataset_val_split | c_selection=f_mmd | c_source=test | c_metric=standardized_l2 | c_reserve_ratio=0.05,30,14,tabpfn_finetuning_api_f_mmd_grad_accum10,acc,1.0,1.0,,,0,True,False,,f_mmd,test,standardized_l2,0.05,3.3071820339287137,0.8112351196168791,,True
led7,/home/crc00006699/zh/tabiclv2/data184/led7,multiclass,2560,512,640,7,10,0.7359375,0.730611266123343,0.7350718744490872,0.957851468988716,0.7965380591881173,8.52485203742981,0.2774887084960937,ok,,2560,2048,0,640,,30,1e-05,True,8.524353265762329,tabpfn_finetune_epoch_chunks_f_mmd,dataset_val_split | c_selection=f_mmd | c_source=test | c_metric=standardized_l2 | c_reserve_ratio=0.05,30,3,tabpfn_finetuning_api_f_mmd_grad_accum10,acc,0.724609375,0.7265625,,,3,True,False,,f_mmd,test,standardized_l2,0.05,2.025028975375943,0.1385324424992917,,True
mammography,/home/crc00006699/zh/tabiclv2/data184/mammography,binclass,8946,1790,2237,6,2,0.9856951274027717,0.9844207763182696,0.7674001056152085,0.9769406794578418,0.0380588454607,19.30646514892578,1.280653953552246,ok,,8946,7156,0,2237,,30,1e-05,True,19.30591607093811,tabpfn_finetune_epoch_chunks_f_mmd,dataset_val_split | c_selection=f_mmd | c_source=test | c_metric=standardized_l2 | c_reserve_ratio=0.05,30,8,tabpfn_finetuning_api_f_mmd_grad_accum10,acc,0.988268156424581,0.988268156424581,,,0,True,False,,f_mmd,test,standardized_l2,0.05,7.874572994930704,9.484884391490192,,True
mfeat-factors,/home/crc00006699/zh/tabiclv2/data184/mfeat-factors,multiclass,1600,320,400,216,10,0.965,0.965046421862054,0.965,0.998875,0.1123996570461748,171.1922788619995,2.562354803085327,ok,,1600,1280,0,400,,30,1e-05,True,171.19185280799866,tabpfn_finetune_epoch_chunks_f_mmd,dataset_val_split | c_selection=f_mmd | c_source=test | c_metric=standardized_l2 | c_reserve_ratio=0.05,30,2,tabpfn_finetuning_api_f_mmd_grad_accum10,acc,0.96875,0.96875,,,0,True,False,,f_mmd,test,standardized_l2,0.05,2.0588483748197195,0.210254983477665,,True
mfeat-karhunen,/home/crc00006699/zh/tabiclv2/data184/mfeat-karhunen,multiclass,1600,320,400,64,10,0.97,0.969884423022418,0.97,0.9988333333333334,0.1332816848740722,18.183220148086548,0.8492343425750732,ok,,1600,1280,0,400,,30,1e-05,True,18.18271803855896,tabpfn_finetune_epoch_chunks_f_mmd,dataset_val_split | c_selection=f_mmd | c_source=test | c_metric=standardized_l2 | c_reserve_ratio=0.05,30,2,tabpfn_finetuning_api_f_mmd_grad_accum10,acc,0.96875,0.978125,,,7,True,False,,f_mmd,test,standardized_l2,0.05,1.742347368462596,0.081358236381311,,True
mfeat-pixel,/home/crc00006699/zh/tabiclv2/data184/mfeat-pixel,multiclass,1600,320,400,240,10,0.9625,0.9624624295259724,0.9625,0.9986527777777778,0.1528818037762465,64.92015337944031,2.0378963947296143,ok,,1600,1280,0,400,,30,1e-05,True,64.91974425315857,tabpfn_finetune_epoch_chunks_f_mmd,dataset_val_split | c_selection=f_mmd | c_source=test | c_metric=standardized_l2 | c_reserve_ratio=0.05,30,2,tabpfn_finetuning_api_f_mmd_grad_accum10,acc,0.9625,0.96875,,,9,True,False,,f_mmd,test,standardized_l2,0.05,1.7238650669662638,0.0898627304730372,,True
mice_protein_expression,/home/crc00006699/zh/tabiclv2/data184/mice_protein_expression,multiclass,864,173,216,75,8,1.0,1.0,1.0,1.0,0.000583395757117,6.477221488952637,0.5191240310668945,ok,,864,691,0,216,,30,1e-05,True,6.476811408996582,tabpfn_finetune_epoch_chunks_f_mmd,dataset_val_split | c_selection=f_mmd | c_source=test | c_metric=standardized_l2 | c_reserve_ratio=0.05,30,1,tabpfn_finetuning_api_f_mmd_grad_accum10,acc,1.0,1.0,,,0,True,False,,f_mmd,test,standardized_l2,0.05,3.8332374332200425,3.050095020531528,,True
mobile_c36_oversampling,/home/crc00006699/zh/tabiclv2/data184/mobile_c36_oversampling,binclass,41408,8282,10352,6,2,0.991402627511592,0.9913982933412798,0.9904912947117336,0.9990924493664984,0.030317085586671,148.14518809318542,15.936665773391724,ok,,41408,33126,0,10352,,120,1e-05,True,148.1448245048523,tabpfn_finetune_epoch_chunks_f_mmd,dataset_val_split | c_selection=f_mmd | c_source=test | c_metric=standardized_l2 | c_reserve_ratio=0.05,30,34,tabpfn_finetuning_api_f_mmd_grad_accum10,acc,0.9922723979715043,0.9932383482250664,,,3,True,False,,f_mmd,test,standardized_l2,0.05,3.8491099588937,1.0281350371611264,,True
national-longitudinal-survey-binary,/home/crc00006699/zh/tabiclv2/data184/national-longitudinal-survey-binary,binclass,3926,786,982,16,2,1.0,1.0,1.0,1.0,0.0002126102653633,10.349128246307371,0.7159168720245361,ok,,3926,3140,0,982,,30,1e-05,True,10.348503351211548,tabpfn_finetune_epoch_chunks_f_mmd,dataset_val_split | c_selection=f_mmd | c_source=test | c_metric=standardized_l2 | c_reserve_ratio=0.05,30,4,tabpfn_finetuning_api_f_mmd_grad_accum10,acc,1.0,1.0,,,0,True,False,,f_mmd,test,standardized_l2,0.05,2.8592970129444466,0.4413797648823632,,True
online_shoppers,/home/crc00006699/zh/tabiclv2/data184/online_shoppers,binclass,9864,1973,2466,14,2,0.90551500405515,0.901466139190916,0.7816133392288289,0.9286969531006622,0.2290244894072256,41.63781809806824,2.136018753051758,ok,,9864,7891,0,2466,,30,1e-05,True,41.63743329048157,tabpfn_finetune_epoch_chunks_f_mmd,dataset_val_split | c_selection=f_mmd | c_source=test | c_metric=standardized_l2 | c_reserve_ratio=0.05,30,8,tabpfn_finetuning_api_f_mmd_grad_accum10,acc,0.9026862645717182,0.9047136340598074,,,6,True,False,,f_mmd,test,standardized_l2,0.05,3.503814808405055,1.9446444224653523,,True
ozone-level-8hr,/home/crc00006699/zh/tabiclv2/data184/ozone-level-8hr,binclass,2027,406,507,72,2,0.9487179487179488,0.9391612998332366,0.6520394736842106,0.921217105263158,0.1420070406171169,29.191616773605347,1.228386640548706,ok,,2027,1621,0,507,,30,1e-05,True,29.19119930267334,tabpfn_finetune_epoch_chunks_f_mmd,dataset_val_split | c_selection=f_mmd | c_source=test | c_metric=standardized_l2 | c_reserve_ratio=0.05,30,2,tabpfn_finetuning_api_f_mmd_grad_accum10,acc,0.9482758620689656,0.9507389162561576,,,8,True,False,,f_mmd,test,standardized_l2,0.05,3.760222356214883,0.9378070589744116,,True
page-blocks,/home/crc00006699/zh/tabiclv2/data184/page-blocks,multiclass,4378,876,1095,10,5,0.9762557077625572,0.9761039594115472,0.8993268524959446,0.9932028278518444,0.0901809766457075,17.867945194244385,0.6923274993896484,ok,,4378,3502,0,1095,,30,1e-05,True,17.867563009262085,tabpfn_finetune_epoch_chunks_f_mmd,dataset_val_split | c_selection=f_mmd | c_source=test | c_metric=standardized_l2 | c_reserve_ratio=0.05,30,4,tabpfn_finetuning_api_f_mmd_grad_accum10,acc,0.9726027397260274,0.973744292237443,,,8,True,False,,f_mmd,test,standardized_l2,0.05,320.8641444888483,336.7717025029089,,True
pc3,/home/crc00006699/zh/tabiclv2/data184/pc3,binclass,1250,250,313,37,2,0.9009584664536742,0.8713234468060816,0.5571619217081851,0.8215080071174377,0.2747338146687235,5.34857702255249,0.4226911067962646,ok,,1250,1000,0,313,,30,1e-05,True,5.348162412643433,tabpfn_finetune_epoch_chunks_f_mmd,dataset_val_split | c_selection=f_mmd | c_source=test | c_metric=standardized_l2 | c_reserve_ratio=0.05,30,1,tabpfn_finetuning_api_f_mmd_grad_accum10,acc,0.876,0.876,,,0,True,False,,f_mmd,test,standardized_l2,0.05,11.670120732183827,18.552186057997343,,True
pendigits,/home/crc00006699/zh/tabiclv2/data184/pendigits,multiclass,8793,1759,2199,16,10,0.9959072305593452,0.9959088578555448,0.995881691594204,0.9996542019121228,0.0178496745331086,48.69081807136536,2.4403576850891118,ok,,8793,7034,0,2199,,30,1e-05,True,48.690451860427856,tabpfn_finetune_epoch_chunks_f_mmd,dataset_val_split | c_selection=f_mmd | c_source=test | c_metric=standardized_l2 | c_reserve_ratio=0.05,30,8,tabpfn_finetuning_api_f_mmd_grad_accum10,acc,0.9948834565093804,0.9960204661739624,,,9,True,False,,f_mmd,test,standardized_l2,0.05,2.444143588041946,0.5017865368418835,,True
pol,/home/crc00006699/zh/tabiclv2/data184/pol,binclass,8065,1613,2017,26,2,0.9881011403073872,0.9881007542246396,0.9881040870262872,0.9996145798920824,0.0278597463445606,38.21647095680237,3.189261674880981,ok,,8065,6452,0,2017,,30,1e-05,True,38.21606636047363,tabpfn_finetune_epoch_chunks_f_mmd,dataset_val_split | c_selection=f_mmd | c_source=test | c_metric=standardized_l2 | c_reserve_ratio=0.05,30,7,tabpfn_finetuning_api_f_mmd_grad_accum10,acc,0.9869807811531308,0.9876007439553628,,,4,True,False,,f_mmd,test,standardized_l2,0.05,7.324986801870344,2.8756023562699675,,True
rice_cammeo_and_osmancik,/home/crc00006699/zh/tabiclv2/data184/rice_cammeo_and_osmancik,binclass,3048,610,762,7,2,0.926509186351706,0.926353442579802,0.923010356278494,0.9763395621095288,0.1962565484320342,7.541758298873901,0.3643152713775635,ok,,3048,2438,0,762,,30,1e-05,True,7.541302919387817,tabpfn_finetune_epoch_chunks_f_mmd,dataset_val_split | c_selection=f_mmd | c_source=test | c_metric=standardized_l2 | c_reserve_ratio=0.05,30,3,tabpfn_finetuning_api_f_mmd_grad_accum10,acc,0.9311475409836064,0.9327868852459016,,,2,True,False,,f_mmd,test,standardized_l2,0.05,3.80226046319897,0.9420831003122344,,True
rl,/home/crc00006699/zh/tabiclv2/data184/rl,binclass,3976,796,994,12,2,0.886317907444668,0.8863085869295666,0.886317907444668,0.9454554287495596,0.3006366664951753,30.08559560775757,0.5665137767791748,ok,,3976,3180,0,994,,30,1e-05,True,30.08524298667908,tabpfn_finetune_epoch_chunks_f_mmd,dataset_val_split | c_selection=f_mmd | c_source=test | c_metric=standardized_l2 | c_reserve_ratio=0.05,30,4,tabpfn_finetuning_api_f_mmd_grad_accum10,acc,0.8668341708542714,0.8844221105527639,,,18,True,False,,f_mmd,test,standardized_l2,0.05,5.286467300589445,1.5866896866662414,,True
segment,/home/crc00006699/zh/tabiclv2/data184/segment,multiclass,1848,370,462,17,7,0.9372294372294372,0.9375115127915764,0.9372294372294372,0.9959442913988368,0.1694680863547876,4.47179102897644,0.3551244735717773,ok,,1848,1478,0,462,,30,1e-05,True,4.471066951751709,tabpfn_finetune_epoch_chunks_f_mmd,dataset_val_split | c_selection=f_mmd | c_source=test | c_metric=standardized_l2 | c_reserve_ratio=0.05,30,2,tabpfn_finetuning_api_f_mmd_grad_accum10,acc,0.9486486486486486,0.9486486486486486,,,0,True,False,,f_mmd,test,standardized_l2,0.05,5.893529068765413,9.402798278109907,,True
semeion,/home/crc00006699/zh/tabiclv2/data184/semeion,multiclass,1274,255,319,256,10,0.9247648902821316,0.9253810513022276,0.9248991935483872,0.9963912226967891,0.247667901860363,24.370854139328003,1.675158977508545,ok,,1274,1019,0,319,,30,1e-05,True,24.369668006896973,tabpfn_finetune_epoch_chunks_f_mmd,dataset_val_split | c_selection=f_mmd | c_source=test | c_metric=standardized_l2 | c_reserve_ratio=0.05,30,2,tabpfn_finetuning_api_f_mmd_grad_accum10,acc,0.9333333333333332,0.9333333333333332,,,0,True,False,,f_mmd,test,standardized_l2,0.05,1.5199568110473989,0.0683442662826276,,True
shrutime,/home/crc00006699/zh/tabiclv2/data184/shrutime,binclass,8000,1600,2000,10,2,0.868,0.8562184281964417,0.7204599524187153,0.8798668491468625,0.3136751354301855,48.71250748634338,1.2541239261627195,ok,,8000,6400,0,2000,,30,1e-05,True,48.712130546569824,tabpfn_finetune_epoch_chunks_f_mmd,dataset_val_split | c_selection=f_mmd | c_source=test | c_metric=standardized_l2 | c_reserve_ratio=0.05,30,7,tabpfn_finetuning_api_f_mmd_grad_accum10,acc,0.861875,0.865625,,,14,True,False,,f_mmd,test,standardized_l2,0.05,2.1872999142963216,0.3709395707149098,,True
spambase,/home/crc00006699/zh/tabiclv2/data184/spambase,binclass,3680,736,921,57,2,0.9533116178067318,0.9533003179297092,0.9508797653958944,0.9895632769533064,0.1234377012325624,48.76904511451721,2.048764228820801,ok,,3680,2944,0,921,,30,1e-05,True,48.76866412162781,tabpfn_finetune_epoch_chunks_f_mmd,dataset_val_split | c_selection=f_mmd | c_source=test | c_metric=standardized_l2 | c_reserve_ratio=0.05,30,3,tabpfn_finetuning_api_f_mmd_grad_accum10,acc,0.9578804347826086,0.9633152173913044,,,12,True,False,,f_mmd,test,standardized_l2,0.05,8.547057743379492,5.782640839551243,,True
sports_articles_for_objectivity_analysis,/home/crc00006699/zh/tabiclv2/data184/sports_articles_for_objectivity_analysis,binclass,800,160,200,59,2,0.85,0.8473262032085561,0.8236436198899795,0.8930536080250242,0.3875562699688261,5.383214235305786,0.4180920124053955,ok,,800,640,0,200,,30,1e-05,True,5.3827965259552,tabpfn_finetune_epoch_chunks_f_mmd,dataset_val_split | c_selection=f_mmd | c_source=test | c_metric=standardized_l2 | c_reserve_ratio=0.05,30,1,tabpfn_finetuning_api_f_mmd_grad_accum10,acc,0.84375,0.84375,,,0,True,False,,f_mmd,test,standardized_l2,0.05,7.047942144997194,4.7641625713832605,,True
steel_plates_faults,/home/crc00006699/zh/tabiclv2/data184/steel_plates_faults,multiclass,1552,311,389,27,7,0.8406169665809768,0.8404855959102843,0.8737359862359863,0.9790825942545353,0.3911010344311185,7.594688892364502,0.4158141613006592,ok,,1552,1241,0,389,,30,1e-05,True,7.594203948974609,tabpfn_finetune_epoch_chunks_f_mmd,dataset_val_split | c_selection=f_mmd | c_source=test | c_metric=standardized_l2 | c_reserve_ratio=0.05,30,2,tabpfn_finetuning_api_f_mmd_grad_accum10,acc,0.8231511254019293,0.8295819935691319,,,3,True,False,,f_mmd,test,standardized_l2,0.05,37.381978418108574,1.6745122809905333,,True
sylvine,/home/crc00006699/zh/tabiclv2/data184/sylvine,binclass,4099,820,1025,20,2,0.9746341463414634,0.9746334220166872,0.9746398330896686,0.997875548245614,0.0598065242071855,11.26785922050476,1.0149102210998535,ok,,4099,3279,0,1025,,30,1e-05,True,11.267496109008787,tabpfn_finetune_epoch_chunks_f_mmd,dataset_val_split | c_selection=f_mmd | c_source=test | c_metric=standardized_l2 | c_reserve_ratio=0.05,30,4,tabpfn_finetuning_api_f_mmd_grad_accum10,acc,0.9853658536585366,0.9853658536585366,,,0,True,False,,f_mmd,test,standardized_l2,0.05,2.674727606276464,0.4576378499319252,,True
telco-customer-churn,/home/crc00006699/zh/tabiclv2/data184/telco-customer-churn,binclass,5634,1127,1409,18,2,0.8055358410220014,0.795528916266544,0.7096786277093183,0.8502841716396705,0.4122300570720318,15.569509267807009,1.0815844535827637,ok,,5634,4507,0,1409,,30,1e-05,True,15.569069623947144,tabpfn_finetune_epoch_chunks_f_mmd,dataset_val_split | c_selection=f_mmd | c_source=test | c_metric=standardized_l2 | c_reserve_ratio=0.05,30,5,tabpfn_finetuning_api_f_mmd_grad_accum10,acc,0.8181011535048802,0.8181011535048802,,,0,True,False,,f_mmd,test,standardized_l2,0.05,1.8762101122409216,0.0990343983256255,,True
thyroid-ann,/home/crc00006699/zh/tabiclv2/data184/thyroid-ann,multiclass,3017,604,755,21,3,0.9933774834437086,0.9932575405798536,0.9381189363092544,0.9996244606053092,0.0145338600912512,15.622018337249756,0.5778999328613281,ok,,3017,2413,0,755,,30,1e-05,True,15.62163496017456,tabpfn_finetune_epoch_chunks_f_mmd,dataset_val_split | c_selection=f_mmd | c_source=test | c_metric=standardized_l2 | c_reserve_ratio=0.05,30,3,tabpfn_finetuning_api_f_mmd_grad_accum10,acc,0.9933774834437086,0.9966887417218544,,,9,True,False,,f_mmd,test,standardized_l2,0.05,7.173036477970129,5.87322855051212,,True
turiye_student_evaluation,/home/crc00006699/zh/tabiclv2/data184/turiye_student_evaluation,multiclass,4656,932,1164,32,5,0.5171821305841925,0.4823740275033127,0.3994146586701919,0.7598219832686951,1.200195770282887,31.515945196151733,1.7139368057250977,ok,,4656,3724,0,1164,,30,1e-05,True,31.515581607818604,tabpfn_finetune_epoch_chunks_f_mmd,dataset_val_split | c_selection=f_mmd | c_source=test | c_metric=standardized_l2 | c_reserve_ratio=0.05,30,4,tabpfn_finetuning_api_f_mmd_grad_accum10,acc,0.5118025751072961,0.5171673819742489,,,7,True,False,,f_mmd,test,standardized_l2,0.05,2.943308660087553,0.1146564666198551,,True
vehicle,/home/crc00006699/zh/tabiclv2/data184/vehicle,multiclass,676,136,170,18,4,0.8470588235294118,0.8460575719649562,0.847943722943723,0.963738952020202,0.2905082684939575,5.617233991622925,0.2084596157073974,ok,,676,540,0,170,,30,1e-05,True,5.616833209991455,tabpfn_finetune_epoch_chunks_f_mmd,dataset_val_split | c_selection=f_mmd | c_source=test | c_metric=standardized_l2 | c_reserve_ratio=0.05,30,1,tabpfn_finetuning_api_f_mmd_grad_accum10,acc,0.8455882352941176,0.8823529411764706,,,6,True,False,,f_mmd,test,standardized_l2,0.05,4.4910367589938485,3.202056812574051,,True
water_quality,/home/crc00006699/zh/tabiclv2/data184/water_quality,binclass,6396,1280,1600,20,2,0.904375,0.8851988523198375,0.6299578418760365,0.90331142764147,0.2254836525663707,15.99946403503418,1.1161317825317385,ok,,6396,5116,0,1600,,30,1e-05,True,15.999093770980837,tabpfn_finetune_epoch_chunks_f_mmd,dataset_val_split | c_selection=f_mmd | c_source=test | c_metric=standardized_l2 | c_reserve_ratio=0.05,30,6,tabpfn_finetuning_api_f_mmd_grad_accum10,acc,0.89296875,0.89296875,,,0,True,False,,f_mmd,test,standardized_l2,0.05,2.4948107926396133,0.8264150901702696,,True
waveform_database_generator_version_1,/home/crc00006699/zh/tabiclv2/data184/waveform_database_generator_version_1,multiclass,4000,800,1000,21,3,0.868,0.8677185287740068,0.8679165289791565,0.9716472044651596,0.2985282145297863,31.751989364624023,0.9875092506408693,ok,,4000,3200,0,1000,,30,1e-05,True,31.7514910697937,tabpfn_finetune_epoch_chunks_f_mmd,dataset_val_split | c_selection=f_mmd | c_source=test | c_metric=standardized_l2 | c_reserve_ratio=0.05,30,4,tabpfn_finetuning_api_f_mmd_grad_accum10,acc,0.85875,0.8625,,,15,True,False,,f_mmd,test,standardized_l2,0.05,2.225528033453249,0.2068949343641246,,True
wine,/home/crc00006699/zh/tabiclv2/data184/wine,binclass,2043,409,511,4,2,0.776908023483366,0.7755674091406619,0.7770603553921569,0.864361213235294,0.4667931157797685,6.876979351043701,0.2221312522888183,ok,,2043,1634,0,511,,30,1e-05,True,6.876530170440674,tabpfn_finetune_epoch_chunks_f_mmd,dataset_val_split | c_selection=f_mmd | c_source=test | c_metric=standardized_l2 | c_reserve_ratio=0.05,30,2,tabpfn_finetuning_api_f_mmd_grad_accum10,acc,0.8068459657701712,0.8215158924205379,,,9,True,False,,f_mmd,test,standardized_l2,0.05,3.448447365431737,1.1637056535210344,,True
wine-quality-white,/home/crc00006699/zh/tabiclv2/data184/wine-quality-white,multiclass,3918,784,980,11,7,0.6612244897959184,0.6526488086752005,0.3789962798615228,0.8845484083670588,0.8405557660584633,11.927926540374756,0.6130602359771729,ok,,3918,3134,0,980,,30,1e-05,True,11.92757773399353,tabpfn_finetune_epoch_chunks_f_mmd,dataset_val_split | c_selection=f_mmd | c_source=test | c_metric=standardized_l2 | c_reserve_ratio=0.05,30,4,tabpfn_finetuning_api_f_mmd_grad_accum10,acc,0.6747448979591837,0.6811224489795918,,,3,True,False,,f_mmd,test,standardized_l2,0.05,3.988797320763424,3.149918248099777,,True
BLE_RSSI_dataset_for_Indoor_localization,/home/crc00006699/zh/tabiclv2/data184/BLE_RSSI_dataset_for_Indoor_localization,multiclass,7987,1598,1997,3,3,0.7351026539809714,0.7345458177389373,0.734173360682903,0.9006503522184989,0.5945343795558534,49.90955638885498,0.7292978763580322,ok,,7987,6389,0,1997,,30,1e-05,True,35.98413825035095,tabpfn_finetune_epoch_chunks_f_mmd,dataset_val_split | c_selection=f_mmd | c_source=test | c_metric=standardized_l2 | c_reserve_ratio=0.05,30,7,tabpfn_finetuning_api_f_mmd_grad_accum10,acc,0.7496871088861077,0.7515644555694618,,,9,True,False,,f_mmd,test,standardized_l2,0.05,2.904811356112266,0.4907176947691803,,True
BNG(cmc),/home/crc00006699/zh/tabiclv2/data184/BNG(cmc),multiclass,44236,8848,11060,9,3,0.5770343580470163,0.5741076219167568,0.5541865879605735,0.7540933053522564,0.8913242458586281,173.4185254573822,17.84447431564331,ok,,44236,35388,0,11060,,120,1e-05,True,173.41803622245789,tabpfn_finetune_epoch_chunks_f_mmd,dataset_val_split | c_selection=f_mmd | c_source=test | c_metric=standardized_l2 | c_reserve_ratio=0.05,30,36,tabpfn_finetuning_api_f_mmd_grad_accum10,acc,0.5667947558770343,0.5682640144665461,,,3,True,False,,f_mmd,test,standardized_l2,0.05,3.034821393426799,0.4314042846190323,,True
Bank_Customer_Churn_Dataset,/home/crc00006699/zh/tabiclv2/data184/Bank_Customer_Churn_Dataset,binclass,8000,1600,2000,10,2,0.8785,0.8672220437057304,0.742632462971446,0.8806071094206687,0.3162629440048556,24.923879146575928,1.358940601348877,ok,,8000,6400,0,2000,,30,1e-05,True,24.9233295917511,tabpfn_finetune_epoch_chunks_f_mmd,dataset_val_split | c_selection=f_mmd | c_source=test | c_metric=standardized_l2 | c_reserve_ratio=0.05,30,7,tabpfn_finetuning_api_f_mmd_grad_accum10,acc,0.865625,0.868125,,,3,True,False,,f_mmd,test,standardized_l2,0.05,2.208651699635609,0.3849139482804463,,True
California-Housing-Classification,/home/crc00006699/zh/tabiclv2/data184/California-Housing-Classification,binclass,16512,3303,4128,8,2,0.9173934108527132,0.9173914765722364,0.9173911614647092,0.9754787158502334,0.2007482368749278,60.74661207199097,3.918219566345215,ok,,16512,13209,0,4128,,60,1e-05,True,60.746182680130005,tabpfn_finetune_epoch_chunks_f_mmd,dataset_val_split | c_selection=f_mmd | c_source=test | c_metric=standardized_l2 | c_reserve_ratio=0.05,30,14,tabpfn_finetuning_api_f_mmd_grad_accum10,acc,0.90887072358462,0.9118982742960944,,,5,True,False,,f_mmd,test,standardized_l2,0.05,7.302024051682417,9.619158379853133,,True
Click_prediction_small,/home/crc00006699/zh/tabiclv2/data184/Click_prediction_small,binclass,31958,6392,7990,3,2,0.832665832290363,0.7591556732406864,0.5051205301591533,0.626003765700857,0.4384463630929895,109.80431175231934,5.338839054107666,ok,,31958,25566,0,7990,,90,1e-05,True,109.8039083480835,tabpfn_finetune_epoch_chunks_f_mmd,dataset_val_split | c_selection=f_mmd | c_source=test | c_metric=standardized_l2 | c_reserve_ratio=0.05,30,26,tabpfn_finetuning_api_f_mmd_grad_accum10,acc,0.833072590738423,0.8336983729662077,,,5,True,False,,f_mmd,test,standardized_l2,0.05,122.36070170614757,395.1844983839958,,True
Contaminant-detection-in-packaged-cocoa-hazelnut-spread-jars-using-Microwaves-Sensing-and-Machine-Learning-10.5GHz(Urbinati),/home/crc00006699/zh/tabiclv2/data184/Contaminant-detection-in-packaged-cocoa-hazelnut-spread-jars-using-Microwaves-Sensing-and-Machine-Learning-10.5GHz(Urbinati),binclass,1920,384,480,30,2,0.9520833333333332,0.952096440154742,0.9525166852057844,0.9911359844271412,0.1198063520025828,11.510037183761597,0.5512223243713379,ok,,1920,1536,0,480,,30,1e-05,True,11.509506702423096,tabpfn_finetune_epoch_chunks_f_mmd,dataset_val_split | c_selection=f_mmd | c_source=test | c_metric=standardized_l2 | c_reserve_ratio=0.05,30,2,tabpfn_finetuning_api_f_mmd_grad_accum10,acc,0.9505208333333334,0.9609375,,,7,True,False,,f_mmd,test,standardized_l2,0.05,3.3164216657329444,0.4455324463801787,,True
Contaminant-detection-in-packaged-cocoa-hazelnut-spread-jars-using-Microwaves-Sensing-and-Machine-Learning-9.0GHz(Urbinati),/home/crc00006699/zh/tabiclv2/data184/Contaminant-detection-in-packaged-cocoa-hazelnut-spread-jars-using-Microwaves-Sensing-and-Machine-Learning-9.0GHz(Urbinati),binclass,1920,384,480,30,2,0.925,0.9250091147415754,0.9258898776418244,0.9842707174638488,0.1720868892202633,15.871436595916748,0.5513598918914795,ok,,1920,1536,0,480,,30,1e-05,True,15.87012529373169,tabpfn_finetune_epoch_chunks_f_mmd,dataset_val_split | c_selection=f_mmd | c_source=test | c_metric=standardized_l2 | c_reserve_ratio=0.05,30,2,tabpfn_finetuning_api_f_mmd_grad_accum10,acc,0.9348958333333334,0.9427083333333334,,,13,True,False,,f_mmd,test,standardized_l2,0.05,3.020260597973345,0.3775370022206115,,True
Credit_c,/home/crc00006699/zh/tabiclv2/data184/Credit_c,multiclass,80000,16000,20000,22,3,0.7014,0.702560905524996,0.6871017769771673,0.8500676351158564,0.672825250461168,730.9068157672882,117.64075136184692,ok,,80000,64000,0,20000,,210,1e-05,True,730.9062478542328,tabpfn_finetune_epoch_chunks_f_mmd,dataset_val_split | c_selection=f_mmd | c_source=test | c_metric=standardized_l2 | c_reserve_ratio=0.05,30,64,tabpfn_finetuning_api_f_mmd_grad_accum10,acc,0.70525,0.7056875,,,4,True,False,,f_mmd,test,standardized_l2,0.05,1.636965029140903e+87,5.139504785938853e+86,,True
Diabetic_Retinopathy_Debrecen,/home/crc00006699/zh/tabiclv2/data184/Diabetic_Retinopathy_Debrecen,binclass,920,184,231,19,2,0.7359307359307359,0.7358511745292651,0.7345302619692864,0.8373607347184583,0.4861317709953409,5.797866106033325,0.2349963188171386,ok,,920,736,0,231,,30,1e-05,True,5.797321319580078,tabpfn_finetune_epoch_chunks_f_mmd,dataset_val_split | c_selection=f_mmd | c_source=test | c_metric=standardized_l2 | c_reserve_ratio=0.05,30,1,tabpfn_finetuning_api_f_mmd_grad_accum10,acc,0.75,0.7554347826086957,,,5,True,False,,f_mmd,test,standardized_l2,0.05,8.221732014082972,6.802277606946496,,True
Employee,/home/crc00006699/zh/tabiclv2/data184/Employee,binclass,3722,745,931,8,2,0.8549946294307197,0.847374840837674,0.8032017184942717,0.8720437806873979,0.3620750471982671,9.794540405273438,0.4411258697509765,ok,,3722,2977,0,931,,30,1e-05,True,9.794185876846312,tabpfn_finetune_epoch_chunks_f_mmd,dataset_val_split | c_selection=f_mmd | c_source=test | c_metric=standardized_l2 | c_reserve_ratio=0.05,30,3,tabpfn_finetuning_api_f_mmd_grad_accum10,acc,0.8590604026845637,0.8604026845637583,,,4,True,False,,f_mmd,test,standardized_l2,0.05,2.651353101570432,0.3254544753195385,,True
FOREX_audcad-day-High,/home/crc00006699/zh/tabiclv2/data184/FOREX_audcad-day-High,binclass,1467,294,367,10,2,0.7384196185286104,0.7384312719462583,0.7384453157488267,0.833214519099388,0.5085720810905979,3.359427690505981,0.2384412288665771,ok,,1467,1173,0,367,,30,1e-05,True,3.3590712547302246,tabpfn_finetune_epoch_chunks_f_mmd,dataset_val_split | c_selection=f_mmd | c_source=test | c_metric=standardized_l2 | c_reserve_ratio=0.05,30,2,tabpfn_finetuning_api_f_mmd_grad_accum10,acc,0.7210884353741497,0.7210884353741497,,,0,True,False,,f_mmd,test,standardized_l2,0.05,5.602017009747491,3.4378853655744046,,True
FOREX_audchf-day-High,/home/crc00006699/zh/tabiclv2/data184/FOREX_audchf-day-High,binclass,1466,294,367,10,2,0.7574931880108992,0.7573743235994765,0.7578565912196281,0.837937384898711,0.4985883135959059,4.8285064697265625,0.2387056350708007,ok,,1466,1172,0,367,,30,1e-05,True,4.828164339065552,tabpfn_finetune_epoch_chunks_f_mmd,dataset_val_split | c_selection=f_mmd | c_source=test | c_metric=standardized_l2 | c_reserve_ratio=0.05,30,2,tabpfn_finetuning_api_f_mmd_grad_accum10,acc,0.7210884353741497,0.7278911564625851,,,3,True,False,,f_mmd,test,standardized_l2,0.05,4.134880364480624,0.7823959004217197,,True
FOREX_audjpy-hour-High,/home/crc00006699/zh/tabiclv2/data184/FOREX_audjpy-hour-High,binclass,35060,7012,8765,10,2,0.720250998288648,0.720313776715076,0.7204237799816082,0.7959462638361722,0.5460931301220554,144.9122245311737,17.006295680999756,ok,,35060,28048,0,8765,,90,1e-05,True,144.9118001461029,tabpfn_finetune_epoch_chunks_f_mmd,dataset_val_split | c_selection=f_mmd | c_source=test | c_metric=standardized_l2 | c_reserve_ratio=0.05,30,29,tabpfn_finetuning_api_f_mmd_grad_accum10,acc,0.7126354820308043,0.7144894466628636,,,3,True,False,,f_mmd,test,standardized_l2,0.05,4.951429429010976,3.428872232609293,,True
FOREX_audusd-hour-High,/home/crc00006699/zh/tabiclv2/data184/FOREX_audusd-hour-High,binclass,35060,7012,8765,10,2,0.7083856246434683,0.7086405748267453,0.7090137471376458,0.7829572402187245,0.5589682342315578,382.5412802696228,17.001376628875732,ok,,35060,28048,0,8765,,90,1e-05,True,382.5407903194428,tabpfn_finetune_epoch_chunks_f_mmd,dataset_val_split | c_selection=f_mmd | c_source=test | c_metric=standardized_l2 | c_reserve_ratio=0.05,30,29,tabpfn_finetuning_api_f_mmd_grad_accum10,acc,0.7015116942384484,0.7102110667427267,,,29,False,False,,f_mmd,test,standardized_l2,0.05,4.474194963613284,3.092402496042328,,True
FOREX_cadjpy-hour-High,/home/crc00006699/zh/tabiclv2/data184/FOREX_cadjpy-hour-High,binclass,35060,7012,8765,10,2,0.7154592127780947,0.7155467209356671,0.7158546631721067,0.785977384620662,0.5598622836716914,135.9821629524231,16.95622491836548,ok,,35060,28048,0,8765,,90,1e-05,True,135.981680393219,tabpfn_finetune_epoch_chunks_f_mmd,dataset_val_split | c_selection=f_mmd | c_source=test | c_metric=standardized_l2 | c_reserve_ratio=0.05,30,29,tabpfn_finetuning_api_f_mmd_grad_accum10,acc,0.7153451226468911,0.7154877353108956,,,2,True,False,,f_mmd,test,standardized_l2,0.05,5.099371831662595,3.653889757837175,,True
Fitness_Club_c,/home/crc00006699/zh/tabiclv2/data184/Fitness_Club_c,binclass,1200,240,300,6,2,0.7966666666666666,0.792733543259859,0.7423891897576108,0.823834060676166,0.4530154629773019,3.314216136932373,0.2139179706573486,ok,,1200,960,0,300,,30,1e-05,True,3.313629627227783,tabpfn_finetune_epoch_chunks_f_mmd,dataset_val_split | c_selection=f_mmd | c_source=test | c_metric=standardized_l2 | c_reserve_ratio=0.05,30,1,tabpfn_finetuning_api_f_mmd_grad_accum10,acc,0.7625,0.7625,,,0,True,False,,f_mmd,test,standardized_l2,0.05,4.149271633992403,1.7757798866868308,,True
GAMETES_Heterogeneity_20atts_1600_Het_0.4_0.2_50_EDM-2_001,/home/crc00006699/zh/tabiclv2/data184/GAMETES_Heterogeneity_20atts_1600_Het_0.4_0.2_50_EDM-2_001,binclass,1280,256,320,20,2,0.690625,0.6903800858100646,0.690625,0.76501953125,0.5481673238402036,4.111411333084106,0.2432243824005127,ok,,1280,1024,0,320,,30,1e-05,True,4.111047029495239,tabpfn_finetune_epoch_chunks_f_mmd,dataset_val_split | c_selection=f_mmd | c_source=test | c_metric=standardized_l2 | c_reserve_ratio=0.05,30,2,tabpfn_finetuning_api_f_mmd_grad_accum10,acc,0.67578125,0.67578125,,,0,True,False,,f_mmd,test,standardized_l2,0.05,2.80196601154119,0.5769098553408307,,True
GesturePhaseSegmentationProcessed,/home/crc00006699/zh/tabiclv2/data184/GesturePhaseSegmentationProcessed,multiclass,7898,1580,1975,32,5,0.7331645569620253,0.7241872871554174,0.6703079674718877,0.9278096774618272,0.745352056286047,53.750351667404175,3.7375662326812735,ok,,7898,6318,0,1975,,30,1e-05,True,53.7499897480011,tabpfn_finetune_epoch_chunks_f_mmd,dataset_val_split | c_selection=f_mmd | c_source=test | c_metric=standardized_l2 | c_reserve_ratio=0.05,30,7,tabpfn_finetuning_api_f_mmd_grad_accum10,acc,0.6879746835443038,0.7,,,7,True,False,,f_mmd,test,standardized_l2,0.05,8.765920912344598,5.903265631590864,,True
Heart-Disease-Dataset-(Comprehensive),/home/crc00006699/zh/tabiclv2/data184/Heart-Disease-Dataset-(Comprehensive),binclass,952,191,238,11,2,0.9201680672268908,0.9202007881473896,0.9197759863023472,0.9640436612684598,0.2345494899597578,3.3323073387146,0.2092897891998291,ok,,952,761,0,238,,30,1e-05,True,3.331888437271118,tabpfn_finetune_epoch_chunks_f_mmd,dataset_val_split | c_selection=f_mmd | c_source=test | c_metric=standardized_l2 | c_reserve_ratio=0.05,30,1,tabpfn_finetuning_api_f_mmd_grad_accum10,acc,0.900523560209424,0.900523560209424,,,0,True,False,,f_mmd,test,standardized_l2,0.05,2.505020198631557,0.7008210997003136,,True
Insurance,/home/crc00006699/zh/tabiclv2/data184/Insurance,binclass,18838,3768,4710,10,2,0.7575371549893843,0.6530303380048618,0.5,0.5080795777606748,0.5567817822462838,49.40950155258179,4.6123576164245605,ok,,18838,15070,0,4710,,60,1e-05,True,49.40903377532959,tabpfn_finetune_epoch_chunks_f_mmd,dataset_val_split | c_selection=f_mmd | c_source=test | c_metric=standardized_l2 | c_reserve_ratio=0.05,30,16,tabpfn_finetuning_api_f_mmd_grad_accum10,acc,0.7579617834394905,0.7579617834394905,,,0,True,False,,f_mmd,test,standardized_l2,0.05,2.5220462026615307,0.3424608472665266,,True
Is-this-a-good-customer,/home/crc00006699/zh/tabiclv2/data184/Is-this-a-good-customer,binclass,1378,276,345,13,2,0.8840579710144928,0.829654403567447,0.5,0.7268032786885247,0.3302885901041244,3.5815882682800293,0.2332005500793457,ok,,1378,1102,0,345,,30,1e-05,True,3.581113576889038,tabpfn_finetune_epoch_chunks_f_mmd,dataset_val_split | c_selection=f_mmd | c_source=test | c_metric=standardized_l2 | c_reserve_ratio=0.05,30,2,tabpfn_finetuning_api_f_mmd_grad_accum10,acc,0.9130434782608696,0.9130434782608696,,,0,True,False,,f_mmd,test,standardized_l2,0.05,3.379842733096094,3.145258570915955,,True
KDD,/home/crc00006699/zh/tabiclv2/data184/KDD,binclass,4025,805,1007,45,2,0.8063555114200596,0.8056153465355712,0.8072079536039768,0.9029865467313686,0.3739818568894246,19.062790632247925,1.7495548725128174,ok,,4025,3220,0,1007,,30,1e-05,True,19.062408685684204,tabpfn_finetune_epoch_chunks_f_mmd,dataset_val_split | c_selection=f_mmd | c_source=test | c_metric=standardized_l2 | c_reserve_ratio=0.05,30,4,tabpfn_finetuning_api_f_mmd_grad_accum10,acc,0.8248447204968944,0.8248447204968944,,,0,True,False,,f_mmd,test,standardized_l2,0.05,7.250917143001472,11.70886852003888,,True
Long,/home/crc00006699/zh/tabiclv2/data184/Long,binclass,3581,717,896,19,2,1.0,1.0,1.0,1.0,0.003195250190798,8.475702285766602,0.7995123863220215,ok,,3581,2864,0,896,,30,1e-05,True,8.475252151489258,tabpfn_finetune_epoch_chunks_f_mmd,dataset_val_split | c_selection=f_mmd | c_source=test | c_metric=standardized_l2 | c_reserve_ratio=0.05,30,3,tabpfn_finetuning_api_f_mmd_grad_accum10,acc,0.99860529986053,0.99860529986053,,,0,True,False,,f_mmd,test,standardized_l2,0.05,6.658176155454372,10.559294861931004,,True
MagicTelescope,/home/crc00006699/zh/tabiclv2/data184/MagicTelescope,binclass,15216,3044,3804,9,2,0.8859095688748686,0.8841797211035047,0.8619194134398219,0.9411307685873166,0.2810997532366028,69.83216381072998,3.6306676864624015,ok,,15216,12172,0,3804,,60,1e-05,True,69.83173727989197,tabpfn_finetune_epoch_chunks_f_mmd,dataset_val_split | c_selection=f_mmd | c_source=test | c_metric=standardized_l2 | c_reserve_ratio=0.05,30,13,tabpfn_finetuning_api_f_mmd_grad_accum10,acc,0.8741787122207622,0.8751642575558476,,,8,True,False,,f_mmd,test,standardized_l2,0.05,5.681594387134814,2.361681351109442,,True
Mobile_Price_Classification,/home/crc00006699/zh/tabiclv2/data184/Mobile_Price_Classification,multiclass,1600,320,400,20,4,0.9775,0.9774859976809952,0.9775,0.9992333333333334,0.061935656618344,7.325742721557617,0.3298609256744385,ok,,1600,1280,0,400,,30,1e-05,True,7.325066089630127,tabpfn_finetune_epoch_chunks_f_mmd,dataset_val_split | c_selection=f_mmd | c_source=test | c_metric=standardized_l2 | c_reserve_ratio=0.05,30,2,tabpfn_finetuning_api_f_mmd_grad_accum10,acc,0.965625,0.971875,,,5,True,False,,f_mmd,test,standardized_l2,0.05,1.7758030841458303,0.1178539781350726,,True
Performance-Prediction,/home/crc00006699/zh/tabiclv2/data184/Performance-Prediction,binclass,1072,215,268,19,2,0.7388059701492538,0.7323494885124937,0.7008547008547008,0.7955292570677186,0.53105000316748,5.440485000610352,0.2481534481048584,ok,,1072,857,0,268,,30,1e-05,True,5.440124988555908,tabpfn_finetune_epoch_chunks_f_mmd,dataset_val_split | c_selection=f_mmd | c_source=test | c_metric=standardized_l2 | c_reserve_ratio=0.05,30,1,tabpfn_finetuning_api_f_mmd_grad_accum10,acc,0.6744186046511628,0.6790697674418604,,,5,True,False,,f_mmd,test,standardized_l2,0.05,5.168257232607496,2.131623847519135,,True
PieChart3,/home/crc00006699/zh/tabiclv2/data184/PieChart3,binclass,861,173,216,37,2,0.8657407407407407,0.8120347394540943,0.4947089947089947,0.8622378992749363,0.2753873051022298,3.930688619613648,0.3020656108856201,ok,,861,688,0,216,,30,1e-05,True,3.930213689804077,tabpfn_finetune_epoch_chunks_f_mmd,dataset_val_split | c_selection=f_mmd | c_source=test | c_metric=standardized_l2 | c_reserve_ratio=0.05,30,1,tabpfn_finetuning_api_f_mmd_grad_accum10,acc,0.8786127167630058,0.8786127167630058,,,0,True,False,,f_mmd,test,standardized_l2,0.05,11.726465615371712,18.10639723424589,,True
PizzaCutter3,/home/crc00006699/zh/tabiclv2/data184/PizzaCutter3,binclass,834,167,209,37,2,0.8803827751196173,0.832952851528703,0.5172826086956521,0.8815217391304347,0.2582707861420407,4.039446115493774,0.304715633392334,ok,,834,667,0,209,,30,1e-05,True,4.039026737213135,tabpfn_finetune_epoch_chunks_f_mmd,dataset_val_split | c_selection=f_mmd | c_source=test | c_metric=standardized_l2 | c_reserve_ratio=0.05,30,1,tabpfn_finetuning_api_f_mmd_grad_accum10,acc,0.8922155688622755,0.8922155688622755,,,0,True,False,,f_mmd,test,standardized_l2,0.05,12.306453186652949,36.67378334803762,,True
QSAR_biodegradation,/home/crc00006699/zh/tabiclv2/data184/QSAR_biodegradation,binclass,843,169,211,41,2,0.9004739336492891,0.8995308002250411,0.8798792756539235,0.9422535211267604,0.2890500942145391,5.367356061935425,0.3159313201904297,ok,,843,674,0,211,,30,1e-05,True,5.366944789886475,tabpfn_finetune_epoch_chunks_f_mmd,dataset_val_split | c_selection=f_mmd | c_source=test | c_metric=standardized_l2 | c_reserve_ratio=0.05,30,1,tabpfn_finetuning_api_f_mmd_grad_accum10,acc,0.834319526627219,0.8402366863905325,,,2,True,False,,f_mmd,test,standardized_l2,0.05,6.54492472276594,5.087164000563149,,True
SDSS17,/home/crc00006699/zh/tabiclv2/data184/SDSS17,multiclass,80000,16000,20000,12,3,0.9748,0.9746674390539758,0.9698355969147682,0.9960038152424956,0.0798120804819233,638.5247168540955,53.41772484779358,ok,,80000,64000,0,20000,,210,1e-05,True,638.5241734981537,tabpfn_finetune_epoch_chunks_f_mmd,dataset_val_split | c_selection=f_mmd | c_source=test | c_metric=standardized_l2 | c_reserve_ratio=0.05,30,64,tabpfn_finetuning_api_f_mmd_grad_accum10,acc,0.9711875,0.974,,,11,True,False,,f_mmd,test,standardized_l2,0.05,105157.83356249916,6685.200240342483,,True
Telecom_Churn_Dataset,/home/crc00006699/zh/tabiclv2/data184/Telecom_Churn_Dataset,binclass,2666,534,667,17,2,0.9625187406296852,0.9619315914915744,0.909631036353771,0.9229426659432084,0.1494129064675881,22.040603637695312,0.5262091159820557,ok,,2666,2132,0,667,,30,1e-05,True,22.04001545906067,tabpfn_finetune_epoch_chunks_f_mmd,dataset_val_split | c_selection=f_mmd | c_source=test | c_metric=standardized_l2 | c_reserve_ratio=0.05,30,3,tabpfn_finetuning_api_f_mmd_grad_accum10,acc,0.949438202247191,0.9588014981273408,,,17,True,False,,f_mmd,test,standardized_l2,0.05,2.536566974733784,0.404967210274084,,True
Water_Quality_and_Potability,/home/crc00006699/zh/tabiclv2/data184/Water_Quality_and_Potability,binclass,2620,524,656,8,2,0.6570121951219512,0.5865873408376565,0.571796875,0.6624267578124999,0.6270543565803072,6.99137806892395,0.3536632061004638,ok,,2620,2096,0,656,,30,1e-05,True,6.9909279346466064,tabpfn_finetune_epoch_chunks_f_mmd,dataset_val_split | c_selection=f_mmd | c_source=test | c_metric=standardized_l2 | c_reserve_ratio=0.05,30,3,tabpfn_finetuning_api_f_mmd_grad_accum10,acc,0.6335877862595419,0.6393129770992366,,,2,True,False,,f_mmd,test,standardized_l2,0.05,2.7458444369806942,0.4874822443274748,,True
Wilt,/home/crc00006699/zh/tabiclv2/data184/Wilt,binclass,3856,772,965,5,2,0.9927461139896372,0.9927128861412312,0.9598955261605864,0.9927542337180892,0.0296796739342508,12.640159845352173,0.3962407112121582,ok,,3856,3084,0,965,,30,1e-05,True,12.6397705078125,tabpfn_finetune_epoch_chunks_f_mmd,dataset_val_split | c_selection=f_mmd | c_source=test | c_metric=standardized_l2 | c_reserve_ratio=0.05,30,4,tabpfn_finetuning_api_f_mmd_grad_accum10,acc,0.9883419689119172,0.9896373056994818,,,5,True,False,,f_mmd,test,standardized_l2,0.05,9.322064314725033,17.77435501284126,,True
accelerometer,/home/crc00006699/zh/tabiclv2/data184/accelerometer,multiclass,0,0,0,0,0,,,,,,0.0,0.0,fail,"ValueError: could not broadcast input array from shape (4,) into shape (3,)",0,0,0,0,,0,,False,0.0,,,0,0,,,,,,,0,False,False,,,,,,,,,True
ada_agnostic,/home/crc00006699/zh/tabiclv2/data184/ada_agnostic,binclass,3649,730,913,48,2,0.8422782037239869,0.836892813053151,0.7594559535582641,0.8986784140969164,0.3311144828573433,13.012192487716677,1.2323474884033203,ok,,3649,2919,0,913,,30,1e-05,True,13.01180863380432,tabpfn_finetune_epoch_chunks_f_mmd,dataset_val_split | c_selection=f_mmd | c_source=test | c_metric=standardized_l2 | c_reserve_ratio=0.05,30,3,tabpfn_finetuning_api_f_mmd_grad_accum10,acc,0.8575342465753425,0.8575342465753425,,,0,True,False,,f_mmd,test,standardized_l2,0.05,3.814409187582647,3.4402397607810284,,True
adult,/home/crc00006699/zh/tabiclv2/data184/adult,binclass,32561,6513,16281,14,2,0.861924943185308,0.8567378614311753,0.7763525402294741,0.9156274196283491,0.2993788034774081,162.90352630615234,19.917237520217896,ok,,32561,26048,0,16281,,90,1e-05,True,162.9030406475067,tabpfn_finetune_epoch_chunks_f_mmd,dataset_val_split | c_selection=f_mmd | c_source=test | c_metric=standardized_l2 | c_reserve_ratio=0.05,30,27,tabpfn_finetuning_api_f_mmd_grad_accum10,acc,0.8558268079226163,0.857362198679564,,,3,True,False,,f_mmd,test,standardized_l2,0.05,4.34758264967875,3.3935002308499063,,True
allbp,/home/crc00006699/zh/tabiclv2/data184/allbp,multiclass,3017,604,755,29,3,0.976158940397351,0.9725174124667696,0.5319482917820868,0.9807663793734708,0.0668748843538343,12.31892704963684,0.66792893409729,ok,,3017,2413,0,755,,30,1e-05,True,12.31841206550598,tabpfn_finetune_epoch_chunks_f_mmd,dataset_val_split | c_selection=f_mmd | c_source=test | c_metric=standardized_l2 | c_reserve_ratio=0.05,30,3,tabpfn_finetuning_api_f_mmd_grad_accum10,acc,0.9817880794701986,0.9834437086092715,,,3,True,False,,f_mmd,test,standardized_l2,0.05,5.200580200920827,4.383447640283272,,True
analcatdata_authorship,/home/crc00006699/zh/tabiclv2/data184/analcatdata_authorship,multiclass,672,135,169,69,4,1.0,1.0,1.0,1.0,0.0064358052416386,5.523786306381226,0.382697582244873,ok,,672,537,0,169,,30,1e-05,True,5.523421287536621,tabpfn_finetune_epoch_chunks_f_mmd,dataset_val_split | c_selection=f_mmd | c_source=test | c_metric=standardized_l2 | c_reserve_ratio=0.05,30,1,tabpfn_finetuning_api_f_mmd_grad_accum10,acc,1.0,1.0,,,0,True,False,,f_mmd,test,standardized_l2,0.05,2.148679396514,0.4050333414709074,,True
autoUniv-au4-2500,/home/crc00006699/zh/tabiclv2/data184/autoUniv-au4-2500,multiclass,2000,400,500,100,3,0.716,0.686958137919055,0.5174041297935102,0.7740903776390202,0.6803602729476355,27.622093439102173,1.3807485103607178,ok,,2000,1600,0,500,,30,1e-05,True,27.621691465377808,tabpfn_finetune_epoch_chunks_f_mmd,dataset_val_split | c_selection=f_mmd | c_source=test | c_metric=standardized_l2 | c_reserve_ratio=0.05,30,2,tabpfn_finetuning_api_f_mmd_grad_accum10,acc,0.7125,0.7175,,,4,True,False,,f_mmd,test,standardized_l2,0.05,1.4417659751816565,0.0346919115391657,,True
bank,/home/crc00006699/zh/tabiclv2/data184/bank,binclass,36168,7234,9043,16,2,0.908879796527701,0.9028197925980168,0.7229184446735549,0.942314571390355,0.1873719626312551,393.0915329456329,21.618318557739254,ok,,36168,28934,0,9043,,90,1e-05,True,393.09104108810425,tabpfn_finetune_epoch_chunks_f_mmd,dataset_val_split | c_selection=f_mmd | c_source=test | c_metric=standardized_l2 | c_reserve_ratio=0.05,30,29,tabpfn_finetuning_api_f_mmd_grad_accum10,acc,0.9152612662427426,0.916781863422726,,,17,True,False,,f_mmd,test,standardized_l2,0.05,4.685939098665591,3.345371383224708,,True
baseball,/home/crc00006699/zh/tabiclv2/data184/baseball,multiclass,1072,215,268,16,3,0.9365671641791044,0.9233976899752968,0.5432900432900433,0.9697390640685586,0.1522704490293449,7.134936809539795,0.247525930404663,ok,,1072,857,0,268,,30,1e-05,True,7.134367227554321,tabpfn_finetune_epoch_chunks_f_mmd,dataset_val_split | c_selection=f_mmd | c_source=test | c_metric=standardized_l2 | c_reserve_ratio=0.05,30,1,tabpfn_finetuning_api_f_mmd_grad_accum10,acc,0.944186046511628,0.9488372093023256,,,8,True,False,,f_mmd,test,standardized_l2,0.05,5.656968063095402,2.5114520624707213,,True
churn,/home/crc00006699/zh/tabiclv2/data184/churn,binclass,4000,800,1000,20,2,0.964,0.9630833831984806,0.9019806966702169,0.9280500994889324,0.1343916553337749,14.361273765563965,0.9089510440826416,ok,,4000,3200,0,1000,,30,1e-05,True,14.360875368118286,tabpfn_finetune_epoch_chunks_f_mmd,dataset_val_split | c_selection=f_mmd | c_source=test | c_metric=standardized_l2 | c_reserve_ratio=0.05,30,4,tabpfn_finetuning_api_f_mmd_grad_accum10,acc,0.9675,0.96875,,,2,True,False,,f_mmd,test,standardized_l2,0.05,2.325868822880281,0.3054557915854001,,True
company_bankruptcy_prediction,/home/crc00006699/zh/tabiclv2/data184/company_bankruptcy_prediction,binclass,5455,1091,1364,95,2,0.9699413489736072,0.9647530863622344,0.6329545454545454,0.959512741046832,0.0744061361023675,124.41161108016968,6.241031885147095,ok,,5455,4364,0,1364,,30,1e-05,True,124.41111993789671,tabpfn_finetune_epoch_chunks_f_mmd,dataset_val_split | c_selection=f_mmd | c_source=test | c_metric=standardized_l2 | c_reserve_ratio=0.05,30,5,tabpfn_finetuning_api_f_mmd_grad_accum10,acc,0.9679193400549956,0.9679193400549956,,,0,True,False,,f_mmd,test,standardized_l2,0.05,5.1072699544229325e+38,1.9899207401946206e+39,,True
connect-4,/home/crc00006699/zh/tabiclv2/data184/connect-4,multiclass,54045,10809,13512,42,3,0.7798253404381291,0.736911760349763,0.5319634793460019,0.8710881201987938,0.5412851481207261,448.88913321495056,86.89545631408691,ok,,54045,43236,0,13512,,150,1e-05,True,448.8883557319641,tabpfn_finetune_epoch_chunks_f_mmd,dataset_val_split | c_selection=f_mmd | c_source=test | c_metric=standardized_l2 | c_reserve_ratio=0.05,30,44,tabpfn_finetuning_api_f_mmd_grad_accum10,acc,0.7889721528356,0.7904524007771302,,,1,True,False,,f_mmd,test,standardized_l2,0.05,5.778436686845135,4.659675651073592,,True
credit,/home/crc00006699/zh/tabiclv2/data184/credit,binclass,13371,2675,3343,10,2,0.7819323960514508,0.7819293520238014,0.7819335397822123,0.8624235480573476,0.46841407802901,30.488909244537357,3.2621753215789795,ok,,13371,10696,0,3343,,60,1e-05,True,30.48826289176941,tabpfn_finetune_epoch_chunks_f_mmd,dataset_val_split | c_selection=f_mmd | c_source=test | c_metric=standardized_l2 | c_reserve_ratio=0.05,30,11,tabpfn_finetuning_api_f_mmd_grad_accum10,acc,0.7809345794392524,0.7809345794392524,,,0,True,False,,f_mmd,test,standardized_l2,0.05,7127611.560554036,11581427.903022086,,True
customer_satisfaction_in_airline,/home/crc00006699/zh/tabiclv2/data184/customer_satisfaction_in_airline,binclass,103904,20781,25976,21,2,0.9546889436402832,0.9547310788935268,0.955334495174874,0.9931380472430588,0.1071416561826152,904.622147321701,76.64408850669861,ok,,103904,83123,0,25976,,270,1e-05,True,904.6216781139374,tabpfn_finetune_epoch_chunks_f_mmd,dataset_val_split | c_selection=f_mmd | c_source=test | c_metric=standardized_l2 | c_reserve_ratio=0.05,30,84,tabpfn_finetuning_api_f_mmd_grad_accum10,acc,0.9515422741927724,0.9525046917857658,,,7,True,False,,f_mmd,test,standardized_l2,0.05,3.007032424454294,2.8213352538627614,,True
default_of_credit_card_clients,/home/crc00006699/zh/tabiclv2/data184/default_of_credit_card_clients,binclass,24000,4800,6000,23,2,0.8258333333333333,0.8057879476294738,0.6666881414516944,0.7908275844608132,0.4212045342370606,185.31617188453677,14.858757019042969,ok,,24000,19200,0,6000,,60,1e-05,True,185.31555938720703,tabpfn_finetune_epoch_chunks_f_mmd,dataset_val_split | c_selection=f_mmd | c_source=test | c_metric=standardized_l2 | c_reserve_ratio=0.05,30,20,tabpfn_finetuning_api_f_mmd_grad_accum10,acc,0.8210416666666667,0.8220833333333334,,,7,True,False,,f_mmd,test,standardized_l2,0.05,7.187161245995589,7.417537926091501,,True
dis,/home/crc00006699/zh/tabiclv2/data184/dis,binclass,3017,604,755,29,2,0.9920529801324504,0.991268945286457,0.7909937191565725,0.9864288918797666,0.031611193460307,8.985596418380737,0.6669902801513672,ok,,3017,2413,0,755,,30,1e-05,True,8.985113620758057,tabpfn_finetune_epoch_chunks_f_mmd,dataset_val_split | c_selection=f_mmd | c_source=test | c_metric=standardized_l2 | c_reserve_ratio=0.05,30,3,tabpfn_finetuning_api_f_mmd_grad_accum10,acc,0.9900662251655628,0.9900662251655628,,,0,True,False,,f_mmd,test,standardized_l2,0.05,5.097046479458132,3.832983222596739,,True
drug_consumption,/home/crc00006699/zh/tabiclv2/data184/drug_consumption,multiclass,1507,302,377,12,7,0.403183023872679,0.2316968605998004,0.1428571428571428,0.4973034607853372,1.5098975655176512,3.613415241241455,0.2523348331451416,ok,,1507,1205,0,377,,30,1e-05,True,3.613037109375,tabpfn_finetune_epoch_chunks_f_mmd,dataset_val_split | c_selection=f_mmd | c_source=test | c_metric=standardized_l2 | c_reserve_ratio=0.05,30,2,tabpfn_finetuning_api_f_mmd_grad_accum10,acc,0.4039735099337748,0.4039735099337748,,,0,True,False,,f_mmd,test,standardized_l2,0.05,3.0060375948929003,2.1932353050659934,,True
eeg-eye-state,/home/crc00006699/zh/tabiclv2/data184/eeg-eye-state,binclass,11984,2397,2996,14,2,0.986648865153538,0.986646050168996,0.9863014192142197,0.9988719239663244,0.0416437196644516,29.859872102737427,3.5170016288757324,ok,,11984,9587,0,2996,,30,1e-05,True,29.859511852264404,tabpfn_finetune_epoch_chunks_f_mmd,dataset_val_split | c_selection=f_mmd | c_source=test | c_metric=standardized_l2 | c_reserve_ratio=0.05,30,10,tabpfn_finetuning_api_f_mmd_grad_accum10,acc,0.9874843554443054,0.9874843554443054,,,0,True,False,,f_mmd,test,standardized_l2,0.05,87420242.40541956,37395798.347469576,,True
estimation_of_obesity_levels,/home/crc00006699/zh/tabiclv2/data184/estimation_of_obesity_levels,multiclass,1688,338,423,16,7,0.9929078014184396,0.9929257634018606,0.9926929392446634,0.9999662595316824,0.0244786767769153,5.730728149414063,0.2996795177459717,ok,,1688,1350,0,423,,30,1e-05,True,5.7302892208099365,tabpfn_finetune_epoch_chunks_f_mmd,dataset_val_split | c_selection=f_mmd | c_source=test | c_metric=standardized_l2 | c_reserve_ratio=0.05,30,2,tabpfn_finetuning_api_f_mmd_grad_accum10,acc,0.985207100591716,0.9911242603550297,,,3,True,False,,f_mmd,test,standardized_l2,0.05,3.7695767221365215,0.9287427487840648,,True
eye_movements,/home/crc00006699/zh/tabiclv2/data184/eye_movements,multiclass,8748,1750,2188,27,3,0.8587751371115173,0.8583729313415842,0.8653273485507684,0.9617587633182996,0.3668125673026017,61.396652698516846,3.5272650718688965,ok,,8748,6998,0,2188,,30,1e-05,True,61.39625668525696,tabpfn_finetune_epoch_chunks_f_mmd,dataset_val_split | c_selection=f_mmd | c_source=test | c_metric=standardized_l2 | c_reserve_ratio=0.05,30,7,tabpfn_finetuning_api_f_mmd_grad_accum10,acc,0.8337142857142857,0.8822857142857143,,,9,True,False,,f_mmd,test,standardized_l2,0.05,5.713736740834443,2.922660922288314,,True
first-order-theorem-proving,/home/crc00006699/zh/tabiclv2/data184/first-order-theorem-proving,multiclass,4894,979,1224,51,6,0.6241830065359477,0.6045177966684653,0.4931229420541869,0.8416287459382833,1.083666966331274,30.289570093154907,2.752981662750244,ok,,4894,3915,0,1224,,30,1e-05,True,30.28919982910156,tabpfn_finetune_epoch_chunks_f_mmd,dataset_val_split | c_selection=f_mmd | c_source=test | c_metric=standardized_l2 | c_reserve_ratio=0.05,30,4,tabpfn_finetuning_api_f_mmd_grad_accum10,acc,0.6067415730337079,0.6118488253319714,,,2,True,False,,f_mmd,test,standardized_l2,0.05,7.946887967860974,7.708825827947685,,True
heloc,/home/crc00006699/zh/tabiclv2/data184/heloc,binclass,8000,1600,2000,22,2,0.724,0.7234399659310103,0.724,0.8016364999999999,0.543171311175754,36.75116300582886,2.7031257152557373,ok,,8000,6400,0,2000,,30,1e-05,True,36.750784158706665,tabpfn_finetune_epoch_chunks_f_mmd,dataset_val_split | c_selection=f_mmd | c_source=test | c_metric=standardized_l2 | c_reserve_ratio=0.05,30,7,tabpfn_finetuning_api_f_mmd_grad_accum10,acc,0.7225,0.72375,,,5,True,False,,f_mmd,test,standardized_l2,0.05,7.517420281209428,1.4067626407878526,,True
house_16H,/home/crc00006699/zh/tabiclv2/data184/house_16H,binclass,10790,2158,2698,16,2,0.8876945885841364,0.8876944497296748,0.8876945885841364,0.9543689117656272,0.2741560666925832,77.89498472213745,3.331125259399414,ok,,10790,8632,0,2698,,30,1e-05,True,77.89460968971252,tabpfn_finetune_epoch_chunks_f_mmd,dataset_val_split | c_selection=f_mmd | c_source=test | c_metric=standardized_l2 | c_reserve_ratio=0.05,30,9,tabpfn_finetuning_api_f_mmd_grad_accum10,acc,0.8767377201112141,0.8790546802594995,,,15,True,False,,f_mmd,test,standardized_l2,0.05,8.493045536471636,5.623276456602681,,True
ibm-employee-performance,/home/crc00006699/zh/tabiclv2/data184/ibm-employee-performance,binclass,1176,236,294,30,2,1.0,1.0,1.0,1.0,1.2618387216313291e-06,4.807197570800781,0.341360330581665,ok,,1176,940,0,294,,30,1e-05,True,4.806732654571533,tabpfn_finetune_epoch_chunks_f_mmd,dataset_val_split | c_selection=f_mmd | c_source=test | c_metric=standardized_l2 | c_reserve_ratio=0.05,30,1,tabpfn_finetuning_api_f_mmd_grad_accum10,acc,1.0,1.0,,,0,True,False,,f_mmd,test,standardized_l2,0.05,2.3734940379938125,0.3681200407707451,,True
internet_firewall,/home/crc00006699/zh/tabiclv2/data184/internet_firewall,multiclass,0,0,0,0,0,,,,,,0.0,0.0,fail,"ValueError: could not broadcast input array from shape (4,) into shape (3,)",0,0,0,0,,0,,False,0.0,,,0,0,,,,,,,0,False,False,,,,,,,,,True
jm1,/home/crc00006699/zh/tabiclv2/data184/jm1,binclass,8708,1742,2177,21,2,0.816260909508498,0.7726406348823989,0.5700861383299336,0.7227956811799653,0.4419410572374526,29.84476089477539,2.927227020263672,ok,,8708,6966,0,2177,,30,1e-05,True,29.84441900253296,tabpfn_finetune_epoch_chunks_f_mmd,dataset_val_split | c_selection=f_mmd | c_source=test | c_metric=standardized_l2 | c_reserve_ratio=0.05,30,7,tabpfn_finetuning_api_f_mmd_grad_accum10,acc,0.817451205510907,0.8180252583237658,,,2,True,False,,f_mmd,test,standardized_l2,0.05,39.50701304616841,69.85883281316572,,True
kc1,/home/crc00006699/zh/tabiclv2/data184/kc1,binclass,1687,338,422,21,2,0.8649289099526066,0.8374845228342634,0.611872441284206,0.8305968541262659,0.331008235938744,4.468417644500732,0.3751595020294189,ok,,1687,1349,0,422,,30,1e-05,True,4.468039035797119,tabpfn_finetune_epoch_chunks_f_mmd,dataset_val_split | c_selection=f_mmd | c_source=test | c_metric=standardized_l2 | c_reserve_ratio=0.05,30,2,tabpfn_finetuning_api_f_mmd_grad_accum10,acc,0.8609467455621301,0.8609467455621301,,,0,True,False,,f_mmd,test,standardized_l2,0.05,13.059992117936376,15.88365908678478,,True
kr-vs-kp,/home/crc00006699/zh/tabiclv2/data184/kr-vs-kp,binclass,2556,512,640,36,2,0.9984375,0.9984376031804651,0.998502994011976,0.9999119408242338,0.0122675436424287,13.255454540252686,0.6218976974487305,ok,,2556,2044,0,640,,30,1e-05,True,13.25508713722229,tabpfn_finetune_epoch_chunks_f_mmd,dataset_val_split | c_selection=f_mmd | c_source=test | c_metric=standardized_l2 | c_reserve_ratio=0.05,30,3,tabpfn_finetuning_api_f_mmd_grad_accum10,acc,0.990234375,0.9921875,,,4,True,False,,f_mmd,test,standardized_l2,0.05,4.267299787303498,2.654004352768885,,True
led24,/home/crc00006699/zh/tabiclv2/data184/led24,multiclass,2560,512,640,24,10,0.73125,0.7245646712028598,0.731154331060228,0.9548864340284392,0.7953169154178363,11.255648851394652,0.4836518764495849,ok,,2560,2048,0,640,,30,1e-05,True,11.255292892456056,tabpfn_finetune_epoch_chunks_f_mmd,dataset_val_split | c_selection=f_mmd | c_source=test | c_metric=standardized_l2 | c_reserve_ratio=0.05,30,3,tabpfn_finetuning_api_f_mmd_grad_accum10,acc,0.728515625,0.732421875,,,4,True,False,,f_mmd,test,standardized_l2,0.05,1.486439665096381,0.0465213556884912,,True
madeline,/home/crc00006699/zh/tabiclv2/data184/madeline,binclass,2512,503,628,259,2,0.9124203821656052,0.912394389204184,0.9123255436546576,0.970570634534242,0.219408908300412,143.03662252426147,5.580366373062134,ok,,2512,2009,0,628,,30,1e-05,True,143.03626108169556,tabpfn_finetune_epoch_chunks_f_mmd,dataset_val_split | c_selection=f_mmd | c_source=test | c_metric=standardized_l2 | c_reserve_ratio=0.05,30,3,tabpfn_finetuning_api_f_mmd_grad_accum10,acc,0.9085487077534792,0.9224652087475148,,,5,True,False,,f_mmd,test,standardized_l2,0.05,1.4644431788208767,0.0524110096564783,,True
maternal_health_risk,/home/crc00006699/zh/tabiclv2/data184/maternal_health_risk,multiclass,811,163,203,6,3,0.8325123152709359,0.8286569658105551,0.8314376490164218,0.9522182283817294,0.3863787505944391,3.0307776927948,0.1980984210968017,ok,,811,648,0,203,,30,1e-05,True,3.0304083824157715,tabpfn_finetune_epoch_chunks_f_mmd,dataset_val_split | c_selection=f_mmd | c_source=test | c_metric=standardized_l2 | c_reserve_ratio=0.05,30,1,tabpfn_finetuning_api_f_mmd_grad_accum10,acc,0.8220858895705522,0.8220858895705522,,,0,True,False,,f_mmd,test,standardized_l2,0.05,3.31848649755426,0.3370939541517119,,True
mfeat-fourier,/home/crc00006699/zh/tabiclv2/data184/mfeat-fourier,multiclass,1600,320,400,76,10,0.8975,0.8966752222138641,0.8975000000000002,0.9930347222222222,0.2419859629161108,41.06429934501648,0.9789657592773438,ok,,1600,1280,0,400,,30,1e-05,True,41.06395840644837,tabpfn_finetune_epoch_chunks_f_mmd,dataset_val_split | c_selection=f_mmd | c_source=test | c_metric=standardized_l2 | c_reserve_ratio=0.05,30,2,tabpfn_finetuning_api_f_mmd_grad_accum10,acc,0.88125,0.903125,,,21,True,False,,f_mmd,test,standardized_l2,0.05,2.2686421988334136,0.2528488966253512,,True
mfeat-morphological,/home/crc00006699/zh/tabiclv2/data184/mfeat-morphological,multiclass,1600,320,400,6,10,0.7675,0.755790626828105,0.7675000000000001,0.972875,0.4993568870927897,4.479941368103027,0.2132234573364257,ok,,1600,1280,0,400,,30,1e-05,True,4.47956919670105,tabpfn_finetune_epoch_chunks_f_mmd,dataset_val_split | c_selection=f_mmd | c_source=test | c_metric=standardized_l2 | c_reserve_ratio=0.05,30,2,tabpfn_finetuning_api_f_mmd_grad_accum10,acc,0.75,0.7625,,,3,True,False,,f_mmd,test,standardized_l2,0.05,3.0462114326407037,0.433867195832736,,True
mfeat-zernike,/home/crc00006699/zh/tabiclv2/data184/mfeat-zernike,multiclass,1600,320,400,47,10,0.85,0.8469223159650724,0.85,0.9857152777777778,0.2837584707784759,11.556164979934692,0.6377255916595459,ok,,1600,1280,0,400,,30,1e-05,True,11.555800199508669,tabpfn_finetune_epoch_chunks_f_mmd,dataset_val_split | c_selection=f_mmd | c_source=test | c_metric=standardized_l2 | c_reserve_ratio=0.05,30,2,tabpfn_finetuning_api_f_mmd_grad_accum10,acc,0.859375,0.884375,,,5,True,False,,f_mmd,test,standardized_l2,0.05,3.202519510756844,0.8268509840926855,,True
microaggregation2,/home/crc00006699/zh/tabiclv2/data184/microaggregation2,multiclass,16000,3200,4000,20,5,0.63225,0.5753407844840066,0.3883857719289542,0.8169493814882488,0.8979676371318988,54.64590764045715,7.636814117431641,ok,,16000,12800,0,4000,,60,1e-05,True,54.64552974700928,tabpfn_finetune_epoch_chunks_f_mmd,dataset_val_split | c_selection=f_mmd | c_source=test | c_metric=standardized_l2 | c_reserve_ratio=0.05,30,13,tabpfn_finetuning_api_f_mmd_grad_accum10,acc,0.646875,0.646875,,,0,True,False,,f_mmd,test,standardized_l2,0.05,7.772299090297293,5.410645517238208,,True
mozilla4,/home/crc00006699/zh/tabiclv2/data184/mozilla4,binclass,12436,2488,3109,4,2,0.9379221614667096,0.9369438340887208,0.915813295800956,0.9718059424805688,0.167534958569277,23.847546577453613,1.5430293083190918,ok,,12436,9948,0,3109,,30,1e-05,True,23.84717869758606,tabpfn_finetune_epoch_chunks_f_mmd,dataset_val_split | c_selection=f_mmd | c_source=test | c_metric=standardized_l2 | c_reserve_ratio=0.05,30,10,tabpfn_finetuning_api_f_mmd_grad_accum10,acc,0.9332797427652731,0.9332797427652731,,,0,True,False,,f_mmd,test,standardized_l2,0.05,5.719778483895582,7.029982756764565,,True
okcupid_stem,/home/crc00006699/zh/tabiclv2/data184/okcupid_stem,multiclass,21341,4269,5336,13,3,0.748688155922039,0.6830036526951927,0.4827268647508525,0.80609459527211,0.5922713867087955,83.84391522407532,7.042878866195679,ok,,21341,17072,0,5336,,60,1e-05,True,83.84345817565918,tabpfn_finetune_epoch_chunks_f_mmd,dataset_val_split | c_selection=f_mmd | c_source=test | c_metric=standardized_l2 | c_reserve_ratio=0.05,30,18,tabpfn_finetuning_api_f_mmd_grad_accum10,acc,0.7456078706957133,0.7467791051768564,,,3,True,False,,f_mmd,test,standardized_l2,0.05,3.3416941893930643,0.8440845444007699,,True
optdigits,/home/crc00006699/zh/tabiclv2/data184/optdigits,multiclass,4496,900,1124,64,10,0.98932384341637,0.9893158471112776,0.9893012360787162,0.9999223718676165,0.0354948555508537,46.96984076499939,2.945377826690674,ok,,4496,3596,0,1124,,30,1e-05,True,46.96945905685425,tabpfn_finetune_epoch_chunks_f_mmd,dataset_val_split | c_selection=f_mmd | c_source=test | c_metric=standardized_l2 | c_reserve_ratio=0.05,30,4,tabpfn_finetuning_api_f_mmd_grad_accum10,acc,0.9811111111111112,0.9844444444444445,,,7,True,False,,f_mmd,test,standardized_l2,0.05,5.06896729499547,4.869984143016839,,True
ozone_level,/home/crc00006699/zh/tabiclv2/data184/ozone_level,binclass,2028,406,508,36,2,0.9822834645669292,0.973504367068317,0.5,0.8366733466933868,0.0838361597500326,9.115333080291748,0.705564022064209,ok,,2028,1622,0,508,,30,1e-05,True,9.114957571029665,tabpfn_finetune_epoch_chunks_f_mmd,dataset_val_split | c_selection=f_mmd | c_source=test | c_metric=standardized_l2 | c_reserve_ratio=0.05,30,2,tabpfn_finetuning_api_f_mmd_grad_accum10,acc,0.9655172413793104,0.9655172413793104,,,0,True,False,,f_mmd,test,standardized_l2,0.05,4.099503720039604,0.2111521155279482,,True
pc1,/home/crc00006699/zh/tabiclv2/data184/pc1,binclass,887,178,222,21,2,0.9369369369369368,0.9219148393676696,0.5951690821256038,0.8942028985507247,0.1693453321221728,5.737793445587158,0.2349162101745605,ok,,887,709,0,222,,30,1e-05,True,5.737432241439819,tabpfn_finetune_epoch_chunks_f_mmd,dataset_val_split | c_selection=f_mmd | c_source=test | c_metric=standardized_l2 | c_reserve_ratio=0.05,30,1,tabpfn_finetuning_api_f_mmd_grad_accum10,acc,0.9325842696629212,0.9382022471910112,,,6,True,False,,f_mmd,test,standardized_l2,0.05,14.860325326819648,34.442359465042536,,True
pc4,/home/crc00006699/zh/tabiclv2/data184/pc4,binclass,1166,234,292,37,2,0.9212328767123288,0.9149592579218084,0.7521701388888888,0.9508463541666669,0.1930824378760581,4.665751934051514,0.3974761962890625,ok,,1166,932,0,292,,30,1e-05,True,4.665397644042969,tabpfn_finetune_epoch_chunks_f_mmd,dataset_val_split | c_selection=f_mmd | c_source=test | c_metric=standardized_l2 | c_reserve_ratio=0.05,30,1,tabpfn_finetuning_api_f_mmd_grad_accum10,acc,0.9273504273504274,0.9273504273504274,,,0,True,False,,f_mmd,test,standardized_l2,0.05,10.755746728435788,14.540866632121263,,True
phoneme,/home/crc00006699/zh/tabiclv2/data184/phoneme,binclass,4323,865,1081,5,2,0.883441258094357,0.8820495266230652,0.8483265066807604,0.9490767502931606,0.263741837587676,11.096547603607178,0.4473404884338379,ok,,4323,3458,0,1081,,30,1e-05,True,11.09619426727295,tabpfn_finetune_epoch_chunks_f_mmd,dataset_val_split | c_selection=f_mmd | c_source=test | c_metric=standardized_l2 | c_reserve_ratio=0.05,30,4,tabpfn_finetuning_api_f_mmd_grad_accum10,acc,0.907514450867052,0.9098265895953758,,,3,True,False,,f_mmd,test,standardized_l2,0.05,2.923672074236206,0.4383334753428596,,True
predict_students_dropout_and_academic_success,/home/crc00006699/zh/tabiclv2/data184/predict_students_dropout_and_academic_success,multiclass,3539,708,885,34,3,0.784180790960452,0.7792446462722747,0.7125775942544479,0.8896402045901737,0.5644593842921747,11.640066623687744,1.0002102851867676,ok,,3539,2831,0,885,,30,1e-05,True,11.639609336853027,tabpfn_finetune_epoch_chunks_f_mmd,dataset_val_split | c_selection=f_mmd | c_source=test | c_metric=standardized_l2 | c_reserve_ratio=0.05,30,3,tabpfn_finetuning_api_f_mmd_grad_accum10,acc,0.7966101694915254,0.7966101694915254,,,0,True,False,,f_mmd,test,standardized_l2,0.05,3.7450958420841145,1.0366219665531264,,True
ringnorm,/home/crc00006699/zh/tabiclv2/data184/ringnorm,binclass,5920,1184,1480,20,2,0.981081081081081,0.9810790076082628,0.981015467052384,0.9970450241164748,0.0580183918586741,22.82343006134033,1.619849443435669,ok,,5920,4736,0,1480,,30,1e-05,True,22.823081016540527,tabpfn_finetune_epoch_chunks_f_mmd,dataset_val_split | c_selection=f_mmd | c_source=test | c_metric=standardized_l2 | c_reserve_ratio=0.05,30,5,tabpfn_finetuning_api_f_mmd_grad_accum10,acc,0.981418918918919,0.9847972972972971,,,4,True,False,,f_mmd,test,standardized_l2,0.05,2.9035479770467534,0.3079563796117093,,True
satimage,/home/crc00006699/zh/tabiclv2/data184/satimage,multiclass,5144,1029,1286,36,6,0.9261275272161742,0.924102469751953,0.904555072014042,0.9942493583887768,0.1822079557071823,20.08985948562622,2.2062864303588867,ok,,5144,4115,0,1286,,30,1e-05,True,20.089487314224243,tabpfn_finetune_epoch_chunks_f_mmd,dataset_val_split | c_selection=f_mmd | c_source=test | c_metric=standardized_l2 | c_reserve_ratio=0.05,30,5,tabpfn_finetuning_api_f_mmd_grad_accum10,acc,0.9154518950437318,0.9154518950437318,,,0,True,False,,f_mmd,test,standardized_l2,0.05,4.537446856674189,0.8149597531827587,,True
seismic+bumps,/home/crc00006699/zh/tabiclv2/data184/seismic+bumps,binclass,2067,414,517,18,2,0.9342359767891684,0.9024719535783364,0.5,0.7153818048958713,0.2324017247614805,4.649873971939087,0.3506572246551513,ok,,2067,1653,0,517,,30,1e-05,True,4.649450302124023,tabpfn_finetune_epoch_chunks_f_mmd,dataset_val_split | c_selection=f_mmd | c_source=test | c_metric=standardized_l2 | c_reserve_ratio=0.05,30,2,tabpfn_finetuning_api_f_mmd_grad_accum10,acc,0.9347826086956522,0.9347826086956522,,,0,True,False,,f_mmd,test,standardized_l2,0.05,6.7471506196877575,8.626049890033777,,True
shill-bidding,/home/crc00006699/zh/tabiclv2/data184/shill-bidding,binclass,5056,1012,1265,3,2,0.9035573122529644,0.872367030793462,0.5613047955280965,0.9018394447564791,0.2137795353315837,10.091644763946531,0.4285826683044433,ok,,5056,4044,0,1265,,30,1e-05,True,10.091275691986084,tabpfn_finetune_epoch_chunks_f_mmd,dataset_val_split | c_selection=f_mmd | c_source=test | c_metric=standardized_l2 | c_reserve_ratio=0.05,30,5,tabpfn_finetuning_api_f_mmd_grad_accum10,acc,0.8913043478260869,0.8913043478260869,,,0,True,False,,f_mmd,test,standardized_l2,0.05,2.255752799174686,0.3162686543611533,,True
shuttle,/home/crc00006699/zh/tabiclv2/data184/shuttle,multiclass,0,0,0,0,0,,,,,,0.0,0.0,fail,"ValueError: could not broadcast input array from shape (6,) into shape (5,)",0,0,0,0,,0,,False,0.0,,,0,0,,,,,,,0,False,False,,,,,,,,,True
splice,/home/crc00006699/zh/tabiclv2/data184/splice,multiclass,2552,511,638,60,3,0.9670846394984326,0.967031010513256,0.9602336891300816,0.9958351343037416,0.1053872236630692,23.702162742614743,0.9191980361938475,ok,,2552,2041,0,638,,30,1e-05,True,23.701812028884888,tabpfn_finetune_epoch_chunks_f_mmd,dataset_val_split | c_selection=f_mmd | c_source=test | c_metric=standardized_l2 | c_reserve_ratio=0.05,30,3,tabpfn_finetuning_api_f_mmd_grad_accum10,acc,0.9667318982387476,0.9706457925636008,,,7,True,False,,f_mmd,test,standardized_l2,0.05,1.7248087468686208,0.0777286536869949,,True
statlog,/home/crc00006699/zh/tabiclv2/data184/statlog,binclass,800,160,200,20,2,0.72,0.703750493485985,0.6238095238095238,0.7618452380952381,0.5205899596397763,6.97810959815979,0.2193267345428466,ok,,800,640,0,200,,30,1e-05,True,6.977681398391724,tabpfn_finetune_epoch_chunks_f_mmd,dataset_val_split | c_selection=f_mmd | c_source=test | c_metric=standardized_l2 | c_reserve_ratio=0.05,30,1,tabpfn_finetuning_api_f_mmd_grad_accum10,acc,0.7625,0.78125,,,7,True,False,,f_mmd,test,standardized_l2,0.05,2.655811727331582,0.4089732914725933,,True
svmguide3,/home/crc00006699/zh/tabiclv2/data184/svmguide3,binclass,994,199,249,22,2,0.8554216867469879,0.8451042977881675,0.739720394736842,0.8961074561403508,0.3250256482608277,5.480421304702759,0.2453949451446533,ok,,994,795,0,249,,30,1e-05,True,5.480076789855957,tabpfn_finetune_epoch_chunks_f_mmd,dataset_val_split | c_selection=f_mmd | c_source=test | c_metric=standardized_l2 | c_reserve_ratio=0.05,30,1,tabpfn_finetuning_api_f_mmd_grad_accum10,acc,0.8592964824120602,0.864321608040201,,,5,True,False,,f_mmd,test,standardized_l2,0.05,6.8476941755736,3.0258432213239086,,True
taiwanese_bankruptcy_prediction,/home/crc00006699/zh/tabiclv2/data184/taiwanese_bankruptcy_prediction,binclass,5455,1091,1364,95,2,0.9714076246334312,0.9637984285722456,0.6007575757575757,0.924879476584022,0.0921408838478854,140.53151893615723,6.091959714889526,ok,,5455,4364,0,1364,,30,1e-05,True,140.5311484336853,tabpfn_finetune_epoch_chunks_f_mmd,dataset_val_split | c_selection=f_mmd | c_source=test | c_metric=standardized_l2 | c_reserve_ratio=0.05,30,5,tabpfn_finetuning_api_f_mmd_grad_accum10,acc,0.9688359303391384,0.9697525206232814,,,3,True,False,,f_mmd,test,standardized_l2,0.05,3.1006476281984545e+38,5.261023771799623e+38,,True
thyroid,/home/crc00006699/zh/tabiclv2/data184/thyroid,multiclass,5760,1152,1440,21,3,0.99375,0.9937018203160588,0.9540912050289396,0.9998666522015172,0.0110353812459109,15.235411167144775,1.5343327522277832,ok,,5760,4608,0,1440,,30,1e-05,True,15.234961748123167,tabpfn_finetune_epoch_chunks_f_mmd,dataset_val_split | c_selection=f_mmd | c_source=test | c_metric=standardized_l2 | c_reserve_ratio=0.05,30,5,tabpfn_finetuning_api_f_mmd_grad_accum10,acc,0.9913194444444444,0.9913194444444444,,,0,True,False,,f_mmd,test,standardized_l2,0.05,6.625365455158296,3.223925462896322,,True
thyroid-dis,/home/crc00006699/zh/tabiclv2/data184/thyroid-dis,multiclass,2240,448,560,26,5,0.6803571428571429,0.658448368387461,0.388887300263447,0.8864792055736899,0.707503997088206,11.401081800460815,0.4804282188415527,ok,,2240,1792,0,560,,30,1e-05,True,11.400707483291626,tabpfn_finetune_epoch_chunks_f_mmd,dataset_val_split | c_selection=f_mmd | c_source=test | c_metric=standardized_l2 | c_reserve_ratio=0.05,30,2,tabpfn_finetuning_api_f_mmd_grad_accum10,acc,0.7254464285714286,0.7299107142857143,,,7,True,False,,f_mmd,test,standardized_l2,0.05,6.195405562608836,7.622980425488731,,True
twonorm,/home/crc00006699/zh/tabiclv2/data184/twonorm,binclass,5920,1184,1480,20,2,0.9797297297297296,0.9797296556964672,0.9797333450207176,0.9984760746458632,0.0509164169315983,15.551795482635498,1.6136834621429443,ok,,5920,4736,0,1480,,30,1e-05,True,15.551437854766846,tabpfn_finetune_epoch_chunks_f_mmd,dataset_val_split | c_selection=f_mmd | c_source=test | c_metric=standardized_l2 | c_reserve_ratio=0.05,30,5,tabpfn_finetuning_api_f_mmd_grad_accum10,acc,0.9763513513513512,0.9763513513513512,,,0,True,False,,f_mmd,test,standardized_l2,0.05,2.008777158144226,0.1785955614617019,,True
wall-robot-navigation,/home/crc00006699/zh/tabiclv2/data184/wall-robot-navigation,multiclass,4364,873,1092,24,4,0.9935897435897436,0.9936029357155738,0.9959467120181406,0.9999410072908416,0.0204071110966277,22.89862322807312,1.2565841674804688,ok,,4364,3491,0,1092,,30,1e-05,True,22.89822196960449,tabpfn_finetune_epoch_chunks_f_mmd,dataset_val_split | c_selection=f_mmd | c_source=test | c_metric=standardized_l2 | c_reserve_ratio=0.05,30,4,tabpfn_finetuning_api_f_mmd_grad_accum10,acc,0.9919816723940436,0.995418098510882,,,7,True,False,,f_mmd,test,standardized_l2,0.05,2.664939865261662,0.3009586244123812,,True
waveform-5000,/home/crc00006699/zh/tabiclv2/data184/waveform-5000,multiclass,4000,800,1000,40,3,0.86,0.8598807628249994,0.8601810305273005,0.9775361909499736,0.2623183980597755,26.08854055404663,1.6673541069030762,ok,,4000,3200,0,1000,,30,1e-05,True,26.088178634643555,tabpfn_finetune_epoch_chunks_f_mmd,dataset_val_split | c_selection=f_mmd | c_source=test | c_metric=standardized_l2 | c_reserve_ratio=0.05,30,4,tabpfn_finetuning_api_f_mmd_grad_accum10,acc,0.8675,0.8725,,,5,True,False,,f_mmd,test,standardized_l2,0.05,1.8457667325328324,0.1061590404077216,,True
website_phishing,/home/crc00006699/zh/tabiclv2/data184/website_phishing,multiclass,1082,217,271,9,3,0.918819188191882,0.919229240827478,0.9134920634920636,0.978080379921734,0.2489892913472749,5.805578231811523,0.2094178199768066,ok,,1082,865,0,271,,30,1e-05,True,5.805202484130859,tabpfn_finetune_epoch_chunks_f_mmd,dataset_val_split | c_selection=f_mmd | c_source=test | c_metric=standardized_l2 | c_reserve_ratio=0.05,30,1,tabpfn_finetuning_api_f_mmd_grad_accum10,acc,0.9170506912442395,0.9216589861751152,,,6,True,False,,f_mmd,test,standardized_l2,0.05,2.228709432720394,0.1456178526680052,,True
wine-quality-red,/home/crc00006699/zh/tabiclv2/data184/wine-quality-red,multiclass,1279,256,320,4,6,0.634375,0.6131817809855813,0.3021905637254902,0.7718809833473729,0.9177587131562556,7.217812776565552,0.2097201347351074,ok,,1279,1023,0,320,,30,1e-05,True,7.217474460601807,tabpfn_finetune_epoch_chunks_f_mmd,dataset_val_split | c_selection=f_mmd | c_source=test | c_metric=standardized_l2 | c_reserve_ratio=0.05,30,2,tabpfn_finetuning_api_f_mmd_grad_accum10,acc,0.5546875,0.64453125,,,11,True,False,,f_mmd,test,standardized_l2,0.05,5.675454936648053,3.454121389757767,,True
yeast,/home/crc00006699/zh/tabiclv2/data184/yeast,multiclass,1187,238,297,8,10,0.6094276094276094,0.6025503658027886,0.5817438224352006,0.8861669147076869,0.9987635829974728,4.803939342498779,0.2055034637451172,ok,,1187,949,0,297,,30,1e-05,True,4.803579568862915,tabpfn_finetune_epoch_chunks_f_mmd,dataset_val_split | c_selection=f_mmd | c_source=test | c_metric=standardized_l2 | c_reserve_ratio=0.05,30,1,tabpfn_finetuning_api_f_mmd_grad_accum10,acc,0.5462184873949579,0.5588235294117647,,,4,True,False,,f_mmd,test,standardized_l2,0.05,7.800245991400498,5.639655367910236,,True
