dataset_name,dataset_dir,task_type,n_train,n_val,n_test,n_features,n_classes,accuracy,f1,balanced_accuracy,roc_auc,log_loss,fit_seconds,predict_seconds,status,error
stage1_graph_scm_0000_seed42,/home/crc00006699/zh/tabiclv2/results/tabiclv2_prior_data/graph_scm_3stage_512_seed42/stage1_graph_scm_0000_seed42,multiclass,584,0,440,36,5,0.6363636363636364,0.615701164865752,0.5968947484770907,0.8876251811001786,0.8318640574017159,0.6155879497528076,1.26828932762146,ok,
stage1_graph_scm_0001_seed42,/home/crc00006699/zh/tabiclv2/results/tabiclv2_prior_data/graph_scm_3stage_512_seed42/stage1_graph_scm_0001_seed42,multiclass,584,0,440,36,3,0.8477272727272728,0.848131770716998,0.8205730641129563,0.9536704303408426,0.3857534526907465,0.47904443740844727,1.0303008556365967,ok,
stage1_graph_scm_0002_seed42,/home/crc00006699/zh/tabiclv2/results/tabiclv2_prior_data/graph_scm_3stage_512_seed42/stage1_graph_scm_0002_seed42,multiclass,584,0,440,36,5,0.6659090909090909,0.6647523295255269,0.6555054455931669,0.9123695992581876,0.7691802272802588,0.5657169818878174,1.015066385269165,ok,
stage1_graph_scm_0003_seed42,/home/crc00006699/zh/tabiclv2/results/tabiclv2_prior_data/graph_scm_3stage_512_seed42/stage1_graph_scm_0003_seed42,binclass,584,0,440,36,2,1.0,1.0,1.0,1.0,4.6957979677060725e-05,0.44904446601867676,1.0207340717315674,ok,
stage1_graph_scm_0004_seed42,/home/crc00006699/zh/tabiclv2/results/tabiclv2_prior_data/graph_scm_3stage_512_seed42/stage1_graph_scm_0004_seed42,multiclass,458,0,566,36,5,0.2597173144876325,0.1804156708821266,0.239127631167506,0.5849768558644737,1.575129193816802,0.43570590019226074,0.9862895011901855,ok,
stage1_graph_scm_0005_seed42,/home/crc00006699/zh/tabiclv2/results/tabiclv2_prior_data/graph_scm_3stage_512_seed42/stage1_graph_scm_0005_seed42,multiclass,458,0,566,36,5,0.9982332155477032,0.9982320954589424,0.9980582524271846,0.9999966138426114,0.008662488137298757,0.4353365898132324,0.982609748840332,ok,
stage1_graph_scm_0006_seed42,/home/crc00006699/zh/tabiclv2/results/tabiclv2_prior_data/graph_scm_3stage_512_seed42/stage1_graph_scm_0006_seed42,multiclass,458,0,566,35,6,0.7756183745583038,0.7770155666817554,0.7712756287265932,0.9662554576839669,0.538789593725565,0.43079328536987305,0.9725866317749023,ok,
stage1_graph_scm_0007_seed42,/home/crc00006699/zh/tabiclv2/results/tabiclv2_prior_data/graph_scm_3stage_512_seed42/stage1_graph_scm_0007_seed42,binclass,458,0,566,30,2,1.0,1.0,1.0,1.0,3.157497743092237e-05,0.42963290214538574,0.912273645401001,ok,
stage1_graph_scm_0008_seed42,/home/crc00006699/zh/tabiclv2/results/tabiclv2_prior_data/graph_scm_3stage_512_seed42/stage1_graph_scm_0008_seed42,multiclass,769,0,255,68,4,0.792156862745098,0.7922948332286449,0.7913006880398183,0.9438405734170947,0.5811454875807786,0.5389225482940674,0.9198405742645264,ok,
stage1_graph_scm_0009_seed42,/home/crc00006699/zh/tabiclv2/results/tabiclv2_prior_data/graph_scm_3stage_512_seed42/stage1_graph_scm_0009_seed42,binclass,769,0,255,66,2,1.0,1.0,1.0,1.0,6.416270259804691e-07,0.5452635288238525,0.7928519248962402,ok,
stage1_graph_scm_0010_seed42,/home/crc00006699/zh/tabiclv2/results/tabiclv2_prior_data/graph_scm_3stage_512_seed42/stage1_graph_scm_0010_seed42,multiclass,769,0,255,68,4,0.44313725490196076,0.41009329578717446,0.3893483709273183,0.6808039963775321,1.2610477471668384,0.5272102355957031,0.8151564598083496,ok,
stage1_graph_scm_0011_seed42,/home/crc00006699/zh/tabiclv2/results/tabiclv2_prior_data/graph_scm_3stage_512_seed42/stage1_graph_scm_0011_seed42,binclass,769,0,255,58,2,1.0,1.0,1.0,1.0,1.7023915615863217e-06,0.5053303241729736,1.464601993560791,ok,
stage1_graph_scm_0012_seed42,/home/crc00006699/zh/tabiclv2/results/tabiclv2_prior_data/graph_scm_3stage_512_seed42/stage1_graph_scm_0012_seed42,multiclass,402,0,622,50,4,0.5466237942122186,0.387814292568695,0.5,0.8044077393982639,0.815311131114729,0.47012853622436523,1.180971622467041,ok,
stage1_graph_scm_0013_seed42,/home/crc00006699/zh/tabiclv2/results/tabiclv2_prior_data/graph_scm_3stage_512_seed42/stage1_graph_scm_0013_seed42,multiclass,402,0,622,56,3,0.9372990353697749,0.9372473067470758,0.9428424288440519,0.9917453368515083,0.15528973665240683,0.6006503105163574,1.264838695526123,ok,
stage1_graph_scm_0014_seed42,/home/crc00006699/zh/tabiclv2/results/tabiclv2_prior_data/graph_scm_3stage_512_seed42/stage1_graph_scm_0014_seed42,binclass,402,0,622,56,2,0.7604501607717041,0.7477818900780041,0.7035183534376728,0.7880976292300921,0.5202456551199552,0.4794151782989502,1.265683889389038,ok,
stage1_graph_scm_0015_seed42,/home/crc00006699/zh/tabiclv2/results/tabiclv2_prior_data/graph_scm_3stage_512_seed42/stage1_graph_scm_0015_seed42,multiclass,402,0,622,56,6,0.9935691318327974,0.993585353098342,0.993472134330205,0.999889195014451,0.022714393329298112,0.4633800983428955,1.2574973106384277,ok,
stage1_graph_scm_0016_seed42,/home/crc00006699/zh/tabiclv2/results/tabiclv2_prior_data/graph_scm_3stage_512_seed42/stage1_graph_scm_0016_seed42,multiclass,456,0,568,58,5,0.9630281690140845,0.9626941716273912,0.9300289724833763,0.9962238504047469,0.1267141898093356,0.4753561019897461,1.316765308380127,ok,
stage1_graph_scm_0017_seed42,/home/crc00006699/zh/tabiclv2/results/tabiclv2_prior_data/graph_scm_3stage_512_seed42/stage1_graph_scm_0017_seed42,multiclass,456,0,568,65,3,0.926056338028169,0.924349375931553,0.8420295983086681,0.983547466581487,0.18364677190140224,0.4867074489593506,0.7403838634490967,ok,
stage1_graph_scm_0018_seed42,/home/crc00006699/zh/tabiclv2/results/tabiclv2_prior_data/graph_scm_3stage_512_seed42/stage1_graph_scm_0018_seed42,multiclass,456,0,568,45,6,1.0,1.0,1.0,1.0,6.208383292337816e-05,0.44907450675964355,1.1495323181152344,ok,
stage1_graph_scm_0019_seed42,/home/crc00006699/zh/tabiclv2/results/tabiclv2_prior_data/graph_scm_3stage_512_seed42/stage1_graph_scm_0019_seed42,multiclass,456,0,568,52,9,0.29225352112676056,0.24837144054580956,0.22052860267421653,0.6940178137888355,1.9123262367252134,0.4648587703704834,1.2062084674835205,ok,
stage1_graph_scm_0020_seed42,/home/crc00006699/zh/tabiclv2/results/tabiclv2_prior_data/graph_scm_3stage_512_seed42/stage1_graph_scm_0020_seed42,multiclass,674,0,350,18,6,0.5657142857142857,0.4939739301425125,0.2832167832167832,0.7005490327953313,1.1089398675960813,0.4188227653503418,0.7767543792724609,ok,
stage1_graph_scm_0021_seed42,/home/crc00006699/zh/tabiclv2/results/tabiclv2_prior_data/graph_scm_3stage_512_seed42/stage1_graph_scm_0021_seed42,multiclass,674,0,350,18,8,0.9742857142857143,0.9742350861483243,0.9490573197128075,0.999218532801,0.08938840649528548,0.42519497871398926,0.7746405601501465,ok,
stage1_graph_scm_0022_seed42,/home/crc00006699/zh/tabiclv2/results/tabiclv2_prior_data/graph_scm_3stage_512_seed42/stage1_graph_scm_0022_seed42,multiclass,674,0,350,18,3,0.7885714285714286,0.7695961321420317,0.6813810094003331,0.9106957023097877,0.49681083038783763,0.40889835357666016,0.7749457359313965,ok,
stage1_graph_scm_0023_seed42,/home/crc00006699/zh/tabiclv2/results/tabiclv2_prior_data/graph_scm_3stage_512_seed42/stage1_graph_scm_0023_seed42,multiclass,674,0,350,15,8,0.9342857142857143,0.9241798005337828,0.9154411764705882,0.988882358366325,0.14085743463843897,0.40862417221069336,0.7517859935760498,ok,
stage1_graph_scm_0024_seed42,/home/crc00006699/zh/tabiclv2/results/tabiclv2_prior_data/graph_scm_3stage_512_seed42/stage1_graph_scm_0024_seed42,multiclass,740,0,284,66,3,0.9049295774647887,0.8966218362808429,0.5361761426978818,0.9107177078400244,0.2587014395684392,0.516913890838623,0.768181324005127,ok,
stage1_graph_scm_0025_seed42,/home/crc00006699/zh/tabiclv2/results/tabiclv2_prior_data/graph_scm_3stage_512_seed42/stage1_graph_scm_0025_seed42,multiclass,740,0,284,72,8,0.43661971830985913,0.34526505135538643,0.23062782805429866,0.7286414973477133,1.449541706356233,0.6622278690338135,0.8291950225830078,ok,
stage1_graph_scm_0026_seed42,/home/crc00006699/zh/tabiclv2/results/tabiclv2_prior_data/graph_scm_3stage_512_seed42/stage1_graph_scm_0026_seed42,multiclass,740,0,284,73,10,0.9436619718309859,0.9422411345738756,0.8832943469785576,0.9909241235789301,0.21684170569003855,0.5438640117645264,0.8294198513031006,ok,
stage1_graph_scm_0027_seed42,/home/crc00006699/zh/tabiclv2/results/tabiclv2_prior_data/graph_scm_3stage_512_seed42/stage1_graph_scm_0027_seed42,multiclass,740,0,284,79,9,0.3626760563380282,0.3316343871578205,0.29643917955946697,0.7678867611466769,1.7268153911822917,0.5439200401306152,0.9142358303070068,ok,
stage1_graph_scm_0028_seed42,/home/crc00006699/zh/tabiclv2/results/tabiclv2_prior_data/graph_scm_3stage_512_seed42/stage1_graph_scm_0028_seed42,multiclass,438,0,586,8,8,0.3003412969283277,0.2529298846864673,0.25028123046616746,0.6995883035952055,1.8354219920218728,0.38568687438964844,0.5936617851257324,ok,
stage1_graph_scm_0029_seed42,/home/crc00006699/zh/tabiclv2/results/tabiclv2_prior_data/graph_scm_3stage_512_seed42/stage1_graph_scm_0029_seed42,multiclass,438,0,586,9,5,0.47952218430034127,0.4332959094337116,0.4319815700237217,0.7581358583374881,1.209141809903514,0.3874948024749756,0.6064693927764893,ok,
stage1_graph_scm_0030_seed42,/home/crc00006699/zh/tabiclv2/results/tabiclv2_prior_data/graph_scm_3stage_512_seed42/stage1_graph_scm_0030_seed42,binclass,438,0,586,5,2,1.0,1.0,1.0,1.0,3.861706684286591e-05,0.37977099418640137,0.3316793441772461,ok,
stage1_graph_scm_0031_seed42,/home/crc00006699/zh/tabiclv2/results/tabiclv2_prior_data/graph_scm_3stage_512_seed42/stage1_graph_scm_0031_seed42,multiclass,438,0,586,9,9,0.9948805460750854,0.9948634443090543,0.99224438113327,1.0,0.010586355368537357,0.3872859477996826,0.5956261157989502,ok,
stage1_graph_scm_0032_seed42,/home/crc00006699/zh/tabiclv2/results/tabiclv2_prior_data/graph_scm_3stage_512_seed42/stage1_graph_scm_0032_seed42,multiclass,904,0,120,14,4,0.7833333333333333,0.7743019414217145,0.7096447361393013,0.9346456629169315,0.5277641850130671,0.4038066864013672,0.7773778438568115,ok,
stage1_graph_scm_0033_seed42,/home/crc00006699/zh/tabiclv2/results/tabiclv2_prior_data/graph_scm_3stage_512_seed42/stage1_graph_scm_0033_seed42,multiclass,904,0,120,14,3,1.0,1.0,1.0,1.0,7.476678962997321e-06,0.4168229103088379,0.7792327404022217,ok,
stage1_graph_scm_0034_seed42,/home/crc00006699/zh/tabiclv2/results/tabiclv2_prior_data/graph_scm_3stage_512_seed42/stage1_graph_scm_0034_seed42,multiclass,904,0,120,14,4,1.0,1.0,1.0,1.0,3.010035248607639e-07,0.40584731101989746,0.7859325408935547,ok,
stage1_graph_scm_0035_seed42,/home/crc00006699/zh/tabiclv2/results/tabiclv2_prior_data/graph_scm_3stage_512_seed42/stage1_graph_scm_0035_seed42,binclass,904,0,120,14,2,0.975,0.9749913043478261,0.974694104560623,0.9947163515016686,0.09121981703070361,0.421966552734375,0.7789552211761475,ok,
stage1_graph_scm_0036_seed42,/home/crc00006699/zh/tabiclv2/results/tabiclv2_prior_data/graph_scm_3stage_512_seed42/stage1_graph_scm_0036_seed42,binclass,444,0,580,15,2,0.903448275862069,0.9017043202536662,0.8730756072528225,0.9595484091686622,0.234390082295444,0.48755478858947754,0.6976442337036133,ok,
stage1_graph_scm_0037_seed42,/home/crc00006699/zh/tabiclv2/results/tabiclv2_prior_data/graph_scm_3stage_512_seed42/stage1_graph_scm_0037_seed42,multiclass,444,0,580,15,10,0.9982758620689656,0.9982791165764583,0.9979591836734694,1.0,0.005038737363813515,0.39557552337646484,0.7054417133331299,ok,
stage1_graph_scm_0038_seed42,/home/crc00006699/zh/tabiclv2/results/tabiclv2_prior_data/graph_scm_3stage_512_seed42/stage1_graph_scm_0038_seed42,multiclass,444,0,580,15,4,0.9982758620689656,0.998283020175635,0.9985380116959064,0.9997798569835319,0.024205669164120695,0.39590024948120117,0.6943621635437012,ok,
stage1_graph_scm_0039_seed42,/home/crc00006699/zh/tabiclv2/results/tabiclv2_prior_data/graph_scm_3stage_512_seed42/stage1_graph_scm_0039_seed42,multiclass,444,0,580,15,3,1.0,1.0,1.0,1.0,5.743628658691614e-07,0.3957095146179199,0.6874172687530518,ok,
stage1_graph_scm_0040_seed42,/home/crc00006699/zh/tabiclv2/results/tabiclv2_prior_data/graph_scm_3stage_512_seed42/stage1_graph_scm_0040_seed42,multiclass,349,0,675,22,4,1.0,1.0,1.0,1.0,6.255399471788176e-07,0.40909361839294434,0.759814977645874,ok,
stage1_graph_scm_0041_seed42,/home/crc00006699/zh/tabiclv2/results/tabiclv2_prior_data/graph_scm_3stage_512_seed42/stage1_graph_scm_0041_seed42,multiclass,349,0,675,21,7,1.0,1.0,1.0,1.0,5.095631304258726e-05,0.4095170497894287,0.7600271701812744,ok,
stage1_graph_scm_0042_seed42,/home/crc00006699/zh/tabiclv2/results/tabiclv2_prior_data/graph_scm_3stage_512_seed42/stage1_graph_scm_0042_seed42,multiclass,349,0,675,22,6,1.0,1.0,1.0,1.0,6.452321024565722e-07,0.4101262092590332,0.7578339576721191,ok,
stage1_graph_scm_0043_seed42,/home/crc00006699/zh/tabiclv2/results/tabiclv2_prior_data/graph_scm_3stage_512_seed42/stage1_graph_scm_0043_seed42,multiclass,349,0,675,22,3,0.9540740740740741,0.9523863599837393,0.8652195241599214,0.9962000700077555,0.0933105844502239,0.4108290672302246,0.767669677734375,ok,
stage1_graph_scm_0044_seed42,/home/crc00006699/zh/tabiclv2/results/tabiclv2_prior_data/graph_scm_3stage_512_seed42/stage1_graph_scm_0044_seed42,multiclass,776,0,248,94,4,1.0,1.0,1.0,1.0,1.4285285782765497e-05,0.5766096115112305,1.0104846954345703,ok,
stage1_graph_scm_0045_seed42,/home/crc00006699/zh/tabiclv2/results/tabiclv2_prior_data/graph_scm_3stage_512_seed42/stage1_graph_scm_0045_seed42,multiclass,776,0,248,95,4,0.9919354838709677,0.9912148870550972,0.9166666666666666,0.9996320958049644,0.01889391808999092,0.5817828178405762,1.0365650653839111,ok,
stage1_graph_scm_0046_seed42,/home/crc00006699/zh/tabiclv2/results/tabiclv2_prior_data/graph_scm_3stage_512_seed42/stage1_graph_scm_0046_seed42,multiclass,776,0,248,87,4,0.9959677419354839,0.995954641681863,0.9939024390243902,1.0,0.0063359762224500515,0.6704316139221191,0.9532504081726074,ok,
stage1_graph_scm_0047_seed42,/home/crc00006699/zh/tabiclv2/results/tabiclv2_prior_data/graph_scm_3stage_512_seed42/stage1_graph_scm_0047_seed42,multiclass,776,0,248,96,3,0.592741935483871,0.5089556258240503,0.5312606184165817,0.8142110085032869,0.7174128265693048,0.589226245880127,1.044543743133545,ok,
stage1_graph_scm_0048_seed42,/home/crc00006699/zh/tabiclv2/results/tabiclv2_prior_data/graph_scm_3stage_512_seed42/stage1_graph_scm_0048_seed42,binclass,467,0,557,16,2,1.0,1.0,1.0,0.9999999999999999,2.7904421548314046e-06,0.4206256866455078,0.7132508754730225,ok,
stage1_graph_scm_0049_seed42,/home/crc00006699/zh/tabiclv2/results/tabiclv2_prior_data/graph_scm_3stage_512_seed42/stage1_graph_scm_0049_seed42,multiclass,467,0,557,17,7,0.7073608617594255,0.6791125533199873,0.31495222516088167,0.8058629857833761,0.8458115854681127,0.40442371368408203,0.7212536334991455,ok,
stage1_graph_scm_0050_seed42,/home/crc00006699/zh/tabiclv2/results/tabiclv2_prior_data/graph_scm_3stage_512_seed42/stage1_graph_scm_0050_seed42,multiclass,467,0,557,17,6,0.6140035906642729,0.599651211083197,0.529020133472024,0.9031471688248832,0.9350945777710883,0.404188871383667,0.7231974601745605,ok,
stage1_graph_scm_0051_seed42,/home/crc00006699/zh/tabiclv2/results/tabiclv2_prior_data/graph_scm_3stage_512_seed42/stage1_graph_scm_0051_seed42,multiclass,467,0,557,17,6,0.8384201077199281,0.8397267191061182,0.8304124015000146,0.9749604555056196,0.4230308058961484,0.4132401943206787,0.7395660877227783,ok,
stage1_graph_scm_0052_seed42,/home/crc00006699/zh/tabiclv2/results/tabiclv2_prior_data/graph_scm_3stage_512_seed42/stage1_graph_scm_0052_seed42,multiclass,763,0,261,27,5,0.9042145593869731,0.9029653726378335,0.8813546202225447,0.9898178522580634,0.21521040703015049,0.4322793483734131,0.9398708343505859,ok,
stage1_graph_scm_0053_seed42,/home/crc00006699/zh/tabiclv2/results/tabiclv2_prior_data/graph_scm_3stage_512_seed42/stage1_graph_scm_0053_seed42,multiclass,763,0,261,24,3,0.9846743295019157,0.9837668394929775,0.8607957803004243,0.940246815672781,0.08991701861355236,0.42789745330810547,0.8864390850067139,ok,
stage1_graph_scm_0054_seed42,/home/crc00006699/zh/tabiclv2/results/tabiclv2_prior_data/graph_scm_3stage_512_seed42/stage1_graph_scm_0054_seed42,multiclass,763,0,261,27,10,0.946360153256705,0.9456816907053943,0.9347701149425287,0.9972421611259963,0.20911145077343402,0.4357287883758545,0.940716028213501,ok,
stage1_graph_scm_0055_seed42,/home/crc00006699/zh/tabiclv2/results/tabiclv2_prior_data/graph_scm_3stage_512_seed42/stage1_graph_scm_0055_seed42,multiclass,763,0,261,27,8,1.0,1.0,1.0,1.0,2.9379934410443712e-05,0.43224263191223145,0.9338169097900391,ok,
stage1_graph_scm_0056_seed42,/home/crc00006699/zh/tabiclv2/results/tabiclv2_prior_data/graph_scm_3stage_512_seed42/stage1_graph_scm_0056_seed42,multiclass,579,0,445,3,5,0.9078651685393259,0.9009921138753089,0.8711253369272237,0.9717204543253525,0.26019328103333883,0.37905097007751465,0.4647340774536133,ok,
stage1_graph_scm_0057_seed42,/home/crc00006699/zh/tabiclv2/results/tabiclv2_prior_data/graph_scm_3stage_512_seed42/stage1_graph_scm_0057_seed42,multiclass,579,0,445,3,6,0.7213483146067415,0.7257123010268967,0.6070061774665355,0.9239728500880381,0.6320020014778053,0.4783651828765869,0.49306488037109375,ok,
stage1_graph_scm_0058_seed42,/home/crc00006699/zh/tabiclv2/results/tabiclv2_prior_data/graph_scm_3stage_512_seed42/stage1_graph_scm_0058_seed42,multiclass,579,0,445,3,5,0.3235955056179775,0.28054835307043235,0.28113074060442483,0.6487142513981571,1.4766318201448383,0.38390350341796875,0.470264196395874,ok,
stage1_graph_scm_0059_seed42,/home/crc00006699/zh/tabiclv2/results/tabiclv2_prior_data/graph_scm_3stage_512_seed42/stage1_graph_scm_0059_seed42,multiclass,579,0,445,3,3,0.9955056179775281,0.9954325811716601,0.9770114942528735,1.0,0.009938005948702795,0.3793754577636719,0.303347110748291,ok,
stage1_graph_scm_0060_seed42,/home/crc00006699/zh/tabiclv2/results/tabiclv2_prior_data/graph_scm_3stage_512_seed42/stage1_graph_scm_0060_seed42,multiclass,401,0,623,33,5,0.9085072231139647,0.9033377185931112,0.8335487036731228,0.9911633823318666,0.17425128781691776,0.44280576705932617,0.9404094219207764,ok,
stage1_graph_scm_0061_seed42,/home/crc00006699/zh/tabiclv2/results/tabiclv2_prior_data/graph_scm_3stage_512_seed42/stage1_graph_scm_0061_seed42,multiclass,401,0,623,36,3,0.9229534510433387,0.9233162207529281,0.9065058996479808,0.9913046278183649,0.14875935531198214,0.43277716636657715,1.0053772926330566,ok,
stage1_graph_scm_0062_seed42,/home/crc00006699/zh/tabiclv2/results/tabiclv2_prior_data/graph_scm_3stage_512_seed42/stage1_graph_scm_0062_seed42,multiclass,401,0,623,30,3,1.0,1.0,1.0,1.0,3.4056827964583085e-05,0.4278690814971924,0.9655356407165527,ok,
stage1_graph_scm_0063_seed42,/home/crc00006699/zh/tabiclv2/results/tabiclv2_prior_data/graph_scm_3stage_512_seed42/stage1_graph_scm_0063_seed42,multiclass,401,0,623,36,6,0.9871589085072231,0.9870227705778891,0.9684944775596073,0.9997335286998869,0.04073106673701806,0.4483015537261963,0.9881064891815186,ok,
stage1_graph_scm_0064_seed42,/home/crc00006699/zh/tabiclv2/results/tabiclv2_prior_data/graph_scm_3stage_512_seed42/stage1_graph_scm_0064_seed42,multiclass,552,0,472,42,4,0.9915254237288136,0.9914961257431634,0.9836142803302841,0.9999225939013026,0.01600884722436432,0.4612584114074707,1.1144957542419434,ok,
stage1_graph_scm_0065_seed42,/home/crc00006699/zh/tabiclv2/results/tabiclv2_prior_data/graph_scm_3stage_512_seed42/stage1_graph_scm_0065_seed42,multiclass,552,0,472,42,9,0.8728813559322034,0.871808568845376,0.8698400812082192,0.9878836298400571,0.3566200119893268,0.47062063217163086,1.1160218715667725,ok,
stage1_graph_scm_0066_seed42,/home/crc00006699/zh/tabiclv2/results/tabiclv2_prior_data/graph_scm_3stage_512_seed42/stage1_graph_scm_0066_seed42,multiclass,552,0,472,42,5,0.9936440677966102,0.9936556339983019,0.994,0.9999589710000713,0.0156624725728918,0.46154117584228516,1.121276617050171,ok,
stage1_graph_scm_0067_seed42,/home/crc00006699/zh/tabiclv2/results/tabiclv2_prior_data/graph_scm_3stage_512_seed42/stage1_graph_scm_0067_seed42,multiclass,552,0,472,36,3,0.989406779661017,0.9893755574935823,0.984508547008547,0.9998277425513716,0.03085766990685971,0.45482826232910156,1.0400469303131104,ok,
stage1_graph_scm_0068_seed42,/home/crc00006699/zh/tabiclv2/results/tabiclv2_prior_data/graph_scm_3stage_512_seed42/stage1_graph_scm_0068_seed42,multiclass,823,0,201,9,10,0.7263681592039801,0.7160008747862434,0.6995148503546672,0.9641305953911438,0.5411860495595745,0.4756467342376709,0.6857366561889648,ok,
stage1_graph_scm_0069_seed42,/home/crc00006699/zh/tabiclv2/results/tabiclv2_prior_data/graph_scm_3stage_512_seed42/stage1_graph_scm_0069_seed42,multiclass,823,0,201,9,9,1.0,1.0,1.0,1.0,4.1960513057373544e-07,0.38783979415893555,0.8669121265411377,ok,
stage1_graph_scm_0070_seed42,/home/crc00006699/zh/tabiclv2/results/tabiclv2_prior_data/graph_scm_3stage_512_seed42/stage1_graph_scm_0070_seed42,multiclass,823,0,201,9,3,0.9402985074626866,0.9320350416324193,0.6182795698924731,0.8968056175672245,0.2236748166943065,0.39282774925231934,0.6853647232055664,ok,
stage1_graph_scm_0071_seed42,/home/crc00006699/zh/tabiclv2/results/tabiclv2_prior_data/graph_scm_3stage_512_seed42/stage1_graph_scm_0071_seed42,binclass,823,0,201,9,2,0.9154228855721394,0.9146191228501259,0.897562582345191,0.9664031620553359,0.22543305700252472,0.3909604549407959,0.677149772644043,ok,
stage1_graph_scm_0072_seed42,/home/crc00006699/zh/tabiclv2/results/tabiclv2_prior_data/graph_scm_3stage_512_seed42/stage1_graph_scm_0072_seed42,multiclass,345,0,679,47,5,0.6730486008836525,0.6624793322177945,0.5760988572717273,0.9066970464254094,0.7552379224600767,0.4528181552886963,1.141345739364624,ok,
stage1_graph_scm_0073_seed42,/home/crc00006699/zh/tabiclv2/results/tabiclv2_prior_data/graph_scm_3stage_512_seed42/stage1_graph_scm_0073_seed42,multiclass,345,0,679,43,7,0.47128129602356406,0.42538958488931594,0.37600943218233673,0.7578553359172604,1.424252557028461,0.4405035972595215,1.0735337734222412,ok,
stage1_graph_scm_0074_seed42,/home/crc00006699/zh/tabiclv2/results/tabiclv2_prior_data/graph_scm_3stage_512_seed42/stage1_graph_scm_0074_seed42,binclass,345,0,679,47,2,0.9823269513991163,0.982078299373409,0.959505728750333,0.9993471889155342,0.021572579443091953,0.4571259021759033,1.1125476360321045,ok,
stage1_graph_scm_0075_seed42,/home/crc00006699/zh/tabiclv2/results/tabiclv2_prior_data/graph_scm_3stage_512_seed42/stage1_graph_scm_0075_seed42,multiclass,345,0,679,47,5,0.4698085419734904,0.4315140297224824,0.4001897780343895,0.7647535736927452,1.2472946916819112,0.45635461807250977,1.130993366241455,ok,
stage1_graph_scm_0076_seed42,/home/crc00006699/zh/tabiclv2/results/tabiclv2_prior_data/graph_scm_3stage_512_seed42/stage1_graph_scm_0076_seed42,multiclass,448,0,576,87,8,0.53125,0.4700624325522795,0.2734897191896657,0.7738252209284471,1.3743963399168808,0.5227739810943604,0.8863396644592285,ok,
stage1_graph_scm_0077_seed42,/home/crc00006699/zh/tabiclv2/results/tabiclv2_prior_data/graph_scm_3stage_512_seed42/stage1_graph_scm_0077_seed42,multiclass,448,0,576,93,6,0.2881944444444444,0.2690567031864787,0.2863693954862541,0.6576391526128006,1.6866895348201885,0.5408010482788086,0.9553134441375732,ok,
stage1_graph_scm_0078_seed42,/home/crc00006699/zh/tabiclv2/results/tabiclv2_prior_data/graph_scm_3stage_512_seed42/stage1_graph_scm_0078_seed42,multiclass,448,0,576,90,8,0.9184027777777778,0.9177642748413842,0.8747570705926073,0.9954755014354181,0.1807840469722691,0.53487229347229,0.931959867477417,ok,
stage1_graph_scm_0079_seed42,/home/crc00006699/zh/tabiclv2/results/tabiclv2_prior_data/graph_scm_3stage_512_seed42/stage1_graph_scm_0079_seed42,multiclass,448,0,576,93,4,0.9965277777777778,0.9965285770498254,0.998015873015873,1.0,0.004195977431171982,0.5503370761871338,0.9584560394287109,ok,
stage1_graph_scm_0080_seed42,/home/crc00006699/zh/tabiclv2/results/tabiclv2_prior_data/graph_scm_3stage_512_seed42/stage1_graph_scm_0080_seed42,multiclass,628,0,396,92,7,0.8434343434343434,0.8400861703117971,0.7531500711490671,0.9820889880071834,0.4046628726764056,0.5639221668243408,0.9232461452484131,ok,
stage1_graph_scm_0081_seed42,/home/crc00006699/zh/tabiclv2/results/tabiclv2_prior_data/graph_scm_3stage_512_seed42/stage1_graph_scm_0081_seed42,multiclass,628,0,396,94,10,0.9090909090909091,0.9057810409762957,0.8244899413905624,0.9933232187034242,0.26770447026943667,0.6601946353912354,0.9510712623596191,ok,
stage1_graph_scm_0082_seed42,/home/crc00006699/zh/tabiclv2/results/tabiclv2_prior_data/graph_scm_3stage_512_seed42/stage1_graph_scm_0082_seed42,multiclass,628,0,396,94,3,0.7171717171717171,0.7037098165276279,0.6618980925703615,0.8238656648341663,0.7039623533732762,0.5730109214782715,0.9582374095916748,ok,
stage1_graph_scm_0083_seed42,/home/crc00006699/zh/tabiclv2/results/tabiclv2_prior_data/graph_scm_3stage_512_seed42/stage1_graph_scm_0083_seed42,multiclass,628,0,396,83,4,0.9747474747474747,0.9746203597350941,0.972737356767468,0.9975207593146473,0.10030683674846279,0.5393896102905273,0.8527712821960449,ok,
stage1_graph_scm_0084_seed42,/home/crc00006699/zh/tabiclv2/results/tabiclv2_prior_data/graph_scm_3stage_512_seed42/stage1_graph_scm_0084_seed42,multiclass,491,0,533,37,6,0.9568480300187617,0.9557096939732789,0.9404870468814837,0.9981371194865071,0.09536946678617148,0.45396995544433594,1.034055233001709,ok,
stage1_graph_scm_0085_seed42,/home/crc00006699/zh/tabiclv2/results/tabiclv2_prior_data/graph_scm_3stage_512_seed42/stage1_graph_scm_0085_seed42,multiclass,491,0,533,37,5,0.34709193245778613,0.33512808724293836,0.3224536984307974,0.6336149240903726,1.5116505774611013,0.4394214153289795,1.0375871658325195,ok,
stage1_graph_scm_0086_seed42,/home/crc00006699/zh/tabiclv2/results/tabiclv2_prior_data/graph_scm_3stage_512_seed42/stage1_graph_scm_0086_seed42,multiclass,491,0,533,37,4,0.9831144465290806,0.9829848433071348,0.9707920535872716,0.9997839964918429,0.03534083652080622,0.4393951892852783,1.0356509685516357,ok,
stage1_graph_scm_0087_seed42,/home/crc00006699/zh/tabiclv2/results/tabiclv2_prior_data/graph_scm_3stage_512_seed42/stage1_graph_scm_0087_seed42,multiclass,491,0,533,37,7,0.40337711069418386,0.36847211824716064,0.31533794468947113,0.7710622626137938,1.4819824819663803,0.43972229957580566,1.037057876586914,ok,
stage1_graph_scm_0088_seed42,/home/crc00006699/zh/tabiclv2/results/tabiclv2_prior_data/graph_scm_3stage_512_seed42/stage1_graph_scm_0088_seed42,multiclass,372,0,652,69,7,0.35429447852760737,0.2747164657640341,0.35781172625258595,0.7907612383931953,1.3541213510114427,0.4999678134918213,0.7609415054321289,ok,
stage1_graph_scm_0089_seed42,/home/crc00006699/zh/tabiclv2/results/tabiclv2_prior_data/graph_scm_3stage_512_seed42/stage1_graph_scm_0089_seed42,multiclass,372,0,652,69,8,0.7147239263803681,0.6350274624592885,0.5543893129770993,0.9255647701894569,0.6135187784272004,0.5929820537567139,0.7790052890777588,ok,
stage1_graph_scm_0090_seed42,/home/crc00006699/zh/tabiclv2/results/tabiclv2_prior_data/graph_scm_3stage_512_seed42/stage1_graph_scm_0090_seed42,multiclass,372,0,652,69,8,0.25,0.2550647256413002,0.2501467022433535,0.702949248181004,1.8703332980277143,0.5165224075317383,0.8142766952514648,ok,
stage1_graph_scm_0091_seed42,/home/crc00006699/zh/tabiclv2/results/tabiclv2_prior_data/graph_scm_3stage_512_seed42/stage1_graph_scm_0091_seed42,multiclass,372,0,652,69,4,0.9570552147239264,0.9570684511531772,0.9587936793069955,0.9978955970631731,0.10906556519902998,0.4958634376525879,0.7709894180297852,ok,
stage1_graph_scm_0092_seed42,/home/crc00006699/zh/tabiclv2/results/tabiclv2_prior_data/graph_scm_3stage_512_seed42/stage1_graph_scm_0092_seed42,multiclass,860,0,164,3,9,1.0,1.0,1.0,1.0,0.0008750103549990423,0.383253812789917,0.5419044494628906,ok,
stage1_graph_scm_0093_seed42,/home/crc00006699/zh/tabiclv2/results/tabiclv2_prior_data/graph_scm_3stage_512_seed42/stage1_graph_scm_0093_seed42,multiclass,860,0,164,3,4,0.7804878048780488,0.7763808948389354,0.6592659330938854,0.8989962490185336,0.591936617980375,0.3804471492767334,0.4147632122039795,ok,
stage1_graph_scm_0094_seed42,/home/crc00006699/zh/tabiclv2/results/tabiclv2_prior_data/graph_scm_3stage_512_seed42/stage1_graph_scm_0094_seed42,multiclass,860,0,164,3,7,0.3231707317073171,0.22497649248719082,0.1787402904424181,0.6187613872345068,1.7510706938282874,0.3818981647491455,0.5352489948272705,ok,
stage1_graph_scm_0095_seed42,/home/crc00006699/zh/tabiclv2/results/tabiclv2_prior_data/graph_scm_3stage_512_seed42/stage1_graph_scm_0095_seed42,multiclass,860,0,164,3,5,0.5,0.4837741882422515,0.46915575838730544,0.7654556914836532,1.305392583355311,0.37902235984802246,0.5158658027648926,ok,
stage1_graph_scm_0096_seed42,/home/crc00006699/zh/tabiclv2/results/tabiclv2_prior_data/graph_scm_3stage_512_seed42/stage1_graph_scm_0096_seed42,multiclass,698,0,326,50,3,0.5674846625766872,0.5471643386745951,0.4568220394307351,0.7252145254357886,0.8855437231122524,0.4767296314239502,1.2785656452178955,ok,
stage1_graph_scm_0097_seed42,/home/crc00006699/zh/tabiclv2/results/tabiclv2_prior_data/graph_scm_3stage_512_seed42/stage1_graph_scm_0097_seed42,multiclass,698,0,326,50,10,0.9631901840490797,0.9633046689564009,0.9416450346801579,0.9993421761105818,0.09113629236880741,0.4847846031188965,1.282527208328247,ok,
stage1_graph_scm_0098_seed42,/home/crc00006699/zh/tabiclv2/results/tabiclv2_prior_data/graph_scm_3stage_512_seed42/stage1_graph_scm_0098_seed42,multiclass,698,0,326,50,7,0.4785276073619632,0.4301245498192215,0.28691462732279055,0.7464651564084976,1.3903610202851813,0.4760556221008301,1.2805063724517822,ok,
stage1_graph_scm_0099_seed42,/home/crc00006699/zh/tabiclv2/results/tabiclv2_prior_data/graph_scm_3stage_512_seed42/stage1_graph_scm_0099_seed42,multiclass,698,0,326,50,4,0.9815950920245399,0.9818332979138301,0.97573385518591,0.9990860296810697,0.041206827814518815,0.4843275547027588,1.2772858142852783,ok,
stage1_graph_scm_0100_seed42,/home/crc00006699/zh/tabiclv2/results/tabiclv2_prior_data/graph_scm_3stage_512_seed42/stage1_graph_scm_0100_seed42,multiclass,446,0,578,98,7,0.9117647058823529,0.8998848054120416,0.7307088744588744,0.9851083553310621,0.19210069582999917,0.6398658752441406,0.961693286895752,ok,
stage1_graph_scm_0101_seed42,/home/crc00006699/zh/tabiclv2/results/tabiclv2_prior_data/graph_scm_3stage_512_seed42/stage1_graph_scm_0101_seed42,multiclass,446,0,578,96,8,0.5224913494809689,0.5115707345836747,0.5174373382307172,0.8648824296443283,1.2964166923199185,0.5672805309295654,0.9557902812957764,ok,
stage1_graph_scm_0102_seed42,/home/crc00006699/zh/tabiclv2/results/tabiclv2_prior_data/graph_scm_3stage_512_seed42/stage1_graph_scm_0102_seed42,multiclass,446,0,578,98,4,0.6349480968858131,0.5885523007156828,0.4791092892362604,0.8045607571106828,0.8733175735007416,0.5518636703491211,0.9745035171508789,ok,
stage1_graph_scm_0103_seed42,/home/crc00006699/zh/tabiclv2/results/tabiclv2_prior_data/graph_scm_3stage_512_seed42/stage1_graph_scm_0103_seed42,binclass,446,0,578,88,2,1.0,1.0,1.0,1.0,1.2535598539961975e-06,0.5699734687805176,0.8899667263031006,ok,
stage1_graph_scm_0104_seed42,/home/crc00006699/zh/tabiclv2/results/tabiclv2_prior_data/graph_scm_3stage_512_seed42/stage1_graph_scm_0104_seed42,binclass,383,0,641,2,2,0.9953198127925117,0.9954101743389223,0.9975247524752475,0.9998585572842998,0.009196409512154537,0.3741607666015625,0.12211823463439941,ok,
stage1_graph_scm_0105_seed42,/home/crc00006699/zh/tabiclv2/results/tabiclv2_prior_data/graph_scm_3stage_512_seed42/stage1_graph_scm_0105_seed42,multiclass,383,0,641,2,3,0.7550702028081123,0.7469208184389525,0.7054797418808844,0.9020035818032778,0.547318388940854,0.3743104934692383,0.18367409706115723,ok,
stage1_graph_scm_0106_seed42,/home/crc00006699/zh/tabiclv2/results/tabiclv2_prior_data/graph_scm_3stage_512_seed42/stage1_graph_scm_0106_seed42,multiclass,383,0,641,2,5,0.5039001560062403,0.4352104368107483,0.3943603671751945,0.7383380932616541,1.3021082515474898,0.38007688522338867,0.28272485733032227,ok,
stage1_graph_scm_0107_seed42,/home/crc00006699/zh/tabiclv2/results/tabiclv2_prior_data/graph_scm_3stage_512_seed42/stage1_graph_scm_0107_seed42,multiclass,383,0,641,2,10,0.22932917316692666,0.18396156933427787,0.20043365803606328,0.7245931284668163,1.9899867797792725,0.38353466987609863,0.42498111724853516,ok,
stage1_graph_scm_0108_seed42,/home/crc00006699/zh/tabiclv2/results/tabiclv2_prior_data/graph_scm_3stage_512_seed42/stage1_graph_scm_0108_seed42,multiclass,709,0,315,56,8,0.8412698412698413,0.8416519994409246,0.8240505398287261,0.9869832176119067,0.37922412816907713,0.49495816230773926,1.4115686416625977,ok,
stage1_graph_scm_0109_seed42,/home/crc00006699/zh/tabiclv2/results/tabiclv2_prior_data/graph_scm_3stage_512_seed42/stage1_graph_scm_0109_seed42,multiclass,709,0,315,52,7,0.9428571428571428,0.9429032932781964,0.9389844768403871,0.9957141511537723,0.16089605106117924,0.4789388179779053,1.3513224124908447,ok,
stage1_graph_scm_0110_seed42,/home/crc00006699/zh/tabiclv2/results/tabiclv2_prior_data/graph_scm_3stage_512_seed42/stage1_graph_scm_0110_seed42,multiclass,709,0,315,56,3,1.0,1.0,1.0,1.0,3.5403313004378506e-07,0.4931464195251465,1.4110548496246338,ok,
stage1_graph_scm_0111_seed42,/home/crc00006699/zh/tabiclv2/results/tabiclv2_prior_data/graph_scm_3stage_512_seed42/stage1_graph_scm_0111_seed42,multiclass,709,0,315,56,4,1.0,1.0,1.0,1.0,1.2485373130965558e-05,0.5848112106323242,1.4057810306549072,ok,
stage1_graph_scm_0112_seed42,/home/crc00006699/zh/tabiclv2/results/tabiclv2_prior_data/graph_scm_3stage_512_seed42/stage1_graph_scm_0112_seed42,binclass,423,0,601,71,2,0.9983361064891847,0.998338632862374,0.9989561586638831,0.9999828878469489,0.004668726588401917,0.5002000331878662,0.7379753589630127,ok,
stage1_graph_scm_0113_seed42,/home/crc00006699/zh/tabiclv2/results/tabiclv2_prior_data/graph_scm_3stage_512_seed42/stage1_graph_scm_0113_seed42,binclass,423,0,601,75,2,0.9883527454242929,0.9883774753551375,0.980257957145829,0.9977324734761805,0.040796734143257275,0.511805534362793,0.7903709411621094,ok,
stage1_graph_scm_0114_seed42,/home/crc00006699/zh/tabiclv2/results/tabiclv2_prior_data/graph_scm_3stage_512_seed42/stage1_graph_scm_0114_seed42,multiclass,423,0,601,77,3,0.9983361064891847,0.9983354263052088,0.9983818770226538,1.0,0.0027583271566464524,0.5222668647766113,0.7995893955230713,ok,
stage1_graph_scm_0115_seed42,/home/crc00006699/zh/tabiclv2/results/tabiclv2_prior_data/graph_scm_3stage_512_seed42/stage1_graph_scm_0115_seed42,multiclass,423,0,601,65,9,0.908485856905158,0.9074669472510538,0.8586538813225623,0.9946266359980344,0.17675751176702645,0.49338459968566895,0.7042441368103027,ok,
stage1_graph_scm_0116_seed42,/home/crc00006699/zh/tabiclv2/results/tabiclv2_prior_data/graph_scm_3stage_512_seed42/stage1_graph_scm_0116_seed42,multiclass,661,0,363,22,10,0.4573002754820937,0.4340363650249936,0.4341866652466491,0.8601618041868575,1.4790045840339352,0.41701674461364746,0.8378324508666992,ok,
stage1_graph_scm_0117_seed42,/home/crc00006699/zh/tabiclv2/results/tabiclv2_prior_data/graph_scm_3stage_512_seed42/stage1_graph_scm_0117_seed42,multiclass,661,0,363,22,6,0.9008264462809917,0.9009650459042767,0.894332739928946,0.9903782753869398,0.27688801609692837,0.42318201065063477,0.8395848274230957,ok,
stage1_graph_scm_0118_seed42,/home/crc00006699/zh/tabiclv2/results/tabiclv2_prior_data/graph_scm_3stage_512_seed42/stage1_graph_scm_0118_seed42,binclass,661,0,363,22,2,0.9146005509641874,0.914639555348343,0.9147820786345626,0.9721121609265468,0.2027030925322749,0.41610097885131836,0.8387594223022461,ok,
stage1_graph_scm_0119_seed42,/home/crc00006699/zh/tabiclv2/results/tabiclv2_prior_data/graph_scm_3stage_512_seed42/stage1_graph_scm_0119_seed42,multiclass,661,0,363,22,7,0.7052341597796143,0.6962084762909019,0.6024174499747943,0.9261854924523109,0.747566452121736,0.41422462463378906,0.844170331954956,ok,
stage1_graph_scm_0120_seed42,/home/crc00006699/zh/tabiclv2/results/tabiclv2_prior_data/graph_scm_3stage_512_seed42/stage1_graph_scm_0120_seed42,multiclass,747,0,277,43,6,0.9963898916967509,0.9963832327354537,0.9940476190476191,0.9998326639892904,0.028768997061933383,0.4697084426879883,1.2014873027801514,ok,
stage1_graph_scm_0121_seed42,/home/crc00006699/zh/tabiclv2/results/tabiclv2_prior_data/graph_scm_3stage_512_seed42/stage1_graph_scm_0121_seed42,multiclass,747,0,277,43,5,0.6534296028880866,0.6279115792862907,0.6620009100414359,0.9283247368452935,0.6137242707251984,0.4614405632019043,1.1988086700439453,ok,
stage1_graph_scm_0122_seed42,/home/crc00006699/zh/tabiclv2/results/tabiclv2_prior_data/graph_scm_3stage_512_seed42/stage1_graph_scm_0122_seed42,multiclass,747,0,277,43,4,1.0,1.0,1.0,1.0,4.2777659211730497e-07,0.5496580600738525,1.1958189010620117,ok,
stage1_graph_scm_0123_seed42,/home/crc00006699/zh/tabiclv2/results/tabiclv2_prior_data/graph_scm_3stage_512_seed42/stage1_graph_scm_0123_seed42,multiclass,747,0,277,43,5,1.0,1.0,1.0,1.0,6.304524796114031e-06,0.4602038860321045,1.2074642181396484,ok,
stage1_graph_scm_0124_seed42,/home/crc00006699/zh/tabiclv2/results/tabiclv2_prior_data/graph_scm_3stage_512_seed42/stage1_graph_scm_0124_seed42,binclass,751,0,273,59,2,1.0,1.0,1.0,1.0,3.5182375634773637e-06,0.5089452266693115,1.4683244228363037,ok,
stage1_graph_scm_0125_seed42,/home/crc00006699/zh/tabiclv2/results/tabiclv2_prior_data/graph_scm_3stage_512_seed42/stage1_graph_scm_0125_seed42,multiclass,751,0,273,59,7,0.9157509157509157,0.9122360356412696,0.874606831980104,0.9895665127019362,0.2532309146960601,0.5128669738769531,1.4724841117858887,ok,
stage1_graph_scm_0126_seed42,/home/crc00006699/zh/tabiclv2/results/tabiclv2_prior_data/graph_scm_3stage_512_seed42/stage1_graph_scm_0126_seed42,multiclass,751,0,273,59,8,0.4249084249084249,0.39440975587278954,0.3229053441869898,0.7835267359203631,1.5269725078658787,0.49661993980407715,1.479541301727295,ok,
stage1_graph_scm_0127_seed42,/home/crc00006699/zh/tabiclv2/results/tabiclv2_prior_data/graph_scm_3stage_512_seed42/stage1_graph_scm_0127_seed42,multiclass,751,0,273,58,3,1.0,1.0,1.0,1.0,8.39712200092074e-07,0.49579548835754395,1.4503247737884521,ok,
stage1_graph_scm_0128_seed42,/home/crc00006699/zh/tabiclv2/results/tabiclv2_prior_data/graph_scm_3stage_512_seed42/stage1_graph_scm_0128_seed42,multiclass,472,0,552,15,4,0.9927536231884058,0.9927516421887141,0.9914402797574469,0.9999580647440072,0.019254544500225464,0.4000213146209717,0.6871247291564941,ok,
stage1_graph_scm_0129_seed42,/home/crc00006699/zh/tabiclv2/results/tabiclv2_prior_data/graph_scm_3stage_512_seed42/stage1_graph_scm_0129_seed42,multiclass,472,0,552,15,4,0.625,0.6107297168191103,0.5050542944450508,0.7978306401300932,0.9248521829575175,0.3965322971343994,0.6755845546722412,ok,
stage1_graph_scm_0130_seed42,/home/crc00006699/zh/tabiclv2/results/tabiclv2_prior_data/graph_scm_3stage_512_seed42/stage1_graph_scm_0130_seed42,multiclass,472,0,552,15,3,0.8514492753623188,0.8415888296265672,0.6985846545830653,0.949838913994184,0.3124993661558862,0.4050312042236328,0.6729450225830078,ok,
stage1_graph_scm_0131_seed42,/home/crc00006699/zh/tabiclv2/results/tabiclv2_prior_data/graph_scm_3stage_512_seed42/stage1_graph_scm_0131_seed42,binclass,472,0,552,11,2,1.0,1.0,1.0,1.0,1.7430334838105824e-05,0.38552236557006836,0.6038439273834229,ok,
stage1_graph_scm_0132_seed42,/home/crc00006699/zh/tabiclv2/results/tabiclv2_prior_data/graph_scm_3stage_512_seed42/stage1_graph_scm_0132_seed42,binclass,752,0,272,70,2,1.0,1.0,1.0,1.0,1.1758888949792834e-06,0.5332670211791992,0.8060829639434814,ok,
stage1_graph_scm_0133_seed42,/home/crc00006699/zh/tabiclv2/results/tabiclv2_prior_data/graph_scm_3stage_512_seed42/stage1_graph_scm_0133_seed42,multiclass,752,0,272,82,6,0.4411764705882353,0.3498008523493079,0.30027401539029447,0.7140301858534949,1.4042017540367064,0.6369636058807373,0.8891053199768066,ok,
stage1_graph_scm_0134_seed42,/home/crc00006699/zh/tabiclv2/results/tabiclv2_prior_data/graph_scm_3stage_512_seed42/stage1_graph_scm_0134_seed42,multiclass,752,0,272,88,5,0.5404411764705882,0.5225745592470777,0.41128411028514816,0.7816482562216248,1.1570065600011386,0.5768823623657227,0.9448285102844238,ok,
stage1_graph_scm_0135_seed42,/home/crc00006699/zh/tabiclv2/results/tabiclv2_prior_data/graph_scm_3stage_512_seed42/stage1_graph_scm_0135_seed42,multiclass,752,0,272,88,3,0.9705882352941176,0.9691301820592194,0.8366796039209833,0.9937805520648245,0.08144669620003464,0.5681478977203369,0.9464974403381348,ok,
stage1_graph_scm_0136_seed42,/home/crc00006699/zh/tabiclv2/results/tabiclv2_prior_data/graph_scm_3stage_512_seed42/stage1_graph_scm_0136_seed42,multiclass,771,0,253,43,7,0.9881422924901185,0.9881849824445372,0.9896825396825397,0.9999642519313297,0.028321857873230067,0.46398401260375977,1.2100696563720703,ok,
stage1_graph_scm_0137_seed42,/home/crc00006699/zh/tabiclv2/results/tabiclv2_prior_data/graph_scm_3stage_512_seed42/stage1_graph_scm_0137_seed42,multiclass,771,0,253,43,5,1.0,1.0,1.0,1.0,0.0005617489531792711,0.465604305267334,1.204519510269165,ok,
stage1_graph_scm_0138_seed42,/home/crc00006699/zh/tabiclv2/results/tabiclv2_prior_data/graph_scm_3stage_512_seed42/stage1_graph_scm_0138_seed42,multiclass,771,0,253,42,5,0.525691699604743,0.49008507597664797,0.42503932774964975,0.7648822563285805,1.2669846053532365,0.46579837799072266,1.1921372413635254,ok,
stage1_graph_scm_0139_seed42,/home/crc00006699/zh/tabiclv2/results/tabiclv2_prior_data/graph_scm_3stage_512_seed42/stage1_graph_scm_0139_seed42,multiclass,771,0,253,43,9,0.6798418972332015,0.6713731346921046,0.5049794589405859,0.9440146813247559,0.8447250379662876,0.4751167297363281,1.2065703868865967,ok,
stage1_graph_scm_0140_seed42,/home/crc00006699/zh/tabiclv2/results/tabiclv2_prior_data/graph_scm_3stage_512_seed42/stage1_graph_scm_0140_seed42,binclass,678,0,346,5,2,1.0,1.0,1.0,1.0,7.970837349173504e-07,0.3867182731628418,0.35599541664123535,ok,
stage1_graph_scm_0141_seed42,/home/crc00006699/zh/tabiclv2/results/tabiclv2_prior_data/graph_scm_3stage_512_seed42/stage1_graph_scm_0141_seed42,multiclass,678,0,346,5,5,0.861271676300578,0.8566826626256279,0.709103987855433,0.9652181158644032,0.33410288919510067,0.38375043869018555,0.5617327690124512,ok,
stage1_graph_scm_0142_seed42,/home/crc00006699/zh/tabiclv2/results/tabiclv2_prior_data/graph_scm_3stage_512_seed42/stage1_graph_scm_0142_seed42,multiclass,678,0,346,5,8,0.43641618497109824,0.40461726825365024,0.3962028493428299,0.8305139888923342,1.3703090117017713,0.3875308036804199,0.5595786571502686,ok,
stage1_graph_scm_0143_seed42,/home/crc00006699/zh/tabiclv2/results/tabiclv2_prior_data/graph_scm_3stage_512_seed42/stage1_graph_scm_0143_seed42,multiclass,678,0,346,5,3,0.884393063583815,0.8751438443803092,0.7718797521246135,0.9526142881805436,0.3250295647504856,0.3812599182128906,0.5350918769836426,ok,
stage1_graph_scm_0144_seed42,/home/crc00006699/zh/tabiclv2/results/tabiclv2_prior_data/graph_scm_3stage_512_seed42/stage1_graph_scm_0144_seed42,binclass,345,0,679,98,2,0.9189985272459499,0.9142007940593861,0.7909233017297039,0.942060012913311,0.20402547293107054,0.6490325927734375,0.9455151557922363,ok,
stage1_graph_scm_0145_seed42,/home/crc00006699/zh/tabiclv2/results/tabiclv2_prior_data/graph_scm_3stage_512_seed42/stage1_graph_scm_0145_seed42,multiclass,345,0,679,98,5,0.812960235640648,0.8138922126159841,0.7978851874511111,0.9736287309911036,0.4220501657456307,0.553236722946167,0.9318943023681641,ok,
stage1_graph_scm_0146_seed42,/home/crc00006699/zh/tabiclv2/results/tabiclv2_prior_data/graph_scm_3stage_512_seed42/stage1_graph_scm_0146_seed42,multiclass,345,0,679,98,3,0.6833578792341679,0.6805347821351556,0.65510442529575,0.860991681002344,0.6843923375075639,0.5364773273468018,0.934298038482666,ok,
stage1_graph_scm_0147_seed42,/home/crc00006699/zh/tabiclv2/results/tabiclv2_prior_data/graph_scm_3stage_512_seed42/stage1_graph_scm_0147_seed42,multiclass,345,0,679,98,3,0.9278350515463918,0.9237059509783454,0.846052445228835,0.9608198999612179,0.22465513827310643,0.5450620651245117,0.9283208847045898,ok,
stage1_graph_scm_0148_seed42,/home/crc00006699/zh/tabiclv2/results/tabiclv2_prior_data/graph_scm_3stage_512_seed42/stage1_graph_scm_0148_seed42,binclass,381,0,643,17,2,1.0,1.0,1.0,1.0,1.8714983620951142e-05,0.40054893493652344,0.692129373550415,ok,
stage1_graph_scm_0149_seed42,/home/crc00006699/zh/tabiclv2/results/tabiclv2_prior_data/graph_scm_3stage_512_seed42/stage1_graph_scm_0149_seed42,multiclass,381,0,643,21,4,0.536547433903577,0.5011839563155467,0.491644449723718,0.7631182637542775,1.0555405554128783,0.40755796432495117,0.7214744091033936,ok,
stage1_graph_scm_0150_seed42,/home/crc00006699/zh/tabiclv2/results/tabiclv2_prior_data/graph_scm_3stage_512_seed42/stage1_graph_scm_0150_seed42,multiclass,381,0,643,21,10,0.23950233281493002,0.21894074130537483,0.24267667850692312,0.7703278264477235,1.8648544248586842,0.4090757369995117,0.7248964309692383,ok,
stage1_graph_scm_0151_seed42,/home/crc00006699/zh/tabiclv2/results/tabiclv2_prior_data/graph_scm_3stage_512_seed42/stage1_graph_scm_0151_seed42,binclass,381,0,643,21,2,1.0,1.0,1.0,1.0,0.0009135312770046359,0.40788936614990234,0.7370448112487793,ok,
stage1_graph_scm_0152_seed42,/home/crc00006699/zh/tabiclv2/results/tabiclv2_prior_data/graph_scm_3stage_512_seed42/stage1_graph_scm_0152_seed42,binclass,592,0,432,75,2,0.9606481481481481,0.9606420054779162,0.9603314679294016,0.994059405940594,0.10321790281163888,0.5293853282928467,0.830590009689331,ok,
stage1_graph_scm_0153_seed42,/home/crc00006699/zh/tabiclv2/results/tabiclv2_prior_data/graph_scm_3stage_512_seed42/stage1_graph_scm_0153_seed42,multiclass,592,0,432,79,6,0.9375,0.9374698488981501,0.8618827724326446,0.9954989118883377,0.15061604704206302,0.5389156341552734,0.8560161590576172,ok,
stage1_graph_scm_0154_seed42,/home/crc00006699/zh/tabiclv2/results/tabiclv2_prior_data/graph_scm_3stage_512_seed42/stage1_graph_scm_0154_seed42,multiclass,592,0,432,79,4,0.9861111111111112,0.9861242129536045,0.9854355647533128,0.9996720267406423,0.03468396674327846,0.5409286022186279,0.8472769260406494,ok,
stage1_graph_scm_0155_seed42,/home/crc00006699/zh/tabiclv2/results/tabiclv2_prior_data/graph_scm_3stage_512_seed42/stage1_graph_scm_0155_seed42,binclass,592,0,432,67,2,1.0,1.0,1.0,1.0,0.00022768518135160925,0.5916886329650879,0.7261488437652588,ok,
stage1_graph_scm_0156_seed42,/home/crc00006699/zh/tabiclv2/results/tabiclv2_prior_data/graph_scm_3stage_512_seed42/stage1_graph_scm_0156_seed42,multiclass,521,0,503,83,3,0.9980119284294234,0.9980095911068672,0.9966329966329966,0.9999859736656725,0.010210275118046418,0.5430102348327637,0.8655076026916504,ok,
stage1_graph_scm_0157_seed42,/home/crc00006699/zh/tabiclv2/results/tabiclv2_prior_data/graph_scm_3stage_512_seed42/stage1_graph_scm_0157_seed42,multiclass,521,0,503,83,3,0.9900596421471173,0.9900556814571599,0.9911236424394319,0.9999213263824419,0.012726900833796788,0.545196533203125,0.8597383499145508,ok,
stage1_graph_scm_0158_seed42,/home/crc00006699/zh/tabiclv2/results/tabiclv2_prior_data/graph_scm_3stage_512_seed42/stage1_graph_scm_0158_seed42,multiclass,521,0,503,83,8,0.5785288270377733,0.5447451860751594,0.4620261336832544,0.9036933811894117,1.0348699593308244,0.5376627445220947,0.8696088790893555,ok,
stage1_graph_scm_0159_seed42,/home/crc00006699/zh/tabiclv2/results/tabiclv2_prior_data/graph_scm_3stage_512_seed42/stage1_graph_scm_0159_seed42,binclass,521,0,503,72,2,1.0,1.0,1.0,1.0,2.910797751548351e-06,0.5176575183868408,0.7897956371307373,ok,
stage1_graph_scm_0160_seed42,/home/crc00006699/zh/tabiclv2/results/tabiclv2_prior_data/graph_scm_3stage_512_seed42/stage1_graph_scm_0160_seed42,multiclass,483,0,541,63,5,0.5545286506469501,0.5483619933327032,0.537594465803094,0.8248671460014225,1.149377567928966,0.49698781967163086,0.6986000537872314,ok,
stage1_graph_scm_0161_seed42,/home/crc00006699/zh/tabiclv2/results/tabiclv2_prior_data/graph_scm_3stage_512_seed42/stage1_graph_scm_0161_seed42,multiclass,483,0,541,70,8,0.988909426987061,0.9889088001096082,0.9823169778278138,0.999922045289631,0.03701661055695832,0.5133030414581299,0.7454061508178711,ok,
stage1_graph_scm_0162_seed42,/home/crc00006699/zh/tabiclv2/results/tabiclv2_prior_data/graph_scm_3stage_512_seed42/stage1_graph_scm_0162_seed42,multiclass,483,0,541,70,6,1.0,1.0,1.0,1.0,0.00017933645755201761,0.5166175365447998,0.7539558410644531,ok,
stage1_graph_scm_0163_seed42,/home/crc00006699/zh/tabiclv2/results/tabiclv2_prior_data/graph_scm_3stage_512_seed42/stage1_graph_scm_0163_seed42,multiclass,483,0,541,70,6,0.5027726432532348,0.47354172972543096,0.41070909262146826,0.8105397326396425,1.281187720769518,0.5094799995422363,0.7909634113311768,ok,
stage1_graph_scm_0164_seed42,/home/crc00006699/zh/tabiclv2/results/tabiclv2_prior_data/graph_scm_3stage_512_seed42/stage1_graph_scm_0164_seed42,binclass,509,0,515,33,2,0.9728155339805825,0.9727883635114714,0.9719954648526077,0.9969009826152684,0.07992381023745479,0.43802738189697266,0.9678657054901123,ok,
stage1_graph_scm_0165_seed42,/home/crc00006699/zh/tabiclv2/results/tabiclv2_prior_data/graph_scm_3stage_512_seed42/stage1_graph_scm_0165_seed42,multiclass,509,0,515,33,7,0.5262135922330097,0.4086705245086431,0.21705215419501137,0.6277015255981604,1.3735348483390968,0.4379589557647705,0.9695022106170654,ok,
stage1_graph_scm_0166_seed42,/home/crc00006699/zh/tabiclv2/results/tabiclv2_prior_data/graph_scm_3stage_512_seed42/stage1_graph_scm_0166_seed42,multiclass,509,0,515,33,5,0.996116504854369,0.9961490777818026,0.9960499147140677,0.9999905437352247,0.0064763486251100495,0.5144033432006836,0.9774103164672852,ok,
stage1_graph_scm_0167_seed42,/home/crc00006699/zh/tabiclv2/results/tabiclv2_prior_data/graph_scm_3stage_512_seed42/stage1_graph_scm_0167_seed42,multiclass,509,0,515,31,7,0.6504854368932039,0.6256703143051522,0.5742430449615867,0.9334651612799469,0.773473416451145,0.43953466415405273,0.9438550472259521,ok,
stage1_graph_scm_0168_seed42,/home/crc00006699/zh/tabiclv2/results/tabiclv2_prior_data/graph_scm_3stage_512_seed42/stage1_graph_scm_0168_seed42,multiclass,721,0,303,31,8,0.8316831683168316,0.8128977146150067,0.5569450571434433,0.9723780261981463,0.4250480036351058,0.4335043430328369,1.002699375152588,ok,
stage1_graph_scm_0169_seed42,/home/crc00006699/zh/tabiclv2/results/tabiclv2_prior_data/graph_scm_3stage_512_seed42/stage1_graph_scm_0169_seed42,multiclass,721,0,303,31,9,0.47854785478547857,0.38584392789892147,0.3443278147579223,0.8355987378674725,1.3322162990738626,0.4390897750854492,0.9990861415863037,ok,
stage1_graph_scm_0170_seed42,/home/crc00006699/zh/tabiclv2/results/tabiclv2_prior_data/graph_scm_3stage_512_seed42/stage1_graph_scm_0170_seed42,multiclass,721,0,303,31,7,0.5577557755775577,0.5247309496029725,0.501104985719817,0.8083767135218982,1.1858222409691346,0.4364800453186035,0.9942436218261719,ok,
stage2_graph_scm_0000_seed42,/home/crc00006699/zh/tabiclv2/results/tabiclv2_prior_data/graph_scm_3stage_512_seed42/stage2_graph_scm_0000_seed42,multiclass,1448,0,344,58,7,0.9447674418604651,0.9451712571634896,0.9184102429457474,0.9966278655007844,0.15706408581082876,0.5467658042907715,1.0875976085662842,ok,
stage2_graph_scm_0001_seed42,/home/crc00006699/zh/tabiclv2/results/tabiclv2_prior_data/graph_scm_3stage_512_seed42/stage2_graph_scm_0001_seed42,binclass,5203,0,1266,41,2,1.0,1.0,1.0,1.0,2.1718505116442587e-07,0.642756462097168,2.9052276611328125,ok,
stage2_graph_scm_0002_seed42,/home/crc00006699/zh/tabiclv2/results/tabiclv2_prior_data/graph_scm_3stage_512_seed42/stage2_graph_scm_0002_seed42,binclass,3427,0,836,41,2,1.0,1.0,1.0,1.0,3.468627030241235e-07,0.5590107440948486,1.882469892501831,ok,
stage2_graph_scm_0003_seed42,/home/crc00006699/zh/tabiclv2/results/tabiclv2_prior_data/graph_scm_3stage_512_seed42/stage2_graph_scm_0003_seed42,multiclass,535,0,136,5,3,0.5367647058823529,0.5253649237472767,0.48406432748538014,0.7197847801260631,0.8826880964832134,0.3848998546600342,0.3925793170928955,ok,
stage2_graph_scm_0004_seed42,/home/crc00006699/zh/tabiclv2/results/tabiclv2_prior_data/graph_scm_3stage_512_seed42/stage2_graph_scm_0004_seed42,multiclass,601,0,147,80,6,1.0,1.0,1.0,1.0,0.00012171085994609073,0.5839865207672119,0.7226824760437012,ok,
stage2_graph_scm_0005_seed42,/home/crc00006699/zh/tabiclv2/results/tabiclv2_prior_data/graph_scm_3stage_512_seed42/stage2_graph_scm_0005_seed42,multiclass,849,0,205,70,5,0.3951219512195122,0.3937670865719646,0.38101557126588415,0.6965038615738381,1.452929567779982,0.5376973152160645,0.8273119926452637,ok,
stage2_graph_scm_0006_seed42,/home/crc00006699/zh/tabiclv2/results/tabiclv2_prior_data/graph_scm_3stage_512_seed42/stage2_graph_scm_0006_seed42,multiclass,6680,0,1584,71,3,0.9545454545454546,0.9449531665366886,0.7330307533364887,0.9818412823798918,0.11601795500168494,1.0246367454528809,5.8420090675354,ok,
stage2_graph_scm_0007_seed42,/home/crc00006699/zh/tabiclv2/results/tabiclv2_prior_data/graph_scm_3stage_512_seed42/stage2_graph_scm_0007_seed42,multiclass,1930,0,488,75,7,0.7254098360655737,0.711917574139132,0.712575605845225,0.956636118189912,0.3706203824933149,0.6219086647033691,1.681349754333496,ok,
stage2_graph_scm_0008_seed42,/home/crc00006699/zh/tabiclv2/results/tabiclv2_prior_data/graph_scm_3stage_512_seed42/stage2_graph_scm_0008_seed42,multiclass,6852,0,1766,53,7,0.9320498301245753,0.9318603454312484,0.9274881036376978,0.996712710484524,0.16303075620936025,0.783066987991333,5.1211559772491455,ok,
stage2_graph_scm_0009_seed42,/home/crc00006699/zh/tabiclv2/results/tabiclv2_prior_data/graph_scm_3stage_512_seed42/stage2_graph_scm_0009_seed42,multiclass,1613,0,398,84,8,0.5452261306532663,0.474371626012332,0.360817395122887,0.8652369476958528,1.1997463071868726,0.6299676895141602,1.587045669555664,ok,
stage2_graph_scm_0010_seed42,/home/crc00006699/zh/tabiclv2/results/tabiclv2_prior_data/graph_scm_3stage_512_seed42/stage2_graph_scm_0010_seed42,multiclass,3982,0,956,83,4,0.952928870292887,0.9525905379849924,0.9081631276263487,0.995069761263699,0.12363342125153655,0.8241291046142578,3.893524408340454,ok,
stage2_graph_scm_0011_seed42,/home/crc00006699/zh/tabiclv2/results/tabiclv2_prior_data/graph_scm_3stage_512_seed42/stage2_graph_scm_0011_seed42,multiclass,931,0,228,54,7,0.9912280701754386,0.9911658646426601,0.9738775510204081,1.0,0.011046034835566494,0.5003197193145752,1.5513594150543213,ok,
stage2_graph_scm_0012_seed42,/home/crc00006699/zh/tabiclv2/results/tabiclv2_prior_data/graph_scm_3stage_512_seed42/stage2_graph_scm_0012_seed42,multiclass,4867,0,1225,51,8,0.590204081632653,0.4381083686041152,0.125,0.5184398648943784,1.1676529093822285,0.5733029842376709,3.121572256088257,ok,
stage2_graph_scm_0013_seed42,/home/crc00006699/zh/tabiclv2/results/tabiclv2_prior_data/graph_scm_3stage_512_seed42/stage2_graph_scm_0013_seed42,multiclass,714,0,171,89,6,0.9005847953216374,0.9011874757315823,0.8338761174968071,0.988720597783701,0.24231065619985617,0.5641651153564453,0.8741261959075928,ok,
stage2_graph_scm_0014_seed42,/home/crc00006699/zh/tabiclv2/results/tabiclv2_prior_data/graph_scm_3stage_512_seed42/stage2_graph_scm_0014_seed42,binclass,3333,0,785,60,2,0.9987261146496815,0.998726777854066,0.99906191369606,0.9999925548706037,0.003277206899031912,0.6687753200531006,2.312187910079956,ok,
stage2_graph_scm_0015_seed42,/home/crc00006699/zh/tabiclv2/results/tabiclv2_prior_data/graph_scm_3stage_512_seed42/stage2_graph_scm_0015_seed42,multiclass,1036,0,266,14,3,0.8872180451127819,0.8867292400568013,0.8647506757937364,0.9725500904581889,0.31737402363187733,0.4056391716003418,0.47621822357177734,ok,
stage2_graph_scm_0016_seed42,/home/crc00006699/zh/tabiclv2/results/tabiclv2_prior_data/graph_scm_3stage_512_seed42/stage2_graph_scm_0016_seed42,multiclass,6980,0,1742,43,3,0.9758897818599311,0.9759250601648563,0.9767166824164479,0.9979066939126806,0.07719804390381309,1.1903350353240967,4.01584005355835,ok,
stage2_graph_scm_0017_seed42,/home/crc00006699/zh/tabiclv2/results/tabiclv2_prior_data/graph_scm_3stage_512_seed42/stage2_graph_scm_0017_seed42,multiclass,2611,0,670,35,6,0.508955223880597,0.5010691437658134,0.49597389380259554,0.818133463496202,1.3105619948494773,0.6085784435272217,1.3091399669647217,ok,
stage2_graph_scm_0018_seed42,/home/crc00006699/zh/tabiclv2/results/tabiclv2_prior_data/graph_scm_3stage_512_seed42/stage2_graph_scm_0018_seed42,multiclass,2948,0,698,61,5,0.9928366762177651,0.992804937671446,0.9887577570921986,0.9999823620186848,0.01256620773991037,0.6255073547363281,2.1847522258758545,ok,
stage2_graph_scm_0019_seed42,/home/crc00006699/zh/tabiclv2/results/tabiclv2_prior_data/graph_scm_3stage_512_seed42/stage2_graph_scm_0019_seed42,multiclass,2997,0,716,67,7,0.8896648044692738,0.8904297895032075,0.8481952433832662,0.9901114767854678,0.2958729969468567,0.6623702049255371,2.2577455043792725,ok,
stage2_graph_scm_0020_seed42,/home/crc00006699/zh/tabiclv2/results/tabiclv2_prior_data/graph_scm_3stage_512_seed42/stage2_graph_scm_0020_seed42,multiclass,1138,0,268,53,9,1.0,1.0,1.0,1.0,1.4576647328491656e-06,0.5032637119293213,0.8189857006072998,ok,
stage2_graph_scm_0021_seed42,/home/crc00006699/zh/tabiclv2/results/tabiclv2_prior_data/graph_scm_3stage_512_seed42/stage2_graph_scm_0021_seed42,multiclass,1223,0,293,2,6,0.6382252559726962,0.5856388916190074,0.5737161531279179,0.9183202860459029,0.7585664116344454,0.3768329620361328,0.2753784656524658,ok,
stage2_graph_scm_0022_seed42,/home/crc00006699/zh/tabiclv2/results/tabiclv2_prior_data/graph_scm_3stage_512_seed42/stage2_graph_scm_0022_seed42,multiclass,3947,0,1049,65,3,0.6453765490943756,0.5628572953661741,0.3922166883534497,0.6392862601345737,0.8561021132231073,0.6825816631317139,2.941779375076294,ok,
stage2_graph_scm_0023_seed42,/home/crc00006699/zh/tabiclv2/results/tabiclv2_prior_data/graph_scm_3stage_512_seed42/stage2_graph_scm_0023_seed42,multiclass,7179,0,1896,41,6,0.9926160337552743,0.9926274169546512,0.9847194501127025,0.9999062912778715,0.016533588551703154,0.7341763973236084,4.061491250991821,ok,
stage2_graph_scm_0024_seed42,/home/crc00006699/zh/tabiclv2/results/tabiclv2_prior_data/graph_scm_3stage_512_seed42/stage2_graph_scm_0024_seed42,multiclass,2510,0,630,31,10,0.25555555555555554,0.1685377673686528,0.1675940388715135,0.6854903158702439,2.0323147225784908,0.47411298751831055,1.1560032367706299,ok,
stage2_graph_scm_0025_seed42,/home/crc00006699/zh/tabiclv2/results/tabiclv2_prior_data/graph_scm_3stage_512_seed42/stage2_graph_scm_0025_seed42,multiclass,754,0,198,33,7,1.0,1.0,1.0,1.0,0.0017534221268244825,0.43623852729797363,0.9943101406097412,ok,
stage2_graph_scm_0026_seed42,/home/crc00006699/zh/tabiclv2/results/tabiclv2_prior_data/graph_scm_3stage_512_seed42/stage2_graph_scm_0026_seed42,binclass,1948,0,467,34,2,1.0,1.0,1.0,1.0,7.187315346204902e-06,0.4747617244720459,0.9624855518341064,ok,
stage2_graph_scm_0027_seed42,/home/crc00006699/zh/tabiclv2/results/tabiclv2_prior_data/graph_scm_3stage_512_seed42/stage2_graph_scm_0027_seed42,multiclass,380,0,98,38,10,0.9897959183673469,0.9898136645962733,0.9923076923076923,1.0,0.03387493896018107,0.433246374130249,0.6056046485900879,ok,
stage2_graph_scm_0028_seed42,/home/crc00006699/zh/tabiclv2/results/tabiclv2_prior_data/graph_scm_3stage_512_seed42/stage2_graph_scm_0028_seed42,binclass,1163,0,306,21,2,1.0,1.0,1.0,1.0,0.0008203181887373165,0.5050179958343506,0.524616003036499,ok,
stage2_graph_scm_0029_seed42,/home/crc00006699/zh/tabiclv2/results/tabiclv2_prior_data/graph_scm_3stage_512_seed42/stage2_graph_scm_0029_seed42,binclass,6913,0,1754,12,2,0.9783352337514253,0.9741680574474334,0.7164179104477612,0.9249882773447523,0.08262919529068236,0.46662402153015137,2.4611949920654297,ok,
stage2_graph_scm_0030_seed42,/home/crc00006699/zh/tabiclv2/results/tabiclv2_prior_data/graph_scm_3stage_512_seed42/stage2_graph_scm_0030_seed42,multiclass,1002,0,244,6,4,0.6967213114754098,0.667363807492104,0.45133487530462446,0.8596900293340877,0.6913563983010463,0.3824920654296875,0.7689723968505859,ok,
stage2_graph_scm_0031_seed42,/home/crc00006699/zh/tabiclv2/results/tabiclv2_prior_data/graph_scm_3stage_512_seed42/stage2_graph_scm_0031_seed42,multiclass,3552,0,903,11,3,0.9977851605758582,0.9977935292933408,0.9944297082228117,1.0,0.004415163060045473,0.5424292087554932,1.167985200881958,ok,
stage2_graph_scm_0032_seed42,/home/crc00006699/zh/tabiclv2/results/tabiclv2_prior_data/graph_scm_3stage_512_seed42/stage2_graph_scm_0032_seed42,binclass,412,0,99,29,2,1.0,1.0,1.0,1.0,5.49534990996586e-05,0.42435407638549805,0.5746278762817383,ok,
stage2_graph_scm_0033_seed42,/home/crc00006699/zh/tabiclv2/results/tabiclv2_prior_data/graph_scm_3stage_512_seed42/stage2_graph_scm_0033_seed42,multiclass,646,0,165,75,3,0.8787878787878788,0.8696528696528696,0.758624764974483,0.9337572574969016,0.4041132939946641,0.5511114597320557,0.7119550704956055,ok,
stage2_graph_scm_0034_seed42,/home/crc00006699/zh/tabiclv2/results/tabiclv2_prior_data/graph_scm_3stage_512_seed42/stage2_graph_scm_0034_seed42,multiclass,2749,0,696,15,3,0.9971264367816092,0.9971082667097365,0.9906103286384976,1.0,0.005222900259669765,0.43022704124450684,1.0090367794036865,ok,
stage2_graph_scm_0035_seed42,/home/crc00006699/zh/tabiclv2/results/tabiclv2_prior_data/graph_scm_3stage_512_seed42/stage2_graph_scm_0035_seed42,multiclass,3111,0,813,89,9,1.0,1.0,1.0,1.0,3.217039536888017e-07,0.765596866607666,2.9789366722106934,ok,
stage2_graph_scm_0036_seed42,/home/crc00006699/zh/tabiclv2/results/tabiclv2_prior_data/graph_scm_3stage_512_seed42/stage2_graph_scm_0036_seed42,multiclass,5780,0,1452,95,4,1.0,1.0,1.0,1.0,2.46669665934629e-07,1.0522465705871582,6.273825407028198,ok,
stage2_graph_scm_0037_seed42,/home/crc00006699/zh/tabiclv2/results/tabiclv2_prior_data/graph_scm_3stage_512_seed42/stage2_graph_scm_0037_seed42,multiclass,6444,0,1708,4,3,0.38114754098360654,0.3321309440573758,0.3593397225666241,0.5421575551686056,1.0878000148210971,0.7123148441314697,1.5178894996643066,ok,
stage2_graph_scm_0038_seed42,/home/crc00006699/zh/tabiclv2/results/tabiclv2_prior_data/graph_scm_3stage_512_seed42/stage2_graph_scm_0038_seed42,multiclass,3783,0,954,73,7,0.8197064989517819,0.8139424182797034,0.7855910844357327,0.9700526246354154,0.5092093954881833,0.765479564666748,3.0819787979125977,ok,
stage2_graph_scm_0039_seed42,/home/crc00006699/zh/tabiclv2/results/tabiclv2_prior_data/graph_scm_3stage_512_seed42/stage2_graph_scm_0039_seed42,binclass,6179,0,1482,80,2,1.0,1.0,1.0,1.0,4.4269351381571797e-07,0.9643259048461914,5.964393138885498,ok,
stage2_graph_scm_0040_seed42,/home/crc00006699/zh/tabiclv2/results/tabiclv2_prior_data/graph_scm_3stage_512_seed42/stage2_graph_scm_0040_seed42,multiclass,1997,0,469,41,3,0.8486140724946695,0.8273146205312958,0.6256742179072275,0.9067264182366102,0.35053862274250497,0.6109132766723633,1.1708283424377441,ok,
stage2_graph_scm_0041_seed42,/home/crc00006699/zh/tabiclv2/results/tabiclv2_prior_data/graph_scm_3stage_512_seed42/stage2_graph_scm_0041_seed42,multiclass,677,0,171,60,10,0.9766081871345029,0.9766759894906348,0.9731789044289043,0.9998499791149407,0.03316807636253969,0.505035400390625,0.6514313220977783,ok,
stage2_graph_scm_0042_seed42,/home/crc00006699/zh/tabiclv2/results/tabiclv2_prior_data/graph_scm_3stage_512_seed42/stage2_graph_scm_0042_seed42,multiclass,3074,0,740,9,8,0.8594594594594595,0.8591570588029035,0.8070433259231351,0.9842292347716698,0.37040842959311804,0.4147608280181885,0.9777708053588867,ok,
stage2_graph_scm_0043_seed42,/home/crc00006699/zh/tabiclv2/results/tabiclv2_prior_data/graph_scm_3stage_512_seed42/stage2_graph_scm_0043_seed42,multiclass,518,0,123,42,6,0.991869918699187,0.9918423857678345,0.9916666666666667,1.0,0.019862262803858558,0.5898339748382568,0.8251180648803711,ok,
stage2_graph_scm_0044_seed42,/home/crc00006699/zh/tabiclv2/results/tabiclv2_prior_data/graph_scm_3stage_512_seed42/stage2_graph_scm_0044_seed42,multiclass,866,0,216,30,9,0.9675925925925926,0.9533113622096673,0.8888888888888888,0.990943559364612,0.08461376984636268,0.4404637813568115,1.060380220413208,ok,
stage2_graph_scm_0045_seed42,/home/crc00006699/zh/tabiclv2/results/tabiclv2_prior_data/graph_scm_3stage_512_seed42/stage2_graph_scm_0045_seed42,multiclass,1349,0,342,70,6,0.6228070175438597,0.6234254494138095,0.6143398580757271,0.9078024210842722,0.9387487719071222,0.7642886638641357,1.1957449913024902,ok,
stage2_graph_scm_0046_seed42,/home/crc00006699/zh/tabiclv2/results/tabiclv2_prior_data/graph_scm_3stage_512_seed42/stage2_graph_scm_0046_seed42,multiclass,4652,0,1124,70,10,0.9145907473309609,0.9117193546244879,0.8425983173280889,0.9933540733795689,0.25259837569321253,0.8961942195892334,4.082312345504761,ok,
stage2_graph_scm_0047_seed42,/home/crc00006699/zh/tabiclv2/results/tabiclv2_prior_data/graph_scm_3stage_512_seed42/stage2_graph_scm_0047_seed42,multiclass,477,0,117,43,7,0.7692307692307693,0.7254275737034357,0.550453514739229,0.9314390418639109,0.5445510768092764,0.4617180824279785,0.8112204074859619,ok,
stage2_graph_scm_0048_seed42,/home/crc00006699/zh/tabiclv2/results/tabiclv2_prior_data/graph_scm_3stage_512_seed42/stage2_graph_scm_0048_seed42,multiclass,845,0,220,94,6,0.6772727272727272,0.6587867416404453,0.6290802365363769,0.9051834747644772,0.8523517137039461,0.6021835803985596,1.015413761138916,ok,
stage2_graph_scm_0049_seed42,/home/crc00006699/zh/tabiclv2/results/tabiclv2_prior_data/graph_scm_3stage_512_seed42/stage2_graph_scm_0049_seed42,multiclass,3200,0,825,21,9,0.8715151515151515,0.8260590174351643,0.1291984976450115,0.8456028237383197,0.4863076359222705,0.468294620513916,1.2860007286071777,ok,
stage2_graph_scm_0050_seed42,/home/crc00006699/zh/tabiclv2/results/tabiclv2_prior_data/graph_scm_3stage_512_seed42/stage2_graph_scm_0050_seed42,multiclass,755,0,197,29,3,0.9949238578680203,0.9949762883255723,0.9957805907172995,0.9999303934417482,0.01494229315510948,0.45067787170410156,0.940161943435669,ok,
stage2_graph_scm_0051_seed42,/home/crc00006699/zh/tabiclv2/results/tabiclv2_prior_data/graph_scm_3stage_512_seed42/stage2_graph_scm_0051_seed42,multiclass,3132,0,783,88,8,1.0,1.0,1.0,1.0,2.9337980303316e-07,0.7896358966827393,2.8821070194244385,ok,
stage2_graph_scm_0052_seed42,/home/crc00006699/zh/tabiclv2/results/tabiclv2_prior_data/graph_scm_3stage_512_seed42/stage2_graph_scm_0052_seed42,multiclass,347,0,85,30,5,0.8941176470588236,0.8891067538126362,0.762724358974359,0.9813268819127092,0.3383823106076081,0.4373326301574707,0.5087769031524658,ok,
stage2_graph_scm_0053_seed42,/home/crc00006699/zh/tabiclv2/results/tabiclv2_prior_data/graph_scm_3stage_512_seed42/stage2_graph_scm_0053_seed42,binclass,4517,0,1074,89,2,1.0,1.0,1.0,1.0,3.1450613757096775e-07,0.9579997062683105,4.934009790420532,ok,
stage2_graph_scm_0054_seed42,/home/crc00006699/zh/tabiclv2/results/tabiclv2_prior_data/graph_scm_3stage_512_seed42/stage2_graph_scm_0054_seed42,multiclass,3592,0,850,75,3,0.9423529411764706,0.9188437798157992,0.6918238993710691,0.9348783931214446,0.17029453754860344,0.752197265625,2.901869058609009,ok,
stage2_graph_scm_0055_seed42,/home/crc00006699/zh/tabiclv2/results/tabiclv2_prior_data/graph_scm_3stage_512_seed42/stage2_graph_scm_0055_seed42,multiclass,3451,0,838,34,3,0.8556085918854416,0.8209139297482212,0.5360304099918545,0.8642777550834841,0.4232052771557971,0.5256631374359131,1.6445863246917725,ok,
stage2_graph_scm_0056_seed42,/home/crc00006699/zh/tabiclv2/results/tabiclv2_prior_data/graph_scm_3stage_512_seed42/stage2_graph_scm_0056_seed42,binclass,830,0,218,74,2,1.0,1.0,1.0,1.0,1.3227929798893544e-06,0.5288107395172119,0.814295768737793,ok,
stage2_graph_scm_0057_seed42,/home/crc00006699/zh/tabiclv2/results/tabiclv2_prior_data/graph_scm_3stage_512_seed42/stage2_graph_scm_0057_seed42,multiclass,2853,0,702,92,3,0.8490028490028491,0.8495648952435588,0.8490248197433307,0.959736344681521,0.38567784807066213,0.7272055149078369,2.693416118621826,ok,
stage2_graph_scm_0058_seed42,/home/crc00006699/zh/tabiclv2/results/tabiclv2_prior_data/graph_scm_3stage_512_seed42/stage2_graph_scm_0058_seed42,multiclass,2420,0,621,92,10,0.6940418679549114,0.6952127533148436,0.6873153762384782,0.9613796335762862,0.7785855499285327,0.7448887825012207,2.3286590576171875,ok,
stage2_graph_scm_0059_seed42,/home/crc00006699/zh/tabiclv2/results/tabiclv2_prior_data/graph_scm_3stage_512_seed42/stage2_graph_scm_0059_seed42,binclass,5235,0,1392,16,2,0.8491379310344828,0.8497707611984314,0.8376392942803481,0.9193958798788657,0.34090434227132577,0.4904499053955078,1.9821348190307617,ok,
stage2_graph_scm_0060_seed42,/home/crc00006699/zh/tabiclv2/results/tabiclv2_prior_data/graph_scm_3stage_512_seed42/stage2_graph_scm_0060_seed42,binclass,5147,0,1305,13,2,0.7425287356321839,0.6328147272010434,0.5,0.6118451766671582,0.5572222978689094,0.45517969131469727,1.832406997680664,ok,
stage2_graph_scm_0061_seed42,/home/crc00006699/zh/tabiclv2/results/tabiclv2_prior_data/graph_scm_3stage_512_seed42/stage2_graph_scm_0061_seed42,multiclass,3216,0,819,86,7,0.9352869352869353,0.9359850752340328,0.889221731905643,0.9967964863529746,0.1368895695449477,0.7530324459075928,2.96964693069458,ok,
stage2_graph_scm_0062_seed42,/home/crc00006699/zh/tabiclv2/results/tabiclv2_prior_data/graph_scm_3stage_512_seed42/stage2_graph_scm_0062_seed42,multiclass,1146,0,283,91,4,0.6501766784452296,0.660429402212862,0.47936439459304,0.7764523936481708,0.796882412104502,0.5913028717041016,1.2258617877960205,ok,
stage2_graph_scm_0063_seed42,/home/crc00006699/zh/tabiclv2/results/tabiclv2_prior_data/graph_scm_3stage_512_seed42/stage2_graph_scm_0063_seed42,binclass,1962,0,481,71,2,0.8128898128898129,0.7433232048616664,0.535159632034632,0.642478354978355,0.4745894944237377,0.6050734519958496,1.6090807914733887,ok,
stage2_graph_scm_0064_seed42,/home/crc00006699/zh/tabiclv2/results/tabiclv2_prior_data/graph_scm_3stage_512_seed42/stage2_graph_scm_0064_seed42,multiclass,2450,0,632,63,8,0.9620253164556962,0.9618550376095437,0.9671368464370682,0.9987954023311614,0.11113391119709957,0.6255035400390625,1.8219246864318848,ok,
stage2_graph_scm_0065_seed42,/home/crc00006699/zh/tabiclv2/results/tabiclv2_prior_data/graph_scm_3stage_512_seed42/stage2_graph_scm_0065_seed42,multiclass,1230,0,303,16,6,0.594059405940594,0.5734122783367234,0.4536641087802043,0.8517112858289612,1.050668067323692,0.4135138988494873,0.5309221744537354,ok,
stage2_graph_scm_0066_seed42,/home/crc00006699/zh/tabiclv2/results/tabiclv2_prior_data/graph_scm_3stage_512_seed42/stage2_graph_scm_0066_seed42,binclass,406,0,105,77,2,1.0,1.0,1.0,1.0,0.0004122633485534375,0.5217044353485107,0.5246801376342773,ok,
stage2_graph_scm_0067_seed42,/home/crc00006699/zh/tabiclv2/results/tabiclv2_prior_data/graph_scm_3stage_512_seed42/stage2_graph_scm_0067_seed42,multiclass,848,0,199,12,6,0.5175879396984925,0.4980071216545742,0.4448676538792818,0.8385013420529637,1.0613096936846746,0.40434861183166504,0.7404897212982178,ok,
stage2_graph_scm_0068_seed42,/home/crc00006699/zh/tabiclv2/results/tabiclv2_prior_data/graph_scm_3stage_512_seed42/stage2_graph_scm_0068_seed42,multiclass,5698,0,1391,70,5,0.8080517613227893,0.801347917283186,0.7381800597652086,0.9598810466857209,0.4586416324578774,0.8893616199493408,5.115222692489624,ok,
stage2_graph_scm_0069_seed42,/home/crc00006699/zh/tabiclv2/results/tabiclv2_prior_data/graph_scm_3stage_512_seed42/stage2_graph_scm_0069_seed42,multiclass,5401,0,1410,4,7,1.0,1.0,1.0,1.0,1.781635554500847e-06,0.4033358097076416,1.5818707942962646,ok,
stage2_graph_scm_0070_seed42,/home/crc00006699/zh/tabiclv2/results/tabiclv2_prior_data/graph_scm_3stage_512_seed42/stage2_graph_scm_0070_seed42,multiclass,3250,0,795,46,9,1.0,1.0,1.0,1.0,2.4216733339807236e-07,0.5935249328613281,1.9198927879333496,ok,
stage2_graph_scm_0071_seed42,/home/crc00006699/zh/tabiclv2/results/tabiclv2_prior_data/graph_scm_3stage_512_seed42/stage2_graph_scm_0071_seed42,multiclass,3927,0,976,36,7,0.9969262295081968,0.9969253967757219,0.996185974389756,0.9999871271109455,0.007803008580742744,0.5691912174224854,1.9627001285552979,ok,
stage2_graph_scm_0072_seed42,/home/crc00006699/zh/tabiclv2/results/tabiclv2_prior_data/graph_scm_3stage_512_seed42/stage2_graph_scm_0072_seed42,binclass,340,0,85,39,2,0.9294117647058824,0.9294117647058824,0.9201127819548872,0.9768170426065163,0.17558993787910773,0.546273946762085,0.5737812519073486,ok,
stage2_graph_scm_0073_seed42,/home/crc00006699/zh/tabiclv2/results/tabiclv2_prior_data/graph_scm_3stage_512_seed42/stage2_graph_scm_0073_seed42,multiclass,2179,0,523,88,7,0.9120458891013384,0.9127100258300764,0.86095415512308,0.9937525578703579,0.23370444899355358,0.6701624393463135,2.051967144012451,ok,
stage2_graph_scm_0074_seed42,/home/crc00006699/zh/tabiclv2/results/tabiclv2_prior_data/graph_scm_3stage_512_seed42/stage2_graph_scm_0074_seed42,binclass,522,0,126,58,2,0.9047619047619048,0.9047619047619048,0.9047619047619048,0.9498614260519023,0.28501323079099256,0.4895460605621338,0.973585844039917,ok,
stage2_graph_scm_0075_seed42,/home/crc00006699/zh/tabiclv2/results/tabiclv2_prior_data/graph_scm_3stage_512_seed42/stage2_graph_scm_0075_seed42,binclass,7295,0,1782,8,2,0.8737373737373737,0.8717236593893224,0.8560229460594009,0.9421693021494177,0.2942252094874583,0.44966578483581543,2.395470380783081,ok,
stage2_graph_scm_0076_seed42,/home/crc00006699/zh/tabiclv2/results/tabiclv2_prior_data/graph_scm_3stage_512_seed42/stage2_graph_scm_0076_seed42,multiclass,633,0,151,87,6,0.7947019867549668,0.7869700200398768,0.6778378910092465,0.9686484962810762,0.5226842823908924,0.5627257823944092,0.8032796382904053,ok,
stage2_graph_scm_0077_seed42,/home/crc00006699/zh/tabiclv2/results/tabiclv2_prior_data/graph_scm_3stage_512_seed42/stage2_graph_scm_0077_seed42,multiclass,4663,0,1194,40,8,0.9932998324958124,0.9933173119106213,0.9954983302346072,0.9999820897883797,0.016900004123735282,0.6096606254577637,2.5325334072113037,ok,
stage2_graph_scm_0078_seed42,/home/crc00006699/zh/tabiclv2/results/tabiclv2_prior_data/graph_scm_3stage_512_seed42/stage2_graph_scm_0078_seed42,multiclass,5061,0,1263,47,3,0.5494853523357086,0.5060811127616696,0.41649856754864834,0.6806610364568577,0.9148545534356596,0.6956782341003418,3.0378289222717285,ok,
stage2_graph_scm_0079_seed42,/home/crc00006699/zh/tabiclv2/results/tabiclv2_prior_data/graph_scm_3stage_512_seed42/stage2_graph_scm_0079_seed42,multiclass,2016,0,489,65,7,0.6625766871165644,0.6277815917248605,0.3911239064002873,0.8755488350639539,0.8732486554831577,0.5679757595062256,1.5743401050567627,ok,
stage2_graph_scm_0080_seed42,/home/crc00006699/zh/tabiclv2/results/tabiclv2_prior_data/graph_scm_3stage_512_seed42/stage2_graph_scm_0080_seed42,multiclass,5995,0,1589,55,8,0.4222781623662681,0.3866959218529228,0.2797000957520762,0.8000698013724831,1.4833753994145082,0.8020415306091309,4.477872848510742,ok,
stage2_graph_scm_0081_seed42,/home/crc00006699/zh/tabiclv2/results/tabiclv2_prior_data/graph_scm_3stage_512_seed42/stage2_graph_scm_0081_seed42,multiclass,1685,0,438,74,6,0.9954337899543378,0.9953987962153797,0.9904761904761905,0.9994331302755216,0.02015462464234817,0.5815174579620361,1.4973618984222412,ok,
stage2_graph_scm_0082_seed42,/home/crc00006699/zh/tabiclv2/results/tabiclv2_prior_data/graph_scm_3stage_512_seed42/stage2_graph_scm_0082_seed42,multiclass,1495,0,377,70,5,1.0,1.0,1.0,1.0,2.4055347785143458e-06,0.6173832416534424,1.276421308517456,ok,
stage2_graph_scm_0083_seed42,/home/crc00006699/zh/tabiclv2/results/tabiclv2_prior_data/graph_scm_3stage_512_seed42/stage2_graph_scm_0083_seed42,multiclass,4947,0,1213,24,6,1.0,1.0,1.0,1.0,3.5261620659512825e-07,0.6178953647613525,2.1460068225860596,ok,
stage2_graph_scm_0084_seed42,/home/crc00006699/zh/tabiclv2/results/tabiclv2_prior_data/graph_scm_3stage_512_seed42/stage2_graph_scm_0084_seed42,binclass,407,0,103,9,2,1.0,1.0,1.0,1.0,0.01027071164352556,0.38524651527404785,0.38703370094299316,ok,
stage2_graph_scm_0085_seed42,/home/crc00006699/zh/tabiclv2/results/tabiclv2_prior_data/graph_scm_3stage_512_seed42/stage2_graph_scm_0085_seed42,multiclass,2762,0,676,56,8,0.9866863905325444,0.9866181156121985,0.9294819078947368,0.9989464404049242,0.03376845491118023,0.5909173488616943,1.883037805557251,ok,
stage2_graph_scm_0086_seed42,/home/crc00006699/zh/tabiclv2/results/tabiclv2_prior_data/graph_scm_3stage_512_seed42/stage2_graph_scm_0086_seed42,multiclass,6413,0,1551,48,8,0.5138620245003224,0.498200824458114,0.48278433344444105,0.9119642090261508,0.9301025974001219,0.8180480003356934,3.993055582046509,ok,
stage2_graph_scm_0087_seed42,/home/crc00006699/zh/tabiclv2/results/tabiclv2_prior_data/graph_scm_3stage_512_seed42/stage2_graph_scm_0087_seed42,binclass,508,0,124,99,2,0.8467741935483871,0.8499321129266351,0.7844444444444445,0.8747474747474747,0.3940502727864337,0.5783169269561768,0.7752156257629395,ok,
stage2_graph_scm_0088_seed42,/home/crc00006699/zh/tabiclv2/results/tabiclv2_prior_data/graph_scm_3stage_512_seed42/stage2_graph_scm_0088_seed42,multiclass,2739,0,699,17,7,0.9341917024320457,0.9329510444406185,0.8419564504060988,0.9964533672307525,0.1541652102790814,0.4441685676574707,1.0429837703704834,ok,
stage2_graph_scm_0089_seed42,/home/crc00006699/zh/tabiclv2/results/tabiclv2_prior_data/graph_scm_3stage_512_seed42/stage2_graph_scm_0089_seed42,multiclass,7230,0,1796,2,4,0.5534521158129176,0.41190014291763843,0.47096774193548385,0.8254036038654368,0.8005052031414746,0.4302682876586914,1.0508322715759277,ok,
stage2_graph_scm_0090_seed42,/home/crc00006699/zh/tabiclv2/results/tabiclv2_prior_data/graph_scm_3stage_512_seed42/stage2_graph_scm_0090_seed42,multiclass,3939,0,1019,67,8,0.4052993130520118,0.3985987828770091,0.40735088674792597,0.8435037082591234,1.393579342623667,0.8109064102172852,3.0564608573913574,ok,
stage2_graph_scm_0091_seed42,/home/crc00006699/zh/tabiclv2/results/tabiclv2_prior_data/graph_scm_3stage_512_seed42/stage2_graph_scm_0091_seed42,multiclass,926,0,227,96,4,0.9823788546255506,0.9823384122124004,0.9721362229102166,0.9994090017309832,0.05276358057279544,0.6504020690917969,1.1056790351867676,ok,
stage2_graph_scm_0092_seed42,/home/crc00006699/zh/tabiclv2/results/tabiclv2_prior_data/graph_scm_3stage_512_seed42/stage2_graph_scm_0092_seed42,multiclass,2431,0,629,13,6,0.8012718600953895,0.7691318553624804,0.4608930751787894,0.9085289104641247,0.551398029663595,0.4724705219268799,0.8421926498413086,ok,
stage2_graph_scm_0093_seed42,/home/crc00006699/zh/tabiclv2/results/tabiclv2_prior_data/graph_scm_3stage_512_seed42/stage2_graph_scm_0093_seed42,multiclass,419,0,99,24,6,1.0,1.0,1.0,1.0,0.021528439069378996,0.41344738006591797,0.5312435626983643,ok,
stage2_graph_scm_0094_seed42,/home/crc00006699/zh/tabiclv2/results/tabiclv2_prior_data/graph_scm_3stage_512_seed42/stage2_graph_scm_0094_seed42,multiclass,492,0,126,51,8,0.9603174603174603,0.9605098910362069,0.9564064407814408,0.9958206171369508,0.13752099307611257,0.4802825450897217,0.8848438262939453,ok,
stage2_graph_scm_0095_seed42,/home/crc00006699/zh/tabiclv2/results/tabiclv2_prior_data/graph_scm_3stage_512_seed42/stage2_graph_scm_0095_seed42,multiclass,595,0,149,89,8,0.9798657718120806,0.9797609879026978,0.9869791666666667,0.999741452991453,0.06411060281910229,0.6873221397399902,0.7498610019683838,ok,
stage2_graph_scm_0096_seed42,/home/crc00006699/zh/tabiclv2/results/tabiclv2_prior_data/graph_scm_3stage_512_seed42/stage2_graph_scm_0096_seed42,multiclass,2310,0,571,18,3,0.9754816112084063,0.9746716258020482,0.9110551980787914,0.9970283103380272,0.07147873023587617,0.48928308486938477,0.8949863910675049,ok,
stage2_graph_scm_0097_seed42,/home/crc00006699/zh/tabiclv2/results/tabiclv2_prior_data/graph_scm_3stage_512_seed42/stage2_graph_scm_0097_seed42,multiclass,539,0,143,54,10,0.4195804195804196,0.4144171325818874,0.42189422419685574,0.893834951966501,1.327577516801589,0.4762396812438965,0.9855732917785645,ok,
stage2_graph_scm_0098_seed42,/home/crc00006699/zh/tabiclv2/results/tabiclv2_prior_data/graph_scm_3stage_512_seed42/stage2_graph_scm_0098_seed42,multiclass,3243,0,785,86,10,0.7439490445859872,0.7437633610027153,0.7245363771283588,0.9693094059539868,0.6966801402556662,0.7709925174713135,2.9248721599578857,ok,
stage2_graph_scm_0099_seed42,/home/crc00006699/zh/tabiclv2/results/tabiclv2_prior_data/graph_scm_3stage_512_seed42/stage2_graph_scm_0099_seed42,multiclass,780,0,186,82,6,0.7311827956989247,0.6881450404048886,0.7423933132752586,0.9473902130568562,0.5095740877937338,0.5591309070587158,0.892338752746582,ok,
stage2_graph_scm_0100_seed42,/home/crc00006699/zh/tabiclv2/results/tabiclv2_prior_data/graph_scm_3stage_512_seed42/stage2_graph_scm_0100_seed42,multiclass,1206,0,292,81,3,0.9623287671232876,0.9622680193178021,0.9364723871199856,0.9941312729938812,0.10928953376245296,0.6323902606964111,1.1620898246765137,ok,
stage2_graph_scm_0101_seed42,/home/crc00006699/zh/tabiclv2/results/tabiclv2_prior_data/graph_scm_3stage_512_seed42/stage2_graph_scm_0101_seed42,multiclass,1434,0,338,28,3,0.9940828402366864,0.9940824893406559,0.9940198444623224,0.9999085642217098,0.016317262502856558,0.45466041564941406,0.7325413227081299,ok,
stage2_graph_scm_0102_seed42,/home/crc00006699/zh/tabiclv2/results/tabiclv2_prior_data/graph_scm_3stage_512_seed42/stage2_graph_scm_0102_seed42,multiclass,377,0,95,78,3,1.0,1.0,1.0,1.0,0.003283909733856226,0.5202298164367676,0.5288560390472412,ok,
stage2_graph_scm_0103_seed42,/home/crc00006699/zh/tabiclv2/results/tabiclv2_prior_data/graph_scm_3stage_512_seed42/stage2_graph_scm_0103_seed42,multiclass,1971,0,480,40,7,1.0,1.0,1.0,1.0,2.9522508916272604e-06,0.49978113174438477,1.0883407592773438,ok,
stage2_graph_scm_0104_seed42,/home/crc00006699/zh/tabiclv2/results/tabiclv2_prior_data/graph_scm_3stage_512_seed42/stage2_graph_scm_0104_seed42,multiclass,4743,0,1259,45,9,1.0,1.0,1.0,1.0,3.831317310376881e-06,0.6511178016662598,2.789423942565918,ok,
stage2_graph_scm_0105_seed42,/home/crc00006699/zh/tabiclv2/results/tabiclv2_prior_data/graph_scm_3stage_512_seed42/stage2_graph_scm_0105_seed42,multiclass,3483,0,877,78,10,0.47434435575826683,0.4460102146453415,0.3366230215913511,0.8754421024199195,1.2642001289653706,0.7430069446563721,2.90753173828125,ok,
stage2_graph_scm_0106_seed42,/home/crc00006699/zh/tabiclv2/results/tabiclv2_prior_data/graph_scm_3stage_512_seed42/stage2_graph_scm_0106_seed42,multiclass,1641,0,404,2,7,0.2599009900990099,0.17621489958619704,0.2394896557078052,0.6867830863410631,1.74875426313566,0.4749629497528076,0.41068124771118164,ok,
stage2_graph_scm_0107_seed42,/home/crc00006699/zh/tabiclv2/results/tabiclv2_prior_data/graph_scm_3stage_512_seed42/stage2_graph_scm_0107_seed42,binclass,467,0,113,12,2,0.7876106194690266,0.7876106194690266,0.7875939849624061,0.8630952380952381,0.4705743530763756,0.39461755752563477,0.44702863693237305,ok,
stage2_graph_scm_0108_seed42,/home/crc00006699/zh/tabiclv2/results/tabiclv2_prior_data/graph_scm_3stage_512_seed42/stage2_graph_scm_0108_seed42,multiclass,907,0,232,79,8,0.31896551724137934,0.2320000460912394,0.17382923033389927,0.5623162339666248,1.9064348098049273,0.5513803958892822,0.9279265403747559,ok,
stage2_graph_scm_0109_seed42,/home/crc00006699/zh/tabiclv2/results/tabiclv2_prior_data/graph_scm_3stage_512_seed42/stage2_graph_scm_0109_seed42,multiclass,1294,0,308,19,8,0.37337662337662336,0.260654867552529,0.17467948717948717,0.5517322240687117,1.7594765476386918,0.42230916023254395,0.583259105682373,ok,
stage2_graph_scm_0110_seed42,/home/crc00006699/zh/tabiclv2/results/tabiclv2_prior_data/graph_scm_3stage_512_seed42/stage2_graph_scm_0110_seed42,multiclass,1313,0,322,20,10,0.9875776397515528,0.9875230944712533,0.9862771739130436,0.9995690519551031,0.05635663627523669,0.4210481643676758,0.5972998142242432,ok,
stage2_graph_scm_0111_seed42,/home/crc00006699/zh/tabiclv2/results/tabiclv2_prior_data/graph_scm_3stage_512_seed42/stage2_graph_scm_0111_seed42,multiclass,706,0,182,93,5,0.8406593406593407,0.7786259541984732,0.8,0.9702656529840155,0.2530791910211049,0.5754554271697998,0.8610432147979736,ok,
stage2_graph_scm_0112_seed42,/home/crc00006699/zh/tabiclv2/results/tabiclv2_prior_data/graph_scm_3stage_512_seed42/stage2_graph_scm_0112_seed42,binclass,325,0,77,16,2,0.961038961038961,0.9611341039912468,0.9621318373071529,0.9936886395511921,0.10570506213293465,0.39989519119262695,0.35603880882263184,ok,
stage2_graph_scm_0113_seed42,/home/crc00006699/zh/tabiclv2/results/tabiclv2_prior_data/graph_scm_3stage_512_seed42/stage2_graph_scm_0113_seed42,binclass,473,0,117,50,2,0.6923076923076923,0.6881053656536668,0.6461038961038961,0.7214285714285715,0.5730540867262589,0.46669983863830566,0.8502159118652344,ok,
stage2_graph_scm_0114_seed42,/home/crc00006699/zh/tabiclv2/results/tabiclv2_prior_data/graph_scm_3stage_512_seed42/stage2_graph_scm_0114_seed42,multiclass,379,0,98,16,7,0.30612244897959184,0.2586235874612094,0.30096371882086165,0.7556927076352887,1.5042327568674545,0.4023258686065674,0.4007742404937744,ok,
stage2_graph_scm_0115_seed42,/home/crc00006699/zh/tabiclv2/results/tabiclv2_prior_data/graph_scm_3stage_512_seed42/stage2_graph_scm_0115_seed42,multiclass,797,0,199,39,5,0.9346733668341709,0.9327400558759399,0.8774292615596962,0.9982046329114869,0.13457520176123217,0.452190637588501,1.1389098167419434,ok,
stage2_graph_scm_0116_seed42,/home/crc00006699/zh/tabiclv2/results/tabiclv2_prior_data/graph_scm_3stage_512_seed42/stage2_graph_scm_0116_seed42,multiclass,386,0,98,56,8,1.0,1.0,1.0,1.0,0.005665360385173417,0.4749298095703125,0.7671337127685547,ok,
stage2_graph_scm_0117_seed42,/home/crc00006699/zh/tabiclv2/results/tabiclv2_prior_data/graph_scm_3stage_512_seed42/stage2_graph_scm_0117_seed42,multiclass,3334,0,819,41,4,1.0,1.0,1.0,1.0,4.90958992733831e-07,0.5662250518798828,1.7733595371246338,ok,
stage2_graph_scm_0118_seed42,/home/crc00006699/zh/tabiclv2/results/tabiclv2_prior_data/graph_scm_3stage_512_seed42/stage2_graph_scm_0118_seed42,binclass,1261,0,330,7,2,0.9575757575757575,0.9573507626627681,0.946031746031746,0.9932698412698413,0.10009564815314227,0.4725944995880127,0.39470601081848145,ok,
stage2_graph_scm_0119_seed42,/home/crc00006699/zh/tabiclv2/results/tabiclv2_prior_data/graph_scm_3stage_512_seed42/stage2_graph_scm_0119_seed42,multiclass,1254,0,324,6,4,0.41975308641975306,0.40049718307366816,0.33893218037115125,0.6075836193829052,1.1880204170035225,0.38979053497314453,0.41443538665771484,ok,
stage2_graph_scm_0120_seed42,/home/crc00006699/zh/tabiclv2/results/tabiclv2_prior_data/graph_scm_3stage_512_seed42/stage2_graph_scm_0120_seed42,binclass,1684,0,438,23,2,1.0,1.0,1.0,1.0,0.0013199748261834448,0.43624377250671387,0.759587287902832,ok,
stage2_graph_scm_0121_seed42,/home/crc00006699/zh/tabiclv2/results/tabiclv2_prior_data/graph_scm_3stage_512_seed42/stage2_graph_scm_0121_seed42,multiclass,1991,0,485,5,9,0.979381443298969,0.9796416114004414,0.9781659406703268,0.999923719905985,0.0384019348398198,0.38703227043151855,0.5904929637908936,ok,
stage2_graph_scm_0122_seed42,/home/crc00006699/zh/tabiclv2/results/tabiclv2_prior_data/graph_scm_3stage_512_seed42/stage2_graph_scm_0122_seed42,binclass,2632,0,635,74,2,1.0,1.0,1.0,1.0,4.9955288560952e-07,0.6573946475982666,2.1580004692077637,ok,
stage2_graph_scm_0123_seed42,/home/crc00006699/zh/tabiclv2/results/tabiclv2_prior_data/graph_scm_3stage_512_seed42/stage2_graph_scm_0123_seed42,multiclass,470,0,113,17,4,0.5752212389380531,0.5495894436047428,0.48309812275329517,0.7600463991072426,1.0386882867320781,0.4169135093688965,0.5086817741394043,ok,
stage2_graph_scm_0124_seed42,/home/crc00006699/zh/tabiclv2/results/tabiclv2_prior_data/graph_scm_3stage_512_seed42/stage2_graph_scm_0124_seed42,multiclass,1925,0,501,30,4,0.9481037924151696,0.9476594045950653,0.9491335327234343,0.9931444388373805,0.15110311011921723,0.46503162384033203,0.9368729591369629,ok,
stage2_graph_scm_0125_seed42,/home/crc00006699/zh/tabiclv2/results/tabiclv2_prior_data/graph_scm_3stage_512_seed42/stage2_graph_scm_0125_seed42,multiclass,443,0,106,97,7,0.9716981132075472,0.9724238026124817,0.9557823129251701,0.9990476190476191,0.06143038146729974,0.5556390285491943,0.6955657005310059,ok,
stage2_graph_scm_0126_seed42,/home/crc00006699/zh/tabiclv2/results/tabiclv2_prior_data/graph_scm_3stage_512_seed42/stage2_graph_scm_0126_seed42,multiclass,881,0,222,25,4,0.9369369369369369,0.9330325441436553,0.899810606060606,0.9781356609571117,0.18943631141271222,0.4330129623413086,0.981205940246582,ok,
stage2_graph_scm_0127_seed42,/home/crc00006699/zh/tabiclv2/results/tabiclv2_prior_data/graph_scm_3stage_512_seed42/stage2_graph_scm_0127_seed42,multiclass,745,0,183,77,7,0.5683060109289617,0.5537047505391202,0.507333251403511,0.8728728149813749,1.1435330739787384,0.5366930961608887,0.8094134330749512,ok,
stage2_graph_scm_0128_seed42,/home/crc00006699/zh/tabiclv2/results/tabiclv2_prior_data/graph_scm_3stage_512_seed42/stage2_graph_scm_0128_seed42,binclass,859,0,219,58,2,1.0,1.0,1.0,1.0,0.0004819619182098775,0.5042166709899902,1.5188713073730469,ok,
stage2_graph_scm_0129_seed42,/home/crc00006699/zh/tabiclv2/results/tabiclv2_prior_data/graph_scm_3stage_512_seed42/stage2_graph_scm_0129_seed42,multiclass,958,0,244,13,3,0.7213114754098361,0.6834350636507946,0.5894435084366435,0.8435242257402661,0.6801715411591507,0.4982781410217285,0.8530876636505127,ok,
stage2_graph_scm_0130_seed42,/home/crc00006699/zh/tabiclv2/results/tabiclv2_prior_data/graph_scm_3stage_512_seed42/stage2_graph_scm_0130_seed42,binclass,4711,0,1132,52,2,1.0,1.0,1.0,0.9999999999999999,1.5313222700375491e-06,0.6167888641357422,2.9535388946533203,ok,
stage2_graph_scm_0131_seed42,/home/crc00006699/zh/tabiclv2/results/tabiclv2_prior_data/graph_scm_3stage_512_seed42/stage2_graph_scm_0131_seed42,multiclass,2745,0,716,88,4,0.7192737430167597,0.6819394453929142,0.5059105578154129,0.8521064422184804,0.74547312518037,0.7178702354431152,2.5509092807769775,ok,
stage2_graph_scm_0132_seed42,/home/crc00006699/zh/tabiclv2/results/tabiclv2_prior_data/graph_scm_3stage_512_seed42/stage2_graph_scm_0132_seed42,multiclass,522,0,132,24,7,0.9696969696969697,0.969656020621672,0.9768183135323095,0.9994486643436868,0.10046644235725083,0.4229545593261719,0.6411042213439941,ok,
stage2_graph_scm_0133_seed42,/home/crc00006699/zh/tabiclv2/results/tabiclv2_prior_data/graph_scm_3stage_512_seed42/stage2_graph_scm_0133_seed42,multiclass,4702,0,1248,27,10,0.46474358974358976,0.3963741888861942,0.22689858327091356,0.8334138601982298,1.3664597778603702,0.5234465599060059,2.15527081489563,ok,
stage2_graph_scm_0134_seed42,/home/crc00006699/zh/tabiclv2/results/tabiclv2_prior_data/graph_scm_3stage_512_seed42/stage2_graph_scm_0134_seed42,multiclass,949,0,235,46,3,0.8595744680851064,0.8235546958951214,0.47008547008547,0.9159425472973859,0.30635912527137754,0.47286391258239746,1.4894847869873047,ok,
stage2_graph_scm_0135_seed42,/home/crc00006699/zh/tabiclv2/results/tabiclv2_prior_data/graph_scm_3stage_512_seed42/stage2_graph_scm_0135_seed42,multiclass,430,0,107,56,7,0.5233644859813084,0.4216510023905391,0.3122604140046001,0.7522069715385413,1.371642294803487,0.47953224182128906,0.8364923000335693,ok,
stage2_graph_scm_0136_seed42,/home/crc00006699/zh/tabiclv2/results/tabiclv2_prior_data/graph_scm_3stage_512_seed42/stage2_graph_scm_0136_seed42,multiclass,414,0,110,54,10,0.4,0.3558167322873205,0.25922077922077924,0.7087414358537839,1.8817517886483743,0.47336387634277344,0.7990522384643555,ok,
stage2_graph_scm_0137_seed42,/home/crc00006699/zh/tabiclv2/results/tabiclv2_prior_data/graph_scm_3stage_512_seed42/stage2_graph_scm_0137_seed42,multiclass,5877,0,1404,72,6,0.9280626780626781,0.9280254200700452,0.9059808774166599,0.995467775557326,0.2005460371510012,0.878246545791626,5.444298028945923,ok,
stage2_graph_scm_0138_seed42,/home/crc00006699/zh/tabiclv2/results/tabiclv2_prior_data/graph_scm_3stage_512_seed42/stage2_graph_scm_0138_seed42,multiclass,1555,0,386,49,4,0.37305699481865284,0.363796072832838,0.3743120983340613,0.6361224230299216,1.3274517815069025,0.5133500099182129,1.0669496059417725,ok,
stage2_graph_scm_0139_seed42,/home/crc00006699/zh/tabiclv2/results/tabiclv2_prior_data/graph_scm_3stage_512_seed42/stage2_graph_scm_0139_seed42,multiclass,902,0,219,8,4,1.0,1.0,1.0,1.0,5.005159224150357e-07,0.39251279830932617,0.7272958755493164,ok,
stage2_graph_scm_0140_seed42,/home/crc00006699/zh/tabiclv2/results/tabiclv2_prior_data/graph_scm_3stage_512_seed42/stage2_graph_scm_0140_seed42,multiclass,7730,0,1935,49,10,0.8227390180878553,0.8208769417096677,0.7823252462533049,0.9809437069904398,0.4715685414093099,0.8217124938964844,5.6047632694244385,ok,
stage2_graph_scm_0141_seed42,/home/crc00006699/zh/tabiclv2/results/tabiclv2_prior_data/graph_scm_3stage_512_seed42/stage2_graph_scm_0141_seed42,multiclass,1485,0,368,73,4,0.9429347826086957,0.9419481802027536,0.9110237118103055,0.9946806540387598,0.09997393447008285,0.564551830291748,1.3178083896636963,ok,
stage2_graph_scm_0142_seed42,/home/crc00006699/zh/tabiclv2/results/tabiclv2_prior_data/graph_scm_3stage_512_seed42/stage2_graph_scm_0142_seed42,multiclass,3119,0,762,80,4,0.9553805774278216,0.9554809843672316,0.9543663361452321,0.9934464888864878,0.1302934440700148,0.739093542098999,2.662180185317993,ok,
stage2_graph_scm_0143_seed42,/home/crc00006699/zh/tabiclv2/results/tabiclv2_prior_data/graph_scm_3stage_512_seed42/stage2_graph_scm_0143_seed42,multiclass,2044,0,488,24,3,0.9938524590163934,0.9938593935441374,0.9940400170285227,0.9999443561412947,0.011242467378721043,0.4640498161315918,0.9070870876312256,ok,
stage2_graph_scm_0144_seed42,/home/crc00006699/zh/tabiclv2/results/tabiclv2_prior_data/graph_scm_3stage_512_seed42/stage2_graph_scm_0144_seed42,binclass,7084,0,1693,61,2,1.0,1.0,1.0,1.0,9.173651122525022e-07,0.9120585918426514,5.6997387409210205,ok,
stage2_graph_scm_0145_seed42,/home/crc00006699/zh/tabiclv2/results/tabiclv2_prior_data/graph_scm_3stage_512_seed42/stage2_graph_scm_0145_seed42,multiclass,483,0,124,56,4,0.7983870967741935,0.7462715422006185,0.26519607843137255,0.8227391010025524,0.5622364893412843,0.4833648204803467,0.9409749507904053,ok,
stage2_graph_scm_0146_seed42,/home/crc00006699/zh/tabiclv2/results/tabiclv2_prior_data/graph_scm_3stage_512_seed42/stage2_graph_scm_0146_seed42,multiclass,4239,0,1025,4,6,0.904390243902439,0.9031240810271254,0.9007508959211181,0.9910615590231912,0.20662715467645856,0.39539408683776855,1.173924207687378,ok,
stage2_graph_scm_0147_seed42,/home/crc00006699/zh/tabiclv2/results/tabiclv2_prior_data/graph_scm_3stage_512_seed42/stage2_graph_scm_0147_seed42,multiclass,1379,0,364,61,4,0.9423076923076923,0.9431631392503322,0.9204368011890747,0.9889670085152373,0.16338921325563857,0.535681962966919,1.1031973361968994,ok,
stage2_graph_scm_0148_seed42,/home/crc00006699/zh/tabiclv2/results/tabiclv2_prior_data/graph_scm_3stage_512_seed42/stage2_graph_scm_0148_seed42,multiclass,1223,0,325,36,8,0.6184615384615385,0.5722262825179856,0.5756775208275806,0.9066424639593399,0.917617739131318,0.6993405818939209,0.7498483657836914,ok,
stage2_graph_scm_0149_seed42,/home/crc00006699/zh/tabiclv2/results/tabiclv2_prior_data/graph_scm_3stage_512_seed42/stage2_graph_scm_0149_seed42,multiclass,7487,0,1957,4,4,0.9739397036280021,0.9737915376514245,0.9598798813143933,0.9944156876939045,0.0897232371930937,0.41245055198669434,2.260934591293335,ok,
stage2_graph_scm_0150_seed42,/home/crc00006699/zh/tabiclv2/results/tabiclv2_prior_data/graph_scm_3stage_512_seed42/stage2_graph_scm_0150_seed42,multiclass,1920,0,474,94,3,1.0,1.0,1.0,1.0,4.3005892787871066e-07,0.7500474452972412,1.956028699874878,ok,
stage2_graph_scm_0151_seed42,/home/crc00006699/zh/tabiclv2/results/tabiclv2_prior_data/graph_scm_3stage_512_seed42/stage2_graph_scm_0151_seed42,multiclass,1106,0,294,16,4,1.0,1.0,1.0,1.0,1.6395806593323564e-06,0.41605687141418457,0.5020501613616943,ok,
stage2_graph_scm_0152_seed42,/home/crc00006699/zh/tabiclv2/results/tabiclv2_prior_data/graph_scm_3stage_512_seed42/stage2_graph_scm_0152_seed42,multiclass,1113,0,273,80,3,0.9706959706959707,0.9705378864819265,0.9730217207767288,0.9965597106906313,0.09800553157624639,0.5768284797668457,1.095644474029541,ok,
stage2_graph_scm_0153_seed42,/home/crc00006699/zh/tabiclv2/results/tabiclv2_prior_data/graph_scm_3stage_512_seed42/stage2_graph_scm_0153_seed42,multiclass,1591,0,421,92,3,0.5106888361045131,0.4447890268013981,0.3719641655015276,0.6223792790462426,0.9394471829293217,0.635061502456665,1.6205389499664307,ok,
stage2_graph_scm_0154_seed42,/home/crc00006699/zh/tabiclv2/results/tabiclv2_prior_data/graph_scm_3stage_512_seed42/stage2_graph_scm_0154_seed42,multiclass,3825,0,932,30,6,0.5633047210300429,0.48826407647556336,0.43177488177505463,0.8306193716199742,1.1409902514324086,0.5142765045166016,1.7932887077331543,ok,
stage2_graph_scm_0155_seed42,/home/crc00006699/zh/tabiclv2/results/tabiclv2_prior_data/graph_scm_3stage_512_seed42/stage2_graph_scm_0155_seed42,multiclass,5030,0,1300,63,10,0.8353846153846154,0.833727389471574,0.8021224721774647,0.9903184429727745,0.38858610203792754,0.80181884765625,4.232005834579468,ok,
stage2_graph_scm_0156_seed42,/home/crc00006699/zh/tabiclv2/results/tabiclv2_prior_data/graph_scm_3stage_512_seed42/stage2_graph_scm_0156_seed42,multiclass,8199,0,2033,66,9,0.9950811608460404,0.9950724230151531,0.9926330023449671,0.9999122358398966,0.023287547603573464,1.038952112197876,7.0712902545928955,ok,
stage2_graph_scm_0157_seed42,/home/crc00006699/zh/tabiclv2/results/tabiclv2_prior_data/graph_scm_3stage_512_seed42/stage2_graph_scm_0157_seed42,binclass,1018,0,255,82,2,1.0,1.0,1.0,1.0,7.860234992437828e-05,0.588005542755127,1.080043077468872,ok,
stage2_graph_scm_0158_seed42,/home/crc00006699/zh/tabiclv2/results/tabiclv2_prior_data/graph_scm_3stage_512_seed42/stage2_graph_scm_0158_seed42,multiclass,802,0,192,26,4,0.6041666666666666,0.5393266482257112,0.3681097573873131,0.7552539994904477,0.9689635161345963,0.42911434173583984,0.9092447757720947,ok,
stage2_graph_scm_0159_seed42,/home/crc00006699/zh/tabiclv2/results/tabiclv2_prior_data/graph_scm_3stage_512_seed42/stage2_graph_scm_0159_seed42,multiclass,3537,0,862,73,4,0.3874709976798144,0.2773839661310702,0.27015050119992357,0.6040170007334708,1.303480656532359,0.7751948833465576,2.8225507736206055,ok,
stage2_graph_scm_0160_seed42,/home/crc00006699/zh/tabiclv2/results/tabiclv2_prior_data/graph_scm_3stage_512_seed42/stage2_graph_scm_0160_seed42,multiclass,1095,0,270,75,3,1.0,1.0,1.0,1.0,7.613823304722951e-05,0.5837876796722412,1.0394575595855713,ok,
stage2_graph_scm_0161_seed42,/home/crc00006699/zh/tabiclv2/results/tabiclv2_prior_data/graph_scm_3stage_512_seed42/stage2_graph_scm_0161_seed42,binclass,785,0,187,13,2,0.6898395721925134,0.6924135913106501,0.768,0.7616129032258064,0.44466088837648193,0.48360228538513184,0.7232487201690674,ok,
stage2_graph_scm_0162_seed42,/home/crc00006699/zh/tabiclv2/results/tabiclv2_prior_data/graph_scm_3stage_512_seed42/stage2_graph_scm_0162_seed42,multiclass,8116,0,2051,62,10,0.9990248659190639,0.9990288833003035,0.9986052409129332,1.0,0.0021458795668081337,0.908776044845581,6.6381425857543945,ok,
stage2_graph_scm_0163_seed42,/home/crc00006699/zh/tabiclv2/results/tabiclv2_prior_data/graph_scm_3stage_512_seed42/stage2_graph_scm_0163_seed42,multiclass,2752,0,715,70,6,1.0,1.0,1.0,1.0,0.0005200499349601051,0.6338298320770264,2.2261040210723877,ok,
stage2_graph_scm_0164_seed42,/home/crc00006699/zh/tabiclv2/results/tabiclv2_prior_data/graph_scm_3stage_512_seed42/stage2_graph_scm_0164_seed42,multiclass,480,0,118,9,9,0.3728813559322034,0.2991531431936025,0.3181735657225853,0.6897539677791897,1.7678254409895977,0.3902158737182617,0.4140951633453369,ok,
stage2_graph_scm_0165_seed42,/home/crc00006699/zh/tabiclv2/results/tabiclv2_prior_data/graph_scm_3stage_512_seed42/stage2_graph_scm_0165_seed42,binclass,586,0,140,64,2,0.7071428571428572,0.6939635104585985,0.6569055944055944,0.7884615384615385,0.5225225670485348,0.5380942821502686,0.5890867710113525,ok,
stage2_graph_scm_0166_seed42,/home/crc00006699/zh/tabiclv2/results/tabiclv2_prior_data/graph_scm_3stage_512_seed42/stage2_graph_scm_0166_seed42,binclass,2983,0,724,61,2,1.0,1.0,1.0,1.0,8.394058448271441e-07,0.6107504367828369,2.1133270263671875,ok,
stage2_graph_scm_0167_seed42,/home/crc00006699/zh/tabiclv2/results/tabiclv2_prior_data/graph_scm_3stage_512_seed42/stage2_graph_scm_0167_seed42,multiclass,435,0,116,77,3,1.0,1.0,1.0,1.0,3.617387384888293e-07,0.5165867805480957,0.541365385055542,ok,
stage2_graph_scm_0168_seed42,/home/crc00006699/zh/tabiclv2/results/tabiclv2_prior_data/graph_scm_3stage_512_seed42/stage2_graph_scm_0168_seed42,multiclass,4107,0,1051,100,3,0.7840152235965747,0.7642163030509251,0.6796924751408359,0.9058921282035802,0.5100111933514566,0.9035019874572754,4.912010908126831,ok,
stage2_graph_scm_0169_seed42,/home/crc00006699/zh/tabiclv2/results/tabiclv2_prior_data/graph_scm_3stage_512_seed42/stage2_graph_scm_0169_seed42,multiclass,1607,0,415,14,3,0.9855421686746988,0.9855268002850275,0.9835268347902133,0.9997336048933702,0.026247119285818205,0.9818527698516846,0.6366438865661621,ok,
stage2_graph_scm_0170_seed42,/home/crc00006699/zh/tabiclv2/results/tabiclv2_prior_data/graph_scm_3stage_512_seed42/stage2_graph_scm_0170_seed42,multiclass,614,0,151,47,7,1.0,1.0,1.0,1.0,3.8407562480758847e-07,0.46950244903564453,0.9978952407836914,ok,
stage3_graph_scm_0000_seed42,/home/crc00006699/zh/tabiclv2/results/tabiclv2_prior_data/graph_scm_3stage_512_seed42/stage3_graph_scm_0000_seed42,binclass,856,0,228,9,2,1.0,1.0,1.0,1.0,0.0001629447087975673,0.39243054389953613,0.70682692527771,ok,
stage3_graph_scm_0001_seed42,/home/crc00006699/zh/tabiclv2/results/tabiclv2_prior_data/graph_scm_3stage_512_seed42/stage3_graph_scm_0001_seed42,multiclass,646,0,161,26,10,0.5838509316770186,0.5272520443881437,0.4628026935411846,0.9299862594407701,0.9627277035565014,0.41996335983276367,0.7561385631561279,ok,
stage3_graph_scm_0002_seed42,/home/crc00006699/zh/tabiclv2/results/tabiclv2_prior_data/graph_scm_3stage_512_seed42/stage3_graph_scm_0002_seed42,multiclass,748,0,180,17,9,0.9277777777777778,0.932190736675655,0.7991927260990441,0.9934047165983532,0.18966401846652994,0.5061337947845459,0.7113082408905029,ok,
stage3_graph_scm_0003_seed42,/home/crc00006699/zh/tabiclv2/results/tabiclv2_prior_data/graph_scm_3stage_512_seed42/stage3_graph_scm_0003_seed42,multiclass,415,0,107,36,10,0.38317757009345793,0.3813937025440001,0.3818181818181818,0.8060752493045733,1.788441357171616,0.4405045509338379,0.6398355960845947,ok,
stage3_graph_scm_0004_seed42,/home/crc00006699/zh/tabiclv2/results/tabiclv2_prior_data/graph_scm_3stage_512_seed42/stage3_graph_scm_0004_seed42,multiclass,1633,0,399,21,3,1.0,1.0,1.0,1.0,6.16661987426203e-07,0.43520689010620117,0.687856912612915,ok,
stage3_graph_scm_0005_seed42,/home/crc00006699/zh/tabiclv2/results/tabiclv2_prior_data/graph_scm_3stage_512_seed42/stage3_graph_scm_0005_seed42,multiclass,1964,0,501,73,3,1.0,1.0,1.0,1.0,0.0016602375710471737,0.5961763858795166,1.642530918121338,ok,
stage3_graph_scm_0006_seed42,/home/crc00006699/zh/tabiclv2/results/tabiclv2_prior_data/graph_scm_3stage_512_seed42/stage3_graph_scm_0006_seed42,binclass,24299,0,5849,32,2,1.0,1.0,1.0,1.0,1.858964061162092e-07,1.0515673160552979,17.541927814483643,ok,
stage3_graph_scm_0007_seed42,/home/crc00006699/zh/tabiclv2/results/tabiclv2_prior_data/graph_scm_3stage_512_seed42/stage3_graph_scm_0007_seed42,multiclass,22421,0,5875,23,7,0.22263829787234043,0.13897054895019287,0.18175498774353196,0.6005136233480223,1.8656523177303954,1.0365591049194336,15.316327571868896,ok,
stage3_graph_scm_0008_seed42,/home/crc00006699/zh/tabiclv2/results/tabiclv2_prior_data/graph_scm_3stage_512_seed42/stage3_graph_scm_0008_seed42,multiclass,483,0,125,86,6,1.0,1.0,1.0,1.0,3.160483094341149e-06,0.5370850563049316,0.736943244934082,ok,
stage3_graph_scm_0009_seed42,/home/crc00006699/zh/tabiclv2/results/tabiclv2_prior_data/graph_scm_3stage_512_seed42/stage3_graph_scm_0009_seed42,multiclass,39894,0,9778,28,9,0.5456125997136428,0.3852105100869827,0.1111111111111111,0.5210021968636012,1.4662310119507587,1.7031450271606445,37.18420886993408,ok,
stage3_graph_scm_0010_seed42,/home/crc00006699/zh/tabiclv2/results/tabiclv2_prior_data/graph_scm_3stage_512_seed42/stage3_graph_scm_0010_seed42,multiclass,341,0,90,2,4,0.9333333333333333,0.903448275862069,0.75,0.9495907738095238,0.17644766877408724,0.38392066955566406,0.2019059658050537,ok,
stage3_graph_scm_0011_seed42,/home/crc00006699/zh/tabiclv2/results/tabiclv2_prior_data/graph_scm_3stage_512_seed42/stage3_graph_scm_0011_seed42,multiclass,1302,0,336,42,5,1.0,1.0,1.0,1.0,7.62598945245583e-05,0.48795604705810547,0.8084332942962646,ok,
stage3_graph_scm_0012_seed42,/home/crc00006699/zh/tabiclv2/results/tabiclv2_prior_data/graph_scm_3stage_512_seed42/stage3_graph_scm_0012_seed42,binclass,320,0,80,11,2,0.825,0.7949754901960785,0.6311858076563959,0.8085901027077498,0.4351322168644257,0.39040088653564453,0.30339479446411133,ok,
stage3_graph_scm_0013_seed42,/home/crc00006699/zh/tabiclv2/results/tabiclv2_prior_data/graph_scm_3stage_512_seed42/stage3_graph_scm_0013_seed42,multiclass,1891,0,456,17,6,1.0,1.0,1.0,1.0,0.0005468329491816196,0.5298619270324707,0.7381000518798828,ok,
stage3_graph_scm_0014_seed42,/home/crc00006699/zh/tabiclv2/results/tabiclv2_prior_data/graph_scm_3stage_512_seed42/stage3_graph_scm_0014_seed42,multiclass,3382,0,826,35,7,0.7312348668280871,0.7304574716062685,0.7215158733076196,0.960602031456723,0.6434950028103644,0.5255069732666016,1.6769459247589111,ok,
stage3_graph_scm_0015_seed42,/home/crc00006699/zh/tabiclv2/results/tabiclv2_prior_data/graph_scm_3stage_512_seed42/stage3_graph_scm_0015_seed42,multiclass,3286,0,827,53,3,0.7085852478839177,0.6905108920227829,0.6371153192922187,0.8419835681160667,0.6995624759163629,0.604823112487793,2.150606155395508,ok,
stage3_graph_scm_0016_seed42,/home/crc00006699/zh/tabiclv2/results/tabiclv2_prior_data/graph_scm_3stage_512_seed42/stage3_graph_scm_0016_seed42,multiclass,1109,0,284,49,6,0.7464788732394366,0.74535543239183,0.7301834528438452,0.9619840511679266,0.5744324156279762,0.49419283866882324,0.7626166343688965,ok,
stage3_graph_scm_0017_seed42,/home/crc00006699/zh/tabiclv2/results/tabiclv2_prior_data/graph_scm_3stage_512_seed42/stage3_graph_scm_0017_seed42,binclass,2608,0,633,45,2,1.0,1.0,1.0,1.0,9.582891156007156e-07,0.5428414344787598,1.514228343963623,ok,
stage3_graph_scm_0018_seed42,/home/crc00006699/zh/tabiclv2/results/tabiclv2_prior_data/graph_scm_3stage_512_seed42/stage3_graph_scm_0018_seed42,multiclass,2585,0,680,62,5,1.0,1.0,1.0,1.0,9.597614014027618e-07,0.9339873790740967,1.8933401107788086,ok,
stage3_graph_scm_0019_seed42,/home/crc00006699/zh/tabiclv2/results/tabiclv2_prior_data/graph_scm_3stage_512_seed42/stage3_graph_scm_0019_seed42,multiclass,679,0,163,32,5,0.7239263803680982,0.7120347188598722,0.6294545454545455,0.9366169411129401,0.5988035603476373,0.4432802200317383,0.908696174621582,ok,
stage3_graph_scm_0020_seed42,/home/crc00006699/zh/tabiclv2/results/tabiclv2_prior_data/graph_scm_3stage_512_seed42/stage3_graph_scm_0020_seed42,multiclass,548,0,138,30,8,0.47101449275362317,0.41737089724466997,0.3583445879481686,0.8399820937347571,1.383788796244268,0.4315183162689209,0.737839937210083,ok,
stage3_graph_scm_0021_seed42,/home/crc00006699/zh/tabiclv2/results/tabiclv2_prior_data/graph_scm_3stage_512_seed42/stage3_graph_scm_0021_seed42,multiclass,5231,0,1331,81,3,1.0,1.0,1.0,1.0,4.2342261946445656e-05,0.8942756652832031,5.23340106010437,ok,
stage3_graph_scm_0022_seed42,/home/crc00006699/zh/tabiclv2/results/tabiclv2_prior_data/graph_scm_3stage_512_seed42/stage3_graph_scm_0022_seed42,binclass,41242,0,9924,19,2,1.0,1.0,1.0,1.0,3.1748307524424856e-07,1.2962369918823242,35.40133047103882,ok,
stage3_graph_scm_0023_seed42,/home/crc00006699/zh/tabiclv2/results/tabiclv2_prior_data/graph_scm_3stage_512_seed42/stage3_graph_scm_0023_seed42,binclass,40048,0,10395,2,2,0.7768157768157768,0.7659462066548259,0.6838884570116177,0.8336645841721639,0.4342359210029361,0.4879574775695801,7.9851624965667725,ok,
stage3_graph_scm_0024_seed42,/home/crc00006699/zh/tabiclv2/results/tabiclv2_prior_data/graph_scm_3stage_512_seed42/stage3_graph_scm_0024_seed42,multiclass,472,0,125,27,3,1.0,1.0,1.0,1.0,8.254059116159846e-07,0.5273528099060059,0.6877729892730713,ok,
stage3_graph_scm_0025_seed42,/home/crc00006699/zh/tabiclv2/results/tabiclv2_prior_data/graph_scm_3stage_512_seed42/stage3_graph_scm_0025_seed42,multiclass,8877,0,2182,20,4,1.0,1.0,1.0,1.0,1.5183874408703691e-05,0.5917620658874512,4.142566204071045,ok,
stage3_graph_scm_0026_seed42,/home/crc00006699/zh/tabiclv2/results/tabiclv2_prior_data/graph_scm_3stage_512_seed42/stage3_graph_scm_0026_seed42,multiclass,1201,0,306,39,6,0.9052287581699346,0.9121352788765972,0.8906887395762904,0.9900671987331117,0.21647629449561495,0.4764869213104248,0.7720656394958496,ok,
stage3_graph_scm_0027_seed42,/home/crc00006699/zh/tabiclv2/results/tabiclv2_prior_data/graph_scm_3stage_512_seed42/stage3_graph_scm_0027_seed42,multiclass,602,0,156,98,8,0.967948717948718,0.9679354461963158,0.9600281990590573,0.9986595783460671,0.11066936987936199,0.5693206787109375,0.8289875984191895,ok,
stage3_graph_scm_0028_seed42,/home/crc00006699/zh/tabiclv2/results/tabiclv2_prior_data/graph_scm_3stage_512_seed42/stage3_graph_scm_0028_seed42,binclass,4158,0,1057,62,2,1.0,1.0,1.0,1.0,4.961228266355762e-07,0.7161984443664551,3.0063092708587646,ok,
stage3_graph_scm_0029_seed42,/home/crc00006699/zh/tabiclv2/results/tabiclv2_prior_data/graph_scm_3stage_512_seed42/stage3_graph_scm_0029_seed42,binclass,13403,0,3215,58,2,0.9290824261275272,0.9257095022620248,0.8031391331976772,0.9553340251346986,0.1726255137251559,1.164252519607544,10.845769166946411,ok,
stage3_graph_scm_0030_seed42,/home/crc00006699/zh/tabiclv2/results/tabiclv2_prior_data/graph_scm_3stage_512_seed42/stage3_graph_scm_0030_seed42,multiclass,9595,0,2470,44,3,1.0,1.0,1.0,1.0,1.568317116606562e-05,0.8719351291656494,6.52502179145813,ok,
stage3_graph_scm_0031_seed42,/home/crc00006699/zh/tabiclv2/results/tabiclv2_prior_data/graph_scm_3stage_512_seed42/stage3_graph_scm_0031_seed42,multiclass,2637,0,669,71,8,0.5097159940209267,0.49787124822010187,0.4622081111834228,0.8459666003889794,1.3676952681630223,0.6704375743865967,2.1429789066314697,ok,
stage3_graph_scm_0032_seed42,/home/crc00006699/zh/tabiclv2/results/tabiclv2_prior_data/graph_scm_3stage_512_seed42/stage3_graph_scm_0032_seed42,multiclass,377,0,93,35,3,1.0,1.0,1.0,1.0,8.581792209913107e-07,0.4405045509338379,0.5717756748199463,ok,
stage3_graph_scm_0033_seed42,/home/crc00006699/zh/tabiclv2/results/tabiclv2_prior_data/graph_scm_3stage_512_seed42/stage3_graph_scm_0033_seed42,multiclass,2870,0,739,22,4,1.0,1.0,1.0,1.0,2.917321209083718e-07,0.4645121097564697,1.1994199752807617,ok,
stage3_graph_scm_0034_seed42,/home/crc00006699/zh/tabiclv2/results/tabiclv2_prior_data/graph_scm_3stage_512_seed42/stage3_graph_scm_0034_seed42,multiclass,2314,0,550,19,4,0.8836363636363637,0.8811256585570575,0.8773878576932886,0.9862794758556448,0.22209435840416336,0.4422633647918701,0.9237930774688721,ok,
stage3_graph_scm_0035_seed42,/home/crc00006699/zh/tabiclv2/results/tabiclv2_prior_data/graph_scm_3stage_512_seed42/stage3_graph_scm_0035_seed42,multiclass,1209,0,320,55,5,0.578125,0.5494805525860865,0.5050306188340696,0.8592193973985977,0.9299436304246275,0.5277094841003418,0.9240627288818359,ok,
stage3_graph_scm_0036_seed42,/home/crc00006699/zh/tabiclv2/results/tabiclv2_prior_data/graph_scm_3stage_512_seed42/stage3_graph_scm_0036_seed42,multiclass,881,0,227,18,9,0.6607929515418502,0.6272315521096186,0.43135938135938134,0.9386525661698251,0.7874483369883627,0.5140781402587891,0.8710658550262451,ok,
stage3_graph_scm_0037_seed42,/home/crc00006699/zh/tabiclv2/results/tabiclv2_prior_data/graph_scm_3stage_512_seed42/stage3_graph_scm_0037_seed42,binclass,11379,0,2892,71,2,1.0,1.0,1.0,1.0,2.640164650824339e-07,1.7462072372436523,10.114126205444336,ok,
stage3_graph_scm_0038_seed42,/home/crc00006699/zh/tabiclv2/results/tabiclv2_prior_data/graph_scm_3stage_512_seed42/stage3_graph_scm_0038_seed42,multiclass,1028,0,249,91,7,0.9718875502008032,0.9715260269981335,0.953734335839599,0.9974480245731508,0.11365066780672772,0.5856757164001465,1.165668249130249,ok,
stage3_graph_scm_0039_seed42,/home/crc00006699/zh/tabiclv2/results/tabiclv2_prior_data/graph_scm_3stage_512_seed42/stage3_graph_scm_0039_seed42,multiclass,10827,0,2794,21,4,0.9856836077308518,0.9788366375151724,0.5,0.9536084187001588,0.05690600857607522,0.6090760231018066,5.036433696746826,ok,
stage3_graph_scm_0040_seed42,/home/crc00006699/zh/tabiclv2/results/tabiclv2_prior_data/graph_scm_3stage_512_seed42/stage3_graph_scm_0040_seed42,multiclass,4526,0,1099,40,6,1.0,1.0,1.0,1.0,3.413573263909688e-07,0.6379430294036865,2.5484538078308105,ok,
stage3_graph_scm_0041_seed42,/home/crc00006699/zh/tabiclv2/results/tabiclv2_prior_data/graph_scm_3stage_512_seed42/stage3_graph_scm_0041_seed42,binclass,900,0,228,33,2,1.0,1.0,1.0,1.0,3.15578027608247e-05,0.46465086936950684,1.1514332294464111,ok,
stage3_graph_scm_0042_seed42,/home/crc00006699/zh/tabiclv2/results/tabiclv2_prior_data/graph_scm_3stage_512_seed42/stage3_graph_scm_0042_seed42,multiclass,21293,0,5049,51,5,0.9447415329768271,0.9441633123793335,0.8896481099645879,0.9955899689931998,0.14277496717129753,1.6860029697418213,18.010327100753784,ok,
stage3_graph_scm_0043_seed42,/home/crc00006699/zh/tabiclv2/results/tabiclv2_prior_data/graph_scm_3stage_512_seed42/stage3_graph_scm_0043_seed42,multiclass,5479,0,1382,29,6,0.9978292329956585,0.9978301914682146,0.9981320958468318,1.0,0.0025798106135892502,0.5824129581451416,2.632512092590332,ok,
stage3_graph_scm_0044_seed42,/home/crc00006699/zh/tabiclv2/results/tabiclv2_prior_data/graph_scm_3stage_512_seed42/stage3_graph_scm_0044_seed42,multiclass,423,0,103,72,3,1.0,1.0,1.0,1.0,2.0786516675848625e-06,0.5152456760406494,0.5331370830535889,ok,
stage3_graph_scm_0045_seed42,/home/crc00006699/zh/tabiclv2/results/tabiclv2_prior_data/graph_scm_3stage_512_seed42/stage3_graph_scm_0045_seed42,binclass,384,0,97,63,2,0.979381443298969,0.979381443298969,0.8696236559139785,0.9946236559139785,0.04609450039660386,0.49058032035827637,0.4899160861968994,ok,
stage3_graph_scm_0046_seed42,/home/crc00006699/zh/tabiclv2/results/tabiclv2_prior_data/graph_scm_3stage_512_seed42/stage3_graph_scm_0046_seed42,multiclass,10069,0,2647,6,9,0.33698526633925197,0.26987218105812955,0.2075005444375827,0.6726357068777182,1.7664084118707006,0.4675149917602539,3.55403995513916,ok,
stage3_graph_scm_0047_seed42,/home/crc00006699/zh/tabiclv2/results/tabiclv2_prior_data/graph_scm_3stage_512_seed42/stage3_graph_scm_0047_seed42,multiclass,9481,0,2483,18,4,1.0,1.0,1.0,1.0,5.129620005178427e-05,0.699073314666748,4.1210010051727295,ok,
stage3_graph_scm_0048_seed42,/home/crc00006699/zh/tabiclv2/results/tabiclv2_prior_data/graph_scm_3stage_512_seed42/stage3_graph_scm_0048_seed42,multiclass,45815,0,12146,17,3,0.6973489214556232,0.6939116542727392,0.6382689188567566,0.8314102948776529,0.7117476706272143,1.0524215698242188,44.385404109954834,ok,
stage3_graph_scm_0049_seed42,/home/crc00006699/zh/tabiclv2/results/tabiclv2_prior_data/graph_scm_3stage_512_seed42/stage3_graph_scm_0049_seed42,binclass,1259,0,312,35,2,0.7403846153846154,0.7381068317103623,0.7319767441860465,0.8136627906976744,0.5221729737922319,0.482654333114624,0.8018882274627686,ok,
stage3_graph_scm_0050_seed42,/home/crc00006699/zh/tabiclv2/results/tabiclv2_prior_data/graph_scm_3stage_512_seed42/stage3_graph_scm_0050_seed42,binclass,3495,0,829,4,2,0.8528347406513872,0.7850965646361077,0.5,0.75823729913975,0.3574878282742508,0.3943500518798828,0.4962575435638428,ok,
stage3_graph_scm_0051_seed42,/home/crc00006699/zh/tabiclv2/results/tabiclv2_prior_data/graph_scm_3stage_512_seed42/stage3_graph_scm_0051_seed42,multiclass,1545,0,393,52,9,0.4758269720101781,0.45163787152077167,0.4466140863624829,0.902528321012372,1.164259373488337,0.5211255550384521,1.0987567901611328,ok,
stage3_graph_scm_0052_seed42,/home/crc00006699/zh/tabiclv2/results/tabiclv2_prior_data/graph_scm_3stage_512_seed42/stage3_graph_scm_0052_seed42,multiclass,19040,0,4749,11,5,0.8233312276268688,0.8168814457585797,0.649457394568117,0.9499192247985283,0.4799273152442861,0.616631031036377,9.514816045761108,ok,
stage3_graph_scm_0053_seed42,/home/crc00006699/zh/tabiclv2/results/tabiclv2_prior_data/graph_scm_3stage_512_seed42/stage3_graph_scm_0053_seed42,multiclass,2530,0,598,50,4,0.9916387959866221,0.9917668898992114,0.989338302542528,0.9996496118830889,0.026350883045707096,0.5644726753234863,1.7254247665405273,ok,
stage3_graph_scm_0054_seed42,/home/crc00006699/zh/tabiclv2/results/tabiclv2_prior_data/graph_scm_3stage_512_seed42/stage3_graph_scm_0054_seed42,multiclass,19618,0,5195,51,7,1.0,1.0,1.0,1.0,0.00011324731245504285,1.7691218852996826,16.45158553123474,ok,
stage3_graph_scm_0055_seed42,/home/crc00006699/zh/tabiclv2/results/tabiclv2_prior_data/graph_scm_3stage_512_seed42/stage3_graph_scm_0055_seed42,binclass,1280,0,331,62,2,0.6555891238670695,0.6136294309126541,0.5786019417475728,0.6913786407766991,0.6096316460933491,0.5489306449890137,1.1942129135131836,ok,
stage3_graph_scm_0056_seed42,/home/crc00006699/zh/tabiclv2/results/tabiclv2_prior_data/graph_scm_3stage_512_seed42/stage3_graph_scm_0056_seed42,multiclass,18543,0,4785,27,4,0.9105538140020899,0.9097424462368272,0.953375686895709,0.9628372945824251,0.2554932059812235,0.936901330947876,11.44749927520752,ok,
stage3_graph_scm_0057_seed42,/home/crc00006699/zh/tabiclv2/results/tabiclv2_prior_data/graph_scm_3stage_512_seed42/stage3_graph_scm_0057_seed42,multiclass,2422,0,636,84,6,0.9905660377358491,0.9905699417917854,0.973304372631827,0.9997295460403844,0.020302034374162475,0.7008042335510254,2.2456393241882324,ok,
stage3_graph_scm_0058_seed42,/home/crc00006699/zh/tabiclv2/results/tabiclv2_prior_data/graph_scm_3stage_512_seed42/stage3_graph_scm_0058_seed42,multiclass,431,0,108,42,7,0.7407407407407407,0.7264809304102158,0.6303829503829503,0.9555713721204706,0.5483469578531044,0.5593173503875732,0.7443962097167969,ok,
stage3_graph_scm_0059_seed42,/home/crc00006699/zh/tabiclv2/results/tabiclv2_prior_data/graph_scm_3stage_512_seed42/stage3_graph_scm_0059_seed42,multiclass,19692,0,5154,26,3,1.0,1.0,1.0,1.0,1.9137335977982012e-07,0.8734230995178223,12.461650371551514,ok,
stage3_graph_scm_0060_seed42,/home/crc00006699/zh/tabiclv2/results/tabiclv2_prior_data/graph_scm_3stage_512_seed42/stage3_graph_scm_0060_seed42,multiclass,1190,0,282,20,5,0.6170212765957447,0.6159242887063602,0.6162394055497504,0.8979240168506346,0.8773541658996886,0.4325253963470459,0.5805232524871826,ok,
stage3_graph_scm_0061_seed42,/home/crc00006699/zh/tabiclv2/results/tabiclv2_prior_data/graph_scm_3stage_512_seed42/stage3_graph_scm_0061_seed42,multiclass,10589,0,2639,41,3,0.9943160287987874,0.994318313834517,0.9934398980342688,0.9999477552181119,0.01279374840717108,0.8411574363708496,6.87321138381958,ok,
stage3_graph_scm_0062_seed42,/home/crc00006699/zh/tabiclv2/results/tabiclv2_prior_data/graph_scm_3stage_512_seed42/stage3_graph_scm_0062_seed42,multiclass,2820,0,697,99,7,0.994261119081779,0.9942834372572696,0.9940397499887584,0.9999899868505152,0.010347858427015546,1.397782325744629,2.8905980587005615,ok,
stage3_graph_scm_0063_seed42,/home/crc00006699/zh/tabiclv2/results/tabiclv2_prior_data/graph_scm_3stage_512_seed42/stage3_graph_scm_0063_seed42,multiclass,5929,0,1576,22,8,0.3565989847715736,0.32118746061078157,0.34688902239343494,0.7356669938298886,1.7115046483054106,0.5327732563018799,2.5940449237823486,ok,
stage3_graph_scm_0064_seed42,/home/crc00006699/zh/tabiclv2/results/tabiclv2_prior_data/graph_scm_3stage_512_seed42/stage3_graph_scm_0064_seed42,multiclass,27949,0,6681,2,6,0.8940278401436911,0.8680546190548027,0.5470343311806023,0.9771967686727446,0.251295016896897,0.46442389488220215,11.680682182312012,ok,
stage3_graph_scm_0065_seed42,/home/crc00006699/zh/tabiclv2/results/tabiclv2_prior_data/graph_scm_3stage_512_seed42/stage3_graph_scm_0065_seed42,multiclass,20283,0,5348,7,4,0.8070306656694092,0.7944447963580169,0.6795425733637448,0.9218229535066721,0.4799604573309411,1.013697862625122,10.22395944595337,ok,
stage3_graph_scm_0066_seed42,/home/crc00006699/zh/tabiclv2/results/tabiclv2_prior_data/graph_scm_3stage_512_seed42/stage3_graph_scm_0066_seed42,multiclass,14095,0,3410,52,6,1.0,1.0,1.0,1.0,1.8073668797983304e-07,1.2223098278045654,11.153672218322754,ok,
stage3_graph_scm_0067_seed42,/home/crc00006699/zh/tabiclv2/results/tabiclv2_prior_data/graph_scm_3stage_512_seed42/stage3_graph_scm_0067_seed42,multiclass,1844,0,491,18,6,0.3258655804480652,0.18657459272886243,0.2996502281807128,0.7748115065289988,1.248561565707022,0.4331784248352051,0.7941627502441406,ok,
stage3_graph_scm_0068_seed42,/home/crc00006699/zh/tabiclv2/results/tabiclv2_prior_data/graph_scm_3stage_512_seed42/stage3_graph_scm_0068_seed42,binclass,13476,0,3511,72,2,0.9994303617203076,0.9994303617203076,0.9991464166517554,0.99999951376625,0.000501150305478003,1.490248203277588,12.721008062362671,ok,
stage3_graph_scm_0069_seed42,/home/crc00006699/zh/tabiclv2/results/tabiclv2_prior_data/graph_scm_3stage_512_seed42/stage3_graph_scm_0069_seed42,multiclass,11207,0,2679,72,9,0.9992534527808884,0.9992534527808884,0.9987831188991502,0.9999995125083411,0.0019167136009989928,1.520869493484497,10.14013957977295,ok,
stage3_graph_scm_0070_seed42,/home/crc00006699/zh/tabiclv2/results/tabiclv2_prior_data/graph_scm_3stage_512_seed42/stage3_graph_scm_0070_seed42,binclass,2891,0,683,79,2,1.0,1.0,1.0,1.0,2.4094583634023066e-06,0.7507238388061523,2.5522987842559814,ok,
stage3_graph_scm_0071_seed42,/home/crc00006699/zh/tabiclv2/results/tabiclv2_prior_data/graph_scm_3stage_512_seed42/stage3_graph_scm_0071_seed42,multiclass,13827,0,3610,24,5,0.9958448753462604,0.9958377984929617,0.9658500373263212,0.9997914205637628,0.011800966321877712,0.770667314529419,7.439494371414185,ok,
stage3_graph_scm_0072_seed42,/home/crc00006699/zh/tabiclv2/results/tabiclv2_prior_data/graph_scm_3stage_512_seed42/stage3_graph_scm_0072_seed42,multiclass,636,0,153,30,4,0.8823529411764706,0.8777227903388893,0.8107703081232494,0.9840116062249707,0.2601419452366956,0.43023109436035156,0.8565800189971924,ok,
stage3_graph_scm_0073_seed42,/home/crc00006699/zh/tabiclv2/results/tabiclv2_prior_data/graph_scm_3stage_512_seed42/stage3_graph_scm_0073_seed42,multiclass,4176,0,1019,50,9,0.9833169774288518,0.9833235598618861,0.9843947045437056,0.9997916134063557,0.05327835987596334,0.6625125408172607,2.5879769325256348,ok,
stage3_graph_scm_0074_seed42,/home/crc00006699/zh/tabiclv2/results/tabiclv2_prior_data/graph_scm_3stage_512_seed42/stage3_graph_scm_0074_seed42,multiclass,1846,0,491,60,6,1.0,1.0,1.0,1.0,3.2351620604204494e-07,0.562842845916748,1.3775413036346436,ok,
stage3_graph_scm_0075_seed42,/home/crc00006699/zh/tabiclv2/results/tabiclv2_prior_data/graph_scm_3stage_512_seed42/stage3_graph_scm_0075_seed42,multiclass,1374,0,332,20,3,1.0,1.0,1.0,1.0,7.008937320771446e-07,0.423633337020874,0.5995466709136963,ok,
stage3_graph_scm_0076_seed42,/home/crc00006699/zh/tabiclv2/results/tabiclv2_prior_data/graph_scm_3stage_512_seed42/stage3_graph_scm_0076_seed42,multiclass,9257,0,2179,42,10,0.8848095456631482,0.8841710080324745,0.8635007444386886,0.9941915629107354,0.2925608339096026,0.8321261405944824,5.84438157081604,ok,
stage3_graph_scm_0077_seed42,/home/crc00006699/zh/tabiclv2/results/tabiclv2_prior_data/graph_scm_3stage_512_seed42/stage3_graph_scm_0077_seed42,multiclass,1263,0,325,77,6,1.0,1.0,1.0,1.0,5.457970507009275e-07,0.67958664894104,1.2216033935546875,ok,
stage3_graph_scm_0078_seed42,/home/crc00006699/zh/tabiclv2/results/tabiclv2_prior_data/graph_scm_3stage_512_seed42/stage3_graph_scm_0078_seed42,multiclass,33860,0,8845,23,3,0.9885811192764273,0.9885573295170262,0.9461379329431138,0.9989266362799413,0.025727012112433223,1.2000763416290283,27.959115505218506,ok,
stage3_graph_scm_0079_seed42,/home/crc00006699/zh/tabiclv2/results/tabiclv2_prior_data/graph_scm_3stage_512_seed42/stage3_graph_scm_0079_seed42,multiclass,599,0,143,50,7,0.5454545454545454,0.5044917456128293,0.34464285714285714,0.7566777602224786,1.301087298925941,0.5117754936218262,1.0938162803649902,ok,
stage3_graph_scm_0080_seed42,/home/crc00006699/zh/tabiclv2/results/tabiclv2_prior_data/graph_scm_3stage_512_seed42/stage3_graph_scm_0080_seed42,binclass,668,0,159,39,2,0.9937106918238994,0.9936713761256627,0.9838709677419355,1.0,0.011105931162677118,0.5625550746917725,0.9943780899047852,ok,
stage3_graph_scm_0081_seed42,/home/crc00006699/zh/tabiclv2/results/tabiclv2_prior_data/graph_scm_3stage_512_seed42/stage3_graph_scm_0081_seed42,multiclass,539,0,140,46,4,0.7785714285714286,0.7789534889961947,0.7537583821117293,0.9516463031598195,0.47400174501248316,0.4652597904205322,0.9034597873687744,ok,
stage3_graph_scm_0082_seed42,/home/crc00006699/zh/tabiclv2/results/tabiclv2_prior_data/graph_scm_3stage_512_seed42/stage3_graph_scm_0082_seed42,multiclass,2718,0,663,20,3,0.861236802413273,0.8583941254818369,0.7813182730105511,0.9578504112847722,0.3374778126214179,0.4549984931945801,1.0850505828857422,ok,
stage3_graph_scm_0083_seed42,/home/crc00006699/zh/tabiclv2/results/tabiclv2_prior_data/graph_scm_3stage_512_seed42/stage3_graph_scm_0083_seed42,multiclass,3297,0,813,85,3,0.8622386223862238,0.8523582854048819,0.7653975461937513,0.9519051871519805,0.3435994120852934,0.782782793045044,3.003664016723633,ok,
stage3_graph_scm_0084_seed42,/home/crc00006699/zh/tabiclv2/results/tabiclv2_prior_data/graph_scm_3stage_512_seed42/stage3_graph_scm_0084_seed42,multiclass,1047,0,277,1,5,0.49097472924187724,0.37315392189038404,0.22448979591836732,0.7326841294039794,1.0665298454879324,0.37973475456237793,0.1311337947845459,ok,
stage3_graph_scm_0085_seed42,/home/crc00006699/zh/tabiclv2/results/tabiclv2_prior_data/graph_scm_3stage_512_seed42/stage3_graph_scm_0085_seed42,multiclass,2457,0,612,49,3,0.9901960784313726,0.9901508788215985,0.9870144713474355,0.9994517161231747,0.03110515034841133,0.5560257434844971,1.5666444301605225,ok,
stage3_graph_scm_0086_seed42,/home/crc00006699/zh/tabiclv2/results/tabiclv2_prior_data/graph_scm_3stage_512_seed42/stage3_graph_scm_0086_seed42,multiclass,1877,0,489,82,3,0.9734151329243353,0.9732401200249416,0.9615347018572825,0.9978116623800037,0.07403061606689887,0.613358736038208,1.7207586765289307,ok,
stage3_graph_scm_0087_seed42,/home/crc00006699/zh/tabiclv2/results/tabiclv2_prior_data/graph_scm_3stage_512_seed42/stage3_graph_scm_0087_seed42,multiclass,2684,0,667,29,10,0.5442278860569715,0.45795926524531294,0.36881838783258664,0.8291129228145971,1.3837230994750058,0.4934985637664795,1.267676591873169,ok,
stage3_graph_scm_0088_seed42,/home/crc00006699/zh/tabiclv2/results/tabiclv2_prior_data/graph_scm_3stage_512_seed42/stage3_graph_scm_0088_seed42,binclass,1080,0,272,46,2,0.9007352941176471,0.8998889582468087,0.8913502109704641,0.979097268487675,0.18720281174049577,0.4862949848175049,0.7509105205535889,ok,
stage3_graph_scm_0089_seed42,/home/crc00006699/zh/tabiclv2/results/tabiclv2_prior_data/graph_scm_3stage_512_seed42/stage3_graph_scm_0089_seed42,multiclass,449,0,113,73,6,0.5309734513274337,0.520313255885642,0.5284023945199743,0.8447896871943166,1.185091705294974,0.5169122219085693,0.5401453971862793,ok,
stage3_graph_scm_0090_seed42,/home/crc00006699/zh/tabiclv2/results/tabiclv2_prior_data/graph_scm_3stage_512_seed42/stage3_graph_scm_0090_seed42,multiclass,14634,0,3706,77,8,0.956287101996762,0.9541110112393909,0.936347090985485,0.9986664250212975,0.06609993171470478,1.2981359958648682,14.158440113067627,ok,
stage3_graph_scm_0091_seed42,/home/crc00006699/zh/tabiclv2/results/tabiclv2_prior_data/graph_scm_3stage_512_seed42/stage3_graph_scm_0091_seed42,multiclass,909,0,223,63,7,0.6143497757847534,0.5681692871154754,0.42963258882443445,0.8857524567889284,0.92980983717742,0.6368505954742432,0.8090741634368896,ok,
stage3_graph_scm_0092_seed42,/home/crc00006699/zh/tabiclv2/results/tabiclv2_prior_data/graph_scm_3stage_512_seed42/stage3_graph_scm_0092_seed42,multiclass,23068,0,5929,40,6,0.9994940124810254,0.999494201482554,0.9992155515376794,0.9999992586033918,0.0017787056787716606,1.100904941558838,18.31561255455017,ok,
stage3_graph_scm_0093_seed42,/home/crc00006699/zh/tabiclv2/results/tabiclv2_prior_data/graph_scm_3stage_512_seed42/stage3_graph_scm_0093_seed42,binclass,1233,0,327,20,2,0.6238532110091743,0.6239024609979129,0.6241576819407009,0.6475179694519317,0.6631107840416789,0.43634557723999023,0.6019299030303955,ok,
stage3_graph_scm_0094_seed42,/home/crc00006699/zh/tabiclv2/results/tabiclv2_prior_data/graph_scm_3stage_512_seed42/stage3_graph_scm_0094_seed42,multiclass,4085,0,975,51,8,0.9907692307692307,0.99077273099431,0.9898656534438799,0.9999626230124833,0.01889410406348288,0.6559920310974121,2.58876895904541,ok,
stage3_graph_scm_0095_seed42,/home/crc00006699/zh/tabiclv2/results/tabiclv2_prior_data/graph_scm_3stage_512_seed42/stage3_graph_scm_0095_seed42,multiclass,541,0,141,96,4,0.8936170212765957,0.89429892174655,0.8772394439488553,0.9881541629090623,0.24279611457792752,0.5718944072723389,0.739957332611084,ok,
stage3_graph_scm_0096_seed42,/home/crc00006699/zh/tabiclv2/results/tabiclv2_prior_data/graph_scm_3stage_512_seed42/stage3_graph_scm_0096_seed42,multiclass,4719,0,1120,80,4,0.9875,0.9874850940654117,0.9391054738985052,0.9994491970983727,0.02968535552831373,0.8424088954925537,4.706358909606934,ok,
stage3_graph_scm_0097_seed42,/home/crc00006699/zh/tabiclv2/results/tabiclv2_prior_data/graph_scm_3stage_512_seed42/stage3_graph_scm_0097_seed42,multiclass,24590,0,6009,7,4,1.0,1.0,1.0,1.0,1.7123579477279745e-07,0.5766103267669678,13.485756397247314,ok,
stage3_graph_scm_0098_seed42,/home/crc00006699/zh/tabiclv2/results/tabiclv2_prior_data/graph_scm_3stage_512_seed42/stage3_graph_scm_0098_seed42,multiclass,45963,0,11931,14,7,0.4950129913670271,0.3670109096178146,0.17116563372689766,0.6429841921245709,1.4641390519545598,1.1038284301757812,43.67447900772095,ok,
stage3_graph_scm_0099_seed42,/home/crc00006699/zh/tabiclv2/results/tabiclv2_prior_data/graph_scm_3stage_512_seed42/stage3_graph_scm_0099_seed42,multiclass,7469,0,1863,12,7,0.40794417606011807,0.34785852016283925,0.3065479606821886,0.7346733307268994,1.5838448858448528,0.500084400177002,2.812710762023926,ok,
stage3_graph_scm_0100_seed42,/home/crc00006699/zh/tabiclv2/results/tabiclv2_prior_data/graph_scm_3stage_512_seed42/stage3_graph_scm_0100_seed42,multiclass,3080,0,740,26,9,1.0,1.0,1.0,1.0,0.00017001108806597066,0.4923830032348633,1.3928718566894531,ok,
stage3_graph_scm_0101_seed42,/home/crc00006699/zh/tabiclv2/results/tabiclv2_prior_data/graph_scm_3stage_512_seed42/stage3_graph_scm_0101_seed42,multiclass,9062,0,2196,8,6,1.0,1.0,1.0,1.0,2.38282983666668e-07,0.46247053146362305,3.2009658813476562,ok,
stage3_graph_scm_0102_seed42,/home/crc00006699/zh/tabiclv2/results/tabiclv2_prior_data/graph_scm_3stage_512_seed42/stage3_graph_scm_0102_seed42,multiclass,42743,0,11350,16,10,0.5847577092511014,0.5639332039860191,0.5283301437707291,0.9125346047653983,1.0885291488080846,1.1082067489624023,37.67758226394653,ok,
stage3_graph_scm_0103_seed42,/home/crc00006699/zh/tabiclv2/results/tabiclv2_prior_data/graph_scm_3stage_512_seed42/stage3_graph_scm_0103_seed42,multiclass,981,0,262,78,5,0.9961832061068703,0.9962205159200973,0.9957446808510639,1.0,0.010853118573145084,0.5746562480926514,1.0342605113983154,ok,
stage3_graph_scm_0104_seed42,/home/crc00006699/zh/tabiclv2/results/tabiclv2_prior_data/graph_scm_3stage_512_seed42/stage3_graph_scm_0104_seed42,multiclass,18898,0,4995,38,6,0.424024024024024,0.33622912963165036,0.3395590504967278,0.7089337853036245,1.4125839396811286,1.2680168151855469,13.695703268051147,ok,
stage3_graph_scm_0105_seed42,/home/crc00006699/zh/tabiclv2/results/tabiclv2_prior_data/graph_scm_3stage_512_seed42/stage3_graph_scm_0105_seed42,multiclass,38964,0,9359,28,10,0.5611710652847527,0.5591952322377173,0.5527801990380716,0.9221782415424065,1.1639597952972465,1.7741518020629883,35.41561818122864,ok,
stage3_graph_scm_0106_seed42,/home/crc00006699/zh/tabiclv2/results/tabiclv2_prior_data/graph_scm_3stage_512_seed42/stage3_graph_scm_0106_seed42,multiclass,1013,0,243,41,7,0.6255144032921811,0.6298251664976693,0.6349664090688198,0.9131250000411647,0.889841465266994,0.5007648468017578,1.5308308601379395,ok,
stage3_graph_scm_0107_seed42,/home/crc00006699/zh/tabiclv2/results/tabiclv2_prior_data/graph_scm_3stage_512_seed42/stage3_graph_scm_0107_seed42,multiclass,4698,0,1249,95,5,0.8206565252201762,0.8062598251482868,0.7398158673224535,0.9442395008890818,0.4816157538345534,0.9958317279815674,5.522183895111084,ok,
stage3_graph_scm_0108_seed42,/home/crc00006699/zh/tabiclv2/results/tabiclv2_prior_data/graph_scm_3stage_512_seed42/stage3_graph_scm_0108_seed42,multiclass,613,0,151,52,3,0.8675496688741722,0.8675245835841863,0.8569698559468382,0.9635953636028097,0.3372283558431113,0.4850752353668213,1.0932631492614746,ok,
stage3_graph_scm_0109_seed42,/home/crc00006699/zh/tabiclv2/results/tabiclv2_prior_data/graph_scm_3stage_512_seed42/stage3_graph_scm_0109_seed42,multiclass,22237,0,5825,49,9,0.998969957081545,0.9989700331874399,0.9991131385869719,0.9999998207571242,0.00195970260112003,1.4967479705810547,18.711222648620605,ok,
stage3_graph_scm_0110_seed42,/home/crc00006699/zh/tabiclv2/results/tabiclv2_prior_data/graph_scm_3stage_512_seed42/stage3_graph_scm_0110_seed42,multiclass,22714,0,5642,33,6,1.0,1.0,1.0,1.0,2.86476332584148e-07,1.2040235996246338,16.415257930755615,ok,
stage3_graph_scm_0111_seed42,/home/crc00006699/zh/tabiclv2/results/tabiclv2_prior_data/graph_scm_3stage_512_seed42/stage3_graph_scm_0111_seed42,multiclass,4203,0,1083,18,3,0.9307479224376731,0.9312453136350259,0.9338515122387495,0.99077187635292,0.14453183455693225,0.4470951557159424,1.684790849685669,ok,
stage3_graph_scm_0112_seed42,/home/crc00006699/zh/tabiclv2/results/tabiclv2_prior_data/graph_scm_3stage_512_seed42/stage3_graph_scm_0112_seed42,binclass,7798,0,2059,79,2,0.9941719281204469,0.9941615908796453,0.9843361159237676,0.9997322412978421,0.014204018457152653,1.1073570251464844,7.4108710289001465,ok,
stage3_graph_scm_0113_seed42,/home/crc00006699/zh/tabiclv2/results/tabiclv2_prior_data/graph_scm_3stage_512_seed42/stage3_graph_scm_0113_seed42,binclass,29217,0,6885,31,2,1.0,1.0,1.0,1.0,4.647885282673421e-07,1.2738473415374756,23.52397608757019,ok,
stage3_graph_scm_0114_seed42,/home/crc00006699/zh/tabiclv2/results/tabiclv2_prior_data/graph_scm_3stage_512_seed42/stage3_graph_scm_0114_seed42,multiclass,9633,0,2463,8,10,0.27486804709703616,0.21721490577129862,0.1648142474146766,0.6554237728886498,2.001389553258909,0.5509421825408936,3.59140944480896,ok,
stage3_graph_scm_0115_seed42,/home/crc00006699/zh/tabiclv2/results/tabiclv2_prior_data/graph_scm_3stage_512_seed42/stage3_graph_scm_0115_seed42,multiclass,39447,0,10444,28,10,0.14563385675986212,0.10044750412757703,0.1180527206496895,0.5516942242156204,2.2758787243233978,1.6754040718078613,36.97612452507019,ok,
stage3_graph_scm_0116_seed42,/home/crc00006699/zh/tabiclv2/results/tabiclv2_prior_data/graph_scm_3stage_512_seed42/stage3_graph_scm_0116_seed42,multiclass,11641,0,2870,4,5,1.0,1.0,1.0,1.0,5.0650203373588306e-05,0.40373945236206055,4.194274663925171,ok,
stage3_graph_scm_0117_seed42,/home/crc00006699/zh/tabiclv2/results/tabiclv2_prior_data/graph_scm_3stage_512_seed42/stage3_graph_scm_0117_seed42,multiclass,1384,0,333,86,3,0.993993993993994,0.993993993993994,0.984804469273743,0.9996556144042178,0.01905647057533631,0.5974671840667725,1.4135162830352783,ok,
stage3_graph_scm_0118_seed42,/home/crc00006699/zh/tabiclv2/results/tabiclv2_prior_data/graph_scm_3stage_512_seed42/stage3_graph_scm_0118_seed42,multiclass,13839,0,3261,69,6,1.0,1.0,1.0,1.0,3.2019452982771263e-07,1.5062463283538818,12.394859552383423,ok,
stage3_graph_scm_0119_seed42,/home/crc00006699/zh/tabiclv2/results/tabiclv2_prior_data/graph_scm_3stage_512_seed42/stage3_graph_scm_0119_seed42,multiclass,3554,0,944,89,6,0.7425847457627118,0.741671525313302,0.7315824969783127,0.9535144457161561,0.6731956337534146,0.8054511547088623,3.8474361896514893,ok,
stage3_graph_scm_0120_seed42,/home/crc00006699/zh/tabiclv2/results/tabiclv2_prior_data/graph_scm_3stage_512_seed42/stage3_graph_scm_0120_seed42,multiclass,7241,0,1902,41,9,0.43690851735015773,0.3995860873432612,0.39644093957527915,0.8178622057233246,1.3916926616585308,0.7001867294311523,4.224311113357544,ok,
stage3_graph_scm_0121_seed42,/home/crc00006699/zh/tabiclv2/results/tabiclv2_prior_data/graph_scm_3stage_512_seed42/stage3_graph_scm_0121_seed42,binclass,372,0,90,38,2,1.0,1.0,1.0,1.0,1.9914605862381745e-06,0.43607616424560547,0.6572766304016113,ok,
stage3_graph_scm_0122_seed42,/home/crc00006699/zh/tabiclv2/results/tabiclv2_prior_data/graph_scm_3stage_512_seed42/stage3_graph_scm_0122_seed42,multiclass,4145,0,1029,61,9,0.7035957240038873,0.6692619153309468,0.5226623489265388,0.934342883736952,0.7911991080422855,0.8086495399475098,2.955136775970459,ok,
stage3_graph_scm_0123_seed42,/home/crc00006699/zh/tabiclv2/results/tabiclv2_prior_data/graph_scm_3stage_512_seed42/stage3_graph_scm_0123_seed42,multiclass,35120,0,8289,16,9,0.5015080226806611,0.4819412575917278,0.47538659907451625,0.8612455633858724,1.417847077378745,1.0068628787994385,26.290533781051636,ok,
stage3_graph_scm_0124_seed42,/home/crc00006699/zh/tabiclv2/results/tabiclv2_prior_data/graph_scm_3stage_512_seed42/stage3_graph_scm_0124_seed42,multiclass,29338,0,7407,4,3,0.6466855677062239,0.6061356523211525,0.4805903787721814,0.7431623094821056,0.8031675300841992,0.5054218769073486,13.705570697784424,ok,
stage3_graph_scm_0125_seed42,/home/crc00006699/zh/tabiclv2/results/tabiclv2_prior_data/graph_scm_3stage_512_seed42/stage3_graph_scm_0125_seed42,multiclass,2311,0,578,56,8,0.9930795847750865,0.9930885963104616,0.9910273380931085,0.9999641591946482,0.016960540059357977,0.720151424407959,1.6412920951843262,ok,
stage3_graph_scm_0126_seed42,/home/crc00006699/zh/tabiclv2/results/tabiclv2_prior_data/graph_scm_3stage_512_seed42/stage3_graph_scm_0126_seed42,multiclass,422,0,106,61,7,1.0,1.0,1.0,1.0,3.049406248689433e-06,0.45663881301879883,0.5047872066497803,ok,
stage3_graph_scm_0127_seed42,/home/crc00006699/zh/tabiclv2/results/tabiclv2_prior_data/graph_scm_3stage_512_seed42/stage3_graph_scm_0127_seed42,multiclass,33612,0,8047,10,7,0.6480676028333541,0.6320876857508797,0.4696763517432748,0.8944350980138378,0.9086372793714654,0.7403056621551514,23.353856563568115,ok,
stage3_graph_scm_0128_seed42,/home/crc00006699/zh/tabiclv2/results/tabiclv2_prior_data/graph_scm_3stage_512_seed42/stage3_graph_scm_0128_seed42,multiclass,6750,0,1779,85,10,0.5334457560427206,0.5262995112438884,0.4781096353065144,0.894161513730326,1.3111337151209996,1.1062538623809814,6.958889484405518,ok,
stage3_graph_scm_0129_seed42,/home/crc00006699/zh/tabiclv2/results/tabiclv2_prior_data/graph_scm_3stage_512_seed42/stage3_graph_scm_0129_seed42,multiclass,31864,0,8399,6,10,0.48005714966067387,0.47247588137265767,0.4057660726496196,0.8268319454794797,1.4434436138698277,0.5596966743469238,20.63331937789917,ok,
stage3_graph_scm_0130_seed42,/home/crc00006699/zh/tabiclv2/results/tabiclv2_prior_data/graph_scm_3stage_512_seed42/stage3_graph_scm_0130_seed42,binclass,805,0,212,18,2,0.9952830188679245,0.9952908309488996,0.9964285714285714,1.0,0.012938984597726449,0.38214993476867676,0.8313379287719727,ok,
stage3_graph_scm_0131_seed42,/home/crc00006699/zh/tabiclv2/results/tabiclv2_prior_data/graph_scm_3stage_512_seed42/stage3_graph_scm_0131_seed42,multiclass,1254,0,310,7,3,0.6161290322580645,0.594969482088327,0.5375662756268778,0.7717815451824052,0.8550786940172954,0.35892772674560547,0.44112372398376465,ok,
stage3_graph_scm_0132_seed42,/home/crc00006699/zh/tabiclv2/results/tabiclv2_prior_data/graph_scm_3stage_512_seed42/stage3_graph_scm_0132_seed42,multiclass,8787,0,2283,31,7,0.513359614542269,0.4123191494805375,0.1851624765198466,0.7363311345976522,1.3206331566268488,0.6710786819458008,4.600374698638916,ok,
stage3_graph_scm_0133_seed42,/home/crc00006699/zh/tabiclv2/results/tabiclv2_prior_data/graph_scm_3stage_512_seed42/stage3_graph_scm_0133_seed42,multiclass,599,0,151,37,5,0.695364238410596,0.6931331232071395,0.5759821428571428,0.8846650529558733,0.7407161033908213,0.42376232147216797,0.919748067855835,ok,
stage3_graph_scm_0134_seed42,/home/crc00006699/zh/tabiclv2/results/tabiclv2_prior_data/graph_scm_3stage_512_seed42/stage3_graph_scm_0134_seed42,multiclass,21636,0,5649,20,3,0.7346432996990618,0.726602050085549,0.7019971019225587,0.8502584554051386,0.638549080462505,0.8292045593261719,13.156003713607788,ok,
stage3_graph_scm_0135_seed42,/home/crc00006699/zh/tabiclv2/results/tabiclv2_prior_data/graph_scm_3stage_512_seed42/stage3_graph_scm_0135_seed42,multiclass,6874,0,1650,66,8,0.9466666666666667,0.9467352137570594,0.9433280390172728,0.9980913318584279,0.14520261812155127,0.7874443531036377,5.9747138023376465,ok,
stage3_graph_scm_0136_seed42,/home/crc00006699/zh/tabiclv2/results/tabiclv2_prior_data/graph_scm_3stage_512_seed42/stage3_graph_scm_0136_seed42,multiclass,3740,0,880,56,5,0.41818181818181815,0.2772683591480094,0.23845386273020225,0.5853941323422979,1.424745085959393,0.6310269832611084,2.52886962890625,ok,
stage3_graph_scm_0137_seed42,/home/crc00006699/zh/tabiclv2/results/tabiclv2_prior_data/graph_scm_3stage_512_seed42/stage3_graph_scm_0137_seed42,multiclass,6014,0,1563,43,7,0.9001919385796545,0.9002147251101618,0.8908612155191188,0.9928525154265182,0.2772023919116287,0.6506950855255127,3.504957914352417,ok,
stage3_graph_scm_0138_seed42,/home/crc00006699/zh/tabiclv2/results/tabiclv2_prior_data/graph_scm_3stage_512_seed42/stage3_graph_scm_0138_seed42,multiclass,31206,0,7735,36,3,0.9824175824175824,0.9823333770705378,0.9730655495822867,0.9989834749267138,0.04495830835425158,1.5116052627563477,27.097017526626587,ok,
stage3_graph_scm_0139_seed42,/home/crc00006699/zh/tabiclv2/results/tabiclv2_prior_data/graph_scm_3stage_512_seed42/stage3_graph_scm_0139_seed42,binclass,8882,0,2272,67,2,1.0,1.0,1.0,1.0,5.58242911717903e-07,1.0262012481689453,7.705838918685913,ok,
stage3_graph_scm_0140_seed42,/home/crc00006699/zh/tabiclv2/results/tabiclv2_prior_data/graph_scm_3stage_512_seed42/stage3_graph_scm_0140_seed42,multiclass,30670,0,7781,9,4,0.40778820203058735,0.39848931959796835,0.3994063333730405,0.6683644352691782,1.2750997194189535,0.6812069416046143,20.717601537704468,ok,
stage3_graph_scm_0141_seed42,/home/crc00006699/zh/tabiclv2/results/tabiclv2_prior_data/graph_scm_3stage_512_seed42/stage3_graph_scm_0141_seed42,multiclass,11478,0,2955,65,5,0.5120135363790186,0.4715038259522231,0.3734507934945582,0.7766323795615466,1.1366507338091305,1.1896498203277588,10.123656511306763,ok,
stage3_graph_scm_0142_seed42,/home/crc00006699/zh/tabiclv2/results/tabiclv2_prior_data/graph_scm_3stage_512_seed42/stage3_graph_scm_0142_seed42,multiclass,23870,0,6151,20,10,0.9959356202243538,0.9959350909966153,0.9956425342985025,0.9999765756769732,0.013716752502335283,0.9332582950592041,15.31801700592041,ok,
stage3_graph_scm_0143_seed42,/home/crc00006699/zh/tabiclv2/results/tabiclv2_prior_data/graph_scm_3stage_512_seed42/stage3_graph_scm_0143_seed42,multiclass,15114,0,3814,12,4,0.7716308337703198,0.7673368135417526,0.7348844929613036,0.9225427842083236,0.5766219665596832,0.574291467666626,6.987622976303101,ok,
stage3_graph_scm_0144_seed42,/home/crc00006699/zh/tabiclv2/results/tabiclv2_prior_data/graph_scm_3stage_512_seed42/stage3_graph_scm_0144_seed42,multiclass,468,0,125,88,3,1.0,1.0,1.0,1.0,0.006186198135968392,0.5143194198608398,0.8450174331665039,ok,
stage3_graph_scm_0145_seed42,/home/crc00006699/zh/tabiclv2/results/tabiclv2_prior_data/graph_scm_3stage_512_seed42/stage3_graph_scm_0145_seed42,multiclass,1424,0,349,76,7,0.9914040114613181,0.9914310326010765,0.9922025413939161,1.0,0.016095684571016032,0.5493998527526855,1.2850897312164307,ok,
stage3_graph_scm_0146_seed42,/home/crc00006699/zh/tabiclv2/results/tabiclv2_prior_data/graph_scm_3stage_512_seed42/stage3_graph_scm_0146_seed42,multiclass,17416,0,4248,1,10,0.17184557438794726,0.05040067067223846,0.1,0.5370717842539081,2.2411022829336553,0.3639647960662842,4.543352365493774,ok,
stage3_graph_scm_0147_seed42,/home/crc00006699/zh/tabiclv2/results/tabiclv2_prior_data/graph_scm_3stage_512_seed42/stage3_graph_scm_0147_seed42,multiclass,11514,0,2875,49,7,0.9975652173913043,0.9975568117129344,0.9968163966617575,0.9999875818764504,0.0069426008167644115,1.008955478668213,8.36702847480774,ok,
stage3_graph_scm_0148_seed42,/home/crc00006699/zh/tabiclv2/results/tabiclv2_prior_data/graph_scm_3stage_512_seed42/stage3_graph_scm_0148_seed42,binclass,328,0,86,71,2,1.0,1.0,1.0,1.0,4.5369166344456525e-06,0.4831857681274414,0.519803524017334,ok,
stage3_graph_scm_0149_seed42,/home/crc00006699/zh/tabiclv2/results/tabiclv2_prior_data/graph_scm_3stage_512_seed42/stage3_graph_scm_0149_seed42,multiclass,1467,0,369,36,9,0.27100271002710025,0.1619229361324753,0.218881626724764,0.6081176671300929,1.8439713450046633,0.4264085292816162,0.7992215156555176,ok,
stage3_graph_scm_0150_seed42,/home/crc00006699/zh/tabiclv2/results/tabiclv2_prior_data/graph_scm_3stage_512_seed42/stage3_graph_scm_0150_seed42,binclass,3973,0,1000,58,2,1.0,1.0,1.0,1.0,0.001127454196076073,0.6251208782196045,2.778425693511963,ok,
stage3_graph_scm_0151_seed42,/home/crc00006699/zh/tabiclv2/results/tabiclv2_prior_data/graph_scm_3stage_512_seed42/stage3_graph_scm_0151_seed42,multiclass,15238,0,3710,15,9,0.8504043126684636,0.8504088700193373,0.8471348226149369,0.9889554314793537,0.3708362289062674,0.6191551685333252,7.266528606414795,ok,
stage3_graph_scm_0152_seed42,/home/crc00006699/zh/tabiclv2/results/tabiclv2_prior_data/graph_scm_3stage_512_seed42/stage3_graph_scm_0152_seed42,multiclass,1267,0,337,59,3,0.5459940652818991,0.5399561659635277,0.484375,0.7333326740042666,0.8769908298651284,0.5005216598510742,1.0479564666748047,ok,
stage3_graph_scm_0153_seed42,/home/crc00006699/zh/tabiclv2/results/tabiclv2_prior_data/graph_scm_3stage_512_seed42/stage3_graph_scm_0153_seed42,multiclass,15830,0,3865,23,10,0.9979301423027167,0.997935971267552,0.9975533091863952,0.9999936762526582,0.005768928427610751,0.737980842590332,8.652608394622803,ok,
stage3_graph_scm_0154_seed42,/home/crc00006699/zh/tabiclv2/results/tabiclv2_prior_data/graph_scm_3stage_512_seed42/stage3_graph_scm_0154_seed42,binclass,925,0,223,30,2,0.9596412556053812,0.9607932798585233,0.9512759170653908,0.9889952153110048,0.09959152428600367,0.4233129024505615,1.1637029647827148,ok,
stage3_graph_scm_0155_seed42,/home/crc00006699/zh/tabiclv2/results/tabiclv2_prior_data/graph_scm_3stage_512_seed42/stage3_graph_scm_0155_seed42,binclass,882,0,233,46,2,0.9313304721030042,0.9313862515157104,0.9321544835750222,0.98409292690145,0.16795294538617148,0.44814205169677734,1.3905744552612305,ok,
stage3_graph_scm_0156_seed42,/home/crc00006699/zh/tabiclv2/results/tabiclv2_prior_data/graph_scm_3stage_512_seed42/stage3_graph_scm_0156_seed42,multiclass,323,0,77,78,3,1.0,1.0,1.0,1.0,2.196102281746756e-06,0.4893805980682373,0.5006239414215088,ok,
stage3_graph_scm_0157_seed42,/home/crc00006699/zh/tabiclv2/results/tabiclv2_prior_data/graph_scm_3stage_512_seed42/stage3_graph_scm_0157_seed42,multiclass,483,0,129,54,3,0.9224806201550387,0.9220832204279817,0.8950953373215925,0.9944474749059006,0.1256314700095356,0.4428386688232422,0.8990802764892578,ok,
stage3_graph_scm_0158_seed42,/home/crc00006699/zh/tabiclv2/results/tabiclv2_prior_data/graph_scm_3stage_512_seed42/stage3_graph_scm_0158_seed42,multiclass,821,0,204,27,3,1.0,1.0,1.0,1.0,4.175248327556291e-07,0.7210900783538818,0.9518811702728271,ok,
stage3_graph_scm_0159_seed42,/home/crc00006699/zh/tabiclv2/results/tabiclv2_prior_data/graph_scm_3stage_512_seed42/stage3_graph_scm_0159_seed42,binclass,460,0,120,46,2,0.9166666666666666,0.9162387999597301,0.9055023923444976,0.9733851674641149,0.20313048098246084,0.5579972267150879,0.8007128238677979,ok,
stage3_graph_scm_0160_seed42,/home/crc00006699/zh/tabiclv2/results/tabiclv2_prior_data/graph_scm_3stage_512_seed42/stage3_graph_scm_0160_seed42,binclass,546,0,143,77,2,0.993006993006993,0.9934939612358967,0.9964285714285714,0.9976190476190476,0.022313979429355733,0.503284215927124,0.6561861038208008,ok,
stage3_graph_scm_0161_seed42,/home/crc00006699/zh/tabiclv2/results/tabiclv2_prior_data/graph_scm_3stage_512_seed42/stage3_graph_scm_0161_seed42,multiclass,4560,0,1122,88,5,0.9955436720142602,0.995531805302295,0.9937893956247683,0.9999955552550747,0.00937419494649614,0.8912010192871094,4.849688291549683,ok,
stage3_graph_scm_0162_seed42,/home/crc00006699/zh/tabiclv2/results/tabiclv2_prior_data/graph_scm_3stage_512_seed42/stage3_graph_scm_0162_seed42,multiclass,338,0,90,55,5,0.9333333333333333,0.9329881275003227,0.9411371237458195,0.9971126914429196,0.20556123420019437,0.4391655921936035,0.7434451580047607,ok,
stage3_graph_scm_0163_seed42,/home/crc00006699/zh/tabiclv2/results/tabiclv2_prior_data/graph_scm_3stage_512_seed42/stage3_graph_scm_0163_seed42,multiclass,2360,0,575,83,4,0.9234782608695652,0.9234588055612761,0.9139137456465566,0.9900644392619926,0.20880186168496256,0.6664304733276367,2.1195483207702637,ok,
stage3_graph_scm_0164_seed42,/home/crc00006699/zh/tabiclv2/results/tabiclv2_prior_data/graph_scm_3stage_512_seed42/stage3_graph_scm_0164_seed42,multiclass,38226,0,9994,2,7,0.18951370822493496,0.10082409277586077,0.16143781332930132,0.5335643776080208,1.9307694432598255,0.4437868595123291,23.588932514190674,ok,
stage3_graph_scm_0165_seed42,/home/crc00006699/zh/tabiclv2/results/tabiclv2_prior_data/graph_scm_3stage_512_seed42/stage3_graph_scm_0165_seed42,multiclass,7349,0,1757,48,7,0.7472965281730222,0.715466585995702,0.5747499400447437,0.9601129030479862,0.575146390003681,0.7302677631378174,5.0783960819244385,ok,
stage3_graph_scm_0166_seed42,/home/crc00006699/zh/tabiclv2/results/tabiclv2_prior_data/graph_scm_3stage_512_seed42/stage3_graph_scm_0166_seed42,multiclass,2761,0,697,97,5,1.0,1.0,1.0,1.0,5.144673430948371e-07,0.7416689395904541,2.77734112739563,ok,
stage3_graph_scm_0167_seed42,/home/crc00006699/zh/tabiclv2/results/tabiclv2_prior_data/graph_scm_3stage_512_seed42/stage3_graph_scm_0167_seed42,binclass,4328,0,1150,42,2,0.8173913043478261,0.7708164469801299,0.54531944215896,0.6976869754813231,0.4384247641778948,0.741530179977417,2.4535181522369385,ok,
stage3_graph_scm_0168_seed42,/home/crc00006699/zh/tabiclv2/results/tabiclv2_prior_data/graph_scm_3stage_512_seed42/stage3_graph_scm_0168_seed42,multiclass,40897,0,10289,16,3,0.9850325590436388,0.9850365272796062,0.9850694545040687,0.9995668698349393,0.03545574840717015,1.0389809608459473,34.697930097579956,ok,
stage3_graph_scm_0169_seed42,/home/crc00006699/zh/tabiclv2/results/tabiclv2_prior_data/graph_scm_3stage_512_seed42/stage3_graph_scm_0169_seed42,multiclass,31752,0,7621,19,3,0.9839916021519486,0.9835303560713412,0.9525476468300272,0.9965412311123151,0.05155860760428389,1.070913314819336,23.477083683013916,ok,
