dataset,model,method,metric,n,mean,std,min,max,source_path
data184,TabICLv2,Infer,accuracy,184,0.855980781727776,0.12595158521116068,0.403183023872679,1.0,/Users/zhuhao/experiment/second_learning/tabiclv2_test/results/tabicl/v2/infer_baseline/seed_sweep_20260702_151902/seed2026/all_classification_results.csv
data184,TabICLv2,Infer,balanced_accuracy,184,0.7816109614753697,0.17029783314664704,0.1428571428571428,1.0,/Users/zhuhao/experiment/second_learning/tabiclv2_test/results/tabicl/v2/infer_baseline/seed_sweep_20260702_151902/seed2026/all_classification_results.csv
data184,TabICLv2,Infer,coverage_adaptation_applied,1,0.0,0.0,0.0,0.0,/Users/zhuhao/experiment/second_learning/tabiclv2_test/results/tabicl/v2/infer_baseline/seed_sweep_20260702_151902/seed2026/all_classification_results.csv
data184,TabICLv2,Infer,coverage_failed,1,0.0,0.0,0.0,0.0,/Users/zhuhao/experiment/second_learning/tabiclv2_test/results/tabicl/v2/infer_baseline/seed_sweep_20260702_151902/seed2026/all_classification_results.csv
data184,TabICLv2,Infer,coverage_fallback,1,0.0,0.0,0.0,0.0,/Users/zhuhao/experiment/second_learning/tabiclv2_test/results/tabicl/v2/infer_baseline/seed_sweep_20260702_151902/seed2026/all_classification_results.csv
data184,TabICLv2,Infer,coverage_result_rows,1,184.0,0.0,184.0,184.0,/Users/zhuhao/experiment/second_learning/tabiclv2_test/results/tabicl/v2/infer_baseline/seed_sweep_20260702_151902/seed2026/all_classification_results.csv
data184,TabICLv2,Infer,coverage_status_ok,1,184.0,0.0,184.0,184.0,/Users/zhuhao/experiment/second_learning/tabiclv2_test/results/tabicl/v2/infer_baseline/seed_sweep_20260702_151902/seed2026/all_classification_results.csv
data184,TabICLv2,Infer,f1,184,0.847821457399531,0.13556501060011114,0.2316968605998004,1.0,/Users/zhuhao/experiment/second_learning/tabiclv2_test/results/tabicl/v2/infer_baseline/seed_sweep_20260702_151902/seed2026/all_classification_results.csv
data184,TabICLv2,Infer,fit_seconds,184,0.5572538077831268,0.31401346002428304,0.349747896194458,2.5492498874664307,/Users/zhuhao/experiment/second_learning/tabiclv2_test/results/tabicl/v2/infer_baseline/seed_sweep_20260702_151902/seed2026/all_classification_results.csv
data184,TabICLv2,Infer,log_loss,184,0.3221235380640994,0.27103377411346274,6.781481732274945e-07,1.5124260275679522,/Users/zhuhao/experiment/second_learning/tabiclv2_test/results/tabicl/v2/infer_baseline/seed_sweep_20260702_151902/seed2026/all_classification_results.csv
data184,TabICLv2,Infer,predict_seconds,184,10.95925714140353,34.01069510518201,0.1726157665252685,264.2149729728699,/Users/zhuhao/experiment/second_learning/tabiclv2_test/results/tabicl/v2/infer_baseline/seed_sweep_20260702_151902/seed2026/all_classification_results.csv
data184,TabICLv2,Infer,roc_auc,184,0.9039119540590761,0.1034812424866686,0.5000013498071985,1.0,/Users/zhuhao/experiment/second_learning/tabiclv2_test/results/tabicl/v2/infer_baseline/seed_sweep_20260702_151902/seed2026/all_classification_results.csv
data184,TabICLv2,FT,accuracy,184,0.8584201794310193,0.12600094936456757,0.403183023872679,1.0,/Users/zhuhao/experiment/second_learning/tabiclv2_test/results/tabicl/v2/ft/seed_sweep_20260702_151902/seed2028/all_classification_results.csv;/Users/zhuhao/experiment/second_learning/tabiclv2_test/results/tabicl/v2/ft/seed_sweep_20260702_151902/seed3/all_classification_results.csv;/Users/zhuhao/experiment/second_learning/tabiclv2_test/results/tabicl/v2/ft/seed_sweep_20260702_151902/seed2025/all_classification_results.csv
data184,TabICLv2,FT,balanced_accuracy,184,0.7853483551561447,0.17038497456166338,0.1428571428571428,1.0,/Users/zhuhao/experiment/second_learning/tabiclv2_test/results/tabicl/v2/ft/seed_sweep_20260702_151902/seed2028/all_classification_results.csv;/Users/zhuhao/experiment/second_learning/tabiclv2_test/results/tabicl/v2/ft/seed_sweep_20260702_151902/seed3/all_classification_results.csv;/Users/zhuhao/experiment/second_learning/tabiclv2_test/results/tabicl/v2/ft/seed_sweep_20260702_151902/seed2025/all_classification_results.csv
data184,TabICLv2,FT,coverage_adaptation_applied,1,184.0,0.0,184.0,184.0,/Users/zhuhao/experiment/second_learning/tabiclv2_test/results/tabicl/v2/ft/seed_sweep_20260702_151902/seed2028/all_classification_results.csv;/Users/zhuhao/experiment/second_learning/tabiclv2_test/results/tabicl/v2/ft/seed_sweep_20260702_151902/seed3/all_classification_results.csv;/Users/zhuhao/experiment/second_learning/tabiclv2_test/results/tabicl/v2/ft/seed_sweep_20260702_151902/seed2025/all_classification_results.csv
data184,TabICLv2,FT,coverage_failed,1,0.0,0.0,0.0,0.0,/Users/zhuhao/experiment/second_learning/tabiclv2_test/results/tabicl/v2/ft/seed_sweep_20260702_151902/seed2028/all_classification_results.csv;/Users/zhuhao/experiment/second_learning/tabiclv2_test/results/tabicl/v2/ft/seed_sweep_20260702_151902/seed3/all_classification_results.csv;/Users/zhuhao/experiment/second_learning/tabiclv2_test/results/tabicl/v2/ft/seed_sweep_20260702_151902/seed2025/all_classification_results.csv
data184,TabICLv2,FT,coverage_fallback,1,0.0,0.0,0.0,0.0,/Users/zhuhao/experiment/second_learning/tabiclv2_test/results/tabicl/v2/ft/seed_sweep_20260702_151902/seed2028/all_classification_results.csv;/Users/zhuhao/experiment/second_learning/tabiclv2_test/results/tabicl/v2/ft/seed_sweep_20260702_151902/seed3/all_classification_results.csv;/Users/zhuhao/experiment/second_learning/tabiclv2_test/results/tabicl/v2/ft/seed_sweep_20260702_151902/seed2025/all_classification_results.csv
data184,TabICLv2,FT,coverage_result_rows,1,184.0,0.0,184.0,184.0,/Users/zhuhao/experiment/second_learning/tabiclv2_test/results/tabicl/v2/ft/seed_sweep_20260702_151902/seed2028/all_classification_results.csv;/Users/zhuhao/experiment/second_learning/tabiclv2_test/results/tabicl/v2/ft/seed_sweep_20260702_151902/seed3/all_classification_results.csv;/Users/zhuhao/experiment/second_learning/tabiclv2_test/results/tabicl/v2/ft/seed_sweep_20260702_151902/seed2025/all_classification_results.csv
data184,TabICLv2,FT,coverage_status_ok,1,184.0,0.0,184.0,184.0,/Users/zhuhao/experiment/second_learning/tabiclv2_test/results/tabicl/v2/ft/seed_sweep_20260702_151902/seed2028/all_classification_results.csv;/Users/zhuhao/experiment/second_learning/tabiclv2_test/results/tabicl/v2/ft/seed_sweep_20260702_151902/seed3/all_classification_results.csv;/Users/zhuhao/experiment/second_learning/tabiclv2_test/results/tabicl/v2/ft/seed_sweep_20260702_151902/seed2025/all_classification_results.csv
data184,TabICLv2,FT,f1,184,0.8505016556608211,0.1359244782137832,0.2316968605998004,1.0,/Users/zhuhao/experiment/second_learning/tabiclv2_test/results/tabicl/v2/ft/seed_sweep_20260702_151902/seed2028/all_classification_results.csv;/Users/zhuhao/experiment/second_learning/tabiclv2_test/results/tabicl/v2/ft/seed_sweep_20260702_151902/seed3/all_classification_results.csv;/Users/zhuhao/experiment/second_learning/tabiclv2_test/results/tabicl/v2/ft/seed_sweep_20260702_151902/seed2025/all_classification_results.csv
data184,TabICLv2,FT,fit_seconds,184,26.482018719116844,52.9379939645668,3.0530807971954346,411.29019776980084,/Users/zhuhao/experiment/second_learning/tabiclv2_test/results/tabicl/v2/ft/seed_sweep_20260702_151902/seed2028/all_classification_results.csv;/Users/zhuhao/experiment/second_learning/tabiclv2_test/results/tabicl/v2/ft/seed_sweep_20260702_151902/seed3/all_classification_results.csv;/Users/zhuhao/experiment/second_learning/tabiclv2_test/results/tabicl/v2/ft/seed_sweep_20260702_151902/seed2025/all_classification_results.csv
data184,TabICLv2,FT,log_loss,184,0.317202043506888,0.2709745679209084,6.994787505896456e-07,1.5120344114452962,/Users/zhuhao/experiment/second_learning/tabiclv2_test/results/tabicl/v2/ft/seed_sweep_20260702_151902/seed2028/all_classification_results.csv;/Users/zhuhao/experiment/second_learning/tabiclv2_test/results/tabicl/v2/ft/seed_sweep_20260702_151902/seed3/all_classification_results.csv;/Users/zhuhao/experiment/second_learning/tabiclv2_test/results/tabicl/v2/ft/seed_sweep_20260702_151902/seed2025/all_classification_results.csv
data184,TabICLv2,FT,predict_seconds,184,10.977418115173561,34.30539692860997,0.16902176539103186,266.0753430525462,/Users/zhuhao/experiment/second_learning/tabiclv2_test/results/tabicl/v2/ft/seed_sweep_20260702_151902/seed2028/all_classification_results.csv;/Users/zhuhao/experiment/second_learning/tabiclv2_test/results/tabicl/v2/ft/seed_sweep_20260702_151902/seed3/all_classification_results.csv;/Users/zhuhao/experiment/second_learning/tabiclv2_test/results/tabicl/v2/ft/seed_sweep_20260702_151902/seed2025/all_classification_results.csv
data184,TabICLv2,FT,roc_auc,184,0.905662928185033,0.10304821894409631,0.5001712619012092,1.0,/Users/zhuhao/experiment/second_learning/tabiclv2_test/results/tabicl/v2/ft/seed_sweep_20260702_151902/seed2028/all_classification_results.csv;/Users/zhuhao/experiment/second_learning/tabiclv2_test/results/tabicl/v2/ft/seed_sweep_20260702_151902/seed3/all_classification_results.csv;/Users/zhuhao/experiment/second_learning/tabiclv2_test/results/tabicl/v2/ft/seed_sweep_20260702_151902/seed2025/all_classification_results.csv
data184,TabICLv2,FT,ttt_applied,184,1.0,0.0,1.0,1.0,/Users/zhuhao/experiment/second_learning/tabiclv2_test/results/tabicl/v2/ft/seed_sweep_20260702_151902/seed2028/all_classification_results.csv;/Users/zhuhao/experiment/second_learning/tabiclv2_test/results/tabicl/v2/ft/seed_sweep_20260702_151902/seed3/all_classification_results.csv;/Users/zhuhao/experiment/second_learning/tabiclv2_test/results/tabicl/v2/ft/seed_sweep_20260702_151902/seed2025/all_classification_results.csv
data184,TabICLv2,FT,ttt_loss,184,0.3364017512923578,0.2791483357627148,1.2675740871751866e-06,1.4991105794906616,/Users/zhuhao/experiment/second_learning/tabiclv2_test/results/tabicl/v2/ft/seed_sweep_20260702_151902/seed2028/all_classification_results.csv;/Users/zhuhao/experiment/second_learning/tabiclv2_test/results/tabicl/v2/ft/seed_sweep_20260702_151902/seed3/all_classification_results.csv;/Users/zhuhao/experiment/second_learning/tabiclv2_test/results/tabicl/v2/ft/seed_sweep_20260702_151902/seed2025/all_classification_results.csv
data184,TabICLv2,FT,ttt_oom_fallback,184,0.0,0.0,0.0,0.0,/Users/zhuhao/experiment/second_learning/tabiclv2_test/results/tabicl/v2/ft/seed_sweep_20260702_151902/seed2028/all_classification_results.csv;/Users/zhuhao/experiment/second_learning/tabiclv2_test/results/tabicl/v2/ft/seed_sweep_20260702_151902/seed3/all_classification_results.csv;/Users/zhuhao/experiment/second_learning/tabiclv2_test/results/tabicl/v2/ft/seed_sweep_20260702_151902/seed2025/all_classification_results.csv
data184,TabICLv2,FT,ttt_stopped_early,184,0.9547101449275361,0.18701512634009906,0.0,1.0,/Users/zhuhao/experiment/second_learning/tabiclv2_test/results/tabicl/v2/ft/seed_sweep_20260702_151902/seed2028/all_classification_results.csv;/Users/zhuhao/experiment/second_learning/tabiclv2_test/results/tabicl/v2/ft/seed_sweep_20260702_151902/seed3/all_classification_results.csv;/Users/zhuhao/experiment/second_learning/tabiclv2_test/results/tabicl/v2/ft/seed_sweep_20260702_151902/seed2025/all_classification_results.csv
data184,TabICLv2,FT,ttt_update_seconds,184,26.284039756958038,52.65947880461173,3.0193609396616616,409.25674589474994,/Users/zhuhao/experiment/second_learning/tabiclv2_test/results/tabicl/v2/ft/seed_sweep_20260702_151902/seed2028/all_classification_results.csv;/Users/zhuhao/experiment/second_learning/tabiclv2_test/results/tabicl/v2/ft/seed_sweep_20260702_151902/seed3/all_classification_results.csv;/Users/zhuhao/experiment/second_learning/tabiclv2_test/results/tabicl/v2/ft/seed_sweep_20260702_151902/seed2025/all_classification_results.csv
data184,TabICLv2,FT,ttt_val_baseline_accuracy,184,0.8504683962565953,0.12701430534960897,0.40397350993377473,1.0,/Users/zhuhao/experiment/second_learning/tabiclv2_test/results/tabicl/v2/ft/seed_sweep_20260702_151902/seed2028/all_classification_results.csv;/Users/zhuhao/experiment/second_learning/tabiclv2_test/results/tabicl/v2/ft/seed_sweep_20260702_151902/seed3/all_classification_results.csv;/Users/zhuhao/experiment/second_learning/tabiclv2_test/results/tabicl/v2/ft/seed_sweep_20260702_151902/seed2025/all_classification_results.csv
data184,TabICLv2,FT,ttt_val_best_accuracy,184,0.8591123477229222,0.12465271849094899,0.40397350993377473,1.0,/Users/zhuhao/experiment/second_learning/tabiclv2_test/results/tabicl/v2/ft/seed_sweep_20260702_151902/seed2028/all_classification_results.csv;/Users/zhuhao/experiment/second_learning/tabiclv2_test/results/tabicl/v2/ft/seed_sweep_20260702_151902/seed3/all_classification_results.csv;/Users/zhuhao/experiment/second_learning/tabiclv2_test/results/tabicl/v2/ft/seed_sweep_20260702_151902/seed2025/all_classification_results.csv
data184,TabICLv2,F-aware FT,accuracy,184,0.8591831738308788,0.1258542893247375,0.403183023872679,1.0,/Users/zhuhao/experiment/second_learning/tabiclv2_test/results/tabicl/v2/faware_c/seed_sweep_20260702_151902/seed2025/all_classification_results.csv;/Users/zhuhao/experiment/second_learning/tabiclv2_test/results/tabicl/v2/faware_c/seed_sweep_20260702_151902/seed2027/all_classification_results.csv;/Users/zhuhao/experiment/second_learning/tabiclv2_test/results/tabicl/v2/faware_c/seed_sweep_20260702_151902/seed3/all_classification_results.csv
data184,TabICLv2,F-aware FT,balanced_accuracy,184,0.7853553614193672,0.17134015175781886,0.1428571428571428,1.0,/Users/zhuhao/experiment/second_learning/tabiclv2_test/results/tabicl/v2/faware_c/seed_sweep_20260702_151902/seed2025/all_classification_results.csv;/Users/zhuhao/experiment/second_learning/tabiclv2_test/results/tabicl/v2/faware_c/seed_sweep_20260702_151902/seed2027/all_classification_results.csv;/Users/zhuhao/experiment/second_learning/tabiclv2_test/results/tabicl/v2/faware_c/seed_sweep_20260702_151902/seed3/all_classification_results.csv
data184,TabICLv2,F-aware FT,coverage_adaptation_applied,1,184.0,0.0,184.0,184.0,/Users/zhuhao/experiment/second_learning/tabiclv2_test/results/tabicl/v2/faware_c/seed_sweep_20260702_151902/seed2025/all_classification_results.csv;/Users/zhuhao/experiment/second_learning/tabiclv2_test/results/tabicl/v2/faware_c/seed_sweep_20260702_151902/seed2027/all_classification_results.csv;/Users/zhuhao/experiment/second_learning/tabiclv2_test/results/tabicl/v2/faware_c/seed_sweep_20260702_151902/seed3/all_classification_results.csv
data184,TabICLv2,F-aware FT,coverage_failed,1,0.0,0.0,0.0,0.0,/Users/zhuhao/experiment/second_learning/tabiclv2_test/results/tabicl/v2/faware_c/seed_sweep_20260702_151902/seed2025/all_classification_results.csv;/Users/zhuhao/experiment/second_learning/tabiclv2_test/results/tabicl/v2/faware_c/seed_sweep_20260702_151902/seed2027/all_classification_results.csv;/Users/zhuhao/experiment/second_learning/tabiclv2_test/results/tabicl/v2/faware_c/seed_sweep_20260702_151902/seed3/all_classification_results.csv
data184,TabICLv2,F-aware FT,coverage_fallback,1,0.0,0.0,0.0,0.0,/Users/zhuhao/experiment/second_learning/tabiclv2_test/results/tabicl/v2/faware_c/seed_sweep_20260702_151902/seed2025/all_classification_results.csv;/Users/zhuhao/experiment/second_learning/tabiclv2_test/results/tabicl/v2/faware_c/seed_sweep_20260702_151902/seed2027/all_classification_results.csv;/Users/zhuhao/experiment/second_learning/tabiclv2_test/results/tabicl/v2/faware_c/seed_sweep_20260702_151902/seed3/all_classification_results.csv
data184,TabICLv2,F-aware FT,coverage_result_rows,1,184.0,0.0,184.0,184.0,/Users/zhuhao/experiment/second_learning/tabiclv2_test/results/tabicl/v2/faware_c/seed_sweep_20260702_151902/seed2025/all_classification_results.csv;/Users/zhuhao/experiment/second_learning/tabiclv2_test/results/tabicl/v2/faware_c/seed_sweep_20260702_151902/seed2027/all_classification_results.csv;/Users/zhuhao/experiment/second_learning/tabiclv2_test/results/tabicl/v2/faware_c/seed_sweep_20260702_151902/seed3/all_classification_results.csv
data184,TabICLv2,F-aware FT,coverage_status_ok,1,184.0,0.0,184.0,184.0,/Users/zhuhao/experiment/second_learning/tabiclv2_test/results/tabicl/v2/faware_c/seed_sweep_20260702_151902/seed2025/all_classification_results.csv;/Users/zhuhao/experiment/second_learning/tabiclv2_test/results/tabicl/v2/faware_c/seed_sweep_20260702_151902/seed2027/all_classification_results.csv;/Users/zhuhao/experiment/second_learning/tabiclv2_test/results/tabicl/v2/faware_c/seed_sweep_20260702_151902/seed3/all_classification_results.csv
data184,TabICLv2,F-aware FT,f1,184,0.8511703384465868,0.13557989194985418,0.2316968605998004,1.0,/Users/zhuhao/experiment/second_learning/tabiclv2_test/results/tabicl/v2/faware_c/seed_sweep_20260702_151902/seed2025/all_classification_results.csv;/Users/zhuhao/experiment/second_learning/tabiclv2_test/results/tabicl/v2/faware_c/seed_sweep_20260702_151902/seed2027/all_classification_results.csv;/Users/zhuhao/experiment/second_learning/tabiclv2_test/results/tabicl/v2/faware_c/seed_sweep_20260702_151902/seed3/all_classification_results.csv
data184,TabICLv2,F-aware FT,fit_seconds,184,27.90710787712664,54.17260650148007,3.0353927612304688,411.8862373828888,/Users/zhuhao/experiment/second_learning/tabiclv2_test/results/tabicl/v2/faware_c/seed_sweep_20260702_151902/seed2025/all_classification_results.csv;/Users/zhuhao/experiment/second_learning/tabiclv2_test/results/tabicl/v2/faware_c/seed_sweep_20260702_151902/seed2027/all_classification_results.csv;/Users/zhuhao/experiment/second_learning/tabiclv2_test/results/tabicl/v2/faware_c/seed_sweep_20260702_151902/seed3/all_classification_results.csv
data184,TabICLv2,F-aware FT,log_loss,184,0.3161148498817165,0.27072502426587436,6.863748941973369e-07,1.5126263232979518,/Users/zhuhao/experiment/second_learning/tabiclv2_test/results/tabicl/v2/faware_c/seed_sweep_20260702_151902/seed2025/all_classification_results.csv;/Users/zhuhao/experiment/second_learning/tabiclv2_test/results/tabicl/v2/faware_c/seed_sweep_20260702_151902/seed2027/all_classification_results.csv;/Users/zhuhao/experiment/second_learning/tabiclv2_test/results/tabicl/v2/faware_c/seed_sweep_20260702_151902/seed3/all_classification_results.csv
data184,TabICLv2,F-aware FT,predict_seconds,184,10.997287115325099,34.22229761149239,0.1672139962514241,265.75666340192157,/Users/zhuhao/experiment/second_learning/tabiclv2_test/results/tabicl/v2/faware_c/seed_sweep_20260702_151902/seed2025/all_classification_results.csv;/Users/zhuhao/experiment/second_learning/tabiclv2_test/results/tabicl/v2/faware_c/seed_sweep_20260702_151902/seed2027/all_classification_results.csv;/Users/zhuhao/experiment/second_learning/tabiclv2_test/results/tabicl/v2/faware_c/seed_sweep_20260702_151902/seed3/all_classification_results.csv
data184,TabICLv2,F-aware FT,roc_auc,184,0.9062477761880795,0.10308485543045211,0.5007231285291323,1.0,/Users/zhuhao/experiment/second_learning/tabiclv2_test/results/tabicl/v2/faware_c/seed_sweep_20260702_151902/seed2025/all_classification_results.csv;/Users/zhuhao/experiment/second_learning/tabiclv2_test/results/tabicl/v2/faware_c/seed_sweep_20260702_151902/seed2027/all_classification_results.csv;/Users/zhuhao/experiment/second_learning/tabiclv2_test/results/tabicl/v2/faware_c/seed_sweep_20260702_151902/seed3/all_classification_results.csv
data184,TabICLv2,F-aware FT,ttt_applied,184,1.0,0.0,1.0,1.0,/Users/zhuhao/experiment/second_learning/tabiclv2_test/results/tabicl/v2/faware_c/seed_sweep_20260702_151902/seed2025/all_classification_results.csv;/Users/zhuhao/experiment/second_learning/tabiclv2_test/results/tabicl/v2/faware_c/seed_sweep_20260702_151902/seed2027/all_classification_results.csv;/Users/zhuhao/experiment/second_learning/tabiclv2_test/results/tabicl/v2/faware_c/seed_sweep_20260702_151902/seed3/all_classification_results.csv
data184,TabICLv2,F-aware FT,ttt_c_f_distance_mean,184,1.273173969759346e+34,1.7270171977666865e+35,1.2743595976531015,2.3426401043571967e+36,/Users/zhuhao/experiment/second_learning/tabiclv2_test/results/tabicl/v2/faware_c/seed_sweep_20260702_151902/seed2025/all_classification_results.csv;/Users/zhuhao/experiment/second_learning/tabiclv2_test/results/tabicl/v2/faware_c/seed_sweep_20260702_151902/seed2027/all_classification_results.csv;/Users/zhuhao/experiment/second_learning/tabiclv2_test/results/tabicl/v2/faware_c/seed_sweep_20260702_151902/seed3/all_classification_results.csv
data184,TabICLv2,F-aware FT,ttt_c_f_distance_std,184,11.046857637477597,48.15942003176105,0.0,571.6974123342935,/Users/zhuhao/experiment/second_learning/tabiclv2_test/results/tabicl/v2/faware_c/seed_sweep_20260702_151902/seed2025/all_classification_results.csv;/Users/zhuhao/experiment/second_learning/tabiclv2_test/results/tabicl/v2/faware_c/seed_sweep_20260702_151902/seed2027/all_classification_results.csv;/Users/zhuhao/experiment/second_learning/tabiclv2_test/results/tabicl/v2/faware_c/seed_sweep_20260702_151902/seed3/all_classification_results.csv
data184,TabICLv2,F-aware FT,ttt_c_label_coverage_ok,184,1.0,0.0,1.0,1.0,/Users/zhuhao/experiment/second_learning/tabiclv2_test/results/tabicl/v2/faware_c/seed_sweep_20260702_151902/seed2025/all_classification_results.csv;/Users/zhuhao/experiment/second_learning/tabiclv2_test/results/tabicl/v2/faware_c/seed_sweep_20260702_151902/seed2027/all_classification_results.csv;/Users/zhuhao/experiment/second_learning/tabiclv2_test/results/tabicl/v2/faware_c/seed_sweep_20260702_151902/seed3/all_classification_results.csv
data184,TabICLv2,F-aware FT,ttt_loss,184,0.3399074602367828,0.2894480004510868,8.276522104703569e-07,1.5062426328659058,/Users/zhuhao/experiment/second_learning/tabiclv2_test/results/tabicl/v2/faware_c/seed_sweep_20260702_151902/seed2025/all_classification_results.csv;/Users/zhuhao/experiment/second_learning/tabiclv2_test/results/tabicl/v2/faware_c/seed_sweep_20260702_151902/seed2027/all_classification_results.csv;/Users/zhuhao/experiment/second_learning/tabiclv2_test/results/tabicl/v2/faware_c/seed_sweep_20260702_151902/seed3/all_classification_results.csv
data184,TabICLv2,F-aware FT,ttt_oom_fallback,184,0.0,0.0,0.0,0.0,/Users/zhuhao/experiment/second_learning/tabiclv2_test/results/tabicl/v2/faware_c/seed_sweep_20260702_151902/seed2025/all_classification_results.csv;/Users/zhuhao/experiment/second_learning/tabiclv2_test/results/tabicl/v2/faware_c/seed_sweep_20260702_151902/seed2027/all_classification_results.csv;/Users/zhuhao/experiment/second_learning/tabiclv2_test/results/tabicl/v2/faware_c/seed_sweep_20260702_151902/seed3/all_classification_results.csv
data184,TabICLv2,F-aware FT,ttt_stopped_early,184,0.9438405797101449,0.1840269606067046,0.0,1.0,/Users/zhuhao/experiment/second_learning/tabiclv2_test/results/tabicl/v2/faware_c/seed_sweep_20260702_151902/seed2025/all_classification_results.csv;/Users/zhuhao/experiment/second_learning/tabiclv2_test/results/tabicl/v2/faware_c/seed_sweep_20260702_151902/seed2027/all_classification_results.csv;/Users/zhuhao/experiment/second_learning/tabiclv2_test/results/tabicl/v2/faware_c/seed_sweep_20260702_151902/seed3/all_classification_results.csv
data184,TabICLv2,F-aware FT,ttt_update_seconds,184,27.70935061919516,53.90262086278367,3.012209097544352,409.88049991925556,/Users/zhuhao/experiment/second_learning/tabiclv2_test/results/tabicl/v2/faware_c/seed_sweep_20260702_151902/seed2025/all_classification_results.csv;/Users/zhuhao/experiment/second_learning/tabiclv2_test/results/tabicl/v2/faware_c/seed_sweep_20260702_151902/seed2027/all_classification_results.csv;/Users/zhuhao/experiment/second_learning/tabiclv2_test/results/tabicl/v2/faware_c/seed_sweep_20260702_151902/seed3/all_classification_results.csv
data184,TabICLv2,F-aware FT,ttt_val_baseline_accuracy,184,0.8505769836412114,0.12712228304875975,0.40397350993377473,1.0,/Users/zhuhao/experiment/second_learning/tabiclv2_test/results/tabicl/v2/faware_c/seed_sweep_20260702_151902/seed2025/all_classification_results.csv;/Users/zhuhao/experiment/second_learning/tabiclv2_test/results/tabicl/v2/faware_c/seed_sweep_20260702_151902/seed2027/all_classification_results.csv;/Users/zhuhao/experiment/second_learning/tabiclv2_test/results/tabicl/v2/faware_c/seed_sweep_20260702_151902/seed3/all_classification_results.csv
data184,TabICLv2,F-aware FT,ttt_val_best_accuracy,184,0.8595069730005516,0.12475521568152556,0.40397350993377473,1.0,/Users/zhuhao/experiment/second_learning/tabiclv2_test/results/tabicl/v2/faware_c/seed_sweep_20260702_151902/seed2025/all_classification_results.csv;/Users/zhuhao/experiment/second_learning/tabiclv2_test/results/tabicl/v2/faware_c/seed_sweep_20260702_151902/seed2027/all_classification_results.csv;/Users/zhuhao/experiment/second_learning/tabiclv2_test/results/tabicl/v2/faware_c/seed_sweep_20260702_151902/seed3/all_classification_results.csv
data184,TabICLv2,F-aware FT,ttt_wise_alpha,184,0.1,4.174696080627011e-17,0.10000000000000002,0.10000000000000002,/Users/zhuhao/experiment/second_learning/tabiclv2_test/results/tabicl/v2/faware_c/seed_sweep_20260702_151902/seed2025/all_classification_results.csv;/Users/zhuhao/experiment/second_learning/tabiclv2_test/results/tabicl/v2/faware_c/seed_sweep_20260702_151902/seed2027/all_classification_results.csv;/Users/zhuhao/experiment/second_learning/tabiclv2_test/results/tabicl/v2/faware_c/seed_sweep_20260702_151902/seed3/all_classification_results.csv
data184,TabICLv2,F-aware FT,ttt_wise_applied,184,0.24456521739130435,0.4310019158439501,0.0,1.0,/Users/zhuhao/experiment/second_learning/tabiclv2_test/results/tabicl/v2/faware_c/seed_sweep_20260702_151902/seed2025/all_classification_results.csv;/Users/zhuhao/experiment/second_learning/tabiclv2_test/results/tabicl/v2/faware_c/seed_sweep_20260702_151902/seed2027/all_classification_results.csv;/Users/zhuhao/experiment/second_learning/tabiclv2_test/results/tabicl/v2/faware_c/seed_sweep_20260702_151902/seed3/all_classification_results.csv
data184,TabICLv2,F-aware FT,ttt_wise_ft,184,1.0,0.0,1.0,1.0,/Users/zhuhao/experiment/second_learning/tabiclv2_test/results/tabicl/v2/faware_c/seed_sweep_20260702_151902/seed2025/all_classification_results.csv;/Users/zhuhao/experiment/second_learning/tabiclv2_test/results/tabicl/v2/faware_c/seed_sweep_20260702_151902/seed2027/all_classification_results.csv;/Users/zhuhao/experiment/second_learning/tabiclv2_test/results/tabicl/v2/faware_c/seed_sweep_20260702_151902/seed3/all_classification_results.csv
data184,TabICLv2,LoRA,accuracy,184,0.8565021807963519,0.12629142465638643,0.403183023872679,1.0,/Users/zhuhao/experiment/second_learning/tabiclv2_test/results/PEFT_results/talent184/tabiclv2/lora/full_peft_data184_20260715/all_classification_results.csv
data184,TabICLv2,LoRA,balanced_accuracy,184,0.7819453883644766,0.1709178905679245,0.1428571428571428,1.0,/Users/zhuhao/experiment/second_learning/tabiclv2_test/results/PEFT_results/talent184/tabiclv2/lora/full_peft_data184_20260715/all_classification_results.csv
data184,TabICLv2,LoRA,coverage_adaptation_applied,1,184.0,0.0,184.0,184.0,/Users/zhuhao/experiment/second_learning/tabiclv2_test/results/PEFT_results/talent184/tabiclv2/lora/full_peft_data184_20260715/all_classification_results.csv
data184,TabICLv2,LoRA,coverage_failed,1,0.0,0.0,0.0,0.0,/Users/zhuhao/experiment/second_learning/tabiclv2_test/results/PEFT_results/talent184/tabiclv2/lora/full_peft_data184_20260715/all_classification_results.csv
data184,TabICLv2,LoRA,coverage_fallback,1,0.0,0.0,0.0,0.0,/Users/zhuhao/experiment/second_learning/tabiclv2_test/results/PEFT_results/talent184/tabiclv2/lora/full_peft_data184_20260715/all_classification_results.csv
data184,TabICLv2,LoRA,coverage_result_rows,1,184.0,0.0,184.0,184.0,/Users/zhuhao/experiment/second_learning/tabiclv2_test/results/PEFT_results/talent184/tabiclv2/lora/full_peft_data184_20260715/all_classification_results.csv
data184,TabICLv2,LoRA,coverage_status_ok,1,184.0,0.0,184.0,184.0,/Users/zhuhao/experiment/second_learning/tabiclv2_test/results/PEFT_results/talent184/tabiclv2/lora/full_peft_data184_20260715/all_classification_results.csv
data184,TabICLv2,LoRA,f1,184,0.8483269525663595,0.1359713059314263,0.2316968605998004,1.0,/Users/zhuhao/experiment/second_learning/tabiclv2_test/results/PEFT_results/talent184/tabiclv2/lora/full_peft_data184_20260715/all_classification_results.csv
data184,TabICLv2,LoRA,fit_seconds,184,24.35201400388842,51.01047774067907,3.055287599563598,382.596951007843,/Users/zhuhao/experiment/second_learning/tabiclv2_test/results/PEFT_results/talent184/tabiclv2/lora/full_peft_data184_20260715/all_classification_results.csv
data184,TabICLv2,LoRA,log_loss,184,0.3217385607758008,0.27070931773671253,7.029863807826597e-07,1.5125163592279736,/Users/zhuhao/experiment/second_learning/tabiclv2_test/results/PEFT_results/talent184/tabiclv2/lora/full_peft_data184_20260715/all_classification_results.csv
data184,TabICLv2,LoRA,peft_trainable_params,184,411712.0,0.0,411712.0,411712.0,/Users/zhuhao/experiment/second_learning/tabiclv2_test/results/PEFT_results/talent184/tabiclv2/lora/full_peft_data184_20260715/all_classification_results.csv
data184,TabICLv2,LoRA,peft_trainable_ratio,184,0.014722945275652901,8.697283501306274e-18,0.0147229452756529,0.0147229452756529,/Users/zhuhao/experiment/second_learning/tabiclv2_test/results/PEFT_results/talent184/tabiclv2/lora/full_peft_data184_20260715/all_classification_results.csv
data184,TabICLv2,LoRA,predict_seconds,184,10.93059912453527,34.27442302531455,0.1826086044311523,264.9093294143677,/Users/zhuhao/experiment/second_learning/tabiclv2_test/results/PEFT_results/talent184/tabiclv2/lora/full_peft_data184_20260715/all_classification_results.csv
data184,TabICLv2,LoRA,roc_auc,184,0.9039823547966334,0.10411685913659546,0.5050075392867521,1.0,/Users/zhuhao/experiment/second_learning/tabiclv2_test/results/PEFT_results/talent184/tabiclv2/lora/full_peft_data184_20260715/all_classification_results.csv
data184,TabICLv2,LoRA,ttt_applied,184,1.0,0.0,1.0,1.0,/Users/zhuhao/experiment/second_learning/tabiclv2_test/results/PEFT_results/talent184/tabiclv2/lora/full_peft_data184_20260715/all_classification_results.csv
data184,TabICLv2,LoRA,ttt_loss,184,0.35261816841206256,0.2808553446864941,8.632498975202907e-06,1.5028486251831057,/Users/zhuhao/experiment/second_learning/tabiclv2_test/results/PEFT_results/talent184/tabiclv2/lora/full_peft_data184_20260715/all_classification_results.csv
data184,TabICLv2,LoRA,ttt_oom_fallback,184,0.0,0.0,0.0,0.0,/Users/zhuhao/experiment/second_learning/tabiclv2_test/results/PEFT_results/talent184/tabiclv2/lora/full_peft_data184_20260715/all_classification_results.csv
data184,TabICLv2,LoRA,ttt_stopped_early,184,0.9782608695652174,0.14622842147587817,0.0,1.0,/Users/zhuhao/experiment/second_learning/tabiclv2_test/results/PEFT_results/talent184/tabiclv2/lora/full_peft_data184_20260715/all_classification_results.csv
data184,TabICLv2,LoRA,ttt_update_seconds,184,24.158887728400853,50.76125356368476,3.031569004058838,380.8713710308075,/Users/zhuhao/experiment/second_learning/tabiclv2_test/results/PEFT_results/talent184/tabiclv2/lora/full_peft_data184_20260715/all_classification_results.csv
data184,TabICLv2,LoRA,ttt_val_baseline_accuracy,184,0.8500301169294197,0.12593978538826403,0.4039735099337748,1.0,/Users/zhuhao/experiment/second_learning/tabiclv2_test/results/PEFT_results/talent184/tabiclv2/lora/full_peft_data184_20260715/all_classification_results.csv
data184,TabICLv2,LoRA,ttt_val_best_accuracy,184,0.8533033714798518,0.12526579432736296,0.4039735099337748,1.0,/Users/zhuhao/experiment/second_learning/tabiclv2_test/results/PEFT_results/talent184/tabiclv2/lora/full_peft_data184_20260715/all_classification_results.csv
data184,TabICLv2,ln_head_embedding,accuracy,184,0.8564881567510494,0.12613060951669208,0.403183023872679,1.0,/Users/zhuhao/experiment/second_learning/tabiclv2_test/results/PEFT_results/talent184/tabiclv2/ln_head_embedding/full_peft_data184_20260715/all_classification_results.csv
data184,TabICLv2,ln_head_embedding,balanced_accuracy,184,0.7819447288590855,0.1708160293923662,0.1428571428571428,1.0,/Users/zhuhao/experiment/second_learning/tabiclv2_test/results/PEFT_results/talent184/tabiclv2/ln_head_embedding/full_peft_data184_20260715/all_classification_results.csv
data184,TabICLv2,ln_head_embedding,coverage_adaptation_applied,1,184.0,0.0,184.0,184.0,/Users/zhuhao/experiment/second_learning/tabiclv2_test/results/PEFT_results/talent184/tabiclv2/ln_head_embedding/full_peft_data184_20260715/all_classification_results.csv
data184,TabICLv2,ln_head_embedding,coverage_failed,1,0.0,0.0,0.0,0.0,/Users/zhuhao/experiment/second_learning/tabiclv2_test/results/PEFT_results/talent184/tabiclv2/ln_head_embedding/full_peft_data184_20260715/all_classification_results.csv
data184,TabICLv2,ln_head_embedding,coverage_fallback,1,0.0,0.0,0.0,0.0,/Users/zhuhao/experiment/second_learning/tabiclv2_test/results/PEFT_results/talent184/tabiclv2/ln_head_embedding/full_peft_data184_20260715/all_classification_results.csv
data184,TabICLv2,ln_head_embedding,coverage_result_rows,1,184.0,0.0,184.0,184.0,/Users/zhuhao/experiment/second_learning/tabiclv2_test/results/PEFT_results/talent184/tabiclv2/ln_head_embedding/full_peft_data184_20260715/all_classification_results.csv
data184,TabICLv2,ln_head_embedding,coverage_status_ok,1,184.0,0.0,184.0,184.0,/Users/zhuhao/experiment/second_learning/tabiclv2_test/results/PEFT_results/talent184/tabiclv2/ln_head_embedding/full_peft_data184_20260715/all_classification_results.csv
data184,TabICLv2,ln_head_embedding,f1,184,0.8483492619696205,0.13571527856069693,0.2316968605998004,1.0,/Users/zhuhao/experiment/second_learning/tabiclv2_test/results/PEFT_results/talent184/tabiclv2/ln_head_embedding/full_peft_data184_20260715/all_classification_results.csv
data184,TabICLv2,ln_head_embedding,fit_seconds,184,21.76545735416205,46.98352604353652,2.147580862045288,354.8667964935303,/Users/zhuhao/experiment/second_learning/tabiclv2_test/results/PEFT_results/talent184/tabiclv2/ln_head_embedding/full_peft_data184_20260715/all_classification_results.csv
data184,TabICLv2,ln_head_embedding,log_loss,184,0.3212599784687027,0.2707039917636197,7.029863807826597e-07,1.5125163592279736,/Users/zhuhao/experiment/second_learning/tabiclv2_test/results/PEFT_results/talent184/tabiclv2/ln_head_embedding/full_peft_data184_20260715/all_classification_results.csv
data184,TabICLv2,ln_head_embedding,peft_trainable_params,184,573578.0,0.0,573578.0,573578.0,/Users/zhuhao/experiment/second_learning/tabiclv2_test/results/PEFT_results/talent184/tabiclv2/ln_head_embedding/full_peft_data184_20260715/all_classification_results.csv
data184,TabICLv2,ln_head_embedding,peft_trainable_ratio,184,0.020817821900477203,7.65360948114952e-17,0.0208178219004772,0.0208178219004772,/Users/zhuhao/experiment/second_learning/tabiclv2_test/results/PEFT_results/talent184/tabiclv2/ln_head_embedding/full_peft_data184_20260715/all_classification_results.csv
data184,TabICLv2,ln_head_embedding,predict_seconds,184,10.85085164334463,34.062067185155904,0.1517870426177978,263.1578919887543,/Users/zhuhao/experiment/second_learning/tabiclv2_test/results/PEFT_results/talent184/tabiclv2/ln_head_embedding/full_peft_data184_20260715/all_classification_results.csv
data184,TabICLv2,ln_head_embedding,roc_auc,184,0.9044509296289476,0.10282689707563364,0.5050075392867521,1.0,/Users/zhuhao/experiment/second_learning/tabiclv2_test/results/PEFT_results/talent184/tabiclv2/ln_head_embedding/full_peft_data184_20260715/all_classification_results.csv
data184,TabICLv2,ln_head_embedding,ttt_applied,184,1.0,0.0,1.0,1.0,/Users/zhuhao/experiment/second_learning/tabiclv2_test/results/PEFT_results/talent184/tabiclv2/ln_head_embedding/full_peft_data184_20260715/all_classification_results.csv
data184,TabICLv2,ln_head_embedding,ttt_loss,184,0.34960525698047307,0.27645990282294575,5.7612119235272985e-06,1.5025650262832642,/Users/zhuhao/experiment/second_learning/tabiclv2_test/results/PEFT_results/talent184/tabiclv2/ln_head_embedding/full_peft_data184_20260715/all_classification_results.csv
data184,TabICLv2,ln_head_embedding,ttt_oom_fallback,184,0.0,0.0,0.0,0.0,/Users/zhuhao/experiment/second_learning/tabiclv2_test/results/PEFT_results/talent184/tabiclv2/ln_head_embedding/full_peft_data184_20260715/all_classification_results.csv
data184,TabICLv2,ln_head_embedding,ttt_stopped_early,184,0.9891304347826086,0.10397196105753104,0.0,1.0,/Users/zhuhao/experiment/second_learning/tabiclv2_test/results/PEFT_results/talent184/tabiclv2/ln_head_embedding/full_peft_data184_20260715/all_classification_results.csv
data184,TabICLv2,ln_head_embedding,ttt_update_seconds,184,21.57453019981799,46.717471149785325,2.12597131729126,353.17124223709106,/Users/zhuhao/experiment/second_learning/tabiclv2_test/results/PEFT_results/talent184/tabiclv2/ln_head_embedding/full_peft_data184_20260715/all_classification_results.csv
data184,TabICLv2,ln_head_embedding,ttt_val_baseline_accuracy,184,0.8500301169294197,0.12593978538826403,0.4039735099337748,1.0,/Users/zhuhao/experiment/second_learning/tabiclv2_test/results/PEFT_results/talent184/tabiclv2/ln_head_embedding/full_peft_data184_20260715/all_classification_results.csv
data184,TabICLv2,ln_head_embedding,ttt_val_best_accuracy,184,0.8535009350838755,0.12518618665300135,0.4039735099337748,1.0,/Users/zhuhao/experiment/second_learning/tabiclv2_test/results/PEFT_results/talent184/tabiclv2/ln_head_embedding/full_peft_data184_20260715/all_classification_results.csv
data184,TabICLv2,Last-block,accuracy,184,0.8560832600016406,0.12625744402852487,0.403183023872679,1.0,/Users/zhuhao/experiment/second_learning/tabiclv2_test/results/PEFT_results/talent184/tabiclv2/last_layers/full_peft_data184_20260715/all_classification_results.csv
data184,TabICLv2,Last-block,balanced_accuracy,184,0.7814442199426788,0.170808807243671,0.1428571428571428,1.0,/Users/zhuhao/experiment/second_learning/tabiclv2_test/results/PEFT_results/talent184/tabiclv2/last_layers/full_peft_data184_20260715/all_classification_results.csv
data184,TabICLv2,Last-block,coverage_adaptation_applied,1,184.0,0.0,184.0,184.0,/Users/zhuhao/experiment/second_learning/tabiclv2_test/results/PEFT_results/talent184/tabiclv2/last_layers/full_peft_data184_20260715/all_classification_results.csv
data184,TabICLv2,Last-block,coverage_failed,1,0.0,0.0,0.0,0.0,/Users/zhuhao/experiment/second_learning/tabiclv2_test/results/PEFT_results/talent184/tabiclv2/last_layers/full_peft_data184_20260715/all_classification_results.csv
data184,TabICLv2,Last-block,coverage_fallback,1,0.0,0.0,0.0,0.0,/Users/zhuhao/experiment/second_learning/tabiclv2_test/results/PEFT_results/talent184/tabiclv2/last_layers/full_peft_data184_20260715/all_classification_results.csv
data184,TabICLv2,Last-block,coverage_result_rows,1,184.0,0.0,184.0,184.0,/Users/zhuhao/experiment/second_learning/tabiclv2_test/results/PEFT_results/talent184/tabiclv2/last_layers/full_peft_data184_20260715/all_classification_results.csv
data184,TabICLv2,Last-block,coverage_status_ok,1,184.0,0.0,184.0,184.0,/Users/zhuhao/experiment/second_learning/tabiclv2_test/results/PEFT_results/talent184/tabiclv2/last_layers/full_peft_data184_20260715/all_classification_results.csv
data184,TabICLv2,Last-block,f1,184,0.847899398220806,0.1358748544708809,0.2316968605998004,1.0,/Users/zhuhao/experiment/second_learning/tabiclv2_test/results/PEFT_results/talent184/tabiclv2/last_layers/full_peft_data184_20260715/all_classification_results.csv
data184,TabICLv2,Last-block,fit_seconds,184,13.460527683081834,27.04492124939844,1.6975572109222412,208.19554924964905,/Users/zhuhao/experiment/second_learning/tabiclv2_test/results/PEFT_results/talent184/tabiclv2/last_layers/full_peft_data184_20260715/all_classification_results.csv
data184,TabICLv2,Last-block,log_loss,184,0.3220839696010165,0.27114884797961625,7.029863807826597e-07,1.5125163592279736,/Users/zhuhao/experiment/second_learning/tabiclv2_test/results/PEFT_results/talent184/tabiclv2/last_layers/full_peft_data184_20260715/all_classification_results.csv
data184,TabICLv2,Last-block,peft_trainable_params,184,2681098.0,0.0,2681098.0,2681098.0,/Users/zhuhao/experiment/second_learning/tabiclv2_test/results/PEFT_results/talent184/tabiclv2/last_layers/full_peft_data184_20260715/all_classification_results.csv
data184,TabICLv2,Last-block,peft_trainable_ratio,184,0.0973095562621401,2.504817648376207e-16,0.0973095562621401,0.0973095562621401,/Users/zhuhao/experiment/second_learning/tabiclv2_test/results/PEFT_results/talent184/tabiclv2/last_layers/full_peft_data184_20260715/all_classification_results.csv
data184,TabICLv2,Last-block,predict_seconds,184,10.820657144422116,33.943396632263315,0.1591560840606689,261.29916048049927,/Users/zhuhao/experiment/second_learning/tabiclv2_test/results/PEFT_results/talent184/tabiclv2/last_layers/full_peft_data184_20260715/all_classification_results.csv
data184,TabICLv2,Last-block,roc_auc,184,0.9039333191925113,0.10350061300624516,0.5050075392867521,1.0,/Users/zhuhao/experiment/second_learning/tabiclv2_test/results/PEFT_results/talent184/tabiclv2/last_layers/full_peft_data184_20260715/all_classification_results.csv
data184,TabICLv2,Last-block,ttt_applied,184,1.0,0.0,1.0,1.0,/Users/zhuhao/experiment/second_learning/tabiclv2_test/results/PEFT_results/talent184/tabiclv2/last_layers/full_peft_data184_20260715/all_classification_results.csv
data184,TabICLv2,Last-block,ttt_loss,184,0.3504950295435712,0.28158562850561303,6.191409966049832e-06,1.5023887157440186,/Users/zhuhao/experiment/second_learning/tabiclv2_test/results/PEFT_results/talent184/tabiclv2/last_layers/full_peft_data184_20260715/all_classification_results.csv
data184,TabICLv2,Last-block,ttt_oom_fallback,184,0.0,0.0,0.0,0.0,/Users/zhuhao/experiment/second_learning/tabiclv2_test/results/PEFT_results/talent184/tabiclv2/last_layers/full_peft_data184_20260715/all_classification_results.csv
data184,TabICLv2,Last-block,ttt_stopped_early,184,0.9891304347826086,0.10397196105753101,0.0,1.0,/Users/zhuhao/experiment/second_learning/tabiclv2_test/results/PEFT_results/talent184/tabiclv2/last_layers/full_peft_data184_20260715/all_classification_results.csv
data184,TabICLv2,Last-block,ttt_update_seconds,184,13.274694644886514,26.802150447433533,1.679412841796875,206.4929106235504,/Users/zhuhao/experiment/second_learning/tabiclv2_test/results/PEFT_results/talent184/tabiclv2/last_layers/full_peft_data184_20260715/all_classification_results.csv
data184,TabICLv2,Last-block,ttt_val_baseline_accuracy,184,0.8500301169294197,0.12593978538826403,0.4039735099337748,1.0,/Users/zhuhao/experiment/second_learning/tabiclv2_test/results/PEFT_results/talent184/tabiclv2/last_layers/full_peft_data184_20260715/all_classification_results.csv
data184,TabICLv2,Last-block,ttt_val_best_accuracy,184,0.8512297214876388,0.1253918718513521,0.4039735099337748,1.0,/Users/zhuhao/experiment/second_learning/tabiclv2_test/results/PEFT_results/talent184/tabiclv2/last_layers/full_peft_data184_20260715/all_classification_results.csv
data184,TabICLv2,LoCalPFN,accuracy,95,0.7996668975360263,0.13548428205571098,0.403183023872679,1.0,/home/crc00006699/zh/tabiclv2/results/PEFT_compare/localpfn_fast_explore_k256_q128_e5_s5_data184_seed42_20260719/tabiclv2/localpfn/all_classification_results.csv
data184,TabICLv2,LoCalPFN,balanced_accuracy,95,0.7250378484820459,0.17387615472183215,0.1428571428571428,1.0,/home/crc00006699/zh/tabiclv2/results/PEFT_compare/localpfn_fast_explore_k256_q128_e5_s5_data184_seed42_20260719/tabiclv2/localpfn/all_classification_results.csv
data184,TabICLv2,LoCalPFN,coverage_adaptation_applied,1,95.0,0.0,95.0,95.0,/home/crc00006699/zh/tabiclv2/results/PEFT_compare/localpfn_fast_explore_k256_q128_e5_s5_data184_seed42_20260719/tabiclv2/localpfn/all_classification_results.csv
data184,TabICLv2,LoCalPFN,coverage_failed,1,89.0,0.0,89.0,89.0,/home/crc00006699/zh/tabiclv2/results/PEFT_compare/localpfn_fast_explore_k256_q128_e5_s5_data184_seed42_20260719/tabiclv2/localpfn/all_classification_results.csv
data184,TabICLv2,LoCalPFN,coverage_fallback,1,0.0,0.0,0.0,0.0,/home/crc00006699/zh/tabiclv2/results/PEFT_compare/localpfn_fast_explore_k256_q128_e5_s5_data184_seed42_20260719/tabiclv2/localpfn/all_classification_results.csv
data184,TabICLv2,LoCalPFN,coverage_result_rows,1,184.0,0.0,184.0,184.0,/home/crc00006699/zh/tabiclv2/results/PEFT_compare/localpfn_fast_explore_k256_q128_e5_s5_data184_seed42_20260719/tabiclv2/localpfn/all_classification_results.csv
data184,TabICLv2,LoCalPFN,coverage_status_ok,1,95.0,0.0,95.0,95.0,/home/crc00006699/zh/tabiclv2/results/PEFT_compare/localpfn_fast_explore_k256_q128_e5_s5_data184_seed42_20260719/tabiclv2/localpfn/all_classification_results.csv
data184,TabICLv2,LoCalPFN,f1,95,0.7866914552877062,0.14775442122324392,0.2316968605998004,1.0,/home/crc00006699/zh/tabiclv2/results/PEFT_compare/localpfn_fast_explore_k256_q128_e5_s5_data184_seed42_20260719/tabiclv2/localpfn/all_classification_results.csv
data184,TabICLv2,LoCalPFN,fallback_count,95,0.0,0.0,0.0,0.0,/home/crc00006699/zh/tabiclv2/results/PEFT_compare/localpfn_fast_explore_k256_q128_e5_s5_data184_seed42_20260719/tabiclv2/localpfn/all_classification_results.csv
data184,TabICLv2,LoCalPFN,ft_applied,95,1.0,0.0,1.0,1.0,/home/crc00006699/zh/tabiclv2/results/PEFT_compare/localpfn_fast_explore_k256_q128_e5_s5_data184_seed42_20260719/tabiclv2/localpfn/all_classification_results.csv
data184,TabICLv2,LoCalPFN,ft_best_step,95,13.736842105263158,7.543082679156535,0.0,20.0,/home/crc00006699/zh/tabiclv2/results/PEFT_compare/localpfn_fast_explore_k256_q128_e5_s5_data184_seed42_20260719/tabiclv2/localpfn/all_classification_results.csv
data184,TabICLv2,LoCalPFN,ft_loss,95,0.4471131466738562,0.2824771903435392,5.272148882795591e-06,1.574590086936951,/home/crc00006699/zh/tabiclv2/results/PEFT_compare/localpfn_fast_explore_k256_q128_e5_s5_data184_seed42_20260719/tabiclv2/localpfn/all_classification_results.csv
data184,TabICLv2,LoCalPFN,ft_seconds,95,72.03667229100277,110.1757348371218,6.988385915756226,681.7929420471191,/home/crc00006699/zh/tabiclv2/results/PEFT_compare/localpfn_fast_explore_k256_q128_e5_s5_data184_seed42_20260719/tabiclv2/localpfn/all_classification_results.csv
data184,TabICLv2,LoCalPFN,ft_stopped_early,95,0.25263157894736843,0.43682658939781494,0.0,1.0,/home/crc00006699/zh/tabiclv2/results/PEFT_compare/localpfn_fast_explore_k256_q128_e5_s5_data184_seed42_20260719/tabiclv2/localpfn/all_classification_results.csv
data184,TabICLv2,LoCalPFN,inference_fallback,95,0.0,0.0,0.0,0.0,/home/crc00006699/zh/tabiclv2/results/PEFT_compare/localpfn_fast_explore_k256_q128_e5_s5_data184_seed42_20260719/tabiclv2/localpfn/all_classification_results.csv
data184,TabICLv2,LoCalPFN,log_loss,95,0.4369584473747597,0.286212781722728,5.679854868110448e-05,1.5189531155429228,/home/crc00006699/zh/tabiclv2/results/PEFT_compare/localpfn_fast_explore_k256_q128_e5_s5_data184_seed42_20260719/tabiclv2/localpfn/all_classification_results.csv
data184,TabICLv2,LoCalPFN,predict_seconds,95,16.352768762488115,26.115515905970923,0.9513661861419678,160.73452186584473,/home/crc00006699/zh/tabiclv2/results/PEFT_compare/localpfn_fast_explore_k256_q128_e5_s5_data184_seed42_20260719/tabiclv2/localpfn/all_classification_results.csv
data184,TabICLv2,LoCalPFN,retrieval_seconds,95,0.7597251866993151,1.9941151101033123,0.03422212600708,14.4094340801239,/home/crc00006699/zh/tabiclv2/results/PEFT_compare/localpfn_fast_explore_k256_q128_e5_s5_data184_seed42_20260719/tabiclv2/localpfn/all_classification_results.csv
data184,TabICLv2,LoCalPFN,roc_auc,95,0.8498967549884643,0.11252239521992283,0.4943794028256619,1.0,/home/crc00006699/zh/tabiclv2/results/PEFT_compare/localpfn_fast_explore_k256_q128_e5_s5_data184_seed42_20260719/tabiclv2/localpfn/all_classification_results.csv
data184,TabICLv2,LoCalPFN,routing_seconds,95,0.0,0.0,0.0,0.0,/home/crc00006699/zh/tabiclv2/results/PEFT_compare/localpfn_fast_explore_k256_q128_e5_s5_data184_seed42_20260719/tabiclv2/localpfn/all_classification_results.csv
data184,TabICLv2,LoCalPFN,total_seconds,95,91.34079284667969,138.3186357763518,10.263280391693115,859.0575771331787,/home/crc00006699/zh/tabiclv2/results/PEFT_compare/localpfn_fast_explore_k256_q128_e5_s5_data184_seed42_20260719/tabiclv2/localpfn/all_classification_results.csv
data184,TabICLv2,LoCalPFN,train_query_length,95,128.0,0.0,128.0,128.0,/home/crc00006699/zh/tabiclv2/results/PEFT_compare/localpfn_fast_explore_k256_q128_e5_s5_data184_seed42_20260719/tabiclv2/localpfn/all_classification_results.csv
data184,TabICLv2,LoCalPFN,trainable_params,95,27552258.0,0.0,27552258.0,27552258.0,/home/crc00006699/zh/tabiclv2/results/PEFT_compare/localpfn_fast_explore_k256_q128_e5_s5_data184_seed42_20260719/tabiclv2/localpfn/all_classification_results.csv
data184,TabICLv2,LoCalPFN,trainable_ratio,95,1.0,0.0,1.0,1.0,/home/crc00006699/zh/tabiclv2/results/PEFT_compare/localpfn_fast_explore_k256_q128_e5_s5_data184_seed42_20260719/tabiclv2/localpfn/all_classification_results.csv
OpenML-CC18,TabICLv2,Infer,accuracy,66,0.8888945433407556,0.13703917222941647,0.23125,1.0,/home/crc00006699/zh/tabiclv2/results/managed_experiments/openmlcc18_2x3_full_20260715_223032/tabicl-v2/infer/seed42/all_classification_results.csv
OpenML-CC18,TabICLv2,Infer,balanced_accuracy,66,0.8401555707128334,0.16596604214364002,0.2352767821585026,1.0,/home/crc00006699/zh/tabiclv2/results/managed_experiments/openmlcc18_2x3_full_20260715_223032/tabicl-v2/infer/seed42/all_classification_results.csv
OpenML-CC18,TabICLv2,Infer,coverage_adaptation_applied,1,0.0,0.0,0.0,0.0,/home/crc00006699/zh/tabiclv2/results/managed_experiments/openmlcc18_2x3_full_20260715_223032/tabicl-v2/infer/seed42/all_classification_results.csv
OpenML-CC18,TabICLv2,Infer,coverage_failed,1,1.0,0.0,1.0,1.0,/home/crc00006699/zh/tabiclv2/results/managed_experiments/openmlcc18_2x3_full_20260715_223032/tabicl-v2/infer/seed42/all_classification_results.csv
OpenML-CC18,TabICLv2,Infer,coverage_fallback,1,0.0,0.0,0.0,0.0,/home/crc00006699/zh/tabiclv2/results/managed_experiments/openmlcc18_2x3_full_20260715_223032/tabicl-v2/infer/seed42/all_classification_results.csv
OpenML-CC18,TabICLv2,Infer,coverage_result_rows,1,67.0,0.0,67.0,67.0,/home/crc00006699/zh/tabiclv2/results/managed_experiments/openmlcc18_2x3_full_20260715_223032/tabicl-v2/infer/seed42/all_classification_results.csv
OpenML-CC18,TabICLv2,Infer,coverage_status_ok,1,66.0,0.0,66.0,66.0,/home/crc00006699/zh/tabiclv2/results/managed_experiments/openmlcc18_2x3_full_20260715_223032/tabicl-v2/infer/seed42/all_classification_results.csv
OpenML-CC18,TabICLv2,Infer,f1,66,0.8845356405552679,0.14076211131528685,0.2235822547335705,1.0,/home/crc00006699/zh/tabiclv2/results/managed_experiments/openmlcc18_2x3_full_20260715_223032/tabicl-v2/infer/seed42/all_classification_results.csv
OpenML-CC18,TabICLv2,Infer,fit_seconds,66,2.296283331784335,7.276488157550095,0.3499238491058349,48.46250343322754,/home/crc00006699/zh/tabiclv2/results/managed_experiments/openmlcc18_2x3_full_20260715_223032/tabicl-v2/infer/seed42/all_classification_results.csv
OpenML-CC18,TabICLv2,Infer,log_loss,66,0.2548393059276348,0.29292204642838043,3.3013067616039645e-06,1.7856059471683303,/home/crc00006699/zh/tabiclv2/results/managed_experiments/openmlcc18_2x3_full_20260715_223032/tabicl-v2/infer/seed42/all_classification_results.csv
OpenML-CC18,TabICLv2,Infer,predict_seconds,66,46.690901734612204,199.3377339514394,0.2035388946533203,1259.6302065849304,/home/crc00006699/zh/tabiclv2/results/managed_experiments/openmlcc18_2x3_full_20260715_223032/tabicl-v2/infer/seed42/all_classification_results.csv
OpenML-CC18,TabICLv2,Infer,roc_auc,66,0.9319062431818397,0.10635905889143235,0.5256942392674236,1.0,/home/crc00006699/zh/tabiclv2/results/managed_experiments/openmlcc18_2x3_full_20260715_223032/tabicl-v2/infer/seed42/all_classification_results.csv
OpenML-CC18,TabICLv2,FT,accuracy,64,0.888616102082782,0.13894347962724263,0.23125,1.0,/home/crc00006699/zh/tabiclv2/results/managed_experiments/openmlcc18_2x3_full_20260715_223032/tabicl-v2/ft/seed42/all_classification_results.csv
OpenML-CC18,TabICLv2,FT,balanced_accuracy,64,0.8393938807866242,0.1673693603396859,0.2352767821585026,1.0,/home/crc00006699/zh/tabiclv2/results/managed_experiments/openmlcc18_2x3_full_20260715_223032/tabicl-v2/ft/seed42/all_classification_results.csv
OpenML-CC18,TabICLv2,FT,coverage_adaptation_applied,1,59.0,0.0,59.0,59.0,/home/crc00006699/zh/tabiclv2/results/managed_experiments/openmlcc18_2x3_full_20260715_223032/tabicl-v2/ft/seed42/all_classification_results.csv
OpenML-CC18,TabICLv2,FT,coverage_failed,1,3.0,0.0,3.0,3.0,/home/crc00006699/zh/tabiclv2/results/managed_experiments/openmlcc18_2x3_full_20260715_223032/tabicl-v2/ft/seed42/all_classification_results.csv
OpenML-CC18,TabICLv2,FT,coverage_fallback,1,5.0,0.0,5.0,5.0,/home/crc00006699/zh/tabiclv2/results/managed_experiments/openmlcc18_2x3_full_20260715_223032/tabicl-v2/ft/seed42/all_classification_results.csv
OpenML-CC18,TabICLv2,FT,coverage_result_rows,1,67.0,0.0,67.0,67.0,/home/crc00006699/zh/tabiclv2/results/managed_experiments/openmlcc18_2x3_full_20260715_223032/tabicl-v2/ft/seed42/all_classification_results.csv
OpenML-CC18,TabICLv2,FT,coverage_status_ok,1,64.0,0.0,64.0,64.0,/home/crc00006699/zh/tabiclv2/results/managed_experiments/openmlcc18_2x3_full_20260715_223032/tabicl-v2/ft/seed42/all_classification_results.csv
OpenML-CC18,TabICLv2,FT,f1,64,0.8842143597195347,0.1429391742270215,0.2214252165240774,1.0,/home/crc00006699/zh/tabiclv2/results/managed_experiments/openmlcc18_2x3_full_20260715_223032/tabicl-v2/ft/seed42/all_classification_results.csv
OpenML-CC18,TabICLv2,FT,fit_seconds,64,25.217394895851612,45.23609032926976,2.576502084732056,303.7694115638733,/home/crc00006699/zh/tabiclv2/results/managed_experiments/openmlcc18_2x3_full_20260715_223032/tabicl-v2/ft/seed42/all_classification_results.csv
OpenML-CC18,TabICLv2,FT,log_loss,64,0.2558591011730413,0.29627770264095554,3.3301359055421487e-06,1.7849968486640022,/home/crc00006699/zh/tabiclv2/results/managed_experiments/openmlcc18_2x3_full_20260715_223032/tabicl-v2/ft/seed42/all_classification_results.csv
OpenML-CC18,TabICLv2,FT,predict_seconds,64,11.888270787894726,26.83318069577141,0.165149450302124,115.0100371837616,/home/crc00006699/zh/tabiclv2/results/managed_experiments/openmlcc18_2x3_full_20260715_223032/tabicl-v2/ft/seed42/all_classification_results.csv
OpenML-CC18,TabICLv2,FT,roc_auc,64,0.9304197731758568,0.10766026605624823,0.52423937069484,1.0,/home/crc00006699/zh/tabiclv2/results/managed_experiments/openmlcc18_2x3_full_20260715_223032/tabicl-v2/ft/seed42/all_classification_results.csv
OpenML-CC18,TabICLv2,FT,ttt_applied,64,0.921875,0.27048970875004197,0.0,1.0,/home/crc00006699/zh/tabiclv2/results/managed_experiments/openmlcc18_2x3_full_20260715_223032/tabicl-v2/ft/seed42/all_classification_results.csv
OpenML-CC18,TabICLv2,FT,ttt_c_label_coverage_ok,64,1.0,0.0,1.0,1.0,/home/crc00006699/zh/tabiclv2/results/managed_experiments/openmlcc18_2x3_full_20260715_223032/tabicl-v2/ft/seed42/all_classification_results.csv
OpenML-CC18,TabICLv2,FT,ttt_loss,59,0.2690707349026382,0.31478133207536546,2.3511478275395348e-06,1.7723641991615295,/home/crc00006699/zh/tabiclv2/results/managed_experiments/openmlcc18_2x3_full_20260715_223032/tabicl-v2/ft/seed42/all_classification_results.csv
OpenML-CC18,TabICLv2,FT,ttt_oom_fallback,64,0.078125,0.27048970875004197,0.0,1.0,/home/crc00006699/zh/tabiclv2/results/managed_experiments/openmlcc18_2x3_full_20260715_223032/tabicl-v2/ft/seed42/all_classification_results.csv
OpenML-CC18,TabICLv2,FT,ttt_stopped_early,64,0.890625,0.3145764348029479,0.0,1.0,/home/crc00006699/zh/tabiclv2/results/managed_experiments/openmlcc18_2x3_full_20260715_223032/tabicl-v2/ft/seed42/all_classification_results.csv
OpenML-CC18,TabICLv2,FT,ttt_update_seconds,64,24.52655801549554,44.89441168541123,2.551433801651001,301.69690442085266,/home/crc00006699/zh/tabiclv2/results/managed_experiments/openmlcc18_2x3_full_20260715_223032/tabicl-v2/ft/seed42/all_classification_results.csv
OpenML-CC18,TabICLv2,FT,ttt_val_baseline_accuracy,59,0.8761884256080332,0.14610617961021438,0.171875,1.0,/home/crc00006699/zh/tabiclv2/results/managed_experiments/openmlcc18_2x3_full_20260715_223032/tabicl-v2/ft/seed42/all_classification_results.csv
OpenML-CC18,TabICLv2,FT,ttt_val_best_accuracy,59,0.8861106017199364,0.14153975707768474,0.2265625,1.0,/home/crc00006699/zh/tabiclv2/results/managed_experiments/openmlcc18_2x3_full_20260715_223032/tabicl-v2/ft/seed42/all_classification_results.csv
OpenML-CC18,TabICLv2,FT,ttt_wise_alpha,64,0.09999999999999999,1.1189996278004203e-16,0.1,0.1,/home/crc00006699/zh/tabiclv2/results/managed_experiments/openmlcc18_2x3_full_20260715_223032/tabicl-v2/ft/seed42/all_classification_results.csv
OpenML-CC18,TabICLv2,FT,ttt_wise_applied,64,0.4375,0.5,0.0,1.0,/home/crc00006699/zh/tabiclv2/results/managed_experiments/openmlcc18_2x3_full_20260715_223032/tabicl-v2/ft/seed42/all_classification_results.csv
OpenML-CC18,TabICLv2,FT,ttt_wise_ft,64,1.0,0.0,1.0,1.0,/home/crc00006699/zh/tabiclv2/results/managed_experiments/openmlcc18_2x3_full_20260715_223032/tabicl-v2/ft/seed42/all_classification_results.csv
OpenML-CC18,TabICLv2,F-aware FT,accuracy,64,0.8891502382439507,0.13863035664205714,0.23125,1.0,/home/crc00006699/zh/tabiclv2/results/managed_experiments/openmlcc18_2x3_full_20260715_223032/tabicl-v2/faware_ft/seed42/all_classification_results.csv
OpenML-CC18,TabICLv2,F-aware FT,balanced_accuracy,64,0.8396182948122546,0.1673806703544014,0.2352767821585026,1.0,/home/crc00006699/zh/tabiclv2/results/managed_experiments/openmlcc18_2x3_full_20260715_223032/tabicl-v2/faware_ft/seed42/all_classification_results.csv
OpenML-CC18,TabICLv2,F-aware FT,coverage_adaptation_applied,1,59.0,0.0,59.0,59.0,/home/crc00006699/zh/tabiclv2/results/managed_experiments/openmlcc18_2x3_full_20260715_223032/tabicl-v2/faware_ft/seed42/all_classification_results.csv
OpenML-CC18,TabICLv2,F-aware FT,coverage_failed,1,3.0,0.0,3.0,3.0,/home/crc00006699/zh/tabiclv2/results/managed_experiments/openmlcc18_2x3_full_20260715_223032/tabicl-v2/faware_ft/seed42/all_classification_results.csv
OpenML-CC18,TabICLv2,F-aware FT,coverage_fallback,1,5.0,0.0,5.0,5.0,/home/crc00006699/zh/tabiclv2/results/managed_experiments/openmlcc18_2x3_full_20260715_223032/tabicl-v2/faware_ft/seed42/all_classification_results.csv
OpenML-CC18,TabICLv2,F-aware FT,coverage_result_rows,1,67.0,0.0,67.0,67.0,/home/crc00006699/zh/tabiclv2/results/managed_experiments/openmlcc18_2x3_full_20260715_223032/tabicl-v2/faware_ft/seed42/all_classification_results.csv
OpenML-CC18,TabICLv2,F-aware FT,coverage_status_ok,1,64.0,0.0,64.0,64.0,/home/crc00006699/zh/tabiclv2/results/managed_experiments/openmlcc18_2x3_full_20260715_223032/tabicl-v2/faware_ft/seed42/all_classification_results.csv
OpenML-CC18,TabICLv2,F-aware FT,f1,64,0.88466483160769,0.14274399037574076,0.2226505684952805,1.0,/home/crc00006699/zh/tabiclv2/results/managed_experiments/openmlcc18_2x3_full_20260715_223032/tabicl-v2/faware_ft/seed42/all_classification_results.csv
OpenML-CC18,TabICLv2,F-aware FT,fit_seconds,64,27.475831042975187,51.53364780131673,2.6288764476776123,325.09077429771423,/home/crc00006699/zh/tabiclv2/results/managed_experiments/openmlcc18_2x3_full_20260715_223032/tabicl-v2/faware_ft/seed42/all_classification_results.csv
OpenML-CC18,TabICLv2,F-aware FT,log_loss,64,0.2552494649754206,0.2963854652524922,3.3301359055421487e-06,1.7857491233278509,/home/crc00006699/zh/tabiclv2/results/managed_experiments/openmlcc18_2x3_full_20260715_223032/tabicl-v2/faware_ft/seed42/all_classification_results.csv
OpenML-CC18,TabICLv2,F-aware FT,predict_seconds,64,11.53102171048522,25.907788651731572,0.1678164005279541,109.3651225566864,/home/crc00006699/zh/tabiclv2/results/managed_experiments/openmlcc18_2x3_full_20260715_223032/tabicl-v2/faware_ft/seed42/all_classification_results.csv
OpenML-CC18,TabICLv2,F-aware FT,roc_auc,64,0.9305080524457296,0.10769881599785021,0.5245484405913996,1.0,/home/crc00006699/zh/tabiclv2/results/managed_experiments/openmlcc18_2x3_full_20260715_223032/tabicl-v2/faware_ft/seed42/all_classification_results.csv
OpenML-CC18,TabICLv2,F-aware FT,ttt_applied,64,0.921875,0.27048970875004197,0.0,1.0,/home/crc00006699/zh/tabiclv2/results/managed_experiments/openmlcc18_2x3_full_20260715_223032/tabicl-v2/faware_ft/seed42/all_classification_results.csv
OpenML-CC18,TabICLv2,F-aware FT,ttt_c_f_distance_mean,59,2.2575851694565323e+21,1.6836559522129741e+22,0.0003912405419755,1.2933625036609834e+23,/home/crc00006699/zh/tabiclv2/results/managed_experiments/openmlcc18_2x3_full_20260715_223032/tabicl-v2/faware_ft/seed42/all_classification_results.csv
OpenML-CC18,TabICLv2,F-aware FT,ttt_c_f_distance_std,59,28201768367.710354,202507739356.73193,0.0,1554944255987.7375,/home/crc00006699/zh/tabiclv2/results/managed_experiments/openmlcc18_2x3_full_20260715_223032/tabicl-v2/faware_ft/seed42/all_classification_results.csv
OpenML-CC18,TabICLv2,F-aware FT,ttt_c_label_coverage_ok,64,1.0,0.0,1.0,1.0,/home/crc00006699/zh/tabiclv2/results/managed_experiments/openmlcc18_2x3_full_20260715_223032/tabicl-v2/faware_ft/seed42/all_classification_results.csv
OpenML-CC18,TabICLv2,F-aware FT,ttt_loss,59,0.2719647802095428,0.3172164331914181,1.519066927357926e-06,1.7912669777870178,/home/crc00006699/zh/tabiclv2/results/managed_experiments/openmlcc18_2x3_full_20260715_223032/tabicl-v2/faware_ft/seed42/all_classification_results.csv
OpenML-CC18,TabICLv2,F-aware FT,ttt_oom_fallback,64,0.078125,0.27048970875004197,0.0,1.0,/home/crc00006699/zh/tabiclv2/results/managed_experiments/openmlcc18_2x3_full_20260715_223032/tabicl-v2/faware_ft/seed42/all_classification_results.csv
OpenML-CC18,TabICLv2,F-aware FT,ttt_stopped_early,64,0.875,0.3333333333333333,0.0,1.0,/home/crc00006699/zh/tabiclv2/results/managed_experiments/openmlcc18_2x3_full_20260715_223032/tabicl-v2/faware_ft/seed42/all_classification_results.csv
OpenML-CC18,TabICLv2,F-aware FT,ttt_update_seconds,64,26.782479636371136,51.20185789620826,2.6038496494293213,323.01915764808655,/home/crc00006699/zh/tabiclv2/results/managed_experiments/openmlcc18_2x3_full_20260715_223032/tabicl-v2/faware_ft/seed42/all_classification_results.csv
OpenML-CC18,TabICLv2,F-aware FT,ttt_val_baseline_accuracy,59,0.8761884256080332,0.14610617961021438,0.171875,1.0,/home/crc00006699/zh/tabiclv2/results/managed_experiments/openmlcc18_2x3_full_20260715_223032/tabicl-v2/faware_ft/seed42/all_classification_results.csv
OpenML-CC18,TabICLv2,F-aware FT,ttt_val_best_accuracy,59,0.8875541613896881,0.1411148244341848,0.2265625,1.0,/home/crc00006699/zh/tabiclv2/results/managed_experiments/openmlcc18_2x3_full_20260715_223032/tabicl-v2/faware_ft/seed42/all_classification_results.csv
OpenML-CC18,TabICLv2,F-aware FT,ttt_wise_alpha,64,0.09999999999999999,1.1189996278004203e-16,0.1,0.1,/home/crc00006699/zh/tabiclv2/results/managed_experiments/openmlcc18_2x3_full_20260715_223032/tabicl-v2/faware_ft/seed42/all_classification_results.csv
OpenML-CC18,TabICLv2,F-aware FT,ttt_wise_applied,64,0.4375,0.5,0.0,1.0,/home/crc00006699/zh/tabiclv2/results/managed_experiments/openmlcc18_2x3_full_20260715_223032/tabicl-v2/faware_ft/seed42/all_classification_results.csv
OpenML-CC18,TabICLv2,F-aware FT,ttt_wise_ft,64,1.0,0.0,1.0,1.0,/home/crc00006699/zh/tabiclv2/results/managed_experiments/openmlcc18_2x3_full_20260715_223032/tabicl-v2/faware_ft/seed42/all_classification_results.csv
OpenML-CC18,TabICLv2,LoRA,accuracy,65,0.888559430371321,0.13818141575837614,0.23125,1.0,/home/crc00006699/zh/tabiclv2/results/PEFT/tabiclv2/lora/openmlcc18_peft_2x3_full_20260717_113939/all_classification_results.csv
OpenML-CC18,TabICLv2,LoRA,balanced_accuracy,65,0.8388733901111738,0.16715215030179623,0.2352767821585026,1.0,/home/crc00006699/zh/tabiclv2/results/PEFT/tabiclv2/lora/openmlcc18_peft_2x3_full_20260717_113939/all_classification_results.csv
OpenML-CC18,TabICLv2,LoRA,coverage_adaptation_applied,1,59.0,0.0,59.0,59.0,/home/crc00006699/zh/tabiclv2/results/PEFT/tabiclv2/lora/openmlcc18_peft_2x3_full_20260717_113939/all_classification_results.csv
OpenML-CC18,TabICLv2,LoRA,coverage_failed,1,2.0,0.0,2.0,2.0,/home/crc00006699/zh/tabiclv2/results/PEFT/tabiclv2/lora/openmlcc18_peft_2x3_full_20260717_113939/all_classification_results.csv
OpenML-CC18,TabICLv2,LoRA,coverage_fallback,1,6.0,0.0,6.0,6.0,/home/crc00006699/zh/tabiclv2/results/PEFT/tabiclv2/lora/openmlcc18_peft_2x3_full_20260717_113939/all_classification_results.csv
OpenML-CC18,TabICLv2,LoRA,coverage_result_rows,1,67.0,0.0,67.0,67.0,/home/crc00006699/zh/tabiclv2/results/PEFT/tabiclv2/lora/openmlcc18_peft_2x3_full_20260717_113939/all_classification_results.csv
OpenML-CC18,TabICLv2,LoRA,coverage_status_ok,1,65.0,0.0,65.0,65.0,/home/crc00006699/zh/tabiclv2/results/PEFT/tabiclv2/lora/openmlcc18_peft_2x3_full_20260717_113939/all_classification_results.csv
OpenML-CC18,TabICLv2,LoRA,f1,65,0.8840877020929089,0.14195977657890405,0.2235822547335705,1.0,/home/crc00006699/zh/tabiclv2/results/PEFT/tabiclv2/lora/openmlcc18_peft_2x3_full_20260717_113939/all_classification_results.csv
OpenML-CC18,TabICLv2,LoRA,fit_seconds,65,22.562468789174005,39.42172043431241,3.24877667427063,219.06618356704712,/home/crc00006699/zh/tabiclv2/results/PEFT/tabiclv2/lora/openmlcc18_peft_2x3_full_20260717_113939/all_classification_results.csv
OpenML-CC18,TabICLv2,LoRA,log_loss,65,0.25506970590042544,0.29523400495176677,3.3013067616039645e-06,1.7856059666089217,/home/crc00006699/zh/tabiclv2/results/PEFT/tabiclv2/lora/openmlcc18_peft_2x3_full_20260717_113939/all_classification_results.csv
OpenML-CC18,TabICLv2,LoRA,peft_trainable_params,59,411712.0,0.0,411712.0,411712.0,/home/crc00006699/zh/tabiclv2/results/PEFT/tabiclv2/lora/openmlcc18_peft_2x3_full_20260717_113939/all_classification_results.csv
OpenML-CC18,TabICLv2,LoRA,peft_trainable_ratio,59,0.0147229452756529,1.5746526714235716e-17,0.0147229452756529,0.0147229452756529,/home/crc00006699/zh/tabiclv2/results/PEFT/tabiclv2/lora/openmlcc18_peft_2x3_full_20260717_113939/all_classification_results.csv
OpenML-CC18,TabICLv2,LoRA,predict_seconds,65,59.33803639778724,381.78821285245334,0.1545543670654297,3081.848748445511,/home/crc00006699/zh/tabiclv2/results/PEFT/tabiclv2/lora/openmlcc18_peft_2x3_full_20260717_113939/all_classification_results.csv
OpenML-CC18,TabICLv2,LoRA,roc_auc,65,0.930913301863878,0.10708067917307577,0.5254331452201415,1.0,/home/crc00006699/zh/tabiclv2/results/PEFT/tabiclv2/lora/openmlcc18_peft_2x3_full_20260717_113939/all_classification_results.csv
OpenML-CC18,TabICLv2,LoRA,ttt_applied,65,0.9076923076923077,0.2917124506190195,0.0,1.0,/home/crc00006699/zh/tabiclv2/results/PEFT/tabiclv2/lora/openmlcc18_peft_2x3_full_20260717_113939/all_classification_results.csv
OpenML-CC18,TabICLv2,LoRA,ttt_loss,59,0.2901272854757381,0.3147441192160119,7.21920223440975e-05,1.7596544027328491,/home/crc00006699/zh/tabiclv2/results/PEFT/tabiclv2/lora/openmlcc18_peft_2x3_full_20260717_113939/all_classification_results.csv
OpenML-CC18,TabICLv2,LoRA,ttt_oom_fallback,65,0.09230769230769231,0.2917124506190195,0.0,1.0,/home/crc00006699/zh/tabiclv2/results/PEFT/tabiclv2/lora/openmlcc18_peft_2x3_full_20260717_113939/all_classification_results.csv
OpenML-CC18,TabICLv2,LoRA,ttt_stopped_early,65,0.8923076923076924,0.3124038313563934,0.0,1.0,/home/crc00006699/zh/tabiclv2/results/PEFT/tabiclv2/lora/openmlcc18_peft_2x3_full_20260717_113939/all_classification_results.csv
OpenML-CC18,TabICLv2,LoRA,ttt_update_seconds,65,21.210020666856032,37.03706152279609,3.2228031158447266,216.9271845817566,/home/crc00006699/zh/tabiclv2/results/PEFT/tabiclv2/lora/openmlcc18_peft_2x3_full_20260717_113939/all_classification_results.csv
OpenML-CC18,TabICLv2,LoRA,ttt_val_baseline_accuracy,59,0.8761884256080332,0.14610617961021438,0.171875,1.0,/home/crc00006699/zh/tabiclv2/results/PEFT/tabiclv2/lora/openmlcc18_peft_2x3_full_20260717_113939/all_classification_results.csv
OpenML-CC18,TabICLv2,LoRA,ttt_val_best_accuracy,59,0.8794005901060599,0.14559562597708484,0.171875,1.0,/home/crc00006699/zh/tabiclv2/results/PEFT/tabiclv2/lora/openmlcc18_peft_2x3_full_20260717_113939/all_classification_results.csv
OpenML-CC18,TabICLv2,ln_head_embedding,accuracy,65,0.8884539319733626,0.13804326542789505,0.23125,1.0,/home/crc00006699/zh/tabiclv2/results/PEFT/tabiclv2/ln_head_embedding/openmlcc18_peft_2x3_full_20260717_113939/all_classification_results.csv
OpenML-CC18,TabICLv2,ln_head_embedding,balanced_accuracy,65,0.8391535194771553,0.1668774475793294,0.2352767821585026,1.0,/home/crc00006699/zh/tabiclv2/results/PEFT/tabiclv2/ln_head_embedding/openmlcc18_peft_2x3_full_20260717_113939/all_classification_results.csv
OpenML-CC18,TabICLv2,ln_head_embedding,coverage_adaptation_applied,1,60.0,0.0,60.0,60.0,/home/crc00006699/zh/tabiclv2/results/PEFT/tabiclv2/ln_head_embedding/openmlcc18_peft_2x3_full_20260717_113939/all_classification_results.csv
OpenML-CC18,TabICLv2,ln_head_embedding,coverage_failed,1,2.0,0.0,2.0,2.0,/home/crc00006699/zh/tabiclv2/results/PEFT/tabiclv2/ln_head_embedding/openmlcc18_peft_2x3_full_20260717_113939/all_classification_results.csv
OpenML-CC18,TabICLv2,ln_head_embedding,coverage_fallback,1,5.0,0.0,5.0,5.0,/home/crc00006699/zh/tabiclv2/results/PEFT/tabiclv2/ln_head_embedding/openmlcc18_peft_2x3_full_20260717_113939/all_classification_results.csv
OpenML-CC18,TabICLv2,ln_head_embedding,coverage_result_rows,1,67.0,0.0,67.0,67.0,/home/crc00006699/zh/tabiclv2/results/PEFT/tabiclv2/ln_head_embedding/openmlcc18_peft_2x3_full_20260717_113939/all_classification_results.csv
OpenML-CC18,TabICLv2,ln_head_embedding,coverage_status_ok,1,65.0,0.0,65.0,65.0,/home/crc00006699/zh/tabiclv2/results/PEFT/tabiclv2/ln_head_embedding/openmlcc18_peft_2x3_full_20260717_113939/all_classification_results.csv
OpenML-CC18,TabICLv2,ln_head_embedding,f1,65,0.8840351940005202,0.14185888494066304,0.222444324175998,1.0,/home/crc00006699/zh/tabiclv2/results/PEFT/tabiclv2/ln_head_embedding/openmlcc18_peft_2x3_full_20260717_113939/all_classification_results.csv
OpenML-CC18,TabICLv2,ln_head_embedding,fit_seconds,65,24.140951937895554,39.46496076966526,2.1997103691101074,175.65472054481506,/home/crc00006699/zh/tabiclv2/results/PEFT/tabiclv2/ln_head_embedding/openmlcc18_peft_2x3_full_20260717_113939/all_classification_results.csv
OpenML-CC18,TabICLv2,ln_head_embedding,log_loss,65,0.25494834939209726,0.29520292385601554,3.3013067616039645e-06,1.7853644508323234,/home/crc00006699/zh/tabiclv2/results/PEFT/tabiclv2/ln_head_embedding/openmlcc18_peft_2x3_full_20260717_113939/all_classification_results.csv
OpenML-CC18,TabICLv2,ln_head_embedding,peft_trainable_params,60,573578.0,0.0,573578.0,573578.0,/home/crc00006699/zh/tabiclv2/results/PEFT/tabiclv2/ln_head_embedding/openmlcc18_peft_2x3_full_20260717_113939/all_classification_results.csv
OpenML-CC18,TabICLv2,ln_head_embedding,peft_trainable_ratio,60,0.020817821900477197,1.399490201752259e-17,0.0208178219004772,0.0208178219004772,/home/crc00006699/zh/tabiclv2/results/PEFT/tabiclv2/ln_head_embedding/openmlcc18_peft_2x3_full_20260717_113939/all_classification_results.csv
OpenML-CC18,TabICLv2,ln_head_embedding,predict_seconds,65,60.273504018783576,391.14144433501286,0.1844079494476318,3157.706461191178,/home/crc00006699/zh/tabiclv2/results/PEFT/tabiclv2/ln_head_embedding/openmlcc18_peft_2x3_full_20260717_113939/all_classification_results.csv
OpenML-CC18,TabICLv2,ln_head_embedding,roc_auc,65,0.9309935121351499,0.10696352316864476,0.5256050142130542,1.0,/home/crc00006699/zh/tabiclv2/results/PEFT/tabiclv2/ln_head_embedding/openmlcc18_peft_2x3_full_20260717_113939/all_classification_results.csv
OpenML-CC18,TabICLv2,ln_head_embedding,ttt_applied,65,0.9230769230769231,0.2685430777647873,0.0,1.0,/home/crc00006699/zh/tabiclv2/results/PEFT/tabiclv2/ln_head_embedding/openmlcc18_peft_2x3_full_20260717_113939/all_classification_results.csv
OpenML-CC18,TabICLv2,ln_head_embedding,ttt_loss,60,0.28188871355999556,0.3155838438874673,6.675763324892614e-05,1.76666921377182,/home/crc00006699/zh/tabiclv2/results/PEFT/tabiclv2/ln_head_embedding/openmlcc18_peft_2x3_full_20260717_113939/all_classification_results.csv
OpenML-CC18,TabICLv2,ln_head_embedding,ttt_oom_fallback,65,0.07692307692307693,0.2685430777647873,0.0,1.0,/home/crc00006699/zh/tabiclv2/results/PEFT/tabiclv2/ln_head_embedding/openmlcc18_peft_2x3_full_20260717_113939/all_classification_results.csv
OpenML-CC18,TabICLv2,ln_head_embedding,ttt_stopped_early,65,0.9076923076923077,0.29171245061901946,0.0,1.0,/home/crc00006699/zh/tabiclv2/results/PEFT/tabiclv2/ln_head_embedding/openmlcc18_peft_2x3_full_20260717_113939/all_classification_results.csv
OpenML-CC18,TabICLv2,ln_head_embedding,ttt_update_seconds,65,22.430939241556022,35.89247583121316,2.1791112422943115,173.61719393730164,/home/crc00006699/zh/tabiclv2/results/PEFT/tabiclv2/ln_head_embedding/openmlcc18_peft_2x3_full_20260717_113939/all_classification_results.csv
OpenML-CC18,TabICLv2,ln_head_embedding,ttt_val_baseline_accuracy,60,0.876969900565848,0.14498911711265108,0.171875,1.0,/home/crc00006699/zh/tabiclv2/results/PEFT/tabiclv2/ln_head_embedding/openmlcc18_peft_2x3_full_20260717_113939/all_classification_results.csv
OpenML-CC18,TabICLv2,ln_head_embedding,ttt_val_best_accuracy,60,0.8814508992832439,0.14334492118007694,0.1796875,1.0,/home/crc00006699/zh/tabiclv2/results/PEFT/tabiclv2/ln_head_embedding/openmlcc18_peft_2x3_full_20260717_113939/all_classification_results.csv
OpenML-CC18,TabICLv2,Last-block,accuracy,65,0.8885170702463417,0.1380523839499428,0.23125,1.0,/home/crc00006699/zh/tabiclv2/results/PEFT/tabiclv2/last_layers/openmlcc18_peft_2x3_full_20260717_113939/all_classification_results.csv
OpenML-CC18,TabICLv2,Last-block,balanced_accuracy,65,0.8389917271046733,0.1670110465627314,0.2352767821585026,1.0,/home/crc00006699/zh/tabiclv2/results/PEFT/tabiclv2/last_layers/openmlcc18_peft_2x3_full_20260717_113939/all_classification_results.csv
OpenML-CC18,TabICLv2,Last-block,coverage_adaptation_applied,1,64.0,0.0,64.0,64.0,/home/crc00006699/zh/tabiclv2/results/PEFT/tabiclv2/last_layers/openmlcc18_peft_2x3_full_20260717_113939/all_classification_results.csv
OpenML-CC18,TabICLv2,Last-block,coverage_failed,1,2.0,0.0,2.0,2.0,/home/crc00006699/zh/tabiclv2/results/PEFT/tabiclv2/last_layers/openmlcc18_peft_2x3_full_20260717_113939/all_classification_results.csv
OpenML-CC18,TabICLv2,Last-block,coverage_fallback,1,1.0,0.0,1.0,1.0,/home/crc00006699/zh/tabiclv2/results/PEFT/tabiclv2/last_layers/openmlcc18_peft_2x3_full_20260717_113939/all_classification_results.csv
OpenML-CC18,TabICLv2,Last-block,coverage_result_rows,1,67.0,0.0,67.0,67.0,/home/crc00006699/zh/tabiclv2/results/PEFT/tabiclv2/last_layers/openmlcc18_peft_2x3_full_20260717_113939/all_classification_results.csv
OpenML-CC18,TabICLv2,Last-block,coverage_status_ok,1,65.0,0.0,65.0,65.0,/home/crc00006699/zh/tabiclv2/results/PEFT/tabiclv2/last_layers/openmlcc18_peft_2x3_full_20260717_113939/all_classification_results.csv
OpenML-CC18,TabICLv2,Last-block,f1,65,0.8840681800276669,0.14193717929696859,0.2215290604686654,1.0,/home/crc00006699/zh/tabiclv2/results/PEFT/tabiclv2/last_layers/openmlcc18_peft_2x3_full_20260717_113939/all_classification_results.csv
OpenML-CC18,TabICLv2,Last-block,fit_seconds,65,23.71326206647433,40.61463643412542,1.5769469738006592,195.7743501663208,/home/crc00006699/zh/tabiclv2/results/PEFT/tabiclv2/last_layers/openmlcc18_peft_2x3_full_20260717_113939/all_classification_results.csv
OpenML-CC18,TabICLv2,Last-block,log_loss,65,0.2552109838131595,0.29511985590200324,3.3013067616039645e-06,1.784656135229952,/home/crc00006699/zh/tabiclv2/results/PEFT/tabiclv2/last_layers/openmlcc18_peft_2x3_full_20260717_113939/all_classification_results.csv
OpenML-CC18,TabICLv2,Last-block,peft_trainable_params,64,2681098.0,0.0,2681098.0,2681098.0,/home/crc00006699/zh/tabiclv2/results/PEFT/tabiclv2/last_layers/openmlcc18_peft_2x3_full_20260717_113939/all_classification_results.csv
OpenML-CC18,TabICLv2,Last-block,peft_trainable_ratio,64,0.0973095562621401,6.993747673752626e-17,0.0973095562621401,0.0973095562621401,/home/crc00006699/zh/tabiclv2/results/PEFT/tabiclv2/last_layers/openmlcc18_peft_2x3_full_20260717_113939/all_classification_results.csv
OpenML-CC18,TabICLv2,Last-block,predict_seconds,65,62.05145786725558,404.09083034838534,0.1609776020050048,3262.223573923111,/home/crc00006699/zh/tabiclv2/results/PEFT/tabiclv2/last_layers/openmlcc18_peft_2x3_full_20260717_113939/all_classification_results.csv
OpenML-CC18,TabICLv2,Last-block,roc_auc,65,0.930949585933305,0.10689083463454312,0.5256189633758371,1.0,/home/crc00006699/zh/tabiclv2/results/PEFT/tabiclv2/last_layers/openmlcc18_peft_2x3_full_20260717_113939/all_classification_results.csv
OpenML-CC18,TabICLv2,Last-block,ttt_applied,65,0.9846153846153847,0.12403473458920845,0.0,1.0,/home/crc00006699/zh/tabiclv2/results/PEFT/tabiclv2/last_layers/openmlcc18_peft_2x3_full_20260717_113939/all_classification_results.csv
OpenML-CC18,TabICLv2,Last-block,ttt_loss,64,0.28183764760200347,0.3085393273220066,6.877123450976796e-05,1.7815449237823486,/home/crc00006699/zh/tabiclv2/results/PEFT/tabiclv2/last_layers/openmlcc18_peft_2x3_full_20260717_113939/all_classification_results.csv
OpenML-CC18,TabICLv2,Last-block,ttt_oom_fallback,65,0.015384615384615385,0.12403473458920845,0.0,1.0,/home/crc00006699/zh/tabiclv2/results/PEFT/tabiclv2/last_layers/openmlcc18_peft_2x3_full_20260717_113939/all_classification_results.csv
OpenML-CC18,TabICLv2,Last-block,ttt_stopped_early,65,0.9692307692307692,0.17403580533459634,0.0,1.0,/home/crc00006699/zh/tabiclv2/results/PEFT/tabiclv2/last_layers/openmlcc18_peft_2x3_full_20260717_113939/all_classification_results.csv
OpenML-CC18,TabICLv2,Last-block,ttt_update_seconds,65,22.5272393483382,37.97177316466921,1.559051513671875,187.5347547531128,/home/crc00006699/zh/tabiclv2/results/PEFT/tabiclv2/last_layers/openmlcc18_peft_2x3_full_20260717_113939/all_classification_results.csv
OpenML-CC18,TabICLv2,Last-block,ttt_val_baseline_accuracy,64,0.8799421166564658,0.14291187582647136,0.171875,1.0,/home/crc00006699/zh/tabiclv2/results/PEFT/tabiclv2/last_layers/openmlcc18_peft_2x3_full_20260717_113939/all_classification_results.csv
OpenML-CC18,TabICLv2,Last-block,ttt_val_best_accuracy,64,0.8815560262356819,0.14121585315933055,0.1875,1.0,/home/crc00006699/zh/tabiclv2/results/PEFT/tabiclv2/last_layers/openmlcc18_peft_2x3_full_20260717_113939/all_classification_results.csv
Graph-SCM,TabICLv2,Infer,accuracy,512,0.819710736634899,0.2216970642123941,0.1456338567598621,1.0,/Users/zhuhao/experiment/second_learning/tabiclv2_test/results/合成数据实验/matrix/tabiclv2_graph_scm_2x3_full_20260716_090925/tabicl-v2/infer/seed42/all_classification_results.csv
Graph-SCM,TabICLv2,Infer,balanced_accuracy,512,0.7648437259187999,0.265988257242095,0.1,1.0,/Users/zhuhao/experiment/second_learning/tabiclv2_test/results/合成数据实验/matrix/tabiclv2_graph_scm_2x3_full_20260716_090925/tabicl-v2/infer/seed42/all_classification_results.csv
Graph-SCM,TabICLv2,Infer,coverage_adaptation_applied,1,0.0,0.0,0.0,0.0,/Users/zhuhao/experiment/second_learning/tabiclv2_test/results/合成数据实验/matrix/tabiclv2_graph_scm_2x3_full_20260716_090925/tabicl-v2/infer/seed42/all_classification_results.csv
Graph-SCM,TabICLv2,Infer,coverage_failed,1,0.0,0.0,0.0,0.0,/Users/zhuhao/experiment/second_learning/tabiclv2_test/results/合成数据实验/matrix/tabiclv2_graph_scm_2x3_full_20260716_090925/tabicl-v2/infer/seed42/all_classification_results.csv
Graph-SCM,TabICLv2,Infer,coverage_fallback,1,0.0,0.0,0.0,0.0,/Users/zhuhao/experiment/second_learning/tabiclv2_test/results/合成数据实验/matrix/tabiclv2_graph_scm_2x3_full_20260716_090925/tabicl-v2/infer/seed42/all_classification_results.csv
Graph-SCM,TabICLv2,Infer,coverage_result_rows,1,512.0,0.0,512.0,512.0,/Users/zhuhao/experiment/second_learning/tabiclv2_test/results/合成数据实验/matrix/tabiclv2_graph_scm_2x3_full_20260716_090925/tabicl-v2/infer/seed42/all_classification_results.csv
Graph-SCM,TabICLv2,Infer,coverage_status_ok,1,512.0,0.0,512.0,512.0,/Users/zhuhao/experiment/second_learning/tabiclv2_test/results/合成数据实验/matrix/tabiclv2_graph_scm_2x3_full_20260716_090925/tabicl-v2/infer/seed42/all_classification_results.csv
Graph-SCM,TabICLv2,Infer,f1,512,0.8046077764655326,0.24285585999133047,0.0504006706722384,1.0,/Users/zhuhao/experiment/second_learning/tabiclv2_test/results/合成数据实验/matrix/tabiclv2_graph_scm_2x3_full_20260716_090925/tabicl-v2/infer/seed42/all_classification_results.csv
Graph-SCM,TabICLv2,Infer,fit_seconds,512,0.5927352327853441,0.24211845940514673,0.3589277267456054,1.7741518020629885,/Users/zhuhao/experiment/second_learning/tabiclv2_test/results/合成数据实验/matrix/tabiclv2_graph_scm_2x3_full_20260716_090925/tabicl-v2/infer/seed42/all_classification_results.csv
Graph-SCM,TabICLv2,Infer,log_loss,512,0.442815479418301,0.5521612586055256,1.7123579477279745e-07,2.2758787243233978,/Users/zhuhao/experiment/second_learning/tabiclv2_test/results/合成数据实验/matrix/tabiclv2_graph_scm_2x3_full_20260716_090925/tabicl-v2/infer/seed42/all_classification_results.csv
Graph-SCM,TabICLv2,Infer,predict_seconds,512,3.128305222839117,6.098942720056404,0.1221182346343994,44.385404109954834,/Users/zhuhao/experiment/second_learning/tabiclv2_test/results/合成数据实验/matrix/tabiclv2_graph_scm_2x3_full_20260716_090925/tabicl-v2/infer/seed42/all_classification_results.csv
Graph-SCM,TabICLv2,Infer,roc_auc,512,0.9217094795354948,0.1165430619682185,0.5184398648943784,1.0,/Users/zhuhao/experiment/second_learning/tabiclv2_test/results/合成数据实验/matrix/tabiclv2_graph_scm_2x3_full_20260716_090925/tabicl-v2/infer/seed42/all_classification_results.csv
Graph-SCM,TabICLv2,FT,accuracy,512,0.8199752850109925,0.22147987010991232,0.146112600536193,1.0,/Users/zhuhao/experiment/second_learning/tabiclv2_test/results/合成数据实验/matrix/tabiclv2_graph_scm_2x3_full_20260716_090925/tabicl-v2/ft/seed42/all_classification_results.csv
Graph-SCM,TabICLv2,FT,balanced_accuracy,512,0.7651969098467535,0.2657908792860112,0.1,1.0,/Users/zhuhao/experiment/second_learning/tabiclv2_test/results/合成数据实验/matrix/tabiclv2_graph_scm_2x3_full_20260716_090925/tabicl-v2/ft/seed42/all_classification_results.csv
Graph-SCM,TabICLv2,FT,coverage_adaptation_applied,1,506.0,0.0,506.0,506.0,/Users/zhuhao/experiment/second_learning/tabiclv2_test/results/合成数据实验/matrix/tabiclv2_graph_scm_2x3_full_20260716_090925/tabicl-v2/ft/seed42/all_classification_results.csv
Graph-SCM,TabICLv2,FT,coverage_failed,1,0.0,0.0,0.0,0.0,/Users/zhuhao/experiment/second_learning/tabiclv2_test/results/合成数据实验/matrix/tabiclv2_graph_scm_2x3_full_20260716_090925/tabicl-v2/ft/seed42/all_classification_results.csv
Graph-SCM,TabICLv2,FT,coverage_fallback,1,6.0,0.0,6.0,6.0,/Users/zhuhao/experiment/second_learning/tabiclv2_test/results/合成数据实验/matrix/tabiclv2_graph_scm_2x3_full_20260716_090925/tabicl-v2/ft/seed42/all_classification_results.csv
Graph-SCM,TabICLv2,FT,coverage_result_rows,1,512.0,0.0,512.0,512.0,/Users/zhuhao/experiment/second_learning/tabiclv2_test/results/合成数据实验/matrix/tabiclv2_graph_scm_2x3_full_20260716_090925/tabicl-v2/ft/seed42/all_classification_results.csv
Graph-SCM,TabICLv2,FT,coverage_status_ok,1,512.0,0.0,512.0,512.0,/Users/zhuhao/experiment/second_learning/tabiclv2_test/results/合成数据实验/matrix/tabiclv2_graph_scm_2x3_full_20260716_090925/tabicl-v2/ft/seed42/all_classification_results.csv
Graph-SCM,TabICLv2,FT,f1,512,0.8049957086720616,0.24246130317823245,0.0504006706722384,1.0,/Users/zhuhao/experiment/second_learning/tabiclv2_test/results/合成数据实验/matrix/tabiclv2_graph_scm_2x3_full_20260716_090925/tabicl-v2/ft/seed42/all_classification_results.csv
Graph-SCM,TabICLv2,FT,fit_seconds,512,13.979828961659223,20.714990555214147,2.5742359161376953,177.81753873825073,/Users/zhuhao/experiment/second_learning/tabiclv2_test/results/合成数据实验/matrix/tabiclv2_graph_scm_2x3_full_20260716_090925/tabicl-v2/ft/seed42/all_classification_results.csv
Graph-SCM,TabICLv2,FT,log_loss,512,0.442150684898748,0.5517460306048427,1.7123579477279745e-07,2.2751743608636428,/Users/zhuhao/experiment/second_learning/tabiclv2_test/results/合成数据实验/matrix/tabiclv2_graph_scm_2x3_full_20260716_090925/tabicl-v2/ft/seed42/all_classification_results.csv
Graph-SCM,TabICLv2,FT,predict_seconds,512,3.619766647927463,7.649238033307603,0.0891807079315185,77.26685500144958,/Users/zhuhao/experiment/second_learning/tabiclv2_test/results/合成数据实验/matrix/tabiclv2_graph_scm_2x3_full_20260716_090925/tabicl-v2/ft/seed42/all_classification_results.csv
Graph-SCM,TabICLv2,FT,roc_auc,512,0.9217767379237625,0.11639766812108956,0.5184398648943784,1.0,/Users/zhuhao/experiment/second_learning/tabiclv2_test/results/合成数据实验/matrix/tabiclv2_graph_scm_2x3_full_20260716_090925/tabicl-v2/ft/seed42/all_classification_results.csv
Graph-SCM,TabICLv2,FT,ttt_applied,512,0.98828125,0.10772225920023014,0.0,1.0,/Users/zhuhao/experiment/second_learning/tabiclv2_test/results/合成数据实验/matrix/tabiclv2_graph_scm_2x3_full_20260716_090925/tabicl-v2/ft/seed42/all_classification_results.csv
Graph-SCM,TabICLv2,FT,ttt_c_label_coverage_ok,512,1.0,0.0,1.0,1.0,/Users/zhuhao/experiment/second_learning/tabiclv2_test/results/合成数据实验/matrix/tabiclv2_graph_scm_2x3_full_20260716_090925/tabicl-v2/ft/seed42/all_classification_results.csv
Graph-SCM,TabICLv2,FT,ttt_loss,506,0.45958657686047527,0.5606671822329526,2.9227049935798277e-07,2.3085254430770874,/Users/zhuhao/experiment/second_learning/tabiclv2_test/results/合成数据实验/matrix/tabiclv2_graph_scm_2x3_full_20260716_090925/tabicl-v2/ft/seed42/all_classification_results.csv
Graph-SCM,TabICLv2,FT,ttt_oom_fallback,512,0.01171875,0.10772225920023014,0.0,1.0,/Users/zhuhao/experiment/second_learning/tabiclv2_test/results/合成数据实验/matrix/tabiclv2_graph_scm_2x3_full_20260716_090925/tabicl-v2/ft/seed42/all_classification_results.csv
Graph-SCM,TabICLv2,FT,ttt_stopped_early,512,0.986328125,0.11623830770482764,0.0,1.0,/Users/zhuhao/experiment/second_learning/tabiclv2_test/results/合成数据实验/matrix/tabiclv2_graph_scm_2x3_full_20260716_090925/tabicl-v2/ft/seed42/all_classification_results.csv
Graph-SCM,TabICLv2,FT,ttt_update_seconds,512,13.749446020461619,20.550184822104335,2.554208755493164,176.48760628700256,/Users/zhuhao/experiment/second_learning/tabiclv2_test/results/合成数据实验/matrix/tabiclv2_graph_scm_2x3_full_20260716_090925/tabicl-v2/ft/seed42/all_classification_results.csv
Graph-SCM,TabICLv2,FT,ttt_val_baseline_accuracy,506,0.8136365749513887,0.22310293435364287,0.132572877059569,1.0,/Users/zhuhao/experiment/second_learning/tabiclv2_test/results/合成数据实验/matrix/tabiclv2_graph_scm_2x3_full_20260716_090925/tabicl-v2/ft/seed42/all_classification_results.csv
Graph-SCM,TabICLv2,FT,ttt_val_best_accuracy,506,0.8200866406087219,0.21823367275185715,0.1406844106463878,1.0,/Users/zhuhao/experiment/second_learning/tabiclv2_test/results/合成数据实验/matrix/tabiclv2_graph_scm_2x3_full_20260716_090925/tabicl-v2/ft/seed42/all_classification_results.csv
Graph-SCM,TabICLv2,FT,ttt_wise_alpha,512,0.10000000000000002,8.890470540590263e-16,0.1,0.1,/Users/zhuhao/experiment/second_learning/tabiclv2_test/results/合成数据实验/matrix/tabiclv2_graph_scm_2x3_full_20260716_090925/tabicl-v2/ft/seed42/all_classification_results.csv
Graph-SCM,TabICLv2,FT,ttt_wise_applied,512,0.609375,0.4883676232314583,0.0,1.0,/Users/zhuhao/experiment/second_learning/tabiclv2_test/results/合成数据实验/matrix/tabiclv2_graph_scm_2x3_full_20260716_090925/tabicl-v2/ft/seed42/all_classification_results.csv
Graph-SCM,TabICLv2,FT,ttt_wise_ft,512,1.0,0.0,1.0,1.0,/Users/zhuhao/experiment/second_learning/tabiclv2_test/results/合成数据实验/matrix/tabiclv2_graph_scm_2x3_full_20260716_090925/tabicl-v2/ft/seed42/all_classification_results.csv
Graph-SCM,TabICLv2,F-aware FT,accuracy,512,0.8201278563578862,0.2212322077628841,0.1457296055151283,1.0,/Users/zhuhao/experiment/second_learning/tabiclv2_test/results/合成数据实验/matrix/tabiclv2_graph_scm_2x3_full_20260716_090925/tabicl-v2/faware_ft/seed42/all_classification_results.csv
Graph-SCM,TabICLv2,F-aware FT,balanced_accuracy,512,0.7651589817473567,0.2656609302952805,0.1,1.0,/Users/zhuhao/experiment/second_learning/tabiclv2_test/results/合成数据实验/matrix/tabiclv2_graph_scm_2x3_full_20260716_090925/tabicl-v2/faware_ft/seed42/all_classification_results.csv
Graph-SCM,TabICLv2,F-aware FT,coverage_adaptation_applied,1,508.0,0.0,508.0,508.0,/Users/zhuhao/experiment/second_learning/tabiclv2_test/results/合成数据实验/matrix/tabiclv2_graph_scm_2x3_full_20260716_090925/tabicl-v2/faware_ft/seed42/all_classification_results.csv
Graph-SCM,TabICLv2,F-aware FT,coverage_failed,1,0.0,0.0,0.0,0.0,/Users/zhuhao/experiment/second_learning/tabiclv2_test/results/合成数据实验/matrix/tabiclv2_graph_scm_2x3_full_20260716_090925/tabicl-v2/faware_ft/seed42/all_classification_results.csv
Graph-SCM,TabICLv2,F-aware FT,coverage_fallback,1,4.0,0.0,4.0,4.0,/Users/zhuhao/experiment/second_learning/tabiclv2_test/results/合成数据实验/matrix/tabiclv2_graph_scm_2x3_full_20260716_090925/tabicl-v2/faware_ft/seed42/all_classification_results.csv
Graph-SCM,TabICLv2,F-aware FT,coverage_result_rows,1,512.0,0.0,512.0,512.0,/Users/zhuhao/experiment/second_learning/tabiclv2_test/results/合成数据实验/matrix/tabiclv2_graph_scm_2x3_full_20260716_090925/tabicl-v2/faware_ft/seed42/all_classification_results.csv
Graph-SCM,TabICLv2,F-aware FT,coverage_status_ok,1,512.0,0.0,512.0,512.0,/Users/zhuhao/experiment/second_learning/tabiclv2_test/results/合成数据实验/matrix/tabiclv2_graph_scm_2x3_full_20260716_090925/tabicl-v2/faware_ft/seed42/all_classification_results.csv
Graph-SCM,TabICLv2,F-aware FT,f1,512,0.8049977677625334,0.24247160732876738,0.0504006706722384,1.0,/Users/zhuhao/experiment/second_learning/tabiclv2_test/results/合成数据实验/matrix/tabiclv2_graph_scm_2x3_full_20260716_090925/tabicl-v2/faware_ft/seed42/all_classification_results.csv
Graph-SCM,TabICLv2,F-aware FT,fit_seconds,512,13.675701641943306,19.85078760217506,2.6041815280914307,179.38627696037292,/Users/zhuhao/experiment/second_learning/tabiclv2_test/results/合成数据实验/matrix/tabiclv2_graph_scm_2x3_full_20260716_090925/tabicl-v2/faware_ft/seed42/all_classification_results.csv
Graph-SCM,TabICLv2,F-aware FT,log_loss,512,0.44201955910274654,0.5517408651010837,1.7123579477279745e-07,2.2753310431732,/Users/zhuhao/experiment/second_learning/tabiclv2_test/results/合成数据实验/matrix/tabiclv2_graph_scm_2x3_full_20260716_090925/tabicl-v2/faware_ft/seed42/all_classification_results.csv
Graph-SCM,TabICLv2,F-aware FT,predict_seconds,512,3.0996105754747987,5.951390164351559,0.1042604446411132,41.911046743392944,/Users/zhuhao/experiment/second_learning/tabiclv2_test/results/合成数据实验/matrix/tabiclv2_graph_scm_2x3_full_20260716_090925/tabicl-v2/faware_ft/seed42/all_classification_results.csv
Graph-SCM,TabICLv2,F-aware FT,roc_auc,512,0.9217454654315393,0.11646130212236604,0.5184398648943784,1.0,/Users/zhuhao/experiment/second_learning/tabiclv2_test/results/合成数据实验/matrix/tabiclv2_graph_scm_2x3_full_20260716_090925/tabicl-v2/faware_ft/seed42/all_classification_results.csv
Graph-SCM,TabICLv2,F-aware FT,ttt_applied,512,0.9921875,0.08812850872947202,0.0,1.0,/Users/zhuhao/experiment/second_learning/tabiclv2_test/results/合成数据实验/matrix/tabiclv2_graph_scm_2x3_full_20260716_090925/tabicl-v2/faware_ft/seed42/all_classification_results.csv
Graph-SCM,TabICLv2,F-aware FT,ttt_c_f_distance_mean,508,87.47640653255058,1883.4155351038182,1.4512338860293847,42453.89044916308,/Users/zhuhao/experiment/second_learning/tabiclv2_test/results/合成数据实验/matrix/tabiclv2_graph_scm_2x3_full_20260716_090925/tabicl-v2/faware_ft/seed42/all_classification_results.csv
Graph-SCM,TabICLv2,F-aware FT,ttt_c_f_distance_std,508,1.8893559292587394,5.40210660306785,0.0,90.36958036396337,/Users/zhuhao/experiment/second_learning/tabiclv2_test/results/合成数据实验/matrix/tabiclv2_graph_scm_2x3_full_20260716_090925/tabicl-v2/faware_ft/seed42/all_classification_results.csv
Graph-SCM,TabICLv2,F-aware FT,ttt_c_label_coverage_ok,512,1.0,0.0,1.0,1.0,/Users/zhuhao/experiment/second_learning/tabiclv2_test/results/合成数据实验/matrix/tabiclv2_graph_scm_2x3_full_20260716_090925/tabicl-v2/faware_ft/seed42/all_classification_results.csv
Graph-SCM,TabICLv2,F-aware FT,ttt_loss,508,0.45609468364854033,0.5578447011524905,2.735741304604744e-07,2.279558777809143,/Users/zhuhao/experiment/second_learning/tabiclv2_test/results/合成数据实验/matrix/tabiclv2_graph_scm_2x3_full_20260716_090925/tabicl-v2/faware_ft/seed42/all_classification_results.csv
Graph-SCM,TabICLv2,F-aware FT,ttt_oom_fallback,512,0.0078125,0.08812850872947202,0.0,1.0,/Users/zhuhao/experiment/second_learning/tabiclv2_test/results/合成数据实验/matrix/tabiclv2_graph_scm_2x3_full_20260716_090925/tabicl-v2/faware_ft/seed42/all_classification_results.csv
Graph-SCM,TabICLv2,F-aware FT,ttt_stopped_early,512,0.984375,0.12414088329035519,0.0,1.0,/Users/zhuhao/experiment/second_learning/tabiclv2_test/results/合成数据实验/matrix/tabiclv2_graph_scm_2x3_full_20260716_090925/tabicl-v2/faware_ft/seed42/all_classification_results.csv
Graph-SCM,TabICLv2,F-aware FT,ttt_update_seconds,512,13.43695710413158,19.635667046021226,2.5820157527923584,178.7414164543152,/Users/zhuhao/experiment/second_learning/tabiclv2_test/results/合成数据实验/matrix/tabiclv2_graph_scm_2x3_full_20260716_090925/tabicl-v2/faware_ft/seed42/all_classification_results.csv
Graph-SCM,TabICLv2,F-aware FT,ttt_val_baseline_accuracy,508,0.8142113302198697,0.22286484930145636,0.132572877059569,1.0,/Users/zhuhao/experiment/second_learning/tabiclv2_test/results/合成数据实验/matrix/tabiclv2_graph_scm_2x3_full_20260716_090925/tabicl-v2/faware_ft/seed42/all_classification_results.csv
Graph-SCM,TabICLv2,F-aware FT,ttt_val_best_accuracy,508,0.8213297112389352,0.21701689987906522,0.1376425855513308,1.0,/Users/zhuhao/experiment/second_learning/tabiclv2_test/results/合成数据实验/matrix/tabiclv2_graph_scm_2x3_full_20260716_090925/tabicl-v2/faware_ft/seed42/all_classification_results.csv
Graph-SCM,TabICLv2,F-aware FT,ttt_wise_alpha,512,0.10000000000000002,8.890470540590263e-16,0.1,0.1,/Users/zhuhao/experiment/second_learning/tabiclv2_test/results/合成数据实验/matrix/tabiclv2_graph_scm_2x3_full_20260716_090925/tabicl-v2/faware_ft/seed42/all_classification_results.csv
Graph-SCM,TabICLv2,F-aware FT,ttt_wise_applied,512,0.609375,0.4883676232314583,0.0,1.0,/Users/zhuhao/experiment/second_learning/tabiclv2_test/results/合成数据实验/matrix/tabiclv2_graph_scm_2x3_full_20260716_090925/tabicl-v2/faware_ft/seed42/all_classification_results.csv
Graph-SCM,TabICLv2,F-aware FT,ttt_wise_ft,512,1.0,0.0,1.0,1.0,/Users/zhuhao/experiment/second_learning/tabiclv2_test/results/合成数据实验/matrix/tabiclv2_graph_scm_2x3_full_20260716_090925/tabicl-v2/faware_ft/seed42/all_classification_results.csv
data184,TabPFNv3,Infer,accuracy,184,0.8550966862161972,0.12642643851549348,0.403183023872679,1.0,/Users/zhuhao/experiment/second_learning/tabiclv2_test/results/tabpfn/v3/infer_baseline/seed_sweep_20260702_153706/seed10/all_classification_results.csv
data184,TabPFNv3,Infer,balanced_accuracy,184,0.7803945875999372,0.1708877199619345,0.1428571428571428,1.0,/Users/zhuhao/experiment/second_learning/tabiclv2_test/results/tabpfn/v3/infer_baseline/seed_sweep_20260702_153706/seed10/all_classification_results.csv
data184,TabPFNv3,Infer,coverage_adaptation_applied,1,0.0,0.0,0.0,0.0,/Users/zhuhao/experiment/second_learning/tabiclv2_test/results/tabpfn/v3/infer_baseline/seed_sweep_20260702_153706/seed10/all_classification_results.csv
data184,TabPFNv3,Infer,coverage_failed,1,0.0,0.0,0.0,0.0,/Users/zhuhao/experiment/second_learning/tabiclv2_test/results/tabpfn/v3/infer_baseline/seed_sweep_20260702_153706/seed10/all_classification_results.csv
data184,TabPFNv3,Infer,coverage_fallback,1,0.0,0.0,0.0,0.0,/Users/zhuhao/experiment/second_learning/tabiclv2_test/results/tabpfn/v3/infer_baseline/seed_sweep_20260702_153706/seed10/all_classification_results.csv
data184,TabPFNv3,Infer,coverage_result_rows,1,184.0,0.0,184.0,184.0,/Users/zhuhao/experiment/second_learning/tabiclv2_test/results/tabpfn/v3/infer_baseline/seed_sweep_20260702_153706/seed10/all_classification_results.csv
data184,TabPFNv3,Infer,coverage_status_ok,1,184.0,0.0,184.0,184.0,/Users/zhuhao/experiment/second_learning/tabiclv2_test/results/tabpfn/v3/infer_baseline/seed_sweep_20260702_153706/seed10/all_classification_results.csv
data184,TabPFNv3,Infer,f1,184,0.8466525635286853,0.13677243916636203,0.2316968605998004,1.0,/Users/zhuhao/experiment/second_learning/tabiclv2_test/results/tabpfn/v3/infer_baseline/seed_sweep_20260702_153706/seed10/all_classification_results.csv
data184,TabPFNv3,Infer,fit_seconds,184,0.7148630891157233,0.306408135945869,0.506976842880249,2.6567916870117188,/Users/zhuhao/experiment/second_learning/tabiclv2_test/results/tabpfn/v3/infer_baseline/seed_sweep_20260702_153706/seed10/all_classification_results.csv
data184,TabPFNv3,Infer,log_loss,184,0.3247480437007533,0.27103688717199287,1.2997894562074718e-05,1.508819754856953,/Users/zhuhao/experiment/second_learning/tabiclv2_test/results/tabpfn/v3/infer_baseline/seed_sweep_20260702_153706/seed10/all_classification_results.csv
data184,TabPFNv3,Infer,predict_seconds,184,5.526689622713172,15.916619313455028,0.4712848663330078,116.9245674610138,/Users/zhuhao/experiment/second_learning/tabiclv2_test/results/tabpfn/v3/infer_baseline/seed_sweep_20260702_153706/seed10/all_classification_results.csv
data184,TabPFNv3,Infer,roc_auc,184,0.9036757532118781,0.10393918204562647,0.5040443904957866,1.0,/Users/zhuhao/experiment/second_learning/tabiclv2_test/results/tabpfn/v3/infer_baseline/seed_sweep_20260702_153706/seed10/all_classification_results.csv
data184,TabPFNv3,FT,accuracy,183,0.855762232261294,0.12668556406439166,0.403183023872679,1.0,/Users/zhuhao/experiment/second_learning/tabiclv2_test/results/tabpfn/v3/tabpfnv3_best_para/all_classification_results.csv
data184,TabPFNv3,FT,balanced_accuracy,183,0.7802574245640006,0.17359488091058298,0.1428571428571428,1.0,/Users/zhuhao/experiment/second_learning/tabiclv2_test/results/tabpfn/v3/tabpfnv3_best_para/all_classification_results.csv
data184,TabPFNv3,FT,coverage_adaptation_applied,1,183.0,0.0,183.0,183.0,/Users/zhuhao/experiment/second_learning/tabiclv2_test/results/tabpfn/v3/tabpfnv3_best_para/all_classification_results.csv
data184,TabPFNv3,FT,coverage_failed,1,1.0,0.0,1.0,1.0,/Users/zhuhao/experiment/second_learning/tabiclv2_test/results/tabpfn/v3/tabpfnv3_best_para/all_classification_results.csv
data184,TabPFNv3,FT,coverage_fallback,1,1.0,0.0,1.0,1.0,/Users/zhuhao/experiment/second_learning/tabiclv2_test/results/tabpfn/v3/tabpfnv3_best_para/all_classification_results.csv
data184,TabPFNv3,FT,coverage_result_rows,1,184.0,0.0,184.0,184.0,/Users/zhuhao/experiment/second_learning/tabiclv2_test/results/tabpfn/v3/tabpfnv3_best_para/all_classification_results.csv
data184,TabPFNv3,FT,coverage_status_ok,1,183.0,0.0,183.0,183.0,/Users/zhuhao/experiment/second_learning/tabiclv2_test/results/tabpfn/v3/tabpfnv3_best_para/all_classification_results.csv
data184,TabPFNv3,FT,f1,183,0.8471113735867242,0.13743247269175934,0.2316968605998004,1.0,/Users/zhuhao/experiment/second_learning/tabiclv2_test/results/tabpfn/v3/tabpfnv3_best_para/all_classification_results.csv
data184,TabPFNv3,FT,fit_seconds,183,41.67039821577854,80.69517977729076,7.30571699142456,553.9124953746796,/Users/zhuhao/experiment/second_learning/tabiclv2_test/results/tabpfn/v3/tabpfnv3_best_para/all_classification_results.csv
data184,TabPFNv3,FT,log_loss,183,0.32789292450419866,0.27281706872845546,1.2993896981348888e-05,1.5141309843914252,/Users/zhuhao/experiment/second_learning/tabiclv2_test/results/tabpfn/v3/tabpfnv3_best_para/all_classification_results.csv
data184,TabPFNv3,FT,predict_seconds,183,2.8213445944864244,5.593122735943202,0.4249608516693115,32.32885956764221,/Users/zhuhao/experiment/second_learning/tabiclv2_test/results/tabpfn/v3/tabpfnv3_best_para/all_classification_results.csv
data184,TabPFNv3,FT,roc_auc,183,0.9019151504990602,0.10571571845561048,0.4654286953618554,1.0,/Users/zhuhao/experiment/second_learning/tabiclv2_test/results/tabpfn/v3/tabpfnv3_best_para/all_classification_results.csv
data184,TabPFNv3,FT,ttt_applied,183,1.0,0.0,1.0,1.0,/Users/zhuhao/experiment/second_learning/tabiclv2_test/results/tabpfn/v3/tabpfnv3_best_para/all_classification_results.csv
data184,TabPFNv3,FT,ttt_c_label_coverage_ok,183,0.994535519125683,0.07392212709545729,0.0,1.0,/Users/zhuhao/experiment/second_learning/tabiclv2_test/results/tabpfn/v3/tabpfnv3_best_para/all_classification_results.csv
data184,TabPFNv3,FT,ttt_oom_fallback,183,0.0,0.0,0.0,0.0,/Users/zhuhao/experiment/second_learning/tabiclv2_test/results/tabpfn/v3/tabpfnv3_best_para/all_classification_results.csv
data184,TabPFNv3,FT,ttt_stopped_early,183,0.9617486338797814,0.1923287083934669,0.0,1.0,/Users/zhuhao/experiment/second_learning/tabiclv2_test/results/tabpfn/v3/tabpfnv3_best_para/all_classification_results.csv
data184,TabPFNv3,FT,ttt_update_seconds,183,41.628749526915,80.69137084380046,7.305195093154907,553.9119951725006,/Users/zhuhao/experiment/second_learning/tabiclv2_test/results/tabpfn/v3/tabpfnv3_best_para/all_classification_results.csv
data184,TabPFNv3,F-aware FT,accuracy,183,0.8551655522039101,0.1263068115639445,0.403183023872679,1.0,/home/crc00006699/zh/tabiclv2/results/tabpfn/tabpfn_v3_Data184/f_mmd/tabpfn_v3/seed42/all_classification_results.csv
data184,TabPFNv3,F-aware FT,balanced_accuracy,183,0.7790453365727944,0.17397649517988598,0.1428571428571428,1.0,/home/crc00006699/zh/tabiclv2/results/tabpfn/tabpfn_v3_Data184/f_mmd/tabpfn_v3/seed42/all_classification_results.csv
data184,TabPFNv3,F-aware FT,coverage_adaptation_applied,1,183.0,0.0,183.0,183.0,/home/crc00006699/zh/tabiclv2/results/tabpfn/tabpfn_v3_Data184/f_mmd/tabpfn_v3/seed42/all_classification_results.csv
data184,TabPFNv3,F-aware FT,coverage_failed,1,1.0,0.0,1.0,1.0,/home/crc00006699/zh/tabiclv2/results/tabpfn/tabpfn_v3_Data184/f_mmd/tabpfn_v3/seed42/all_classification_results.csv
data184,TabPFNv3,F-aware FT,coverage_fallback,1,0.0,0.0,0.0,0.0,/home/crc00006699/zh/tabiclv2/results/tabpfn/tabpfn_v3_Data184/f_mmd/tabpfn_v3/seed42/all_classification_results.csv
data184,TabPFNv3,F-aware FT,coverage_result_rows,1,184.0,0.0,184.0,184.0,/home/crc00006699/zh/tabiclv2/results/tabpfn/tabpfn_v3_Data184/f_mmd/tabpfn_v3/seed42/all_classification_results.csv
data184,TabPFNv3,F-aware FT,coverage_status_ok,1,183.0,0.0,183.0,183.0,/home/crc00006699/zh/tabiclv2/results/tabpfn/tabpfn_v3_Data184/f_mmd/tabpfn_v3/seed42/all_classification_results.csv
data184,TabPFNv3,F-aware FT,f1,183,0.8463551952005393,0.1372058708745036,0.2316968605998004,1.0,/home/crc00006699/zh/tabiclv2/results/tabpfn/tabpfn_v3_Data184/f_mmd/tabpfn_v3/seed42/all_classification_results.csv
data184,TabPFNv3,F-aware FT,fit_seconds,183,40.81291442099816,84.03281014107642,7.312267780303955,616.0344064235687,/home/crc00006699/zh/tabiclv2/results/tabpfn/tabpfn_v3_Data184/f_mmd/tabpfn_v3/seed42/all_classification_results.csv
data184,TabPFNv3,F-aware FT,log_loss,183,0.3295837427890108,0.27274996180932565,1.2993896981348888e-05,1.5104346544954783,/home/crc00006699/zh/tabiclv2/results/tabpfn/tabpfn_v3_Data184/f_mmd/tabpfn_v3/seed42/all_classification_results.csv
data184,TabPFNv3,F-aware FT,predict_seconds,183,2.825497782295519,5.5933667891427925,0.4227039813995361,32.497501373291016,/home/crc00006699/zh/tabiclv2/results/tabpfn/tabpfn_v3_Data184/f_mmd/tabpfn_v3/seed42/all_classification_results.csv
data184,TabPFNv3,F-aware FT,roc_auc,183,0.9018196946721075,0.10444041396666276,0.5085181613629058,1.0,/home/crc00006699/zh/tabiclv2/results/tabpfn/tabpfn_v3_Data184/f_mmd/tabpfn_v3/seed42/all_classification_results.csv
data184,TabPFNv3,F-aware FT,ttt_applied,183,1.0,0.0,1.0,1.0,/home/crc00006699/zh/tabiclv2/results/tabpfn/tabpfn_v3_Data184/f_mmd/tabpfn_v3/seed42/all_classification_results.csv
data184,TabPFNv3,F-aware FT,ttt_c_f_distance_mean,183,4.307156192285019e+84,5.8266128986292336e+85,1.2743595976531008,7.882095831881584e+86,/home/crc00006699/zh/tabiclv2/results/tabpfn/tabpfn_v3_Data184/f_mmd/tabpfn_v3/seed42/all_classification_results.csv
data184,TabPFNv3,F-aware FT,ttt_c_f_distance_std,183,4.790373080262987e+84,6.480296588431598e+85,0.0,8.766382736881265e+86,/home/crc00006699/zh/tabiclv2/results/tabpfn/tabpfn_v3_Data184/f_mmd/tabpfn_v3/seed42/all_classification_results.csv
data184,TabPFNv3,F-aware FT,ttt_c_label_coverage_ok,183,1.0,0.0,1.0,1.0,/home/crc00006699/zh/tabiclv2/results/tabpfn/tabpfn_v3_Data184/f_mmd/tabpfn_v3/seed42/all_classification_results.csv
data184,TabPFNv3,F-aware FT,ttt_oom_fallback,183,0.0,0.0,0.0,0.0,/home/crc00006699/zh/tabiclv2/results/tabpfn/tabpfn_v3_Data184/f_mmd/tabpfn_v3/seed42/all_classification_results.csv
data184,TabPFNv3,F-aware FT,ttt_stopped_early,183,0.9562841530054644,0.2050230920261826,0.0,1.0,/home/crc00006699/zh/tabiclv2/results/tabpfn/tabpfn_v3_Data184/f_mmd/tabpfn_v3/seed42/all_classification_results.csv
data184,TabPFNv3,F-aware FT,ttt_update_seconds,183,40.77013492714512,84.02427472986828,7.311826229095459,616.0339381694794,/home/crc00006699/zh/tabiclv2/results/tabpfn/tabpfn_v3_Data184/f_mmd/tabpfn_v3/seed42/all_classification_results.csv
data184,TabPFNv3,LoRA,accuracy,178,0.8521634669451005,0.1276409676564499,0.403183023872679,1.0,/Users/zhuhao/experiment/second_learning/tabiclv2_test/results/PEFT_results/talent184/tabpfnv3/lora/tabpfnv3_peft_data184_direct_20260716_122453/all_classification_results.csv
data184,TabPFNv3,LoRA,balanced_accuracy,178,0.7770861307401549,0.17324869076141666,0.1428571428571428,1.0,/Users/zhuhao/experiment/second_learning/tabiclv2_test/results/PEFT_results/talent184/tabpfnv3/lora/tabpfnv3_peft_data184_direct_20260716_122453/all_classification_results.csv
data184,TabPFNv3,LoRA,coverage_adaptation_applied,1,177.0,0.0,177.0,177.0,/Users/zhuhao/experiment/second_learning/tabiclv2_test/results/PEFT_results/talent184/tabpfnv3/lora/tabpfnv3_peft_data184_direct_20260716_122453/all_classification_results.csv
data184,TabPFNv3,LoRA,coverage_failed,1,6.0,0.0,6.0,6.0,/Users/zhuhao/experiment/second_learning/tabiclv2_test/results/PEFT_results/talent184/tabpfnv3/lora/tabpfnv3_peft_data184_direct_20260716_122453/all_classification_results.csv
data184,TabPFNv3,LoRA,coverage_fallback,1,1.0,0.0,1.0,1.0,/Users/zhuhao/experiment/second_learning/tabiclv2_test/results/PEFT_results/talent184/tabpfnv3/lora/tabpfnv3_peft_data184_direct_20260716_122453/all_classification_results.csv
data184,TabPFNv3,LoRA,coverage_result_rows,1,184.0,0.0,184.0,184.0,/Users/zhuhao/experiment/second_learning/tabiclv2_test/results/PEFT_results/talent184/tabpfnv3/lora/tabpfnv3_peft_data184_direct_20260716_122453/all_classification_results.csv
data184,TabPFNv3,LoRA,coverage_status_ok,1,178.0,0.0,178.0,178.0,/Users/zhuhao/experiment/second_learning/tabiclv2_test/results/PEFT_results/talent184/tabpfnv3/lora/tabpfnv3_peft_data184_direct_20260716_122453/all_classification_results.csv
data184,TabPFNv3,LoRA,f1,178,0.8434506906441815,0.13858635799712302,0.2316968605998004,1.0,/Users/zhuhao/experiment/second_learning/tabiclv2_test/results/PEFT_results/talent184/tabpfnv3/lora/tabpfnv3_peft_data184_direct_20260716_122453/all_classification_results.csv
data184,TabPFNv3,LoRA,fit_seconds,178,36.907162928849125,76.09034307620281,1.1934406757354736,640.0270433425903,/Users/zhuhao/experiment/second_learning/tabiclv2_test/results/PEFT_results/talent184/tabpfnv3/lora/tabpfnv3_peft_data184_direct_20260716_122453/all_classification_results.csv
data184,TabPFNv3,LoRA,log_loss,178,0.33254402280936146,0.2748836875679238,1.2952216220630871e-05,1.5089885063202138,/Users/zhuhao/experiment/second_learning/tabiclv2_test/results/PEFT_results/talent184/tabpfnv3/lora/tabpfnv3_peft_data184_direct_20260716_122453/all_classification_results.csv
data184,TabPFNv3,LoRA,peft_trainable_params,178,854536.0,0.0,854536.0,854536.0,/Users/zhuhao/experiment/second_learning/tabiclv2_test/results/PEFT_results/talent184/tabpfnv3/lora/tabpfnv3_peft_data184_direct_20260716_122453/all_classification_results.csv
data184,TabPFNv3,LoRA,peft_trainable_ratio,178,0.015822490430990495,6.958467691462353e-18,0.0158224904309905,0.0158224904309905,/Users/zhuhao/experiment/second_learning/tabiclv2_test/results/PEFT_results/talent184/tabpfnv3/lora/tabpfnv3_peft_data184_direct_20260716_122453/all_classification_results.csv
data184,TabPFNv3,LoRA,predict_seconds,178,13.506442939297537,36.20210605251127,2.868201732635498,306.0344316959381,/Users/zhuhao/experiment/second_learning/tabiclv2_test/results/PEFT_results/talent184/tabpfnv3/lora/tabpfnv3_peft_data184_direct_20260716_122453/all_classification_results.csv
data184,TabPFNv3,LoRA,roc_auc,178,0.9005545247549713,0.10604091832910813,0.4855050775603824,1.0,/Users/zhuhao/experiment/second_learning/tabiclv2_test/results/PEFT_results/talent184/tabpfnv3/lora/tabpfnv3_peft_data184_direct_20260716_122453/all_classification_results.csv
data184,TabPFNv3,LoRA,ttt_applied,178,0.9943820224719101,0.07495316889958611,0.0,1.0,/Users/zhuhao/experiment/second_learning/tabiclv2_test/results/PEFT_results/talent184/tabpfnv3/lora/tabpfnv3_peft_data184_direct_20260716_122453/all_classification_results.csv
data184,TabPFNv3,LoRA,ttt_oom_fallback,178,0.0056179775280898875,0.07495316889958611,0.0,1.0,/Users/zhuhao/experiment/second_learning/tabiclv2_test/results/PEFT_results/talent184/tabpfnv3/lora/tabpfnv3_peft_data184_direct_20260716_122453/all_classification_results.csv
data184,TabPFNv3,LoRA,ttt_stopped_early,178,0.949438202247191,0.21971918158943668,0.0,1.0,/Users/zhuhao/experiment/second_learning/tabiclv2_test/results/PEFT_results/talent184/tabpfnv3/lora/tabpfnv3_peft_data184_direct_20260716_122453/all_classification_results.csv
data184,TabPFNv3,LoRA,ttt_update_seconds,178,36.87865413172861,76.0790178970502,0.0,640.0266468524933,/Users/zhuhao/experiment/second_learning/tabiclv2_test/results/PEFT_results/talent184/tabpfnv3/lora/tabpfnv3_peft_data184_direct_20260716_122453/all_classification_results.csv
data184,TabPFNv3,ln_head_embedding,accuracy,182,0.8533606470081038,0.1271721453532071,0.403183023872679,1.0,/Users/zhuhao/experiment/second_learning/tabiclv2_test/results/PEFT_results/talent184/tabpfnv3/ln_head_embedding/tabpfnv3_peft_data184_direct_20260716_122453/all_classification_results.csv
data184,TabPFNv3,ln_head_embedding,balanced_accuracy,182,0.7772788126394629,0.17262914112267636,0.1428571428571428,1.0,/Users/zhuhao/experiment/second_learning/tabiclv2_test/results/PEFT_results/talent184/tabpfnv3/ln_head_embedding/tabpfnv3_peft_data184_direct_20260716_122453/all_classification_results.csv
data184,TabPFNv3,ln_head_embedding,coverage_adaptation_applied,1,181.0,0.0,181.0,181.0,/Users/zhuhao/experiment/second_learning/tabiclv2_test/results/PEFT_results/talent184/tabpfnv3/ln_head_embedding/tabpfnv3_peft_data184_direct_20260716_122453/all_classification_results.csv
data184,TabPFNv3,ln_head_embedding,coverage_failed,1,2.0,0.0,2.0,2.0,/Users/zhuhao/experiment/second_learning/tabiclv2_test/results/PEFT_results/talent184/tabpfnv3/ln_head_embedding/tabpfnv3_peft_data184_direct_20260716_122453/all_classification_results.csv
data184,TabPFNv3,ln_head_embedding,coverage_fallback,1,1.0,0.0,1.0,1.0,/Users/zhuhao/experiment/second_learning/tabiclv2_test/results/PEFT_results/talent184/tabpfnv3/ln_head_embedding/tabpfnv3_peft_data184_direct_20260716_122453/all_classification_results.csv
data184,TabPFNv3,ln_head_embedding,coverage_result_rows,1,184.0,0.0,184.0,184.0,/Users/zhuhao/experiment/second_learning/tabiclv2_test/results/PEFT_results/talent184/tabpfnv3/ln_head_embedding/tabpfnv3_peft_data184_direct_20260716_122453/all_classification_results.csv
data184,TabPFNv3,ln_head_embedding,coverage_status_ok,1,182.0,0.0,182.0,182.0,/Users/zhuhao/experiment/second_learning/tabiclv2_test/results/PEFT_results/talent184/tabpfnv3/ln_head_embedding/tabpfnv3_peft_data184_direct_20260716_122453/all_classification_results.csv
data184,TabPFNv3,ln_head_embedding,f1,182,0.8447003255766281,0.13799997776647324,0.2316968605998004,1.0,/Users/zhuhao/experiment/second_learning/tabiclv2_test/results/PEFT_results/talent184/tabpfnv3/ln_head_embedding/tabpfnv3_peft_data184_direct_20260716_122453/all_classification_results.csv
data184,TabPFNv3,ln_head_embedding,fit_seconds,182,27.120733637076157,60.039567194544496,1.033540964126587,588.4086399078369,/Users/zhuhao/experiment/second_learning/tabiclv2_test/results/PEFT_results/talent184/tabpfnv3/ln_head_embedding/tabpfnv3_peft_data184_direct_20260716_122453/all_classification_results.csv
data184,TabPFNv3,ln_head_embedding,log_loss,182,0.33011475976419125,0.2735673606628541,1.2952216220630871e-05,1.5089885063202138,/Users/zhuhao/experiment/second_learning/tabiclv2_test/results/PEFT_results/talent184/tabpfnv3/ln_head_embedding/tabpfnv3_peft_data184_direct_20260716_122453/all_classification_results.csv
data184,TabPFNv3,ln_head_embedding,peft_trainable_params,182,558976.0,0.0,558976.0,558976.0,/Users/zhuhao/experiment/second_learning/tabiclv2_test/results/PEFT_results/talent184/tabpfnv3/ln_head_embedding/tabpfnv3_peft_data184_direct_20260716_122453/all_classification_results.csv
data184,TabPFNv3,ln_head_embedding,peft_trainable_ratio,182,0.010516329946540798,2.7832142866244073e-17,0.0105163299465408,0.0105163299465408,/Users/zhuhao/experiment/second_learning/tabiclv2_test/results/PEFT_results/talent184/tabpfnv3/ln_head_embedding/tabpfnv3_peft_data184_direct_20260716_122453/all_classification_results.csv
data184,TabPFNv3,ln_head_embedding,predict_seconds,182,12.513037909518232,35.602982963001864,1.6701579093933103,302.4888210296631,/Users/zhuhao/experiment/second_learning/tabiclv2_test/results/PEFT_results/talent184/tabpfnv3/ln_head_embedding/tabpfnv3_peft_data184_direct_20260716_122453/all_classification_results.csv
data184,TabPFNv3,ln_head_embedding,roc_auc,182,0.9009797412319804,0.10584362831767252,0.4855050775603824,1.0,/Users/zhuhao/experiment/second_learning/tabiclv2_test/results/PEFT_results/talent184/tabpfnv3/ln_head_embedding/tabpfnv3_peft_data184_direct_20260716_122453/all_classification_results.csv
data184,TabPFNv3,ln_head_embedding,ttt_applied,182,0.9945054945054945,0.07412493166611016,0.0,1.0,/Users/zhuhao/experiment/second_learning/tabiclv2_test/results/PEFT_results/talent184/tabpfnv3/ln_head_embedding/tabpfnv3_peft_data184_direct_20260716_122453/all_classification_results.csv
data184,TabPFNv3,ln_head_embedding,ttt_oom_fallback,182,0.005494505494505495,0.07412493166611016,0.0,1.0,/Users/zhuhao/experiment/second_learning/tabiclv2_test/results/PEFT_results/talent184/tabpfnv3/ln_head_embedding/tabpfnv3_peft_data184_direct_20260716_122453/all_classification_results.csv
data184,TabPFNv3,ln_head_embedding,ttt_stopped_early,182,0.989010989010989,0.10453850114247824,0.0,1.0,/Users/zhuhao/experiment/second_learning/tabiclv2_test/results/PEFT_results/talent184/tabpfnv3/ln_head_embedding/tabpfnv3_peft_data184_direct_20260716_122453/all_classification_results.csv
data184,TabPFNv3,ln_head_embedding,ttt_update_seconds,182,27.095701175731616,60.03389950083401,0.0,588.4080791473389,/Users/zhuhao/experiment/second_learning/tabiclv2_test/results/PEFT_results/talent184/tabpfnv3/ln_head_embedding/tabpfnv3_peft_data184_direct_20260716_122453/all_classification_results.csv
data184,TabPFNv3,Last-block,accuracy,183,0.8535482386741517,0.12673467227628699,0.403183023872679,1.0,/Users/zhuhao/experiment/second_learning/tabiclv2_test/results/PEFT_results/talent184/tabpfnv3/last_layers/tabpfnv3_peft_data184_direct_20260716_122453/all_classification_results.csv
data184,TabPFNv3,Last-block,balanced_accuracy,183,0.7767829638431663,0.17245150616594507,0.1428571428571428,1.0,/Users/zhuhao/experiment/second_learning/tabiclv2_test/results/PEFT_results/talent184/tabpfnv3/last_layers/tabpfnv3_peft_data184_direct_20260716_122453/all_classification_results.csv
data184,TabPFNv3,Last-block,coverage_adaptation_applied,1,183.0,0.0,183.0,183.0,/Users/zhuhao/experiment/second_learning/tabiclv2_test/results/PEFT_results/talent184/tabpfnv3/last_layers/tabpfnv3_peft_data184_direct_20260716_122453/all_classification_results.csv
data184,TabPFNv3,Last-block,coverage_failed,1,1.0,0.0,1.0,1.0,/Users/zhuhao/experiment/second_learning/tabiclv2_test/results/PEFT_results/talent184/tabpfnv3/last_layers/tabpfnv3_peft_data184_direct_20260716_122453/all_classification_results.csv
data184,TabPFNv3,Last-block,coverage_fallback,1,0.0,0.0,0.0,0.0,/Users/zhuhao/experiment/second_learning/tabiclv2_test/results/PEFT_results/talent184/tabpfnv3/last_layers/tabpfnv3_peft_data184_direct_20260716_122453/all_classification_results.csv
data184,TabPFNv3,Last-block,coverage_result_rows,1,184.0,0.0,184.0,184.0,/Users/zhuhao/experiment/second_learning/tabiclv2_test/results/PEFT_results/talent184/tabpfnv3/last_layers/tabpfnv3_peft_data184_direct_20260716_122453/all_classification_results.csv
data184,TabPFNv3,Last-block,coverage_status_ok,1,183.0,0.0,183.0,183.0,/Users/zhuhao/experiment/second_learning/tabiclv2_test/results/PEFT_results/talent184/tabpfnv3/last_layers/tabpfnv3_peft_data184_direct_20260716_122453/all_classification_results.csv
data184,TabPFNv3,Last-block,f1,183,0.8447992365555226,0.1375846123679246,0.2316968605998004,1.0,/Users/zhuhao/experiment/second_learning/tabiclv2_test/results/PEFT_results/talent184/tabpfnv3/last_layers/tabpfnv3_peft_data184_direct_20260716_122453/all_classification_results.csv
data184,TabPFNv3,Last-block,fit_seconds,183,22.14893598113555,43.69175336603838,3.808403730392456,300.81250381469727,/Users/zhuhao/experiment/second_learning/tabiclv2_test/results/PEFT_results/talent184/tabpfnv3/last_layers/tabpfnv3_peft_data184_direct_20260716_122453/all_classification_results.csv
data184,TabPFNv3,Last-block,log_loss,183,0.3299814611245169,0.27278539492419757,1.2952216220630871e-05,1.5089885063202138,/Users/zhuhao/experiment/second_learning/tabiclv2_test/results/PEFT_results/talent184/tabpfnv3/last_layers/tabpfnv3_peft_data184_direct_20260716_122453/all_classification_results.csv
data184,TabPFNv3,Last-block,peft_trainable_params,183,2567808.0,0.0,2567808.0,2567808.0,/Users/zhuhao/experiment/second_learning/tabiclv2_test/results/PEFT_results/talent184/tabpfnv3/last_layers/tabpfnv3_peft_data184_direct_20260716_122453/all_classification_results.csv
data184,TabPFNv3,Last-block,peft_trainable_ratio,183,0.04830961645467289,0.0,0.0483096164546729,0.0483096164546729,/Users/zhuhao/experiment/second_learning/tabiclv2_test/results/PEFT_results/talent184/tabpfnv3/last_layers/tabpfnv3_peft_data184_direct_20260716_122453/all_classification_results.csv
data184,TabPFNv3,Last-block,predict_seconds,183,12.905761197616494,36.10646837179005,1.6681382656097412,305.7864878177643,/Users/zhuhao/experiment/second_learning/tabiclv2_test/results/PEFT_results/talent184/tabpfnv3/last_layers/tabpfnv3_peft_data184_direct_20260716_122453/all_classification_results.csv
data184,TabPFNv3,Last-block,roc_auc,183,0.9011897908504539,0.10562213263864767,0.4855050775603824,1.0,/Users/zhuhao/experiment/second_learning/tabiclv2_test/results/PEFT_results/talent184/tabpfnv3/last_layers/tabpfnv3_peft_data184_direct_20260716_122453/all_classification_results.csv
data184,TabPFNv3,Last-block,ttt_applied,183,1.0,0.0,1.0,1.0,/Users/zhuhao/experiment/second_learning/tabiclv2_test/results/PEFT_results/talent184/tabpfnv3/last_layers/tabpfnv3_peft_data184_direct_20260716_122453/all_classification_results.csv
data184,TabPFNv3,Last-block,ttt_oom_fallback,183,0.0,0.0,0.0,0.0,/Users/zhuhao/experiment/second_learning/tabiclv2_test/results/PEFT_results/talent184/tabpfnv3/last_layers/tabpfnv3_peft_data184_direct_20260716_122453/all_classification_results.csv
data184,TabPFNv3,Last-block,ttt_stopped_early,183,0.9890710382513661,0.10425407669850027,0.0,1.0,/Users/zhuhao/experiment/second_learning/tabiclv2_test/results/PEFT_results/talent184/tabpfnv3/last_layers/tabpfnv3_peft_data184_direct_20260716_122453/all_classification_results.csv
data184,TabPFNv3,Last-block,ttt_update_seconds,183,22.12471956242629,43.68230328695693,3.8079311847686768,300.8119430541992,/Users/zhuhao/experiment/second_learning/tabiclv2_test/results/PEFT_results/talent184/tabpfnv3/last_layers/tabpfnv3_peft_data184_direct_20260716_122453/all_classification_results.csv
data184,TabPFNv3,LoCalPFN,accuracy,2,0.852191240782443,0.12876347764733037,0.7611417125688533,0.9432407689960328,/home/crc00006699/zh/tabiclv2/results/PEFT_compare/localpfn_fast_explore_k256_q128_e5_s5_data184_seed42_20260719/tabpfnv3/localpfn/all_classification_results.csv
data184,TabPFNv3,LoCalPFN,balanced_accuracy,2,0.674011995294729,0.12270413354488177,0.5872470703855234,0.7607769202039346,/home/crc00006699/zh/tabiclv2/results/PEFT_compare/localpfn_fast_explore_k256_q128_e5_s5_data184_seed42_20260719/tabpfnv3/localpfn/all_classification_results.csv
data184,TabPFNv3,LoCalPFN,coverage_adaptation_applied,1,2.0,0.0,2.0,2.0,/home/crc00006699/zh/tabiclv2/results/PEFT_compare/localpfn_fast_explore_k256_q128_e5_s5_data184_seed42_20260719/tabpfnv3/localpfn/all_classification_results.csv
data184,TabPFNv3,LoCalPFN,coverage_failed,1,1.0,0.0,1.0,1.0,/home/crc00006699/zh/tabiclv2/results/PEFT_compare/localpfn_fast_explore_k256_q128_e5_s5_data184_seed42_20260719/tabpfnv3/localpfn/all_classification_results.csv
data184,TabPFNv3,LoCalPFN,coverage_fallback,1,0.0,0.0,0.0,0.0,/home/crc00006699/zh/tabiclv2/results/PEFT_compare/localpfn_fast_explore_k256_q128_e5_s5_data184_seed42_20260719/tabpfnv3/localpfn/all_classification_results.csv
data184,TabPFNv3,LoCalPFN,coverage_result_rows,1,3.0,0.0,3.0,3.0,/home/crc00006699/zh/tabiclv2/results/PEFT_compare/localpfn_fast_explore_k256_q128_e5_s5_data184_seed42_20260719/tabpfnv3/localpfn/all_classification_results.csv
data184,TabPFNv3,LoCalPFN,coverage_status_ok,1,2.0,0.0,2.0,2.0,/home/crc00006699/zh/tabiclv2/results/PEFT_compare/localpfn_fast_explore_k256_q128_e5_s5_data184_seed42_20260719/tabpfnv3/localpfn/all_classification_results.csv
data184,TabPFNv3,LoCalPFN,f1,2,0.8454649529387497,0.11977618386089582,0.7607704011060635,0.9301595047714358,/home/crc00006699/zh/tabiclv2/results/PEFT_compare/localpfn_fast_explore_k256_q128_e5_s5_data184_seed42_20260719/tabpfnv3/localpfn/all_classification_results.csv
data184,TabPFNv3,LoCalPFN,fallback_count,2,0.0,0.0,0.0,0.0,/home/crc00006699/zh/tabiclv2/results/PEFT_compare/localpfn_fast_explore_k256_q128_e5_s5_data184_seed42_20260719/tabpfnv3/localpfn/all_classification_results.csv
data184,TabPFNv3,LoCalPFN,ft_applied,2,1.0,0.0,1.0,1.0,/home/crc00006699/zh/tabiclv2/results/PEFT_compare/localpfn_fast_explore_k256_q128_e5_s5_data184_seed42_20260719/tabpfnv3/localpfn/all_classification_results.csv
data184,TabPFNv3,LoCalPFN,ft_best_step,2,15.0,0.0,15.0,15.0,/home/crc00006699/zh/tabiclv2/results/PEFT_compare/localpfn_fast_explore_k256_q128_e5_s5_data184_seed42_20260719/tabpfnv3/localpfn/all_classification_results.csv
data184,TabPFNv3,LoCalPFN,ft_seconds,2,341.6900006532669,272.27566658567264,149.16203045845032,534.2179708480835,/home/crc00006699/zh/tabiclv2/results/PEFT_compare/localpfn_fast_explore_k256_q128_e5_s5_data184_seed42_20260719/tabpfnv3/localpfn/all_classification_results.csv
data184,TabPFNv3,LoCalPFN,ft_stopped_early,2,1.0,0.0,1.0,1.0,/home/crc00006699/zh/tabiclv2/results/PEFT_compare/localpfn_fast_explore_k256_q128_e5_s5_data184_seed42_20260719/tabpfnv3/localpfn/all_classification_results.csv
data184,TabPFNv3,LoCalPFN,inference_fallback,2,0.0,0.0,0.0,0.0,/home/crc00006699/zh/tabiclv2/results/PEFT_compare/localpfn_fast_explore_k256_q128_e5_s5_data184_seed42_20260719/tabpfnv3/localpfn/all_classification_results.csv
data184,TabPFNv3,LoCalPFN,log_loss,2,0.3677182498170631,0.26140456249554667,0.1828773110433594,0.5525591885907668,/home/crc00006699/zh/tabiclv2/results/PEFT_compare/localpfn_fast_explore_k256_q128_e5_s5_data184_seed42_20260719/tabpfnv3/localpfn/all_classification_results.csv
data184,TabPFNv3,LoCalPFN,predict_seconds,2,100.34640491008759,82.45339348807312,42.04305124282837,158.6497585773468,/home/crc00006699/zh/tabiclv2/results/PEFT_compare/localpfn_fast_explore_k256_q128_e5_s5_data184_seed42_20260719/tabpfnv3/localpfn/all_classification_results.csv
data184,TabPFNv3,LoCalPFN,retrieval_seconds,2,1.3640588521957397,1.4767104266315951,0.3198668956756592,2.4082508087158203,/home/crc00006699/zh/tabiclv2/results/PEFT_compare/localpfn_fast_explore_k256_q128_e5_s5_data184_seed42_20260719/tabpfnv3/localpfn/all_classification_results.csv
data184,TabPFNv3,LoCalPFN,roc_auc,2,0.8690668200459579,0.06389986235707804,0.823882794056381,0.9142508460355347,/home/crc00006699/zh/tabiclv2/results/PEFT_compare/localpfn_fast_explore_k256_q128_e5_s5_data184_seed42_20260719/tabpfnv3/localpfn/all_classification_results.csv
data184,TabPFNv3,LoCalPFN,routing_seconds,2,0.0,0.0,0.0,0.0,/home/crc00006699/zh/tabiclv2/results/PEFT_compare/localpfn_fast_explore_k256_q128_e5_s5_data184_seed42_20260719/tabpfnv3/localpfn/all_classification_results.csv
data184,TabPFNv3,LoCalPFN,total_seconds,2,13754.144538402557,10571.0732836551,6279.266935110092,21229.022141695023,/home/crc00006699/zh/tabiclv2/results/PEFT_compare/localpfn_fast_explore_k256_q128_e5_s5_data184_seed42_20260719/tabpfnv3/localpfn/all_classification_results.csv
data184,TabPFNv3,LoCalPFN,train_query_length,2,128.0,0.0,128.0,128.0,/home/crc00006699/zh/tabiclv2/results/PEFT_compare/localpfn_fast_explore_k256_q128_e5_s5_data184_seed42_20260719/tabpfnv3/localpfn/all_classification_results.csv
data184,TabPFNv3,LoCalPFN,trainable_params,2,53153144.0,0.0,53153144.0,53153144.0,/home/crc00006699/zh/tabiclv2/results/PEFT_compare/localpfn_fast_explore_k256_q128_e5_s5_data184_seed42_20260719/tabpfnv3/localpfn/all_classification_results.csv
data184,TabPFNv3,LoCalPFN,trainable_ratio,2,1.0,0.0,1.0,1.0,/home/crc00006699/zh/tabiclv2/results/PEFT_compare/localpfn_fast_explore_k256_q128_e5_s5_data184_seed42_20260719/tabpfnv3/localpfn/all_classification_results.csv
OpenML-CC18,TabPFNv3,Infer,accuracy,67,0.8816629108291618,0.14581840467345852,0.19375,1.0,/home/crc00006699/zh/tabiclv2/results/managed_experiments/openmlcc18_2x3_full_20260715_223032/tabpfn-v3/infer/seed42/all_classification_results.csv
OpenML-CC18,TabPFNv3,Infer,balanced_accuracy,67,0.8355212121800846,0.17137493119193623,0.1926961369972123,1.0,/home/crc00006699/zh/tabiclv2/results/managed_experiments/openmlcc18_2x3_full_20260715_223032/tabpfn-v3/infer/seed42/all_classification_results.csv
OpenML-CC18,TabPFNv3,Infer,coverage_adaptation_applied,1,0.0,0.0,0.0,0.0,/home/crc00006699/zh/tabiclv2/results/managed_experiments/openmlcc18_2x3_full_20260715_223032/tabpfn-v3/infer/seed42/all_classification_results.csv
OpenML-CC18,TabPFNv3,Infer,coverage_failed,1,0.0,0.0,0.0,0.0,/home/crc00006699/zh/tabiclv2/results/managed_experiments/openmlcc18_2x3_full_20260715_223032/tabpfn-v3/infer/seed42/all_classification_results.csv
OpenML-CC18,TabPFNv3,Infer,coverage_fallback,1,0.0,0.0,0.0,0.0,/home/crc00006699/zh/tabiclv2/results/managed_experiments/openmlcc18_2x3_full_20260715_223032/tabpfn-v3/infer/seed42/all_classification_results.csv
OpenML-CC18,TabPFNv3,Infer,coverage_result_rows,1,67.0,0.0,67.0,67.0,/home/crc00006699/zh/tabiclv2/results/managed_experiments/openmlcc18_2x3_full_20260715_223032/tabpfn-v3/infer/seed42/all_classification_results.csv
OpenML-CC18,TabPFNv3,Infer,coverage_status_ok,1,67.0,0.0,67.0,67.0,/home/crc00006699/zh/tabiclv2/results/managed_experiments/openmlcc18_2x3_full_20260715_223032/tabpfn-v3/infer/seed42/all_classification_results.csv
OpenML-CC18,TabPFNv3,Infer,f1,67,0.8766999845786463,0.1508811282741697,0.1760089920140854,1.0,/home/crc00006699/zh/tabiclv2/results/managed_experiments/openmlcc18_2x3_full_20260715_223032/tabpfn-v3/infer/seed42/all_classification_results.csv
OpenML-CC18,TabPFNv3,Infer,fit_seconds,67,1.2719510811478345,2.0556134771669465,0.5008056163787842,13.355037689208984,/home/crc00006699/zh/tabiclv2/results/managed_experiments/openmlcc18_2x3_full_20260715_223032/tabpfn-v3/infer/seed42/all_classification_results.csv
OpenML-CC18,TabPFNv3,Infer,log_loss,67,0.27773738588207175,0.31839156446002204,1.3102704389730156e-05,1.7787804236095717,/home/crc00006699/zh/tabiclv2/results/managed_experiments/openmlcc18_2x3_full_20260715_223032/tabpfn-v3/infer/seed42/all_classification_results.csv
OpenML-CC18,TabPFNv3,Infer,predict_seconds,67,8.765689928140214,23.117172634929243,0.4387102127075195,115.29740977287292,/home/crc00006699/zh/tabiclv2/results/managed_experiments/openmlcc18_2x3_full_20260715_223032/tabpfn-v3/infer/seed42/all_classification_results.csv
OpenML-CC18,TabPFNv3,Infer,roc_auc,67,0.9314306496646874,0.1062159171897794,0.5343977406926961,1.0,/home/crc00006699/zh/tabiclv2/results/managed_experiments/openmlcc18_2x3_full_20260715_223032/tabpfn-v3/infer/seed42/all_classification_results.csv
OpenML-CC18,TabPFNv3,FT,accuracy,65,0.8820813487128355,0.14280362962043353,0.24375,1.0,/home/crc00006699/zh/tabiclv2/results/managed_experiments/openmlcc18_2x3_full_20260715_223032/tabpfn-v3/ft/seed42/all_classification_results.csv
OpenML-CC18,TabPFNv3,FT,balanced_accuracy,65,0.8333045879295772,0.17259152451892315,0.2352130625248905,1.0,/home/crc00006699/zh/tabiclv2/results/managed_experiments/openmlcc18_2x3_full_20260715_223032/tabpfn-v3/ft/seed42/all_classification_results.csv
OpenML-CC18,TabPFNv3,FT,coverage_adaptation_applied,1,61.0,0.0,61.0,61.0,/home/crc00006699/zh/tabiclv2/results/managed_experiments/openmlcc18_2x3_full_20260715_223032/tabpfn-v3/ft/seed42/all_classification_results.csv
OpenML-CC18,TabPFNv3,FT,coverage_failed,1,2.0,0.0,2.0,2.0,/home/crc00006699/zh/tabiclv2/results/managed_experiments/openmlcc18_2x3_full_20260715_223032/tabpfn-v3/ft/seed42/all_classification_results.csv
OpenML-CC18,TabPFNv3,FT,coverage_fallback,1,4.0,0.0,4.0,4.0,/home/crc00006699/zh/tabiclv2/results/managed_experiments/openmlcc18_2x3_full_20260715_223032/tabpfn-v3/ft/seed42/all_classification_results.csv
OpenML-CC18,TabPFNv3,FT,coverage_result_rows,1,67.0,0.0,67.0,67.0,/home/crc00006699/zh/tabiclv2/results/managed_experiments/openmlcc18_2x3_full_20260715_223032/tabpfn-v3/ft/seed42/all_classification_results.csv
OpenML-CC18,TabPFNv3,FT,coverage_status_ok,1,65.0,0.0,65.0,65.0,/home/crc00006699/zh/tabiclv2/results/managed_experiments/openmlcc18_2x3_full_20260715_223032/tabpfn-v3/ft/seed42/all_classification_results.csv
OpenML-CC18,TabPFNv3,FT,f1,65,0.8759988457525296,0.15019661511071497,0.200893817204301,1.0,/home/crc00006699/zh/tabiclv2/results/managed_experiments/openmlcc18_2x3_full_20260715_223032/tabpfn-v3/ft/seed42/all_classification_results.csv
OpenML-CC18,TabPFNv3,FT,fit_seconds,65,44.19493347681486,90.71972375543568,1.4469749927520752,590.4385302066803,/home/crc00006699/zh/tabiclv2/results/managed_experiments/openmlcc18_2x3_full_20260715_223032/tabpfn-v3/ft/seed42/all_classification_results.csv
OpenML-CC18,TabPFNv3,FT,log_loss,65,0.28232887470828943,0.32366770647902654,1.355462783179764e-05,1.777175320232229,/home/crc00006699/zh/tabiclv2/results/managed_experiments/openmlcc18_2x3_full_20260715_223032/tabpfn-v3/ft/seed42/all_classification_results.csv
OpenML-CC18,TabPFNv3,FT,predict_seconds,65,7.649483148868267,22.88988529406621,0.4119737148284912,115.7665662765503,/home/crc00006699/zh/tabiclv2/results/managed_experiments/openmlcc18_2x3_full_20260715_223032/tabpfn-v3/ft/seed42/all_classification_results.csv
OpenML-CC18,TabPFNv3,FT,roc_auc,65,0.9297142281652382,0.10972397055722466,0.5305686847289137,1.0,/home/crc00006699/zh/tabiclv2/results/managed_experiments/openmlcc18_2x3_full_20260715_223032/tabpfn-v3/ft/seed42/all_classification_results.csv
OpenML-CC18,TabPFNv3,FT,ttt_applied,65,0.9384615384615385,0.24218556140663333,0.0,1.0,/home/crc00006699/zh/tabiclv2/results/managed_experiments/openmlcc18_2x3_full_20260715_223032/tabpfn-v3/ft/seed42/all_classification_results.csv
OpenML-CC18,TabPFNv3,FT,ttt_c_label_coverage_ok,65,1.0,0.0,1.0,1.0,/home/crc00006699/zh/tabiclv2/results/managed_experiments/openmlcc18_2x3_full_20260715_223032/tabpfn-v3/ft/seed42/all_classification_results.csv
OpenML-CC18,TabPFNv3,FT,ttt_oom_fallback,65,0.06153846153846154,0.24218556140663333,0.0,1.0,/home/crc00006699/zh/tabiclv2/results/managed_experiments/openmlcc18_2x3_full_20260715_223032/tabpfn-v3/ft/seed42/all_classification_results.csv
OpenML-CC18,TabPFNv3,FT,ttt_stopped_early,65,0.9076923076923077,0.29171245061901935,0.0,1.0,/home/crc00006699/zh/tabiclv2/results/managed_experiments/openmlcc18_2x3_full_20260715_223032/tabpfn-v3/ft/seed42/all_classification_results.csv
OpenML-CC18,TabPFNv3,FT,ttt_update_seconds,65,43.64767990112305,90.95104698029856,0.0,590.438093662262,/home/crc00006699/zh/tabiclv2/results/managed_experiments/openmlcc18_2x3_full_20260715_223032/tabpfn-v3/ft/seed42/all_classification_results.csv
OpenML-CC18,TabPFNv3,F-aware FT,accuracy,65,0.8811207685886753,0.14362750463674478,0.24375,1.0,/home/crc00006699/zh/tabiclv2/results/managed_experiments/openmlcc18_2x3_full_20260715_223032/tabpfn-v3/faware_ft/seed42/all_classification_results.csv
OpenML-CC18,TabPFNv3,F-aware FT,balanced_accuracy,65,0.8303833898967343,0.1764325782902542,0.2352130625248905,1.0,/home/crc00006699/zh/tabiclv2/results/managed_experiments/openmlcc18_2x3_full_20260715_223032/tabpfn-v3/faware_ft/seed42/all_classification_results.csv
OpenML-CC18,TabPFNv3,F-aware FT,coverage_adaptation_applied,1,61.0,0.0,61.0,61.0,/home/crc00006699/zh/tabiclv2/results/managed_experiments/openmlcc18_2x3_full_20260715_223032/tabpfn-v3/faware_ft/seed42/all_classification_results.csv
OpenML-CC18,TabPFNv3,F-aware FT,coverage_failed,1,2.0,0.0,2.0,2.0,/home/crc00006699/zh/tabiclv2/results/managed_experiments/openmlcc18_2x3_full_20260715_223032/tabpfn-v3/faware_ft/seed42/all_classification_results.csv
OpenML-CC18,TabPFNv3,F-aware FT,coverage_fallback,1,4.0,0.0,4.0,4.0,/home/crc00006699/zh/tabiclv2/results/managed_experiments/openmlcc18_2x3_full_20260715_223032/tabpfn-v3/faware_ft/seed42/all_classification_results.csv
OpenML-CC18,TabPFNv3,F-aware FT,coverage_result_rows,1,67.0,0.0,67.0,67.0,/home/crc00006699/zh/tabiclv2/results/managed_experiments/openmlcc18_2x3_full_20260715_223032/tabpfn-v3/faware_ft/seed42/all_classification_results.csv
OpenML-CC18,TabPFNv3,F-aware FT,coverage_status_ok,1,65.0,0.0,65.0,65.0,/home/crc00006699/zh/tabiclv2/results/managed_experiments/openmlcc18_2x3_full_20260715_223032/tabpfn-v3/faware_ft/seed42/all_classification_results.csv
OpenML-CC18,TabPFNv3,F-aware FT,f1,65,0.8741865318014421,0.15151443157539915,0.200893817204301,1.0,/home/crc00006699/zh/tabiclv2/results/managed_experiments/openmlcc18_2x3_full_20260715_223032/tabpfn-v3/faware_ft/seed42/all_classification_results.csv
OpenML-CC18,TabPFNv3,F-aware FT,fit_seconds,65,54.251134450619034,119.76370754349404,1.4285907745361328,689.0706996917725,/home/crc00006699/zh/tabiclv2/results/managed_experiments/openmlcc18_2x3_full_20260715_223032/tabpfn-v3/faware_ft/seed42/all_classification_results.csv
OpenML-CC18,TabPFNv3,F-aware FT,log_loss,65,0.2842816440765191,0.32351682305105894,1.355462783179764e-05,1.777175320232229,/home/crc00006699/zh/tabiclv2/results/managed_experiments/openmlcc18_2x3_full_20260715_223032/tabpfn-v3/faware_ft/seed42/all_classification_results.csv
OpenML-CC18,TabPFNv3,F-aware FT,predict_seconds,65,7.705328827637892,23.004988574515355,0.4232685565948486,115.43444085121156,/home/crc00006699/zh/tabiclv2/results/managed_experiments/openmlcc18_2x3_full_20260715_223032/tabpfn-v3/faware_ft/seed42/all_classification_results.csv
OpenML-CC18,TabPFNv3,F-aware FT,roc_auc,65,0.9289883516694349,0.11121012920581176,0.5226077121148069,1.0,/home/crc00006699/zh/tabiclv2/results/managed_experiments/openmlcc18_2x3_full_20260715_223032/tabpfn-v3/faware_ft/seed42/all_classification_results.csv
OpenML-CC18,TabPFNv3,F-aware FT,ttt_applied,65,0.9384615384615385,0.24218556140663333,0.0,1.0,/home/crc00006699/zh/tabiclv2/results/managed_experiments/openmlcc18_2x3_full_20260715_223032/tabpfn-v3/faware_ft/seed42/all_classification_results.csv
OpenML-CC18,TabPFNv3,F-aware FT,ttt_c_f_distance_mean,61,2.183565983572719e+21,1.65585345022895e+22,0.0003912405419755,1.2933625036609832e+23,/home/crc00006699/zh/tabiclv2/results/managed_experiments/openmlcc18_2x3_full_20260715_223032/tabpfn-v3/faware_ft/seed42/all_classification_results.csv
OpenML-CC18,TabPFNv3,F-aware FT,ttt_c_f_distance_std,61,45238184833189.77,353106922693057.8,0.0,2757880273211543.0,/home/crc00006699/zh/tabiclv2/results/managed_experiments/openmlcc18_2x3_full_20260715_223032/tabpfn-v3/faware_ft/seed42/all_classification_results.csv
OpenML-CC18,TabPFNv3,F-aware FT,ttt_c_label_coverage_ok,65,1.0,0.0,1.0,1.0,/home/crc00006699/zh/tabiclv2/results/managed_experiments/openmlcc18_2x3_full_20260715_223032/tabpfn-v3/faware_ft/seed42/all_classification_results.csv
OpenML-CC18,TabPFNv3,F-aware FT,ttt_oom_fallback,65,0.06153846153846154,0.24218556140663333,0.0,1.0,/home/crc00006699/zh/tabiclv2/results/managed_experiments/openmlcc18_2x3_full_20260715_223032/tabpfn-v3/faware_ft/seed42/all_classification_results.csv
OpenML-CC18,TabPFNv3,F-aware FT,ttt_stopped_early,65,0.8769230769230769,0.33108214179472845,0.0,1.0,/home/crc00006699/zh/tabiclv2/results/managed_experiments/openmlcc18_2x3_full_20260715_223032/tabpfn-v3/faware_ft/seed42/all_classification_results.csv
OpenML-CC18,TabPFNv3,F-aware FT,ttt_update_seconds,65,53.691409657551695,119.98834178500458,0.0,689.0702550411224,/home/crc00006699/zh/tabiclv2/results/managed_experiments/openmlcc18_2x3_full_20260715_223032/tabpfn-v3/faware_ft/seed42/all_classification_results.csv
OpenML-CC18,TabPFNv3,LoRA,accuracy,62,0.8848784826901646,0.1401704304511958,0.20625,1.0,/home/crc00006699/zh/tabiclv2/results/PEFT/tabpfnv3/lora/openmlcc18_peft_2x3_full_20260717_113939/all_classification_results.csv
OpenML-CC18,TabPFNv3,LoRA,balanced_accuracy,62,0.8351797338830416,0.17281496406184432,0.2055356431700517,1.0,/home/crc00006699/zh/tabiclv2/results/PEFT/tabpfnv3/lora/openmlcc18_peft_2x3_full_20260717_113939/all_classification_results.csv
OpenML-CC18,TabPFNv3,LoRA,coverage_adaptation_applied,1,56.0,0.0,56.0,56.0,/home/crc00006699/zh/tabiclv2/results/PEFT/tabpfnv3/lora/openmlcc18_peft_2x3_full_20260717_113939/all_classification_results.csv
OpenML-CC18,TabPFNv3,LoRA,coverage_failed,1,5.0,0.0,5.0,5.0,/home/crc00006699/zh/tabiclv2/results/PEFT/tabpfnv3/lora/openmlcc18_peft_2x3_full_20260717_113939/all_classification_results.csv
OpenML-CC18,TabPFNv3,LoRA,coverage_fallback,1,6.0,0.0,6.0,6.0,/home/crc00006699/zh/tabiclv2/results/PEFT/tabpfnv3/lora/openmlcc18_peft_2x3_full_20260717_113939/all_classification_results.csv
OpenML-CC18,TabPFNv3,LoRA,coverage_result_rows,1,67.0,0.0,67.0,67.0,/home/crc00006699/zh/tabiclv2/results/PEFT/tabpfnv3/lora/openmlcc18_peft_2x3_full_20260717_113939/all_classification_results.csv
OpenML-CC18,TabPFNv3,LoRA,coverage_status_ok,1,62.0,0.0,62.0,62.0,/home/crc00006699/zh/tabiclv2/results/PEFT/tabpfnv3/lora/openmlcc18_peft_2x3_full_20260717_113939/all_classification_results.csv
OpenML-CC18,TabPFNv3,LoRA,f1,62,0.8783219845675817,0.14807382170667005,0.176916148544438,1.0,/home/crc00006699/zh/tabiclv2/results/PEFT/tabpfnv3/lora/openmlcc18_peft_2x3_full_20260717_113939/all_classification_results.csv
OpenML-CC18,TabPFNv3,LoRA,fit_seconds,62,20.858074530478447,29.053274048156045,1.4001970291137695,176.5406472682953,/home/crc00006699/zh/tabiclv2/results/PEFT/tabpfnv3/lora/openmlcc18_peft_2x3_full_20260717_113939/all_classification_results.csv
OpenML-CC18,TabPFNv3,LoRA,log_loss,62,0.28054311783394253,0.32446600319642643,1.3591695763713832e-05,1.7798916905754965,/home/crc00006699/zh/tabiclv2/results/PEFT/tabpfnv3/lora/openmlcc18_peft_2x3_full_20260717_113939/all_classification_results.csv
OpenML-CC18,TabPFNv3,LoRA,peft_trainable_params,62,854536.0,0.0,854536.0,854536.0,/home/crc00006699/zh/tabiclv2/results/PEFT/tabpfnv3/lora/openmlcc18_peft_2x3_full_20260717_113939/all_classification_results.csv
OpenML-CC18,TabPFNv3,LoRA,peft_trainable_ratio,62,0.0158224904309905,6.995538875644912e-18,0.0158224904309905,0.0158224904309905,/home/crc00006699/zh/tabiclv2/results/PEFT/tabpfnv3/lora/openmlcc18_peft_2x3_full_20260717_113939/all_classification_results.csv
OpenML-CC18,TabPFNv3,LoRA,predict_seconds,62,30.093076867441976,98.07264626202289,2.812076568603516,479.8807239532471,/home/crc00006699/zh/tabiclv2/results/PEFT/tabpfnv3/lora/openmlcc18_peft_2x3_full_20260717_113939/all_classification_results.csv
OpenML-CC18,TabPFNv3,LoRA,roc_auc,62,0.9340088135958372,0.09954277194690568,0.537149259188927,1.0,/home/crc00006699/zh/tabiclv2/results/PEFT/tabpfnv3/lora/openmlcc18_peft_2x3_full_20260717_113939/all_classification_results.csv
OpenML-CC18,TabPFNv3,LoRA,ttt_applied,62,0.9032258064516129,0.29806355463524564,0.0,1.0,/home/crc00006699/zh/tabiclv2/results/PEFT/tabpfnv3/lora/openmlcc18_peft_2x3_full_20260717_113939/all_classification_results.csv
OpenML-CC18,TabPFNv3,LoRA,ttt_oom_fallback,62,0.0967741935483871,0.29806355463524564,0.0,1.0,/home/crc00006699/zh/tabiclv2/results/PEFT/tabpfnv3/lora/openmlcc18_peft_2x3_full_20260717_113939/all_classification_results.csv
OpenML-CC18,TabPFNv3,LoRA,ttt_stopped_early,62,0.8870967741935484,0.3190579735427823,0.0,1.0,/home/crc00006699/zh/tabiclv2/results/PEFT/tabpfnv3/lora/openmlcc18_peft_2x3_full_20260717_113939/all_classification_results.csv
OpenML-CC18,TabPFNv3,LoRA,ttt_update_seconds,62,18.37250054267145,28.797634071126723,0.0,176.5402431488037,/home/crc00006699/zh/tabiclv2/results/PEFT/tabpfnv3/lora/openmlcc18_peft_2x3_full_20260717_113939/all_classification_results.csv
OpenML-CC18,TabPFNv3,ln_head_embedding,accuracy,65,0.8799609140958529,0.1454482338708932,0.20625,1.0,/home/crc00006699/zh/tabiclv2/results/PEFT/tabpfnv3/ln_head_embedding/openmlcc18_peft_2x3_full_20260717_113939/all_classification_results.csv
OpenML-CC18,TabPFNv3,ln_head_embedding,balanced_accuracy,65,0.8313787747030645,0.17411456544423135,0.2055356431700517,1.0,/home/crc00006699/zh/tabiclv2/results/PEFT/tabpfnv3/ln_head_embedding/openmlcc18_peft_2x3_full_20260717_113939/all_classification_results.csv
OpenML-CC18,TabPFNv3,ln_head_embedding,coverage_adaptation_applied,1,58.0,0.0,58.0,58.0,/home/crc00006699/zh/tabiclv2/results/PEFT/tabpfnv3/ln_head_embedding/openmlcc18_peft_2x3_full_20260717_113939/all_classification_results.csv
OpenML-CC18,TabPFNv3,ln_head_embedding,coverage_failed,1,2.0,0.0,2.0,2.0,/home/crc00006699/zh/tabiclv2/results/PEFT/tabpfnv3/ln_head_embedding/openmlcc18_peft_2x3_full_20260717_113939/all_classification_results.csv
OpenML-CC18,TabPFNv3,ln_head_embedding,coverage_fallback,1,7.0,0.0,7.0,7.0,/home/crc00006699/zh/tabiclv2/results/PEFT/tabpfnv3/ln_head_embedding/openmlcc18_peft_2x3_full_20260717_113939/all_classification_results.csv
OpenML-CC18,TabPFNv3,ln_head_embedding,coverage_result_rows,1,67.0,0.0,67.0,67.0,/home/crc00006699/zh/tabiclv2/results/PEFT/tabpfnv3/ln_head_embedding/openmlcc18_peft_2x3_full_20260717_113939/all_classification_results.csv
OpenML-CC18,TabPFNv3,ln_head_embedding,coverage_status_ok,1,65.0,0.0,65.0,65.0,/home/crc00006699/zh/tabiclv2/results/PEFT/tabpfnv3/ln_head_embedding/openmlcc18_peft_2x3_full_20260717_113939/all_classification_results.csv
OpenML-CC18,TabPFNv3,ln_head_embedding,f1,65,0.8735650479224651,0.15280305210024933,0.176916148544438,1.0,/home/crc00006699/zh/tabiclv2/results/PEFT/tabpfnv3/ln_head_embedding/openmlcc18_peft_2x3_full_20260717_113939/all_classification_results.csv
OpenML-CC18,TabPFNv3,ln_head_embedding,fit_seconds,65,18.669363359304576,35.457743050877426,3.3764798641204834,224.89785313606265,/home/crc00006699/zh/tabiclv2/results/PEFT/tabpfnv3/ln_head_embedding/openmlcc18_peft_2x3_full_20260717_113939/all_classification_results.csv
OpenML-CC18,TabPFNv3,ln_head_embedding,log_loss,65,0.28438898968012105,0.32350446274551703,1.3591695763713832e-05,1.7798916905754965,/home/crc00006699/zh/tabiclv2/results/PEFT/tabpfnv3/ln_head_embedding/openmlcc18_peft_2x3_full_20260717_113939/all_classification_results.csv
OpenML-CC18,TabPFNv3,ln_head_embedding,peft_trainable_params,65,558976.0,0.0,558976.0,558976.0,/home/crc00006699/zh/tabiclv2/results/PEFT/tabpfnv3/ln_head_embedding/openmlcc18_peft_2x3_full_20260717_113939/all_classification_results.csv
OpenML-CC18,TabPFNv3,ln_head_embedding,peft_trainable_ratio,65,0.010516329946540798,3.496446946337351e-18,0.0105163299465408,0.0105163299465408,/home/crc00006699/zh/tabiclv2/results/PEFT/tabpfnv3/ln_head_embedding/openmlcc18_peft_2x3_full_20260717_113939/all_classification_results.csv
OpenML-CC18,TabPFNv3,ln_head_embedding,predict_seconds,65,29.62791791329017,91.79094872922757,1.6651346683502195,454.843533039093,/home/crc00006699/zh/tabiclv2/results/PEFT/tabpfnv3/ln_head_embedding/openmlcc18_peft_2x3_full_20260717_113939/all_classification_results.csv
OpenML-CC18,TabPFNv3,ln_head_embedding,roc_auc,65,0.9280452087016049,0.11021217622431224,0.5284400144605602,1.0,/home/crc00006699/zh/tabiclv2/results/PEFT/tabpfnv3/ln_head_embedding/openmlcc18_peft_2x3_full_20260717_113939/all_classification_results.csv
OpenML-CC18,TabPFNv3,ln_head_embedding,ttt_applied,65,0.8923076923076924,0.3124038313563934,0.0,1.0,/home/crc00006699/zh/tabiclv2/results/PEFT/tabpfnv3/ln_head_embedding/openmlcc18_peft_2x3_full_20260717_113939/all_classification_results.csv
OpenML-CC18,TabPFNv3,ln_head_embedding,ttt_oom_fallback,65,0.1076923076923077,0.3124038313563934,0.0,1.0,/home/crc00006699/zh/tabiclv2/results/PEFT/tabpfnv3/ln_head_embedding/openmlcc18_peft_2x3_full_20260717_113939/all_classification_results.csv
OpenML-CC18,TabPFNv3,ln_head_embedding,ttt_stopped_early,65,0.8615384615384616,0.3480716106691927,0.0,1.0,/home/crc00006699/zh/tabiclv2/results/PEFT/tabpfnv3/ln_head_embedding/openmlcc18_peft_2x3_full_20260717_113939/all_classification_results.csv
OpenML-CC18,TabPFNv3,ln_head_embedding,ttt_update_seconds,65,16.897335940140945,35.75176161850774,0.0,224.89752793312076,/home/crc00006699/zh/tabiclv2/results/PEFT/tabpfnv3/ln_head_embedding/openmlcc18_peft_2x3_full_20260717_113939/all_classification_results.csv
OpenML-CC18,TabPFNv3,Last-block,accuracy,63,0.8845672082839902,0.14107306353768279,0.20625,1.0,/home/crc00006699/zh/tabiclv2/results/PEFT/tabpfnv3/last_layers/openmlcc18_peft_2x3_full_20260717_113939/all_classification_results.csv
OpenML-CC18,TabPFNv3,Last-block,balanced_accuracy,63,0.8326523603343458,0.17433156417710524,0.2055356431700517,1.0,/home/crc00006699/zh/tabiclv2/results/PEFT/tabpfnv3/last_layers/openmlcc18_peft_2x3_full_20260717_113939/all_classification_results.csv
OpenML-CC18,TabPFNv3,Last-block,coverage_adaptation_applied,1,62.0,0.0,62.0,62.0,/home/crc00006699/zh/tabiclv2/results/PEFT/tabpfnv3/last_layers/openmlcc18_peft_2x3_full_20260717_113939/all_classification_results.csv
OpenML-CC18,TabPFNv3,Last-block,coverage_failed,1,4.0,0.0,4.0,4.0,/home/crc00006699/zh/tabiclv2/results/PEFT/tabpfnv3/last_layers/openmlcc18_peft_2x3_full_20260717_113939/all_classification_results.csv
OpenML-CC18,TabPFNv3,Last-block,coverage_fallback,1,1.0,0.0,1.0,1.0,/home/crc00006699/zh/tabiclv2/results/PEFT/tabpfnv3/last_layers/openmlcc18_peft_2x3_full_20260717_113939/all_classification_results.csv
OpenML-CC18,TabPFNv3,Last-block,coverage_result_rows,1,67.0,0.0,67.0,67.0,/home/crc00006699/zh/tabiclv2/results/PEFT/tabpfnv3/last_layers/openmlcc18_peft_2x3_full_20260717_113939/all_classification_results.csv
OpenML-CC18,TabPFNv3,Last-block,coverage_status_ok,1,63.0,0.0,63.0,63.0,/home/crc00006699/zh/tabiclv2/results/PEFT/tabpfnv3/last_layers/openmlcc18_peft_2x3_full_20260717_113939/all_classification_results.csv
OpenML-CC18,TabPFNv3,Last-block,f1,63,0.8778296212399718,0.14892780248573514,0.176916148544438,1.0,/home/crc00006699/zh/tabiclv2/results/PEFT/tabpfnv3/last_layers/openmlcc18_peft_2x3_full_20260717_113939/all_classification_results.csv
OpenML-CC18,TabPFNv3,Last-block,fit_seconds,63,21.771214356498113,38.70174753381863,3.8870134353637695,166.28446793556213,/home/crc00006699/zh/tabiclv2/results/PEFT/tabpfnv3/last_layers/openmlcc18_peft_2x3_full_20260717_113939/all_classification_results.csv
OpenML-CC18,TabPFNv3,Last-block,log_loss,63,0.26917858092400376,0.29982765002666906,1.3591695763713832e-05,1.7798916905754965,/home/crc00006699/zh/tabiclv2/results/PEFT/tabpfnv3/last_layers/openmlcc18_peft_2x3_full_20260717_113939/all_classification_results.csv
OpenML-CC18,TabPFNv3,Last-block,peft_trainable_params,63,2567808.0,0.0,2567808.0,2567808.0,/home/crc00006699/zh/tabiclv2/results/PEFT/tabpfnv3/last_layers/openmlcc18_peft_2x3_full_20260717_113939/all_classification_results.csv
OpenML-CC18,TabPFNv3,Last-block,peft_trainable_ratio,63,0.04830961645467289,6.99462888684423e-17,0.0483096164546729,0.0483096164546729,/home/crc00006699/zh/tabiclv2/results/PEFT/tabpfnv3/last_layers/openmlcc18_peft_2x3_full_20260717_113939/all_classification_results.csv
OpenML-CC18,TabPFNv3,Last-block,predict_seconds,63,16.476455616572547,58.25749729239831,1.6506390571594238,436.09028911590576,/home/crc00006699/zh/tabiclv2/results/PEFT/tabpfnv3/last_layers/openmlcc18_peft_2x3_full_20260717_113939/all_classification_results.csv
OpenML-CC18,TabPFNv3,Last-block,roc_auc,63,0.9281585758832619,0.11117811326531214,0.5284743106440175,1.0,/home/crc00006699/zh/tabiclv2/results/PEFT/tabpfnv3/last_layers/openmlcc18_peft_2x3_full_20260717_113939/all_classification_results.csv
OpenML-CC18,TabPFNv3,Last-block,ttt_applied,63,0.9841269841269841,0.12598815766974242,0.0,1.0,/home/crc00006699/zh/tabiclv2/results/PEFT/tabpfnv3/last_layers/openmlcc18_peft_2x3_full_20260717_113939/all_classification_results.csv
OpenML-CC18,TabPFNv3,Last-block,ttt_oom_fallback,63,0.015873015873015872,0.12598815766974242,0.0,1.0,/home/crc00006699/zh/tabiclv2/results/PEFT/tabpfnv3/last_layers/openmlcc18_peft_2x3_full_20260717_113939/all_classification_results.csv
OpenML-CC18,TabPFNv3,Last-block,ttt_stopped_early,63,0.9682539682539683,0.17673143177130224,0.0,1.0,/home/crc00006699/zh/tabiclv2/results/PEFT/tabpfnv3/last_layers/openmlcc18_peft_2x3_full_20260717_113939/all_classification_results.csv
OpenML-CC18,TabPFNv3,Last-block,ttt_update_seconds,63,21.288577231149826,38.83703165343804,0.0,166.2841169834137,/home/crc00006699/zh/tabiclv2/results/PEFT/tabpfnv3/last_layers/openmlcc18_peft_2x3_full_20260717_113939/all_classification_results.csv
Graph-SCM,TabPFNv3,Infer,accuracy,512,0.8139014458044543,0.22364647617272576,0.1457296055151283,1.0,/Users/zhuhao/experiment/second_learning/tabiclv2_test/results/合成数据实验/matrix/tabiclv2_graph_scm_2x3_full_20260716_090925/tabpfn-v3/infer/seed42/all_classification_results.csv
Graph-SCM,TabPFNv3,Infer,balanced_accuracy,512,0.7549178371866219,0.2694071087668787,0.1,1.0,/Users/zhuhao/experiment/second_learning/tabiclv2_test/results/合成数据实验/matrix/tabiclv2_graph_scm_2x3_full_20260716_090925/tabpfn-v3/infer/seed42/all_classification_results.csv
Graph-SCM,TabPFNv3,Infer,coverage_adaptation_applied,1,0.0,0.0,0.0,0.0,/Users/zhuhao/experiment/second_learning/tabiclv2_test/results/合成数据实验/matrix/tabiclv2_graph_scm_2x3_full_20260716_090925/tabpfn-v3/infer/seed42/all_classification_results.csv
Graph-SCM,TabPFNv3,Infer,coverage_failed,1,0.0,0.0,0.0,0.0,/Users/zhuhao/experiment/second_learning/tabiclv2_test/results/合成数据实验/matrix/tabiclv2_graph_scm_2x3_full_20260716_090925/tabpfn-v3/infer/seed42/all_classification_results.csv
Graph-SCM,TabPFNv3,Infer,coverage_fallback,1,0.0,0.0,0.0,0.0,/Users/zhuhao/experiment/second_learning/tabiclv2_test/results/合成数据实验/matrix/tabiclv2_graph_scm_2x3_full_20260716_090925/tabpfn-v3/infer/seed42/all_classification_results.csv
Graph-SCM,TabPFNv3,Infer,coverage_result_rows,1,512.0,0.0,512.0,512.0,/Users/zhuhao/experiment/second_learning/tabiclv2_test/results/合成数据实验/matrix/tabiclv2_graph_scm_2x3_full_20260716_090925/tabpfn-v3/infer/seed42/all_classification_results.csv
Graph-SCM,TabPFNv3,Infer,coverage_status_ok,1,512.0,0.0,512.0,512.0,/Users/zhuhao/experiment/second_learning/tabiclv2_test/results/合成数据实验/matrix/tabiclv2_graph_scm_2x3_full_20260716_090925/tabpfn-v3/infer/seed42/all_classification_results.csv
Graph-SCM,TabPFNv3,Infer,f1,512,0.7961513475871931,0.24776074562661557,0.0504006706722384,1.0,/Users/zhuhao/experiment/second_learning/tabiclv2_test/results/合成数据实验/matrix/tabiclv2_graph_scm_2x3_full_20260716_090925/tabpfn-v3/infer/seed42/all_classification_results.csv
Graph-SCM,TabPFNv3,Infer,fit_seconds,512,0.6044115219265223,0.09597344709440492,0.4942829608917236,1.169564962387085,/Users/zhuhao/experiment/second_learning/tabiclv2_test/results/合成数据实验/matrix/tabiclv2_graph_scm_2x3_full_20260716_090925/tabpfn-v3/infer/seed42/all_classification_results.csv
Graph-SCM,TabPFNv3,Infer,log_loss,512,0.4582005915481968,0.5578909265811538,1.2993896981348886e-05,2.2763336347582803,/Users/zhuhao/experiment/second_learning/tabiclv2_test/results/合成数据实验/matrix/tabiclv2_graph_scm_2x3_full_20260716_090925/tabpfn-v3/infer/seed42/all_classification_results.csv
Graph-SCM,TabPFNv3,Infer,predict_seconds,512,1.6640430064871907,3.011517784107016,0.4375631809234619,21.56228828430176,/Users/zhuhao/experiment/second_learning/tabiclv2_test/results/合成数据实验/matrix/tabiclv2_graph_scm_2x3_full_20260716_090925/tabpfn-v3/infer/seed42/all_classification_results.csv
Graph-SCM,TabPFNv3,Infer,roc_auc,512,0.918636309954448,0.11886159259341222,0.5168189522420191,1.0,/Users/zhuhao/experiment/second_learning/tabiclv2_test/results/合成数据实验/matrix/tabiclv2_graph_scm_2x3_full_20260716_090925/tabpfn-v3/infer/seed42/all_classification_results.csv
Graph-SCM,TabPFNv3,FT,accuracy,512,0.8148429615279678,0.22314968415301015,0.1452508617387974,1.0,/Users/zhuhao/experiment/second_learning/tabiclv2_test/results/合成数据实验/matrix/tabiclv2_graph_scm_2x3_full_20260716_090925/tabpfn-v3/ft/seed42/all_classification_results.csv
Graph-SCM,TabPFNv3,FT,balanced_accuracy,512,0.7567054730534166,0.2682342304911483,0.1,1.0,/Users/zhuhao/experiment/second_learning/tabiclv2_test/results/合成数据实验/matrix/tabiclv2_graph_scm_2x3_full_20260716_090925/tabpfn-v3/ft/seed42/all_classification_results.csv
Graph-SCM,TabPFNv3,FT,coverage_adaptation_applied,1,512.0,0.0,512.0,512.0,/Users/zhuhao/experiment/second_learning/tabiclv2_test/results/合成数据实验/matrix/tabiclv2_graph_scm_2x3_full_20260716_090925/tabpfn-v3/ft/seed42/all_classification_results.csv
Graph-SCM,TabPFNv3,FT,coverage_failed,1,0.0,0.0,0.0,0.0,/Users/zhuhao/experiment/second_learning/tabiclv2_test/results/合成数据实验/matrix/tabiclv2_graph_scm_2x3_full_20260716_090925/tabpfn-v3/ft/seed42/all_classification_results.csv
Graph-SCM,TabPFNv3,FT,coverage_fallback,1,0.0,0.0,0.0,0.0,/Users/zhuhao/experiment/second_learning/tabiclv2_test/results/合成数据实验/matrix/tabiclv2_graph_scm_2x3_full_20260716_090925/tabpfn-v3/ft/seed42/all_classification_results.csv
Graph-SCM,TabPFNv3,FT,coverage_result_rows,1,512.0,0.0,512.0,512.0,/Users/zhuhao/experiment/second_learning/tabiclv2_test/results/合成数据实验/matrix/tabiclv2_graph_scm_2x3_full_20260716_090925/tabpfn-v3/ft/seed42/all_classification_results.csv
Graph-SCM,TabPFNv3,FT,coverage_status_ok,1,512.0,0.0,512.0,512.0,/Users/zhuhao/experiment/second_learning/tabiclv2_test/results/合成数据实验/matrix/tabiclv2_graph_scm_2x3_full_20260716_090925/tabpfn-v3/ft/seed42/all_classification_results.csv
Graph-SCM,TabPFNv3,FT,f1,512,0.7976337511178735,0.24655136875078476,0.0504006706722384,1.0,/Users/zhuhao/experiment/second_learning/tabiclv2_test/results/合成数据实验/matrix/tabiclv2_graph_scm_2x3_full_20260716_090925/tabpfn-v3/ft/seed42/all_classification_results.csv
Graph-SCM,TabPFNv3,FT,fit_seconds,512,19.271999188233167,23.10378863645794,7.13629412651062,163.44447302818298,/Users/zhuhao/experiment/second_learning/tabiclv2_test/results/合成数据实验/matrix/tabiclv2_graph_scm_2x3_full_20260716_090925/tabpfn-v3/ft/seed42/all_classification_results.csv
Graph-SCM,TabPFNv3,FT,log_loss,512,0.45694630532235697,0.5577546441472716,1.2993896981348886e-05,2.279657086235756,/Users/zhuhao/experiment/second_learning/tabiclv2_test/results/合成数据实验/matrix/tabiclv2_graph_scm_2x3_full_20260716_090925/tabpfn-v3/ft/seed42/all_classification_results.csv
Graph-SCM,TabPFNv3,FT,predict_seconds,512,1.5627648904919624,2.8612599256149815,0.4132692813873291,20.257763385772705,/Users/zhuhao/experiment/second_learning/tabiclv2_test/results/合成数据实验/matrix/tabiclv2_graph_scm_2x3_full_20260716_090925/tabpfn-v3/ft/seed42/all_classification_results.csv
Graph-SCM,TabPFNv3,FT,roc_auc,512,0.9188036630390247,0.11899196068525968,0.5184398648943784,1.0,/Users/zhuhao/experiment/second_learning/tabiclv2_test/results/合成数据实验/matrix/tabiclv2_graph_scm_2x3_full_20260716_090925/tabpfn-v3/ft/seed42/all_classification_results.csv
Graph-SCM,TabPFNv3,FT,ttt_applied,512,1.0,0.0,1.0,1.0,/Users/zhuhao/experiment/second_learning/tabiclv2_test/results/合成数据实验/matrix/tabiclv2_graph_scm_2x3_full_20260716_090925/tabpfn-v3/ft/seed42/all_classification_results.csv
Graph-SCM,TabPFNv3,FT,ttt_c_label_coverage_ok,512,1.0,0.0,1.0,1.0,/Users/zhuhao/experiment/second_learning/tabiclv2_test/results/合成数据实验/matrix/tabiclv2_graph_scm_2x3_full_20260716_090925/tabpfn-v3/ft/seed42/all_classification_results.csv
Graph-SCM,TabPFNv3,FT,ttt_oom_fallback,512,0.0,0.0,0.0,0.0,/Users/zhuhao/experiment/second_learning/tabiclv2_test/results/合成数据实验/matrix/tabiclv2_graph_scm_2x3_full_20260716_090925/tabpfn-v3/ft/seed42/all_classification_results.csv
Graph-SCM,TabPFNv3,FT,ttt_stopped_early,512,0.990234375,0.0984336413603993,0.0,1.0,/Users/zhuhao/experiment/second_learning/tabiclv2_test/results/合成数据实验/matrix/tabiclv2_graph_scm_2x3_full_20260716_090925/tabpfn-v3/ft/seed42/all_classification_results.csv
Graph-SCM,TabPFNv3,FT,ttt_update_seconds,512,19.265341230668128,23.105687614024124,7.135910987854004,163.4440245628357,/Users/zhuhao/experiment/second_learning/tabiclv2_test/results/合成数据实验/matrix/tabiclv2_graph_scm_2x3_full_20260716_090925/tabpfn-v3/ft/seed42/all_classification_results.csv
Graph-SCM,TabPFNv3,F-aware FT,accuracy,512,0.8149421368300436,0.2227597872543993,0.1432401378782075,1.0,/Users/zhuhao/experiment/second_learning/tabiclv2_test/results/合成数据实验/best_matrix/tabpfn-v3/faware_ft/seed42/all_classification_results.csv
Graph-SCM,TabPFNv3,F-aware FT,balanced_accuracy,512,0.7569434610977236,0.2678826715828511,0.1,1.0,/Users/zhuhao/experiment/second_learning/tabiclv2_test/results/合成数据实验/best_matrix/tabpfn-v3/faware_ft/seed42/all_classification_results.csv
Graph-SCM,TabPFNv3,F-aware FT,coverage_adaptation_applied,1,512.0,0.0,512.0,512.0,/Users/zhuhao/experiment/second_learning/tabiclv2_test/results/合成数据实验/best_matrix/tabpfn-v3/faware_ft/seed42/all_classification_results.csv
Graph-SCM,TabPFNv3,F-aware FT,coverage_failed,1,0.0,0.0,0.0,0.0,/Users/zhuhao/experiment/second_learning/tabiclv2_test/results/合成数据实验/best_matrix/tabpfn-v3/faware_ft/seed42/all_classification_results.csv
Graph-SCM,TabPFNv3,F-aware FT,coverage_fallback,1,0.0,0.0,0.0,0.0,/Users/zhuhao/experiment/second_learning/tabiclv2_test/results/合成数据实验/best_matrix/tabpfn-v3/faware_ft/seed42/all_classification_results.csv
Graph-SCM,TabPFNv3,F-aware FT,coverage_result_rows,1,512.0,0.0,512.0,512.0,/Users/zhuhao/experiment/second_learning/tabiclv2_test/results/合成数据实验/best_matrix/tabpfn-v3/faware_ft/seed42/all_classification_results.csv
Graph-SCM,TabPFNv3,F-aware FT,coverage_status_ok,1,512.0,0.0,512.0,512.0,/Users/zhuhao/experiment/second_learning/tabiclv2_test/results/合成数据实验/best_matrix/tabpfn-v3/faware_ft/seed42/all_classification_results.csv
Graph-SCM,TabPFNv3,F-aware FT,f1,512,0.7980266408484303,0.24593804189783197,0.0504006706722384,1.0,/Users/zhuhao/experiment/second_learning/tabiclv2_test/results/合成数据实验/best_matrix/tabpfn-v3/faware_ft/seed42/all_classification_results.csv
Graph-SCM,TabPFNv3,F-aware FT,fit_seconds,512,18.793641394004226,21.933311640841193,7.187546014785767,217.82380175590515,/Users/zhuhao/experiment/second_learning/tabiclv2_test/results/合成数据实验/best_matrix/tabpfn-v3/faware_ft/seed42/all_classification_results.csv
Graph-SCM,TabPFNv3,F-aware FT,log_loss,512,0.4570851648105424,0.5577920935584224,1.2993896981348886e-05,2.277251365020866,/Users/zhuhao/experiment/second_learning/tabiclv2_test/results/合成数据实验/best_matrix/tabpfn-v3/faware_ft/seed42/all_classification_results.csv
Graph-SCM,TabPFNv3,F-aware FT,predict_seconds,512,1.5620933440513909,2.8601031999815083,0.4112544059753418,20.301987409591675,/Users/zhuhao/experiment/second_learning/tabiclv2_test/results/合成数据实验/best_matrix/tabpfn-v3/faware_ft/seed42/all_classification_results.csv
Graph-SCM,TabPFNv3,F-aware FT,roc_auc,512,0.9188162907062433,0.11897549402230473,0.5184398648943784,1.0,/Users/zhuhao/experiment/second_learning/tabiclv2_test/results/合成数据实验/best_matrix/tabpfn-v3/faware_ft/seed42/all_classification_results.csv
Graph-SCM,TabPFNv3,F-aware FT,ttt_applied,512,1.0,0.0,1.0,1.0,/Users/zhuhao/experiment/second_learning/tabiclv2_test/results/合成数据实验/best_matrix/tabpfn-v3/faware_ft/seed42/all_classification_results.csv
Graph-SCM,TabPFNv3,F-aware FT,ttt_c_f_distance_mean,512,2.0769140901924024,0.47831011351125186,1.369614236993454,4.5434807659793,/Users/zhuhao/experiment/second_learning/tabiclv2_test/results/合成数据实验/best_matrix/tabpfn-v3/faware_ft/seed42/all_classification_results.csv
Graph-SCM,TabPFNv3,F-aware FT,ttt_c_f_distance_std,512,1.292096955299061,2.2916190093360465,0.0,37.71690782924747,/Users/zhuhao/experiment/second_learning/tabiclv2_test/results/合成数据实验/best_matrix/tabpfn-v3/faware_ft/seed42/all_classification_results.csv
Graph-SCM,TabPFNv3,F-aware FT,ttt_c_label_coverage_ok,512,1.0,0.0,1.0,1.0,/Users/zhuhao/experiment/second_learning/tabiclv2_test/results/合成数据实验/best_matrix/tabpfn-v3/faware_ft/seed42/all_classification_results.csv
Graph-SCM,TabPFNv3,F-aware FT,ttt_oom_fallback,512,0.0,0.0,0.0,0.0,/Users/zhuhao/experiment/second_learning/tabiclv2_test/results/合成数据实验/best_matrix/tabpfn-v3/faware_ft/seed42/all_classification_results.csv
Graph-SCM,TabPFNv3,F-aware FT,ttt_stopped_early,512,0.9921875,0.08812850872947202,0.0,1.0,/Users/zhuhao/experiment/second_learning/tabiclv2_test/results/合成数据实验/best_matrix/tabpfn-v3/faware_ft/seed42/all_classification_results.csv
Graph-SCM,TabPFNv3,F-aware FT,ttt_update_seconds,512,18.785324058961123,21.935566244289383,7.187135219573975,217.82339930534363,/Users/zhuhao/experiment/second_learning/tabiclv2_test/results/合成数据实验/best_matrix/tabpfn-v3/faware_ft/seed42/all_classification_results.csv
data184,LimiX-2M,Infer,accuracy,178,0.8446276605772719,0.13132834066391838,0.403183023872679,1.0,/home/crc00006699/zh/tabiclv2/results/limix/data184/limix2m/seed42/infer/all_classification_results.csv
data184,LimiX-2M,Infer,balanced_accuracy,178,0.7616820224546268,0.17575832545153597,0.1428571428571428,1.0,/home/crc00006699/zh/tabiclv2/results/limix/data184/limix2m/seed42/infer/all_classification_results.csv
data184,LimiX-2M,Infer,coverage_adaptation_applied,1,0.0,0.0,0.0,0.0,/home/crc00006699/zh/tabiclv2/results/limix/data184/limix2m/seed42/infer/all_classification_results.csv
data184,LimiX-2M,Infer,coverage_failed,1,6.0,0.0,6.0,6.0,/home/crc00006699/zh/tabiclv2/results/limix/data184/limix2m/seed42/infer/all_classification_results.csv
data184,LimiX-2M,Infer,coverage_fallback,1,0.0,0.0,0.0,0.0,/home/crc00006699/zh/tabiclv2/results/limix/data184/limix2m/seed42/infer/all_classification_results.csv
data184,LimiX-2M,Infer,coverage_result_rows,1,184.0,0.0,184.0,184.0,/home/crc00006699/zh/tabiclv2/results/limix/data184/limix2m/seed42/infer/all_classification_results.csv
data184,LimiX-2M,Infer,coverage_status_ok,1,178.0,0.0,178.0,178.0,/home/crc00006699/zh/tabiclv2/results/limix/data184/limix2m/seed42/infer/all_classification_results.csv
data184,LimiX-2M,Infer,f1,178,0.8342627862550607,0.14288552767453105,0.2316968605998004,1.0,/home/crc00006699/zh/tabiclv2/results/limix/data184/limix2m/seed42/infer/all_classification_results.csv
data184,LimiX-2M,Infer,fallback_count,178,0.0,0.0,0.0,0.0,/home/crc00006699/zh/tabiclv2/results/limix/data184/limix2m/seed42/infer/all_classification_results.csv
data184,LimiX-2M,Infer,fit_seconds,178,0.0,0.0,0.0,0.0,/home/crc00006699/zh/tabiclv2/results/limix/data184/limix2m/seed42/infer/all_classification_results.csv
data184,LimiX-2M,Infer,log_loss,178,0.34942487289359675,0.2796669377623559,2.3859179732977666e-06,1.5124888615998695,/home/crc00006699/zh/tabiclv2/results/limix/data184/limix2m/seed42/infer/all_classification_results.csv
data184,LimiX-2M,Infer,peak_vram_mb,178,751.0117516678371,906.4088723133682,52.47216796875,7763.12060546875,/home/crc00006699/zh/tabiclv2/results/limix/data184/limix2m/seed42/infer/all_classification_results.csv
data184,LimiX-2M,Infer,predict_seconds,178,299.3731205356255,1085.3374834460244,0.359429121017456,11658.51454114914,/home/crc00006699/zh/tabiclv2/results/limix/data184/limix2m/seed42/infer/all_classification_results.csv
data184,LimiX-2M,Infer,roc_auc,178,0.8937858109043015,0.1098242220884516,0.4885459855757242,1.0,/home/crc00006699/zh/tabiclv2/results/limix/data184/limix2m/seed42/infer/all_classification_results.csv
data184,LimiX-2M,Infer,stopped_early,178,0.0,0.0,0.0,0.0,/home/crc00006699/zh/tabiclv2/results/limix/data184/limix2m/seed42/infer/all_classification_results.csv
data184,LimiX-2M,Infer,total_params,178,2377837.0,0.0,2377837.0,2377837.0,/home/crc00006699/zh/tabiclv2/results/limix/data184/limix2m/seed42/infer/all_classification_results.csv
data184,LimiX-2M,Infer,trainable_params,178,0.0,0.0,0.0,0.0,/home/crc00006699/zh/tabiclv2/results/limix/data184/limix2m/seed42/infer/all_classification_results.csv
data184,LimiX-2M,Infer,trainable_ratio,178,0.0,0.0,0.0,0.0,/home/crc00006699/zh/tabiclv2/results/limix/data184/limix2m/seed42/infer/all_classification_results.csv
data184,LimiX-2M,Infer,ttt_applied,178,0.0,0.0,0.0,0.0,/home/crc00006699/zh/tabiclv2/results/limix/data184/limix2m/seed42/infer/all_classification_results.csv
data184,LimiX-2M,Infer,wall_seconds,178,299.55908114588664,1085.4299793624273,0.4164106845855713,11659.99796652794,/home/crc00006699/zh/tabiclv2/results/limix/data184/limix2m/seed42/infer/all_classification_results.csv
data184,LimiX-2M,FT,accuracy,83,0.8124964975189881,0.13455176694255447,0.4045454545454545,0.9977678571428572,/home/crc00006699/zh/tabiclv2/results/limix/data184/limix2m/seed42/ft/all_classification_results.csv
data184,LimiX-2M,FT,balanced_accuracy,83,0.7277255252823619,0.15563050552470004,0.3883175349430087,0.9984423676012462,/home/crc00006699/zh/tabiclv2/results/limix/data184/limix2m/seed42/ft/all_classification_results.csv
data184,LimiX-2M,FT,baseline_val_accuracy,83,0.8095159737080151,0.1333644365908536,0.5545454545454546,1.0,/home/crc00006699/zh/tabiclv2/results/limix/data184/limix2m/seed42/ft/all_classification_results.csv
data184,LimiX-2M,FT,best_val_accuracy,83,0.8152566682771174,0.13047171155135381,0.5545454545454546,1.0,/home/crc00006699/zh/tabiclv2/results/limix/data184/limix2m/seed42/ft/all_classification_results.csv
data184,LimiX-2M,FT,coverage_adaptation_applied,1,83.0,0.0,83.0,83.0,/home/crc00006699/zh/tabiclv2/results/limix/data184/limix2m/seed42/ft/all_classification_results.csv
data184,LimiX-2M,FT,coverage_failed,1,4.0,0.0,4.0,4.0,/home/crc00006699/zh/tabiclv2/results/limix/data184/limix2m/seed42/ft/all_classification_results.csv
data184,LimiX-2M,FT,coverage_fallback,1,0.0,0.0,0.0,0.0,/home/crc00006699/zh/tabiclv2/results/limix/data184/limix2m/seed42/ft/all_classification_results.csv
data184,LimiX-2M,FT,coverage_result_rows,1,87.0,0.0,87.0,87.0,/home/crc00006699/zh/tabiclv2/results/limix/data184/limix2m/seed42/ft/all_classification_results.csv
data184,LimiX-2M,FT,coverage_status_ok,1,83.0,0.0,83.0,83.0,/home/crc00006699/zh/tabiclv2/results/limix/data184/limix2m/seed42/ft/all_classification_results.csv
data184,LimiX-2M,FT,f1,83,0.7999315263629004,0.14331810384819957,0.3820846118452335,0.9977704927524832,/home/crc00006699/zh/tabiclv2/results/limix/data184/limix2m/seed42/ft/all_classification_results.csv
data184,LimiX-2M,FT,fallback_count,83,0.0,0.0,0.0,0.0,/home/crc00006699/zh/tabiclv2/results/limix/data184/limix2m/seed42/ft/all_classification_results.csv
data184,LimiX-2M,FT,fit_seconds,83,1118.5138707649278,2845.2732627954474,5.365444660186768,18368.192716121674,/home/crc00006699/zh/tabiclv2/results/limix/data184/limix2m/seed42/ft/all_classification_results.csv
data184,LimiX-2M,FT,log_loss,83,0.3882691833233413,0.2547149346945781,0.0058981672902305,1.3623747537088018,/home/crc00006699/zh/tabiclv2/results/limix/data184/limix2m/seed42/ft/all_classification_results.csv
data184,LimiX-2M,FT,peak_vram_mb,83,1062.147255035768,716.4658068754286,237.04443359375,3035.0,/home/crc00006699/zh/tabiclv2/results/limix/data184/limix2m/seed42/ft/all_classification_results.csv
data184,LimiX-2M,FT,predict_seconds,83,323.3095729293593,830.9877939821813,0.3830897808074951,4564.189223766327,/home/crc00006699/zh/tabiclv2/results/limix/data184/limix2m/seed42/ft/all_classification_results.csv
data184,LimiX-2M,FT,roc_auc,83,0.8551382110068517,0.1199203931677074,0.4914311784847603,1.0,/home/crc00006699/zh/tabiclv2/results/limix/data184/limix2m/seed42/ft/all_classification_results.csv
data184,LimiX-2M,FT,stopped_early,83,1.0,0.0,1.0,1.0,/home/crc00006699/zh/tabiclv2/results/limix/data184/limix2m/seed42/ft/all_classification_results.csv
data184,LimiX-2M,FT,total_params,83,2377837.0,0.0,2377837.0,2377837.0,/home/crc00006699/zh/tabiclv2/results/limix/data184/limix2m/seed42/ft/all_classification_results.csv
data184,LimiX-2M,FT,trainable_params,83,2377837.0,0.0,2377837.0,2377837.0,/home/crc00006699/zh/tabiclv2/results/limix/data184/limix2m/seed42/ft/all_classification_results.csv
data184,LimiX-2M,FT,trainable_ratio,83,1.0,0.0,1.0,1.0,/home/crc00006699/zh/tabiclv2/results/limix/data184/limix2m/seed42/ft/all_classification_results.csv
data184,LimiX-2M,FT,ttt_applied,83,1.0,0.0,1.0,1.0,/home/crc00006699/zh/tabiclv2/results/limix/data184/limix2m/seed42/ft/all_classification_results.csv
data184,LimiX-2M,FT,ttt_loss,83,0.49213070502639356,0.31487575792943795,0.0031857076101005,1.513016939163208,/home/crc00006699/zh/tabiclv2/results/limix/data184/limix2m/seed42/ft/all_classification_results.csv
data184,LimiX-2M,FT,wall_seconds,83,1442.1070501632,3649.0808758731405,5.861908674240112,22935.826897859573,/home/crc00006699/zh/tabiclv2/results/limix/data184/limix2m/seed42/ft/all_classification_results.csv
