dataset_name,dataset_dir,task_type,n_train,n_val,n_test,n_features,n_classes,accuracy,f1,balanced_accuracy,roc_auc,log_loss,fit_seconds,predict_seconds,status,error,n_train_a,n_train_b,n_holdout_c,n_test_d,ttt_loss,ttt_wise_ft,ttt_wise_alpha,ttt_wise_applied,ttt_steps,ttt_lr,ttt_applied,ttt_update_seconds,ttt_split_strategy,ttt_split_reason,ttt_epochs,ttt_chunks_per_epoch,ttt_batch_mode,ttt_val_eval_metric,ttt_val_baseline_metric,ttt_val_best_metric,ttt_val_baseline_accuracy,ttt_val_best_accuracy,ttt_best_epoch,ttt_stopped_early,ttt_oom_fallback,ttt_fallback_reason,ttt_c_selection,ttt_c_source,ttt_c_metric,ttt_c_f_distance_mean,ttt_c_f_distance_std,ttt_c_fallback_reason,ttt_c_label_coverage_ok
Amazon_employee_access,/home/crc00006699/zh/tabiclv2/data184/Amazon_employee_access,binclass,26215,5243,6554,7,2,0.9449191333536772,0.9326082783497164,0.598044075075043,0.8364588251631717,0.1666353850820394,47.39155054092407,12.70663332939148,ok,,26215,20972,0,6554,0.2267987728118896,True,0.1,False,48,1e-05,True,47.16168832778931,full_train_epoch_chunks,full train set chunked per epoch | validation=dataset_val_split | c_selection=f_mmd c_source=test c_metric=standardized_l2 | f_mmd_reserved_context=5% source=test | wise_ft_skipped rows=32769>=2000,30,3,epoch_chunk,accuracy,0.949074957085638,0.9507915315658974,0.949074957085638,0.9507915315658974,8,True,False,,f_mmd,test,standardized_l2,3.6268547065954095,0.7188123557025591,,True
BNG(breast-w),/home/crc00006699/zh/tabiclv2/data184/BNG(breast-w),binclass,31492,6299,7874,9,2,0.9876809753619508,0.9877016532437888,0.9880647027566138,0.9991581251695166,0.0336055860494146,57.46324777603149,20.33025455474853,ok,,31492,25193,0,7874,0.0335064344108104,True,0.1,False,54,1e-05,True,57.20260739326477,full_train_epoch_chunks,full train set chunked per epoch | validation=dataset_val_split | c_selection=f_mmd c_source=test c_metric=standardized_l2 | f_mmd_reserved_context=5% source=test | wise_ft_skipped rows=39366>=2000,30,3,epoch_chunk,accuracy,0.9863470392125734,0.9869820606445469,0.9863470392125734,0.9869820606445469,10,True,False,,f_mmd,test,standardized_l2,4.266356135759505,0.7553151369521842,,True
BNG(tic-tac-toe),/home/crc00006699/zh/tabiclv2/data184/BNG(tic-tac-toe),binclass,31492,6299,7874,9,2,0.8153416306832614,0.8130076299205359,0.785149953171995,0.8845578826382512,0.4035580836924484,65.36136078834534,20.542786836624146,ok,,31492,25193,0,7874,0.4113740473985672,True,0.1,False,60,1e-05,True,65.02764368057251,full_train_epoch_chunks,full train set chunked per epoch | validation=dataset_val_split | c_selection=f_mmd c_source=test c_metric=standardized_l2 | f_mmd_reserved_context=5% source=test | wise_ft_skipped rows=39366>=2000,30,3,epoch_chunk,accuracy,0.8077472614700746,0.8117161454199079,0.8077472614700746,0.8117161454199079,12,True,False,,f_mmd,test,standardized_l2,1.8408121454446689,0.1126048979836602,,True
Basketball_c,/home/crc00006699/zh/tabiclv2/data184/Basketball_c,binclass,1072,215,268,11,2,0.7052238805970149,0.7037074294809892,0.6826718639262934,0.7441235530356721,0.5773878350990019,5.662369728088379,0.4001107215881347,ok,,1072,857,0,268,0.6020298004150391,True,0.1,True,14,1e-05,True,5.628875732421875,full_train_epoch_chunks,full train set chunked per epoch | validation=dataset_val_split | c_selection=f_mmd c_source=test c_metric=standardized_l2 | f_mmd_reserved_context=5% source=test | wise_ft=alpha0.1 rows=1340<2000,30,1,epoch_chunk,accuracy,0.7534883720930232,0.7674418604651163,0.7534883720930232,0.7674418604651163,6,True,False,,f_mmd,test,standardized_l2,4.580026916701444,1.8472818550739765,,True
Cardiovascular-Disease-dataset,/home/crc00006699/zh/tabiclv2/data184/Cardiovascular-Disease-dataset,binclass,56000,11200,14000,11,2,0.7327142857142858,0.7323130905781163,0.7326922392464454,0.8009110370321754,0.5417393352099243,73.28720664978027,60.428260803222656,ok,,56000,44800,0,14000,0.5526954829692841,True,0.1,False,55,1e-05,True,72.77302718162537,full_train_epoch_chunks,full train set chunked per epoch | validation=dataset_val_split | c_selection=f_mmd c_source=test c_metric=standardized_l2 | f_mmd_reserved_context=5% source=test | wise_ft_skipped rows=70000>=2000,30,5,epoch_chunk,accuracy,0.7332142857142857,0.7335714285714285,0.7332142857142857,0.7335714285714285,3,True,False,,f_mmd,test,standardized_l2,6.554668299698496,33.666390404873,,True
Contaminant-detection-in-packaged-cocoa-hazelnut-spread-jars-using-Microwaves-Sensing-and-Machine-Learning-10.0GHz(Urbinati),/home/crc00006699/zh/tabiclv2/data184/Contaminant-detection-in-packaged-cocoa-hazelnut-spread-jars-using-Microwaves-Sensing-and-Machine-Learning-10.0GHz(Urbinati),binclass,1920,384,480,30,2,0.9791666666666666,0.9791720943696628,0.9795606229143492,0.9965065350389322,0.0649524561546801,7.03668737411499,0.9558465480804444,ok,,1920,1536,0,480,0.0971020013093948,True,0.1,False,13,1e-05,True,6.960571765899658,full_train_epoch_chunks,full train set chunked per epoch | validation=dataset_val_split | c_selection=f_mmd c_source=test c_metric=standardized_l2 | f_mmd_reserved_context=5% source=test | wise_ft_skipped rows=2400>=2000,30,1,epoch_chunk,accuracy,0.96875,0.9713541666666666,0.96875,0.9713541666666666,5,True,False,,f_mmd,test,standardized_l2,3.474111017300537,0.5011058777592405,,True
Contaminant-detection-in-packaged-cocoa-hazelnut-spread-jars-using-Microwaves-Sensing-and-Machine-Learning-11.0GHz(Urbinati),/home/crc00006699/zh/tabiclv2/data184/Contaminant-detection-in-packaged-cocoa-hazelnut-spread-jars-using-Microwaves-Sensing-and-Machine-Learning-11.0GHz(Urbinati),binclass,1920,384,480,30,2,0.9604166666666668,0.960427492536752,0.9609983314794216,0.992752363737486,0.1116923550515469,6.3293538093566895,0.924285650253296,ok,,1920,1536,0,480,0.102417305111885,True,0.1,False,12,1e-05,True,6.258546352386475,full_train_epoch_chunks,full train set chunked per epoch | validation=dataset_val_split | c_selection=f_mmd c_source=test c_metric=standardized_l2 | f_mmd_reserved_context=5% source=test | wise_ft_skipped rows=2400>=2000,30,1,epoch_chunk,accuracy,0.96875,0.9739583333333334,0.96875,0.9739583333333334,4,True,False,,f_mmd,test,standardized_l2,2.77001594160081,0.3098385256639161,,True
Contaminant-detection-in-packaged-cocoa-hazelnut-spread-jars-using-Microwaves-Sensing-and-Machine-Learning-9.5GHz(Urbinati),/home/crc00006699/zh/tabiclv2/data184/Contaminant-detection-in-packaged-cocoa-hazelnut-spread-jars-using-Microwaves-Sensing-and-Machine-Learning-9.5GHz(Urbinati),binclass,1920,384,480,30,2,0.9666666666666668,0.9666753509914604,0.9670467185761956,0.994368743047831,0.0928887674214662,12.246067762374878,0.903127908706665,ok,,1920,1536,0,480,0.0709281452000141,True,0.1,False,24,1e-05,True,12.171658039093018,full_train_epoch_chunks,full train set chunked per epoch | validation=dataset_val_split | c_selection=f_mmd c_source=test c_metric=standardized_l2 | f_mmd_reserved_context=5% source=test | wise_ft_skipped rows=2400>=2000,30,1,epoch_chunk,accuracy,0.9453125,0.9635416666666666,0.9453125,0.9635416666666666,16,True,False,,f_mmd,test,standardized_l2,3.064720688473775,0.2426838793945935,,True
Customer_Personality_Analysis,/home/crc00006699/zh/tabiclv2/data184/Customer_Personality_Analysis,binclass,1792,359,448,24,2,0.8950892857142857,0.886747793665325,0.7292082892623497,0.9128178007599796,0.2479646974639723,7.385964393615723,0.7754695415496826,ok,,1792,1433,0,448,0.2807392925024032,True,0.1,False,16,1e-05,True,7.32020092010498,full_train_epoch_chunks,full train set chunked per epoch | validation=dataset_val_split | c_selection=f_mmd c_source=test c_metric=standardized_l2 | f_mmd_reserved_context=5% source=test | wise_ft_skipped rows=2240>=2000,30,1,epoch_chunk,accuracy,0.8857938718662952,0.8941504178272981,0.8857938718662952,0.8941504178272981,8,True,False,,f_mmd,test,standardized_l2,4.672547501062974,1.17003702043432,,True
E-CommereShippingData,/home/crc00006699/zh/tabiclv2/data184/E-CommereShippingData,binclass,8799,1760,2200,10,2,0.6763636363636364,0.6643989307797264,0.7263047265614603,0.730217983206698,0.5039312509166014,8.193051815032959,3.093759536743164,ok,,8799,7039,0,2200,0.5017598569393158,True,0.1,False,8,1e-05,True,8.10146713256836,full_train_epoch_chunks,full train set chunked per epoch | validation=dataset_val_split | c_selection=f_mmd c_source=test c_metric=standardized_l2 | f_mmd_reserved_context=5% source=test | wise_ft_skipped rows=10999>=2000,30,1,epoch_chunk,accuracy,0.6852272727272727,0.6852272727272727,0.6852272727272727,0.6852272727272727,0,True,False,,f_mmd,test,standardized_l2,2.462655441028002,0.413209532243618,,True
FICO-HELOC-cleaned,/home/crc00006699/zh/tabiclv2/data184/FICO-HELOC-cleaned,binclass,7896,1580,1975,23,2,0.7529113924050633,0.7526436398063093,0.7517462476220216,0.8261954605779462,0.512660164297427,13.336868524551392,3.4658374786376958,ok,,7896,6316,0,1975,0.5481568574905396,True,0.1,False,11,1e-05,True,13.166786193847656,full_train_epoch_chunks,full train set chunked per epoch | validation=dataset_val_split | c_selection=f_mmd c_source=test c_metric=standardized_l2 | f_mmd_reserved_context=5% source=test | wise_ft_skipped rows=9871>=2000,30,1,epoch_chunk,accuracy,0.7436708860759493,0.7481012658227848,0.7436708860759493,0.7481012658227848,3,True,False,,f_mmd,test,standardized_l2,4.485100134651286,4.018561708468314,,True
FOREX_audcad-hour-High,/home/crc00006699/zh/tabiclv2/data184/FOREX_audcad-hour-High,binclass,35060,7012,8765,10,2,0.7146605818596692,0.7146249986149408,0.7143045673132291,0.7903477494338917,0.5529254305510543,66.2265772819519,26.274948358535767,ok,,35060,28048,0,8765,0.5454018414020538,True,0.1,False,54,1e-05,True,65.92314219474792,full_train_epoch_chunks,full train set chunked per epoch | validation=dataset_val_split | c_selection=f_mmd c_source=test c_metric=standardized_l2 | f_mmd_reserved_context=5% source=test | wise_ft_skipped rows=43825>=2000,30,3,epoch_chunk,accuracy,0.7126354820308043,0.7170564746149458,0.7126354820308043,0.7170564746149458,10,True,False,,f_mmd,test,standardized_l2,5.709728118445561,4.42506207744099,,True
FOREX_audjpy-day-High,/home/crc00006699/zh/tabiclv2/data184/FOREX_audjpy-day-High,binclass,1465,293,367,10,2,0.779291553133515,0.7786492550409573,0.7778669520242554,0.8553296474644789,0.4745282359865768,4.538904428482056,0.5186405181884766,ok,,1465,1172,0,367,0.5921306014060974,True,0.1,True,12,1e-05,True,4.503414630889893,full_train_epoch_chunks,full train set chunked per epoch | validation=dataset_val_split | c_selection=f_mmd c_source=test c_metric=standardized_l2 | f_mmd_reserved_context=5% source=test | wise_ft=alpha0.1 rows=1832<2000,30,1,epoch_chunk,accuracy,0.757679180887372,0.764505119453925,0.757679180887372,0.764505119453925,4,True,False,,f_mmd,test,standardized_l2,4.970620801922388,1.6582297571052496,,True
FOREX_audsgd-hour-High,/home/crc00006699/zh/tabiclv2/data184/FOREX_audsgd-hour-High,binclass,35060,7012,8765,10,2,0.7119224187107815,0.7119559549770155,0.7118090036153037,0.788923713423816,0.5525471126419184,93.33184742927553,24.711699724197388,ok,,35060,28048,0,8765,0.5590560436248779,True,0.1,False,75,1e-05,True,92.99126672744752,full_train_epoch_chunks,full train set chunked per epoch | validation=dataset_val_split | c_selection=f_mmd c_source=test c_metric=standardized_l2 | f_mmd_reserved_context=5% source=test | wise_ft_skipped rows=43825>=2000,30,3,epoch_chunk,accuracy,0.682686822589846,0.7203365658870508,0.682686822589846,0.7203365658870508,17,True,False,,f_mmd,test,standardized_l2,4.313698670596087,1.599167944891625,,True
FOREX_cadjpy-day-High,/home/crc00006699/zh/tabiclv2/data184/FOREX_cadjpy-day-High,binclass,1467,294,367,10,2,0.7247956403269755,0.7243659308585917,0.7249049655500119,0.7919042527916369,0.5544436021143953,4.983836650848389,0.5020778179168701,ok,,1467,1173,0,367,0.6047866344451904,True,0.1,True,13,1e-05,True,4.951130390167236,full_train_epoch_chunks,full train set chunked per epoch | validation=dataset_val_split | c_selection=f_mmd c_source=test c_metric=standardized_l2 | f_mmd_reserved_context=5% source=test | wise_ft=alpha0.1 rows=1834<2000,30,1,epoch_chunk,accuracy,0.7040816326530612,0.717687074829932,0.7040816326530612,0.717687074829932,5,True,False,,f_mmd,test,standardized_l2,5.276405738110375,1.913419578032166,,True
Firm-Teacher_Clave-Direction_Classification,/home/crc00006699/zh/tabiclv2/data184/Firm-Teacher_Clave-Direction_Classification,multiclass,8640,1728,2160,16,4,0.8828703703703704,0.8822697033352987,0.8069463775300252,0.971861431767487,0.3065848737697768,16.203957557678223,3.421226024627685,ok,,8640,6912,0,2160,0.3307435810565948,True,0.1,False,14,1e-05,True,16.039960384368896,full_train_epoch_chunks,full train set chunked per epoch | validation=dataset_val_split | c_selection=f_mmd c_source=test c_metric=standardized_l2 | f_mmd_reserved_context=5% source=test | wise_ft_skipped rows=10800>=2000,30,1,epoch_chunk,accuracy,0.8622685185185185,0.8732638888888888,0.8622685185185185,0.8732638888888888,6,True,False,,f_mmd,test,standardized_l2,1.2743595976531013,0.0032793621498815,,True
GAMETES_Epistasis_2-Way_20atts_0.1H_EDM-1_1,/home/crc00006699/zh/tabiclv2/data184/GAMETES_Epistasis_2-Way_20atts_0.1H_EDM-1_1,binclass,1280,256,320,20,2,0.6625,0.6590909090909092,0.6625,0.72166015625,0.610180779485812,3.901932954788208,0.5466630458831787,ok,,1280,1024,0,320,0.5957626402378082,True,0.1,True,8,1e-05,True,3.841209888458252,full_train_epoch_chunks,full train set chunked per epoch | validation=dataset_val_split | c_selection=f_mmd c_source=test c_metric=standardized_l2 | f_mmd_reserved_context=5% source=test | wise_ft=alpha0.1 rows=1600<2000,30,1,epoch_chunk,accuracy,0.65625,0.65625,0.65625,0.65625,0,True,False,,f_mmd,test,standardized_l2,2.25102478229322,0.2753977890508813,,True
Gender_Gap_in_Spanish_WP,/home/crc00006699/zh/tabiclv2/data184/Gender_Gap_in_Spanish_WP,multiclass,3796,760,950,13,3,0.6094736842105263,0.5607008072889788,0.4250816242115783,0.7039464349768297,0.7935629017001232,10.894931077957152,1.2734627723693848,ok,,3796,3036,0,950,0.8097580671310425,True,0.1,False,21,1e-05,True,10.839715242385864,full_train_epoch_chunks,full train set chunked per epoch | validation=dataset_val_split | c_selection=f_mmd c_source=test c_metric=standardized_l2 | f_mmd_reserved_context=5% source=test | wise_ft_skipped rows=4746>=2000,30,1,epoch_chunk,accuracy,0.6078947368421053,0.6223684210526316,0.6078947368421053,0.6223684210526316,13,True,False,,f_mmd,test,standardized_l2,16.14778049799598,30.14246577788065,,True
HR_Analytics_Job_Change_of_Data_Scientists,/home/crc00006699/zh/tabiclv2/data184/HR_Analytics_Job_Change_of_Data_Scientists,binclass,15326,3066,3832,13,2,0.7993215031315241,0.8021524054433973,0.7470829306996999,0.8110782938160934,0.4297831337162475,21.43762993812561,7.0139689445495605,ok,,15326,12260,0,3832,0.4042504876852035,True,0.1,False,22,1e-05,True,21.209205389022827,full_train_epoch_chunks,full train set chunked per epoch | validation=dataset_val_split | c_selection=f_mmd c_source=test c_metric=standardized_l2 | f_mmd_reserved_context=5% source=test | wise_ft_skipped rows=19158>=2000,30,2,epoch_chunk,accuracy,0.8056099151989563,0.8065883887801696,0.8056099151989563,0.8065883887801696,3,True,False,,f_mmd,test,standardized_l2,2.5772490099793504,0.3069183235157489,,True
INNHotelsGroup,/home/crc00006699/zh/tabiclv2/data184/INNHotelsGroup,binclass,29020,5804,7255,17,2,0.9058580289455548,0.905216753373387,0.8867446899121916,0.9631676344108834,0.2218552073701833,36.7537202835083,19.71224546432495,ok,,29020,23216,0,7255,0.3330501466989517,True,0.1,False,30,1e-05,True,36.31143140792847,full_train_epoch_chunks,full train set chunked per epoch | validation=dataset_val_split | c_selection=f_mmd c_source=test c_metric=standardized_l2 | f_mmd_reserved_context=5% source=test | wise_ft_skipped rows=36275>=2000,30,3,epoch_chunk,accuracy,0.9040317022742936,0.9057546519641626,0.9040317022742936,0.9057546519641626,2,True,False,,f_mmd,test,standardized_l2,6.157614736274513,9.396667606168132,,True
Intersectional-Bias-Assessment,/home/crc00006699/zh/tabiclv2/data184/Intersectional-Bias-Assessment,binclass,8800,1760,2200,19,2,0.9459090909090908,0.9459095938288524,0.945921363757706,0.9902190253985492,0.1321511964908409,26.70425295829773,3.690895557403565,ok,,8800,7040,0,2200,0.1102418303489685,True,0.1,False,23,1e-05,True,26.5495126247406,full_train_epoch_chunks,full train set chunked per epoch | validation=dataset_val_split | c_selection=f_mmd c_source=test c_metric=standardized_l2 | f_mmd_reserved_context=5% source=test | wise_ft_skipped rows=11000>=2000,30,1,epoch_chunk,accuracy,0.9522727272727272,0.9545454545454546,0.9522727272727272,0.9545454545454546,15,True,False,,f_mmd,test,standardized_l2,2.246525388968858,0.2827963217985491,,True
JapaneseVowels,/home/crc00006699/zh/tabiclv2/data184/JapaneseVowels,multiclass,7968,1594,1993,14,9,0.9994982438534872,0.999498083906782,0.9993540051679586,1.0,0.0008950595897725,11.63688850402832,2.9862096309661865,ok,,7968,6374,0,1993,0.0037256855284795,True,0.1,False,12,1e-05,True,11.532962560653688,full_train_epoch_chunks,full train set chunked per epoch | validation=dataset_val_split | c_selection=f_mmd c_source=test c_metric=standardized_l2 | f_mmd_reserved_context=5% source=test | wise_ft_skipped rows=9961>=2000,30,1,epoch_chunk,accuracy,0.9956085319949812,0.9962358845671268,0.9956085319949812,0.9962358845671268,4,True,False,,f_mmd,test,standardized_l2,2.451838212173457,0.3377310441453937,,True
KDDCup09_upselling,/home/crc00006699/zh/tabiclv2/data184/KDDCup09_upselling,binclass,4102,821,1026,49,2,0.8118908382066277,0.8098224498596368,0.8118908382066277,0.9106923687820374,0.357776854721058,18.45093822479248,2.485377550125122,ok,,4102,3281,0,1026,0.3405279964208603,True,0.1,False,17,1e-05,True,18.24173474311829,full_train_epoch_chunks,full train set chunked per epoch | validation=dataset_val_split | c_selection=f_mmd c_source=test c_metric=standardized_l2 | f_mmd_reserved_context=5% source=test | wise_ft_skipped rows=5128>=2000,30,1,epoch_chunk,accuracy,0.8087697929354446,0.8136419001218027,0.8087697929354446,0.8136419001218027,9,True,False,,f_mmd,test,standardized_l2,7.833671778281294,21.96172061478189,,True
MIC,/home/crc00006699/zh/tabiclv2/data184/MIC,binclass,1319,264,330,104,2,0.9090909090909092,0.8995772562318263,0.7459413873076113,0.8825637781994518,0.2653693136335363,14.201831579208374,1.5475172996520996,ok,,1319,1055,0,330,0.2556858211755752,True,0.1,True,14,1e-05,True,13.943194150924684,full_train_epoch_chunks,full train set chunked per epoch | validation=dataset_val_split | c_selection=f_mmd c_source=test c_metric=standardized_l2 | f_mmd_reserved_context=5% source=test | wise_ft=alpha0.1 rows=1649<2000,30,1,epoch_chunk,accuracy,0.8712121212121212,0.8787878787878788,0.8712121212121212,0.8787878787878788,6,True,False,,f_mmd,test,standardized_l2,5.712530890529921,2.467797472822383,,True
Marketing_Campaign,/home/crc00006699/zh/tabiclv2/data184/Marketing_Campaign,binclass,1792,359,448,27,2,0.8816964285714286,0.8722900651970686,0.7028832216868414,0.9256865279899712,0.2415058116686894,10.409435987472534,0.7991576194763184,ok,,1792,1433,0,448,0.2659218609333038,True,0.1,False,22,1e-05,True,10.333049058914185,full_train_epoch_chunks,full train set chunked per epoch | validation=dataset_val_split | c_selection=f_mmd c_source=test c_metric=standardized_l2 | f_mmd_reserved_context=5% source=test | wise_ft_skipped rows=2240>=2000,30,1,epoch_chunk,accuracy,0.9108635097493036,0.9192200557103064,0.9108635097493036,0.9192200557103064,14,True,False,,f_mmd,test,standardized_l2,4.276515050841073,2.1214029418271174,,True
National_Health_and_Nutrition_Health_Survey,/home/crc00006699/zh/tabiclv2/data184/National_Health_and_Nutrition_Health_Survey,binclass,1822,365,456,7,2,0.8289473684210527,0.7843793603839929,0.5322794091348045,0.7727744196859688,0.3803578819815122,5.807770490646362,0.5341782569885254,ok,,1822,1457,0,456,0.3556214272975921,True,0.1,False,17,1e-05,True,5.777353525161743,full_train_epoch_chunks,full train set chunked per epoch | validation=dataset_val_split | c_selection=f_mmd c_source=test c_metric=standardized_l2 | f_mmd_reserved_context=5% source=test | wise_ft_skipped rows=2278>=2000,30,1,epoch_chunk,accuracy,0.852054794520548,0.8575342465753425,0.852054794520548,0.8575342465753425,9,True,False,,f_mmd,test,standardized_l2,7.836993826876296,8.426130310236017,,True
PhishingWebsites,/home/crc00006699/zh/tabiclv2/data184/PhishingWebsites,binclass,8844,1769,2211,30,2,0.9800995024875622,0.9800771018843496,0.9787993832789006,0.998776090452428,0.0449373819125887,19.30762481689453,4.850404739379883,ok,,8844,7075,0,2211,0.0661030560731887,True,0.1,False,13,1e-05,True,19.04102158546448,full_train_epoch_chunks,full train set chunked per epoch | validation=dataset_val_split | c_selection=f_mmd c_source=test c_metric=standardized_l2 | f_mmd_reserved_context=5% source=test | wise_ft_skipped rows=11055>=2000,30,1,epoch_chunk,accuracy,0.9762577727529678,0.9785189372526852,0.9762577727529678,0.9785189372526852,5,True,False,,f_mmd,test,standardized_l2,3.127134346417661,0.426983204791658,,True
Pima_Indians_Diabetes_Database,/home/crc00006699/zh/tabiclv2/data184/Pima_Indians_Diabetes_Database,binclass,614,123,154,8,2,0.7272727272727273,0.7179459691252145,0.675,0.8609259259259259,0.4627486612881695,3.560357093811035,0.4672930240631103,ok,,614,491,0,154,0.4625532925128937,True,0.1,True,10,1e-05,True,3.535768985748291,full_train_epoch_chunks,full train set chunked per epoch | validation=dataset_val_split | c_selection=f_mmd c_source=test c_metric=standardized_l2 | f_mmd_reserved_context=5% source=test | wise_ft=alpha0.1 rows=768<2000,30,1,epoch_chunk,accuracy,0.7886178861788617,0.7967479674796748,0.7886178861788617,0.7967479674796748,2,True,False,,f_mmd,test,standardized_l2,4.29744305286492,1.2550670932773182,,True
Pumpkin_Seeds,/home/crc00006699/zh/tabiclv2/data184/Pumpkin_Seeds,binclass,2000,400,500,12,2,0.884,0.8838957370313303,0.883173076923077,0.948173076923077,0.2927430235554492,4.392052173614502,0.7722446918487549,ok,,2000,1600,0,500,0.2474341168999672,True,0.1,False,11,1e-05,True,4.3539206981658936,full_train_epoch_chunks,full train set chunked per epoch | validation=dataset_val_split | c_selection=f_mmd c_source=test c_metric=standardized_l2 | f_mmd_reserved_context=5% source=test | wise_ft_skipped rows=2500>=2000,30,1,epoch_chunk,accuracy,0.87,0.8775,0.87,0.8775,3,True,False,,f_mmd,test,standardized_l2,4.323479325957342,1.5603260508387091,,True
Rain_in_Australia,/home/crc00006699/zh/tabiclv2/data184/Rain_in_Australia,multiclass,116368,23274,29092,18,3,0.8586209267152481,0.8510456582901006,0.7016335416472802,0.9213659917770628,0.3467352491710063,318.64543557167053,262.9695043563843,ok,,116368,93094,0,29092,0.4031722694635391,True,0.1,False,160,1e-05,True,316.918348312378,full_train_epoch_chunks,full train set chunked per epoch | validation=dataset_val_split | c_selection=f_mmd c_source=test c_metric=standardized_l2 | f_mmd_reserved_context=5% source=test | wise_ft_skipped rows=145460>=2000,30,10,epoch_chunk,accuracy,0.8505628598436022,0.8563633238807252,0.8505628598436022,0.8563633238807252,8,True,False,,f_mmd,test,standardized_l2,3.3047362427864506,3.4451760528598343,,True
Shipping,/home/crc00006699/zh/tabiclv2/data184/Shipping,binclass,8799,1760,2200,9,2,0.6872727272727273,0.6773855652544177,0.7295377461123318,0.7364081998336142,0.49946645991995,26.56576657295227,3.01369857788086,ok,,8799,7039,0,2200,0.5230667293071747,True,0.1,False,27,1e-05,True,26.47994875907898,full_train_epoch_chunks,full train set chunked per epoch | validation=dataset_val_split | c_selection=f_mmd c_source=test c_metric=standardized_l2 | f_mmd_reserved_context=5% source=test | wise_ft_skipped rows=10999>=2000,30,1,epoch_chunk,accuracy,0.6727272727272727,0.6795454545454546,0.6727272727272727,0.6795454545454546,19,True,False,,f_mmd,test,standardized_l2,2.571875357830046,0.4729183355357958,,True
VulNoneVul,/home/crc00006699/zh/tabiclv2/data184/VulNoneVul,binclass,4553,911,1139,16,2,0.9894644424934153,0.9842245601854184,0.5,0.8320393374741202,0.0502732295161474,5.384398698806763,1.6552860736846924,ok,,4553,3642,0,1139,0.024927657097578,True,0.1,False,8,1e-05,True,5.305871248245239,full_train_epoch_chunks,full train set chunked per epoch | validation=dataset_val_split | c_selection=f_mmd c_source=test c_metric=standardized_l2 | f_mmd_reserved_context=5% source=test | wise_ft_skipped rows=5692>=2000,30,1,epoch_chunk,accuracy,0.9890230515916576,0.9890230515916576,0.9890230515916576,0.9890230515916576,0,True,False,,f_mmd,test,standardized_l2,10.160203666004811,10.610619381915178,,True
Waterstress,/home/crc00006699/zh/tabiclv2/data184/Waterstress,binclass,950,190,238,22,2,0.8151260504201681,0.8151260504201681,0.8160480735242135,0.8912689996465182,0.4156260084698046,5.199554204940796,0.9479384422302246,ok,,950,760,0,238,0.3817436248064041,True,0.1,True,13,1e-05,True,5.151822566986084,full_train_epoch_chunks,full train set chunked per epoch | validation=dataset_val_split | c_selection=f_mmd c_source=test c_metric=standardized_l2 | f_mmd_reserved_context=5% source=test | wise_ft=alpha0.1 rows=1188<2000,30,1,epoch_chunk,accuracy,0.8210526315789474,0.8421052631578947,0.8210526315789474,0.8421052631578947,5,True,False,,f_mmd,test,standardized_l2,6.664162551711222,1.4893363023500763,,True
abalone,/home/crc00006699/zh/tabiclv2/data184/abalone,multiclass,3341,669,836,8,3,0.6399521531100478,0.6435662383571864,0.6377669521514003,0.8326995297462312,0.7417828459810211,8.549004077911377,0.9989662170410156,ok,,3341,2672,0,836,0.6686397790908813,True,0.1,False,19,1e-05,True,8.50541877746582,full_train_epoch_chunks,full train set chunked per epoch | validation=dataset_val_split | c_selection=f_mmd c_source=test c_metric=standardized_l2 | f_mmd_reserved_context=5% source=test | wise_ft_skipped rows=4177>=2000,30,1,epoch_chunk,accuracy,0.6816143497757847,0.6890881913303438,0.6816143497757847,0.6890881913303438,11,True,False,,f_mmd,test,standardized_l2,4.9413585784657785,5.4136313189047165,,True
ada,/home/crc00006699/zh/tabiclv2/data184/ada,binclass,3317,664,830,48,2,0.8650602409638555,0.8610653138871274,0.7931914363953199,0.918992718446602,0.303372806127184,7.532230615615845,2.0073082447052,ok,,3317,2653,0,830,0.41567362844944,True,0.1,False,8,1e-05,True,7.283804655075073,full_train_epoch_chunks,full train set chunked per epoch | validation=dataset_val_split | c_selection=f_mmd c_source=test c_metric=standardized_l2 | f_mmd_reserved_context=5% source=test | wise_ft_skipped rows=4147>=2000,30,1,epoch_chunk,accuracy,0.8734939759036144,0.8734939759036144,0.8734939759036144,0.8734939759036144,0,True,False,,f_mmd,test,standardized_l2,4.338794762934014,6.53888194018922,,True
ada_prior,/home/crc00006699/zh/tabiclv2/data184/ada_prior,binclass,3649,730,913,14,2,0.8554216867469879,0.8474420610155222,0.7623071884512144,0.8984825522405312,0.3348043394070102,6.934205055236816,1.234384536743164,ok,,3649,2919,0,913,0.3312547206878662,True,0.1,False,13,1e-05,True,6.864434719085693,full_train_epoch_chunks,full train set chunked per epoch | validation=dataset_val_split | c_selection=f_mmd c_source=test c_metric=standardized_l2 | f_mmd_reserved_context=5% source=test | wise_ft_skipped rows=4562>=2000,30,1,epoch_chunk,accuracy,0.8342465753424657,0.8383561643835616,0.8342465753424657,0.8383561643835616,5,True,False,,f_mmd,test,standardized_l2,4.2233812264521085,2.93387490565992,,True
airlines_seed_0_nrows_2000_nclasses_10_ncols_100_stratify_True,/home/crc00006699/zh/tabiclv2/data184/airlines_seed_0_nrows_2000_nclasses_10_ncols_100_stratify_True,binclass,1600,320,400,7,2,0.6075,0.5932711269715512,0.5873823261463711,0.6790540540540541,0.6283221662520506,3.863386392593384,0.4517874717712402,ok,,1600,1280,0,400,0.6272547245025635,True,0.1,False,11,1e-05,True,3.829472780227661,full_train_epoch_chunks,full train set chunked per epoch | validation=dataset_val_split | c_selection=f_mmd c_source=test c_metric=standardized_l2 | f_mmd_reserved_context=5% source=test | wise_ft_skipped rows=2000>=2000,30,1,epoch_chunk,accuracy,0.65625,0.6625,0.65625,0.6625,3,True,False,,f_mmd,test,standardized_l2,2.519760960365534,0.4749052057318942,,True
allrep,/home/crc00006699/zh/tabiclv2/data184/allrep,multiclass,3017,604,755,29,4,0.9854304635761588,0.9849641051995724,0.7754158512720156,0.9963774835828648,0.0397613268708404,10.854496240615845,1.330587387084961,ok,,3017,2413,0,755,0.0328267496079206,True,0.1,False,17,1e-05,True,10.74281883239746,full_train_epoch_chunks,full train set chunked per epoch | validation=dataset_val_split | c_selection=f_mmd c_source=test c_metric=standardized_l2 | f_mmd_reserved_context=5% source=test | wise_ft_skipped rows=3772>=2000,30,1,epoch_chunk,accuracy,0.9850993377483444,0.98841059602649,0.9850993377483444,0.98841059602649,9,True,False,,f_mmd,test,standardized_l2,5.1808888192361175,7.50259883255635,,True
artificial-characters,/home/crc00006699/zh/tabiclv2/data184/artificial-characters,multiclass,8174,1635,2044,7,10,0.961839530332681,0.9618113736713946,0.9590532494434372,0.999406938447032,0.0882498702047357,23.638108253479004,2.631124496459961,ok,,8174,6539,0,2044,0.2260989695787429,True,0.1,False,29,1e-05,True,23.56616449356079,full_train_epoch_chunks,full train set chunked per epoch | validation=dataset_val_split | c_selection=f_mmd c_source=test c_metric=standardized_l2 | f_mmd_reserved_context=5% source=test | wise_ft_skipped rows=10218>=2000,30,1,epoch_chunk,accuracy,0.8764525993883792,0.9314984709480122,0.8764525993883792,0.9314984709480122,21,True,False,,f_mmd,test,standardized_l2,3.4627088102745964,0.9582121405367812,,True
autoUniv-au7-1100,/home/crc00006699/zh/tabiclv2/data184/autoUniv-au7-1100,multiclass,880,176,220,12,5,0.4181818181818181,0.3977720779906399,0.4012735173310446,0.742016529572154,1.3419312537664516,3.390913248062134,0.7228481769561768,ok,,880,704,0,220,1.2861127853393557,True,0.1,True,8,1e-05,True,3.35522198677063,full_train_epoch_chunks,full train set chunked per epoch | validation=dataset_val_split | c_selection=f_mmd c_source=test c_metric=standardized_l2 | f_mmd_reserved_context=5% source=test | wise_ft=alpha0.1 rows=1100<2000,30,1,epoch_chunk,accuracy,0.5227272727272727,0.5227272727272727,0.5227272727272727,0.5227272727272727,0,True,False,,f_mmd,test,standardized_l2,1.819417358002407,0.0817604692692714,,True
banknote_authentication,/home/crc00006699/zh/tabiclv2/data184/banknote_authentication,binclass,1097,220,275,4,2,0.5381818181818182,0.4413918493181166,0.4919639987142398,0.5266259509268187,0.6868398103242723,2.8358449935913086,0.1803352832794189,ok,,1097,877,0,275,0.6984598338603973,True,0.1,True,8,1e-05,True,2.814621925354004,full_train_epoch_chunks,full train set chunked per epoch | validation=dataset_val_split | c_selection=f_mmd c_source=test c_metric=standardized_l2 | f_mmd_reserved_context=5% source=test | wise_ft=alpha0.1 rows=1372<2000,30,1,epoch_chunk,accuracy,0.5727272727272728,0.5727272727272728,0.5727272727272728,0.5727272727272728,0,True,False,,f_mmd,test,standardized_l2,4.318591661619124,1.0112856072925065,,True
car-evaluation,/home/crc00006699/zh/tabiclv2/data184/car-evaluation,multiclass,1382,277,346,21,4,0.9826589595375722,0.9826589595375722,0.9689628553264916,0.999736139458174,0.0234955664205511,5.736701726913452,0.594224214553833,ok,,1382,1105,0,346,0.0062006572261452,True,0.1,True,13,1e-05,True,5.674167633056641,full_train_epoch_chunks,full train set chunked per epoch | validation=dataset_val_split | c_selection=f_mmd c_source=test c_metric=standardized_l2 | f_mmd_reserved_context=5% source=test | wise_ft=alpha0.1 rows=1728<2000,30,1,epoch_chunk,accuracy,0.9819494584837544,0.9927797833935018,0.9819494584837544,0.9927797833935018,5,True,False,,f_mmd,test,standardized_l2,1.2854933727395057,0.0041006102285304,,True
cmc,/home/crc00006699/zh/tabiclv2/data184/cmc,multiclass,1178,236,295,9,3,0.6033898305084746,0.599806352603813,0.5727129989640964,0.7689294544501157,0.8675576549000181,5.239582061767578,0.4047534465789795,ok,,1178,942,0,295,0.9141113758087158,True,0.1,True,14,1e-05,True,5.200841665267944,full_train_epoch_chunks,full train set chunked per epoch | validation=dataset_val_split | c_selection=f_mmd c_source=test c_metric=standardized_l2 | f_mmd_reserved_context=5% source=test | wise_ft=alpha0.1 rows=1473<2000,30,1,epoch_chunk,accuracy,0.538135593220339,0.5550847457627118,0.538135593220339,0.5550847457627118,6,True,False,,f_mmd,test,standardized_l2,3.158996617404455,0.5584780100985502,,True
compass,/home/crc00006699/zh/tabiclv2/data184/compass,binclass,13315,2663,3329,17,2,0.8750375488134575,0.8750171811056324,0.8750337476899976,0.9432149096211596,0.2960738787524007,51.34403944015503,6.045411348342896,ok,,13315,10652,0,3329,0.6106266677379608,True,0.1,False,56,1e-05,True,51.13019251823425,full_train_epoch_chunks,full train set chunked per epoch | validation=dataset_val_split | c_selection=f_mmd c_source=test c_metric=standardized_l2 | f_mmd_reserved_context=5% source=test | wise_ft_skipped rows=16644>=2000,30,2,epoch_chunk,accuracy,0.8114907998497934,0.8621855050694706,0.8114907998497934,0.8621855050694706,20,True,False,,f_mmd,test,standardized_l2,5.590307878403356,5.696671443389805,,True
contraceptive_method_choice,/home/crc00006699/zh/tabiclv2/data184/contraceptive_method_choice,multiclass,1178,236,295,9,3,0.6305084745762712,0.6275677070370784,0.6007056222157188,0.7940998246311922,0.8242594118713531,3.2035341262817383,0.425194501876831,ok,,1178,942,0,295,0.9080952405929564,True,0.1,True,8,1e-05,True,3.1697354316711426,full_train_epoch_chunks,full train set chunked per epoch | validation=dataset_val_split | c_selection=f_mmd c_source=test c_metric=standardized_l2 | f_mmd_reserved_context=5% source=test | wise_ft=alpha0.1 rows=1473<2000,30,1,epoch_chunk,accuracy,0.538135593220339,0.538135593220339,0.538135593220339,0.538135593220339,0,True,False,,f_mmd,test,standardized_l2,3.188844304160801,0.5644437069734087,,True
credit-g,/home/crc00006699/zh/tabiclv2/data184/credit-g,binclass,800,160,200,20,2,0.795,0.7804087385482734,0.705952380952381,0.8420238095238095,0.438644332998242,7.2966468334198,0.8166806697845459,ok,,800,640,0,200,0.4677742123603821,True,0.1,True,19,1e-05,True,7.239760160446167,full_train_epoch_chunks,full train set chunked per epoch | validation=dataset_val_split | c_selection=f_mmd c_source=test c_metric=standardized_l2 | f_mmd_reserved_context=5% source=test | wise_ft=alpha0.1 rows=1000<2000,30,1,epoch_chunk,accuracy,0.74375,0.78125,0.74375,0.78125,11,True,False,,f_mmd,test,standardized_l2,2.743756151430304,0.3917983502035507,,True
dabetes_130-us_hospitals,/home/crc00006699/zh/tabiclv2/data184/dabetes_130-us_hospitals,binclass,81412,16283,20354,20,2,0.6453276997150438,0.6422078043509591,0.6382922214329747,0.7032901002958944,0.6187976122420444,180.7276232242584,125.42100310325624,ok,,81412,65129,0,20354,0.6285499334335327,True,0.1,False,98,1e-05,True,179.1576726436615,full_train_epoch_chunks,full train set chunked per epoch | validation=dataset_val_split | c_selection=f_mmd c_source=test c_metric=standardized_l2 | f_mmd_reserved_context=5% source=test | wise_ft_skipped rows=101766>=2000,30,7,epoch_chunk,accuracy,0.6507400356199717,0.6519068967634957,0.6507400356199717,0.6519068967634957,6,True,False,,f_mmd,test,standardized_l2,3.551044358036997,8.060076499789226,,True
delta_ailerons,/home/crc00006699/zh/tabiclv2/data184/delta_ailerons,binclass,5703,1141,1426,5,2,0.9509116409537168,0.950923557297034,0.9509846317281851,0.9832435879968326,0.1566518815590012,8.765819072723389,1.0834267139434814,ok,,5703,4562,0,1426,0.1720709204673767,True,0.1,False,16,1e-05,True,8.72629165649414,full_train_epoch_chunks,full train set chunked per epoch | validation=dataset_val_split | c_selection=f_mmd c_source=test c_metric=standardized_l2 | f_mmd_reserved_context=5% source=test | wise_ft_skipped rows=7129>=2000,30,1,epoch_chunk,accuracy,0.9430324276950044,0.9465381244522348,0.9430324276950044,0.9465381244522348,8,True,False,,f_mmd,test,standardized_l2,3.689035907319629,1.070969887580371,,True
dna,/home/crc00006699/zh/tabiclv2/data184/dna,multiclass,2548,510,638,180,3,0.9702194357366772,0.9703712732874086,0.9692349459543346,0.998052611690155,0.079109669122162,36.88807630538941,5.521987438201904,ok,,2548,2038,0,638,0.0884975492954254,True,0.1,False,18,1e-05,True,36.270824909210205,full_train_epoch_chunks,full train set chunked per epoch | validation=dataset_val_split | c_selection=f_mmd c_source=test c_metric=standardized_l2 | f_mmd_reserved_context=5% source=test | wise_ft_skipped rows=3186>=2000,30,1,epoch_chunk,accuracy,0.9725490196078432,0.9803921568627452,0.9725490196078432,0.9803921568627452,10,True,False,,f_mmd,test,standardized_l2,1.4325375806702203,0.0358320191438706,,True
dry_bean_dataset,/home/crc00006699/zh/tabiclv2/data184/dry_bean_dataset,multiclass,10888,2178,2723,16,7,0.929122291590158,0.9291004684442726,0.939183920317464,0.9960087884343192,0.1855167901748058,30.30085110664368,4.581844091415405,ok,,10888,8710,0,2723,0.1784423589706421,True,0.1,False,22,1e-05,True,30.137511253356934,full_train_epoch_chunks,full train set chunked per epoch | validation=dataset_val_split | c_selection=f_mmd c_source=test c_metric=standardized_l2 | f_mmd_reserved_context=5% source=test | wise_ft_skipped rows=13611>=2000,30,1,epoch_chunk,accuracy,0.9315886134067952,0.9361799816345272,0.9315886134067952,0.9361799816345272,14,True,False,,f_mmd,test,standardized_l2,6.071756137744038,2.1626882328611066,,True
electricity,/home/crc00006699/zh/tabiclv2/data184/electricity,binclass,36249,7250,9063,8,2,0.9379896281584464,0.9379681834801364,0.9362054075980252,0.9858197307861736,0.151070409906589,107.2884669303894,27.894773721694943,ok,,36249,28999,0,9063,0.2563611567020416,True,0.1,False,90,1e-05,True,106.98811626434326,full_train_epoch_chunks,full train set chunked per epoch | validation=dataset_val_split | c_selection=f_mmd c_source=test c_metric=standardized_l2 | f_mmd_reserved_context=5% source=test | wise_ft_skipped rows=45312>=2000,30,3,epoch_chunk,accuracy,0.9150344827586206,0.9329655172413792,0.9150344827586206,0.9329655172413792,28,False,False,,f_mmd,test,standardized_l2,6.1214708007166445,45.34163114899332,,True
eucalyptus,/home/crc00006699/zh/tabiclv2/data184/eucalyptus,multiclass,588,118,148,19,5,0.7297297297297297,0.7340357896085452,0.7161590347636859,0.943822544269516,0.5889835192495009,3.3452939987182617,0.6719038486480713,ok,,588,470,0,148,0.6813931167125702,True,0.1,True,8,1e-05,True,3.303265333175659,full_train_epoch_chunks,full train set chunked per epoch | validation=dataset_val_split | c_selection=f_mmd c_source=test c_metric=standardized_l2 | f_mmd_reserved_context=5% source=test | wise_ft=alpha0.1 rows=736<2000,30,1,epoch_chunk,accuracy,0.7372881355932204,0.7372881355932204,0.7372881355932204,0.7372881355932204,0,True,False,,f_mmd,test,standardized_l2,2.8798763835349104,2.482027016509545,,True
eye_movements_bin,/home/crc00006699/zh/tabiclv2/data184/eye_movements_bin,binclass,6086,1218,1522,20,2,0.8850197109067017,0.8850085417908792,0.8850197109067017,0.9588825133262308,0.2838451564410444,26.433826684951782,2.4150643348693848,ok,,6086,4868,0,1522,0.3221170604228973,True,0.1,False,30,1e-05,True,26.30030202865601,full_train_epoch_chunks,full train set chunked per epoch | validation=dataset_val_split | c_selection=f_mmd c_source=test c_metric=standardized_l2 | f_mmd_reserved_context=5% source=test | wise_ft_skipped rows=7608>=2000,30,1,epoch_chunk,accuracy,0.6371100164203612,0.8686371100164204,0.6371100164203612,0.8686371100164204,26,False,False,,f_mmd,test,standardized_l2,6.804704470839492,4.178498860938383,,True
golf_play_dataset_extended,/home/crc00006699/zh/tabiclv2/data184/golf_play_dataset_extended,binclass,876,176,219,9,2,0.9452054794520548,0.9452054794520548,0.9174415682332244,0.9796431264136718,0.1521582638614332,3.10953688621521,0.7047481536865234,ok,,876,700,0,219,0.0887926928699016,True,0.1,True,8,1e-05,True,3.077599048614502,full_train_epoch_chunks,full train set chunked per epoch | validation=dataset_val_split | c_selection=f_mmd c_source=test c_metric=standardized_l2 | f_mmd_reserved_context=5% source=test | wise_ft=alpha0.1 rows=1095<2000,30,1,epoch_chunk,accuracy,0.9261363636363636,0.9261363636363636,0.9261363636363636,0.9261363636363636,0,True,False,,f_mmd,test,standardized_l2,3.242069230095117,0.1752892601920303,,True
hill-valley,/home/crc00006699/zh/tabiclv2/data184/hill-valley,binclass,969,194,243,100,2,0.9670781893004116,0.9670547534351676,0.9669760195095516,0.9985774285327192,0.0904608577925042,12.842909336090088,1.0878376960754397,ok,,969,775,0,243,0.1807697042822837,True,0.1,True,17,1e-05,True,12.695440769195557,full_train_epoch_chunks,full train set chunked per epoch | validation=dataset_val_split | c_selection=f_mmd c_source=test c_metric=standardized_l2 | f_mmd_reserved_context=5% source=test | wise_ft=alpha0.1 rows=1212<2000,30,1,epoch_chunk,accuracy,0.9278350515463918,0.9484536082474226,0.9278350515463918,0.9484536082474226,9,True,False,,f_mmd,test,standardized_l2,13.658256198909656,8.435375438395972,,True
htru,/home/crc00006699/zh/tabiclv2/data184/htru,binclass,14318,2864,3580,8,2,0.9812849162011174,0.9811143942155448,0.9348730987309872,0.9873909676596766,0.0613415696762871,12.40771508216858,5.785336971282959,ok,,14318,11454,0,3580,0.0620738845318555,True,0.1,False,16,1e-05,True,12.298701524734495,full_train_epoch_chunks,full train set chunked per epoch | validation=dataset_val_split | c_selection=f_mmd c_source=test c_metric=standardized_l2 | f_mmd_reserved_context=5% source=test | wise_ft_skipped rows=17898>=2000,30,2,epoch_chunk,accuracy,0.9787011173184358,0.9787011173184358,0.9787011173184358,0.9787011173184358,0,True,False,,f_mmd,test,standardized_l2,8.946950700716208,3.6753390943866817,,True
in_vehicle_coupon_recommendation,/home/crc00006699/zh/tabiclv2/data184/in_vehicle_coupon_recommendation,binclass,10147,2030,2537,21,2,0.7942451714623571,0.7930190480122212,0.7855977555272674,0.8657765407000676,0.4510304926986686,41.13462209701538,4.587886333465576,ok,,10147,8117,0,2537,0.4960802644491195,True,0.1,False,30,1e-05,True,40.8755271434784,full_train_epoch_chunks,full train set chunked per epoch | validation=dataset_val_split | c_selection=f_mmd c_source=test c_metric=standardized_l2 | f_mmd_reserved_context=5% source=test | wise_ft_skipped rows=12684>=2000,30,1,epoch_chunk,accuracy,0.765024630541872,0.7738916256157635,0.765024630541872,0.7738916256157635,22,True,False,,f_mmd,test,standardized_l2,1.6951515820085163,0.0958394447440282,,True
jasmine,/home/crc00006699/zh/tabiclv2/data184/jasmine,binclass,2387,478,597,144,2,0.8341708542713567,0.8324505617806129,0.8343415411550807,0.8882067742587147,0.375052429824398,24.30219841003418,4.231954336166382,ok,,2387,1909,0,597,0.3740180879831314,True,0.1,False,14,1e-05,True,23.81499195098877,full_train_epoch_chunks,full train set chunked per epoch | validation=dataset_val_split | c_selection=f_mmd c_source=test c_metric=standardized_l2 | f_mmd_reserved_context=5% source=test | wise_ft_skipped rows=2984>=2000,30,1,epoch_chunk,accuracy,0.8347280334728033,0.8472803347280334,0.8347280334728033,0.8472803347280334,6,True,False,,f_mmd,test,standardized_l2,3.7449392328552342,2.496165052757056,,True
jungle_chess_2pcs_raw_endgame_complete,/home/crc00006699/zh/tabiclv2/data184/jungle_chess_2pcs_raw_endgame_complete,multiclass,35855,7171,8964,6,3,0.9678714859437751,0.9677154109871896,0.9476406041246984,0.997639953256798,0.0985271111045017,103.9495952129364,27.416176319122314,ok,,35855,28684,0,8964,0.179823413491249,True,0.1,False,90,1e-05,True,103.76661324501038,full_train_epoch_chunks,full train set chunked per epoch | validation=dataset_val_split | c_selection=f_mmd c_source=test c_metric=standardized_l2 | f_mmd_reserved_context=5% source=test | wise_ft_skipped rows=44819>=2000,30,3,epoch_chunk,accuracy,0.8980616371496305,0.9594198856505368,0.8980616371496305,0.9594198856505368,28,False,False,,f_mmd,test,standardized_l2,1.92503797877294,0.1182629266496289,,True
kdd_ipums_la_97-small,/home/crc00006699/zh/tabiclv2/data184/kdd_ipums_la_97-small,binclass,4150,830,1038,20,2,0.8853564547206165,0.8847866133763636,0.8853564547206165,0.9502804786142018,0.2566817451896484,9.39219045639038,1.6704256534576416,ok,,4150,3320,0,1038,0.2384332567453384,True,0.1,False,14,1e-05,True,9.30541729927063,full_train_epoch_chunks,full train set chunked per epoch | validation=dataset_val_split | c_selection=f_mmd c_source=test c_metric=standardized_l2 | f_mmd_reserved_context=5% source=test | wise_ft_skipped rows=5188>=2000,30,1,epoch_chunk,accuracy,0.880722891566265,0.8831325301204819,0.880722891566265,0.8831325301204819,6,True,False,,f_mmd,test,standardized_l2,3.3453983837649908,0.6661016526204139,,True
law-school-admission-bianry,/home/crc00006699/zh/tabiclv2/data184/law-school-admission-bianry,binclass,16640,3328,4160,11,2,1.0,1.0,1.0,1.0,7.061016242255732e-07,15.21051859855652,7.626834630966186,ok,,16640,13312,0,4160,8.196088856493589e-07,True,0.1,False,16,1e-05,True,15.042053699493408,full_train_epoch_chunks,full train set chunked per epoch | validation=dataset_val_split | c_selection=f_mmd c_source=test c_metric=standardized_l2 | f_mmd_reserved_context=5% source=test | wise_ft_skipped rows=20800>=2000,30,2,epoch_chunk,accuracy,1.0,1.0,1.0,1.0,0,True,False,,f_mmd,test,standardized_l2,3.31833245002201,0.8464428013944479,,True
led7,/home/crc00006699/zh/tabiclv2/data184/led7,multiclass,2560,512,640,7,10,0.7375,0.7305310790128327,0.7353786384956054,0.9598850094481666,0.7791448739411618,7.896122455596924,0.7518584728240967,ok,,2560,2048,0,640,0.7742342352867126,True,0.1,False,21,1e-05,True,7.85592246055603,full_train_epoch_chunks,full train set chunked per epoch | validation=dataset_val_split | c_selection=f_mmd c_source=test c_metric=standardized_l2 | f_mmd_reserved_context=5% source=test | wise_ft_skipped rows=3200>=2000,30,1,epoch_chunk,accuracy,0.724609375,0.734375,0.724609375,0.734375,13,True,False,,f_mmd,test,standardized_l2,2.027332511650197,0.1355588945793434,,True
mammography,/home/crc00006699/zh/tabiclv2/data184/mammography,binclass,8946,1790,2237,6,2,0.9888243182834152,0.9880426288676926,0.8159346945960217,0.9882855131138883,0.0320112085056864,7.234462738037109,2.292588472366333,ok,,8946,7156,0,2237,0.0444701854139566,True,0.1,False,8,1e-05,True,7.160285949707031,full_train_epoch_chunks,full train set chunked per epoch | validation=dataset_val_split | c_selection=f_mmd c_source=test c_metric=standardized_l2 | f_mmd_reserved_context=5% source=test | wise_ft_skipped rows=11183>=2000,30,1,epoch_chunk,accuracy,0.987709497206704,0.987709497206704,0.987709497206704,0.987709497206704,0,True,False,,f_mmd,test,standardized_l2,8.315249255577932,13.625643987045803,,True
mfeat-factors,/home/crc00006699/zh/tabiclv2/data184/mfeat-factors,multiclass,1600,320,400,216,10,0.9825,0.9824984372558212,0.9825,0.999798611111111,0.0745993355558953,18.748375415802,4.200197219848633,ok,,1600,1280,0,400,0.0353789161890745,True,0.1,False,11,1e-05,True,18.32928204536438,full_train_epoch_chunks,full train set chunked per epoch | validation=dataset_val_split | c_selection=f_mmd c_source=test c_metric=standardized_l2 | f_mmd_reserved_context=5% source=test | wise_ft_skipped rows=2000>=2000,30,1,epoch_chunk,accuracy,0.984375,0.9875,0.984375,0.9875,3,True,False,,f_mmd,test,standardized_l2,2.058848374819719,0.2102549834776693,,True
mfeat-karhunen,/home/crc00006699/zh/tabiclv2/data184/mfeat-karhunen,multiclass,1600,320,400,64,10,0.975,0.975015727207024,0.975,0.9996875,0.0938566305300385,6.125704526901245,1.3559648990631104,ok,,1600,1280,0,400,0.0288348840549588,True,0.1,False,8,1e-05,True,6.001846790313721,full_train_epoch_chunks,full train set chunked per epoch | validation=dataset_val_split | c_selection=f_mmd c_source=test c_metric=standardized_l2 | f_mmd_reserved_context=5% source=test | wise_ft_skipped rows=2000>=2000,30,1,epoch_chunk,accuracy,0.975,0.975,0.975,0.975,0,True,False,,f_mmd,test,standardized_l2,1.7423473684625956,0.081358236381311,,True
mfeat-pixel,/home/crc00006699/zh/tabiclv2/data184/mfeat-pixel,multiclass,1600,320,400,240,10,0.975,0.97494801061037,0.975,0.999625,0.1208990092814897,30.851649284362797,4.931697130203247,ok,,1600,1280,0,400,0.008054350502789,True,0.1,False,14,1e-05,True,30.16321039199829,full_train_epoch_chunks,full train set chunked per epoch | validation=dataset_val_split | c_selection=f_mmd c_source=test c_metric=standardized_l2 | f_mmd_reserved_context=5% source=test | wise_ft_skipped rows=2000>=2000,30,1,epoch_chunk,accuracy,0.975,0.98125,0.975,0.98125,6,True,False,,f_mmd,test,standardized_l2,1.7238650669662634,0.0898627304730496,,True
mice_protein_expression,/home/crc00006699/zh/tabiclv2/data184/mice_protein_expression,multiclass,864,173,216,75,8,1.0,1.0,1.0,1.0,1.9164754875041984e-06,5.767949342727661,0.838904619216919,ok,,864,691,0,216,4.926885367240175e-06,True,0.1,True,8,1e-05,True,5.653181791305542,full_train_epoch_chunks,full train set chunked per epoch | validation=dataset_val_split | c_selection=f_mmd c_source=test c_metric=standardized_l2 | f_mmd_reserved_context=5% source=test | wise_ft=alpha0.1 rows=1080<2000,30,1,epoch_chunk,accuracy,1.0,1.0,1.0,1.0,0,True,False,,f_mmd,test,standardized_l2,3.20523906295369,0.9839110698146576,,True
mobile_c36_oversampling,/home/crc00006699/zh/tabiclv2/data184/mobile_c36_oversampling,binclass,41408,8282,10352,6,2,0.9942040185471408,0.9941991554894668,0.993102145762646,0.9993861124098474,0.0220436795456802,91.8697874546051,26.222188711166385,ok,,41408,33126,0,10352,0.0653372630476951,True,0.1,False,92,1e-05,True,91.68115067481996,full_train_epoch_chunks,full train set chunked per epoch | validation=dataset_val_split | c_selection=f_mmd c_source=test c_metric=standardized_l2 | f_mmd_reserved_context=5% source=test | wise_ft_skipped rows=51760>=2000,30,4,epoch_chunk,accuracy,0.9942042984786283,0.995532480077276,0.9942042984786283,0.995532480077276,15,True,False,,f_mmd,test,standardized_l2,3.877142302284517,1.0416077006285982,,True
national-longitudinal-survey-binary,/home/crc00006699/zh/tabiclv2/data184/national-longitudinal-survey-binary,binclass,3926,786,982,16,2,1.0,1.0,1.0,1.0,0.000244361947928,5.204882383346558,1.4260330200195312,ok,,3926,3140,0,982,5.731347073378856e-06,True,0.1,False,8,1e-05,True,5.121734857559204,full_train_epoch_chunks,full train set chunked per epoch | validation=dataset_val_split | c_selection=f_mmd c_source=test c_metric=standardized_l2 | f_mmd_reserved_context=5% source=test | wise_ft_skipped rows=4908>=2000,30,1,epoch_chunk,accuracy,1.0,1.0,1.0,1.0,0,True,False,,f_mmd,test,standardized_l2,2.8596667308055475,0.4325343223026717,,True
online_shoppers,/home/crc00006699/zh/tabiclv2/data184/online_shoppers,binclass,9864,1973,2466,14,2,0.90551500405515,0.9001364959632571,0.7709235662389082,0.9307758689994072,0.2258737451446963,18.733276844024655,3.869992971420288,ok,,9864,7891,0,2466,0.2231220304965973,True,0.1,False,16,1e-05,True,18.58074975013733,full_train_epoch_chunks,full train set chunked per epoch | validation=dataset_val_split | c_selection=f_mmd c_source=test c_metric=standardized_l2 | f_mmd_reserved_context=5% source=test | wise_ft_skipped rows=12330>=2000,30,1,epoch_chunk,accuracy,0.9031931069437404,0.9052204764318296,0.9031931069437404,0.9052204764318296,8,True,False,,f_mmd,test,standardized_l2,3.612355004594364,2.287742417931649,,True
ozone-level-8hr,/home/crc00006699/zh/tabiclv2/data184/ozone-level-8hr,binclass,2027,406,507,72,2,0.9566074950690336,0.9485210998588924,0.6853947368421053,0.9467763157894736,0.1227731685442312,9.386905193328856,1.660578966140747,ok,,2027,1621,0,507,0.1660583466291427,True,0.1,False,11,1e-05,True,9.224259853363035,full_train_epoch_chunks,full train set chunked per epoch | validation=dataset_val_split | c_selection=f_mmd c_source=test c_metric=standardized_l2 | f_mmd_reserved_context=5% source=test | wise_ft_skipped rows=2534>=2000,30,1,epoch_chunk,accuracy,0.9458128078817734,0.9482758620689656,0.9458128078817734,0.9482758620689656,3,True,False,,f_mmd,test,standardized_l2,3.760222356214882,0.9378070589744144,,True
page-blocks,/home/crc00006699/zh/tabiclv2/data184/page-blocks,multiclass,4378,876,1095,10,5,0.978082191780822,0.9778181155463576,0.8997337700951306,0.9921074870086224,0.0858658567758052,4.50542950630188,1.38145112991333,ok,,4378,3502,0,1095,0.0546257421374321,True,0.1,False,8,1e-05,True,4.451810121536255,full_train_epoch_chunks,full train set chunked per epoch | validation=dataset_val_split | c_selection=f_mmd c_source=test c_metric=standardized_l2 | f_mmd_reserved_context=5% source=test | wise_ft_skipped rows=5473>=2000,30,1,epoch_chunk,accuracy,0.9726027397260274,0.9726027397260274,0.9726027397260274,0.9726027397260274,0,True,False,,f_mmd,test,standardized_l2,206.5625700184721,27.311700503882086,,True
pc3,/home/crc00006699/zh/tabiclv2/data184/pc3,binclass,1250,250,313,37,2,0.9041533546325878,0.8734827712823823,0.55894128113879,0.8378558718861209,0.2603237768228281,4.807461261749268,0.7004210948944092,ok,,1250,1000,0,313,0.2023123949766159,True,0.1,True,8,1e-05,True,4.733752727508545,full_train_epoch_chunks,full train set chunked per epoch | validation=dataset_val_split | c_selection=f_mmd c_source=test c_metric=standardized_l2 | f_mmd_reserved_context=5% source=test | wise_ft=alpha0.1 rows=1563<2000,30,1,epoch_chunk,accuracy,0.888,0.888,0.888,0.888,0,True,False,,f_mmd,test,standardized_l2,11.670120732183827,18.552186057997343,,True
pendigits,/home/crc00006699/zh/tabiclv2/data184/pendigits,multiclass,8793,1759,2199,16,10,0.9977262391996362,0.9977270042310732,0.997667584180136,0.9997940543471496,0.0119236600594543,9.227120399475098,3.482561588287353,ok,,8793,7034,0,2199,0.002760918228887,True,0.1,False,8,1e-05,True,9.096842050552368,full_train_epoch_chunks,full train set chunked per epoch | validation=dataset_val_split | c_selection=f_mmd c_source=test c_metric=standardized_l2 | f_mmd_reserved_context=5% source=test | wise_ft_skipped rows=10992>=2000,30,1,epoch_chunk,accuracy,0.9971574758385446,0.9971574758385446,0.9971574758385446,0.9971574758385446,0,True,False,,f_mmd,test,standardized_l2,2.452164893334547,0.5092612150003182,,True
pol,/home/crc00006699/zh/tabiclv2/data184/pol,binclass,8065,1613,2017,26,2,0.993554784333168,0.9935547748276162,0.9935555201598314,0.9997699277927228,0.0203298940464081,25.036705493927,3.755668640136719,ok,,8065,6452,0,2017,0.021848103031516,True,0.1,False,22,1e-05,True,24.879948616027832,full_train_epoch_chunks,full train set chunked per epoch | validation=dataset_val_split | c_selection=f_mmd c_source=test c_metric=standardized_l2 | f_mmd_reserved_context=5% source=test | wise_ft_skipped rows=10082>=2000,30,1,epoch_chunk,accuracy,0.99008059516429,0.9919404835709856,0.99008059516429,0.9919404835709856,14,True,False,,f_mmd,test,standardized_l2,7.343504204160313,2.726870135818956,,True
rice_cammeo_and_osmancik,/home/crc00006699/zh/tabiclv2/data184/rice_cammeo_and_osmancik,binclass,3048,610,762,7,2,0.931758530183727,0.9314798849732624,0.9268236055608712,0.9784572522091518,0.1851600175848347,3.5370020866394043,0.7855775356292725,ok,,3048,2438,0,762,0.204762116074562,True,0.1,False,8,1e-05,True,3.503616571426392,full_train_epoch_chunks,full train set chunked per epoch | validation=dataset_val_split | c_selection=f_mmd c_source=test c_metric=standardized_l2 | f_mmd_reserved_context=5% source=test | wise_ft_skipped rows=3810>=2000,30,1,epoch_chunk,accuracy,0.9344262295081968,0.9344262295081968,0.9344262295081968,0.9344262295081968,0,True,False,,f_mmd,test,standardized_l2,3.804583445804759,0.943029575717375,,True
rl,/home/crc00006699/zh/tabiclv2/data184/rl,binclass,3976,796,994,12,2,0.9044265593561368,0.9044187235248567,0.9044265593561368,0.9572667392686096,0.2585219858644352,7.270540237426758,1.279780387878418,ok,,3976,3180,0,994,0.3797868490219116,True,0.1,False,14,1e-05,True,7.204870700836182,full_train_epoch_chunks,full train set chunked per epoch | validation=dataset_val_split | c_selection=f_mmd c_source=test c_metric=standardized_l2 | f_mmd_reserved_context=5% source=test | wise_ft_skipped rows=4970>=2000,30,1,epoch_chunk,accuracy,0.8831658291457286,0.8869346733668342,0.8831658291457286,0.8869346733668342,6,True,False,,f_mmd,test,standardized_l2,5.271763022459758,1.4412817311230322,,True
segment,/home/crc00006699/zh/tabiclv2/data184/segment,multiclass,1848,370,462,17,7,0.9545454545454546,0.9545478826122294,0.9545454545454544,0.997245179063361,0.1370766639202094,3.591970205307007,0.6826462745666504,ok,,1848,1478,0,462,0.1407146379351616,True,0.1,False,8,1e-05,True,3.543364286422729,full_train_epoch_chunks,full train set chunked per epoch | validation=dataset_val_split | c_selection=f_mmd c_source=test c_metric=standardized_l2 | f_mmd_reserved_context=5% source=test | wise_ft_skipped rows=2310>=2000,30,1,epoch_chunk,accuracy,0.9486486486486486,0.9486486486486486,0.9486486486486486,0.9486486486486486,0,True,False,,f_mmd,test,standardized_l2,5.893529068765413,9.402798278109907,,True
semeion,/home/crc00006699/zh/tabiclv2/data184/semeion,multiclass,1274,255,319,256,10,0.9686520376175548,0.9687378407370316,0.9686491935483872,0.9994005079739738,0.0966918571918425,37.03773760795593,4.140823125839233,ok,,1274,1019,0,319,0.1263280138373375,True,0.1,True,21,1e-05,True,36.58496356010437,full_train_epoch_chunks,full train set chunked per epoch | validation=dataset_val_split | c_selection=f_mmd c_source=test c_metric=standardized_l2 | f_mmd_reserved_context=5% source=test | wise_ft=alpha0.1 rows=1593<2000,30,1,epoch_chunk,accuracy,0.9529411764705882,0.9725490196078432,0.9529411764705882,0.9725490196078432,13,True,False,,f_mmd,test,standardized_l2,1.519956811047398,0.0683442662826536,,True
shrutime,/home/crc00006699/zh/tabiclv2/data184/shrutime,binclass,8000,1600,2000,10,2,0.8685,0.856438995529043,0.7197916400194418,0.8792656877542144,0.309542680919366,13.550750970840454,2.736121416091919,ok,,8000,6400,0,2000,0.3210351914167404,True,0.1,False,16,1e-05,True,13.454720973968506,full_train_epoch_chunks,full train set chunked per epoch | validation=dataset_val_split | c_selection=f_mmd c_source=test c_metric=standardized_l2 | f_mmd_reserved_context=5% source=test | wise_ft_skipped rows=10000>=2000,30,1,epoch_chunk,accuracy,0.8625,0.869375,0.8625,0.869375,8,True,False,,f_mmd,test,standardized_l2,2.1953466679650435,0.3733174812006322,,True
spambase,/home/crc00006699/zh/tabiclv2/data184/spambase,binclass,3680,736,921,57,2,0.9587404994571118,0.9587793314498372,0.9577668177374924,0.992120619686602,0.1138049276666101,15.603345155715942,2.4430410861968994,ok,,3680,2944,0,921,0.1224376745522022,True,0.1,False,15,1e-05,True,15.426380395889282,full_train_epoch_chunks,full train set chunked per epoch | validation=dataset_val_split | c_selection=f_mmd c_source=test c_metric=standardized_l2 | f_mmd_reserved_context=5% source=test | wise_ft_skipped rows=4601>=2000,30,1,epoch_chunk,accuracy,0.9605978260869564,0.967391304347826,0.9605978260869564,0.967391304347826,7,True,False,,f_mmd,test,standardized_l2,8.755897123901873,7.15482593103699,,True
sports_articles_for_objectivity_analysis,/home/crc00006699/zh/tabiclv2/data184/sports_articles_for_objectivity_analysis,binclass,800,160,200,59,2,0.84,0.8371479500891266,0.8128572969474706,0.895804120375364,0.3944646533600212,5.351874351501465,1.377587080001831,ok,,800,640,0,200,0.3312798738479614,True,0.1,True,8,1e-05,True,5.245763540267944,full_train_epoch_chunks,full train set chunked per epoch | validation=dataset_val_split | c_selection=f_mmd c_source=test c_metric=standardized_l2 | f_mmd_reserved_context=5% source=test | wise_ft=alpha0.1 rows=1000<2000,30,1,epoch_chunk,accuracy,0.84375,0.84375,0.84375,0.84375,0,True,False,,f_mmd,test,standardized_l2,7.269896438741965,4.760994848359357,,True
steel_plates_faults,/home/crc00006699/zh/tabiclv2/data184/steel_plates_faults,multiclass,1552,311,389,27,7,0.8457583547557841,0.8454135711415406,0.8857860503693837,0.9817688337861602,0.3696003514685598,4.178408622741699,0.7216041088104248,ok,,1552,1241,0,389,0.4583459049463272,True,0.1,True,8,1e-05,True,4.111566066741943,full_train_epoch_chunks,full train set chunked per epoch | validation=dataset_val_split | c_selection=f_mmd c_source=test c_metric=standardized_l2 | f_mmd_reserved_context=5% source=test | wise_ft=alpha0.1 rows=1941<2000,30,1,epoch_chunk,accuracy,0.7942122186495176,0.7942122186495176,0.7942122186495176,0.7942122186495176,0,True,False,,f_mmd,test,standardized_l2,37.381978418108666,1.6745122809904656,,True
sylvine,/home/crc00006699/zh/tabiclv2/data184/sylvine,binclass,4099,820,1025,20,2,0.9795121951219512,0.9795118051042592,0.9795169346978556,0.9988349780701754,0.0435160070365468,13.92347264289856,1.560478687286377,ok,,4099,3279,0,1025,0.0909822434186935,True,0.1,False,22,1e-05,True,13.832392930984495,full_train_epoch_chunks,full train set chunked per epoch | validation=dataset_val_split | c_selection=f_mmd c_source=test c_metric=standardized_l2 | f_mmd_reserved_context=5% source=test | wise_ft_skipped rows=5124>=2000,30,1,epoch_chunk,accuracy,0.974390243902439,0.9865853658536584,0.974390243902439,0.9865853658536584,14,True,False,,f_mmd,test,standardized_l2,2.6819580007971275,0.4605404270183973,,True
telco-customer-churn,/home/crc00006699/zh/tabiclv2/data184/telco-customer-churn,binclass,5634,1127,1409,18,2,0.8062455642299503,0.7981289606777155,0.7169921723630164,0.8517424888268879,0.4091191397564576,6.9383275508880615,2.155761480331421,ok,,5634,4507,0,1409,0.3947267234325409,True,0.1,False,8,1e-05,True,6.808989763259888,full_train_epoch_chunks,full train set chunked per epoch | validation=dataset_val_split | c_selection=f_mmd c_source=test c_metric=standardized_l2 | f_mmd_reserved_context=5% source=test | wise_ft_skipped rows=7043>=2000,30,1,epoch_chunk,accuracy,0.8101153504880213,0.8101153504880213,0.8101153504880213,0.8101153504880213,0,True,False,,f_mmd,test,standardized_l2,1.8744802035134611,0.0915116518437328,,True
thyroid-ann,/home/crc00006699/zh/tabiclv2/data184/thyroid-ann,multiclass,3017,604,755,21,3,0.9920529801324504,0.9919737363445972,0.9376413813904388,0.9997449077497912,0.0147143743868699,8.430006980895996,1.1670892238616943,ok,,3017,2413,0,755,0.0027192784473299,True,0.1,False,16,1e-05,True,8.362099885940552,full_train_epoch_chunks,full train set chunked per epoch | validation=dataset_val_split | c_selection=f_mmd c_source=test c_metric=standardized_l2 | f_mmd_reserved_context=5% source=test | wise_ft_skipped rows=3772>=2000,30,1,epoch_chunk,accuracy,0.9950331125827816,1.0,0.9950331125827816,1.0,8,True,False,,f_mmd,test,standardized_l2,7.608014398270633,10.638505201886591,,True
turiye_student_evaluation,/home/crc00006699/zh/tabiclv2/data184/turiye_student_evaluation,multiclass,4656,932,1164,32,5,0.5240549828178694,0.4943338721145996,0.4112177789173094,0.7691941522078841,1.1802500021543587,10.713707447052002,2.225633382797241,ok,,4656,3724,0,1164,1.2034567594528198,True,0.1,False,12,1e-05,True,10.572966814041138,full_train_epoch_chunks,full train set chunked per epoch | validation=dataset_val_split | c_selection=f_mmd c_source=test c_metric=standardized_l2 | f_mmd_reserved_context=5% source=test | wise_ft_skipped rows=5820>=2000,30,1,epoch_chunk,accuracy,0.5053648068669528,0.5128755364806867,0.5053648068669528,0.5128755364806867,4,True,False,,f_mmd,test,standardized_l2,2.9406910194641416,0.0997119509816017,,True
vehicle,/home/crc00006699/zh/tabiclv2/data184/vehicle,multiclass,676,136,170,18,4,0.8705882352941177,0.8691692466460268,0.8709415584415584,0.975205458603896,0.2539067709498081,3.1910550594329834,0.6928689479827881,ok,,676,540,0,170,0.2247577235102653,True,0.1,True,8,1e-05,True,3.153775453567505,full_train_epoch_chunks,full train set chunked per epoch | validation=dataset_val_split | c_selection=f_mmd c_source=test c_metric=standardized_l2 | f_mmd_reserved_context=5% source=test | wise_ft=alpha0.1 rows=846<2000,30,1,epoch_chunk,accuracy,0.9044117647058824,0.9044117647058824,0.9044117647058824,0.9044117647058824,0,True,False,,f_mmd,test,standardized_l2,4.49103675899385,3.2020568125740487,,True
water_quality,/home/crc00006699/zh/tabiclv2/data184/water_quality,binclass,6396,1280,1600,20,2,0.911875,0.8989554778554779,0.6748980920349045,0.9108053441621848,0.2145479944992036,6.862237930297852,2.3896372318267822,ok,,6396,5116,0,1600,0.2376488894224167,True,0.1,False,8,1e-05,True,6.774626016616821,full_train_epoch_chunks,full train set chunked per epoch | validation=dataset_val_split | c_selection=f_mmd c_source=test c_metric=standardized_l2 | f_mmd_reserved_context=5% source=test | wise_ft_skipped rows=7996>=2000,30,1,epoch_chunk,accuracy,0.8953125,0.8953125,0.8953125,0.8953125,0,True,False,,f_mmd,test,standardized_l2,2.5054929277591054,0.7610815188570313,,True
waveform_database_generator_version_1,/home/crc00006699/zh/tabiclv2/data184/waveform_database_generator_version_1,multiclass,4000,800,1000,21,3,0.869,0.8684756689320241,0.8688858148430575,0.9728034619189438,0.2925883596193935,7.095382928848267,1.5625805854797363,ok,,4000,3200,0,1000,0.2316292971372604,True,0.1,False,11,1e-05,True,7.00964879989624,full_train_epoch_chunks,full train set chunked per epoch | validation=dataset_val_split | c_selection=f_mmd c_source=test c_metric=standardized_l2 | f_mmd_reserved_context=5% source=test | wise_ft_skipped rows=5000>=2000,30,1,epoch_chunk,accuracy,0.85625,0.85875,0.85625,0.85875,3,True,False,,f_mmd,test,standardized_l2,2.227887633634742,0.2053287922161142,,True
wine,/home/crc00006699/zh/tabiclv2/data184/wine,binclass,2043,409,511,4,2,0.7847358121330724,0.7838069786864709,0.7848651960784314,0.8831571691176471,0.4284789778523752,5.568682909011841,0.2931826114654541,ok,,2043,1634,0,511,0.4423810839653015,True,0.1,False,18,1e-05,True,5.5455169677734375,full_train_epoch_chunks,full train set chunked per epoch | validation=dataset_val_split | c_selection=f_mmd c_source=test c_metric=standardized_l2 | f_mmd_reserved_context=5% source=test | wise_ft_skipped rows=2554>=2000,30,1,epoch_chunk,accuracy,0.8141809290953546,0.8264058679706602,0.8141809290953546,0.8264058679706602,10,True,False,,f_mmd,test,standardized_l2,3.448447365431737,1.1637056535210335,,True
wine-quality-white,/home/crc00006699/zh/tabiclv2/data184/wine-quality-white,multiclass,3918,784,980,11,7,0.6846938775510204,0.6756022556875526,0.3917903525046382,0.910365207206543,0.7462929371833551,12.919350624084473,1.2734193801879885,ok,,3918,3134,0,980,0.7742770314216614,True,0.1,False,27,1e-05,True,12.8629047870636,full_train_epoch_chunks,full train set chunked per epoch | validation=dataset_val_split | c_selection=f_mmd c_source=test c_metric=standardized_l2 | f_mmd_reserved_context=5% source=test | wise_ft_skipped rows=4898>=2000,30,1,epoch_chunk,accuracy,0.6785714285714286,0.6836734693877551,0.6785714285714286,0.6836734693877551,19,True,False,,f_mmd,test,standardized_l2,4.045075943656546,3.422375691075117,,True
BLE_RSSI_dataset_for_Indoor_localization,/home/crc00006699/zh/tabiclv2/data184/BLE_RSSI_dataset_for_Indoor_localization,multiclass,7987,1598,1997,3,3,0.7501251877816725,0.7497815342228276,0.7494200998731525,0.9100714182650216,0.5639952152291391,21.24038815498352,1.3748500347137451,ok,,7987,6389,0,1997,0.567922830581665,True,0.1,False,26,1e-05,True,21.203255653381348,full_train_epoch_chunks,full train set chunked per epoch | validation=dataset_val_split | c_selection=f_mmd c_source=test c_metric=standardized_l2 | f_mmd_reserved_context=5% source=test | wise_ft_skipped rows=9984>=2000,30,1,epoch_chunk,accuracy,0.7515644555694618,0.7784730913642053,0.7515644555694618,0.7784730913642053,18,True,False,,f_mmd,test,standardized_l2,2.914627962138002,0.4912430661847667,,True
BNG(cmc),/home/crc00006699/zh/tabiclv2/data184/BNG(cmc),multiclass,44236,8848,11060,9,3,0.5875226039783001,0.5860275547781615,0.5683561823336624,0.7653357974624265,0.874183870182604,62.05891871452332,36.07660222053528,ok,,44236,35388,0,11060,0.9027568995952606,True,0.1,False,52,1e-05,True,61.64866328239441,full_train_epoch_chunks,full train set chunked per epoch | validation=dataset_val_split | c_selection=f_mmd c_source=test c_metric=standardized_l2 | f_mmd_reserved_context=5% source=test | wise_ft_skipped rows=55296>=2000,30,4,epoch_chunk,accuracy,0.5756103074141049,0.5773056057866185,0.5756103074141049,0.5773056057866185,5,True,False,,f_mmd,test,standardized_l2,3.0279242550543994,0.4148835370296081,,True
Bank_Customer_Churn_Dataset,/home/crc00006699/zh/tabiclv2/data184/Bank_Customer_Churn_Dataset,binclass,8000,1600,2000,10,2,0.8745,0.8642013812308549,0.7428653615094293,0.8842355452524945,0.3112469837399572,11.41997766494751,2.7768983840942383,ok,,8000,6400,0,2000,0.3426220715045929,True,0.1,False,13,1e-05,True,11.329856872558594,full_train_epoch_chunks,full train set chunked per epoch | validation=dataset_val_split | c_selection=f_mmd c_source=test c_metric=standardized_l2 | f_mmd_reserved_context=5% source=test | wise_ft_skipped rows=10000>=2000,30,1,epoch_chunk,accuracy,0.8625,0.869375,0.8625,0.869375,5,True,False,,f_mmd,test,standardized_l2,2.2160248725463867,0.3879831111864579,,True
California-Housing-Classification,/home/crc00006699/zh/tabiclv2/data184/California-Housing-Classification,binclass,16512,3303,4128,8,2,0.9210271317829456,0.9210271317829456,0.9210273479816764,0.9795939996643268,0.1836874479697097,17.18301248550415,7.098177909851074,ok,,16512,13209,0,4128,0.2153073102235794,True,0.1,False,20,1e-05,True,17.041198015213013,full_train_epoch_chunks,full train set chunked per epoch | validation=dataset_val_split | c_selection=f_mmd c_source=test c_metric=standardized_l2 | f_mmd_reserved_context=5% source=test | wise_ft_skipped rows=20640>=2000,30,2,epoch_chunk,accuracy,0.9167423554344536,0.9182561307901907,0.9167423554344536,0.9182561307901907,2,True,False,,f_mmd,test,standardized_l2,7.436476980459141,11.326505332177335,,True
Click_prediction_small,/home/crc00006699/zh/tabiclv2/data184/Click_prediction_small,binclass,31958,6392,7990,3,2,0.5182728410513141,0.5766380186101085,0.5574931363962883,0.5719144757852777,0.8705857227170252,55.921902656555176,7.192583322525024,ok,,31958,25566,0,7990,0.4580634534358978,True,0.1,False,63,1e-05,True,55.831775188446045,full_train_epoch_chunks,full train set chunked per epoch | validation=dataset_val_split | c_selection=f_mmd c_source=test c_metric=standardized_l2 | f_mmd_reserved_context=5% source=test | wise_ft_skipped rows=39948>=2000,30,3,epoch_chunk,accuracy,0.8322903629536921,0.8329161451814768,0.8322903629536921,0.8329161451814768,13,True,False,,f_mmd,test,standardized_l2,9.4682162243954,198.68853110044435,,True
Contaminant-detection-in-packaged-cocoa-hazelnut-spread-jars-using-Microwaves-Sensing-and-Machine-Learning-10.5GHz(Urbinati),/home/crc00006699/zh/tabiclv2/data184/Contaminant-detection-in-packaged-cocoa-hazelnut-spread-jars-using-Microwaves-Sensing-and-Machine-Learning-10.5GHz(Urbinati),binclass,1920,384,480,30,2,0.9833333333333332,0.9833333333333332,0.9833147942157954,0.9974450778642936,0.0531849245877272,4.608389854431152,0.9309825897216796,ok,,1920,1536,0,480,0.0819690786302089,True,0.1,False,8,1e-05,True,4.5360941886901855,full_train_epoch_chunks,full train set chunked per epoch | validation=dataset_val_split | c_selection=f_mmd c_source=test c_metric=standardized_l2 | f_mmd_reserved_context=5% source=test | wise_ft_skipped rows=2400>=2000,30,1,epoch_chunk,accuracy,0.9739583333333334,0.9739583333333334,0.9739583333333334,0.9739583333333334,0,True,False,,f_mmd,test,standardized_l2,3.316421665732944,0.4455324463801807,,True
Contaminant-detection-in-packaged-cocoa-hazelnut-spread-jars-using-Microwaves-Sensing-and-Machine-Learning-9.0GHz(Urbinati),/home/crc00006699/zh/tabiclv2/data184/Contaminant-detection-in-packaged-cocoa-hazelnut-spread-jars-using-Microwaves-Sensing-and-Machine-Learning-9.0GHz(Urbinati),binclass,1920,384,480,30,2,0.96875,0.9687574637722068,0.9690628476084538,0.9952377641824248,0.0878946074127029,9.092276811599731,0.9198620319366456,ok,,1920,1536,0,480,0.0635028611868619,True,0.1,False,18,1e-05,True,9.018098831176758,full_train_epoch_chunks,full train set chunked per epoch | validation=dataset_val_split | c_selection=f_mmd c_source=test c_metric=standardized_l2 | f_mmd_reserved_context=5% source=test | wise_ft_skipped rows=2400>=2000,30,1,epoch_chunk,accuracy,0.9609375,0.9739583333333334,0.9609375,0.9739583333333334,10,True,False,,f_mmd,test,standardized_l2,3.020260597973345,0.3775370022206092,,True
Credit_c,/home/crc00006699/zh/tabiclv2/data184/Credit_c,multiclass,80000,16000,20000,22,3,0.81895,0.8188657425980032,0.8286527818228576,0.9319310797196776,0.4188821824862071,191.48377513885495,115.12422800064088,ok,,80000,64000,0,20000,0.5995478630065918,True,0.1,False,105,1e-05,True,189.9156620502472,full_train_epoch_chunks,full train set chunked per epoch | validation=dataset_val_split | c_selection=f_mmd c_source=test c_metric=standardized_l2 | f_mmd_reserved_context=5% source=test | wise_ft_skipped rows=100000>=2000,30,7,epoch_chunk,accuracy,0.8145,0.824375,0.8145,0.824375,7,True,False,,f_mmd,test,standardized_l2,3.484725387457551,22.928899146985326,,True
Diabetic_Retinopathy_Debrecen,/home/crc00006699/zh/tabiclv2/data184/Diabetic_Retinopathy_Debrecen,binclass,920,184,231,19,2,0.7359307359307359,0.7356618719252352,0.7339656729900632,0.8399578440228846,0.4854935402126493,7.174151420593262,0.8709867000579834,ok,,920,736,0,231,0.4785867631435394,True,0.1,True,17,1e-05,True,7.124690532684326,full_train_epoch_chunks,full train set chunked per epoch | validation=dataset_val_split | c_selection=f_mmd c_source=test c_metric=standardized_l2 | f_mmd_reserved_context=5% source=test | wise_ft=alpha0.1 rows=1151<2000,30,1,epoch_chunk,accuracy,0.75,0.7717391304347826,0.75,0.7717391304347826,9,True,False,,f_mmd,test,standardized_l2,8.221732014082972,6.8022776069464825,,True
Employee,/home/crc00006699/zh/tabiclv2/data184/Employee,binclass,3722,745,931,8,2,0.8582169709989259,0.8524454652100957,0.8130984042553191,0.8823317307692308,0.3490355982359142,8.922888278961182,1.1235499382019043,ok,,3722,2977,0,931,0.3593616634607315,True,0.1,False,20,1e-05,True,8.871543407440186,full_train_epoch_chunks,full train set chunked per epoch | validation=dataset_val_split | c_selection=f_mmd c_source=test c_metric=standardized_l2 | f_mmd_reserved_context=5% source=test | wise_ft_skipped rows=4653>=2000,30,1,epoch_chunk,accuracy,0.851006711409396,0.8590604026845637,0.851006711409396,0.8590604026845637,12,True,False,,f_mmd,test,standardized_l2,2.6504665867710004,0.3238351009864826,,True
FOREX_audcad-day-High,/home/crc00006699/zh/tabiclv2/data184/FOREX_audcad-day-High,binclass,1467,294,367,10,2,0.7547683923705722,0.7546481164795465,0.7545000891106755,0.8318927107467474,0.5052378144246027,3.1429457664489746,0.4875967502593994,ok,,1467,1173,0,367,0.5380732119083405,True,0.1,True,8,1e-05,True,3.109851121902466,full_train_epoch_chunks,full train set chunked per epoch | validation=dataset_val_split | c_selection=f_mmd c_source=test c_metric=standardized_l2 | f_mmd_reserved_context=5% source=test | wise_ft=alpha0.1 rows=1834<2000,30,1,epoch_chunk,accuracy,0.7142857142857143,0.7142857142857143,0.7142857142857143,0.7142857142857143,0,True,False,,f_mmd,test,standardized_l2,5.602017009747491,3.4378853655744046,,True
FOREX_audchf-day-High,/home/crc00006699/zh/tabiclv2/data184/FOREX_audchf-day-High,binclass,1466,294,367,10,2,0.7520435967302452,0.752017822593216,0.7522574704449594,0.8404473355908036,0.4958134690890668,5.794851064682007,0.5029134750366211,ok,,1466,1172,0,367,0.5296081900596619,True,0.1,True,16,1e-05,True,5.759206771850586,full_train_epoch_chunks,full train set chunked per epoch | validation=dataset_val_split | c_selection=f_mmd c_source=test c_metric=standardized_l2 | f_mmd_reserved_context=5% source=test | wise_ft=alpha0.1 rows=1833<2000,30,1,epoch_chunk,accuracy,0.6972789115646258,0.7278911564625851,0.6972789115646258,0.7278911564625851,8,True,False,,f_mmd,test,standardized_l2,4.134880364480623,0.7823959004217242,,True
FOREX_audjpy-hour-High,/home/crc00006699/zh/tabiclv2/data184/FOREX_audjpy-hour-High,binclass,35060,7012,8765,10,2,0.7223046206503138,0.7223172314558788,0.7221023446019685,0.8017992482573624,0.5389598197886117,54.59722781181336,24.367626905441284,ok,,35060,28048,0,8765,0.5533594191074371,True,0.1,False,45,1e-05,True,54.326844453811646,full_train_epoch_chunks,full train set chunked per epoch | validation=dataset_val_split | c_selection=f_mmd c_source=test c_metric=standardized_l2 | f_mmd_reserved_context=5% source=test | wise_ft_skipped rows=43825>=2000,30,3,epoch_chunk,accuracy,0.7136337706788363,0.7166286366229321,0.7136337706788363,0.7166286366229321,7,True,False,,f_mmd,test,standardized_l2,5.089266052391651,6.349091081745396,,True
FOREX_audusd-hour-High,/home/crc00006699/zh/tabiclv2/data184/FOREX_audusd-hour-High,binclass,35060,7012,8765,10,2,0.7080433542498574,0.7079228629620823,0.706643242900374,0.7885401175800197,0.5525969221993433,108.91586256027222,24.314420223236084,ok,,35060,28048,0,8765,0.5335427522659302,True,0.1,False,90,1e-05,True,108.587420463562,full_train_epoch_chunks,full train set chunked per epoch | validation=dataset_val_split | c_selection=f_mmd c_source=test c_metric=standardized_l2 | f_mmd_reserved_context=5% source=test | wise_ft_skipped rows=43825>=2000,30,3,epoch_chunk,accuracy,0.7042213348545351,0.7176269252709641,0.7042213348545351,0.7176269252709641,24,False,False,,f_mmd,test,standardized_l2,4.531512580978124,3.440223443204409,,True
FOREX_cadjpy-hour-High,/home/crc00006699/zh/tabiclv2/data184/FOREX_cadjpy-hour-High,binclass,35060,7012,8765,10,2,0.7139760410724473,0.7140104771729698,0.7137454518118047,0.7909043430407573,0.5528789373296243,54.8040132522583,24.36860394477844,ok,,35060,28048,0,8765,0.5572434961795807,True,0.1,False,45,1e-05,True,54.52166390419006,full_train_epoch_chunks,full train set chunked per epoch | validation=dataset_val_split | c_selection=f_mmd c_source=test c_metric=standardized_l2 | f_mmd_reserved_context=5% source=test | wise_ft_skipped rows=43825>=2000,30,3,epoch_chunk,accuracy,0.713063320022818,0.7166286366229321,0.713063320022818,0.7166286366229321,7,True,False,,f_mmd,test,standardized_l2,5.198503829667066,5.089079415366325,,True
Fitness_Club_c,/home/crc00006699/zh/tabiclv2/data184/Fitness_Club_c,binclass,1200,240,300,6,2,0.8033333333333333,0.7961465279630122,0.7378673957621326,0.8225458751774541,0.4543544773471764,4.522816181182861,0.323030948638916,ok,,1200,960,0,300,0.4718550443649292,True,0.1,True,12,1e-05,True,4.488667726516724,full_train_epoch_chunks,full train set chunked per epoch | validation=dataset_val_split | c_selection=f_mmd c_source=test c_metric=standardized_l2 | f_mmd_reserved_context=5% source=test | wise_ft=alpha0.1 rows=1500<2000,30,1,epoch_chunk,accuracy,0.7666666666666667,0.775,0.7666666666666667,0.775,4,True,False,,f_mmd,test,standardized_l2,3.6226329049964088,1.7583273291903965,,True
GAMETES_Heterogeneity_20atts_1600_Het_0.4_0.2_50_EDM-2_001,/home/crc00006699/zh/tabiclv2/data184/GAMETES_Heterogeneity_20atts_1600_Het_0.4_0.2_50_EDM-2_001,binclass,1280,256,320,20,2,0.68125,0.6810506566604128,0.68125,0.7580078124999999,0.573896793109674,4.168007373809815,0.5393662452697754,ok,,1280,1024,0,320,0.4807535409927368,True,0.1,True,8,1e-05,True,4.108508825302124,full_train_epoch_chunks,full train set chunked per epoch | validation=dataset_val_split | c_selection=f_mmd c_source=test c_metric=standardized_l2 | f_mmd_reserved_context=5% source=test | wise_ft=alpha0.1 rows=1600<2000,30,1,epoch_chunk,accuracy,0.68359375,0.68359375,0.68359375,0.68359375,0,True,False,,f_mmd,test,standardized_l2,2.80196601154119,0.5769098553408307,,True
GesturePhaseSegmentationProcessed,/home/crc00006699/zh/tabiclv2/data184/GesturePhaseSegmentationProcessed,multiclass,7898,1580,1975,32,5,0.8415189873417721,0.8409024737403173,0.8244615512673523,0.9716144382717936,0.4406845303489241,28.04865336418152,4.135475158691406,ok,,7898,6318,0,1975,0.604706883430481,True,0.1,False,21,1e-05,True,27.828134775161743,full_train_epoch_chunks,full train set chunked per epoch | validation=dataset_val_split | c_selection=f_mmd c_source=test c_metric=standardized_l2 | f_mmd_reserved_context=5% source=test | wise_ft_skipped rows=9873>=2000,30,1,epoch_chunk,accuracy,0.7803797468354431,0.8094936708860759,0.7803797468354431,0.8094936708860759,13,True,False,,f_mmd,test,standardized_l2,8.950639236500637,6.886046474480635,,True
Heart-Disease-Dataset-(Comprehensive),/home/crc00006699/zh/tabiclv2/data184/Heart-Disease-Dataset-(Comprehensive),binclass,952,191,238,11,2,0.953781512605042,0.9536614172576188,0.9511664407505172,0.9830919597631448,0.1521415118434778,3.233405351638794,0.7758979797363281,ok,,952,761,0,238,0.2527061104774475,True,0.1,True,8,1e-05,True,3.2019524574279785,full_train_epoch_chunks,full train set chunked per epoch | validation=dataset_val_split | c_selection=f_mmd c_source=test c_metric=standardized_l2 | f_mmd_reserved_context=5% source=test | wise_ft=alpha0.1 rows=1190<2000,30,1,epoch_chunk,accuracy,0.9109947643979056,0.9109947643979056,0.9109947643979056,0.9109947643979056,0,True,False,,f_mmd,test,standardized_l2,2.505020198631557,0.7008210997003148,,True
Insurance,/home/crc00006699/zh/tabiclv2/data184/Insurance,binclass,18838,3768,4710,10,2,0.7575371549893843,0.6530303380048618,0.5,0.4995726019570732,0.5559471030015984,16.188310384750366,8.952754974365234,ok,,18838,15070,0,4710,0.5607541799545288,True,0.1,False,16,1e-05,True,15.987735271453856,full_train_epoch_chunks,full train set chunked per epoch | validation=dataset_val_split | c_selection=f_mmd c_source=test c_metric=standardized_l2 | f_mmd_reserved_context=5% source=test | wise_ft_skipped rows=23548>=2000,30,2,epoch_chunk,accuracy,0.7579617834394905,0.7579617834394905,0.7579617834394905,0.7579617834394905,0,True,False,,f_mmd,test,standardized_l2,2.527252546147456,0.3423164239347711,,True
Is-this-a-good-customer,/home/crc00006699/zh/tabiclv2/data184/Is-this-a-good-customer,binclass,1378,276,345,13,2,0.881159420289855,0.8282083919519438,0.4983606557377049,0.7390163934426229,0.3256844290727039,3.8117222785949703,0.4889779090881347,ok,,1378,1102,0,345,0.3676595836877823,True,0.1,True,8,1e-05,True,3.768411636352539,full_train_epoch_chunks,full train set chunked per epoch | validation=dataset_val_split | c_selection=f_mmd c_source=test c_metric=standardized_l2 | f_mmd_reserved_context=5% source=test | wise_ft=alpha0.1 rows=1723<2000,30,1,epoch_chunk,accuracy,0.9130434782608696,0.9130434782608696,0.9130434782608696,0.9130434782608696,0,True,False,,f_mmd,test,standardized_l2,3.3798427330960905,3.1452585709159706,,True
KDD,/home/crc00006699/zh/tabiclv2/data184/KDD,binclass,4025,805,1007,45,2,0.8063555114200596,0.8056626196247347,0.8071823095435358,0.906123012585316,0.3683104858130494,8.313275575637817,2.3305907249450684,ok,,4025,3220,0,1007,0.3842749893665313,True,0.1,False,8,1e-05,True,8.125374555587769,full_train_epoch_chunks,full train set chunked per epoch | validation=dataset_val_split | c_selection=f_mmd c_source=test c_metric=standardized_l2 | f_mmd_reserved_context=5% source=test | wise_ft_skipped rows=5032>=2000,30,1,epoch_chunk,accuracy,0.8111801242236025,0.8111801242236025,0.8111801242236025,0.8111801242236025,0,True,False,,f_mmd,test,standardized_l2,7.59935332944652,16.051517797129183,,True
Long,/home/crc00006699/zh/tabiclv2/data184/Long,binclass,3581,717,896,19,2,0.9944196428571428,0.9944294891772116,0.9949162312654845,0.9998957490126816,0.0133047676591546,4.775632858276367,1.3548860549926758,ok,,3581,2864,0,896,0.0107723232358694,True,0.1,False,8,1e-05,True,4.704051017761231,full_train_epoch_chunks,full train set chunked per epoch | validation=dataset_val_split | c_selection=f_mmd c_source=test c_metric=standardized_l2 | f_mmd_reserved_context=5% source=test | wise_ft_skipped rows=4477>=2000,30,1,epoch_chunk,accuracy,0.99442119944212,0.99442119944212,0.99442119944212,0.99442119944212,0,True,False,,f_mmd,test,standardized_l2,7.369905592299474,18.074806337481736,,True
MagicTelescope,/home/crc00006699/zh/tabiclv2/data184/MagicTelescope,binclass,15216,3044,3804,9,2,0.8940588853838065,0.892513043695379,0.8712817183652836,0.9473372999853312,0.2621528266001319,18.39654040336609,6.378215789794922,ok,,15216,12172,0,3804,0.2929677218198776,True,0.1,False,22,1e-05,True,18.267423152923584,full_train_epoch_chunks,full train set chunked per epoch | validation=dataset_val_split | c_selection=f_mmd c_source=test c_metric=standardized_l2 | f_mmd_reserved_context=5% source=test | wise_ft_skipped rows=19020>=2000,30,2,epoch_chunk,accuracy,0.8823915900131406,0.8863337713534822,0.8823915900131406,0.8863337713534822,3,True,False,,f_mmd,test,standardized_l2,5.718770039702255,2.388253205408174,,True
Mobile_Price_Classification,/home/crc00006699/zh/tabiclv2/data184/Mobile_Price_Classification,multiclass,1600,320,400,20,4,0.9625,0.9624732434570162,0.9625,0.9988916666666666,0.0726194719322693,3.6673195362091056,0.6534276008605957,ok,,1600,1280,0,400,0.0550886616110801,True,0.1,False,8,1e-05,True,3.6127660274505615,full_train_epoch_chunks,full train set chunked per epoch | validation=dataset_val_split | c_selection=f_mmd c_source=test c_metric=standardized_l2 | f_mmd_reserved_context=5% source=test | wise_ft_skipped rows=2000>=2000,30,1,epoch_chunk,accuracy,0.965625,0.965625,0.965625,0.965625,0,True,False,,f_mmd,test,standardized_l2,1.775803084145833,0.1178539781350744,,True
Performance-Prediction,/home/crc00006699/zh/tabiclv2/data184/Performance-Prediction,binclass,1072,215,268,19,2,0.746268656716418,0.7391015545585111,0.7067718606180144,0.805899228976152,0.5236465415413873,5.632439851760864,0.473541259765625,ok,,1072,857,0,268,0.5219839811325073,True,0.1,True,13,1e-05,True,5.586941719055176,full_train_epoch_chunks,full train set chunked per epoch | validation=dataset_val_split | c_selection=f_mmd c_source=test c_metric=standardized_l2 | f_mmd_reserved_context=5% source=test | wise_ft=alpha0.1 rows=1340<2000,30,1,epoch_chunk,accuracy,0.6976744186046512,0.7116279069767442,0.6976744186046512,0.7116279069767442,5,True,False,,f_mmd,test,standardized_l2,5.168455260886194,2.131973244062801,,True
PieChart3,/home/crc00006699/zh/tabiclv2/data184/PieChart3,binclass,861,173,216,37,2,0.8842592592592593,0.8504784688995214,0.5687830687830688,0.8720360572212424,0.2684383313831375,5.553762912750244,1.1377263069152832,ok,,861,688,0,216,0.312481164932251,True,0.1,True,11,1e-05,True,5.486818313598633,full_train_epoch_chunks,full train set chunked per epoch | validation=dataset_val_split | c_selection=f_mmd c_source=test c_metric=standardized_l2 | f_mmd_reserved_context=5% source=test | wise_ft=alpha0.1 rows=1077<2000,30,1,epoch_chunk,accuracy,0.8728323699421965,0.8786127167630058,0.8728323699421965,0.8786127167630058,3,True,False,,f_mmd,test,standardized_l2,11.726465615371714,18.106397234245883,,True
PizzaCutter3,/home/crc00006699/zh/tabiclv2/data184/PizzaCutter3,binclass,834,167,209,37,2,0.8851674641148325,0.8432935485567066,0.5372826086956521,0.8954347826086957,0.2491055074946349,4.239331960678101,1.139108419418335,ok,,834,667,0,209,0.3022037297487259,True,0.1,True,8,1e-05,True,4.171457529067993,full_train_epoch_chunks,full train set chunked per epoch | validation=dataset_val_split | c_selection=f_mmd c_source=test c_metric=standardized_l2 | f_mmd_reserved_context=5% source=test | wise_ft=alpha0.1 rows=1043<2000,30,1,epoch_chunk,accuracy,0.8922155688622755,0.8922155688622755,0.8922155688622755,0.8922155688622755,0,True,False,,f_mmd,test,standardized_l2,12.30645318665295,36.67378334803762,,True
QSAR_biodegradation,/home/crc00006699/zh/tabiclv2/data184/QSAR_biodegradation,binclass,843,169,211,41,2,0.8909952606635071,0.8890044360150116,0.8623239436619718,0.9520120724346076,0.2707414550617018,5.040232658386231,1.1793465614318848,ok,,843,674,0,211,0.241416722536087,True,0.1,True,8,1e-05,True,4.926314353942871,full_train_epoch_chunks,full train set chunked per epoch | validation=dataset_val_split | c_selection=f_mmd c_source=test c_metric=standardized_l2 | f_mmd_reserved_context=5% source=test | wise_ft=alpha0.1 rows=1054<2000,30,1,epoch_chunk,accuracy,0.8698224852071006,0.8698224852071006,0.8698224852071006,0.8698224852071006,0,True,False,,f_mmd,test,standardized_l2,6.581316791012152,5.080780063042986,,True
SDSS17,/home/crc00006699/zh/tabiclv2/data184/SDSS17,multiclass,80000,16000,20000,12,3,0.97785,0.9777461751333671,0.97303630504295,0.997130979689576,0.0691017142570063,225.6919505596161,108.06341123580933,ok,,80000,64000,0,20000,0.0804318077862262,True,0.1,False,154,1e-05,True,224.89545369148252,full_train_epoch_chunks,full train set chunked per epoch | validation=dataset_val_split | c_selection=f_mmd c_source=test c_metric=standardized_l2 | f_mmd_reserved_context=5% source=test | wise_ft_skipped rows=100000>=2000,30,7,epoch_chunk,accuracy,0.975625,0.97625,0.975625,0.97625,14,True,False,,f_mmd,test,standardized_l2,104503.22608334557,1.0074774606611476,,True
Telecom_Churn_Dataset,/home/crc00006699/zh/tabiclv2/data184/Telecom_Churn_Dataset,binclass,2666,534,667,17,2,0.9655172413793104,0.9646456485762048,0.9071079761258816,0.9323476216313982,0.127717156365186,6.012268781661987,0.9934217929840088,ok,,2666,2132,0,667,0.1282723248004913,True,0.1,False,11,1e-05,True,5.951242923736572,full_train_epoch_chunks,full train set chunked per epoch | validation=dataset_val_split | c_selection=f_mmd c_source=test c_metric=standardized_l2 | f_mmd_reserved_context=5% source=test | wise_ft_skipped rows=3333>=2000,30,1,epoch_chunk,accuracy,0.9606741573033708,0.9625468164794008,0.9606741573033708,0.9625468164794008,3,True,False,,f_mmd,test,standardized_l2,2.5428180752661937,0.4096505069084584,,True
Water_Quality_and_Potability,/home/crc00006699/zh/tabiclv2/data184/Water_Quality_and_Potability,binclass,2620,524,656,8,2,0.6570121951219512,0.5961836671620173,0.57671875,0.6716796875,0.6226202339880219,4.293856382369995,0.7748041152954102,ok,,2620,2096,0,656,0.6325243711471558,True,0.1,False,11,1e-05,True,4.260025262832642,full_train_epoch_chunks,full train set chunked per epoch | validation=dataset_val_split | c_selection=f_mmd c_source=test c_metric=standardized_l2 | f_mmd_reserved_context=5% source=test | wise_ft_skipped rows=3276>=2000,30,1,epoch_chunk,accuracy,0.6297709923664122,0.6374045801526718,0.6297709923664122,0.6374045801526718,3,True,False,,f_mmd,test,standardized_l2,2.845965988516334,0.5788925625667205,,True
Wilt,/home/crc00006699/zh/tabiclv2/data184/Wilt,binclass,3856,772,965,5,2,0.9937823834196892,0.9937248277163724,0.9604431712865448,0.9921223354958296,0.030234885344794,5.546605587005615,0.7106082439422607,ok,,3856,3084,0,965,0.0473356768488884,True,0.1,False,13,1e-05,True,5.507503032684326,full_train_epoch_chunks,full train set chunked per epoch | validation=dataset_val_split | c_selection=f_mmd c_source=test c_metric=standardized_l2 | f_mmd_reserved_context=5% source=test | wise_ft_skipped rows=4821>=2000,30,1,epoch_chunk,accuracy,0.9883419689119172,0.9896373056994818,0.9883419689119172,0.9896373056994818,5,True,False,,f_mmd,test,standardized_l2,9.513533140919357,22.455020050789948,,True
accelerometer,/home/crc00006699/zh/tabiclv2/data184/accelerometer,multiclass,122403,24481,30601,4,4,0.7457599424855397,0.7439241008800073,0.8093137254901961,0.930548174541617,0.5291429553474445,448.46281576156616,230.95413184165955,ok,,122403,97922,0,30601,0.5948501527309418,True,0.1,False,280,1e-05,True,448.06106400489807,full_train_epoch_chunks,full train set chunked per epoch | validation=dataset_val_split | c_selection=f_mmd c_source=test c_metric=standardized_l2 | f_mmd_reserved_context=5% source=test | wise_ft_skipped rows=153004>=2000,30,10,epoch_chunk,accuracy,0.7409011069809239,0.746047955557371,0.7409011069809239,0.746047955557371,20,True,False,,f_mmd,test,standardized_l2,10.405428717203815,6.161982812136294,,True
ada_agnostic,/home/crc00006699/zh/tabiclv2/data184/ada_agnostic,binclass,3649,730,913,48,2,0.8521358159912377,0.8480771471861283,0.7778059619064743,0.9069752507673932,0.3204379113622882,8.468140125274658,2.1628379821777344,ok,,3649,2919,0,913,0.3179857730865478,True,0.1,False,8,1e-05,True,8.323692083358765,full_train_epoch_chunks,full train set chunked per epoch | validation=dataset_val_split | c_selection=f_mmd c_source=test c_metric=standardized_l2 | f_mmd_reserved_context=5% source=test | wise_ft_skipped rows=4562>=2000,30,1,epoch_chunk,accuracy,0.852054794520548,0.852054794520548,0.852054794520548,0.852054794520548,0,True,False,,f_mmd,test,standardized_l2,4.24644759405347,6.874691533063114,,True
adult,/home/crc00006699/zh/tabiclv2/data184/adult,binclass,32561,6513,16281,14,2,0.8749462563724587,0.8709130247079497,0.7984360797833603,0.9295608511111656,0.2730894062919597,107.68222165107728,26.848878145217896,ok,,32561,26048,0,16281,0.2769884467124939,True,0.1,False,87,1e-05,True,107.26897835731506,full_train_epoch_chunks,full train set chunked per epoch | validation=dataset_val_split | c_selection=f_mmd c_source=test c_metric=standardized_l2 | f_mmd_reserved_context=5% source=test | wise_ft_skipped rows=48842>=2000,30,3,epoch_chunk,accuracy,0.8645785352372178,0.8756333486872409,0.8645785352372178,0.8756333486872409,21,True,False,,f_mmd,test,standardized_l2,4.358359680451431,3.1674047792708544,,True
allbp,/home/crc00006699/zh/tabiclv2/data184/allbp,multiclass,3017,604,755,29,3,0.9774834437086092,0.975153287094861,0.643059402893198,0.9901573797843118,0.0603621110124023,5.696136474609375,1.3295190334320068,ok,,3017,2413,0,755,0.0764589868485927,True,0.1,False,8,1e-05,True,5.590449571609497,full_train_epoch_chunks,full train set chunked per epoch | validation=dataset_val_split | c_selection=f_mmd c_source=test c_metric=standardized_l2 | f_mmd_reserved_context=5% source=test | wise_ft_skipped rows=3772>=2000,30,1,epoch_chunk,accuracy,0.9834437086092715,0.9834437086092715,0.9834437086092715,0.9834437086092715,0,True,False,,f_mmd,test,standardized_l2,5.450873249965506,7.691411589164348,,True
analcatdata_authorship,/home/crc00006699/zh/tabiclv2/data184/analcatdata_authorship,multiclass,672,135,169,69,4,0.9940828402366864,0.9940804879569156,0.9957627118644068,0.9999242768178148,0.0117837740337703,6.083464622497559,0.6721837520599365,ok,,672,537,0,169,0.0003873900859616,True,0.1,True,8,1e-05,True,5.909517288208008,full_train_epoch_chunks,full train set chunked per epoch | validation=dataset_val_split | c_selection=f_mmd c_source=test c_metric=standardized_l2 | f_mmd_reserved_context=5% source=test | wise_ft=alpha0.1 rows=841<2000,30,1,epoch_chunk,accuracy,1.0,1.0,1.0,1.0,0,True,False,,f_mmd,test,standardized_l2,2.148679396514,0.4050333414709074,,True
autoUniv-au4-2500,/home/crc00006699/zh/tabiclv2/data184/autoUniv-au4-2500,multiclass,2000,400,500,100,3,0.724,0.694456656762446,0.5238122136446369,0.7718989949029135,0.6569365772619431,31.488861322402958,2.063142776489258,ok,,2000,1600,0,500,0.7388389408588409,True,0.1,False,30,1e-05,True,31.229538202285767,full_train_epoch_chunks,full train set chunked per epoch | validation=dataset_val_split | c_selection=f_mmd c_source=test c_metric=standardized_l2 | f_mmd_reserved_context=5% source=test | wise_ft_skipped rows=2500>=2000,30,1,epoch_chunk,accuracy,0.695,0.7525,0.695,0.7525,24,False,False,,f_mmd,test,standardized_l2,1.4417659751816587,0.0346919115391977,,True
bank,/home/crc00006699/zh/tabiclv2/data184/bank,binclass,36168,7234,9043,16,2,0.9114232002653988,0.9094816208441174,0.764945911106955,0.944322057070618,0.1835989050824601,61.149235010147095,27.36410927772522,ok,,36168,28934,0,9043,0.2022400498390197,True,0.1,False,42,1e-05,True,60.65068864822388,full_train_epoch_chunks,full train set chunked per epoch | validation=dataset_val_split | c_selection=f_mmd c_source=test c_metric=standardized_l2 | f_mmd_reserved_context=5% source=test | wise_ft_skipped rows=45211>=2000,30,3,epoch_chunk,accuracy,0.9147083218136576,0.9205142383190488,0.9147083218136576,0.9205142383190488,6,True,False,,f_mmd,test,standardized_l2,4.972430139387609,19.855296889126105,,True
baseball,/home/crc00006699/zh/tabiclv2/data184/baseball,multiclass,1072,215,268,16,3,0.9440298507462688,0.9342657264063036,0.6038961038961039,0.9756513805845496,0.1333098517461208,5.144353151321411,0.6591830253601074,ok,,1072,857,0,268,0.1758125647902488,True,0.1,True,12,1e-05,True,5.083514213562012,full_train_epoch_chunks,full train set chunked per epoch | validation=dataset_val_split | c_selection=f_mmd c_source=test c_metric=standardized_l2 | f_mmd_reserved_context=5% source=test | wise_ft=alpha0.1 rows=1340<2000,30,1,epoch_chunk,accuracy,0.958139534883721,0.9627906976744186,0.958139534883721,0.9627906976744186,4,True,False,,f_mmd,test,standardized_l2,5.6671674716869465,2.514089509101347,,True
churn,/home/crc00006699/zh/tabiclv2/data184/churn,binclass,4000,800,1000,20,2,0.967,0.9656316025636732,0.8948348318595761,0.9313980465492616,0.1183384645050394,12.295955181121826,1.550248622894287,ok,,4000,3200,0,1000,0.083969097584486,True,0.1,False,20,1e-05,True,12.20661973953247,full_train_epoch_chunks,full train set chunked per epoch | validation=dataset_val_split | c_selection=f_mmd c_source=test c_metric=standardized_l2 | f_mmd_reserved_context=5% source=test | wise_ft_skipped rows=5000>=2000,30,1,epoch_chunk,accuracy,0.9725,0.9775,0.9725,0.9775,12,True,False,,f_mmd,test,standardized_l2,2.333854864970065,0.3123434634986582,,True
company_bankruptcy_prediction,/home/crc00006699/zh/tabiclv2/data184/company_bankruptcy_prediction,binclass,5455,1091,1364,95,2,0.967741935483871,0.9637036959981692,0.6428030303030303,0.9637913223140496,0.0723623299678201,20.50721645355225,6.127931594848633,ok,,5455,4364,0,1364,0.0712848342955112,True,0.1,False,10,1e-05,True,20.076072931289676,full_train_epoch_chunks,full train set chunked per epoch | validation=dataset_val_split | c_selection=f_mmd c_source=test c_metric=standardized_l2 | f_mmd_reserved_context=5% source=test | wise_ft_skipped rows=6819>=2000,30,1,epoch_chunk,accuracy,0.9706691109074244,0.9715857011915674,0.9706691109074244,0.9715857011915674,2,True,False,,f_mmd,test,standardized_l2,112.96131606941503,24.507667255199973,,True
connect-4,/home/crc00006699/zh/tabiclv2/data184/connect-4,multiclass,54045,10809,13512,42,3,0.8684872705743043,0.8577725703715368,0.7097126675669458,0.9498405509727018,0.3229487339179341,310.1634738445282,94.59396886825562,ok,,54045,43236,0,13512,0.4898320883512497,True,0.1,False,145,1e-05,True,308.07660484313965,full_train_epoch_chunks,full train set chunked per epoch | validation=dataset_val_split | c_selection=f_mmd c_source=test c_metric=standardized_l2 | f_mmd_reserved_context=5% source=test | wise_ft_skipped rows=67557>=2000,30,5,epoch_chunk,accuracy,0.8529003608104357,0.8665001387732445,0.8529003608104357,0.8665001387732445,21,True,False,,f_mmd,test,standardized_l2,6.22671152671223,6.773610728956536,,True
credit,/home/crc00006699/zh/tabiclv2/data184/credit,binclass,13371,2675,3343,10,2,0.787316781334131,0.7873079886543787,0.7873148832175101,0.8650038011218677,0.4619157573244999,19.573835611343384,5.403419494628906,ok,,13371,10696,0,3343,0.4932019859552383,True,0.1,False,24,1e-05,True,19.44808006286621,full_train_epoch_chunks,full train set chunked per epoch | validation=dataset_val_split | c_selection=f_mmd c_source=test c_metric=standardized_l2 | f_mmd_reserved_context=5% source=test | wise_ft_skipped rows=16714>=2000,30,2,epoch_chunk,accuracy,0.7783177570093458,0.7794392523364486,0.7783177570093458,0.7794392523364486,4,True,False,,f_mmd,test,standardized_l2,13.155764649515575,45.59304998460195,,True
customer_satisfaction_in_airline,/home/crc00006699/zh/tabiclv2/data184/customer_satisfaction_in_airline,binclass,103904,20781,25976,21,2,0.9659685863874344,0.966014904594336,0.9673372471208076,0.9959114284516758,0.0776284062187969,520.7474880218506,208.35770869255063,ok,,103904,83123,0,25976,0.1098120361566543,True,0.1,False,270,1e-05,True,518.6742417812347,full_train_epoch_chunks,full train set chunked per epoch | validation=dataset_val_split | c_selection=f_mmd c_source=test c_metric=standardized_l2 | f_mmd_reserved_context=5% source=test | wise_ft_skipped rows=129880>=2000,30,9,epoch_chunk,accuracy,0.9605408786872623,0.9646311534574852,0.9605408786872623,0.9646311534574852,27,False,False,,f_mmd,test,standardized_l2,3.057328853864399,4.26096672188535,,True
default_of_credit_card_clients,/home/crc00006699/zh/tabiclv2/data184/default_of_credit_card_clients,binclass,24000,4800,6000,23,2,0.8266666666666667,0.806485670907824,0.6672231296819533,0.8008681887370745,0.4139335201126898,39.87946605682373,15.5941743850708,ok,,24000,19200,0,6000,0.4384811520576477,True,0.1,False,24,1e-05,True,39.3668270111084,full_train_epoch_chunks,full train set chunked per epoch | validation=dataset_val_split | c_selection=f_mmd c_source=test c_metric=standardized_l2 | f_mmd_reserved_context=5% source=test | wise_ft_skipped rows=30000>=2000,30,2,epoch_chunk,accuracy,0.820625,0.8214583333333333,0.820625,0.8214583333333333,4,True,False,,f_mmd,test,standardized_l2,7.608660268976767,16.644165938836842,,True
dis,/home/crc00006699/zh/tabiclv2/data184/dis,binclass,3017,604,755,29,2,0.990728476821192,0.989524085374335,0.7493270524899058,0.9891206819201436,0.029935411487683,7.890933036804199,1.323601245880127,ok,,3017,2413,0,755,0.0349852498620748,True,0.1,False,12,1e-05,True,7.783404350280762,full_train_epoch_chunks,full train set chunked per epoch | validation=dataset_val_split | c_selection=f_mmd c_source=test c_metric=standardized_l2 | f_mmd_reserved_context=5% source=test | wise_ft_skipped rows=3772>=2000,30,1,epoch_chunk,accuracy,0.98841059602649,0.9900662251655628,0.98841059602649,0.9900662251655628,4,True,False,,f_mmd,test,standardized_l2,5.355088270758079,7.483798799229331,,True
drug_consumption,/home/crc00006699/zh/tabiclv2/data184/drug_consumption,multiclass,1507,302,377,12,7,0.403183023872679,0.2316968605998004,0.1428571428571428,0.529774600180905,1.5116254095979929,3.225245714187622,0.5203268527984619,ok,,1507,1205,0,377,1.5071884989738464,True,0.1,True,8,1e-05,True,3.1885499954223637,full_train_epoch_chunks,full train set chunked per epoch | validation=dataset_val_split | c_selection=f_mmd c_source=test c_metric=standardized_l2 | f_mmd_reserved_context=5% source=test | wise_ft=alpha0.1 rows=1884<2000,30,1,epoch_chunk,accuracy,0.4039735099337748,0.4039735099337748,0.4039735099337748,0.4039735099337748,0,True,False,,f_mmd,test,standardized_l2,3.0060375948929003,2.1932353050659934,,True
eeg-eye-state,/home/crc00006699/zh/tabiclv2/data184/eeg-eye-state,binclass,11984,2397,2996,14,2,0.9946595460614152,0.9946584200675984,0.9943965468714466,0.9999103843789616,0.0125185739609848,35.25813674926758,5.009593963623047,ok,,11984,9587,0,2996,0.0141866141930222,True,0.1,False,25,1e-05,True,35.106457233428955,full_train_epoch_chunks,full train set chunked per epoch | validation=dataset_val_split | c_selection=f_mmd c_source=test c_metric=standardized_l2 | f_mmd_reserved_context=5% source=test | wise_ft_skipped rows=14980>=2000,30,1,epoch_chunk,accuracy,0.9908218606591572,0.9945765540258656,0.9908218606591572,0.9945765540258656,17,True,False,,f_mmd,test,standardized_l2,7586696.75565085,238.20348116159008,,True
estimation_of_obesity_levels,/home/crc00006699/zh/tabiclv2/data184/estimation_of_obesity_levels,multiclass,1688,338,423,16,7,0.9905437352245864,0.9905622153790828,0.9902298850574712,0.9999460152506916,0.023084277617488,6.8635101318359375,0.6506252288818359,ok,,1688,1350,0,423,0.0145867895334959,True,0.1,False,17,1e-05,True,6.81034517288208,full_train_epoch_chunks,full train set chunked per epoch | validation=dataset_val_split | c_selection=f_mmd c_source=test c_metric=standardized_l2 | f_mmd_reserved_context=5% source=test | wise_ft_skipped rows=2111>=2000,30,1,epoch_chunk,accuracy,0.9733727810650888,0.9881656804733728,0.9733727810650888,0.9881656804733728,9,True,False,,f_mmd,test,standardized_l2,3.7695767221365033,0.9287427487840412,,True
eye_movements,/home/crc00006699/zh/tabiclv2/data184/eye_movements,multiclass,8748,1750,2188,27,3,0.9638939670932358,0.9638077503442244,0.9667635234563288,0.9972892802471032,0.0959975463108402,40.62726593017578,4.166067123413086,ok,,8748,6998,0,2188,0.1220977790653705,True,0.1,False,30,1e-05,True,40.38878345489502,full_train_epoch_chunks,full train set chunked per epoch | validation=dataset_val_split | c_selection=f_mmd c_source=test c_metric=standardized_l2 | f_mmd_reserved_context=5% source=test | wise_ft_skipped rows=10936>=2000,30,1,epoch_chunk,accuracy,0.808,0.968,0.808,0.968,22,True,False,,f_mmd,test,standardized_l2,5.83758410993292,3.0502346507256157,,True
first-order-theorem-proving,/home/crc00006699/zh/tabiclv2/data184/first-order-theorem-proving,multiclass,4894,979,1224,51,6,0.6535947712418301,0.6365403521595723,0.5278461919204925,0.8611433493478309,1.0142845452945717,24.702609062194824,3.4796817302703857,ok,,4894,3915,0,1224,1.0513265132904053,True,0.1,False,21,1e-05,True,24.478785514831543,full_train_epoch_chunks,full train set chunked per epoch | validation=dataset_val_split | c_selection=f_mmd c_source=test c_metric=standardized_l2 | f_mmd_reserved_context=5% source=test | wise_ft_skipped rows=6118>=2000,30,1,epoch_chunk,accuracy,0.6281920326864147,0.6384065372829418,0.6281920326864147,0.6384065372829418,13,True,False,,f_mmd,test,standardized_l2,8.690973891333927,14.195526825499456,,True
heloc,/home/crc00006699/zh/tabiclv2/data184/heloc,binclass,8000,1600,2000,22,2,0.7285,0.7281764620339358,0.7284999999999999,0.8035299999999999,0.539734065529932,23.84418201446533,3.449126720428467,ok,,8000,6400,0,2000,0.5259884893894196,True,0.1,False,22,1e-05,True,23.69313097000122,full_train_epoch_chunks,full train set chunked per epoch | validation=dataset_val_split | c_selection=f_mmd c_source=test c_metric=standardized_l2 | f_mmd_reserved_context=5% source=test | wise_ft_skipped rows=10000>=2000,30,1,epoch_chunk,accuracy,0.718125,0.724375,0.718125,0.724375,14,True,False,,f_mmd,test,standardized_l2,7.521621881873854,1.8748892458154824,,True
house_16H,/home/crc00006699/zh/tabiclv2/data184/house_16H,binclass,10790,2158,2698,16,2,0.8928836174944403,0.892883249608232,0.8928836174944403,0.958077559029806,0.2641734807840469,34.81022787094116,4.509361267089844,ok,,10790,8632,0,2698,0.2168905362486839,True,0.1,False,26,1e-05,True,34.64907956123352,full_train_epoch_chunks,full train set chunked per epoch | validation=dataset_val_split | c_selection=f_mmd c_source=test c_metric=standardized_l2 | f_mmd_reserved_context=5% source=test | wise_ft_skipped rows=13488>=2000,30,1,epoch_chunk,accuracy,0.8809082483781279,0.8883225208526413,0.8809082483781279,0.8883225208526413,18,True,False,,f_mmd,test,standardized_l2,7.526607633218358,21.70788022471812,,True
ibm-employee-performance,/home/crc00006699/zh/tabiclv2/data184/ibm-employee-performance,binclass,1176,236,294,30,2,1.0,1.0,1.0,1.0,2.137665030710945e-06,4.532404899597168,0.597278356552124,ok,,1176,940,0,294,1.6381766272388631e-06,True,0.1,True,8,1e-05,True,4.459693193435669,full_train_epoch_chunks,full train set chunked per epoch | validation=dataset_val_split | c_selection=f_mmd c_source=test c_metric=standardized_l2 | f_mmd_reserved_context=5% source=test | wise_ft=alpha0.1 rows=1470<2000,30,1,epoch_chunk,accuracy,1.0,1.0,1.0,1.0,0,True,False,,f_mmd,test,standardized_l2,2.3734940379938068,0.3681200407707451,,True
internet_firewall,/home/crc00006699/zh/tabiclv2/data184/internet_firewall,multiclass,52425,10485,13107,7,4,0.9250019073777372,0.9235639354930716,0.7370281541025419,0.98945659974764,0.1124928052628116,85.82252192497253,47.910743713378906,ok,,52425,41940,0,13107,0.1348865106701851,True,0.1,False,80,1e-05,True,85.5739905834198,full_train_epoch_chunks,full train set chunked per epoch | validation=dataset_val_split | c_selection=f_mmd c_source=test c_metric=standardized_l2 | f_mmd_reserved_context=5% source=test | wise_ft_skipped rows=65532>=2000,30,5,epoch_chunk,accuracy,0.917787315212208,0.9346685741535526,0.917787315212208,0.9346685741535526,8,True,False,,f_mmd,test,standardized_l2,19.98660212144773,571.6974123342934,,True
jm1,/home/crc00006699/zh/tabiclv2/data184/jm1,binclass,8708,1742,2177,21,2,0.8222324299494718,0.7872393980648036,0.594554672409222,0.7666162569865653,0.4199884340127429,35.51780962944031,3.7635481357574463,ok,,8708,6966,0,2177,0.3738205730915069,True,0.1,False,29,1e-05,True,35.339831590652466,full_train_epoch_chunks,full train set chunked per epoch | validation=dataset_val_split | c_selection=f_mmd c_source=test c_metric=standardized_l2 | f_mmd_reserved_context=5% source=test | wise_ft_skipped rows=10885>=2000,30,1,epoch_chunk,accuracy,0.8145809414466131,0.8289322617680827,0.8145809414466131,0.8289322617680827,21,True,False,,f_mmd,test,standardized_l2,16.400178198037295,52.60882944017484,,True
kc1,/home/crc00006699/zh/tabiclv2/data184/kc1,binclass,1687,338,422,21,2,0.8744075829383886,0.8573571202980536,0.6615169144580909,0.8563671622495153,0.3030895162981988,3.68243670463562,0.6848485469818115,ok,,1687,1349,0,422,0.3151254802942276,True,0.1,False,8,1e-05,True,3.625474691390991,full_train_epoch_chunks,full train set chunked per epoch | validation=dataset_val_split | c_selection=f_mmd c_source=test c_metric=standardized_l2 | f_mmd_reserved_context=5% source=test | wise_ft_skipped rows=2109>=2000,30,1,epoch_chunk,accuracy,0.878698224852071,0.878698224852071,0.878698224852071,0.878698224852071,0,True,False,,f_mmd,test,standardized_l2,13.059992117936376,15.88365908678478,,True
kr-vs-kp,/home/crc00006699/zh/tabiclv2/data184/kr-vs-kp,binclass,2556,512,640,36,2,0.9984375,0.9984376031804651,0.998502994011976,0.9999706469414114,0.0075459633389424,5.746281385421753,1.3226380348205566,ok,,2556,2044,0,640,0.0433301255106925,True,0.1,False,8,1e-05,True,5.610163927078247,full_train_epoch_chunks,full train set chunked per epoch | validation=dataset_val_split | c_selection=f_mmd c_source=test c_metric=standardized_l2 | f_mmd_reserved_context=5% source=test | wise_ft_skipped rows=3196>=2000,30,1,epoch_chunk,accuracy,0.998046875,0.998046875,0.998046875,0.998046875,0,True,False,,f_mmd,test,standardized_l2,4.25504407824825,2.465590555421538,,True
led24,/home/crc00006699/zh/tabiclv2/data184/led24,multiclass,2560,512,640,24,10,0.728125,0.7255037661432397,0.7278575580465139,0.9578355398372616,0.7791003241548413,10.121124744415283,1.0606658458709717,ok,,2560,2048,0,640,0.8097054362297058,True,0.1,False,18,1e-05,True,10.025107145309448,full_train_epoch_chunks,full train set chunked per epoch | validation=dataset_val_split | c_selection=f_mmd c_source=test c_metric=standardized_l2 | f_mmd_reserved_context=5% source=test | wise_ft_skipped rows=3200>=2000,30,1,epoch_chunk,accuracy,0.720703125,0.728515625,0.720703125,0.728515625,10,True,False,,f_mmd,test,standardized_l2,1.486386502668945,0.0462827325732716,,True
madeline,/home/crc00006699/zh/tabiclv2/data184/madeline,binclass,2512,503,628,259,2,0.928343949044586,0.9283226820761504,0.9282497565725414,0.976742534891269,0.1924155041244088,34.38142251968384,7.1293463706970215,ok,,2512,2009,0,628,0.225108802318573,True,0.1,False,14,1e-05,True,33.77203011512756,full_train_epoch_chunks,full train set chunked per epoch | validation=dataset_val_split | c_selection=f_mmd c_source=test c_metric=standardized_l2 | f_mmd_reserved_context=5% source=test | wise_ft_skipped rows=3140>=2000,30,1,epoch_chunk,accuracy,0.9125248508946322,0.9204771371769384,0.9125248508946322,0.9204771371769384,6,True,False,,f_mmd,test,standardized_l2,1.463640099017785,0.0523940358563503,,True
maternal_health_risk,/home/crc00006699/zh/tabiclv2/data184/maternal_health_risk,multiclass,811,163,203,6,3,0.8768472906403941,0.8748005893782885,0.8794702134668967,0.9631799224641028,0.3274114204892743,4.536026239395142,0.595747709274292,ok,,811,648,0,203,0.4044113159179687,True,0.1,True,14,1e-05,True,4.509214639663696,full_train_epoch_chunks,full train set chunked per epoch | validation=dataset_val_split | c_selection=f_mmd c_source=test c_metric=standardized_l2 | f_mmd_reserved_context=5% source=test | wise_ft=alpha0.1 rows=1014<2000,30,1,epoch_chunk,accuracy,0.8282208588957055,0.8466257668711656,0.8282208588957055,0.8466257668711656,6,True,False,,f_mmd,test,standardized_l2,3.31848649755426,0.3370939541517145,,True
mfeat-fourier,/home/crc00006699/zh/tabiclv2/data184/mfeat-fourier,multiclass,1600,320,400,76,10,0.9175,0.9168734558638852,0.9175,0.9950555555555556,0.2073394049101719,6.596035718917847,1.406633377075195,ok,,1600,1280,0,400,0.1948740407824516,True,0.1,False,8,1e-05,True,6.446069240570068,full_train_epoch_chunks,full train set chunked per epoch | validation=dataset_val_split | c_selection=f_mmd c_source=test c_metric=standardized_l2 | f_mmd_reserved_context=5% source=test | wise_ft_skipped rows=2000>=2000,30,1,epoch_chunk,accuracy,0.909375,0.909375,0.909375,0.909375,0,True,False,,f_mmd,test,standardized_l2,2.268642198833415,0.2528488966253389,,True
mfeat-morphological,/home/crc00006699/zh/tabiclv2/data184/mfeat-morphological,multiclass,1600,320,400,6,10,0.8025,0.7994342772786267,0.8025,0.9789444444444444,0.4926710033898349,5.849266052246094,0.4981791973114013,ok,,1600,1280,0,400,0.5572814643383026,True,0.1,False,18,1e-05,True,5.8231377601623535,full_train_epoch_chunks,full train set chunked per epoch | validation=dataset_val_split | c_selection=f_mmd c_source=test c_metric=standardized_l2 | f_mmd_reserved_context=5% source=test | wise_ft_skipped rows=2000>=2000,30,1,epoch_chunk,accuracy,0.746875,0.765625,0.746875,0.765625,10,True,False,,f_mmd,test,standardized_l2,3.0462114326407037,0.4338671958327381,,True
mfeat-zernike,/home/crc00006699/zh/tabiclv2/data184/mfeat-zernike,multiclass,1600,320,400,47,10,0.91,0.9086169033926298,0.91,0.993423611111111,0.2171282403770011,7.509909391403198,1.001861572265625,ok,,1600,1280,0,400,0.2398286983370781,True,0.1,False,12,1e-05,True,7.406872034072876,full_train_epoch_chunks,full train set chunked per epoch | validation=dataset_val_split | c_selection=f_mmd c_source=test c_metric=standardized_l2 | f_mmd_reserved_context=5% source=test | wise_ft_skipped rows=2000>=2000,30,1,epoch_chunk,accuracy,0.89375,0.909375,0.89375,0.909375,4,True,False,,f_mmd,test,standardized_l2,3.202519510756844,0.8268509840926855,,True
microaggregation2,/home/crc00006699/zh/tabiclv2/data184/microaggregation2,multiclass,16000,3200,4000,20,5,0.6455,0.5996333484005661,0.4353848944531666,0.8374296022301555,0.8543034264137997,29.18346071243286,8.341159582138062,ok,,16000,12800,0,4000,0.9192909896373748,True,0.1,False,28,1e-05,True,28.93817019462585,full_train_epoch_chunks,full train set chunked per epoch | validation=dataset_val_split | c_selection=f_mmd c_source=test c_metric=standardized_l2 | f_mmd_reserved_context=5% source=test | wise_ft_skipped rows=20000>=2000,30,2,epoch_chunk,accuracy,0.6521875,0.6546875,0.6521875,0.6546875,6,True,False,,f_mmd,test,standardized_l2,7.863420560447437,5.5370826188273545,,True
mozilla4,/home/crc00006699/zh/tabiclv2/data184/mozilla4,binclass,12436,2488,3109,4,2,0.949501447410743,0.9489553449811684,0.9329265033658178,0.9788798329421629,0.156254672147941,16.907703638076782,2.164380550384521,ok,,12436,9948,0,3109,0.1873270273208618,True,0.1,False,15,1e-05,True,16.843988180160522,full_train_epoch_chunks,full train set chunked per epoch | validation=dataset_val_split | c_selection=f_mmd c_source=test c_metric=standardized_l2 | f_mmd_reserved_context=5% source=test | wise_ft_skipped rows=15545>=2000,30,1,epoch_chunk,accuracy,0.9421221864951768,0.944935691318328,0.9421221864951768,0.944935691318328,7,True,False,,f_mmd,test,standardized_l2,5.793754919248117,7.383930248487411,,True
okcupid_stem,/home/crc00006699/zh/tabiclv2/data184/okcupid_stem,multiclass,21341,4269,5336,13,3,0.751311844077961,0.6982540220059429,0.4973086099742467,0.8095746617276153,0.5889298761792201,25.050945520401,11.348555088043211,ok,,21341,17072,0,5336,0.5740551352500916,True,0.1,False,20,1e-05,True,24.76438808441162,full_train_epoch_chunks,full train set chunked per epoch | validation=dataset_val_split | c_selection=f_mmd c_source=test c_metric=standardized_l2 | f_mmd_reserved_context=5% source=test | wise_ft_skipped rows=26677>=2000,30,2,epoch_chunk,accuracy,0.7516982899976575,0.7519325368938862,0.7516982899976575,0.7519325368938862,2,True,False,,f_mmd,test,standardized_l2,3.3498296598062334,0.9194834931701024,,True
optdigits,/home/crc00006699/zh/tabiclv2/data184/optdigits,multiclass,4496,900,1124,64,10,0.998220640569395,0.9982205883039564,0.9982142857142856,0.999988550568499,0.0091844894506757,10.591238975524902,3.944079160690308,ok,,4496,3596,0,1124,0.0153783690184354,True,0.1,False,8,1e-05,True,10.33462643623352,full_train_epoch_chunks,full train set chunked per epoch | validation=dataset_val_split | c_selection=f_mmd c_source=test c_metric=standardized_l2 | f_mmd_reserved_context=5% source=test | wise_ft_skipped rows=5620>=2000,30,1,epoch_chunk,accuracy,0.99,0.99,0.99,0.99,0,True,False,,f_mmd,test,standardized_l2,5.620109054672164,7.162230727142715,,True
ozone_level,/home/crc00006699/zh/tabiclv2/data184/ozone_level,binclass,2028,406,508,36,2,0.9783464566929134,0.9715321032632116,0.4979959919839679,0.8214206190158094,0.0877401713704346,5.643506288528442,1.0784428119659424,ok,,2028,1622,0,508,0.0951179638504982,True,0.1,False,8,1e-05,True,5.502100467681885,full_train_epoch_chunks,full train set chunked per epoch | validation=dataset_val_split | c_selection=f_mmd c_source=test c_metric=standardized_l2 | f_mmd_reserved_context=5% source=test | wise_ft_skipped rows=2536>=2000,30,1,epoch_chunk,accuracy,0.9704433497536946,0.9704433497536946,0.9704433497536946,0.9704433497536946,0,True,False,,f_mmd,test,standardized_l2,4.099503720039607,0.2111521155279398,,True
pc1,/home/crc00006699/zh/tabiclv2/data184/pc1,binclass,887,178,222,21,2,0.9414414414414416,0.9330171853150268,0.6594202898550725,0.8971014492753624,0.1538590507786493,4.7915894985198975,0.876373291015625,ok,,887,709,0,222,0.1578227952122688,True,0.1,True,12,1e-05,True,4.742219686508179,full_train_epoch_chunks,full train set chunked per epoch | validation=dataset_val_split | c_selection=f_mmd c_source=test c_metric=standardized_l2 | f_mmd_reserved_context=5% source=test | wise_ft=alpha0.1 rows=1109<2000,30,1,epoch_chunk,accuracy,0.9325842696629212,0.9382022471910112,0.9325842696629212,0.9382022471910112,4,True,False,,f_mmd,test,standardized_l2,14.860325326819648,34.442359465042536,,True
pc4,/home/crc00006699/zh/tabiclv2/data184/pc4,binclass,1166,234,292,37,2,0.9075342465753424,0.9045311583625552,0.7562934027777778,0.9612630208333334,0.194380681941032,4.711640119552612,0.6718080043792725,ok,,1166,932,0,292,0.1525914296507835,True,0.1,True,8,1e-05,True,4.63680362701416,full_train_epoch_chunks,full train set chunked per epoch | validation=dataset_val_split | c_selection=f_mmd c_source=test c_metric=standardized_l2 | f_mmd_reserved_context=5% source=test | wise_ft=alpha0.1 rows=1458<2000,30,1,epoch_chunk,accuracy,0.9273504273504274,0.9273504273504274,0.9273504273504274,0.9273504273504274,0,True,False,,f_mmd,test,standardized_l2,10.755746728435788,14.540866632121269,,True
phoneme,/home/crc00006699/zh/tabiclv2/data184/phoneme,binclass,4323,865,1081,5,2,0.906567992599445,0.9063490091368148,0.884990172923514,0.96693064891737,0.221975593901481,7.865854263305664,0.8033106327056885,ok,,4323,3458,0,1081,0.1589782461524009,True,0.1,False,18,1e-05,True,7.828888416290283,full_train_epoch_chunks,full train set chunked per epoch | validation=dataset_val_split | c_selection=f_mmd c_source=test c_metric=standardized_l2 | f_mmd_reserved_context=5% source=test | wise_ft_skipped rows=5404>=2000,30,1,epoch_chunk,accuracy,0.923699421965318,0.9283236994219654,0.923699421965318,0.9283236994219654,10,True,False,,f_mmd,test,standardized_l2,2.928910818679095,0.4359154972984683,,True
predict_students_dropout_and_academic_success,/home/crc00006699/zh/tabiclv2/data184/predict_students_dropout_and_academic_success,multiclass,3539,708,885,34,3,0.7830508474576271,0.7781530441482272,0.7104811581957478,0.8934023144412683,0.5522459576928506,8.23195195198059,1.7591311931610107,ok,,3539,2831,0,885,0.5400225222110748,True,0.1,False,10,1e-05,True,8.077208280563354,full_train_epoch_chunks,full train set chunked per epoch | validation=dataset_val_split | c_selection=f_mmd c_source=test c_metric=standardized_l2 | f_mmd_reserved_context=5% source=test | wise_ft_skipped rows=4424>=2000,30,1,epoch_chunk,accuracy,0.806497175141243,0.809322033898305,0.806497175141243,0.809322033898305,2,True,False,,f_mmd,test,standardized_l2,3.729705293545762,0.933365176443968,,True
ringnorm,/home/crc00006699/zh/tabiclv2/data184/ringnorm,binclass,5920,1184,1480,20,2,0.979054054054054,0.9790506964596818,0.9789690823320568,0.997178345030874,0.0606504934454824,6.9806718826293945,2.3424506187438965,ok,,5920,4736,0,1480,0.0710401311516761,True,0.1,False,8,1e-05,True,6.870306730270386,full_train_epoch_chunks,full train set chunked per epoch | validation=dataset_val_split | c_selection=f_mmd c_source=test c_metric=standardized_l2 | f_mmd_reserved_context=5% source=test | wise_ft_skipped rows=7400>=2000,30,1,epoch_chunk,accuracy,0.981418918918919,0.981418918918919,0.981418918918919,0.981418918918919,0,True,False,,f_mmd,test,standardized_l2,2.910172080710768,0.3080442709710692,,True
satimage,/home/crc00006699/zh/tabiclv2/data184/satimage,multiclass,5144,1029,1286,36,6,0.9455676516329704,0.944743414883732,0.931157808313351,0.9970280240136558,0.1277123623713431,23.142496347427368,2.6689467430114746,ok,,5144,4115,0,1286,0.1317611038684845,True,0.1,False,24,1e-05,True,22.978894472122192,full_train_epoch_chunks,full train set chunked per epoch | validation=dataset_val_split | c_selection=f_mmd c_source=test c_metric=standardized_l2 | f_mmd_reserved_context=5% source=test | wise_ft_skipped rows=6430>=2000,30,1,epoch_chunk,accuracy,0.9310009718172984,0.9426627793974732,0.9310009718172984,0.9426627793974732,16,True,False,,f_mmd,test,standardized_l2,4.5554893477157306,0.7999410967399622,,True
seismic+bumps,/home/crc00006699/zh/tabiclv2/data184/seismic+bumps,binclass,2067,414,517,18,2,0.9342359767891684,0.9024719535783364,0.5,0.7201924247960053,0.2327913096846898,4.944497346878052,0.7581839561462402,ok,,2067,1653,0,517,0.1794755533337593,True,0.1,False,11,1e-05,True,4.889449596405029,full_train_epoch_chunks,full train set chunked per epoch | validation=dataset_val_split | c_selection=f_mmd c_source=test c_metric=standardized_l2 | f_mmd_reserved_context=5% source=test | wise_ft_skipped rows=2584>=2000,30,1,epoch_chunk,accuracy,0.9347826086956522,0.9371980676328504,0.9347826086956522,0.9371980676328504,3,True,False,,f_mmd,test,standardized_l2,6.747150619687725,8.626049890033745,,True
shill-bidding,/home/crc00006699/zh/tabiclv2/data184/shill-bidding,binclass,5056,1012,1265,3,2,0.9098814229249012,0.8867610212839742,0.6016475433951162,0.9015251812030276,0.2108077943204107,3.813497304916382,0.5231034755706787,ok,,5056,4044,0,1265,0.2137740477919578,True,0.1,False,8,1e-05,True,3.780028104782105,full_train_epoch_chunks,full train set chunked per epoch | validation=dataset_val_split | c_selection=f_mmd c_source=test c_metric=standardized_l2 | f_mmd_reserved_context=5% source=test | wise_ft_skipped rows=6321>=2000,30,1,epoch_chunk,accuracy,0.8903162055335968,0.8903162055335968,0.8903162055335968,0.8903162055335968,0,True,False,,f_mmd,test,standardized_l2,2.25877517589016,0.3121716527232513,,True
shuttle,/home/crc00006699/zh/tabiclv2/data184/shuttle,multiclass,46400,9280,11600,9,7,0.9993103448275862,0.9993053493768193,0.919757534569506,0.999995956043772,0.0009959709257752,41.07389545440674,39.21634292602539,ok,,46400,37120,0,11600,0.0023806311655789,True,0.1,False,32,1e-05,True,40.72100377082825,full_train_epoch_chunks,full train set chunked per epoch | validation=dataset_val_split | c_selection=f_mmd c_source=test c_metric=standardized_l2 | f_mmd_reserved_context=5% source=test | wise_ft_skipped rows=58000>=2000,30,4,epoch_chunk,accuracy,0.9998922413793104,0.9998922413793104,0.9998922413793104,0.9998922413793104,0,True,False,,f_mmd,test,standardized_l2,11.559714671617629,63.31107284952178,,True
splice,/home/crc00006699/zh/tabiclv2/data184/splice,multiclass,2552,511,638,60,3,0.9608150470219436,0.9607765132232094,0.9538905861102412,0.9969284218956536,0.0973700297502308,14.36110496520996,1.8111982345581052,ok,,2552,2041,0,638,0.1280640661716461,True,0.1,False,15,1e-05,True,14.142887830734251,full_train_epoch_chunks,full train set chunked per epoch | validation=dataset_val_split | c_selection=f_mmd c_source=test c_metric=standardized_l2 | f_mmd_reserved_context=5% source=test | wise_ft_skipped rows=3190>=2000,30,1,epoch_chunk,accuracy,0.9686888454011742,0.9706457925636008,0.9686888454011742,0.9706457925636008,7,True,False,,f_mmd,test,standardized_l2,1.7497194576964894,0.0843661839327458,,True
statlog,/home/crc00006699/zh/tabiclv2/data184/statlog,binclass,800,160,200,20,2,0.73,0.7165280665280664,0.6404761904761905,0.7614285714285715,0.520058786854245,4.813254594802856,0.8341193199157715,ok,,800,640,0,200,0.4646392464637756,True,0.1,True,12,1e-05,True,4.757780313491821,full_train_epoch_chunks,full train set chunked per epoch | validation=dataset_val_split | c_selection=f_mmd c_source=test c_metric=standardized_l2 | f_mmd_reserved_context=5% source=test | wise_ft=alpha0.1 rows=1000<2000,30,1,epoch_chunk,accuracy,0.74375,0.75625,0.74375,0.75625,4,True,False,,f_mmd,test,standardized_l2,2.655811727331585,0.4089732914726021,,True
svmguide3,/home/crc00006699/zh/tabiclv2/data184/svmguide3,binclass,994,199,249,22,2,0.891566265060241,0.8809269532161098,0.7754934210526316,0.9282711988304092,0.2741788746911968,4.168455600738525,0.9807827472686768,ok,,994,795,0,249,0.2712724953889847,True,0.1,True,8,1e-05,True,4.101796865463257,full_train_epoch_chunks,full train set chunked per epoch | validation=dataset_val_split | c_selection=f_mmd c_source=test c_metric=standardized_l2 | f_mmd_reserved_context=5% source=test | wise_ft=alpha0.1 rows=1243<2000,30,1,epoch_chunk,accuracy,0.8542713567839196,0.8542713567839196,0.8542713567839196,0.8542713567839196,0,True,False,,f_mmd,test,standardized_l2,6.847694175573601,3.0258432213239064,,True
taiwanese_bankruptcy_prediction,/home/crc00006699/zh/tabiclv2/data184/taiwanese_bankruptcy_prediction,binclass,5455,1091,1364,95,2,0.9728739002932552,0.96635468568611,0.6234848484848485,0.931439393939394,0.0874648410574743,24.809075593948364,6.110029220581055,ok,,5455,4364,0,1364,0.0842352025210857,True,0.1,False,13,1e-05,True,24.380953788757324,full_train_epoch_chunks,full train set chunked per epoch | validation=dataset_val_split | c_selection=f_mmd c_source=test c_metric=standardized_l2 | f_mmd_reserved_context=5% source=test | wise_ft_skipped rows=6819>=2000,30,1,epoch_chunk,accuracy,0.9688359303391384,0.9697525206232814,0.9688359303391384,0.9697525206232814,5,True,False,,f_mmd,test,standardized_l2,2.3426401043571972e+36,0.0,,True
thyroid,/home/crc00006699/zh/tabiclv2/data184/thyroid,multiclass,5760,1152,1440,21,3,0.9951388888888888,0.9951140046296296,0.9644422776455784,0.9998093454434752,0.0110585149397309,6.748596906661987,2.300286769866944,ok,,5760,4608,0,1440,0.0090002939105033,True,0.1,False,8,1e-05,True,6.654956817626953,full_train_epoch_chunks,full train set chunked per epoch | validation=dataset_val_split | c_selection=f_mmd c_source=test c_metric=standardized_l2 | f_mmd_reserved_context=5% source=test | wise_ft_skipped rows=7200>=2000,30,1,epoch_chunk,accuracy,0.9947916666666666,0.9947916666666666,0.9947916666666666,0.9947916666666666,0,True,False,,f_mmd,test,standardized_l2,7.464379646719951,14.682271159391096,,True
thyroid-dis,/home/crc00006699/zh/tabiclv2/data184/thyroid-dis,multiclass,2240,448,560,26,5,0.6982142857142857,0.6791897835098019,0.412373803566464,0.8836620337457373,0.6962229566220167,4.70501708984375,0.9784910678863524,ok,,2240,1792,0,560,0.769685685634613,True,0.1,False,8,1e-05,True,4.614214658737183,full_train_epoch_chunks,full train set chunked per epoch | validation=dataset_val_split | c_selection=f_mmd c_source=test c_metric=standardized_l2 | f_mmd_reserved_context=5% source=test | wise_ft_skipped rows=2800>=2000,30,1,epoch_chunk,accuracy,0.7388392857142857,0.7388392857142857,0.7388392857142857,0.7388392857142857,0,True,False,,f_mmd,test,standardized_l2,6.195405562608932,7.622980425489233,,True
twonorm,/home/crc00006699/zh/tabiclv2/data184/twonorm,binclass,5920,1184,1480,20,2,0.9783783783783784,0.978378299409565,0.978381991201591,0.9984879446456256,0.051561807711372,11.08063793182373,2.344517946243286,ok,,5920,4736,0,1480,0.0646571442484855,True,0.1,False,13,1e-05,True,10.973413467407228,full_train_epoch_chunks,full train set chunked per epoch | validation=dataset_val_split | c_selection=f_mmd c_source=test c_metric=standardized_l2 | f_mmd_reserved_context=5% source=test | wise_ft_skipped rows=7400>=2000,30,1,epoch_chunk,accuracy,0.9763513513513512,0.9780405405405406,0.9763513513513512,0.9780405405405406,5,True,False,,f_mmd,test,standardized_l2,2.0104159775957973,0.1768086833596319,,True
wall-robot-navigation,/home/crc00006699/zh/tabiclv2/data184/wall-robot-navigation,multiclass,4364,873,1092,24,4,0.9954212454212454,0.995429875703296,0.9938878581735724,0.999961330801328,0.0127396334489018,16.310954809188843,1.8065369129180908,ok,,4364,3491,0,1092,0.0115281823091208,True,0.1,False,23,1e-05,True,16.202183961868286,full_train_epoch_chunks,full train set chunked per epoch | validation=dataset_val_split | c_selection=f_mmd c_source=test c_metric=standardized_l2 | f_mmd_reserved_context=5% source=test | wise_ft_skipped rows=5456>=2000,30,1,epoch_chunk,accuracy,0.983963344788087,0.990836197021764,0.983963344788087,0.990836197021764,15,True,False,,f_mmd,test,standardized_l2,2.660672702219943,0.2898729817095897,,True
waveform-5000,/home/crc00006699/zh/tabiclv2/data184/waveform-5000,multiclass,4000,800,1000,40,3,0.867,0.8669645952857692,0.867105239636032,0.9783009596019396,0.2580924692505459,7.363073825836182,2.168576002120972,ok,,4000,3200,0,1000,0.2112935781478881,True,0.1,False,8,1e-05,True,7.217259168624878,full_train_epoch_chunks,full train set chunked per epoch | validation=dataset_val_split | c_selection=f_mmd c_source=test c_metric=standardized_l2 | f_mmd_reserved_context=5% source=test | wise_ft_skipped rows=5000>=2000,30,1,epoch_chunk,accuracy,0.87625,0.87625,0.87625,0.87625,0,True,False,,f_mmd,test,standardized_l2,1.8460368858891765,0.1047188180328402,,True
website_phishing,/home/crc00006699/zh/tabiclv2/data184/website_phishing,multiclass,1082,217,271,9,3,0.922509225092251,0.9228747867522754,0.9293650793650792,0.9792603269430352,0.2382888249411373,3.2328851222991943,0.3916983604431152,ok,,1082,865,0,271,0.1740671396255493,True,0.1,True,8,1e-05,True,3.1846282482147217,full_train_epoch_chunks,full train set chunked per epoch | validation=dataset_val_split | c_selection=f_mmd c_source=test c_metric=standardized_l2 | f_mmd_reserved_context=5% source=test | wise_ft=alpha0.1 rows=1353<2000,30,1,epoch_chunk,accuracy,0.9170506912442395,0.9170506912442395,0.9170506912442395,0.9170506912442395,0,True,False,,f_mmd,test,standardized_l2,2.228709432720396,0.1456178526679991,,True
wine-quality-red,/home/crc00006699/zh/tabiclv2/data184/wine-quality-red,multiclass,1279,256,320,4,6,0.675,0.6598341154078093,0.3876940359477124,0.8552045952338957,0.8141779923106606,6.466686487197876,0.3673229217529297,ok,,1279,1023,0,320,0.7873692214488983,True,0.1,True,20,1e-05,True,6.440119743347168,full_train_epoch_chunks,full train set chunked per epoch | validation=dataset_val_split | c_selection=f_mmd c_source=test c_metric=standardized_l2 | f_mmd_reserved_context=5% source=test | wise_ft=alpha0.1 rows=1599<2000,30,1,epoch_chunk,accuracy,0.64453125,0.6796875,0.64453125,0.6796875,12,True,False,,f_mmd,test,standardized_l2,5.675454936648053,3.454121389757767,,True
yeast,/home/crc00006699/zh/tabiclv2/data184/yeast,multiclass,1187,238,297,8,10,0.632996632996633,0.6264088912164324,0.5816910881631971,0.8829938800116164,0.9768071737332722,3.0890231132507324,0.396104097366333,ok,,1187,949,0,297,0.8865149915218353,True,0.1,True,8,1e-05,True,3.0601646900177,full_train_epoch_chunks,full train set chunked per epoch | validation=dataset_val_split | c_selection=f_mmd c_source=test c_metric=standardized_l2 | f_mmd_reserved_context=5% source=test | wise_ft=alpha0.1 rows=1484<2000,30,1,epoch_chunk,accuracy,0.5630252100840336,0.5630252100840336,0.5630252100840336,0.5630252100840336,0,True,False,,f_mmd,test,standardized_l2,7.800838008177277,5.427600619554648,,True
