dataset_name,dataset_dir,task_type,n_train,n_val,n_test,n_features,n_classes,accuracy,f1,balanced_accuracy,roc_auc,log_loss,fit_seconds,predict_seconds,status,error,n_train_a,n_train_b,n_holdout_c,n_test_d,ttt_loss,ttt_steps,ttt_lr,ttt_applied,ttt_update_seconds,ttt_split_strategy,ttt_split_reason,ttt_epochs,ttt_chunks_per_epoch,ttt_batch_mode,ttt_val_eval_metric,ttt_val_baseline_metric,ttt_val_best_metric,ttt_val_baseline_accuracy,ttt_val_best_accuracy,ttt_best_epoch,ttt_stopped_early,ttt_oom_fallback,ttt_fallback_reason
ASP-POTASSCO-classification,/home/crc00006699/zh/tabiclv2/data200/ASP-POTASSCO-classification,multiclass,1035,207,259,141,11,0.4826254826254826,0.4681260255045747,0.400032149965305,0.852369248720306,1.5014968536582367,1.3819773197174072,4.124610662460327,ok,,1035,828,0,259,,0,1e-05,False,0.7888088226318359,full_train_epoch_chunks,full train set chunked per epoch | validation=dataset_val_split | FT training skipped because n_classes=11 exceeds model max_classes=10,0,0,epoch_chunk,,,,,,0,False,False,
BLE_RSSI_dataset_for_Indoor_localization,/home/crc00006699/zh/tabiclv2/data200/BLE_RSSI_dataset_for_Indoor_localization,multiclass,7987,1598,1997,3,3,0.7546319479218828,0.7543273489835502,0.7540481115733284,0.9143326151656844,0.5509082002830354,18.634068965911865,1.3878145217895508,ok,,7987,6389,0,1997,0.5664578378200531,26,1e-05,True,18.600866079330444,full_train_epoch_chunks,full train set chunked per epoch | validation=dataset_val_split,30,1,epoch_chunk,accuracy,0.7521902377972466,0.785982478097622,0.7521902377972466,0.785982478097622,18,True,False,
BNG(cmc),/home/crc00006699/zh/tabiclv2/data200/BNG(cmc),multiclass,44236,8848,11060,9,3,0.5900542495479204,0.5885385477122453,0.5704749507676379,0.7658779490474182,0.8731687137205312,115.70653772354126,37.32967901229858,ok,,44236,35388,0,11060,0.8745661377906799,100,1e-05,True,115.30823850631714,full_train_epoch_chunks,full train set chunked per epoch | validation=dataset_val_split,30,4,epoch_chunk,accuracy,0.577870705244123,0.5796790235081374,0.577870705244123,0.5796790235081374,17,True,False,
Bank_Customer_Churn_Dataset,/home/crc00006699/zh/tabiclv2/data200/Bank_Customer_Churn_Dataset,binclass,8000,1600,2000,10,2,0.874,0.8639420010336027,0.7434661163474723,0.8843111215992573,0.3110909525992243,14.346133470535278,2.762253522872925,ok,,8000,6400,0,2000,0.3163879960775375,17,1e-05,True,14.25864315032959,full_train_epoch_chunks,full train set chunked per epoch | validation=dataset_val_split,30,1,epoch_chunk,accuracy,0.866875,0.87125,0.866875,0.87125,9,True,False,
California-Housing-Classification,/home/crc00006699/zh/tabiclv2/data200/California-Housing-Classification,binclass,16512,3303,4128,8,2,0.9244186046511628,0.9244182498155948,0.9244197605921932,0.9805868178996008,0.1786185905282052,29.72905731201172,7.180153846740723,ok,,16512,13209,0,4128,0.2255370020866394,36,1e-05,True,29.590277433395386,full_train_epoch_chunks,full train set chunked per epoch | validation=dataset_val_split,30,2,epoch_chunk,accuracy,0.917045110505601,0.9243112322131396,0.917045110505601,0.9243112322131396,10,True,False,
Click_prediction_small,/home/crc00006699/zh/tabiclv2/data200/Click_prediction_small,binclass,31958,6392,7990,3,2,0.8337922403003755,0.763365737440389,0.5105372754736087,0.6253650971997213,0.4391451095642347,45.20007920265198,7.329234838485718,ok,,31958,25566,0,7990,0.4351464211940765,51,1e-05,True,45.109456300735474,full_train_epoch_chunks,full train set chunked per epoch | validation=dataset_val_split,30,3,epoch_chunk,accuracy,0.8322903629536921,0.8333854818523154,0.8322903629536921,0.8333854818523154,9,True,False,
Contaminant-detection-in-packaged-cocoa-hazelnut-spread-jars-using-Microwaves-Sensing-and-Machine-Learning-10.5GHz(Urbinati),/home/crc00006699/zh/tabiclv2/data200/Contaminant-detection-in-packaged-cocoa-hazelnut-spread-jars-using-Microwaves-Sensing-and-Machine-Learning-10.5GHz(Urbinati),binclass,1920,384,480,30,2,0.9833333333333332,0.9833353605208134,0.9834538375973304,0.997549360400445,0.0528353861792631,4.392998218536377,0.915386438369751,ok,,1920,1536,0,480,0.0644548311829567,8,1e-05,True,4.322685718536377,full_train_epoch_chunks,full train set chunked per epoch | validation=dataset_val_split,30,1,epoch_chunk,accuracy,0.9713541666666666,0.9713541666666666,0.9713541666666666,0.9713541666666666,0,True,False,
Contaminant-detection-in-packaged-cocoa-hazelnut-spread-jars-using-Microwaves-Sensing-and-Machine-Learning-9.0GHz(Urbinati),/home/crc00006699/zh/tabiclv2/data200/Contaminant-detection-in-packaged-cocoa-hazelnut-spread-jars-using-Microwaves-Sensing-and-Machine-Learning-9.0GHz(Urbinati),binclass,1920,384,480,30,2,0.9708333333333332,0.970840932117528,0.9712180200222468,0.9955679922135706,0.085288398159536,4.19255256652832,0.912045955657959,ok,,1920,1536,0,480,0.0939578078687191,8,1e-05,True,4.11958646774292,full_train_epoch_chunks,full train set chunked per epoch | validation=dataset_val_split,30,1,epoch_chunk,accuracy,0.96875,0.96875,0.96875,0.96875,0,True,False,
Credit_c,/home/crc00006699/zh/tabiclv2/data200/Credit_c,multiclass,80000,16000,20000,22,3,0.82355,0.8234926372366362,0.8382654810823071,0.9327250794741704,0.4133469941678846,204.5331108570099,118.03254652023315,ok,,80000,64000,0,20000,0.6482900083065033,112,1e-05,True,203.01886820793152,full_train_epoch_chunks,full train set chunked per epoch | validation=dataset_val_split,30,7,epoch_chunk,accuracy,0.8124375,0.8248125,0.8124375,0.8248125,8,True,False,
Diabetic_Retinopathy_Debrecen,/home/crc00006699/zh/tabiclv2/data200/Diabetic_Retinopathy_Debrecen,binclass,920,184,231,19,2,0.7186147186147186,0.7183282241826278,0.716576332429991,0.8386028304727492,0.4876614691561685,5.999988317489624,0.8699781894683838,ok,,920,736,0,231,0.5101595520973206,16,1e-05,True,5.956161260604858,full_train_epoch_chunks,full train set chunked per epoch | validation=dataset_val_split,30,1,epoch_chunk,accuracy,0.7391304347826086,0.7608695652173914,0.7391304347826086,0.7608695652173914,8,True,False,
Employee,/home/crc00006699/zh/tabiclv2/data200/Employee,binclass,3722,745,931,8,2,0.8603651987110634,0.8546811399796398,0.8154792348608838,0.8800634206219313,0.3502932101786213,6.876115560531616,1.1145875453948977,ok,,3722,2977,0,931,0.3631105870008468,16,1e-05,True,6.828030347824097,full_train_epoch_chunks,full train set chunked per epoch | validation=dataset_val_split,30,1,epoch_chunk,accuracy,0.8483221476510067,0.8604026845637583,0.8483221476510067,0.8604026845637583,8,True,False,
FOREX_audcad-day-High,/home/crc00006699/zh/tabiclv2/data200/FOREX_audcad-day-High,binclass,1467,294,367,10,2,0.7520435967302452,0.7520325480464459,0.7519604348600962,0.8316105269411276,0.5064100859103747,4.465861082077026,0.5180456638336182,ok,,1467,1173,0,367,0.518643319606781,14,1e-05,True,4.433746814727783,full_train_epoch_chunks,full train set chunked per epoch | validation=dataset_val_split,30,1,epoch_chunk,accuracy,0.6938775510204082,0.7040816326530612,0.6938775510204082,0.7040816326530612,6,True,False,
FOREX_audchf-day-High,/home/crc00006699/zh/tabiclv2/data200/FOREX_audchf-day-High,binclass,1466,294,367,10,2,0.7493188010899182,0.749274129655601,0.7495692984019486,0.8386799738608686,0.498316867220322,2.800109624862671,0.4771885871887207,ok,,1466,1172,0,367,0.6036706268787384,8,1e-05,True,2.765202760696411,full_train_epoch_chunks,full train set chunked per epoch | validation=dataset_val_split,30,1,epoch_chunk,accuracy,0.7210884353741497,0.7210884353741497,0.7210884353741497,0.7210884353741497,0,True,False,
FOREX_audjpy-hour-High,/home/crc00006699/zh/tabiclv2/data200/FOREX_audjpy-hour-High,binclass,35060,7012,8765,10,2,0.7213918996006845,0.7214201549609397,0.7212573298450874,0.8013594914256668,0.5397491239120294,43.867921113967896,24.87009859085083,ok,,35060,28048,0,8765,0.531218022108078,36,1e-05,True,43.59851026535034,full_train_epoch_chunks,full train set chunked per epoch | validation=dataset_val_split,30,3,epoch_chunk,accuracy,0.7113519680547633,0.7167712492869367,0.7113519680547633,0.7167712492869367,4,True,False,
FOREX_audusd-hour-High,/home/crc00006699/zh/tabiclv2/data200/FOREX_audusd-hour-High,binclass,35060,7012,8765,10,2,0.7089560752994866,0.7090467551178835,0.7082777878386952,0.7883366583126801,0.5523636601635897,66.74289059638977,25.003437519073486,ok,,35060,28048,0,8765,0.5477194786071777,54,1e-05,True,66.41610836982727,full_train_epoch_chunks,full train set chunked per epoch | validation=dataset_val_split,30,3,epoch_chunk,accuracy,0.7072162007986309,0.7159155733029093,0.7072162007986309,0.7159155733029093,10,True,False,
FOREX_cadjpy-hour-High,/home/crc00006699/zh/tabiclv2/data200/FOREX_cadjpy-hour-High,binclass,35060,7012,8765,10,2,0.7179691956645751,0.7179985218114868,0.717723308129252,0.7909641913950369,0.5528891100192322,47.87586188316345,24.923108100891117,ok,,35060,28048,0,8765,0.5678198933601379,39,1e-05,True,47.59422779083252,full_train_epoch_chunks,full train set chunked per epoch | validation=dataset_val_split,30,3,epoch_chunk,accuracy,0.7126354820308043,0.7173416999429549,0.7126354820308043,0.7173416999429549,5,True,False,
Fitness_Club_c,/home/crc00006699/zh/tabiclv2/data200/Fitness_Club_c,binclass,1200,240,300,6,2,0.8,0.7922205310333165,0.7323728902676271,0.8221778221778222,0.4527301279385668,4.658164978027344,0.2950227260589599,ok,,1200,960,0,300,0.4033904820680618,14,1e-05,True,4.630645513534546,full_train_epoch_chunks,full train set chunked per epoch | validation=dataset_val_split,30,1,epoch_chunk,accuracy,0.7666666666666667,0.7791666666666667,0.7666666666666667,0.7791666666666667,6,True,False,
GAMETES_Heterogeneity_20atts_1600_Het_0.4_0.2_50_EDM-2_001,/home/crc00006699/zh/tabiclv2/data200/GAMETES_Heterogeneity_20atts_1600_Het_0.4_0.2_50_EDM-2_001,binclass,1280,256,320,20,2,0.6875,0.6871945259042034,0.6875,0.7637695312500001,0.5577513009357045,5.400869846343994,0.5278675556182861,ok,,1280,1024,0,320,0.4708721935749054,13,1e-05,True,5.342044591903687,full_train_epoch_chunks,full train set chunked per epoch | validation=dataset_val_split,30,1,epoch_chunk,accuracy,0.67578125,0.6875,0.67578125,0.6875,5,True,False,
GesturePhaseSegmentationProcessed,/home/crc00006699/zh/tabiclv2/data200/GesturePhaseSegmentationProcessed,multiclass,7898,1580,1975,32,5,0.8470886075949368,0.8462419311812208,0.8271683265764391,0.9727534605807696,0.4335290860535239,37.90819811820984,4.020812034606934,ok,,7898,6318,0,1975,0.6038410067558289,30,1e-05,True,37.69003963470459,full_train_epoch_chunks,full train set chunked per epoch | validation=dataset_val_split,30,1,epoch_chunk,accuracy,0.7759493670886076,0.810126582278481,0.7759493670886076,0.810126582278481,26,False,False,
Heart-Disease-Dataset-(Comprehensive),/home/crc00006699/zh/tabiclv2/data200/Heart-Disease-Dataset-(Comprehensive),binclass,952,191,238,11,2,0.953781512605042,0.9536614172576188,0.9511664407505172,0.9833059855889278,0.1516182866537843,2.7803053855896,0.7575263977050781,ok,,952,761,0,238,0.2200754061341285,8,1e-05,True,2.7498998641967773,full_train_epoch_chunks,full train set chunked per epoch | validation=dataset_val_split,30,1,epoch_chunk,accuracy,0.9162303664921466,0.9162303664921466,0.9162303664921466,0.9162303664921466,0,True,False,
Indian_pines,/home/crc00006699/zh/tabiclv2/data200/Indian_pines,multiclass,7315,1463,1829,220,8,0.9874248223072716,0.987413198512383,0.9929431216931216,0.9998695780633752,0.032120379254613,5.902456521987915,15.593807697296144,ok,,7315,5852,0,1829,,0,1e-05,False,4.258713245391846,full_train_epoch_chunks,"full train set chunked per epoch | validation=dataset_val_split | FT OOM; used original model parameters for inference: OutOfMemoryError: CUDA out of memory. Tried to allocate 962.00 MiB. GPU 0 has a total capacity of 23.57 GiB of which 876.00 MiB is free. Process 81033 has 22.71 GiB memory in use. Of the allocated memory 20.11 GiB is allocated by PyTorch, and 2.29 GiB is reserved by PyTorch but unallocated. If reserved but unallocated memory is large try setting PYTORCH_CUDA_ALLOC_CONF=expandable_segments:True to avoid fragmentation. See documentation for Memory Management (https://pytorch.org/docs/stable/notes/cuda.html#environment-variables)",0,0,,,,,,,0,False,True,"FT OOM; used original model parameters for inference: OutOfMemoryError: CUDA out of memory. Tried to allocate 962.00 MiB. GPU 0 has a total capacity of 23.57 GiB of which 876.00 MiB is free. Process 81033 has 22.71 GiB memory in use. Of the allocated memory 20.11 GiB is allocated by PyTorch, and 2.29 GiB is reserved by PyTorch but unallocated. If reserved but unallocated memory is large try setting PYTORCH_CUDA_ALLOC_CONF=expandable_segments:True to avoid fragmentation. See documentation for Memory Management (https://pytorch.org/docs/stable/notes/cuda.html#environment-variables)"
Intersectional-Bias-Assessment,/home/crc00006699/zh/tabiclv2/data200/Intersectional-Bias-Assessment,binclass,8800,1760,2200,19,2,0.9445454545454546,0.9445460045151612,0.9445605648493204,0.9900995990746732,0.1316164100010642,9.541447639465332,3.6651220321655273,ok,,8800,7040,0,2200,0.1231721118092536,8,1e-05,True,9.387718200683594,full_train_epoch_chunks,full train set chunked per epoch | validation=dataset_val_split,30,1,epoch_chunk,accuracy,0.9522727272727272,0.9522727272727272,0.9522727272727272,0.9522727272727272,0,True,False,
JapaneseVowels,/home/crc00006699/zh/tabiclv2/data200/JapaneseVowels,multiclass,7968,1594,1993,14,9,0.9994982438534872,0.999498083906782,0.9993540051679586,1.0,0.000995634234447,7.755677938461304,2.9715936183929443,ok,,7968,6374,0,1993,0.0151150124147534,8,1e-05,True,7.655752897262573,full_train_epoch_chunks,full train set chunked per epoch | validation=dataset_val_split,30,1,epoch_chunk,accuracy,0.9962358845671268,0.9962358845671268,0.9962358845671268,0.9962358845671268,0,True,False,
KDDCup09_upselling,/home/crc00006699/zh/tabiclv2/data200/KDDCup09_upselling,binclass,4102,821,1026,49,2,0.8079922027290448,0.8061877022653722,0.8079922027290448,0.9104453792049976,0.3573936303977867,11.954280614852903,2.478623628616333,ok,,4102,3281,0,1026,0.3774128556251526,11,1e-05,True,11.74755072593689,full_train_epoch_chunks,full train set chunked per epoch | validation=dataset_val_split,30,1,epoch_chunk,accuracy,0.8124238733252132,0.8209500609013398,0.8124238733252132,0.8209500609013398,3,True,False,
MIC,/home/crc00006699/zh/tabiclv2/data200/MIC,binclass,1319,264,330,104,2,0.9090909090909092,0.8995772562318263,0.7459413873076113,0.8830557312530747,0.264347905189558,8.19894790649414,1.4428794384002686,ok,,1319,1055,0,330,0.2939401715993881,8,1e-05,True,7.940155744552612,full_train_epoch_chunks,full train set chunked per epoch | validation=dataset_val_split,30,1,epoch_chunk,accuracy,0.8674242424242424,0.8674242424242424,0.8674242424242424,0.8674242424242424,0,True,False,
Marketing_Campaign,/home/crc00006699/zh/tabiclv2/data200/Marketing_Campaign,binclass,1792,359,448,27,2,0.8839285714285714,0.8741572521865889,0.7041955576448466,0.924511301758922,0.2419992955060192,6.804871320724487,0.7892141342163086,ok,,1792,1433,0,448,0.2196098715066909,15,1e-05,True,6.732895612716675,full_train_epoch_chunks,full train set chunked per epoch | validation=dataset_val_split,30,1,epoch_chunk,accuracy,0.913649025069638,0.9164345403899722,0.913649025069638,0.9164345403899722,7,True,False,
National_Health_and_Nutrition_Health_Survey,/home/crc00006699/zh/tabiclv2/data200/National_Health_and_Nutrition_Health_Survey,binclass,1822,365,456,7,2,0.831140350877193,0.7799213551119177,0.5224972280839801,0.7763510855180801,0.3778613257689426,2.855996608734131,0.6723406314849854,ok,,1822,1457,0,456,0.3886368572711944,8,1e-05,True,2.8262581825256348,full_train_epoch_chunks,full train set chunked per epoch | validation=dataset_val_split,30,1,epoch_chunk,accuracy,0.8547945205479452,0.8547945205479452,0.8547945205479452,0.8547945205479452,0,True,False,
PhishingWebsites,/home/crc00006699/zh/tabiclv2/data200/PhishingWebsites,binclass,8844,1769,2211,30,2,0.9805517865219358,0.9805310686674488,0.9793095873605332,0.9987541239078898,0.0456920954658324,22.570687532424927,4.600383520126343,ok,,8844,7075,0,2211,0.0550442915409803,16,1e-05,True,22.30634069442749,full_train_epoch_chunks,full train set chunked per epoch | validation=dataset_val_split,30,1,epoch_chunk,accuracy,0.9768230638778972,0.9779536461277558,0.9768230638778972,0.9779536461277558,8,True,False,
Pima_Indians_Diabetes_Database,/home/crc00006699/zh/tabiclv2/data200/Pima_Indians_Diabetes_Database,binclass,614,123,154,8,2,0.7272727272727273,0.7179459691252145,0.675,0.8614814814814815,0.46342540550834,2.567664623260498,0.4582202434539795,ok,,614,491,0,154,0.4842940717935562,8,1e-05,True,2.5433623790740967,full_train_epoch_chunks,full train set chunked per epoch | validation=dataset_val_split,30,1,epoch_chunk,accuracy,0.8048780487804879,0.8048780487804879,0.8048780487804879,0.8048780487804879,0,True,False,
Pumpkin_Seeds,/home/crc00006699/zh/tabiclv2/data200/Pumpkin_Seeds,binclass,2000,400,500,12,2,0.882,0.8818384269130538,0.8809294871794872,0.9475480769230769,0.2951480797860325,4.252529144287109,0.6566767692565918,ok,,2000,1600,0,500,0.1945666521787643,11,1e-05,True,4.21448826789856,full_train_epoch_chunks,full train set chunked per epoch | validation=dataset_val_split,30,1,epoch_chunk,accuracy,0.8675,0.8775,0.8675,0.8775,3,True,False,
Rain_in_Australia,/home/crc00006699/zh/tabiclv2/data200/Rain_in_Australia,multiclass,116368,23274,29092,18,3,0.8598240065997526,0.8520603215107616,0.7097656221758063,0.9224730995731696,0.3462776634825298,427.7776901721954,257.2907192707062,ok,,116368,93094,0,29092,0.3536511361598968,220,1e-05,True,426.0768048763275,full_train_epoch_chunks,full train set chunked per epoch | validation=dataset_val_split,30,10,epoch_chunk,accuracy,0.851422187849102,0.8548594998711008,0.851422187849102,0.8548594998711008,14,True,False,
Shipping,/home/crc00006699/zh/tabiclv2/data200/Shipping,binclass,8799,1760,2200,9,2,0.6868181818181818,0.6763889891220914,0.729817188933211,0.7337037906098679,0.4994784379015565,15.991567373275757,3.076709747314453,ok,,8799,7039,0,2200,0.4952770322561264,17,1e-05,True,15.905928373336792,full_train_epoch_chunks,full train set chunked per epoch | validation=dataset_val_split,30,1,epoch_chunk,accuracy,0.6715909090909091,0.6761363636363636,0.6715909090909091,0.6761363636363636,9,True,False,
UJI_Pen_Characters,/home/crc00006699/zh/tabiclv2/data200/UJI_Pen_Characters,multiclass,1091,219,273,80,35,0.5457875457875457,0.5356857223604408,0.5477716727716727,0.9649056222026856,1.381255883267868,0.9331564903259276,3.91029953956604,ok,,1091,872,0,273,,0,1e-05,False,0.4738984107971191,full_train_epoch_chunks,full train set chunked per epoch | validation=dataset_val_split | FT training skipped because n_classes=35 exceeds model max_classes=10,0,0,epoch_chunk,,,,,,0,False,False,
Water_Quality_and_Potability,/home/crc00006699/zh/tabiclv2/data200/Water_Quality_and_Potability,binclass,2620,524,656,8,2,0.6554878048780488,0.5910668253023994,0.573359375,0.6689208984374999,0.6244748652765272,5.712026357650757,0.790477991104126,ok,,2620,2096,0,656,0.6295747756958008,15,1e-05,True,5.676329135894775,full_train_epoch_chunks,full train set chunked per epoch | validation=dataset_val_split,30,1,epoch_chunk,accuracy,0.6297709923664122,0.6374045801526718,0.6297709923664122,0.6374045801526718,7,True,False,
Wilt,/home/crc00006699/zh/tabiclv2/data200/Wilt,binclass,3856,772,965,5,2,0.9927461139896372,0.9926443320683423,0.9508277866711602,0.9919959558513776,0.0306610456588825,3.460327386856079,0.7257046699523926,ok,,3856,3084,0,965,0.0578578189015388,8,1e-05,True,3.425872802734375,full_train_epoch_chunks,full train set chunked per epoch | validation=dataset_val_split,30,1,epoch_chunk,accuracy,0.9883419689119172,0.9883419689119172,0.9883419689119172,0.9883419689119172,0,True,False,
accelerometer,/home/crc00006699/zh/tabiclv2/data200/accelerometer,multiclass,122403,24481,30601,4,4,0.745629227803013,0.7437396863230031,0.8092156862745098,0.9305345152006196,0.5296636642785753,324.430517911911,232.12089276313785,ok,,122403,97922,0,30601,0.5763254165649414,194,1e-05,True,324.0037624835968,full_train_epoch_chunks,full train set chunked per epoch | validation=dataset_val_split,30,10,epoch_chunk,accuracy,0.7409011069809239,0.7451901474612965,0.7409011069809239,0.7451901474612965,12,True,False,
ada_agnostic,/home/crc00006699/zh/tabiclv2/data200/ada_agnostic,binclass,3649,730,913,48,2,0.8477546549835706,0.8464699344677049,0.7881545317938377,0.9086031517704628,0.3203498176646485,12.44042158126831,2.179695844650269,ok,,3649,2919,0,913,0.3170816451311111,14,1e-05,True,12.29142951965332,full_train_epoch_chunks,full train set chunked per epoch | validation=dataset_val_split,30,1,epoch_chunk,accuracy,0.8534246575342466,0.8616438356164383,0.8534246575342466,0.8616438356164383,6,True,False,
adult,/home/crc00006699/zh/tabiclv2/data200/adult,binclass,32561,6513,16281,14,2,0.8744548860635096,0.8707233457432173,0.7997307371185076,0.929896250936487,0.2723788024046961,87.23319506645203,27.16299605369568,ok,,32561,26048,0,16281,0.3258380144834518,69,1e-05,True,86.80946159362793,full_train_epoch_chunks,full train set chunked per epoch | validation=dataset_val_split,30,3,epoch_chunk,accuracy,0.8596652848149854,0.8753262705358513,0.8596652848149854,0.8753262705358513,15,True,False,
allbp,/home/crc00006699/zh/tabiclv2/data200/allbp,multiclass,3017,604,755,29,3,0.9788079470198676,0.9767921821931314,0.654170514004309,0.9904756884494184,0.0597256230773941,6.8688249588012695,1.3412013053894043,ok,,3017,2413,0,755,0.0774429999291896,10,1e-05,True,6.758367538452148,full_train_epoch_chunks,full train set chunked per epoch | validation=dataset_val_split,30,1,epoch_chunk,accuracy,0.9801324503311258,0.9834437086092715,0.9801324503311258,0.9834437086092715,2,True,False,
analcatdata_authorship,/home/crc00006699/zh/tabiclv2/data200/analcatdata_authorship,multiclass,672,135,169,69,4,0.9940828402366864,0.9940804879569156,0.9957627118644068,1.0,0.0098382554871205,4.898375988006592,0.672027587890625,ok,,672,537,0,169,4.3067977458122186e-05,8,1e-05,True,4.790311813354492,full_train_epoch_chunks,full train set chunked per epoch | validation=dataset_val_split,30,1,epoch_chunk,accuracy,1.0,1.0,1.0,1.0,0,True,False,
autoUniv-au4-2500,/home/crc00006699/zh/tabiclv2/data200/autoUniv-au4-2500,multiclass,2000,400,500,100,3,0.724,0.6944564394431595,0.5238122136446369,0.7709421933123438,0.6620065173202708,18.306674480438232,2.0603582859039307,ok,,2000,1600,0,500,0.7565631568431854,17,1e-05,True,18.04907989501953,full_train_epoch_chunks,full train set chunked per epoch | validation=dataset_val_split,30,1,epoch_chunk,accuracy,0.7075,0.7275,0.7075,0.7275,9,True,False,
bank,/home/crc00006699/zh/tabiclv2/data200/bank,binclass,36168,7234,9043,16,2,0.9106491208669688,0.9086700417552008,0.762867699715795,0.9442411515921274,0.183520654686564,91.64956665039062,28.128937005996704,ok,,36168,28934,0,9043,0.1800711676478386,63,1e-05,True,91.12742161750792,full_train_epoch_chunks,full train set chunked per epoch | validation=dataset_val_split,30,3,epoch_chunk,accuracy,0.918025988388167,0.9218965993917612,0.918025988388167,0.9218965993917612,13,True,False,
baseball,/home/crc00006699/zh/tabiclv2/data200/baseball,multiclass,1072,215,268,16,3,0.9440298507462688,0.9346581979438822,0.5974025974025975,0.9767386762080114,0.1315003287429437,5.914135932922363,0.452463150024414,ok,,1072,857,0,268,0.1602101624011993,15,1e-05,True,5.869384765625,full_train_epoch_chunks,full train set chunked per epoch | validation=dataset_val_split,30,1,epoch_chunk,accuracy,0.9488372093023256,0.958139534883721,0.9488372093023256,0.958139534883721,7,True,False,
churn,/home/crc00006699/zh/tabiclv2/data200/churn,binclass,4000,800,1000,20,2,0.965,0.9636771349178012,0.8936706875056762,0.93007290350812,0.1215447811546644,8.392686605453491,1.5528292655944824,ok,,4000,3200,0,1000,0.1268866509199142,13,1e-05,True,8.301605463027954,full_train_epoch_chunks,full train set chunked per epoch | validation=dataset_val_split,30,1,epoch_chunk,accuracy,0.9675,0.97125,0.9675,0.97125,5,True,False,
company_bankruptcy_prediction,/home/crc00006699/zh/tabiclv2/data200/company_bankruptcy_prediction,binclass,5455,1091,1364,95,2,0.9699413489736072,0.9664389386081564,0.6659090909090909,0.9644111570247934,0.0721363381672904,19.884974718093872,6.130640029907227,ok,,5455,4364,0,1364,0.0771997086703777,10,1e-05,True,19.445356369018555,full_train_epoch_chunks,full train set chunked per epoch | validation=dataset_val_split,30,1,epoch_chunk,accuracy,0.9670027497708524,0.9679193400549956,0.9670027497708524,0.9679193400549956,2,True,False,
connect-4,/home/crc00006699/zh/tabiclv2/data200/connect-4,multiclass,54045,10809,13512,42,3,0.8694493783303731,0.8578834357818443,0.7064797396397523,0.9504883678819708,0.3200770768306774,324.78684163093567,91.25050377845764,ok,,54045,43236,0,13512,0.5315187871456146,150,1e-05,True,322.59973192214966,full_train_epoch_chunks,full train set chunked per epoch | validation=dataset_val_split,30,5,epoch_chunk,accuracy,0.8504949579054492,0.8700157276343787,0.8504949579054492,0.8700157276343787,28,False,False,
credit,/home/crc00006699/zh/tabiclv2/data200/credit,binclass,13371,2675,3343,10,2,0.784624588692791,0.7846110589727805,0.784622242933922,0.8654857418558637,0.4610803829643677,18.48648238182068,5.478611946105957,ok,,13371,10696,0,3343,0.6282226741313934,22,1e-05,True,18.361027002334595,full_train_epoch_chunks,full train set chunked per epoch | validation=dataset_val_split,30,2,epoch_chunk,accuracy,0.7779439252336449,0.7809345794392524,0.7779439252336449,0.7809345794392524,3,True,False,
customer_satisfaction_in_airline,/home/crc00006699/zh/tabiclv2/data200/customer_satisfaction_in_airline,binclass,103904,20781,25976,21,2,0.9666230366492148,0.9666658797309704,0.9678763112327248,0.9961378013430416,0.0759168841171526,336.10089635849,210.4296169281006,ok,,103904,83123,0,25976,0.1185230240225792,171,1e-05,True,334.02577090263367,full_train_epoch_chunks,full train set chunked per epoch | validation=dataset_val_split,30,9,epoch_chunk,accuracy,0.9614070545209566,0.9648717578557336,0.9614070545209566,0.9648717578557336,11,True,False,
default_of_credit_card_clients,/home/crc00006699/zh/tabiclv2/data200/default_of_credit_card_clients,binclass,24000,4800,6000,23,2,0.8273333333333334,0.8071373223842789,0.6679209123714275,0.8009966342910765,0.4139975181693797,34.147788524627686,15.70961594581604,ok,,24000,19200,0,6000,0.439123272895813,20,1e-05,True,33.61132049560547,full_train_epoch_chunks,full train set chunked per epoch | validation=dataset_val_split,30,2,epoch_chunk,accuracy,0.8214583333333333,0.8220833333333334,0.8214583333333333,0.8220833333333334,2,True,False,
dis,/home/crc00006699/zh/tabiclv2/data200/dis,binclass,3017,604,755,29,2,0.9894039735099338,0.9883585937152762,0.7486541049798116,0.990242261103634,0.0291834002596683,9.078388452529907,1.3490922451019287,ok,,3017,2413,0,755,0.0144602446816861,14,1e-05,True,8.96957540512085,full_train_epoch_chunks,full train set chunked per epoch | validation=dataset_val_split,30,1,epoch_chunk,accuracy,0.9850993377483444,0.9917218543046358,0.9850993377483444,0.9917218543046358,6,True,False,
drug_consumption,/home/crc00006699/zh/tabiclv2/data200/drug_consumption,multiclass,1507,302,377,12,7,0.403183023872679,0.2316968605998004,0.1428571428571428,0.5339625632549208,1.511995297953738,2.9885692596435547,0.5250332355499268,ok,,1507,1205,0,377,1.499334454536438,8,1e-05,True,2.9514265060424805,full_train_epoch_chunks,full train set chunked per epoch | validation=dataset_val_split,30,1,epoch_chunk,accuracy,0.4039735099337748,0.4039735099337748,0.4039735099337748,0.4039735099337748,0,True,False,
eeg-eye-state,/home/crc00006699/zh/tabiclv2/data200/eeg-eye-state,binclass,11984,2397,2996,14,2,0.9939919893190922,0.9939907225760484,0.993721952900011,0.9999063314111758,0.012709027131595,26.152908086776733,5.080739259719849,ok,,11984,9587,0,2996,0.0169478775933384,18,1e-05,True,25.99968004226685,full_train_epoch_chunks,full train set chunked per epoch | validation=dataset_val_split,30,1,epoch_chunk,accuracy,0.9912390488110138,0.9941593658740092,0.9912390488110138,0.9941593658740092,10,True,False,
estimation_of_obesity_levels,/home/crc00006699/zh/tabiclv2/data200/estimation_of_obesity_levels,multiclass,1688,338,423,16,7,0.9905437352245864,0.9905622153790828,0.9902298850574712,0.9999662595316824,0.0194315320830014,8.877484798431396,0.6821541786193848,ok,,1688,1350,0,423,0.019912876188755,23,1e-05,True,8.82673192024231,full_train_epoch_chunks,full train set chunked per epoch | validation=dataset_val_split,30,1,epoch_chunk,accuracy,0.9733727810650888,0.9911242603550297,0.9733727810650888,0.9911242603550297,15,True,False,
eye_movements,/home/crc00006699/zh/tabiclv2/data200/eye_movements,multiclass,8748,1750,2188,27,3,0.913162705667276,0.9130330283158264,0.9162283034352656,0.98621091063637,0.220091985749452,40.92699980735779,4.214889287948608,ok,,8748,6998,0,2188,0.296061024069786,30,1e-05,True,40.68376970291138,full_train_epoch_chunks,full train set chunked per epoch | validation=dataset_val_split,30,1,epoch_chunk,accuracy,0.7845714285714286,0.9188571428571428,0.7845714285714286,0.9188571428571428,27,False,False,
first-order-theorem-proving,/home/crc00006699/zh/tabiclv2/data200/first-order-theorem-proving,multiclass,4894,979,1224,51,6,0.6495098039215687,0.633937707988808,0.5260097947873045,0.8619711668340372,1.0114668337724624,29.00785517692566,3.498001337051392,ok,,4894,3915,0,1224,1.0502256155014038,25,1e-05,True,28.77915382385254,full_train_epoch_chunks,full train set chunked per epoch | validation=dataset_val_split,30,1,epoch_chunk,accuracy,0.6292134831460674,0.6404494382022472,0.6292134831460674,0.6404494382022472,17,True,False,
golf_play_dataset_extended,/home/crc00006699/zh/tabiclv2/data200/golf_play_dataset_extended,binclass,876,176,219,9,2,0.9406392694063926,0.9408723830749228,0.9145513948228198,0.9796431264136718,0.1523498797020932,4.719866752624512,0.6967554092407227,ok,,876,700,0,219,0.0917148366570472,13,1e-05,True,4.687401056289673,full_train_epoch_chunks,full train set chunked per epoch | validation=dataset_val_split,30,1,epoch_chunk,accuracy,0.9261363636363636,0.9375,0.9261363636363636,0.9375,5,True,False,
heloc,/home/crc00006699/zh/tabiclv2/data200/heloc,binclass,8000,1600,2000,22,2,0.729,0.7286863614338175,0.729,0.8033765,0.5398481378634195,16.979321002960205,3.4795312881469727,ok,,8000,6400,0,2000,0.5260569751262665,15,1e-05,True,16.823561191558838,full_train_epoch_chunks,full train set chunked per epoch | validation=dataset_val_split,30,1,epoch_chunk,accuracy,0.718125,0.72375,0.718125,0.72375,7,True,False,
house_16H,/home/crc00006699/zh/tabiclv2/data200/house_16H,binclass,10790,2158,2698,16,2,0.8902891030392883,0.8902881384339358,0.8902891030392883,0.958070415391573,0.2639262690860084,11.428213119506836,4.513015985488892,ok,,10790,8632,0,2698,0.2432495728135109,8,1e-05,True,11.266295909881592,full_train_epoch_chunks,full train set chunked per epoch | validation=dataset_val_split,30,1,epoch_chunk,accuracy,0.8836886005560705,0.8836886005560705,0.8836886005560705,0.8836886005560705,0,True,False,
ibm-employee-performance,/home/crc00006699/zh/tabiclv2/data200/ibm-employee-performance,binclass,1176,236,294,30,2,1.0,1.0,1.0,1.0,2.133407771214565e-06,4.199578523635864,0.6109046936035156,ok,,1176,940,0,294,1.8220632682641731e-06,8,1e-05,True,4.128147125244141,full_train_epoch_chunks,full train set chunked per epoch | validation=dataset_val_split,30,1,epoch_chunk,accuracy,1.0,1.0,1.0,1.0,0,True,False,
internet_firewall,/home/crc00006699/zh/tabiclv2/data200/internet_firewall,multiclass,52425,10485,13107,7,4,0.9310292210269322,0.9283890466780912,0.7766411268354544,0.9879046249578216,0.1188093752608657,55.1525616645813,48.72032451629639,ok,,52425,41940,0,13107,0.1752282902598381,49,1e-05,True,54.87677979469299,full_train_epoch_chunks,full train set chunked per epoch | validation=dataset_val_split,30,5,epoch_chunk,accuracy,0.9240820219360992,0.934763948497854,0.9240820219360992,0.934763948497854,2,True,False,
jasmine,/home/crc00006699/zh/tabiclv2/data200/jasmine,binclass,2387,478,597,144,2,0.8241206030150754,0.822531443823244,0.8242800386074387,0.8873931000426478,0.378483884361258,19.43296432495117,4.636852025985718,ok,,2387,1909,0,597,0.3879951238632202,11,1e-05,True,18.940062999725345,full_train_epoch_chunks,full train set chunked per epoch | validation=dataset_val_split,30,1,epoch_chunk,accuracy,0.8389121338912134,0.8430962343096234,0.8389121338912134,0.8430962343096234,3,True,False,
jungle_chess_2pcs_raw_endgame_complete,/home/crc00006699/zh/tabiclv2/data200/jungle_chess_2pcs_raw_endgame_complete,multiclass,35855,7171,8964,6,3,0.9736724676483712,0.9735219614958522,0.9541845567467035,0.9982372456408988,0.0912861597760571,100.49178767204285,24.499387979507446,ok,,35855,28684,0,8964,0.2023135498166084,90,1e-05,True,100.30512976646423,full_train_epoch_chunks,full train set chunked per epoch | validation=dataset_val_split,30,3,epoch_chunk,accuracy,0.8982010877144052,0.9643006554176544,0.8982010877144052,0.9643006554176544,30,False,False,
kdd_ipums_la_97-small,/home/crc00006699/zh/tabiclv2/data200/kdd_ipums_la_97-small,binclass,4150,830,1038,20,2,0.882466281310212,0.8819891751655036,0.882466281310212,0.9492669688633468,0.259475930001999,9.663193225860596,1.6059529781341553,ok,,4150,3320,0,1038,0.2515528500080108,15,1e-05,True,9.576279640197754,full_train_epoch_chunks,full train set chunked per epoch | validation=dataset_val_split,30,1,epoch_chunk,accuracy,0.8783132530120482,0.8819277108433735,0.8783132530120482,0.8819277108433735,7,True,False,
kr-vs-kp,/home/crc00006699/zh/tabiclv2/data200/kr-vs-kp,binclass,2556,512,640,36,2,0.9984375,0.9984376031804651,0.998502994011976,0.9999706469414114,0.0074404790880502,8.337186574935913,1.346064567565918,ok,,2556,2044,0,640,0.0258410545065999,12,1e-05,True,8.196051836013794,full_train_epoch_chunks,full train set chunked per epoch | validation=dataset_val_split,30,1,epoch_chunk,accuracy,0.99609375,0.998046875,0.99609375,0.998046875,4,True,False,
law-school-admission-bianry,/home/crc00006699/zh/tabiclv2/data200/law-school-admission-bianry,binclass,16640,3328,4160,11,2,1.0,1.0,1.0,1.0,7.018436104612103e-07,14.762236833572388,7.628300666809082,ok,,16640,13312,0,4160,9.60066955713046e-07,16,1e-05,True,14.588894128799438,full_train_epoch_chunks,full train set chunked per epoch | validation=dataset_val_split,30,2,epoch_chunk,accuracy,1.0,1.0,1.0,1.0,0,True,False,
led7,/home/crc00006699/zh/tabiclv2/data200/led7,multiclass,2560,512,640,7,10,0.7421875,0.7381941308432585,0.7401626395511218,0.959553144253222,0.7793189268589432,3.2166123390197754,0.7582566738128662,ok,,2560,2048,0,640,0.8430216908454895,8,1e-05,True,3.176780939102173,full_train_epoch_chunks,full train set chunked per epoch | validation=dataset_val_split,30,1,epoch_chunk,accuracy,0.728515625,0.728515625,0.728515625,0.728515625,0,True,False,
madeline,/home/crc00006699/zh/tabiclv2/data200/madeline,binclass,2512,503,628,259,2,0.9171974522292994,0.9171907326068386,0.9171535215839012,0.976854105809802,0.1894387539402235,27.612282514572144,7.2142157554626465,ok,,2512,2009,0,628,0.2057240754365921,11,1e-05,True,27.00782799720764,full_train_epoch_chunks,full train set chunked per epoch | validation=dataset_val_split,30,1,epoch_chunk,accuracy,0.9125248508946322,0.9184890656063618,0.9125248508946322,0.9184890656063618,3,True,False,
maternal_health_risk,/home/crc00006699/zh/tabiclv2/data200/maternal_health_risk,multiclass,811,163,203,6,3,0.8768472906403941,0.8748005893782885,0.8794702134668967,0.9618167481233618,0.3532696810259766,5.891011714935303,0.6231565475463867,ok,,811,648,0,203,0.4662018418312073,20,1e-05,True,5.8681817054748535,full_train_epoch_chunks,full train set chunked per epoch | validation=dataset_val_split,30,1,epoch_chunk,accuracy,0.8343558282208589,0.8650306748466258,0.8343558282208589,0.8650306748466258,12,True,False,
mfeat-fourier,/home/crc00006699/zh/tabiclv2/data200/mfeat-fourier,multiclass,1600,320,400,76,10,0.92,0.9194450563501196,0.92,0.9952569444444443,0.2046306593967538,10.599817752838137,1.391533613204956,ok,,1600,1280,0,400,0.2568284124135971,14,1e-05,True,10.45015025138855,full_train_epoch_chunks,full train set chunked per epoch | validation=dataset_val_split,30,1,epoch_chunk,accuracy,0.9,0.9125,0.9,0.9125,6,True,False,
mfeat-morphological,/home/crc00006699/zh/tabiclv2/data200/mfeat-morphological,multiclass,1600,320,400,6,10,0.7875,0.7850497005325622,0.7875,0.9768055555555556,0.4935792594109233,5.959642648696899,0.4963002204895019,ok,,1600,1280,0,400,0.5338578522205353,19,1e-05,True,5.932223558425903,full_train_epoch_chunks,full train set chunked per epoch | validation=dataset_val_split,30,1,epoch_chunk,accuracy,0.75,0.759375,0.75,0.759375,11,True,False,
mfeat-zernike,/home/crc00006699/zh/tabiclv2/data200/mfeat-zernike,multiclass,1600,320,400,47,10,0.915,0.9135686560735864,0.915,0.9950416666666668,0.210895639180556,12.59705662727356,1.032827854156494,ok,,1600,1280,0,400,0.1907557770609855,21,1e-05,True,12.492788553237917,full_train_epoch_chunks,full train set chunked per epoch | validation=dataset_val_split,30,1,epoch_chunk,accuracy,0.9,0.9125,0.9,0.9125,13,True,False,
microaggregation2,/home/crc00006699/zh/tabiclv2/data200/microaggregation2,multiclass,16000,3200,4000,20,5,0.6425,0.5976908853700489,0.4386219051197561,0.8354638983331089,0.8586252608271832,17.50848650932312,8.528740644454956,ok,,16000,12800,0,4000,0.916947066783905,16,1e-05,True,17.269524574279785,full_train_epoch_chunks,full train set chunked per epoch | validation=dataset_val_split,30,2,epoch_chunk,accuracy,0.6546875,0.6546875,0.6546875,0.6546875,0,True,False,
mozilla4,/home/crc00006699/zh/tabiclv2/data200/mozilla4,binclass,12436,2488,3109,4,2,0.9466066259247348,0.9460688614912708,0.9302709813897794,0.9784093498378276,0.1573275826076837,16.80644178390503,2.199831247329712,ok,,12436,9948,0,3109,0.1798722520470619,15,1e-05,True,16.743207931518555,full_train_epoch_chunks,full train set chunked per epoch | validation=dataset_val_split,30,1,epoch_chunk,accuracy,0.939710610932476,0.9457395498392284,0.939710610932476,0.9457395498392284,7,True,False,
national-longitudinal-survey-binary,/home/crc00006699/zh/tabiclv2/data200/national-longitudinal-survey-binary,binclass,3926,786,982,16,2,1.0,1.0,1.0,1.0,0.0002536187303289,5.045685291290283,1.4110121726989746,ok,,3926,3140,0,982,1.4149174603517167e-05,8,1e-05,True,4.961154222488403,full_train_epoch_chunks,full train set chunked per epoch | validation=dataset_val_split,30,1,epoch_chunk,accuracy,1.0,1.0,1.0,1.0,0,True,False,
one-hundred-plants-margin,/home/crc00006699/zh/tabiclv2/data200/one-hundred-plants-margin,multiclass,1280,256,320,64,100,0.896875,0.8947693452380951,0.8983333333333334,0.9991240316655352,0.3200194945702308,0.9579627513885498,6.526302099227905,ok,,1280,1024,0,320,,0,1e-05,False,0.4687199592590332,full_train_epoch_chunks,full train set chunked per epoch | validation=dataset_val_split | FT training skipped because n_classes=100 exceeds model max_classes=10,0,0,epoch_chunk,,,,,,0,False,False,
one-hundred-plants-texture,/home/crc00006699/zh/tabiclv2/data200/one-hundred-plants-texture,multiclass,1279,256,320,64,100,0.93125,0.9298065476190476,0.9333333333333332,0.9995210072009476,0.2358723646651196,1.085313320159912,6.54953670501709,ok,,1279,1023,0,320,,0,1e-05,False,0.4653491973876953,full_train_epoch_chunks,full train set chunked per epoch | validation=dataset_val_split | FT training skipped because n_classes=100 exceeds model max_classes=10,0,0,epoch_chunk,,,,,,0,False,False,
optdigits,/home/crc00006699/zh/tabiclv2/data200/optdigits,multiclass,4496,900,1124,64,10,0.9973309608540926,0.997330908588654,0.9973370927318296,0.9999885576380824,0.0096826280467146,10.616870403289797,3.768959283828736,ok,,4496,3596,0,1124,0.0172648625448346,8,1e-05,True,10.362375497817991,full_train_epoch_chunks,full train set chunked per epoch | validation=dataset_val_split,30,1,epoch_chunk,accuracy,0.9911111111111112,0.9911111111111112,0.9911111111111112,0.9911111111111112,0,True,False,
ozone_level,/home/crc00006699/zh/tabiclv2/data200/ozone_level,binclass,2028,406,508,36,2,0.9783464566929134,0.9715321032632116,0.4979959919839679,0.8252059674905367,0.087653831960274,5.675410747528076,1.0879795551300049,ok,,2028,1622,0,508,0.0944283902645111,8,1e-05,True,5.530346632003784,full_train_epoch_chunks,full train set chunked per epoch | validation=dataset_val_split,30,1,epoch_chunk,accuracy,0.9704433497536946,0.9704433497536946,0.9704433497536946,0.9704433497536946,0,True,False,
pc1,/home/crc00006699/zh/tabiclv2/data200/pc1,binclass,887,178,222,21,2,0.9414414414414416,0.9330171853150268,0.6594202898550725,0.8971014492753623,0.1569081166659272,5.710791349411011,0.8867452144622803,ok,,887,709,0,222,0.1766140311956405,15,1e-05,True,5.664667844772339,full_train_epoch_chunks,full train set chunked per epoch | validation=dataset_val_split,30,1,epoch_chunk,accuracy,0.9325842696629212,0.9606741573033708,0.9325842696629212,0.9606741573033708,7,True,False,
pc4,/home/crc00006699/zh/tabiclv2/data200/pc4,binclass,1166,234,292,37,2,0.910958904109589,0.9074272635916472,0.7582465277777778,0.9625651041666669,0.1974720308259202,7.061416149139404,0.674370527267456,ok,,1166,932,0,292,0.1324732899665832,13,1e-05,True,6.984804391860962,full_train_epoch_chunks,full train set chunked per epoch | validation=dataset_val_split,30,1,epoch_chunk,accuracy,0.9188034188034188,0.9273504273504274,0.9188034188034188,0.9273504273504274,5,True,False,
philippine,/home/crc00006699/zh/tabiclv2/data200/philippine,binclass,4665,933,1167,308,2,0.8594687232219366,0.859366287952353,0.8594921168260532,0.9424783829507274,0.3100161448374497,6.494024276733398,14.447837352752686,ok,,4665,3732,0,1167,,0,1e-05,False,4.584499835968018,full_train_epoch_chunks,"full train set chunked per epoch | validation=dataset_val_split | FT OOM; used original model parameters for inference: OutOfMemoryError: CUDA out of memory. Tried to allocate 570.00 MiB. GPU 0 has a total capacity of 23.57 GiB of which 362.00 MiB is free. Process 81033 has 23.17 GiB memory in use. Of the allocated memory 21.81 GiB is allocated by PyTorch, and 1.02 GiB is reserved by PyTorch but unallocated. If reserved but unallocated memory is large try setting PYTORCH_CUDA_ALLOC_CONF=expandable_segments:True to avoid fragmentation. See documentation for Memory Management (https://pytorch.org/docs/stable/notes/cuda.html#environment-variables)",0,0,,,,,,,0,False,True,"FT OOM; used original model parameters for inference: OutOfMemoryError: CUDA out of memory. Tried to allocate 570.00 MiB. GPU 0 has a total capacity of 23.57 GiB of which 362.00 MiB is free. Process 81033 has 23.17 GiB memory in use. Of the allocated memory 21.81 GiB is allocated by PyTorch, and 1.02 GiB is reserved by PyTorch but unallocated. If reserved but unallocated memory is large try setting PYTORCH_CUDA_ALLOC_CONF=expandable_segments:True to avoid fragmentation. See documentation for Memory Management (https://pytorch.org/docs/stable/notes/cuda.html#environment-variables)"
pol,/home/crc00006699/zh/tabiclv2/data200/pol,binclass,8065,1613,2017,26,2,0.9930589985126426,0.9930589780391212,0.9930599800210802,0.9997541963597464,0.0208433616394423,12.810152530670166,3.707672595977783,ok,,8065,6452,0,2017,0.026518085040152,11,1e-05,True,12.653873682022097,full_train_epoch_chunks,full train set chunked per epoch | validation=dataset_val_split,30,1,epoch_chunk,accuracy,0.9894606323620584,0.990700557966522,0.9894606323620584,0.990700557966522,3,True,False,
rice_cammeo_and_osmancik,/home/crc00006699/zh/tabiclv2/data200/rice_cammeo_and_osmancik,binclass,3048,610,762,7,2,0.931758530183727,0.931443798990983,0.9264366522204086,0.9784994653008388,0.1858079350930575,4.992036104202271,0.8089265823364258,ok,,3048,2438,0,762,0.1929718926548957,13,1e-05,True,4.958648443222046,full_train_epoch_chunks,full train set chunked per epoch | validation=dataset_val_split,30,1,epoch_chunk,accuracy,0.9295081967213116,0.9327868852459016,0.9295081967213116,0.9327868852459016,5,True,False,
rl,/home/crc00006699/zh/tabiclv2/data200/rl,binclass,3976,796,994,12,2,0.9124748490945674,0.9124740518224704,0.9124748490945672,0.9587181033889453,0.256469083558356,8.942523717880249,1.2819836139678955,ok,,3976,3180,0,994,0.3402695059776306,18,1e-05,True,8.878229856491089,full_train_epoch_chunks,full train set chunked per epoch | validation=dataset_val_split,30,1,epoch_chunk,accuracy,0.8806532663316583,0.8881909547738693,0.8806532663316583,0.8881909547738693,10,True,False,
segment,/home/crc00006699/zh/tabiclv2/data200/segment,multiclass,1848,370,462,17,7,0.9502164502164502,0.9502874649883992,0.9502164502164502,0.9971631903450086,0.1374510398026493,3.5044138431549072,0.6922731399536133,ok,,1848,1478,0,462,0.1559582948684692,8,1e-05,True,3.453446626663208,full_train_epoch_chunks,full train set chunked per epoch | validation=dataset_val_split,30,1,epoch_chunk,accuracy,0.9513513513513514,0.9513513513513514,0.9513513513513514,0.9513513513513514,0,True,False,
semeion,/home/crc00006699/zh/tabiclv2/data200/semeion,multiclass,1274,255,319,256,10,0.9686520376175548,0.9688708172158048,0.9686491935483872,0.99940019575887,0.094035180790736,21.737608432769772,4.101450204849243,ok,,1274,1019,0,319,0.1517116427421569,12,1e-05,True,21.28691673278809,full_train_epoch_chunks,full train set chunked per epoch | validation=dataset_val_split,30,1,epoch_chunk,accuracy,0.9490196078431372,0.9568627450980391,0.9490196078431372,0.9568627450980391,4,True,False,
shrutime,/home/crc00006699/zh/tabiclv2/data200/shrutime,binclass,8000,1600,2000,10,2,0.8645,0.8529541878549212,0.717310250441278,0.8813937351308486,0.308116796965364,12.84547233581543,2.771360158920288,ok,,8000,6400,0,2000,0.3411810994148254,15,1e-05,True,12.747419595718384,full_train_epoch_chunks,full train set chunked per epoch | validation=dataset_val_split,30,1,epoch_chunk,accuracy,0.86875,0.870625,0.86875,0.870625,7,True,False,
spambase,/home/crc00006699/zh/tabiclv2/data200/spambase,binclass,3680,736,921,57,2,0.9576547231270358,0.9576648575127272,0.9559080541485234,0.992086061001017,0.1130014923844167,9.046308994293211,2.4593095779418945,ok,,3680,2944,0,921,0.1302023604512214,8,1e-05,True,8.868926525115967,full_train_epoch_chunks,full train set chunked per epoch | validation=dataset_val_split,30,1,epoch_chunk,accuracy,0.9605978260869564,0.9605978260869564,0.9605978260869564,0.9605978260869564,0,True,False,
sports_articles_for_objectivity_analysis,/home/crc00006699/zh/tabiclv2/data200/sports_articles_for_objectivity_analysis,binclass,800,160,200,59,2,0.84,0.8371479500891266,0.8128572969474706,0.8955883939165138,0.3930077412052176,5.08726167678833,1.3956286907196045,ok,,800,640,0,200,0.4145258218050003,8,1e-05,True,4.9793548583984375,full_train_epoch_chunks,full train set chunked per epoch | validation=dataset_val_split,30,1,epoch_chunk,accuracy,0.84375,0.84375,0.84375,0.84375,0,True,False,
steel_plates_faults,/home/crc00006699/zh/tabiclv2/data200/steel_plates_faults,multiclass,1552,311,389,27,7,0.8508997429305912,0.851014636748482,0.8927194718861385,0.9831846989364,0.3564541126278658,10.309038400650024,0.7253470420837402,ok,,1552,1241,0,389,0.4804467707872391,23,1e-05,True,10.243903160095217,full_train_epoch_chunks,full train set chunked per epoch | validation=dataset_val_split,30,1,epoch_chunk,accuracy,0.7813504823151125,0.8263665594855305,0.7813504823151125,0.8263665594855305,15,True,False,
sylvine,/home/crc00006699/zh/tabiclv2/data200/sylvine,binclass,4099,820,1025,20,2,0.9765853658536584,0.9765853212808444,0.9765872471978556,0.9985532407407408,0.0495226863142739,11.23351502418518,1.5859644412994385,ok,,4099,3279,0,1025,0.0782330147922039,18,1e-05,True,11.142805099487305,full_train_epoch_chunks,full train set chunked per epoch | validation=dataset_val_split,30,1,epoch_chunk,accuracy,0.9780487804878047,0.9829268292682928,0.9780487804878047,0.9829268292682928,10,True,False,
telco-customer-churn,/home/crc00006699/zh/tabiclv2/data200/telco-customer-churn,binclass,5634,1127,1409,18,2,0.8062455642299503,0.7983669845484236,0.7178459789712986,0.8515099847580666,0.4097314420672063,9.777674913406372,2.154054641723633,ok,,5634,4507,0,1409,0.4276764392852783,12,1e-05,True,9.646237850189207,full_train_epoch_chunks,full train set chunked per epoch | validation=dataset_val_split,30,1,epoch_chunk,accuracy,0.8092280390417036,0.8118899733806566,0.8092280390417036,0.8118899733806566,4,True,False,
thyroid,/home/crc00006699/zh/tabiclv2/data200/thyroid,multiclass,5760,1152,1440,21,3,0.9958333333333332,0.995835174762004,0.9745432877465886,0.9998287543504434,0.0107724608933551,6.753687858581543,2.347869634628296,ok,,5760,4608,0,1440,0.0028448088560253,8,1e-05,True,6.657785654067993,full_train_epoch_chunks,full train set chunked per epoch | validation=dataset_val_split,30,1,epoch_chunk,accuracy,0.9930555555555556,0.9930555555555556,0.9930555555555556,0.9930555555555556,0,True,False,
thyroid-dis,/home/crc00006699/zh/tabiclv2/data200/thyroid-dis,multiclass,2240,448,560,26,5,0.7,0.681104068801945,0.4136725048651654,0.8852828487517339,0.6955674212229188,6.56310248374939,0.998126983642578,ok,,2240,1792,0,560,0.756846159696579,12,1e-05,True,6.471006870269775,full_train_epoch_chunks,full train set chunked per epoch | validation=dataset_val_split,30,1,epoch_chunk,accuracy,0.7366071428571429,0.7388392857142857,0.7366071428571429,0.7388392857142857,4,True,False,
twonorm,/home/crc00006699/zh/tabiclv2/data200/twonorm,binclass,5920,1184,1480,20,2,0.979054054054054,0.9790539106142804,0.9790585811880592,0.9984824661841968,0.0514783777988881,10.148880958557127,2.360825538635254,ok,,5920,4736,0,1480,0.0604881085455417,12,1e-05,True,10.043633222579956,full_train_epoch_chunks,full train set chunked per epoch | validation=dataset_val_split,30,1,epoch_chunk,accuracy,0.9755067567567568,0.977195945945946,0.9755067567567568,0.977195945945946,4,True,False,
walking-activity,/home/crc00006699/zh/tabiclv2/data200/walking-activity,multiclass,119465,23893,29867,4,22,0.6742893494492249,0.6735412948821795,0.6285569168534949,0.9748245383669112,0.9155566522529778,1.5675570964813232,370.05758905410767,ok,,119465,95572,0,29867,,0,1e-05,False,0.758833646774292,full_train_epoch_chunks,full train set chunked per epoch | validation=dataset_val_split | FT training skipped because n_classes=22 exceeds model max_classes=10,0,0,epoch_chunk,,,,,,0,False,False,
water_quality,/home/crc00006699/zh/tabiclv2/data200/water_quality,binclass,6396,1280,1600,20,2,0.9125,0.9002534727864525,0.6800399882205241,0.911192826919202,0.2142553196085918,6.854065656661987,2.3965039253234863,ok,,6396,5116,0,1600,0.2385269850492477,8,1e-05,True,6.750664710998535,full_train_epoch_chunks,full train set chunked per epoch | validation=dataset_val_split,30,1,epoch_chunk,accuracy,0.89609375,0.89609375,0.89609375,0.89609375,0,True,False,
waveform_database_generator_version_1,/home/crc00006699/zh/tabiclv2/data200/waveform_database_generator_version_1,multiclass,4000,800,1000,21,3,0.87,0.8695516355963533,0.8699105628024467,0.9729279183722502,0.2917243622752347,5.201441049575806,1.5765135288238523,ok,,4000,3200,0,1000,0.266121968626976,8,1e-05,True,5.115083694458008,full_train_epoch_chunks,full train set chunked per epoch | validation=dataset_val_split,30,1,epoch_chunk,accuracy,0.8575,0.8575,0.8575,0.8575,0,True,False,
wine,/home/crc00006699/zh/tabiclv2/data200/wine,binclass,2043,409,511,4,2,0.7886497064579256,0.7877377608921714,0.7887791053921569,0.881969975490196,0.4329224541850722,2.5875461101531982,0.2805218696594238,ok,,2043,1634,0,511,0.4676048457622528,8,1e-05,True,2.5645341873168945,full_train_epoch_chunks,full train set chunked per epoch | validation=dataset_val_split,30,1,epoch_chunk,accuracy,0.8264058679706602,0.8264058679706602,0.8264058679706602,0.8264058679706602,0,True,False,
wine-quality-white,/home/crc00006699/zh/tabiclv2/data200/wine-quality-white,multiclass,3918,784,980,11,7,0.6775510204081633,0.6696711256184101,0.3966139407965623,0.9110666123300112,0.7480358616050935,10.834949493408203,1.277198314666748,ok,,3918,3134,0,980,0.7665899991989136,23,1e-05,True,10.778736352920532,full_train_epoch_chunks,full train set chunked per epoch | validation=dataset_val_split,30,1,epoch_chunk,accuracy,0.6760204081632653,0.6900510204081632,0.6760204081632653,0.6900510204081632,15,True,False,
Amazon_employee_access,/home/crc00006699/zh/tabiclv2/data200/Amazon_employee_access,binclass,26215,5243,6554,7,2,0.9449191333536772,0.9326082783497164,0.598044075075043,0.8345533205858161,0.1661791394942779,51.44433665275574,12.715124368667604,ok,,26215,20972,0,6554,0.2280628606677055,54,1e-05,True,51.21358942985535,full_train_epoch_chunks,full train set chunked per epoch | validation=dataset_val_split,30,3,epoch_chunk,accuracy,0.949074957085638,0.9513637230593172,0.949074957085638,0.9513637230593172,10,True,False,
BNG(breast-w),/home/crc00006699/zh/tabiclv2/data200/BNG(breast-w),binclass,31492,6299,7874,9,2,0.9885699771399544,0.9885818723806904,0.988391282580706,0.9991341828911338,0.0332963341694566,44.81172037124634,20.212146282196045,ok,,31492,25193,0,7874,0.036187682300806,42,1e-05,True,44.55200386047363,full_train_epoch_chunks,full train set chunked per epoch | validation=dataset_val_split,30,3,epoch_chunk,accuracy,0.98666454992856,0.9872995713605334,0.98666454992856,0.9872995713605334,6,True,False,
BNG(tic-tac-toe),/home/crc00006699/zh/tabiclv2/data200/BNG(tic-tac-toe),binclass,31492,6299,7874,9,2,0.8181356362712725,0.815817080884126,0.7881465326885382,0.8844851086659531,0.4023880694227404,64.24700689315796,20.3219792842865,ok,,31492,25193,0,7874,0.3868004828691482,60,1e-05,True,63.91601014137268,full_train_epoch_chunks,full train set chunked per epoch | validation=dataset_val_split,30,3,epoch_chunk,accuracy,0.8071122400381013,0.8112398793459279,0.8071122400381013,0.8112398793459279,12,True,False,
Basketball_c,/home/crc00006699/zh/tabiclv2/data200/Basketball_c,binclass,1072,215,268,11,2,0.7089552238805971,0.7064395907616778,0.683793999527522,0.7430900070871722,0.5778878775185243,3.753657102584839,0.3899974822998047,ok,,1072,857,0,268,0.5568851232528687,10,1e-05,True,3.720930576324463,full_train_epoch_chunks,full train set chunked per epoch | validation=dataset_val_split,30,1,epoch_chunk,accuracy,0.7534883720930232,0.7627906976744186,0.7534883720930232,0.7627906976744186,2,True,False,
Cardiovascular-Disease-dataset,/home/crc00006699/zh/tabiclv2/data200/Cardiovascular-Disease-dataset,binclass,56000,11200,14000,11,2,0.7327142857142858,0.7323277804242225,0.7326926474098441,0.8011314962878355,0.5425152401301806,53.73660135269165,56.63379049301148,ok,,56000,44800,0,14000,0.5659128427505493,40,1e-05,True,53.23528051376343,full_train_epoch_chunks,full train set chunked per epoch | validation=dataset_val_split,30,5,epoch_chunk,accuracy,0.7339285714285714,0.7339285714285714,0.7339285714285714,0.7339285714285714,0,True,False,
Contaminant-detection-in-packaged-cocoa-hazelnut-spread-jars-using-Microwaves-Sensing-and-Machine-Learning-10.0GHz(Urbinati),/home/crc00006699/zh/tabiclv2/data200/Contaminant-detection-in-packaged-cocoa-hazelnut-spread-jars-using-Microwaves-Sensing-and-Machine-Learning-10.0GHz(Urbinati),binclass,1920,384,480,30,2,0.9791666666666666,0.9791720943696628,0.9795606229143492,0.9967672413793104,0.0622812354126314,8.046093463897705,0.9290342330932616,ok,,1920,1536,0,480,0.0673914439976215,16,1e-05,True,7.9711012840271,full_train_epoch_chunks,full train set chunked per epoch | validation=dataset_val_split,30,1,epoch_chunk,accuracy,0.9661458333333334,0.9739583333333334,0.9661458333333334,0.9739583333333334,8,True,False,
Contaminant-detection-in-packaged-cocoa-hazelnut-spread-jars-using-Microwaves-Sensing-and-Machine-Learning-11.0GHz(Urbinati),/home/crc00006699/zh/tabiclv2/data200/Contaminant-detection-in-packaged-cocoa-hazelnut-spread-jars-using-Microwaves-Sensing-and-Machine-Learning-11.0GHz(Urbinati),binclass,1920,384,480,30,2,0.9604166666666668,0.960427492536752,0.9609983314794216,0.992752363737486,0.1057632744696596,6.438427448272705,0.9200291633605956,ok,,1920,1536,0,480,0.0944357588887214,13,1e-05,True,6.366870164871216,full_train_epoch_chunks,full train set chunked per epoch | validation=dataset_val_split,30,1,epoch_chunk,accuracy,0.9739583333333334,0.984375,0.9739583333333334,0.984375,5,True,False,
Contaminant-detection-in-packaged-cocoa-hazelnut-spread-jars-using-Microwaves-Sensing-and-Machine-Learning-9.5GHz(Urbinati),/home/crc00006699/zh/tabiclv2/data200/Contaminant-detection-in-packaged-cocoa-hazelnut-spread-jars-using-Microwaves-Sensing-and-Machine-Learning-9.5GHz(Urbinati),binclass,1920,384,480,30,2,0.9625,0.9625097698653928,0.9628754171301446,0.9938299499443828,0.097175466056043,6.442469358444214,0.9523379802703856,ok,,1920,1536,0,480,0.1159022562205791,13,1e-05,True,6.369592905044556,full_train_epoch_chunks,full train set chunked per epoch | validation=dataset_val_split,30,1,epoch_chunk,accuracy,0.953125,0.9557291666666666,0.953125,0.9557291666666666,5,True,False,
Customer_Personality_Analysis,/home/crc00006699/zh/tabiclv2/data200/Customer_Personality_Analysis,binclass,1792,359,448,24,2,0.8973214285714286,0.8905397404319818,0.7428213264386727,0.9127002781368746,0.2447778709386983,7.929015398025513,0.7749061584472656,ok,,1792,1433,0,448,0.2160428762435913,18,1e-05,True,7.864078521728516,full_train_epoch_chunks,full train set chunked per epoch | validation=dataset_val_split,30,1,epoch_chunk,accuracy,0.8802228412256268,0.8941504178272981,0.8802228412256268,0.8941504178272981,10,True,False,
E-CommereShippingData,/home/crc00006699/zh/tabiclv2/data200/E-CommereShippingData,binclass,8799,1760,2200,10,2,0.6772727272727272,0.6650804852197916,0.7276150128238043,0.724802104700974,0.5044880114428562,12.388379096984863,3.09515380859375,ok,,8799,7039,0,2200,0.4900118112564087,13,1e-05,True,12.29823398590088,full_train_epoch_chunks,full train set chunked per epoch | validation=dataset_val_split,30,1,epoch_chunk,accuracy,0.6829545454545455,0.6857954545454545,0.6829545454545455,0.6857954545454545,5,True,False,
FICO-HELOC-cleaned,/home/crc00006699/zh/tabiclv2/data200/FICO-HELOC-cleaned,binclass,7896,1580,1975,23,2,0.7483544303797468,0.7481657428405781,0.7473688157154068,0.8256191988626791,0.5132891494091737,16.47551465034485,3.489396572113037,ok,,7896,6316,0,1975,0.5268849432468414,14,1e-05,True,16.309034824371338,full_train_epoch_chunks,full train set chunked per epoch | validation=dataset_val_split,30,1,epoch_chunk,accuracy,0.7430379746835443,0.7474683544303797,0.7430379746835443,0.7474683544303797,6,True,False,
FOREX_audcad-hour-High,/home/crc00006699/zh/tabiclv2/data200/FOREX_audcad-hour-High,binclass,35060,7012,8765,10,2,0.7171705647461495,0.7170372278674402,0.7165890368599059,0.7904702885294133,0.5511035652800038,68.31136345863342,24.62117576599121,ok,,35060,28048,0,8765,0.534344494342804,57,1e-05,True,68.0101420879364,full_train_epoch_chunks,full train set chunked per epoch | validation=dataset_val_split,30,3,epoch_chunk,accuracy,0.7133485453508271,0.7190530519110097,0.7133485453508271,0.7190530519110097,11,True,False,
FOREX_audjpy-day-High,/home/crc00006699/zh/tabiclv2/data200/FOREX_audjpy-day-High,binclass,1465,293,367,10,2,0.782016348773842,0.7813133856704549,0.780512454669758,0.8564443255454491,0.4773961121993685,5.133087396621704,0.4837028980255127,ok,,1465,1172,0,367,0.5419868528842926,16,1e-05,True,5.10297966003418,full_train_epoch_chunks,full train set chunked per epoch | validation=dataset_val_split,30,1,epoch_chunk,accuracy,0.7508532423208191,0.7679180887372014,0.7508532423208191,0.7679180887372014,8,True,False,
FOREX_audsgd-hour-High,/home/crc00006699/zh/tabiclv2/data200/FOREX_audsgd-hour-High,binclass,35060,7012,8765,10,2,0.7122646891043924,0.7123094313286934,0.7122156835892228,0.7885445745014367,0.5532778767489039,75.4279944896698,24.860037088394165,ok,,35060,28048,0,8765,0.5604423582553864,60,1e-05,True,75.08944582939148,full_train_epoch_chunks,full train set chunked per epoch | validation=dataset_val_split,30,3,epoch_chunk,accuracy,0.7035082715345122,0.7190530519110097,0.7035082715345122,0.7190530519110097,12,True,False,
FOREX_cadjpy-day-High,/home/crc00006699/zh/tabiclv2/data200/FOREX_cadjpy-day-High,binclass,1467,294,367,10,2,0.7247956403269755,0.7243659308585917,0.7249049655500119,0.7937603943929674,0.5520411040600481,3.943880319595337,0.5188865661621094,ok,,1467,1173,0,367,0.5304978787899017,12,1e-05,True,3.9119911193847656,full_train_epoch_chunks,full train set chunked per epoch | validation=dataset_val_split,30,1,epoch_chunk,accuracy,0.7040816326530612,0.7142857142857143,0.7040816326530612,0.7142857142857143,4,True,False,
Firm-Teacher_Clave-Direction_Classification,/home/crc00006699/zh/tabiclv2/data200/Firm-Teacher_Clave-Direction_Classification,multiclass,8640,1728,2160,16,4,0.8842592592592593,0.8837852051208464,0.8113960558698805,0.9720729006134096,0.3071660408356551,23.69856595993042,3.437493801116944,ok,,8640,6912,0,2160,0.3063723146915436,21,1e-05,True,23.534172534942627,full_train_epoch_chunks,full train set chunked per epoch | validation=dataset_val_split,30,1,epoch_chunk,accuracy,0.8622685185185185,0.8738425925925926,0.8622685185185185,0.8738425925925926,13,True,False,
GAMETES_Epistasis_2-Way_20atts_0.1H_EDM-1_1,/home/crc00006699/zh/tabiclv2/data200/GAMETES_Epistasis_2-Way_20atts_0.1H_EDM-1_1,binclass,1280,256,320,20,2,0.678125,0.672206144145757,0.678125,0.73236328125,0.6023642659838087,4.560256242752075,0.5612270832061768,ok,,1280,1024,0,320,0.6805207431316376,11,1e-05,True,4.499877691268921,full_train_epoch_chunks,full train set chunked per epoch | validation=dataset_val_split,30,1,epoch_chunk,accuracy,0.64453125,0.65234375,0.64453125,0.65234375,3,True,False,
Gender_Gap_in_Spanish_WP,/home/crc00006699/zh/tabiclv2/data200/Gender_Gap_in_Spanish_WP,multiclass,3796,760,950,13,3,0.608421052631579,0.5606754581727191,0.4249306850344763,0.707578311178411,0.7911847945835013,6.555423021316528,1.2692914009094238,ok,,3796,3036,0,950,0.8054828643798828,13,1e-05,True,6.502836465835571,full_train_epoch_chunks,full train set chunked per epoch | validation=dataset_val_split,30,1,epoch_chunk,accuracy,0.6052631578947368,0.6276315789473684,0.6052631578947368,0.6276315789473684,5,True,False,
HR_Analytics_Job_Change_of_Data_Scientists,/home/crc00006699/zh/tabiclv2/data200/HR_Analytics_Job_Change_of_Data_Scientists,binclass,15326,3066,3832,13,2,0.7998434237995825,0.8024252181198905,0.746381210794403,0.8113105019590288,0.4310947031981983,25.934513092041016,7.0177178382873535,ok,,15326,12260,0,3832,0.4192794561386108,28,1e-05,True,25.72175455093384,full_train_epoch_chunks,full train set chunked per epoch | validation=dataset_val_split,30,2,epoch_chunk,accuracy,0.8065883887801696,0.8085453359425963,0.8065883887801696,0.8085453359425963,6,True,False,
INNHotelsGroup,/home/crc00006699/zh/tabiclv2/data200/INNHotelsGroup,binclass,29020,5804,7255,17,2,0.9057201929703652,0.9050493332107412,0.8863186444232973,0.9637306785352244,0.2198723619976473,42.75571203231812,19.59965991973877,ok,,29020,23216,0,7255,0.3101164549589157,36,1e-05,True,42.32331037521362,full_train_epoch_chunks,full train set chunked per epoch | validation=dataset_val_split,30,3,epoch_chunk,accuracy,0.9038594073053068,0.904893177119228,0.9038594073053068,0.904893177119228,4,True,False,
Insurance,/home/crc00006699/zh/tabiclv2/data200/Insurance,binclass,18838,3768,4710,10,2,0.7575371549893843,0.6530303380048618,0.5,0.5011686876143655,0.5558246420149904,16.18404269218445,9.13986325263977,ok,,18838,15070,0,4710,0.5495140254497528,16,1e-05,True,15.98208212852478,full_train_epoch_chunks,full train set chunked per epoch | validation=dataset_val_split,30,2,epoch_chunk,accuracy,0.7579617834394905,0.7579617834394905,0.7579617834394905,0.7579617834394905,0,True,False,
Is-this-a-good-customer,/home/crc00006699/zh/tabiclv2/data200/Is-this-a-good-customer,binclass,1378,276,345,13,2,0.881159420289855,0.8282083919519438,0.4983606557377049,0.7375409836065574,0.3252748770342717,3.0421488285064697,0.4849815368652344,ok,,1378,1102,0,345,0.3233356028795242,8,1e-05,True,2.999636650085449,full_train_epoch_chunks,full train set chunked per epoch | validation=dataset_val_split,30,1,epoch_chunk,accuracy,0.9130434782608696,0.9130434782608696,0.9130434782608696,0.9130434782608696,0,True,False,
KDD,/home/crc00006699/zh/tabiclv2/data200/KDD,binclass,4025,805,1007,45,2,0.8073485600794439,0.8069966175469034,0.8079575492168698,0.9049571941452637,0.3713908185227133,23.25766110420227,2.456604242324829,ok,,4025,3220,0,1007,0.3548104017972946,25,1e-05,True,23.06677532196045,full_train_epoch_chunks,full train set chunked per epoch | validation=dataset_val_split,30,1,epoch_chunk,accuracy,0.8111801242236025,0.8236024844720496,0.8111801242236025,0.8236024844720496,17,True,False,
Long,/home/crc00006699/zh/tabiclv2/data200/Long,binclass,3581,717,896,19,2,0.9944196428571428,0.9944294891772116,0.9949162312654845,0.9998773517796258,0.0131023665763036,4.654267072677612,1.3904733657836914,ok,,3581,2864,0,896,0.0065306492615491,8,1e-05,True,4.583536386489868,full_train_epoch_chunks,full train set chunked per epoch | validation=dataset_val_split,30,1,epoch_chunk,accuracy,0.99860529986053,0.99860529986053,0.99860529986053,0.99860529986053,0,True,False,
MagicTelescope,/home/crc00006699/zh/tabiclv2/data200/MagicTelescope,binclass,15216,3044,3804,9,2,0.8937960042060988,0.8923302550527918,0.871591764590357,0.946707054506308,0.2638650567495672,14.949026823043823,6.513972997665405,ok,,15216,12172,0,3804,0.310226708650589,18,1e-05,True,14.822445154190063,full_train_epoch_chunks,full train set chunked per epoch | validation=dataset_val_split,30,2,epoch_chunk,accuracy,0.8810775295663601,0.8817345597897503,0.8810775295663601,0.8817345597897503,1,True,False,
Mobile_Price_Classification,/home/crc00006699/zh/tabiclv2/data200/Mobile_Price_Classification,multiclass,1600,320,400,20,4,0.97,0.970021230447084,0.97,0.9991833333333332,0.0662828917003123,6.532896280288696,0.7060518264770508,ok,,1600,1280,0,400,0.0482233744114637,16,1e-05,True,6.478013038635254,full_train_epoch_chunks,full train set chunked per epoch | validation=dataset_val_split,30,1,epoch_chunk,accuracy,0.96875,0.975,0.96875,0.975,8,True,False,
Performance-Prediction,/home/crc00006699/zh/tabiclv2/data200/Performance-Prediction,binclass,1072,215,268,19,2,0.7425373134328358,0.7347943489201461,0.7017213555675095,0.8059291136214213,0.5242136456108267,4.099483013153076,0.4555647373199463,ok,,1072,857,0,268,0.5841802358627319,10,1e-05,True,4.054206848144531,full_train_epoch_chunks,full train set chunked per epoch | validation=dataset_val_split,30,1,epoch_chunk,accuracy,0.6883720930232559,0.6930232558139535,0.6883720930232559,0.6930232558139535,2,True,False,
PieChart3,/home/crc00006699/zh/tabiclv2/data200/PieChart3,binclass,861,173,216,37,2,0.8842592592592593,0.8504784688995214,0.5687830687830688,0.8834019204389574,0.2624275506375512,8.083108186721802,1.157688856124878,ok,,861,688,0,216,0.2346070185303688,18,1e-05,True,8.015373229980469,full_train_epoch_chunks,full train set chunked per epoch | validation=dataset_val_split,30,1,epoch_chunk,accuracy,0.8786127167630058,0.8901734104046243,0.8786127167630058,0.8901734104046243,10,True,False,
PizzaCutter3,/home/crc00006699/zh/tabiclv2/data200/PizzaCutter3,binclass,834,167,209,37,2,0.8851674641148325,0.8356831138786027,0.52,0.8923913043478261,0.2508189732548923,5.144208192825317,1.1506879329681396,ok,,834,667,0,209,0.2692628502845764,11,1e-05,True,5.075924634933472,full_train_epoch_chunks,full train set chunked per epoch | validation=dataset_val_split,30,1,epoch_chunk,accuracy,0.8922155688622755,0.8982035928143712,0.8922155688622755,0.8982035928143712,3,True,False,
QSAR_biodegradation,/home/crc00006699/zh/tabiclv2/data200/QSAR_biodegradation,binclass,843,169,211,41,2,0.8862559241706162,0.8844403574544338,0.8587525150905433,0.9510060362173038,0.2741571585187009,6.727720499038696,1.221754789352417,ok,,843,674,0,211,0.2686079889535904,12,1e-05,True,6.612168312072754,full_train_epoch_chunks,full train set chunked per epoch | validation=dataset_val_split,30,1,epoch_chunk,accuracy,0.863905325443787,0.8757396449704142,0.863905325443787,0.8757396449704142,4,True,False,
SDSS17,/home/crc00006699/zh/tabiclv2/data200/SDSS17,multiclass,80000,16000,20000,12,3,0.978,0.9778875289070292,0.9729685039259752,0.9971245394270416,0.0689698126842769,155.14196133613586,109.94604158401488,ok,,80000,64000,0,20000,0.0831151492893695,105,1e-05,True,154.35804390907288,full_train_epoch_chunks,full train set chunked per epoch | validation=dataset_val_split,30,7,epoch_chunk,accuracy,0.9754375,0.9765,0.9754375,0.9765,7,True,False,
Telecom_Churn_Dataset,/home/crc00006699/zh/tabiclv2/data200/Telecom_Churn_Dataset,binclass,2666,534,667,17,2,0.967016491754123,0.9662636073267716,0.9122626153011396,0.9334418520528124,0.1250277401661096,5.072919130325317,0.988323450088501,ok,,2666,2132,0,667,0.1056525371968746,10,1e-05,True,5.012622833251953,full_train_epoch_chunks,full train set chunked per epoch | validation=dataset_val_split,30,1,epoch_chunk,accuracy,0.9625468164794008,0.9662921348314608,0.9625468164794008,0.9662921348314608,2,True,False,
VulNoneVul,/home/crc00006699/zh/tabiclv2/data200/VulNoneVul,binclass,4553,911,1139,16,2,0.9894644424934153,0.9842245601854184,0.5,0.8338879029872819,0.0502200904992575,5.190689086914063,1.6441397666931152,ok,,4553,3642,0,1139,0.0398294162005186,8,1e-05,True,5.114914894104004,full_train_epoch_chunks,full train set chunked per epoch | validation=dataset_val_split,30,1,epoch_chunk,accuracy,0.9890230515916576,0.9890230515916576,0.9890230515916576,0.9890230515916576,0,True,False,
Waterstress,/home/crc00006699/zh/tabiclv2/data200/Waterstress,binclass,950,190,238,22,2,0.8151260504201681,0.8151260504201681,0.8160480735242135,0.8890067161541181,0.4195421644623347,3.2451229095458984,1.008202314376831,ok,,950,760,0,238,0.4234991520643234,8,1e-05,True,3.2005181312561035,full_train_epoch_chunks,full train set chunked per epoch | validation=dataset_val_split,30,1,epoch_chunk,accuracy,0.8263157894736842,0.8263157894736842,0.8263157894736842,0.8263157894736842,0,True,False,
abalone,/home/crc00006699/zh/tabiclv2/data200/abalone,multiclass,3341,669,836,8,3,0.6327751196172249,0.6368896877913274,0.6306167133984878,0.8324081145499411,0.7401289187240251,5.803637504577637,1.0309369564056396,ok,,3341,2672,0,836,0.6796956062316895,14,1e-05,True,5.760031223297119,full_train_epoch_chunks,full train set chunked per epoch | validation=dataset_val_split,30,1,epoch_chunk,accuracy,0.6846038863976084,0.6875934230194319,0.6846038863976084,0.6875934230194319,6,True,False,
ada,/home/crc00006699/zh/tabiclv2/data200/ada,binclass,3317,664,830,48,2,0.8614457831325302,0.8583310265364669,0.7940393950709486,0.9193739108787652,0.3023299694743275,9.294683694839478,1.9720001220703125,ok,,3317,2653,0,830,0.2843948155641556,11,1e-05,True,9.158743858337402,full_train_epoch_chunks,full train set chunked per epoch | validation=dataset_val_split,30,1,epoch_chunk,accuracy,0.8704819277108434,0.875,0.8704819277108434,0.875,3,True,False,
ada_prior,/home/crc00006699/zh/tabiclv2/data200/ada_prior,binclass,3649,730,913,14,2,0.8499452354874042,0.8408022492974179,0.7512939725921834,0.8983412748359256,0.3350067168370229,5.278329849243164,1.259205341339111,ok,,3649,2919,0,913,0.3339346945285797,10,1e-05,True,5.208597421646118,full_train_epoch_chunks,full train set chunked per epoch | validation=dataset_val_split,30,1,epoch_chunk,accuracy,0.8383561643835616,0.8465753424657534,0.8383561643835616,0.8465753424657534,2,True,False,
airlines_seed_0_nrows_2000_nclasses_10_ncols_100_stratify_True,/home/crc00006699/zh/tabiclv2/data200/airlines_seed_0_nrows_2000_nclasses_10_ncols_100_stratify_True,binclass,1600,320,400,7,2,0.615,0.6006266666666666,0.5946958194149206,0.6747899584978236,0.630398290143173,4.247230291366577,0.4536168575286865,ok,,1600,1280,0,400,0.6993982791900635,13,1e-05,True,4.212998151779175,full_train_epoch_chunks,full train set chunked per epoch | validation=dataset_val_split,30,1,epoch_chunk,accuracy,0.65,0.6625,0.65,0.6625,5,True,False,
allrep,/home/crc00006699/zh/tabiclv2/data200/allrep,multiclass,3017,604,755,29,4,0.990728476821192,0.9908667541363152,0.8695083170254403,0.9967439890086232,0.0359017715062191,13.627613306045532,1.3231775760650637,ok,,3017,2413,0,755,0.0176761271432042,23,1e-05,True,13.52058744430542,full_train_epoch_chunks,full train set chunked per epoch | validation=dataset_val_split,30,1,epoch_chunk,accuracy,0.98841059602649,0.9933774834437086,0.98841059602649,0.9933774834437086,15,True,False,
artificial-characters,/home/crc00006699/zh/tabiclv2/data200/artificial-characters,multiclass,8174,1635,2044,7,10,0.9623287671232876,0.9623060688716736,0.9605444193770898,0.9995126132932096,0.0806611085931431,23.22674012184143,2.6869258880615234,ok,,8174,6539,0,2044,0.2235327586531639,30,1e-05,True,23.15747094154358,full_train_epoch_chunks,full train set chunked per epoch | validation=dataset_val_split,30,1,epoch_chunk,accuracy,0.8709480122324159,0.9412844036697248,0.8709480122324159,0.9412844036697248,30,False,False,
autoUniv-au7-1100,/home/crc00006699/zh/tabiclv2/data200/autoUniv-au7-1100,multiclass,880,176,220,12,5,0.4,0.3784723898398275,0.3842760079447764,0.7443416034679065,1.3419055505241353,4.034691333770752,0.7956283092498779,ok,,880,704,0,220,1.2251168489456177,12,1e-05,True,3.9988932609558105,full_train_epoch_chunks,full train set chunked per epoch | validation=dataset_val_split,30,1,epoch_chunk,accuracy,0.5056818181818182,0.5227272727272727,0.5056818181818182,0.5227272727272727,4,True,False,
banknote_authentication,/home/crc00006699/zh/tabiclv2/data200/banknote_authentication,binclass,1097,220,275,4,2,0.5418181818181819,0.439153605015674,0.4944015857709203,0.5229829636772741,0.6874948328667266,3.783999919891357,0.174966812133789,ok,,1097,877,0,275,0.6844224333763123,13,1e-05,True,3.763120174407959,full_train_epoch_chunks,full train set chunked per epoch | validation=dataset_val_split,30,1,epoch_chunk,accuracy,0.5863636363636363,0.5909090909090909,0.5863636363636363,0.5909090909090909,5,True,False,
car-evaluation,/home/crc00006699/zh/tabiclv2/data200/car-evaluation,multiclass,1382,277,346,21,4,0.9855491329479767,0.985510846572902,0.9699959131777314,0.999792215099329,0.0186707875508152,6.478596210479736,0.6020708084106445,ok,,1382,1105,0,346,0.0005075688823126,16,1e-05,True,6.415965080261231,full_train_epoch_chunks,full train set chunked per epoch | validation=dataset_val_split,30,1,epoch_chunk,accuracy,0.9891696750902528,1.0,0.9891696750902528,1.0,8,True,False,
cmc,/home/crc00006699/zh/tabiclv2/data200/cmc,multiclass,1178,236,295,9,3,0.6033898305084746,0.599806352603813,0.5727129989640964,0.7687215818248339,0.8681099080560534,2.886957883834839,0.4090585708618164,ok,,1178,942,0,295,0.9034591615200044,8,1e-05,True,2.85187029838562,full_train_epoch_chunks,full train set chunked per epoch | validation=dataset_val_split,30,1,epoch_chunk,accuracy,0.538135593220339,0.538135593220339,0.538135593220339,0.538135593220339,0,True,False,
compass,/home/crc00006699/zh/tabiclv2/data200/compass,binclass,13315,2663,3329,17,2,0.8684289576449384,0.8684193166531511,0.8684264192076692,0.9402406011781012,0.3050875483134139,53.42507886886597,6.0519843101501465,ok,,13315,10652,0,3329,0.6015997231006622,60,1e-05,True,53.21286392211914,full_train_epoch_chunks,full train set chunked per epoch | validation=dataset_val_split,30,2,epoch_chunk,accuracy,0.7987232444611341,0.8558017273751408,0.7987232444611341,0.8558017273751408,26,False,False,
contraceptive_method_choice,/home/crc00006699/zh/tabiclv2/data200/contraceptive_method_choice,multiclass,1178,236,295,9,3,0.6305084745762712,0.6288440956438235,0.6030352439483256,0.7946898513962969,0.8243269164408545,4.924896478652954,0.4508769512176513,ok,,1178,942,0,295,0.884850263595581,15,1e-05,True,4.891553640365601,full_train_epoch_chunks,full train set chunked per epoch | validation=dataset_val_split,30,1,epoch_chunk,accuracy,0.5423728813559322,0.559322033898305,0.5423728813559322,0.559322033898305,7,True,False,
credit-g,/home/crc00006699/zh/tabiclv2/data200/credit-g,binclass,800,160,200,20,2,0.79,0.774077578051088,0.6976190476190476,0.845,0.4398521337343888,4.794027805328369,0.8104915618896484,ok,,800,640,0,200,0.4855244159698486,13,1e-05,True,4.7386791706085205,full_train_epoch_chunks,full train set chunked per epoch | validation=dataset_val_split,30,1,epoch_chunk,accuracy,0.76875,0.7875,0.76875,0.7875,5,True,False,
dabetes_130-us_hospitals,/home/crc00006699/zh/tabiclv2/data200/dabetes_130-us_hospitals,binclass,81412,16283,20354,20,2,0.6440011791294095,0.6405154392083798,0.636590226169101,0.7024721590618591,0.6197533020980011,118.16675639152528,119.64252185821532,ok,,81412,65129,0,20354,0.6195190250873566,63,1e-05,True,116.62408304214478,full_train_epoch_chunks,full train set chunked per epoch | validation=dataset_val_split,30,7,epoch_chunk,accuracy,0.6533808266289995,0.6542406190505435,0.6533808266289995,0.6542406190505435,1,True,False,
delta_ailerons,/home/crc00006699/zh/tabiclv2/data200/delta_ailerons,binclass,5703,1141,1426,5,2,0.9509116409537168,0.9509158082115524,0.9508108673802852,0.9830688363515016,0.1581991721124207,9.978471040725708,1.3544766902923584,ok,,5703,4562,0,1426,0.1520269960165023,19,1e-05,True,9.939160585403442,full_train_epoch_chunks,full train set chunked per epoch | validation=dataset_val_split,30,1,epoch_chunk,accuracy,0.9430324276950044,0.9456617002629272,0.9430324276950044,0.9456617002629272,11,True,False,
dna,/home/crc00006699/zh/tabiclv2/data200/dna,multiclass,2548,510,638,180,3,0.974921630094044,0.9750168040961048,0.9745709996287568,0.9979393067115194,0.0804024449289985,33.09185481071472,5.74424147605896,ok,,2548,2038,0,638,0.1247895210981369,16,1e-05,True,32.48297476768494,full_train_epoch_chunks,full train set chunked per epoch | validation=dataset_val_split,30,1,epoch_chunk,accuracy,0.9686274509803922,0.9725490196078432,0.9686274509803922,0.9725490196078432,8,True,False,
dry_bean_dataset,/home/crc00006699/zh/tabiclv2/data200/dry_bean_dataset,multiclass,10888,2178,2723,16,7,0.9294895336026442,0.92948704883804,0.9394881342250944,0.996043064642232,0.1862787030653694,23.3799946308136,4.6140220165252686,ok,,10888,8710,0,2723,0.1756834015250206,17,1e-05,True,23.214854955673218,full_train_epoch_chunks,full train set chunked per epoch | validation=dataset_val_split,30,1,epoch_chunk,accuracy,0.9315886134067952,0.9352617079889808,0.9315886134067952,0.9352617079889808,9,True,False,
electricity,/home/crc00006699/zh/tabiclv2/data200/electricity,binclass,36249,7250,9063,8,2,0.948582147191879,0.948555273267047,0.9468742213708656,0.9899260090535258,0.1272186931947187,106.72912788391112,25.73794627189636,ok,,36249,28999,0,9063,0.2049314454197883,90,1e-05,True,106.43895983695984,full_train_epoch_chunks,full train set chunked per epoch | validation=dataset_val_split,30,3,epoch_chunk,accuracy,0.9165517241379312,0.9500689655172414,0.9165517241379312,0.9500689655172414,28,False,False,
eucalyptus,/home/crc00006699/zh/tabiclv2/data200/eucalyptus,multiclass,588,118,148,19,5,0.7432432432432432,0.7473137751839779,0.7315436501483015,0.9430070124936816,0.5886794269292612,3.218036651611328,0.6252169609069824,ok,,588,470,0,148,0.7499499619007111,8,1e-05,True,3.1762311458587646,full_train_epoch_chunks,full train set chunked per epoch | validation=dataset_val_split,30,1,epoch_chunk,accuracy,0.7457627118644068,0.7457627118644068,0.7457627118644068,0.7457627118644068,0,True,False,
eye_movements_bin,/home/crc00006699/zh/tabiclv2/data200/eye_movements_bin,binclass,6086,1218,1522,20,2,0.7036793692509855,0.7036116850284224,0.7036793692509855,0.7931934777015511,0.5289230535850571,26.239845275878903,2.4347028732299805,ok,,6086,4868,0,1522,0.5837230086326599,30,1e-05,True,26.11055636405945,full_train_epoch_chunks,full train set chunked per epoch | validation=dataset_val_split,30,1,epoch_chunk,accuracy,0.6165845648604269,0.6880131362889984,0.6165845648604269,0.6880131362889984,23,False,False,
gas-drift,/home/crc00006699/zh/tabiclv2/data200/gas-drift,multiclass,11128,2226,2782,128,6,0.9971243709561468,0.9971239510816552,0.9969872270355647,0.999961442686494,0.0126050408070162,6.1118693351745605,16.37100338935852,ok,,11128,8902,0,2782,,0,1e-05,False,4.371606111526489,full_train_epoch_chunks,"full train set chunked per epoch | validation=dataset_val_split | FT OOM; used original model parameters for inference: OutOfMemoryError: CUDA out of memory. Tried to allocate 574.00 MiB. GPU 0 has a total capacity of 23.57 GiB of which 320.00 MiB is free. Process 81034 has 23.25 GiB memory in use. Of the allocated memory 21.54 GiB is allocated by PyTorch, and 1.39 GiB is reserved by PyTorch but unallocated. If reserved but unallocated memory is large try setting PYTORCH_CUDA_ALLOC_CONF=expandable_segments:True to avoid fragmentation. See documentation for Memory Management (https://pytorch.org/docs/stable/notes/cuda.html#environment-variables)",0,0,,,,,,,0,False,True,"FT OOM; used original model parameters for inference: OutOfMemoryError: CUDA out of memory. Tried to allocate 574.00 MiB. GPU 0 has a total capacity of 23.57 GiB of which 320.00 MiB is free. Process 81034 has 23.25 GiB memory in use. Of the allocated memory 21.54 GiB is allocated by PyTorch, and 1.39 GiB is reserved by PyTorch but unallocated. If reserved but unallocated memory is large try setting PYTORCH_CUDA_ALLOC_CONF=expandable_segments:True to avoid fragmentation. See documentation for Memory Management (https://pytorch.org/docs/stable/notes/cuda.html#environment-variables)"
helena,/home/crc00006699/zh/tabiclv2/data200/helena,multiclass,52156,10432,13040,27,100,0.4319018404907975,0.4053339950306844,0.2842501527265307,0.9088375306320472,2.344786922158371,2.613977670669556,102.18046522140504,ok,,52156,41724,0,13040,,0,1e-05,False,1.2159185409545898,full_train_epoch_chunks,full train set chunked per epoch | validation=dataset_val_split | FT training skipped because n_classes=100 exceeds model max_classes=10,0,0,epoch_chunk,,,,,,0,False,False,
hill-valley,/home/crc00006699/zh/tabiclv2/data200/hill-valley,binclass,969,194,243,100,2,0.97119341563786,0.971187559946766,0.9711421216637312,0.998645170031161,0.0757526934454686,12.39646291732788,1.073925495147705,ok,,969,775,0,243,0.140738870948553,17,1e-05,True,12.25069808959961,full_train_epoch_chunks,full train set chunked per epoch | validation=dataset_val_split,30,1,epoch_chunk,accuracy,0.9381443298969072,0.9587628865979382,0.9381443298969072,0.9587628865979382,9,True,False,
htru,/home/crc00006699/zh/tabiclv2/data200/htru,binclass,14318,2864,3580,8,2,0.9807262569832402,0.980550644789143,0.9331949569495694,0.9871767467674676,0.0612966660362969,12.544538974761965,5.82554817199707,ok,,14318,11454,0,3580,0.0607829354703426,16,1e-05,True,12.440930366516112,full_train_epoch_chunks,full train set chunked per epoch | validation=dataset_val_split,30,2,epoch_chunk,accuracy,0.9783519553072626,0.9783519553072626,0.9783519553072626,0.9783519553072626,0,True,False,
in_vehicle_coupon_recommendation,/home/crc00006699/zh/tabiclv2/data200/in_vehicle_coupon_recommendation,binclass,10147,2030,2537,21,2,0.7903035080804099,0.7889829580712516,0.7813611865812956,0.8636558812912051,0.4544066640249743,26.426923990249637,4.52416205406189,ok,,10147,8117,0,2537,0.4846758991479873,19,1e-05,True,26.178194761276245,full_train_epoch_chunks,full train set chunked per epoch | validation=dataset_val_split,30,1,epoch_chunk,accuracy,0.7586206896551724,0.7620689655172413,0.7586206896551724,0.7620689655172413,11,True,False,
internet_usage,/home/crc00006699/zh/tabiclv2/data200/internet_usage,multiclass,8086,1618,2022,70,46,0.5479723046488625,0.4731272802539192,0.191577087226973,0.936430713323848,1.3643453193015862,1.713749885559082,15.69481086730957,ok,,8086,6468,0,2022,,0,1e-05,False,0.8125884532928467,full_train_epoch_chunks,full train set chunked per epoch | validation=dataset_val_split | FT training skipped because n_classes=46 exceeds model max_classes=10,0,0,epoch_chunk,,,,,,0,False,False,
jm1,/home/crc00006699/zh/tabiclv2/data200/jm1,binclass,8708,1742,2177,21,2,0.8213137344970143,0.7881559613848492,0.5975968379874363,0.7670917221714217,0.4195724816659328,32.76693558692932,3.819038391113281,ok,,8708,6966,0,2177,0.4087928384542465,27,1e-05,True,32.603899002075195,full_train_epoch_chunks,full train set chunked per epoch | validation=dataset_val_split,30,1,epoch_chunk,accuracy,0.8151549942594719,0.830654420206659,0.8151549942594719,0.830654420206659,19,True,False,
kc1,/home/crc00006699/zh/tabiclv2/data200/kc1,binclass,1687,338,422,21,2,0.8720379146919431,0.855423482647913,0.6601163542340013,0.8573798750269338,0.3033007341997834,3.603258609771729,0.7036943435668945,ok,,1687,1349,0,422,0.3353226631879806,8,1e-05,True,3.54780387878418,full_train_epoch_chunks,full train set chunked per epoch | validation=dataset_val_split,30,1,epoch_chunk,accuracy,0.878698224852071,0.878698224852071,0.878698224852071,0.878698224852071,0,True,False,
kr-vs-k,/home/crc00006699/zh/tabiclv2/data200/kr-vs-k,multiclass,22444,4489,5612,6,18,0.9158945117605132,0.9159337387772432,0.8953149566962462,0.9977910505314356,0.2431800660393063,0.9681317806243896,25.96938920021057,ok,,22444,17955,0,5612,,0,1e-05,False,0.4691622257232666,full_train_epoch_chunks,full train set chunked per epoch | validation=dataset_val_split | FT training skipped because n_classes=18 exceeds model max_classes=10,0,0,epoch_chunk,,,,,,0,False,False,
kropt,/home/crc00006699/zh/tabiclv2/data200/kropt,multiclass,22444,4489,5612,6,18,0.916607270135424,0.916514481383922,0.9011895151362236,0.99781331988162,0.2399566742539352,1.0220122337341309,25.966875076293945,ok,,22444,17955,0,5612,,0,1e-05,False,0.4978792667388916,full_train_epoch_chunks,full train set chunked per epoch | validation=dataset_val_split | FT training skipped because n_classes=18 exceeds model max_classes=10,0,0,epoch_chunk,,,,,,0,False,False,
led24,/home/crc00006699/zh/tabiclv2/data200/led24,multiclass,2560,512,640,24,10,0.734375,0.7303142598611669,0.7341527864499513,0.9578246977092584,0.7804697804125131,5.900380849838257,1.1073601245880127,ok,,2560,2048,0,640,0.6805493235588074,8,1e-05,True,5.8032543659210205,full_train_epoch_chunks,full train set chunked per epoch | validation=dataset_val_split,30,1,epoch_chunk,accuracy,0.734375,0.734375,0.734375,0.734375,0,True,False,
letter,/home/crc00006699/zh/tabiclv2/data200/letter,multiclass,16000,3200,4000,15,26,0.99025,0.9902487746696088,0.9901775161245834,0.9999782544706878,0.0255735566576012,1.0368332862854004,18.02871608734131,ok,,16000,12800,0,4000,,0,1e-05,False,0.4928739070892334,full_train_epoch_chunks,full train set chunked per epoch | validation=dataset_val_split | FT training skipped because n_classes=26 exceeds model max_classes=10,0,0,epoch_chunk,,,,,,0,False,False,
mammography,/home/crc00006699/zh/tabiclv2/data200/mammography,binclass,8946,1790,2237,6,2,0.9888243182834152,0.9880426288676926,0.8159346945960217,0.9869565217391304,0.0319306766987241,7.123449563980103,2.186791181564331,ok,,8946,7156,0,2237,0.0320495478808879,8,1e-05,True,7.050740480422974,full_train_epoch_chunks,full train set chunked per epoch | validation=dataset_val_split,30,1,epoch_chunk,accuracy,0.9871508379888267,0.9871508379888267,0.9871508379888267,0.9871508379888267,0,True,False,
mfeat-factors,/home/crc00006699/zh/tabiclv2/data200/mfeat-factors,multiclass,1600,320,400,216,10,0.9825,0.9824984372558212,0.9825,0.999784722222222,0.072916576999816,14.08977437019348,4.390141725540161,ok,,1600,1280,0,400,0.0293230330571532,8,1e-05,True,13.7025785446167,full_train_epoch_chunks,full train set chunked per epoch | validation=dataset_val_split,30,1,epoch_chunk,accuracy,0.9875,0.9875,0.9875,0.9875,0,True,False,
mfeat-karhunen,/home/crc00006699/zh/tabiclv2/data200/mfeat-karhunen,multiclass,1600,320,400,64,10,0.975,0.9750794090323092,0.975,0.9996805555555556,0.093921643216966,5.91982626914978,1.2990751266479492,ok,,1600,1280,0,400,0.0197483301162719,8,1e-05,True,5.795086622238159,full_train_epoch_chunks,full train set chunked per epoch | validation=dataset_val_split,30,1,epoch_chunk,accuracy,0.98125,0.98125,0.98125,0.98125,0,True,False,
mfeat-pixel,/home/crc00006699/zh/tabiclv2/data200/mfeat-pixel,multiclass,1600,320,400,240,10,0.975,0.974917899198145,0.975,0.9996527777777778,0.1181330506835711,28.35585117340088,5.046974897384644,ok,,1600,1280,0,400,0.04386742785573,13,1e-05,True,27.67364835739136,full_train_epoch_chunks,full train set chunked per epoch | validation=dataset_val_split,30,1,epoch_chunk,accuracy,0.978125,0.98125,0.978125,0.98125,5,True,False,
mice_protein_expression,/home/crc00006699/zh/tabiclv2/data200/mice_protein_expression,multiclass,864,173,216,75,8,1.0,1.0,1.0,1.0,1.7478725206893282e-06,5.28160285949707,0.8711490631103516,ok,,864,691,0,216,5.520038030226715e-05,8,1e-05,True,5.164674282073975,full_train_epoch_chunks,full train set chunked per epoch | validation=dataset_val_split,30,1,epoch_chunk,accuracy,1.0,1.0,1.0,1.0,0,True,False,
mobile_c36_oversampling,/home/crc00006699/zh/tabiclv2/data200/mobile_c36_oversampling,binclass,41408,8282,10352,6,2,0.9942040185471408,0.9941981087024064,0.992928772296798,0.9993952465940252,0.0228044250643133,44.42264485359192,23.39696502685547,ok,,41408,33126,0,10352,0.0767985433340072,44,1e-05,True,44.2347195148468,full_train_epoch_chunks,full train set chunked per epoch | validation=dataset_val_split,30,4,epoch_chunk,accuracy,0.9940835546969332,0.9948080173871046,0.9940835546969332,0.9948080173871046,3,True,False,
naticusdroid+android+permissions+dataset,/home/crc00006699/zh/tabiclv2/data200/naticusdroid+android+permissions+dataset,binclass,23465,4693,5867,86,2,0.972387932503835,0.9723873597466766,0.9724006377405764,0.995559405860055,0.0768577399924825,7.798094272613525,28.260720014572144,ok,,23465,18772,0,5867,,0,1e-05,False,5.59687089920044,full_train_epoch_chunks,"full train set chunked per epoch | validation=dataset_val_split | FT OOM; used original model parameters for inference: OutOfMemoryError: CUDA out of memory. Tried to allocate 440.00 MiB. GPU 0 has a total capacity of 23.57 GiB of which 280.00 MiB is free. Process 81034 has 23.29 GiB memory in use. Of the allocated memory 21.50 GiB is allocated by PyTorch, and 1.48 GiB is reserved by PyTorch but unallocated. If reserved but unallocated memory is large try setting PYTORCH_CUDA_ALLOC_CONF=expandable_segments:True to avoid fragmentation. See documentation for Memory Management (https://pytorch.org/docs/stable/notes/cuda.html#environment-variables)",0,0,,,,,,,0,False,True,"FT OOM; used original model parameters for inference: OutOfMemoryError: CUDA out of memory. Tried to allocate 440.00 MiB. GPU 0 has a total capacity of 23.57 GiB of which 280.00 MiB is free. Process 81034 has 23.29 GiB memory in use. Of the allocated memory 21.50 GiB is allocated by PyTorch, and 1.48 GiB is reserved by PyTorch but unallocated. If reserved but unallocated memory is large try setting PYTORCH_CUDA_ALLOC_CONF=expandable_segments:True to avoid fragmentation. See documentation for Memory Management (https://pytorch.org/docs/stable/notes/cuda.html#environment-variables)"
okcupid_stem,/home/crc00006699/zh/tabiclv2/data200/okcupid_stem,multiclass,21341,4269,5336,13,3,0.7524362818590704,0.6995354139314095,0.4983717273497483,0.8099680677040112,0.5884642330673181,25.05518364906311,11.449296951293944,ok,,21341,17072,0,5336,0.5901643335819244,20,1e-05,True,24.7675096988678,full_train_epoch_chunks,full train set chunked per epoch | validation=dataset_val_split,30,2,epoch_chunk,accuracy,0.7514640431014289,0.7516982899976575,0.7514640431014289,0.7516982899976575,2,True,False,
one-hundred-plants-shape,/home/crc00006699/zh/tabiclv2/data200/one-hundred-plants-shape,multiclass,1280,256,320,64,100,0.834375,0.8249900793650793,0.8325000000000001,0.9962427541295638,0.5673660998302068,0.9199895858764648,6.396498441696167,ok,,1280,1024,0,320,,0,1e-05,False,0.4571354389190674,full_train_epoch_chunks,full train set chunked per epoch | validation=dataset_val_split | FT training skipped because n_classes=100 exceeds model max_classes=10,0,0,epoch_chunk,,,,,,0,False,False,
online_shoppers,/home/crc00006699/zh/tabiclv2/data200/online_shoppers,binclass,9864,1973,2466,14,2,0.9063260340632604,0.9009936934227998,0.7724723899870366,0.9300542151118972,0.2267711032690383,12.487898588180542,3.9489552974700928,ok,,9864,7891,0,2466,0.2174565941095352,10,1e-05,True,12.337058782577516,full_train_epoch_chunks,full train set chunked per epoch | validation=dataset_val_split,30,1,epoch_chunk,accuracy,0.905727318803852,0.9062341611758744,0.905727318803852,0.9062341611758744,2,True,False,
ozone-level-8hr,/home/crc00006699/zh/tabiclv2/data200/ozone-level-8hr,binclass,2027,406,507,72,2,0.9546351084812624,0.9455028296657256,0.6697697368421053,0.9482894736842103,0.1224025864567814,7.098432302474976,1.6490836143493652,ok,,2027,1621,0,507,0.1242869906127452,8,1e-05,True,6.931538820266724,full_train_epoch_chunks,full train set chunked per epoch | validation=dataset_val_split,30,1,epoch_chunk,accuracy,0.9507389162561576,0.9507389162561576,0.9507389162561576,0.9507389162561576,0,True,False,
page-blocks,/home/crc00006699/zh/tabiclv2/data200/page-blocks,multiclass,4378,876,1095,10,5,0.978082191780822,0.9778181155463576,0.8997337700951306,0.9916228010956571,0.0861866854737385,5.651116847991943,1.3654553890228271,ok,,4378,3502,0,1095,0.0743579380214214,10,1e-05,True,5.596909999847412,full_train_epoch_chunks,full train set chunked per epoch | validation=dataset_val_split,30,1,epoch_chunk,accuracy,0.9714611872146118,0.9726027397260274,0.9714611872146118,0.9726027397260274,2,True,False,
pc3,/home/crc00006699/zh/tabiclv2/data200/pc3,binclass,1250,250,313,37,2,0.9009584664536742,0.8713234468060816,0.5571619217081851,0.8374110320284697,0.2627435446228592,6.672555923461914,0.7264976501464844,ok,,1250,1000,0,313,0.2185900136828422,12,1e-05,True,6.598897218704224,full_train_epoch_chunks,full train set chunked per epoch | validation=dataset_val_split,30,1,epoch_chunk,accuracy,0.88,0.888,0.88,0.888,4,True,False,
pendigits,/home/crc00006699/zh/tabiclv2/data200/pendigits,multiclass,8793,1759,2199,16,10,0.9977262391996362,0.9977270042310732,0.997667584180136,0.9997600254589794,0.01230942306665,9.398954391479492,4.257148265838623,ok,,8793,7034,0,2199,0.0063129882328212,8,1e-05,True,9.2679181098938,full_train_epoch_chunks,full train set chunked per epoch | validation=dataset_val_split,30,1,epoch_chunk,accuracy,0.9977259806708356,0.9977259806708356,0.9977259806708356,0.9977259806708356,0,True,False,
phoneme,/home/crc00006699/zh/tabiclv2/data200/phoneme,binclass,4323,865,1081,5,2,0.906567992599445,0.9064374281630474,0.8859130097279799,0.9656011032751416,0.2185934489171107,3.853792667388916,0.8571240901947021,ok,,4323,3458,0,1081,0.1993609294295311,8,1e-05,True,3.816185712814331,full_train_epoch_chunks,full train set chunked per epoch | validation=dataset_val_split,30,1,epoch_chunk,accuracy,0.9283236994219654,0.9283236994219654,0.9283236994219654,0.9283236994219654,0,True,False,
predict_students_dropout_and_academic_success,/home/crc00006699/zh/tabiclv2/data200/predict_students_dropout_and_academic_success,multiclass,3539,708,885,34,3,0.784180790960452,0.7783470816531739,0.7112353060087191,0.8939836365585881,0.5503155775342758,8.360458135604858,1.7586708068847656,ok,,3539,2831,0,885,0.5843759775161743,10,1e-05,True,8.190077304840088,full_train_epoch_chunks,full train set chunked per epoch | validation=dataset_val_split,30,1,epoch_chunk,accuracy,0.8022598870056498,0.8036723163841808,0.8022598870056498,0.8036723163841808,2,True,False,
ringnorm,/home/crc00006699/zh/tabiclv2/data200/ringnorm,binclass,5920,1184,1480,20,2,0.979054054054054,0.9790506964596818,0.9789690823320568,0.9971527766363316,0.0610140575428169,12.523162603378296,2.3774607181549072,ok,,5920,4736,0,1480,0.0589034873992204,15,1e-05,True,12.411141633987429,full_train_epoch_chunks,full train set chunked per epoch | validation=dataset_val_split,30,1,epoch_chunk,accuracy,0.981418918918919,0.9822635135135136,0.981418918918919,0.9822635135135136,7,True,False,
satimage,/home/crc00006699/zh/tabiclv2/data200/satimage,multiclass,5144,1029,1286,36,6,0.9447900466562986,0.9436476717129948,0.9280399169956328,0.9970636871561602,0.1261677769112475,26.854119777679443,2.734130620956421,ok,,5144,4115,0,1286,0.1226961463689804,27,1e-05,True,26.690494298934937,full_train_epoch_chunks,full train set chunked per epoch | validation=dataset_val_split,30,1,epoch_chunk,accuracy,0.9300291545189504,0.9426627793974732,0.9300291545189504,0.9426627793974732,19,True,False,
seismic+bumps,/home/crc00006699/zh/tabiclv2/data200/seismic+bumps,binclass,2067,414,517,18,2,0.9342359767891684,0.9024719535783364,0.5,0.7320058458165876,0.2271811541571356,3.734781265258789,0.7538580894470215,ok,,2067,1653,0,517,0.2189943343400955,8,1e-05,True,3.679553985595703,full_train_epoch_chunks,full train set chunked per epoch | validation=dataset_val_split,30,1,epoch_chunk,accuracy,0.9347826086956522,0.9347826086956522,0.9347826086956522,0.9347826086956522,0,True,False,
shill-bidding,/home/crc00006699/zh/tabiclv2/data200/shill-bidding,binclass,5056,1012,1265,3,2,0.9098814229249012,0.8867610212839742,0.6016475433951162,0.9022205728957716,0.2109645458904957,9.481833934783936,0.5226075649261475,ok,,5056,4044,0,1265,0.2085578888654709,22,1e-05,True,9.449517250061035,full_train_epoch_chunks,full train set chunked per epoch | validation=dataset_val_split,30,1,epoch_chunk,accuracy,0.8893280632411067,0.8992094861660079,0.8893280632411067,0.8992094861660079,14,True,False,
shuttle,/home/crc00006699/zh/tabiclv2/data200/shuttle,multiclass,46400,9280,11600,9,7,0.9994827586206896,0.9994704433497538,0.9200565168382852,0.9999959497331338,0.0009954447556888,38.45855522155762,39.69968700408936,ok,,46400,37120,0,11600,0.0007493218872696,27,1e-05,True,38.09451746940613,full_train_epoch_chunks,full train set chunked per epoch | validation=dataset_val_split,30,4,epoch_chunk,accuracy,0.9998922413793104,0.9998922413793104,0.9998922413793104,0.9998922413793104,0,True,False,
splice,/home/crc00006699/zh/tabiclv2/data200/splice,multiclass,2552,511,638,60,3,0.962382445141066,0.9623113030355264,0.9548976354556592,0.9968383869937832,0.097452847844998,8.255228757858276,1.8303852081298828,ok,,2552,2041,0,638,0.0726617202162742,8,1e-05,True,8.021474361419678,full_train_epoch_chunks,full train set chunked per epoch | validation=dataset_val_split,30,1,epoch_chunk,accuracy,0.9706457925636008,0.9706457925636008,0.9706457925636008,0.9706457925636008,0,True,False,
statlog,/home/crc00006699/zh/tabiclv2/data200/statlog,binclass,800,160,200,20,2,0.725,0.7123486682808717,0.6369047619047619,0.7584523809523811,0.5209763784181919,5.011990070343018,0.823760986328125,ok,,800,640,0,200,0.4413336515426636,13,1e-05,True,4.957657814025879,full_train_epoch_chunks,full train set chunked per epoch | validation=dataset_val_split,30,1,epoch_chunk,accuracy,0.775,0.78125,0.775,0.78125,5,True,False,
svmguide3,/home/crc00006699/zh/tabiclv2/data200/svmguide3,binclass,994,199,249,22,2,0.891566265060241,0.88213499157922,0.7816611842105263,0.9308296783625732,0.2681862394685412,6.663179159164429,1.0059947967529297,ok,,994,795,0,249,0.2255789563059806,15,1e-05,True,6.593682765960693,full_train_epoch_chunks,full train set chunked per epoch | validation=dataset_val_split,30,1,epoch_chunk,accuracy,0.8442211055276382,0.8592964824120602,0.8442211055276382,0.8592964824120602,7,True,False,
taiwanese_bankruptcy_prediction,/home/crc00006699/zh/tabiclv2/data200/taiwanese_bankruptcy_prediction,binclass,5455,1091,1364,95,2,0.9721407624633432,0.9650922998087764,0.6121212121212121,0.933996212121212,0.0873616759986658,34.070273876190186,6.2541821002960205,ok,,5455,4364,0,1364,0.0805375277996063,18,1e-05,True,33.62331509590149,full_train_epoch_chunks,full train set chunked per epoch | validation=dataset_val_split,30,1,epoch_chunk,accuracy,0.9670027497708524,0.9706691109074244,0.9670027497708524,0.9706691109074244,10,True,False,
texture,/home/crc00006699/zh/tabiclv2/data200/texture,multiclass,4400,880,1100,40,11,1.0,1.0,1.0,1.0,3.2006555887389944e-05,1.0008015632629397,5.922351598739624,ok,,4400,3520,0,1100,,0,1e-05,False,0.4899148941040039,full_train_epoch_chunks,full train set chunked per epoch | validation=dataset_val_split | FT training skipped because n_classes=11 exceeds model max_classes=10,0,0,epoch_chunk,,,,,,0,False,False,
thyroid-ann,/home/crc00006699/zh/tabiclv2/data200/thyroid-ann,multiclass,3017,604,755,21,3,0.9933774834437086,0.9933902864131448,0.9551852410395616,0.9997159172251004,0.0147744126914541,8.552246332168579,1.1927814483642578,ok,,3017,2413,0,755,0.0174137623980641,16,1e-05,True,8.482679843902588,full_train_epoch_chunks,full train set chunked per epoch | validation=dataset_val_split,30,1,epoch_chunk,accuracy,0.9950331125827816,1.0,0.9950331125827816,1.0,8,True,False,
turiye_student_evaluation,/home/crc00006699/zh/tabiclv2/data200/turiye_student_evaluation,multiclass,4656,932,1164,32,5,0.5223367697594502,0.4938379990655593,0.4117611049804209,0.7698627284173905,1.178661133986423,8.771878957748413,2.2261133193969727,ok,,4656,3724,0,1164,1.1838566064834597,10,1e-05,True,8.629209518432617,full_train_epoch_chunks,full train set chunked per epoch | validation=dataset_val_split,30,1,epoch_chunk,accuracy,0.5118025751072961,0.5128755364806867,0.5118025751072961,0.5128755364806867,2,True,False,
vehicle,/home/crc00006699/zh/tabiclv2/data200/vehicle,multiclass,676,136,170,18,4,0.8764705882352941,0.874646619160595,0.8768939393939393,0.9756141211219336,0.2525630665108271,3.592586040496826,0.6772239208221436,ok,,676,540,0,170,0.2842370271682739,10,1e-05,True,3.5558340549468994,full_train_epoch_chunks,full train set chunked per epoch | validation=dataset_val_split,30,1,epoch_chunk,accuracy,0.9044117647058824,0.9117647058823528,0.9044117647058824,0.9117647058823528,2,True,False,
wall-robot-navigation,/home/crc00006699/zh/tabiclv2/data200/wall-robot-navigation,multiclass,4364,873,1092,24,4,0.9945054945054944,0.994514342086013,0.9923727066584208,0.999957206028934,0.013556977322198,8.910131692886353,1.8087186813354488,ok,,4364,3491,0,1092,0.0133777814917266,12,1e-05,True,8.800435781478882,full_train_epoch_chunks,full train set chunked per epoch | validation=dataset_val_split,30,1,epoch_chunk,accuracy,0.9828178694158076,0.986254295532646,0.9828178694158076,0.986254295532646,4,True,False,
waveform-5000,/home/crc00006699/zh/tabiclv2/data200/waveform-5000,multiclass,4000,800,1000,40,3,0.868,0.8679296542051033,0.8681540010845147,0.9784452974627418,0.2596421993786096,15.430376768112184,2.1966123580932617,ok,,4000,3200,0,1000,0.2514301091432571,17,1e-05,True,15.281317949295044,full_train_epoch_chunks,full train set chunked per epoch | validation=dataset_val_split,30,1,epoch_chunk,accuracy,0.8775,0.88125,0.8775,0.88125,9,True,False,
website_phishing,/home/crc00006699/zh/tabiclv2/data200/website_phishing,multiclass,1082,217,271,9,3,0.922509225092251,0.9228747867522754,0.9293650793650792,0.9792973239100023,0.2389135508413563,2.963947534561157,0.3773584365844726,ok,,1082,865,0,271,0.3049310743808746,8,1e-05,True,2.928886890411377,full_train_epoch_chunks,full train set chunked per epoch | validation=dataset_val_split,30,1,epoch_chunk,accuracy,0.9170506912442395,0.9170506912442395,0.9170506912442395,0.9170506912442395,0,True,False,
wine-quality-red,/home/crc00006699/zh/tabiclv2/data200/wine-quality-red,multiclass,1279,256,320,4,6,0.659375,0.6455583662229789,0.3814899918300654,0.8238250008018454,0.804671475913804,6.980167627334595,0.3739864826202392,ok,,1279,1023,0,320,0.8064402639865875,23,1e-05,True,6.957129716873169,full_train_epoch_chunks,full train set chunked per epoch | validation=dataset_val_split,30,1,epoch_chunk,accuracy,0.62890625,0.66015625,0.62890625,0.66015625,15,True,False,
yeast,/home/crc00006699/zh/tabiclv2/data200/yeast,multiclass,1187,238,297,8,10,0.6363636363636364,0.6295246256754505,0.5827663569804015,0.8848174033001719,0.9757499744280048,3.0576510429382324,0.4234895706176758,ok,,1187,949,0,297,0.9730782210826874,8,1e-05,True,3.028276205062866,full_train_epoch_chunks,full train set chunked per epoch | validation=dataset_val_split,30,1,epoch_chunk,accuracy,0.5588235294117647,0.5588235294117647,0.5588235294117647,0.5588235294117647,0,True,False,
