dataset_name,dataset_dir,task_type,n_train,n_val,n_test,n_features,n_classes,accuracy,f1,balanced_accuracy,roc_auc,log_loss,fit_seconds,predict_seconds,status,error,n_train_a,n_train_b,n_holdout_c,n_test_d,ttt_loss,ttt_steps,ttt_lr,ttt_applied,ttt_update_seconds,ttt_split_strategy,ttt_split_reason,ttt_epochs,ttt_chunks_per_epoch,ttt_batch_mode,ttt_val_eval_metric,ttt_val_baseline_metric,ttt_val_best_metric,ttt_val_baseline_accuracy,ttt_val_best_accuracy,ttt_best_epoch,ttt_stopped_early,ttt_oom_fallback,ttt_fallback_reason,ttt_c_selection,ttt_c_source,ttt_c_metric,ttt_c_reserve_ratio,ttt_c_f_distance_mean,ttt_c_f_distance_std,ttt_c_fallback_reason,ttt_c_label_coverage_ok
Amazon_employee_access,/home/crc00006699/zh/tabiclv2/data184/Amazon_employee_access,binclass,26215,5243,6554,7,2,0.9458346048214832,0.9306582341653272,0.5787172721737366,0.828064691869719,0.1699380823612616,227.95784401893616,5.271047592163086,ok,,26215,20972,0,6554,,90,1e-05,True,221.6859920024872,tabpfn_finetune_epoch_chunks_f_mmd,dataset_val_split | c_selection=f_mmd | c_source=test | c_metric=standardized_l2 | c_reserve_ratio=0.05,30,21,tabpfn_finetuning_api_f_mmd_grad_accum10,acc,0.9473583826053786,0.9496471485790576,,,6,True,False,,f_mmd,test,standardized_l2,0.05,3.292286528586573,0.5375259991056084,,True
BNG(breast-w),/home/crc00006699/zh/tabiclv2/data184/BNG(breast-w),binclass,31492,6299,7874,9,2,0.9875539751079502,0.987570117518662,0.9875290746809692,0.9991083466713264,0.0347927908772077,242.82188844680783,7.296665191650391,ok,,31492,25193,0,7874,,90,1e-05,True,242.82144284248352,tabpfn_finetune_epoch_chunks_f_mmd,dataset_val_split | c_selection=f_mmd | c_source=test | c_metric=standardized_l2 | c_reserve_ratio=0.05,30,26,tabpfn_finetuning_api_f_mmd_grad_accum10,acc,0.9868233052865534,0.9872995713605334,,,5,True,False,,f_mmd,test,standardized_l2,0.05,4.256595768111833,0.7721378163839929,,True
BNG(tic-tac-toe),/home/crc00006699/zh/tabiclv2/data184/BNG(tic-tac-toe),binclass,31492,6299,7874,9,2,0.8021336042672086,0.7929656773540283,0.749156266750024,0.8774511216906793,0.422472159878515,158.91679668426514,7.33631706237793,ok,,31492,25193,0,7874,,90,1e-05,True,158.9163269996643,tabpfn_finetune_epoch_chunks_f_mmd,dataset_val_split | c_selection=f_mmd | c_source=test | c_metric=standardized_l2 | c_reserve_ratio=0.05,30,26,tabpfn_finetuning_api_f_mmd_grad_accum10,acc,0.8094935704080013,0.8094935704080013,,,0,True,False,,f_mmd,test,standardized_l2,0.05,1.840668238660797,0.1141530029581303,,True
Basketball_c,/home/crc00006699/zh/tabiclv2/data184/Basketball_c,binclass,1072,215,268,11,2,0.7126865671641791,0.7105483766648094,0.6886959603118357,0.7368296716276872,0.5783502929757435,12.564399242401125,0.465717077255249,ok,,1072,857,0,268,,30,1e-05,True,12.563851356506348,tabpfn_finetune_epoch_chunks_f_mmd,dataset_val_split | c_selection=f_mmd | c_source=test | c_metric=standardized_l2 | c_reserve_ratio=0.05,30,1,tabpfn_finetuning_api_f_mmd_grad_accum10,acc,0.7627906976744186,0.7674418604651163,,,5,True,False,,f_mmd,test,standardized_l2,0.05,4.580026916701444,1.8472818550739765,,True
Cardiovascular-Disease-dataset,/home/crc00006699/zh/tabiclv2/data184/Cardiovascular-Disease-dataset,binclass,56000,11200,14000,11,2,0.6935,0.6913555377157791,0.6935476958523088,0.7699662208052966,0.5906284122978109,303.90299129486084,19.545100450515747,ok,,56000,44800,0,14000,,150,1e-05,True,303.9025123119354,tabpfn_finetune_epoch_chunks_f_mmd,dataset_val_split | c_selection=f_mmd | c_source=test | c_metric=standardized_l2 | c_reserve_ratio=0.05,30,45,tabpfn_finetuning_api_f_mmd_grad_accum10,acc,0.7340178571428572,0.7340178571428572,,,0,True,False,,f_mmd,test,standardized_l2,0.05,28.66852511947049,22.517459905422427,,True
Contaminant-detection-in-packaged-cocoa-hazelnut-spread-jars-using-Microwaves-Sensing-and-Machine-Learning-10.0GHz(Urbinati),/home/crc00006699/zh/tabiclv2/data184/Contaminant-detection-in-packaged-cocoa-hazelnut-spread-jars-using-Microwaves-Sensing-and-Machine-Learning-10.0GHz(Urbinati),binclass,1920,384,480,30,2,0.9708333333333332,0.9708394101442228,0.971635150166852,0.990770995550612,0.1046632633020748,8.332930326461792,0.4662995338439941,ok,,1920,1536,0,480,,30,1e-05,True,8.332281589508057,tabpfn_finetune_epoch_chunks_f_mmd,dataset_val_split | c_selection=f_mmd | c_source=test | c_metric=standardized_l2 | c_reserve_ratio=0.05,30,2,tabpfn_finetuning_api_f_mmd_grad_accum10,acc,0.96875,0.96875,,,0,True,False,,f_mmd,test,standardized_l2,0.05,3.4741110173005367,0.5011058777592458,,True
Contaminant-detection-in-packaged-cocoa-hazelnut-spread-jars-using-Microwaves-Sensing-and-Machine-Learning-11.0GHz(Urbinati),/home/crc00006699/zh/tabiclv2/data184/Contaminant-detection-in-packaged-cocoa-hazelnut-spread-jars-using-Microwaves-Sensing-and-Machine-Learning-11.0GHz(Urbinati),binclass,1920,384,480,30,2,0.9583333333333334,0.9583449106233212,0.9588431590656286,0.991883342602892,0.1157187852777287,8.217226505279541,0.4627878665924072,ok,,1920,1536,0,480,,30,1e-05,True,8.216797590255737,tabpfn_finetune_epoch_chunks_f_mmd,dataset_val_split | c_selection=f_mmd | c_source=test | c_metric=standardized_l2 | c_reserve_ratio=0.05,30,2,tabpfn_finetuning_api_f_mmd_grad_accum10,acc,0.9791666666666666,0.9791666666666666,,,0,True,False,,f_mmd,test,standardized_l2,0.05,2.770015941600811,0.3098385256639118,,True
Contaminant-detection-in-packaged-cocoa-hazelnut-spread-jars-using-Microwaves-Sensing-and-Machine-Learning-9.5GHz(Urbinati),/home/crc00006699/zh/tabiclv2/data184/Contaminant-detection-in-packaged-cocoa-hazelnut-spread-jars-using-Microwaves-Sensing-and-Machine-Learning-9.5GHz(Urbinati),binclass,1920,384,480,30,2,0.9520833333333332,0.9520964383339628,0.9526557285873192,0.9925264182424915,0.1108539534272684,10.626794338226318,0.4626774787902832,ok,,1920,1536,0,480,,30,1e-05,True,10.62634015083313,tabpfn_finetune_epoch_chunks_f_mmd,dataset_val_split | c_selection=f_mmd | c_source=test | c_metric=standardized_l2 | c_reserve_ratio=0.05,30,2,tabpfn_finetuning_api_f_mmd_grad_accum10,acc,0.9479166666666666,0.9557291666666666,,,2,True,False,,f_mmd,test,standardized_l2,0.05,3.064720688473775,0.2426838793946008,,True
Customer_Personality_Analysis,/home/crc00006699/zh/tabiclv2/data184/Customer_Personality_Analysis,binclass,1792,359,448,24,2,0.8973214285714286,0.8844566891441892,0.7059192227837192,0.8978140792102478,0.2610446573737617,8.809170246124268,0.4705266952514648,ok,,1792,1433,0,448,,30,1e-05,True,8.808696985244751,tabpfn_finetune_epoch_chunks_f_mmd,dataset_val_split | c_selection=f_mmd | c_source=test | c_metric=standardized_l2 | c_reserve_ratio=0.05,30,2,tabpfn_finetuning_api_f_mmd_grad_accum10,acc,0.883008356545961,0.883008356545961,,,0,True,False,,f_mmd,test,standardized_l2,0.05,4.669495286517383,1.1691989332092023,,True
E-CommereShippingData,/home/crc00006699/zh/tabiclv2/data184/E-CommereShippingData,binclass,8799,1760,2200,10,2,0.6777272727272727,0.6657480172844104,0.7278129295888569,0.7329922524816872,0.503971198781586,58.68880486488342,1.238412857055664,ok,,8799,7039,0,2200,,30,1e-05,True,58.68843364715576,tabpfn_finetune_epoch_chunks_f_mmd,dataset_val_split | c_selection=f_mmd | c_source=test | c_metric=standardized_l2 | c_reserve_ratio=0.05,30,8,tabpfn_finetuning_api_f_mmd_grad_accum10,acc,0.6835227272727272,0.6857954545454545,,,3,True,False,,f_mmd,test,standardized_l2,0.05,2.453454175753887,0.4152366514204146,,True
FICO-HELOC-cleaned,/home/crc00006699/zh/tabiclv2/data184/FICO-HELOC-cleaned,binclass,7896,1580,1975,23,2,0.7427848101265823,0.7425060840606664,0.7416026033470431,0.8217563964023191,0.5185818337417272,53.82664251327515,1.4160284996032717,ok,,7896,6316,0,1975,,30,1e-05,True,53.8262414932251,tabpfn_finetune_epoch_chunks_f_mmd,dataset_val_split | c_selection=f_mmd | c_source=test | c_metric=standardized_l2 | c_reserve_ratio=0.05,30,7,tabpfn_finetuning_api_f_mmd_grad_accum10,acc,0.7430379746835443,0.7455696202531645,,,3,True,False,,f_mmd,test,standardized_l2,0.05,4.388408920887234,3.237580346660799,,True
FOREX_audcad-hour-High,/home/crc00006699/zh/tabiclv2/data184/FOREX_audcad-hour-High,binclass,35060,7012,8765,10,2,0.7119224187107815,0.7119185039411534,0.7125483994252362,0.7878666910129416,0.5555428981276449,167.1348056793213,8.666682243347168,ok,,35060,28048,0,8765,,90,1e-05,True,167.13434267044067,tabpfn_finetune_epoch_chunks_f_mmd,dataset_val_split | c_selection=f_mmd | c_source=test | c_metric=standardized_l2 | c_reserve_ratio=0.05,30,29,tabpfn_finetuning_api_f_mmd_grad_accum10,acc,0.7124928693667998,0.7124928693667998,,,0,True,False,,f_mmd,test,standardized_l2,0.05,5.6222286616907455,4.117268150670175,,True
FOREX_audjpy-day-High,/home/crc00006699/zh/tabiclv2/data184/FOREX_audjpy-day-High,binclass,1465,293,367,10,2,0.7166212534059946,0.7033703035652609,0.7104809464360027,0.806610784138874,0.5630774966344709,7.774141788482666,0.4604289531707763,ok,,1465,1172,0,367,,30,1e-05,True,7.773642301559448,tabpfn_finetune_epoch_chunks_f_mmd,dataset_val_split | c_selection=f_mmd | c_source=test | c_metric=standardized_l2 | c_reserve_ratio=0.05,30,2,tabpfn_finetuning_api_f_mmd_grad_accum10,acc,0.757679180887372,0.757679180887372,,,0,True,False,,f_mmd,test,standardized_l2,0.05,4.970620801922387,1.6582297571052538,,True
FOREX_audsgd-hour-High,/home/crc00006699/zh/tabiclv2/data184/FOREX_audsgd-hour-High,binclass,35060,7012,8765,10,2,0.6972047917855105,0.6972047917855105,0.6969401709348262,0.7686346610986321,0.5769986961929201,188.00131487846372,8.6772940158844,ok,,35060,28048,0,8765,,90,1e-05,True,188.00085520744324,tabpfn_finetune_epoch_chunks_f_mmd,dataset_val_split | c_selection=f_mmd | c_source=test | c_metric=standardized_l2 | c_reserve_ratio=0.05,30,29,tabpfn_finetuning_api_f_mmd_grad_accum10,acc,0.6906731317741015,0.698374215630348,,,1,True,False,,f_mmd,test,standardized_l2,0.05,4.280463084784537,1.4710287293609097,,True
FOREX_cadjpy-day-High,/home/crc00006699/zh/tabiclv2/data184/FOREX_cadjpy-day-High,binclass,1467,294,367,10,2,0.7193460490463215,0.7187781983351167,0.7194701829413161,0.7920230458541221,0.5527925663264697,9.747473001480104,0.4558835029602051,ok,,1467,1173,0,367,,30,1e-05,True,9.747012376785278,tabpfn_finetune_epoch_chunks_f_mmd,dataset_val_split | c_selection=f_mmd | c_source=test | c_metric=standardized_l2 | c_reserve_ratio=0.05,30,2,tabpfn_finetuning_api_f_mmd_grad_accum10,acc,0.6972789115646258,0.7074829931972789,,,2,True,False,,f_mmd,test,standardized_l2,0.05,5.276405738110375,1.913419578032162,,True
Firm-Teacher_Clave-Direction_Classification,/home/crc00006699/zh/tabiclv2/data184/Firm-Teacher_Clave-Direction_Classification,multiclass,8640,1728,2160,16,4,0.8763888888888889,0.8752359486599441,0.7987824738517074,0.9716366791605422,0.315453693929861,99.22015976905824,1.3977196216583252,ok,,8640,6912,0,2160,,30,1e-05,True,99.21974778175354,tabpfn_finetune_epoch_chunks_f_mmd,dataset_val_split | c_selection=f_mmd | c_source=test | c_metric=standardized_l2 | c_reserve_ratio=0.05,30,7,tabpfn_finetuning_api_f_mmd_grad_accum10,acc,0.8703703703703703,0.8755787037037037,,,12,True,False,,f_mmd,test,standardized_l2,0.05,1.2753295393379591,0.0033491415437393,,True
GAMETES_Epistasis_2-Way_20atts_0.1H_EDM-1_1,/home/crc00006699/zh/tabiclv2/data184/GAMETES_Epistasis_2-Way_20atts_0.1H_EDM-1_1,binclass,1280,256,320,20,2,0.675,0.6698412698412699,0.675,0.7475,0.5863267034638705,13.640825033187866,0.4772472381591797,ok,,1280,1024,0,320,,30,1e-05,True,13.64043664932251,tabpfn_finetune_epoch_chunks_f_mmd,dataset_val_split | c_selection=f_mmd | c_source=test | c_metric=standardized_l2 | c_reserve_ratio=0.05,30,2,tabpfn_finetuning_api_f_mmd_grad_accum10,acc,0.6484375,0.65234375,,,5,True,False,,f_mmd,test,standardized_l2,0.05,2.251024782293219,0.2753977890508893,,True
Gender_Gap_in_Spanish_WP,/home/crc00006699/zh/tabiclv2/data184/Gender_Gap_in_Spanish_WP,multiclass,3796,760,950,13,3,0.611578947368421,0.5553135302008507,0.4154049820689192,0.7048751614893026,0.795199247067525,28.028881072998047,0.656449556350708,ok,,3796,3036,0,950,,30,1e-05,True,28.028512954711918,tabpfn_finetune_epoch_chunks_f_mmd,dataset_val_split | c_selection=f_mmd | c_source=test | c_metric=standardized_l2 | c_reserve_ratio=0.05,30,4,tabpfn_finetuning_api_f_mmd_grad_accum10,acc,0.6236842105263158,0.6289473684210526,,,4,True,False,,f_mmd,test,standardized_l2,0.05,16.06636408176092,25.18565443908366,,True
HR_Analytics_Job_Change_of_Data_Scientists,/home/crc00006699/zh/tabiclv2/data184/HR_Analytics_Job_Change_of_Data_Scientists,binclass,15326,3066,3832,13,2,0.7875782881002088,0.7771198184388579,0.6759542644588695,0.8032039628248593,0.4357815831450842,196.51402163505557,2.585549831390381,ok,,15326,12260,0,3832,,60,1e-05,True,196.5135216712952,tabpfn_finetune_epoch_chunks_f_mmd,dataset_val_split | c_selection=f_mmd | c_source=test | c_metric=standardized_l2 | c_reserve_ratio=0.05,30,13,tabpfn_finetuning_api_f_mmd_grad_accum10,acc,0.8065883887801696,0.8101761252446184,,,13,True,False,,f_mmd,test,standardized_l2,0.05,2.573771214111816,0.319901195906939,,True
INNHotelsGroup,/home/crc00006699/zh/tabiclv2/data184/INNHotelsGroup,binclass,29020,5804,7255,17,2,0.8997932460372157,0.8989507476706484,0.8784599593997623,0.9612734137438136,0.2265020706141369,187.2760870456696,6.86863374710083,ok,,29020,23216,0,7255,,90,1e-05,True,187.27557229995728,tabpfn_finetune_epoch_chunks_f_mmd,dataset_val_split | c_selection=f_mmd | c_source=test | c_metric=standardized_l2 | c_reserve_ratio=0.05,30,24,tabpfn_finetuning_api_f_mmd_grad_accum10,acc,0.9017918676774638,0.9036871123363198,,,2,True,False,,f_mmd,test,standardized_l2,0.05,6.2520365150830175,8.140369759821743,,True
Intersectional-Bias-Assessment,/home/crc00006699/zh/tabiclv2/data184/Intersectional-Bias-Assessment,binclass,8800,1760,2200,19,2,0.945,0.9450003750006974,0.945029592107449,0.9904037436226756,0.1305238035496952,65.99584889411926,1.4501254558563232,ok,,8800,7040,0,2200,,30,1e-05,True,65.99532127380371,tabpfn_finetune_epoch_chunks_f_mmd,dataset_val_split | c_selection=f_mmd | c_source=test | c_metric=standardized_l2 | c_reserve_ratio=0.05,30,8,tabpfn_finetuning_api_f_mmd_grad_accum10,acc,0.95,0.9528409090909092,,,4,True,False,,f_mmd,test,standardized_l2,0.05,2.251822504345752,0.285713297985702,,True
JapaneseVowels,/home/crc00006699/zh/tabiclv2/data184/JapaneseVowels,multiclass,7968,1594,1993,14,9,0.9979929754139488,0.9979921919501537,0.997596788102583,0.9999929739409686,0.007545272158802,36.07612323760986,1.187833309173584,ok,,7968,6374,0,1993,,30,1e-05,True,36.07573747634888,tabpfn_finetune_epoch_chunks_f_mmd,dataset_val_split | c_selection=f_mmd | c_source=test | c_metric=standardized_l2 | c_reserve_ratio=0.05,30,7,tabpfn_finetuning_api_f_mmd_grad_accum10,acc,0.9968632371392724,0.9968632371392724,,,0,True,False,,f_mmd,test,standardized_l2,0.05,2.4456335228079564,0.3404253678036432,,True
KDDCup09_upselling,/home/crc00006699/zh/tabiclv2/data184/KDDCup09_upselling,binclass,4102,821,1026,49,2,0.8206627680311891,0.8186533872808383,0.8206627680311891,0.9110837522656544,0.3614097882915754,47.46631836891174,1.2983603477478027,ok,,4102,3281,0,1026,,30,1e-05,True,47.46591258049011,tabpfn_finetune_epoch_chunks_f_mmd,dataset_val_split | c_selection=f_mmd | c_source=test | c_metric=standardized_l2 | c_reserve_ratio=0.05,30,4,tabpfn_finetuning_api_f_mmd_grad_accum10,acc,0.805115712545676,0.807551766138855,,,8,True,False,,f_mmd,test,standardized_l2,0.05,7.420286391070116,13.97904121928162,,True
MIC,/home/crc00006699/zh/tabiclv2/data184/MIC,binclass,1319,264,330,104,2,0.8939393939393939,0.8805994981075049,0.7049335863377609,0.886007449574812,0.2680863480793327,12.947284936904907,0.5990700721740723,ok,,1319,1055,0,330,,30,1e-05,True,12.946905612945557,tabpfn_finetune_epoch_chunks_f_mmd,dataset_val_split | c_selection=f_mmd | c_source=test | c_metric=standardized_l2 | c_reserve_ratio=0.05,30,2,tabpfn_finetuning_api_f_mmd_grad_accum10,acc,0.8674242424242424,0.8674242424242424,,,0,True,False,,f_mmd,test,standardized_l2,0.05,5.712530890529896,2.467797472822338,,True
Marketing_Campaign,/home/crc00006699/zh/tabiclv2/data184/Marketing_Campaign,binclass,1792,359,448,27,2,0.8883928571428571,0.8756301392063871,0.6945195283425393,0.9291730324754182,0.2331684874900179,8.714470148086548,0.4749376773834228,ok,,1792,1433,0,448,,30,1e-05,True,8.714074611663818,tabpfn_finetune_epoch_chunks_f_mmd,dataset_val_split | c_selection=f_mmd | c_source=test | c_metric=standardized_l2 | c_reserve_ratio=0.05,30,2,tabpfn_finetuning_api_f_mmd_grad_accum10,acc,0.9080779944289692,0.9080779944289692,,,0,True,False,,f_mmd,test,standardized_l2,0.05,4.270192666814627,2.0658881644198885,,True
National_Health_and_Nutrition_Health_Survey,/home/crc00006699/zh/tabiclv2/data184/National_Health_and_Nutrition_Health_Survey,binclass,1822,365,456,7,2,0.8289473684210527,0.7870718191201876,0.5378232411745771,0.7780678851174936,0.3802120538746447,7.843517065048218,0.4597663879394531,ok,,1822,1457,0,456,,30,1e-05,True,7.843145847320557,tabpfn_finetune_epoch_chunks_f_mmd,dataset_val_split | c_selection=f_mmd | c_source=test | c_metric=standardized_l2 | c_reserve_ratio=0.05,30,2,tabpfn_finetuning_api_f_mmd_grad_accum10,acc,0.8547945205479452,0.8547945205479452,,,0,True,False,,f_mmd,test,standardized_l2,0.05,7.836993826876294,8.42613031023602,,True
PhishingWebsites,/home/crc00006699/zh/tabiclv2/data184/PhishingWebsites,binclass,8844,1769,2211,30,2,0.9773857982813208,0.9773657436379608,0.9762583099852452,0.9982542814038694,0.0536622213278605,72.74886870384216,1.7827157974243164,ok,,8844,7075,0,2211,,30,1e-05,True,72.74845862388611,tabpfn_finetune_epoch_chunks_f_mmd,dataset_val_split | c_selection=f_mmd | c_source=test | c_metric=standardized_l2 | c_reserve_ratio=0.05,30,8,tabpfn_finetuning_api_f_mmd_grad_accum10,acc,0.9768230638778972,0.9785189372526852,,,4,True,False,,f_mmd,test,standardized_l2,0.05,3.13740568581607,0.4450906341788809,,True
Pima_Indians_Diabetes_Database,/home/crc00006699/zh/tabiclv2/data184/Pima_Indians_Diabetes_Database,binclass,614,123,154,8,2,0.7597402597402597,0.7539924190641895,0.717037037037037,0.8677777777777778,0.458819314794169,7.724601745605469,0.4623939990997314,ok,,614,491,0,154,,30,1e-05,True,7.724143981933594,tabpfn_finetune_epoch_chunks_f_mmd,dataset_val_split | c_selection=f_mmd | c_source=test | c_metric=standardized_l2 | c_reserve_ratio=0.05,30,1,tabpfn_finetuning_api_f_mmd_grad_accum10,acc,0.7886178861788617,0.7886178861788617,,,0,True,False,,f_mmd,test,standardized_l2,0.05,4.29744305286492,1.2550670932773182,,True
Pumpkin_Seeds,/home/crc00006699/zh/tabiclv2/data184/Pumpkin_Seeds,binclass,2000,400,500,12,2,0.856,0.8537977909940526,0.8516025641025642,0.9477403846153848,0.3423772590330777,8.363450288772583,0.6454281806945801,ok,,2000,1600,0,500,,30,1e-05,True,8.36225700378418,tabpfn_finetune_epoch_chunks_f_mmd,dataset_val_split | c_selection=f_mmd | c_source=test | c_metric=standardized_l2 | c_reserve_ratio=0.05,30,2,tabpfn_finetuning_api_f_mmd_grad_accum10,acc,0.8775,0.8775,,,0,True,False,,f_mmd,test,standardized_l2,0.05,4.323479325957342,1.5603260508387091,,True
Rain_in_Australia,/home/crc00006699/zh/tabiclv2/data184/Rain_in_Australia,multiclass,116368,23274,29092,18,3,0.8589302901141207,0.8516117070199533,0.7123578532689038,0.9207412967596752,0.3459380257136028,780.9687323570251,32.83503007888794,ok,,116368,93094,0,29092,,300,1e-05,True,780.9682269096375,tabpfn_finetune_epoch_chunks_f_mmd,dataset_val_split | c_selection=f_mmd | c_source=test | c_metric=standardized_l2 | c_reserve_ratio=0.05,30,94,tabpfn_finetuning_api_f_mmd_grad_accum10,acc,0.8537423734639512,0.854215003866976,,,1,True,False,,f_mmd,test,standardized_l2,0.05,3.850753167286425,2.15847620080007,,True
Shipping,/home/crc00006699/zh/tabiclv2/data184/Shipping,binclass,8799,1760,2200,9,2,0.6881818181818182,0.6786670591358085,0.7299771752810427,0.7340054182043132,0.4991807082384166,84.31199526786804,1.2166707515716553,ok,,8799,7039,0,2200,,30,1e-05,True,84.3114538192749,tabpfn_finetune_epoch_chunks_f_mmd,dataset_val_split | c_selection=f_mmd | c_source=test | c_metric=standardized_l2 | c_reserve_ratio=0.05,30,8,tabpfn_finetuning_api_f_mmd_grad_accum10,acc,0.6789772727272727,0.6801136363636363,,,8,True,False,,f_mmd,test,standardized_l2,0.05,2.561527694548379,0.4757888573816627,,True
VulNoneVul,/home/crc00006699/zh/tabiclv2/data184/VulNoneVul,binclass,4553,911,1139,16,2,0.9894644424934153,0.9842245601854184,0.5,0.8664596273291925,0.0498084607606197,19.25947880744934,0.7558693885803223,ok,,4553,3642,0,1139,,30,1e-05,True,19.259024143218998,tabpfn_finetune_epoch_chunks_f_mmd,dataset_val_split | c_selection=f_mmd | c_source=test | c_metric=standardized_l2 | c_reserve_ratio=0.05,30,4,tabpfn_finetuning_api_f_mmd_grad_accum10,acc,0.9890230515916576,0.9890230515916576,,,0,True,False,,f_mmd,test,standardized_l2,0.05,10.153225176024176,10.6086821471123,,True
Waterstress,/home/crc00006699/zh/tabiclv2/data184/Waterstress,binclass,950,190,238,22,2,0.7563025210084033,0.7562163235413011,0.7557440791799221,0.8427006009190526,0.5505760642625455,7.833474397659302,0.4742884635925293,ok,,950,760,0,238,,30,1e-05,True,7.833080530166626,tabpfn_finetune_epoch_chunks_f_mmd,dataset_val_split | c_selection=f_mmd | c_source=test | c_metric=standardized_l2 | c_reserve_ratio=0.05,30,1,tabpfn_finetuning_api_f_mmd_grad_accum10,acc,0.7842105263157895,0.7842105263157895,,,0,True,False,,f_mmd,test,standardized_l2,0.05,6.664162551711219,1.4893363023500836,,True
abalone,/home/crc00006699/zh/tabiclv2/data184/abalone,multiclass,3341,669,836,8,3,0.6399521531100478,0.6429582275428644,0.6380634734670535,0.8295778063364557,0.7436970642007018,14.034628629684448,0.6114192008972168,ok,,3341,2672,0,836,,30,1e-05,True,14.03424596786499,tabpfn_finetune_epoch_chunks_f_mmd,dataset_val_split | c_selection=f_mmd | c_source=test | c_metric=standardized_l2 | c_reserve_ratio=0.05,30,3,tabpfn_finetuning_api_f_mmd_grad_accum10,acc,0.70254110612855,0.70254110612855,,,0,True,False,,f_mmd,test,standardized_l2,0.05,4.872209562829453,4.526663270284375,,True
ada,/home/crc00006699/zh/tabiclv2/data184/ada,binclass,3317,664,830,48,2,0.8361445783132531,0.8182152490559252,0.7056727657455812,0.9103731018172766,0.3271399680031741,17.298441410064697,1.126392126083374,ok,,3317,2653,0,830,,30,1e-05,True,17.29804801940918,tabpfn_finetune_epoch_chunks_f_mmd,dataset_val_split | c_selection=f_mmd | c_source=test | c_metric=standardized_l2 | c_reserve_ratio=0.05,30,3,tabpfn_finetuning_api_f_mmd_grad_accum10,acc,0.875,0.875,,,0,True,False,,f_mmd,test,standardized_l2,0.05,3.8821350821610414,3.281398895363939,,True
ada_prior,/home/crc00006699/zh/tabiclv2/data184/ada_prior,binclass,3649,730,913,14,2,0.8455640744797371,0.8365123624456259,0.7469047404990945,0.8916402306674714,0.3476469196395825,14.912578344345093,0.6942925453186035,ok,,3649,2919,0,913,,30,1e-05,True,14.912152290344238,tabpfn_finetune_epoch_chunks_f_mmd,dataset_val_split | c_selection=f_mmd | c_source=test | c_metric=standardized_l2 | c_reserve_ratio=0.05,30,3,tabpfn_finetuning_api_f_mmd_grad_accum10,acc,0.8356164383561644,0.8356164383561644,,,0,True,False,,f_mmd,test,standardized_l2,0.05,4.213768319027777,2.999319335537124,,True
airlines_seed_0_nrows_2000_nclasses_10_ncols_100_stratify_True,/home/crc00006699/zh/tabiclv2/data184/airlines_seed_0_nrows_2000_nclasses_10_ncols_100_stratify_True,binclass,1600,320,400,7,2,0.61,0.5993706385780118,0.5924182609575868,0.6562278570705538,0.6428444890187782,12.167604207992554,0.4623725414276123,ok,,1600,1280,0,400,,30,1e-05,True,12.167206764221191,tabpfn_finetune_epoch_chunks_f_mmd,dataset_val_split | c_selection=f_mmd | c_source=test | c_metric=standardized_l2 | c_reserve_ratio=0.05,30,2,tabpfn_finetuning_api_f_mmd_grad_accum10,acc,0.65,0.66875,,,4,True,False,,f_mmd,test,standardized_l2,0.05,2.519760960365528,0.4749052057318933,,True
allrep,/home/crc00006699/zh/tabiclv2/data184/allrep,multiclass,3017,604,755,29,4,0.9867549668874172,0.9864058036234388,0.7820083170254403,0.9972958605810192,0.0332609391455609,16.37042260169983,0.8196954727172852,ok,,3017,2413,0,755,,30,1e-05,True,16.369946479797363,tabpfn_finetune_epoch_chunks_f_mmd,dataset_val_split | c_selection=f_mmd | c_source=test | c_metric=standardized_l2 | c_reserve_ratio=0.05,30,3,tabpfn_finetuning_api_f_mmd_grad_accum10,acc,0.9917218543046358,0.9917218543046358,,,0,True,False,,f_mmd,test,standardized_l2,0.05,4.909218600959469,3.846745218535933,,True
artificial-characters,/home/crc00006699/zh/tabiclv2/data184/artificial-characters,multiclass,8174,1635,2044,7,10,0.8683953033268101,0.8684704618454676,0.8629054920811001,0.9943864437352896,0.2733738882352069,119.8201277256012,1.0954034328460691,ok,,8174,6539,0,2044,,30,1e-05,True,119.81957864761353,tabpfn_finetune_epoch_chunks_f_mmd,dataset_val_split | c_selection=f_mmd | c_source=test | c_metric=standardized_l2 | c_reserve_ratio=0.05,30,7,tabpfn_finetuning_api_f_mmd_grad_accum10,acc,0.8538226299694189,0.8697247706422019,,,19,True,False,,f_mmd,test,standardized_l2,0.05,3.448615283359992,0.9527396432115166,,True
autoUniv-au7-1100,/home/crc00006699/zh/tabiclv2/data184/autoUniv-au7-1100,multiclass,880,176,220,12,5,0.4272727272727272,0.4024665014449048,0.4047026421487718,0.729235182186083,1.3896752450506076,11.720599889755247,0.4983794689178467,ok,,880,704,0,220,,30,1e-05,True,11.7200825214386,tabpfn_finetune_epoch_chunks_f_mmd,dataset_val_split | c_selection=f_mmd | c_source=test | c_metric=standardized_l2 | c_reserve_ratio=0.05,30,1,tabpfn_finetuning_api_f_mmd_grad_accum10,acc,0.4772727272727273,0.4943181818181818,,,3,True,False,,f_mmd,test,standardized_l2,0.05,1.819417358002407,0.0817604692692741,,True
banknote_authentication,/home/crc00006699/zh/tabiclv2/data184/banknote_authentication,binclass,1097,220,275,4,2,0.509090909090909,0.4349242799226034,0.4683113682631523,0.4784099432122576,0.6980417827391213,13.880590915679932,0.5735347270965576,ok,,1097,877,0,275,,30,1e-05,True,13.880206108093262,tabpfn_finetune_epoch_chunks_f_mmd,dataset_val_split | c_selection=f_mmd | c_source=test | c_metric=standardized_l2 | c_reserve_ratio=0.05,30,1,tabpfn_finetuning_api_f_mmd_grad_accum10,acc,0.5545454545454546,0.5772727272727273,,,6,True,False,,f_mmd,test,standardized_l2,0.05,4.3185916616191244,1.0112856072925027,,True
car-evaluation,/home/crc00006699/zh/tabiclv2/data184/car-evaluation,multiclass,1382,277,346,21,4,0.9971098265895952,0.9971161578316884,0.9989669421487604,0.999987930285328,0.0161870388802188,10.976370096206663,0.4823706150054931,ok,,1382,1105,0,346,,30,1e-05,True,10.975895404815674,tabpfn_finetune_epoch_chunks_f_mmd,dataset_val_split | c_selection=f_mmd | c_source=test | c_metric=standardized_l2 | c_reserve_ratio=0.05,30,2,tabpfn_finetuning_api_f_mmd_grad_accum10,acc,0.9927797833935018,1.0,,,2,True,False,,f_mmd,test,standardized_l2,0.05,1.2854933727395064,0.0041006102284221,,True
cmc,/home/crc00006699/zh/tabiclv2/data184/cmc,multiclass,1178,236,295,9,3,0.5932203389830508,0.5906718027734977,0.5650784360178566,0.7618168802355063,0.8810480544487596,8.228454113006592,0.4652349948883056,ok,,1178,942,0,295,,30,1e-05,True,8.22806453704834,tabpfn_finetune_epoch_chunks_f_mmd,dataset_val_split | c_selection=f_mmd | c_source=test | c_metric=standardized_l2 | c_reserve_ratio=0.05,30,1,tabpfn_finetuning_api_f_mmd_grad_accum10,acc,0.559322033898305,0.559322033898305,,,0,True,False,,f_mmd,test,standardized_l2,0.05,3.158996617404467,0.5584780100985566,,True
compass,/home/crc00006699/zh/tabiclv2/data184/compass,binclass,13315,2663,3329,17,2,0.8386902973866026,0.8386902973866026,0.8386903730653731,0.9084369224994224,0.3839196668406231,80.74743866920471,2.299952983856201,ok,,13315,10652,0,3329,,60,1e-05,True,80.74700355529785,tabpfn_finetune_epoch_chunks_f_mmd,dataset_val_split | c_selection=f_mmd | c_source=test | c_metric=standardized_l2 | c_reserve_ratio=0.05,30,11,tabpfn_finetuning_api_f_mmd_grad_accum10,acc,0.8227562898986106,0.8261359369132557,,,2,True,False,,f_mmd,test,standardized_l2,0.05,5.491297860237987,4.697550924704953,,True
contraceptive_method_choice,/home/crc00006699/zh/tabiclv2/data184/contraceptive_method_choice,multiclass,1178,236,295,9,3,0.6135593220338983,0.6144059674206761,0.5943067110758067,0.7785027408586123,0.8520121368624446,8.315654516220093,0.4623103141784668,ok,,1178,942,0,295,,30,1e-05,True,8.315213203430176,tabpfn_finetune_epoch_chunks_f_mmd,dataset_val_split | c_selection=f_mmd | c_source=test | c_metric=standardized_l2 | c_reserve_ratio=0.05,30,1,tabpfn_finetuning_api_f_mmd_grad_accum10,acc,0.5338983050847458,0.5338983050847458,,,0,True,False,,f_mmd,test,standardized_l2,0.05,3.188844304160777,0.5644437069734135,,True
credit-g,/home/crc00006699/zh/tabiclv2/data184/credit-g,binclass,800,160,200,20,2,0.795,0.7839495276388478,0.7154761904761905,0.8394047619047619,0.4415511777507106,11.2153959274292,0.4764139652252197,ok,,800,640,0,200,,30,1e-05,True,11.2150137424469,tabpfn_finetune_epoch_chunks_f_mmd,dataset_val_split | c_selection=f_mmd | c_source=test | c_metric=standardized_l2 | c_reserve_ratio=0.05,30,1,tabpfn_finetuning_api_f_mmd_grad_accum10,acc,0.775,0.78125,,,2,True,False,,f_mmd,test,standardized_l2,0.05,2.7437561514303046,0.3917983502035587,,True
dabetes_130-us_hospitals,/home/crc00006699/zh/tabiclv2/data184/dabetes_130-us_hospitals,binclass,81412,16283,20354,20,2,0.6367790114965117,0.6299372606053193,0.626559116385265,0.6922214116025678,0.6261953926630595,499.3004059791565,27.11257743835449,ok,,81412,65129,0,20354,,210,1e-05,True,499.2999265193939,tabpfn_finetune_epoch_chunks_f_mmd,dataset_val_split | c_selection=f_mmd | c_source=test | c_metric=standardized_l2 | c_reserve_ratio=0.05,30,66,tabpfn_finetuning_api_f_mmd_grad_accum10,acc,0.6514770005527237,0.6514770005527237,,,0,True,False,,f_mmd,test,standardized_l2,0.05,3.416398600764033,3.135845227963943,,True
delta_ailerons,/home/crc00006699/zh/tabiclv2/data184/delta_ailerons,binclass,5703,1141,1426,5,2,0.9516129032258064,0.9516228118283788,0.9516451337096912,0.9832356896173828,0.1530401246417347,23.94580364227295,0.9346015453338624,ok,,5703,4562,0,1426,,30,1e-05,True,23.94529867172241,tabpfn_finetune_epoch_chunks_f_mmd,dataset_val_split | c_selection=f_mmd | c_source=test | c_metric=standardized_l2 | c_reserve_ratio=0.05,30,5,tabpfn_finetuning_api_f_mmd_grad_accum10,acc,0.943908851884312,0.943908851884312,,,0,True,False,,f_mmd,test,standardized_l2,0.05,3.681354216577326,1.061726211637006,,True
dna,/home/crc00006699/zh/tabiclv2/data184/dna,multiclass,2548,510,638,180,3,0.9717868338557992,0.971885023013007,0.9702419952997524,0.9979143718404436,0.0839061361034239,87.4115252494812,3.226349353790283,ok,,2548,2038,0,638,,30,1e-05,True,87.41094136238098,tabpfn_finetune_epoch_chunks_f_mmd,dataset_val_split | c_selection=f_mmd | c_source=test | c_metric=standardized_l2 | c_reserve_ratio=0.05,30,3,tabpfn_finetuning_api_f_mmd_grad_accum10,acc,0.9725490196078432,0.976470588235294,,,11,True,False,,f_mmd,test,standardized_l2,0.05,1.4338024223454136,0.0360398344936204,,True
dry_bean_dataset,/home/crc00006699/zh/tabiclv2/data184/dry_bean_dataset,multiclass,10888,2178,2723,16,7,0.9283878075651856,0.9284063162007312,0.9379325900643126,0.9959305312143008,0.1884990637881552,104.53884148597716,1.8405508995056152,ok,,10888,8710,0,2723,,30,1e-05,True,104.5382432937622,tabpfn_finetune_epoch_chunks_f_mmd,dataset_val_split | c_selection=f_mmd | c_source=test | c_metric=standardized_l2 | c_reserve_ratio=0.05,30,9,tabpfn_finetuning_api_f_mmd_grad_accum10,acc,0.933425160697888,0.9361799816345272,,,9,True,False,,f_mmd,test,standardized_l2,0.05,6.031568352935942,2.1545977364811346,,True
electricity,/home/crc00006699/zh/tabiclv2/data184/electricity,binclass,36249,7250,9063,8,2,0.8984883592629372,0.8983454312800334,0.8947967890081985,0.9665133161777456,0.231758404957245,197.771390914917,9.039586782455444,ok,,36249,28999,0,9063,,90,1e-05,True,197.7706961631775,tabpfn_finetune_epoch_chunks_f_mmd,dataset_val_split | c_selection=f_mmd | c_source=test | c_metric=standardized_l2 | c_reserve_ratio=0.05,30,29,tabpfn_finetuning_api_f_mmd_grad_accum10,acc,0.8993103448275862,0.9009655172413792,,,1,True,False,,f_mmd,test,standardized_l2,0.05,26.947409085021462,28.711329590074232,,True
eucalyptus,/home/crc00006699/zh/tabiclv2/data184/eucalyptus,multiclass,588,118,148,19,5,0.7162162162162162,0.7179632081005227,0.6962297392529951,0.9438745677691662,0.619053753907278,8.073786973953247,0.4506769180297851,ok,,588,470,0,148,,30,1e-05,True,8.073339700698853,tabpfn_finetune_epoch_chunks_f_mmd,dataset_val_split | c_selection=f_mmd | c_source=test | c_metric=standardized_l2 | c_reserve_ratio=0.05,30,1,tabpfn_finetuning_api_f_mmd_grad_accum10,acc,0.6949152542372882,0.6949152542372882,,,0,True,False,,f_mmd,test,standardized_l2,0.05,3.5715512309300785,2.342872129743461,,True
eye_movements_bin,/home/crc00006699/zh/tabiclv2/data184/eye_movements_bin,binclass,6086,1218,1522,20,2,0.6629434954007885,0.6593184064297821,0.6629434954007885,0.7339778733632523,0.6149630816034706,87.77596306800842,1.0666334629058838,ok,,6086,4868,0,1522,,30,1e-05,True,87.77546238899231,tabpfn_finetune_epoch_chunks_f_mmd,dataset_val_split | c_selection=f_mmd | c_source=test | c_metric=standardized_l2 | c_reserve_ratio=0.05,30,5,tabpfn_finetuning_api_f_mmd_grad_accum10,acc,0.6420361247947455,0.6781609195402298,,,20,True,False,,f_mmd,test,standardized_l2,0.05,6.706310551154743,4.065643338849817,,True
golf_play_dataset_extended,/home/crc00006699/zh/tabiclv2/data184/golf_play_dataset_extended,binclass,876,176,219,9,2,0.9360730593607306,0.9365672990675532,0.9116612214124152,0.9752450364413168,0.1730394927355699,8.121870517730713,0.4857180118560791,ok,,876,700,0,219,,30,1e-05,True,8.12136960029602,tabpfn_finetune_epoch_chunks_f_mmd,dataset_val_split | c_selection=f_mmd | c_source=test | c_metric=standardized_l2 | c_reserve_ratio=0.05,30,1,tabpfn_finetuning_api_f_mmd_grad_accum10,acc,0.9261363636363636,0.9261363636363636,,,0,True,False,,f_mmd,test,standardized_l2,0.05,3.242069230095132,0.1752892601920303,,True
hill-valley,/home/crc00006699/zh/tabiclv2/data184/hill-valley,binclass,969,194,243,100,2,0.9753086419753086,0.9753061326909566,0.9752743530686898,0.9988483945264868,0.2937914884643413,19.077224254608154,0.4990592002868652,ok,,969,775,0,243,,30,1e-05,True,19.07681155204773,tabpfn_finetune_epoch_chunks_f_mmd,dataset_val_split | c_selection=f_mmd | c_source=test | c_metric=standardized_l2 | c_reserve_ratio=0.05,30,1,tabpfn_finetuning_api_f_mmd_grad_accum10,acc,0.9072164948453608,0.9432989690721648,,,9,True,False,,f_mmd,test,standardized_l2,0.05,13.658256198909656,8.435375438395972,,True
htru,/home/crc00006699/zh/tabiclv2/data184/htru,binclass,14318,2864,3580,8,2,0.9804469273743016,0.9803929575583432,0.9385237602376024,0.9878733162331624,0.0618607963502946,72.77442526817322,2.1404409408569336,ok,,14318,11454,0,3580,,60,1e-05,True,72.77396249771118,tabpfn_finetune_epoch_chunks_f_mmd,dataset_val_split | c_selection=f_mmd | c_source=test | c_metric=standardized_l2 | c_reserve_ratio=0.05,30,12,tabpfn_finetuning_api_f_mmd_grad_accum10,acc,0.9793994413407822,0.9797486033519552,,,1,True,False,,f_mmd,test,standardized_l2,0.05,8.844420656828172,3.685222231345146,,True
in_vehicle_coupon_recommendation,/home/crc00006699/zh/tabiclv2/data184/in_vehicle_coupon_recommendation,binclass,10147,2030,2537,21,2,0.7631060307449744,0.7617535893007776,0.7540297911956377,0.834116112198304,0.4927000260115123,52.8557333946228,1.7931063175201416,ok,,10147,8117,0,2537,,30,1e-05,True,52.85530495643616,tabpfn_finetune_epoch_chunks_f_mmd,dataset_val_split | c_selection=f_mmd | c_source=test | c_metric=standardized_l2 | c_reserve_ratio=0.05,30,9,tabpfn_finetuning_api_f_mmd_grad_accum10,acc,0.767487684729064,0.767487684729064,,,0,True,False,,f_mmd,test,standardized_l2,0.05,1.6978490913577868,0.0971884241762813,,True
jasmine,/home/crc00006699/zh/tabiclv2/data184/jasmine,binclass,2387,478,597,144,2,0.8274706867671692,0.8256808875091226,0.827641354851743,0.8861305021211645,0.3749018557792457,37.42474961280823,2.6238958835601807,ok,,2387,1909,0,597,,30,1e-05,True,37.42427706718445,tabpfn_finetune_epoch_chunks_f_mmd,dataset_val_split | c_selection=f_mmd | c_source=test | c_metric=standardized_l2 | c_reserve_ratio=0.05,30,2,tabpfn_finetuning_api_f_mmd_grad_accum10,acc,0.8430962343096234,0.8472803347280334,,,4,True,False,,f_mmd,test,standardized_l2,0.05,3.744939232855244,2.496165052757159,,True
jungle_chess_2pcs_raw_endgame_complete,/home/crc00006699/zh/tabiclv2/data184/jungle_chess_2pcs_raw_endgame_complete,multiclass,35855,7171,8964,6,3,0.9064033913431504,0.9056005296455892,0.8653183863091343,0.9889889159840148,0.1637740523377086,169.4383773803711,8.623141765594482,ok,,35855,28684,0,8964,,90,1e-05,True,169.43797516822815,tabpfn_finetune_epoch_chunks_f_mmd,dataset_val_split | c_selection=f_mmd | c_source=test | c_metric=standardized_l2 | c_reserve_ratio=0.05,30,29,tabpfn_finetuning_api_f_mmd_grad_accum10,acc,0.955375819272068,0.955375819272068,,,0,True,False,,f_mmd,test,standardized_l2,0.05,1.924099759316299,0.1202605212781943,,True
kdd_ipums_la_97-small,/home/crc00006699/zh/tabiclv2/data184/kdd_ipums_la_97-small,binclass,4150,830,1038,20,2,0.8834296724470135,0.8824449958302876,0.8834296724470134,0.945407835581246,0.2853790803081241,20.526456356048584,0.7948532104492188,ok,,4150,3320,0,1038,,30,1e-05,True,20.526010751724243,tabpfn_finetune_epoch_chunks_f_mmd,dataset_val_split | c_selection=f_mmd | c_source=test | c_metric=standardized_l2 | c_reserve_ratio=0.05,30,4,tabpfn_finetuning_api_f_mmd_grad_accum10,acc,0.8795180722891566,0.8795180722891566,,,0,True,False,,f_mmd,test,standardized_l2,0.05,3.3369290059034165,0.7152403533503113,,True
law-school-admission-bianry,/home/crc00006699/zh/tabiclv2/data184/law-school-admission-bianry,binclass,16640,3328,4160,11,2,1.0,1.0,1.0,1.0,1.2993896981348888e-05,81.3438229560852,2.9235410690307617,ok,,16640,13312,0,4160,,60,1e-05,True,81.34337091445923,tabpfn_finetune_epoch_chunks_f_mmd,dataset_val_split | c_selection=f_mmd | c_source=test | c_metric=standardized_l2 | c_reserve_ratio=0.05,30,14,tabpfn_finetuning_api_f_mmd_grad_accum10,acc,1.0,1.0,,,0,True,False,,f_mmd,test,standardized_l2,0.05,3.3084936834788325,0.805758775560146,,True
led7,/home/crc00006699/zh/tabiclv2/data184/led7,multiclass,2560,512,640,7,10,0.734375,0.7289572549784247,0.7324599862272305,0.9580641050274202,0.7874417533480967,19.104812383651733,0.603240966796875,ok,,2560,2048,0,640,,30,1e-05,True,19.10431933403015,tabpfn_finetune_epoch_chunks_f_mmd,dataset_val_split | c_selection=f_mmd | c_source=test | c_metric=standardized_l2 | c_reserve_ratio=0.05,30,3,tabpfn_finetuning_api_f_mmd_grad_accum10,acc,0.734375,0.73828125,,,3,True,False,,f_mmd,test,standardized_l2,0.05,2.0242006786468933,0.1366342814979992,,True
mammography,/home/crc00006699/zh/tabiclv2/data184/mammography,binclass,8946,1790,2237,6,2,0.9892713455520786,0.9884540252575844,0.8161635275479668,0.9807076218975532,0.0339064577360566,80.85376763343811,1.1270010471343994,ok,,8946,7156,0,2237,,30,1e-05,True,80.85331106185913,tabpfn_finetune_epoch_chunks_f_mmd,dataset_val_split | c_selection=f_mmd | c_source=test | c_metric=standardized_l2 | c_reserve_ratio=0.05,30,8,tabpfn_finetuning_api_f_mmd_grad_accum10,acc,0.988268156424581,0.9893854748603352,,,8,True,False,,f_mmd,test,standardized_l2,0.05,7.937230031690088,9.73779674188817,,True
mfeat-factors,/home/crc00006699/zh/tabiclv2/data184/mfeat-factors,multiclass,1600,320,400,216,10,0.9775,0.9774628833597652,0.9775,0.9994791666666666,0.1010302245495164,20.180750846862797,1.0161359310150146,ok,,1600,1280,0,400,,30,1e-05,True,20.180356740951535,tabpfn_finetune_epoch_chunks_f_mmd,dataset_val_split | c_selection=f_mmd | c_source=test | c_metric=standardized_l2 | c_reserve_ratio=0.05,30,2,tabpfn_finetuning_api_f_mmd_grad_accum10,acc,0.9875,0.990625,,,2,True,False,,f_mmd,test,standardized_l2,0.05,2.058848374819719,0.2102549834776693,,True
mfeat-karhunen,/home/crc00006699/zh/tabiclv2/data184/mfeat-karhunen,multiclass,1600,320,400,64,10,0.975,0.9749615301092096,0.975,0.999576388888889,0.1237753640972064,9.09410834312439,0.4935727119445801,ok,,1600,1280,0,400,,30,1e-05,True,9.093703031539915,tabpfn_finetune_epoch_chunks_f_mmd,dataset_val_split | c_selection=f_mmd | c_source=test | c_metric=standardized_l2 | c_reserve_ratio=0.05,30,2,tabpfn_finetuning_api_f_mmd_grad_accum10,acc,0.975,0.975,,,0,True,False,,f_mmd,test,standardized_l2,0.05,1.7423473684625956,0.0813582363813083,,True
mfeat-pixel,/home/crc00006699/zh/tabiclv2/data184/mfeat-pixel,multiclass,1600,320,400,240,10,0.97,0.9699185487803372,0.97,0.999263888888889,0.1280444904735161,27.296878337860107,1.4472696781158447,ok,,1600,1280,0,400,,30,1e-05,True,27.296464443206787,tabpfn_finetune_epoch_chunks_f_mmd,dataset_val_split | c_selection=f_mmd | c_source=test | c_metric=standardized_l2 | c_reserve_ratio=0.05,30,2,tabpfn_finetuning_api_f_mmd_grad_accum10,acc,0.975,0.975,,,0,True,False,,f_mmd,test,standardized_l2,0.05,1.7238650669662638,0.0898627304730372,,True
mice_protein_expression,/home/crc00006699/zh/tabiclv2/data184/mice_protein_expression,multiclass,864,173,216,75,8,1.0,1.0,1.0,1.0,0.000136551628042,8.551483869552612,0.4910788536071777,ok,,864,691,0,216,,30,1e-05,True,8.5510995388031,tabpfn_finetune_epoch_chunks_f_mmd,dataset_val_split | c_selection=f_mmd | c_source=test | c_metric=standardized_l2 | c_reserve_ratio=0.05,30,1,tabpfn_finetuning_api_f_mmd_grad_accum10,acc,1.0,1.0,,,0,True,False,,f_mmd,test,standardized_l2,0.05,3.8332374332200425,3.050095020531528,,True
mobile_c36_oversampling,/home/crc00006699/zh/tabiclv2/data184/mobile_c36_oversampling,binclass,41408,8282,10352,6,2,0.9934312210200928,0.9934230274597444,0.9919021447612107,0.9992511729309568,0.0255621487446282,221.4923903942108,11.131038665771484,ok,,41408,33126,0,10352,,120,1e-05,True,221.49198961257932,tabpfn_finetune_epoch_chunks_f_mmd,dataset_val_split | c_selection=f_mmd | c_source=test | c_metric=standardized_l2 | c_reserve_ratio=0.05,30,34,tabpfn_finetuning_api_f_mmd_grad_accum10,acc,0.9944457860420188,0.9948080173871046,,,1,True,False,,f_mmd,test,standardized_l2,0.05,3.849697252858933,1.0192412476965855,,True
national-longitudinal-survey-binary,/home/crc00006699/zh/tabiclv2/data184/national-longitudinal-survey-binary,binclass,3926,786,982,16,2,1.0,1.0,1.0,1.0,0.0060540044380793,20.734004259109497,0.7574405670166016,ok,,3926,3140,0,982,,30,1e-05,True,20.733587503433228,tabpfn_finetune_epoch_chunks_f_mmd,dataset_val_split | c_selection=f_mmd | c_source=test | c_metric=standardized_l2 | c_reserve_ratio=0.05,30,4,tabpfn_finetuning_api_f_mmd_grad_accum10,acc,1.0,1.0,,,0,True,False,,f_mmd,test,standardized_l2,0.05,2.861190278725912,0.443230749606595,,True
online_shoppers,/home/crc00006699/zh/tabiclv2/data184/online_shoppers,binclass,9864,1973,2466,14,2,0.907948094079481,0.903751574802086,0.7841218558752299,0.9307463496497874,0.2262959934000381,66.62288856506348,1.5340633392333984,ok,,9864,7891,0,2466,,30,1e-05,True,66.62249064445496,tabpfn_finetune_epoch_chunks_f_mmd,dataset_val_split | c_selection=f_mmd | c_source=test | c_metric=standardized_l2 | c_reserve_ratio=0.05,30,8,tabpfn_finetuning_api_f_mmd_grad_accum10,acc,0.9011657374556512,0.9036999493157628,,,4,True,False,,f_mmd,test,standardized_l2,0.05,3.507320977951468,1.9686911711733828,,True
ozone-level-8hr,/home/crc00006699/zh/tabiclv2/data184/ozone-level-8hr,binclass,2027,406,507,72,2,0.9526627218934912,0.942392262772913,0.6541447368421053,0.9413815789473684,0.1287967141584677,16.798983573913574,1.2837038040161133,ok,,2027,1621,0,507,,30,1e-05,True,16.798600435256958,tabpfn_finetune_epoch_chunks_f_mmd,dataset_val_split | c_selection=f_mmd | c_source=test | c_metric=standardized_l2 | c_reserve_ratio=0.05,30,2,tabpfn_finetuning_api_f_mmd_grad_accum10,acc,0.9458128078817734,0.9507389162561576,,,6,True,False,,f_mmd,test,standardized_l2,0.05,3.760222356214882,0.9378070589744134,,True
page-blocks,/home/crc00006699/zh/tabiclv2/data184/page-blocks,multiclass,4378,876,1095,10,5,0.9789954337899544,0.978894216457302,0.9055909173561436,0.9929254467095154,0.0921376936290353,25.54237508773804,0.6666419506072998,ok,,4378,3502,0,1095,,30,1e-05,True,25.54200863838196,tabpfn_finetune_epoch_chunks_f_mmd,dataset_val_split | c_selection=f_mmd | c_source=test | c_metric=standardized_l2 | c_reserve_ratio=0.05,30,4,tabpfn_finetuning_api_f_mmd_grad_accum10,acc,0.9714611872146118,0.9748858447488584,,,3,True,False,,f_mmd,test,standardized_l2,0.05,364.5105096700489,455.8214192036966,,True
pc3,/home/crc00006699/zh/tabiclv2/data184/pc3,binclass,1250,250,313,37,2,0.8913738019169329,0.8610103697565126,0.5379782028469751,0.8379670818505337,0.2683344294526619,8.158124685287476,0.469351053237915,ok,,1250,1000,0,313,,30,1e-05,True,8.157757043838501,tabpfn_finetune_epoch_chunks_f_mmd,dataset_val_split | c_selection=f_mmd | c_source=test | c_metric=standardized_l2 | c_reserve_ratio=0.05,30,1,tabpfn_finetuning_api_f_mmd_grad_accum10,acc,0.896,0.896,,,0,True,False,,f_mmd,test,standardized_l2,0.05,11.670120732183827,18.552186057997343,,True
pendigits,/home/crc00006699/zh/tabiclv2/data184/pendigits,multiclass,8793,1759,2199,16,10,0.9972714870395636,0.997273276642423,0.9972681553840104,0.9997245626939752,0.0123988124890003,41.966861963272095,1.3915891647338867,ok,,8793,7034,0,2199,,30,1e-05,True,41.96645784378052,tabpfn_finetune_epoch_chunks_f_mmd,dataset_val_split | c_selection=f_mmd | c_source=test | c_metric=standardized_l2 | c_reserve_ratio=0.05,30,8,tabpfn_finetuning_api_f_mmd_grad_accum10,acc,0.9977259806708356,0.9977259806708356,,,0,True,False,,f_mmd,test,standardized_l2,0.05,2.4426271947698828,0.5009396269085934,,True
pol,/home/crc00006699/zh/tabiclv2/data184/pol,binclass,8065,1613,2017,26,2,0.991571641051066,0.9915714918848216,0.9915738512121068,0.9997787767237716,0.0214881924673436,56.36998581886292,1.5076029300689695,ok,,8065,6452,0,2017,,30,1e-05,True,56.36954140663147,tabpfn_finetune_epoch_chunks_f_mmd,dataset_val_split | c_selection=f_mmd | c_source=test | c_metric=standardized_l2 | c_reserve_ratio=0.05,30,7,tabpfn_finetuning_api_f_mmd_grad_accum10,acc,0.9894606323620584,0.990700557966522,,,2,True,False,,f_mmd,test,standardized_l2,0.05,7.322376612820695,3.006192561345189,,True
rice_cammeo_and_osmancik,/home/crc00006699/zh/tabiclv2/data184/rice_cammeo_and_osmancik,binclass,3048,610,762,7,2,0.9343832020997376,0.9341152740127524,0.9295041368829852,0.9779155175325042,0.1875532604847373,21.169093370437626,1.1135449409484863,ok,,3048,2438,0,762,,30,1e-05,True,21.168716430664062,tabpfn_finetune_epoch_chunks_f_mmd,dataset_val_split | c_selection=f_mmd | c_source=test | c_metric=standardized_l2 | c_reserve_ratio=0.05,30,3,tabpfn_finetuning_api_f_mmd_grad_accum10,acc,0.9327868852459016,0.9344262295081968,,,2,True,False,,f_mmd,test,standardized_l2,0.05,3.801060291099633,0.9467533865785128,,True
rl,/home/crc00006699/zh/tabiclv2/data184/rl,binclass,3976,796,994,12,2,0.8883299798792756,0.8883208243290434,0.8883299798792756,0.9458359816848778,0.2973078273700327,57.6871919631958,0.6903090476989746,ok,,3976,3180,0,994,,30,1e-05,True,57.68668293952942,tabpfn_finetune_epoch_chunks_f_mmd,dataset_val_split | c_selection=f_mmd | c_source=test | c_metric=standardized_l2 | c_reserve_ratio=0.05,30,4,tabpfn_finetuning_api_f_mmd_grad_accum10,acc,0.8706030150753769,0.8869346733668342,,,9,True,False,,f_mmd,test,standardized_l2,0.05,5.270159694406879,1.565024768854697,,True
segment,/home/crc00006699/zh/tabiclv2/data184/segment,multiclass,1848,370,462,17,7,0.935064935064935,0.9350307899831392,0.935064935064935,0.9957037911583366,0.1776233939844025,8.239273071289062,0.4655005931854248,ok,,1848,1478,0,462,,30,1e-05,True,8.238821506500244,tabpfn_finetune_epoch_chunks_f_mmd,dataset_val_split | c_selection=f_mmd | c_source=test | c_metric=standardized_l2 | c_reserve_ratio=0.05,30,2,tabpfn_finetuning_api_f_mmd_grad_accum10,acc,0.9486486486486486,0.9486486486486486,,,0,True,False,,f_mmd,test,standardized_l2,0.05,5.893529068765413,9.402798278109907,,True
semeion,/home/crc00006699/zh/tabiclv2/data184/semeion,multiclass,1274,255,319,256,10,0.9561128526645768,0.9561753624359683,0.95625,0.998823729596743,0.1518671803111798,22.115842819213867,1.3319213390350342,ok,,1274,1019,0,319,,30,1e-05,True,22.11546540260315,tabpfn_finetune_epoch_chunks_f_mmd,dataset_val_split | c_selection=f_mmd | c_source=test | c_metric=standardized_l2 | c_reserve_ratio=0.05,30,2,tabpfn_finetuning_api_f_mmd_grad_accum10,acc,0.9450980392156862,0.9450980392156862,,,0,True,False,,f_mmd,test,standardized_l2,0.05,1.5199568110473989,0.0683442662826276,,True
shrutime,/home/crc00006699/zh/tabiclv2/data184/shrutime,binclass,8000,1600,2000,10,2,0.8685,0.8570834449654721,0.7227270983090737,0.8845961986134916,0.3076950453197072,60.7129168510437,1.1254870891571045,ok,,8000,6400,0,2000,,30,1e-05,True,60.71241998672485,tabpfn_finetune_epoch_chunks_f_mmd,dataset_val_split | c_selection=f_mmd | c_source=test | c_metric=standardized_l2 | c_reserve_ratio=0.05,30,7,tabpfn_finetuning_api_f_mmd_grad_accum10,acc,0.8675,0.873125,,,5,True,False,,f_mmd,test,standardized_l2,0.05,2.187094923736992,0.3696180917827759,,True
spambase,/home/crc00006699/zh/tabiclv2/data184/spambase,binclass,3680,736,921,57,2,0.9609120521172638,0.9609488403208984,0.960040285553482,0.990604974475942,0.1190770593516203,25.056498527526852,1.325669527053833,ok,,3680,2944,0,921,,30,1e-05,True,25.056077003479004,tabpfn_finetune_epoch_chunks_f_mmd,dataset_val_split | c_selection=f_mmd | c_source=test | c_metric=standardized_l2 | c_reserve_ratio=0.05,30,3,tabpfn_finetuning_api_f_mmd_grad_accum10,acc,0.9551630434782608,0.9565217391304348,,,4,True,False,,f_mmd,test,standardized_l2,0.05,8.556326944234256,5.704440359199986,,True
sports_articles_for_objectivity_analysis,/home/crc00006699/zh/tabiclv2/data184/sports_articles_for_objectivity_analysis,binclass,800,160,200,59,2,0.85,0.8473262032085561,0.8236436198899795,0.9013051450760436,0.3740715190736834,12.043370962142944,0.5891523361206055,ok,,800,640,0,200,,30,1e-05,True,12.04297137260437,tabpfn_finetune_epoch_chunks_f_mmd,dataset_val_split | c_selection=f_mmd | c_source=test | c_metric=standardized_l2 | c_reserve_ratio=0.05,30,1,tabpfn_finetuning_api_f_mmd_grad_accum10,acc,0.8375,0.85625,,,3,True,False,,f_mmd,test,standardized_l2,0.05,7.047942144997194,4.7641625713832605,,True
steel_plates_faults,/home/crc00006699/zh/tabiclv2/data184/steel_plates_faults,multiclass,1552,311,389,27,7,0.8431876606683805,0.8425797114939495,0.8892591164520989,0.980540159319628,0.3859030428094047,12.701107025146484,0.4772109985351562,ok,,1552,1241,0,389,,30,1e-05,True,12.700722932815552,tabpfn_finetune_epoch_chunks_f_mmd,dataset_val_split | c_selection=f_mmd | c_source=test | c_metric=standardized_l2 | c_reserve_ratio=0.05,30,2,tabpfn_finetuning_api_f_mmd_grad_accum10,acc,0.8070739549839229,0.819935691318328,,,4,True,False,,f_mmd,test,standardized_l2,0.05,37.381978418108574,1.6745122809905333,,True
sylvine,/home/crc00006699/zh/tabiclv2/data184/sylvine,binclass,4099,820,1025,20,2,0.9765853658536584,0.9765813090788724,0.9765986689814814,0.9972778082358674,0.0600087826952704,52.20190167427063,0.7875869274139404,ok,,4099,3279,0,1025,,30,1e-05,True,52.20152020454407,tabpfn_finetune_epoch_chunks_f_mmd,dataset_val_split | c_selection=f_mmd | c_source=test | c_metric=standardized_l2 | c_reserve_ratio=0.05,30,4,tabpfn_finetuning_api_f_mmd_grad_accum10,acc,0.9792682926829268,0.9865853658536584,,,14,True,False,,f_mmd,test,standardized_l2,0.05,2.672204117342227,0.4625606953152092,,True
telco-customer-churn,/home/crc00006699/zh/tabiclv2/data184/telco-customer-churn,binclass,5634,1127,1409,18,2,0.8090844570617459,0.8006114369515706,0.7189245395127748,0.8510837272985611,0.4105037599493344,33.99574375152588,0.975062370300293,ok,,5634,4507,0,1409,,30,1e-05,True,33.99534320831299,tabpfn_finetune_epoch_chunks_f_mmd,dataset_val_split | c_selection=f_mmd | c_source=test | c_metric=standardized_l2 | c_reserve_ratio=0.05,30,5,tabpfn_finetuning_api_f_mmd_grad_accum10,acc,0.8172138420585625,0.8181011535048802,,,2,True,False,,f_mmd,test,standardized_l2,0.05,1.876668607161646,0.0979096753297338,,True
thyroid-ann,/home/crc00006699/zh/tabiclv2/data184/thyroid-ann,multiclass,3017,604,755,21,3,0.9880794701986756,0.9878644042103668,0.9025536620921932,0.9994022493233105,0.0234479586852382,31.63391399383545,0.7402224540710449,ok,,3017,2413,0,755,,30,1e-05,True,31.633532762527462,tabpfn_finetune_epoch_chunks_f_mmd,dataset_val_split | c_selection=f_mmd | c_source=test | c_metric=standardized_l2 | c_reserve_ratio=0.05,30,3,tabpfn_finetuning_api_f_mmd_grad_accum10,acc,0.9900662251655628,0.9966887417218544,,,10,True,False,,f_mmd,test,standardized_l2,0.05,7.181537338076423,5.887166525450136,,True
turiye_student_evaluation,/home/crc00006699/zh/tabiclv2/data184/turiye_student_evaluation,multiclass,4656,932,1164,32,5,0.5274914089347079,0.5007258990691589,0.4198441687978911,0.7628474043597666,1.194224690839725,32.148338079452515,1.0746920108795166,ok,,4656,3724,0,1164,,30,1e-05,True,32.14794635772705,tabpfn_finetune_epoch_chunks_f_mmd,dataset_val_split | c_selection=f_mmd | c_source=test | c_metric=standardized_l2 | c_reserve_ratio=0.05,30,4,tabpfn_finetuning_api_f_mmd_grad_accum10,acc,0.5053648068669528,0.5150214592274678,,,4,True,False,,f_mmd,test,standardized_l2,0.05,2.9433615844657446,0.1190636470608475,,True
vehicle,/home/crc00006699/zh/tabiclv2/data184/vehicle,multiclass,676,136,170,18,4,0.8705882352941177,0.8676752551729456,0.8709415584415584,0.972165854978355,0.3025429776608633,12.25760793685913,0.4561712741851806,ok,,676,540,0,170,,30,1e-05,True,12.257240533828735,tabpfn_finetune_epoch_chunks_f_mmd,dataset_val_split | c_selection=f_mmd | c_source=test | c_metric=standardized_l2 | c_reserve_ratio=0.05,30,1,tabpfn_finetuning_api_f_mmd_grad_accum10,acc,0.8970588235294118,0.9191176470588236,,,5,True,False,,f_mmd,test,standardized_l2,0.05,4.4910367589938485,3.202056812574051,,True
water_quality,/home/crc00006699/zh/tabiclv2/data184/water_quality,binclass,6396,1280,1600,20,2,0.905625,0.892622018408288,0.6641880686309459,0.9076221733132877,0.218242115153931,39.09405946731568,1.031893253326416,ok,,6396,5116,0,1600,,30,1e-05,True,39.093544721603394,tabpfn_finetune_epoch_chunks_f_mmd,dataset_val_split | c_selection=f_mmd | c_source=test | c_metric=standardized_l2 | c_reserve_ratio=0.05,30,6,tabpfn_finetuning_api_f_mmd_grad_accum10,acc,0.89375,0.89609375,,,2,True,False,,f_mmd,test,standardized_l2,0.05,2.496534546672601,0.8119771188146909,,True
waveform_database_generator_version_1,/home/crc00006699/zh/tabiclv2/data184/waveform_database_generator_version_1,multiclass,4000,800,1000,21,3,0.87,0.8694562901511693,0.8698001697368776,0.97271762282088,0.2915728249308773,26.08909559249878,0.7770264148712158,ok,,4000,3200,0,1000,,30,1e-05,True,26.088722229003903,tabpfn_finetune_epoch_chunks_f_mmd,dataset_val_split | c_selection=f_mmd | c_source=test | c_metric=standardized_l2 | c_reserve_ratio=0.05,30,4,tabpfn_finetuning_api_f_mmd_grad_accum10,acc,0.86,0.86125,,,3,True,False,,f_mmd,test,standardized_l2,0.05,2.2256113344749124,0.2058729203731355,,True
wine,/home/crc00006699/zh/tabiclv2/data184/wine,binclass,2043,409,511,4,2,0.776908023483366,0.7757004588872035,0.7770526960784314,0.8740962009803922,0.4415598964976812,7.767789363861084,0.5415530204772949,ok,,2043,1634,0,511,,30,1e-05,True,7.767419338226318,tabpfn_finetune_epoch_chunks_f_mmd,dataset_val_split | c_selection=f_mmd | c_source=test | c_metric=standardized_l2 | c_reserve_ratio=0.05,30,2,tabpfn_finetuning_api_f_mmd_grad_accum10,acc,0.8190709046454768,0.8190709046454768,,,0,True,False,,f_mmd,test,standardized_l2,0.05,3.448447365431737,1.1637056535210322,,True
wine-quality-white,/home/crc00006699/zh/tabiclv2/data184/wine-quality-white,multiclass,3918,784,980,11,7,0.65,0.6377669486434926,0.3615985757001957,0.895659345053227,0.8144759491239397,18.612393379211422,0.6527276039123535,ok,,3918,3134,0,980,,30,1e-05,True,18.61202049255371,tabpfn_finetune_epoch_chunks_f_mmd,dataset_val_split | c_selection=f_mmd | c_source=test | c_metric=standardized_l2 | c_reserve_ratio=0.05,30,4,tabpfn_finetuning_api_f_mmd_grad_accum10,acc,0.6875,0.6875,,,0,True,False,,f_mmd,test,standardized_l2,0.05,3.991902338307546,3.136859163710748,,True
BLE_RSSI_dataset_for_Indoor_localization,/home/crc00006699/zh/tabiclv2/data184/BLE_RSSI_dataset_for_Indoor_localization,multiclass,7987,1598,1997,3,3,0.7601402103154732,0.7598380631365821,0.7598221590738653,0.9185294788778444,0.5383729474010103,43.04015851020813,0.9864342212677002,ok,,7987,6389,0,1997,,30,1e-05,True,36.72956275939941,tabpfn_finetune_epoch_chunks_f_mmd,dataset_val_split | c_selection=f_mmd | c_source=test | c_metric=standardized_l2 | c_reserve_ratio=0.05,30,7,tabpfn_finetuning_api_f_mmd_grad_accum10,acc,0.7772215269086358,0.7772215269086358,,,0,True,False,,f_mmd,test,standardized_l2,0.05,2.904916251147578,0.4929233934905034,,True
BNG(cmc),/home/crc00006699/zh/tabiclv2/data184/BNG(cmc),multiclass,44236,8848,11060,9,3,0.5886075949367089,0.5871881150905697,0.5692503940187601,0.7659438802809745,0.8742630265491983,250.9880368709564,12.753862142562866,ok,,44236,35388,0,11060,,120,1e-05,True,250.98750734329224,tabpfn_finetune_epoch_chunks_f_mmd,dataset_val_split | c_selection=f_mmd | c_source=test | c_metric=standardized_l2 | c_reserve_ratio=0.05,30,36,tabpfn_finetuning_api_f_mmd_grad_accum10,acc,0.5774186256781193,0.5775316455696202,,,1,True,False,,f_mmd,test,standardized_l2,0.05,3.035825417426377,0.4300070211990713,,True
Bank_Customer_Churn_Dataset,/home/crc00006699/zh/tabiclv2/data184/Bank_Customer_Churn_Dataset,binclass,8000,1600,2000,10,2,0.8765,0.8644455071372333,0.736803830024169,0.8809549148532201,0.3175670162473101,78.00061821937561,1.1098418235778809,ok,,8000,6400,0,2000,,30,1e-05,True,78.00013518333435,tabpfn_finetune_epoch_chunks_f_mmd,dataset_val_split | c_selection=f_mmd | c_source=test | c_metric=standardized_l2 | c_reserve_ratio=0.05,30,7,tabpfn_finetuning_api_f_mmd_grad_accum10,acc,0.86875,0.874375,,,9,True,False,,f_mmd,test,standardized_l2,0.05,2.208446614748503,0.38347456771108,,True
California-Housing-Classification,/home/crc00006699/zh/tabiclv2/data184/California-Housing-Classification,binclass,16512,3303,4128,8,2,0.9183624031007752,0.9183580959312924,0.9183660223539616,0.978031475823896,0.1916621168192578,93.57948231697084,2.685832977294922,ok,,16512,13209,0,4128,,60,1e-05,True,93.57902193069458,tabpfn_finetune_epoch_chunks_f_mmd,dataset_val_split | c_selection=f_mmd | c_source=test | c_metric=standardized_l2 | c_reserve_ratio=0.05,30,14,tabpfn_finetuning_api_f_mmd_grad_accum10,acc,0.9097789887980624,0.9149258250075688,,,2,True,False,,f_mmd,test,standardized_l2,0.05,7.310001086146881,9.73410596432852,,True
Click_prediction_small,/home/crc00006699/zh/tabiclv2/data184/Click_prediction_small,binclass,31958,6392,7990,3,2,0.8324155193992491,0.7585640514713248,0.5043775881086332,0.6251591219954682,0.4383646309349388,147.3283863067627,6.974678039550781,ok,,31958,25566,0,7990,,90,1e-05,True,147.32791471481323,tabpfn_finetune_epoch_chunks_f_mmd,dataset_val_split | c_selection=f_mmd | c_source=test | c_metric=standardized_l2 | c_reserve_ratio=0.05,30,26,tabpfn_finetuning_api_f_mmd_grad_accum10,acc,0.8335419274092616,0.8335419274092616,,,0,True,False,,f_mmd,test,standardized_l2,0.05,109.0122763665374,262.1125184132638,,True
Contaminant-detection-in-packaged-cocoa-hazelnut-spread-jars-using-Microwaves-Sensing-and-Machine-Learning-10.5GHz(Urbinati),/home/crc00006699/zh/tabiclv2/data184/Contaminant-detection-in-packaged-cocoa-hazelnut-spread-jars-using-Microwaves-Sensing-and-Machine-Learning-10.5GHz(Urbinati),binclass,1920,384,480,30,2,0.9708333333333332,0.9708394135223404,0.971078976640712,0.9954637096774194,0.0820031858290849,8.23329496383667,0.4591250419616699,ok,,1920,1536,0,480,,30,1e-05,True,8.232878684997559,tabpfn_finetune_epoch_chunks_f_mmd,dataset_val_split | c_selection=f_mmd | c_source=test | c_metric=standardized_l2 | c_reserve_ratio=0.05,30,2,tabpfn_finetuning_api_f_mmd_grad_accum10,acc,0.9791666666666666,0.9791666666666666,,,0,True,False,,f_mmd,test,standardized_l2,0.05,3.316421665732944,0.4455324463801807,,True
Contaminant-detection-in-packaged-cocoa-hazelnut-spread-jars-using-Microwaves-Sensing-and-Machine-Learning-9.0GHz(Urbinati),/home/crc00006699/zh/tabiclv2/data184/Contaminant-detection-in-packaged-cocoa-hazelnut-spread-jars-using-Microwaves-Sensing-and-Machine-Learning-9.0GHz(Urbinati),binclass,1920,384,480,30,2,0.94375,0.9437458495913612,0.944869299221357,0.9925785595105672,0.1181853936165175,8.110601663589478,0.4549250602722168,ok,,1920,1536,0,480,,30,1e-05,True,8.110148906707764,tabpfn_finetune_epoch_chunks_f_mmd,dataset_val_split | c_selection=f_mmd | c_source=test | c_metric=standardized_l2 | c_reserve_ratio=0.05,30,2,tabpfn_finetuning_api_f_mmd_grad_accum10,acc,0.9817708333333334,0.9817708333333334,,,0,True,False,,f_mmd,test,standardized_l2,0.05,3.020260597973345,0.3775370022206115,,True
Credit_c,/home/crc00006699/zh/tabiclv2/data184/Credit_c,multiclass,80000,16000,20000,22,3,0.7862,0.7862771876417404,0.7781347865384015,0.9074003129610412,0.5258287301350223,480.7841534614563,28.992716312408447,ok,,80000,64000,0,20000,,210,1e-05,True,480.7836587429047,tabpfn_finetune_epoch_chunks_f_mmd,dataset_val_split | c_selection=f_mmd | c_source=test | c_metric=standardized_l2 | c_reserve_ratio=0.05,30,64,tabpfn_finetuning_api_f_mmd_grad_accum10,acc,0.8089375,0.8089375,,,0,True,False,,f_mmd,test,standardized_l2,0.05,1.6450370694494385e+87,5.061701168090449e+86,,True
Diabetic_Retinopathy_Debrecen,/home/crc00006699/zh/tabiclv2/data184/Diabetic_Retinopathy_Debrecen,binclass,920,184,231,19,2,0.7489177489177489,0.7489177489177489,0.7478545618789522,0.8286660644384223,0.4992995619140319,11.73221468925476,0.4702694416046142,ok,,920,736,0,231,,30,1e-05,True,11.731624603271484,tabpfn_finetune_epoch_chunks_f_mmd,dataset_val_split | c_selection=f_mmd | c_source=test | c_metric=standardized_l2 | c_reserve_ratio=0.05,30,1,tabpfn_finetuning_api_f_mmd_grad_accum10,acc,0.7445652173913043,0.7554347826086957,,,3,True,False,,f_mmd,test,standardized_l2,0.05,8.221732014082974,6.802277606946493,,True
Employee,/home/crc00006699/zh/tabiclv2/data184/Employee,binclass,3722,745,931,8,2,0.8571428571428571,0.8512330447399785,0.8115359042553192,0.8763144435351882,0.3531449944092932,36.16665697097778,0.6036248207092285,ok,,3722,2977,0,931,,30,1e-05,True,36.16626620292664,tabpfn_finetune_epoch_chunks_f_mmd,dataset_val_split | c_selection=f_mmd | c_source=test | c_metric=standardized_l2 | c_reserve_ratio=0.05,30,3,tabpfn_finetuning_api_f_mmd_grad_accum10,acc,0.8483221476510067,0.8617449664429531,,,13,True,False,,f_mmd,test,standardized_l2,0.05,2.6526752892204657,0.3256678440028151,,True
FOREX_audcad-day-High,/home/crc00006699/zh/tabiclv2/data184/FOREX_audcad-day-High,binclass,1467,294,367,10,2,0.7247956403269755,0.7245830404873765,0.7252272322224202,0.8236796768252836,0.5258825895467041,7.844875335693359,0.4597415924072265,ok,,1467,1173,0,367,,30,1e-05,True,7.844440221786499,tabpfn_finetune_epoch_chunks_f_mmd,dataset_val_split | c_selection=f_mmd | c_source=test | c_metric=standardized_l2 | c_reserve_ratio=0.05,30,2,tabpfn_finetuning_api_f_mmd_grad_accum10,acc,0.717687074829932,0.717687074829932,,,0,True,False,,f_mmd,test,standardized_l2,0.05,5.602017009747491,3.4378853655744046,,True
FOREX_audchf-day-High,/home/crc00006699/zh/tabiclv2/data184/FOREX_audchf-day-High,binclass,1466,294,367,10,2,0.7574931880108992,0.7573058475581833,0.7579308501158439,0.8388581952117865,0.5042631673957835,7.746479272842407,0.4559810161590576,ok,,1466,1172,0,367,,30,1e-05,True,7.746033668518066,tabpfn_finetune_epoch_chunks_f_mmd,dataset_val_split | c_selection=f_mmd | c_source=test | c_metric=standardized_l2 | c_reserve_ratio=0.05,30,2,tabpfn_finetuning_api_f_mmd_grad_accum10,acc,0.7142857142857143,0.7142857142857143,,,0,True,False,,f_mmd,test,standardized_l2,0.05,4.134880364480623,0.7823959004217265,,True
FOREX_audjpy-hour-High,/home/crc00006699/zh/tabiclv2/data184/FOREX_audjpy-hour-High,binclass,35060,7012,8765,10,2,0.7150028522532801,0.7143542111582186,0.7136975354752464,0.7945690956294055,0.550774430355331,187.6716268062592,8.580387115478516,ok,,35060,28048,0,8765,,90,1e-05,True,187.67117738723755,tabpfn_finetune_epoch_chunks_f_mmd,dataset_val_split | c_selection=f_mmd | c_source=test | c_metric=standardized_l2 | c_reserve_ratio=0.05,30,29,tabpfn_finetuning_api_f_mmd_grad_accum10,acc,0.7083571021106674,0.7133485453508271,,,1,True,False,,f_mmd,test,standardized_l2,0.05,4.946286385004853,3.3900464161111654,,True
FOREX_audusd-hour-High,/home/crc00006699/zh/tabiclv2/data184/FOREX_audusd-hour-High,binclass,35060,7012,8765,10,2,0.6789503707929264,0.6679039563358913,0.6686686208648889,0.7749387819592761,0.5929016466377969,427.4165771007538,8.573817491531372,ok,,35060,28048,0,8765,,90,1e-05,True,427.41611075401306,tabpfn_finetune_epoch_chunks_f_mmd,dataset_val_split | c_selection=f_mmd | c_source=test | c_metric=standardized_l2 | c_reserve_ratio=0.05,30,29,tabpfn_finetuning_api_f_mmd_grad_accum10,acc,0.6856816885339418,0.7114945807187678,,,13,True,False,,f_mmd,test,standardized_l2,0.05,4.473591917425133,3.0893800140270584,,True
FOREX_cadjpy-hour-High,/home/crc00006699/zh/tabiclv2/data184/FOREX_cadjpy-hour-High,binclass,35060,7012,8765,10,2,0.7123787792355961,0.7114624325013285,0.7105388729136879,0.7823132369024118,0.5669257444068233,186.19067811965945,8.59310269355774,ok,,35060,28048,0,8765,,90,1e-05,True,186.19016671180725,tabpfn_finetune_epoch_chunks_f_mmd,dataset_val_split | c_selection=f_mmd | c_source=test | c_metric=standardized_l2 | c_reserve_ratio=0.05,30,29,tabpfn_finetuning_api_f_mmd_grad_accum10,acc,0.70750142612664,0.7109241300627496,,,1,True,False,,f_mmd,test,standardized_l2,0.05,5.091028933345578,3.596607167107346,,True
Fitness_Club_c,/home/crc00006699/zh/tabiclv2/data184/Fitness_Club_c,binclass,1200,240,300,6,2,0.7933333333333333,0.7897399116134175,0.7399968452600032,0.8261212471738788,0.4543187287415619,11.917338609695436,0.4562788009643554,ok,,1200,960,0,300,,30,1e-05,True,11.916842460632324,tabpfn_finetune_epoch_chunks_f_mmd,dataset_val_split | c_selection=f_mmd | c_source=test | c_metric=standardized_l2 | c_reserve_ratio=0.05,30,1,tabpfn_finetuning_api_f_mmd_grad_accum10,acc,0.7666666666666667,0.7791666666666667,,,4,True,False,,f_mmd,test,standardized_l2,0.05,4.149271633992402,1.7757798866868315,,True
GAMETES_Heterogeneity_20atts_1600_Het_0.4_0.2_50_EDM-2_001,/home/crc00006699/zh/tabiclv2/data184/GAMETES_Heterogeneity_20atts_1600_Het_0.4_0.2_50_EDM-2_001,binclass,1280,256,320,20,2,0.659375,0.6348064620829014,0.659375,0.7663671874999999,0.6057035998554504,8.478870868682861,0.4657912254333496,ok,,1280,1024,0,320,,30,1e-05,True,8.478507041931152,tabpfn_finetune_epoch_chunks_f_mmd,dataset_val_split | c_selection=f_mmd | c_source=test | c_metric=standardized_l2 | c_reserve_ratio=0.05,30,2,tabpfn_finetuning_api_f_mmd_grad_accum10,acc,0.67578125,0.67578125,,,0,True,False,,f_mmd,test,standardized_l2,0.05,2.80196601154119,0.5769098553408307,,True
GesturePhaseSegmentationProcessed,/home/crc00006699/zh/tabiclv2/data184/GesturePhaseSegmentationProcessed,multiclass,7898,1580,1975,32,5,0.8111392405063291,0.8096946081204898,0.7846933472291033,0.95832693524492,0.5414194599412888,46.51710963249207,1.634469509124756,ok,,7898,6318,0,1975,,30,1e-05,True,46.51673197746277,tabpfn_finetune_epoch_chunks_f_mmd,dataset_val_split | c_selection=f_mmd | c_source=test | c_metric=standardized_l2 | c_reserve_ratio=0.05,30,7,tabpfn_finetuning_api_f_mmd_grad_accum10,acc,0.7911392405063291,0.7981012658227848,,,2,True,False,,f_mmd,test,standardized_l2,0.05,8.79145756397834,6.027383104679336,,True
Heart-Disease-Dataset-(Comprehensive),/home/crc00006699/zh/tabiclv2/data184/Heart-Disease-Dataset-(Comprehensive),binclass,952,191,238,11,2,0.9411764705882352,0.941222557399028,0.9414282656773918,0.9683955197260468,0.2224635139328403,14.96582579612732,0.455780029296875,ok,,952,761,0,238,,30,1e-05,True,14.965383529663086,tabpfn_finetune_epoch_chunks_f_mmd,dataset_val_split | c_selection=f_mmd | c_source=test | c_metric=standardized_l2 | c_reserve_ratio=0.05,30,1,tabpfn_finetuning_api_f_mmd_grad_accum10,acc,0.9109947643979056,0.9162303664921466,,,8,True,False,,f_mmd,test,standardized_l2,0.05,2.505020198631557,0.7008210997003155,,True
Insurance,/home/crc00006699/zh/tabiclv2/data184/Insurance,binclass,18838,3768,4710,10,2,0.7575371549893843,0.6530303380048618,0.5,0.493005421807387,0.5592047043859565,90.46110010147096,3.261233329772949,ok,,18838,15070,0,4710,,60,1e-05,True,90.46069693565369,tabpfn_finetune_epoch_chunks_f_mmd,dataset_val_split | c_selection=f_mmd | c_source=test | c_metric=standardized_l2 | c_reserve_ratio=0.05,30,16,tabpfn_finetuning_api_f_mmd_grad_accum10,acc,0.7579617834394905,0.7579617834394905,,,0,True,False,,f_mmd,test,standardized_l2,0.05,2.521521594116406,0.3401133175209235,,True
Is-this-a-good-customer,/home/crc00006699/zh/tabiclv2/data184/Is-this-a-good-customer,binclass,1378,276,345,13,2,0.8840579710144928,0.829654403567447,0.5,0.7363114754098361,0.322841741605242,8.19879150390625,0.4634003639221191,ok,,1378,1102,0,345,,30,1e-05,True,8.198306322097778,tabpfn_finetune_epoch_chunks_f_mmd,dataset_val_split | c_selection=f_mmd | c_source=test | c_metric=standardized_l2 | c_reserve_ratio=0.05,30,2,tabpfn_finetuning_api_f_mmd_grad_accum10,acc,0.9130434782608696,0.9130434782608696,,,0,True,False,,f_mmd,test,standardized_l2,0.05,3.379842733096094,3.1452585709159564,,True
KDD,/home/crc00006699/zh/tabiclv2/data184/KDD,binclass,4025,805,1007,45,2,0.8093346573982125,0.8076143395259944,0.8106107231625044,0.9025367893636328,0.3721976950005059,22.973351001739506,1.2179925441741943,ok,,4025,3220,0,1007,,30,1e-05,True,22.972960472106934,tabpfn_finetune_epoch_chunks_f_mmd,dataset_val_split | c_selection=f_mmd | c_source=test | c_metric=standardized_l2 | c_reserve_ratio=0.05,30,4,tabpfn_finetuning_api_f_mmd_grad_accum10,acc,0.8198757763975155,0.8198757763975155,,,0,True,False,,f_mmd,test,standardized_l2,0.05,7.2252550761687235,11.971123101633294,,True
Long,/home/crc00006699/zh/tabiclv2/data184/Long,binclass,3581,717,896,19,2,0.9933035714285714,0.9932791260208336,0.9881889763779528,0.9998589545465696,0.01679609735348,13.71916365623474,0.7022218704223633,ok,,3581,2864,0,896,,30,1e-05,True,13.718791961669922,tabpfn_finetune_epoch_chunks_f_mmd,dataset_val_split | c_selection=f_mmd | c_source=test | c_metric=standardized_l2 | c_reserve_ratio=0.05,30,3,tabpfn_finetuning_api_f_mmd_grad_accum10,acc,0.99442119944212,0.99442119944212,,,0,True,False,,f_mmd,test,standardized_l2,0.05,6.6275228607599495,10.567849089688607,,True
MagicTelescope,/home/crc00006699/zh/tabiclv2/data184/MagicTelescope,binclass,15216,3044,3804,9,2,0.8861724500525763,0.883221351339997,0.8547719841867334,0.9425087012972844,0.2805972831126851,70.05887985229492,2.3791439533233643,ok,,15216,12172,0,3804,,60,1e-05,True,70.05843544006348,tabpfn_finetune_epoch_chunks_f_mmd,dataset_val_split | c_selection=f_mmd | c_source=test | c_metric=standardized_l2 | c_reserve_ratio=0.05,30,13,tabpfn_finetuning_api_f_mmd_grad_accum10,acc,0.8846911957950065,0.8846911957950065,,,0,True,False,,f_mmd,test,standardized_l2,0.05,5.685278402782398,2.3510970379251974,,True
Mobile_Price_Classification,/home/crc00006699/zh/tabiclv2/data184/Mobile_Price_Classification,multiclass,1600,320,400,20,4,0.975,0.9748899861185428,0.975,0.9994583333333332,0.056684491319854,10.76018500328064,0.4924111366271972,ok,,1600,1280,0,400,,30,1e-05,True,10.759785890579224,tabpfn_finetune_epoch_chunks_f_mmd,dataset_val_split | c_selection=f_mmd | c_source=test | c_metric=standardized_l2 | c_reserve_ratio=0.05,30,2,tabpfn_finetuning_api_f_mmd_grad_accum10,acc,0.96875,0.971875,,,2,True,False,,f_mmd,test,standardized_l2,0.05,1.77580308414583,0.1178539781350744,,True
Performance-Prediction,/home/crc00006699/zh/tabiclv2/data184/Performance-Prediction,binclass,1072,215,268,19,2,0.7388059701492538,0.7340634402100171,0.7050385511923973,0.7973821050744127,0.5279089863391971,11.83648419380188,0.4609956741333008,ok,,1072,857,0,268,,30,1e-05,True,11.836057424545288,tabpfn_finetune_epoch_chunks_f_mmd,dataset_val_split | c_selection=f_mmd | c_source=test | c_metric=standardized_l2 | c_reserve_ratio=0.05,30,1,tabpfn_finetuning_api_f_mmd_grad_accum10,acc,0.6790697674418604,0.6976744186046512,,,4,True,False,,f_mmd,test,standardized_l2,0.05,5.168257232607498,2.1316238475191294,,True
PieChart3,/home/crc00006699/zh/tabiclv2/data184/PieChart3,binclass,861,173,216,37,2,0.875,0.8249978608710533,0.5158730158730158,0.8687046835194985,0.2687677949997435,11.96146011352539,0.4816656112670898,ok,,861,688,0,216,,30,1e-05,True,11.961083889007568,tabpfn_finetune_epoch_chunks_f_mmd,dataset_val_split | c_selection=f_mmd | c_source=test | c_metric=standardized_l2 | c_reserve_ratio=0.05,30,1,tabpfn_finetuning_api_f_mmd_grad_accum10,acc,0.8728323699421965,0.8786127167630058,,,4,True,False,,f_mmd,test,standardized_l2,0.05,11.726465615371716,18.106397234245883,,True
PizzaCutter3,/home/crc00006699/zh/tabiclv2/data184/PizzaCutter3,binclass,834,167,209,37,2,0.8803827751196173,0.8466622237696586,0.5518478260869566,0.8776086956521739,0.252459615336352,8.011974334716797,0.4791212081909179,ok,,834,667,0,209,,30,1e-05,True,8.011507749557495,tabpfn_finetune_epoch_chunks_f_mmd,dataset_val_split | c_selection=f_mmd | c_source=test | c_metric=standardized_l2 | c_reserve_ratio=0.05,30,1,tabpfn_finetuning_api_f_mmd_grad_accum10,acc,0.8802395209580839,0.8802395209580839,,,0,True,False,,f_mmd,test,standardized_l2,0.05,12.30645318665295,36.67378334803762,,True
QSAR_biodegradation,/home/crc00006699/zh/tabiclv2/data184/QSAR_biodegradation,binclass,843,169,211,41,2,0.8957345971563981,0.8949577677618703,0.876307847082495,0.9359154929577465,0.306600802000204,14.267760515213013,0.4869215488433838,ok,,843,674,0,211,,30,1e-05,True,14.26737904548645,tabpfn_finetune_epoch_chunks_f_mmd,dataset_val_split | c_selection=f_mmd | c_source=test | c_metric=standardized_l2 | c_reserve_ratio=0.05,30,1,tabpfn_finetuning_api_f_mmd_grad_accum10,acc,0.8579881656804734,0.8816568047337278,,,6,True,False,,f_mmd,test,standardized_l2,0.05,6.54492472276594,5.087164000563152,,True
SDSS17,/home/crc00006699/zh/tabiclv2/data184/SDSS17,multiclass,80000,16000,20000,12,3,0.97705,0.9769420424246577,0.9718737930039828,0.9968740103527454,0.0714069963909538,493.0105822086334,25.299943208694454,ok,,80000,64000,0,20000,,210,1e-05,True,493.0100705623626,tabpfn_finetune_epoch_chunks_f_mmd,dataset_val_split | c_selection=f_mmd | c_source=test | c_metric=standardized_l2 | c_reserve_ratio=0.05,30,64,tabpfn_finetuning_api_f_mmd_grad_accum10,acc,0.9749375,0.97525,,,1,True,False,,f_mmd,test,standardized_l2,0.05,105171.33885185757,7041.350836654333,,True
Telecom_Churn_Dataset,/home/crc00006699/zh/tabiclv2/data184/Telecom_Churn_Dataset,binclass,2666,534,667,17,2,0.970014992503748,0.9693305521152468,0.9182944474588532,0.9260806655814796,0.1269755329026827,19.77233457565308,0.7110111713409424,ok,,2666,2132,0,667,,30,1e-05,True,19.77177095413208,tabpfn_finetune_epoch_chunks_f_mmd,dataset_val_split | c_selection=f_mmd | c_source=test | c_metric=standardized_l2 | c_reserve_ratio=0.05,30,3,tabpfn_finetuning_api_f_mmd_grad_accum10,acc,0.9662921348314608,0.9700374531835206,,,3,True,False,,f_mmd,test,standardized_l2,0.05,2.5370899554886206,0.4088603105782409,,True
Water_Quality_and_Potability,/home/crc00006699/zh/tabiclv2/data184/Water_Quality_and_Potability,binclass,2620,524,656,8,2,0.6448170731707317,0.6008609317552289,0.57515625,0.6708007812500001,0.6247930610903676,18.13506531715393,0.5997693538665771,ok,,2620,2096,0,656,,30,1e-05,True,18.13468718528748,tabpfn_finetune_epoch_chunks_f_mmd,dataset_val_split | c_selection=f_mmd | c_source=test | c_metric=standardized_l2 | c_reserve_ratio=0.05,30,3,tabpfn_finetuning_api_f_mmd_grad_accum10,acc,0.6431297709923665,0.6564885496183206,,,3,True,False,,f_mmd,test,standardized_l2,0.05,2.7441978741459088,0.486377125794278,,True
Wilt,/home/crc00006699/zh/tabiclv2/data184/Wilt,binclass,3856,772,965,5,2,0.9927461139896372,0.9926443320683423,0.9508277866711602,0.9860561125621368,0.0310621248440758,28.988731622695923,0.5532815456390381,ok,,3856,3084,0,965,,30,1e-05,True,28.9883291721344,tabpfn_finetune_epoch_chunks_f_mmd,dataset_val_split | c_selection=f_mmd | c_source=test | c_metric=standardized_l2 | c_reserve_ratio=0.05,30,4,tabpfn_finetuning_api_f_mmd_grad_accum10,acc,0.9883419689119172,0.9909326424870466,,,5,True,False,,f_mmd,test,standardized_l2,0.05,9.2885119425034,17.029487839836502,,True
accelerometer,/home/crc00006699/zh/tabiclv2/data184/accelerometer,multiclass,0,0,0,0,0,,,,,,0.0,0.0,fail,"ValueError: could not broadcast input array from shape (4,) into shape (3,)",0,0,0,0,,0,,False,0.0,,,0,0,,,,,,,0,False,False,,,,,,,,,True
ada_agnostic,/home/crc00006699/zh/tabiclv2/data184/ada_agnostic,binclass,3649,730,913,48,2,0.8411829134720701,0.8371179470722089,0.7646222113766841,0.8986719923967068,0.3315999788745964,21.914660215377808,1.167604923248291,ok,,3649,2919,0,913,,30,1e-05,True,21.91424989700317,tabpfn_finetune_epoch_chunks_f_mmd,dataset_val_split | c_selection=f_mmd | c_source=test | c_metric=standardized_l2 | c_reserve_ratio=0.05,30,3,tabpfn_finetuning_api_f_mmd_grad_accum10,acc,0.8438356164383561,0.8465753424657534,,,2,True,False,,f_mmd,test,standardized_l2,0.05,3.81680054843305,3.442101309038639,,True
adult,/home/crc00006699/zh/tabiclv2/data184/adult,binclass,32561,6513,16281,14,2,0.8611878877218844,0.8559564160029025,0.7752414583917494,0.9151894793121844,0.2990976713685594,174.57665610313416,9.874639749526978,ok,,32561,26048,0,16281,,90,1e-05,True,174.5761682987213,tabpfn_finetune_epoch_chunks_f_mmd,dataset_val_split | c_selection=f_mmd | c_source=test | c_metric=standardized_l2 | c_reserve_ratio=0.05,30,27,tabpfn_finetuning_api_f_mmd_grad_accum10,acc,0.8588975894365116,0.8588975894365116,,,0,True,False,,f_mmd,test,standardized_l2,0.05,4.3381784378901616,3.414989096068449,,True
allbp,/home/crc00006699/zh/tabiclv2/data184/allbp,multiclass,3017,604,755,29,3,0.9774834437086092,0.9737428354552355,0.532409972299169,0.9861698302031048,0.0714476395362331,15.946646690368652,0.7932672500610352,ok,,3017,2413,0,755,,30,1e-05,True,15.946130275726318,tabpfn_finetune_epoch_chunks_f_mmd,dataset_val_split | c_selection=f_mmd | c_source=test | c_metric=standardized_l2 | c_reserve_ratio=0.05,30,3,tabpfn_finetuning_api_f_mmd_grad_accum10,acc,0.9801324503311258,0.9801324503311258,,,0,True,False,,f_mmd,test,standardized_l2,0.05,5.292726388974814,4.473143762332595,,True
analcatdata_authorship,/home/crc00006699/zh/tabiclv2/data184/analcatdata_authorship,multiclass,672,135,169,69,4,0.9940828402366864,0.9940844063479188,0.99609375,0.9999242768178148,0.0161625014729252,8.214430093765259,0.456784725189209,ok,,672,537,0,169,,30,1e-05,True,8.214038372039795,tabpfn_finetune_epoch_chunks_f_mmd,dataset_val_split | c_selection=f_mmd | c_source=test | c_metric=standardized_l2 | c_reserve_ratio=0.05,30,1,tabpfn_finetuning_api_f_mmd_grad_accum10,acc,1.0,1.0,,,0,True,False,,f_mmd,test,standardized_l2,0.05,2.148679396514,0.4050333414709074,,True
autoUniv-au4-2500,/home/crc00006699/zh/tabiclv2/data184/autoUniv-au4-2500,multiclass,2000,400,500,100,3,0.676,0.646624512806236,0.4899391200652733,0.7459633030185159,0.7345880028367222,14.400203466415403,1.754321813583374,ok,,2000,1600,0,500,,30,1e-05,True,14.399776935577393,tabpfn_finetune_epoch_chunks_f_mmd,dataset_val_split | c_selection=f_mmd | c_source=test | c_metric=standardized_l2 | c_reserve_ratio=0.05,30,2,tabpfn_finetuning_api_f_mmd_grad_accum10,acc,0.69,0.69,,,0,True,False,,f_mmd,test,standardized_l2,0.05,1.441765975181657,0.0346919115391401,,True
bank,/home/crc00006699/zh/tabiclv2/data184/bank,binclass,36168,7234,9043,16,2,0.913856021231892,0.9130039751934274,0.7819024446830245,0.9421567849926552,0.1881406794044522,305.210177898407,9.675188064575195,ok,,36168,28934,0,9043,,90,1e-05,True,305.20970726013184,tabpfn_finetune_epoch_chunks_f_mmd,dataset_val_split | c_selection=f_mmd | c_source=test | c_metric=standardized_l2 | c_reserve_ratio=0.05,30,29,tabpfn_finetuning_api_f_mmd_grad_accum10,acc,0.918578932817252,0.92065247442632,,,5,True,False,,f_mmd,test,standardized_l2,0.05,4.687981108833405,3.365739011671016,,True
baseball,/home/crc00006699/zh/tabiclv2/data184/baseball,multiclass,1072,215,268,16,3,0.9477611940298508,0.9404483569445052,0.6631304223896817,0.9687843753260268,0.1437081463665123,12.134693145751951,0.4669468402862549,ok,,1072,857,0,268,,30,1e-05,True,12.13405728340149,tabpfn_finetune_epoch_chunks_f_mmd,dataset_val_split | c_selection=f_mmd | c_source=test | c_metric=standardized_l2 | c_reserve_ratio=0.05,30,1,tabpfn_finetuning_api_f_mmd_grad_accum10,acc,0.9488372093023256,0.958139534883721,,,4,True,False,,f_mmd,test,standardized_l2,0.05,5.656968063095402,2.5114520624707213,,True
churn,/home/crc00006699/zh/tabiclv2/data184/churn,binclass,4000,800,1000,20,2,0.965,0.964168325369399,0.9055267959609968,0.9281367910897548,0.1240677898613855,20.41739511489868,0.7929744720458984,ok,,4000,3200,0,1000,,30,1e-05,True,20.416937351226807,tabpfn_finetune_epoch_chunks_f_mmd,dataset_val_split | c_selection=f_mmd | c_source=test | c_metric=standardized_l2 | c_reserve_ratio=0.05,30,4,tabpfn_finetuning_api_f_mmd_grad_accum10,acc,0.97625,0.97625,,,0,True,False,,f_mmd,test,standardized_l2,0.05,2.3257009626603478,0.3046766414882036,,True
company_bankruptcy_prediction,/home/crc00006699/zh/tabiclv2/data184/company_bankruptcy_prediction,binclass,5455,1091,1364,95,2,0.968475073313783,0.9630337247213676,0.6212121212121212,0.9601411845730028,0.0741590196718153,38.6332311630249,2.451484203338623,ok,,5455,4364,0,1364,,30,1e-05,True,38.63263320922852,tabpfn_finetune_epoch_chunks_f_mmd,dataset_val_split | c_selection=f_mmd | c_source=test | c_metric=standardized_l2 | c_reserve_ratio=0.05,30,5,tabpfn_finetuning_api_f_mmd_grad_accum10,acc,0.9679193400549956,0.9679193400549956,,,0,True,False,,f_mmd,test,standardized_l2,0.05,2.4542097864978127e+38,8.933974374951344e+38,,True
connect-4,/home/crc00006699/zh/tabiclv2/data184/connect-4,multiclass,54045,10809,13512,42,3,0.8513173475429248,0.8341487248049603,0.6611848763091067,0.936242642349827,0.3793334609337072,672.2171714305878,22.566068172454838,ok,,54045,43236,0,13512,,150,1e-05,True,672.2166180610657,tabpfn_finetune_epoch_chunks_f_mmd,dataset_val_split | c_selection=f_mmd | c_source=test | c_metric=standardized_l2 | c_reserve_ratio=0.05,30,44,tabpfn_finetuning_api_f_mmd_grad_accum10,acc,0.8488296789712276,0.8542880932556203,,,6,True,False,,f_mmd,test,standardized_l2,0.05,5.7969025929442495,4.716388402485974,,True
credit,/home/crc00006699/zh/tabiclv2/data184/credit,binclass,13371,2675,3343,10,2,0.7843254561770865,0.7842722563230842,0.7843301793327778,0.8600048963603721,0.498821352590858,57.39271974563599,2.066769599914551,ok,,13371,10696,0,3343,,60,1e-05,True,57.392221212387085,tabpfn_finetune_epoch_chunks_f_mmd,dataset_val_split | c_selection=f_mmd | c_source=test | c_metric=standardized_l2 | c_reserve_ratio=0.05,30,11,tabpfn_finetuning_api_f_mmd_grad_accum10,acc,0.7816822429906543,0.7816822429906543,,,0,True,False,,f_mmd,test,standardized_l2,0.05,4997561.26026579,9724760.022013694,,True
customer_satisfaction_in_airline,/home/crc00006699/zh/tabiclv2/data184/customer_satisfaction_in_airline,binclass,103904,20781,25976,21,2,0.9585771481367416,0.9586454716016588,0.9603862783065036,0.9945523417079132,0.0934867761855352,627.9328351020813,31.064748525619507,ok,,103904,83123,0,25976,,270,1e-05,True,627.9323544502258,tabpfn_finetune_epoch_chunks_f_mmd,dataset_val_split | c_selection=f_mmd | c_source=test | c_metric=standardized_l2 | c_reserve_ratio=0.05,30,84,tabpfn_finetuning_api_f_mmd_grad_accum10,acc,0.9615995380395552,0.9615995380395552,,,0,True,False,,f_mmd,test,standardized_l2,0.05,3.007249956828428,2.8216120558807565,,True
default_of_credit_card_clients,/home/crc00006699/zh/tabiclv2/data184/default_of_credit_card_clients,binclass,24000,4800,6000,23,2,0.8246666666666667,0.8030124144427371,0.6608131079292593,0.7982598489841513,0.416538762180412,155.56082105636597,5.411771535873413,ok,,24000,19200,0,6000,,60,1e-05,True,155.559987783432,tabpfn_finetune_epoch_chunks_f_mmd,dataset_val_split | c_selection=f_mmd | c_source=test | c_metric=standardized_l2 | c_reserve_ratio=0.05,30,20,tabpfn_finetuning_api_f_mmd_grad_accum10,acc,0.8214583333333333,0.823125,,,2,True,False,,f_mmd,test,standardized_l2,0.05,7.191833094188081,7.473183170338722,,True
dis,/home/crc00006699/zh/tabiclv2/data184/dis,binclass,3017,604,755,29,2,0.990728476821192,0.989524085374335,0.7493270524899058,0.993943472409152,0.0269523571960582,23.814732313156128,0.814185380935669,ok,,3017,2413,0,755,,30,1e-05,True,23.814282417297363,tabpfn_finetune_epoch_chunks_f_mmd,dataset_val_split | c_selection=f_mmd | c_source=test | c_metric=standardized_l2 | c_reserve_ratio=0.05,30,3,tabpfn_finetuning_api_f_mmd_grad_accum10,acc,0.98841059602649,0.9917218543046358,,,4,True,False,,f_mmd,test,standardized_l2,0.05,5.074407693717523,3.8274576274245735,,True
drug_consumption,/home/crc00006699/zh/tabiclv2/data184/drug_consumption,multiclass,1507,302,377,12,7,0.403183023872679,0.2316968605998004,0.1428571428571428,0.5302343217919654,1.5108763003410752,8.317253351211548,0.4694299697875976,ok,,1507,1205,0,377,,30,1e-05,True,8.316868305206299,tabpfn_finetune_epoch_chunks_f_mmd,dataset_val_split | c_selection=f_mmd | c_source=test | c_metric=standardized_l2 | c_reserve_ratio=0.05,30,2,tabpfn_finetuning_api_f_mmd_grad_accum10,acc,0.4039735099337748,0.4039735099337748,,,0,True,False,,f_mmd,test,standardized_l2,0.05,3.0060375948929003,2.1932353050659934,,True
eeg-eye-state,/home/crc00006699/zh/tabiclv2/data184/eeg-eye-state,binclass,11984,2397,2996,14,2,0.992656875834446,0.9926547979866136,0.9923038645047836,0.9998054575462882,0.0174157496957447,93.12318086624146,1.9242842197418213,ok,,11984,9587,0,2996,,30,1e-05,True,93.12279629707336,tabpfn_finetune_epoch_chunks_f_mmd,dataset_val_split | c_selection=f_mmd | c_source=test | c_metric=standardized_l2 | c_reserve_ratio=0.05,30,10,tabpfn_finetuning_api_f_mmd_grad_accum10,acc,0.9924906132665832,0.9949937421777222,,,6,True,False,,f_mmd,test,standardized_l2,0.05,89403959.94749568,39863038.795272246,,True
estimation_of_obesity_levels,/home/crc00006699/zh/tabiclv2/data184/estimation_of_obesity_levels,multiclass,1688,338,423,16,7,0.9881796690307328,0.9881973806956093,0.9875843824119686,0.9999007120836402,0.0318298158047035,8.651783227920532,0.4564943313598633,ok,,1688,1350,0,423,,30,1e-05,True,8.65136432647705,tabpfn_finetune_epoch_chunks_f_mmd,dataset_val_split | c_selection=f_mmd | c_source=test | c_metric=standardized_l2 | c_reserve_ratio=0.05,30,2,tabpfn_finetuning_api_f_mmd_grad_accum10,acc,0.9822485207100592,0.9822485207100592,,,0,True,False,,f_mmd,test,standardized_l2,0.05,3.769576722136523,0.928742748784063,,True
eye_movements,/home/crc00006699/zh/tabiclv2/data184/eye_movements,multiclass,8748,1750,2188,27,3,0.8560329067641682,0.8558610809032485,0.8639728303157043,0.9602325902245656,0.3604733812910559,59.82153391838074,1.6504054069519043,ok,,8748,6998,0,2188,,30,1e-05,True,59.82113695144653,tabpfn_finetune_epoch_chunks_f_mmd,dataset_val_split | c_selection=f_mmd | c_source=test | c_metric=standardized_l2 | c_reserve_ratio=0.05,30,7,tabpfn_finetuning_api_f_mmd_grad_accum10,acc,0.8302857142857143,0.856,,,4,True,False,,f_mmd,test,standardized_l2,0.05,5.7162934609761855,2.8973134266411136,,True
first-order-theorem-proving,/home/crc00006699/zh/tabiclv2/data184/first-order-theorem-proving,multiclass,4894,979,1224,51,6,0.6339869281045751,0.6149566621007573,0.5021656785524007,0.8460928792917115,1.0661038594081398,27.52564024925232,1.42403244972229,ok,,4894,3915,0,1224,,30,1e-05,True,27.52516508102417,tabpfn_finetune_epoch_chunks_f_mmd,dataset_val_split | c_selection=f_mmd | c_source=test | c_metric=standardized_l2 | c_reserve_ratio=0.05,30,4,tabpfn_finetuning_api_f_mmd_grad_accum10,acc,0.6241062308478039,0.6261491317671093,,,2,True,False,,f_mmd,test,standardized_l2,0.05,7.952011574385069,7.984310696693368,,True
heloc,/home/crc00006699/zh/tabiclv2/data184/heloc,binclass,8000,1600,2000,22,2,0.7255,0.7247981665241782,0.7255,0.8023625,0.541901691397954,58.94047021865845,1.371619701385498,ok,,8000,6400,0,2000,,30,1e-05,True,58.94001603126526,tabpfn_finetune_epoch_chunks_f_mmd,dataset_val_split | c_selection=f_mmd | c_source=test | c_metric=standardized_l2 | c_reserve_ratio=0.05,30,7,tabpfn_finetuning_api_f_mmd_grad_accum10,acc,0.724375,0.729375,,,5,True,False,,f_mmd,test,standardized_l2,0.05,7.495124385659388,1.442713439035833,,True
house_16H,/home/crc00006699/zh/tabiclv2/data184/house_16H,binclass,10790,2158,2698,16,2,0.8895478131949592,0.8895439286006714,0.8895478131949592,0.9570084860927102,0.2668624928489339,47.67897152900696,1.7699415683746338,ok,,10790,8632,0,2698,,30,1e-05,True,47.67849802970886,tabpfn_finetune_epoch_chunks_f_mmd,dataset_val_split | c_selection=f_mmd | c_source=test | c_metric=standardized_l2 | c_reserve_ratio=0.05,30,9,tabpfn_finetuning_api_f_mmd_grad_accum10,acc,0.8832252085264134,0.8832252085264134,,,0,True,False,,f_mmd,test,standardized_l2,0.05,8.44229202112644,5.945857262460045,,True
ibm-employee-performance,/home/crc00006699/zh/tabiclv2/data184/ibm-employee-performance,binclass,1176,236,294,30,2,1.0,1.0,1.0,1.0,1.299389698134889e-05,8.638114213943481,0.4829144477844238,ok,,1176,940,0,294,,30,1e-05,True,8.63773798942566,tabpfn_finetune_epoch_chunks_f_mmd,dataset_val_split | c_selection=f_mmd | c_source=test | c_metric=standardized_l2 | c_reserve_ratio=0.05,30,1,tabpfn_finetuning_api_f_mmd_grad_accum10,acc,1.0,1.0,,,0,True,False,,f_mmd,test,standardized_l2,0.05,2.3734940379938125,0.3681200407707451,,True
internet_firewall,/home/crc00006699/zh/tabiclv2/data184/internet_firewall,multiclass,0,0,0,0,0,,,,,,0.0,0.0,fail,"ValueError: could not broadcast input array from shape (4,) into shape (3,)",0,0,0,0,,0,,False,0.0,,,0,0,,,,,,,0,False,False,,,,,,,,,True
jm1,/home/crc00006699/zh/tabiclv2/data184/jm1,binclass,8708,1742,2177,21,2,0.8190169958658705,0.7852323728502176,0.5934644165372608,0.7521365498136013,0.4277384322589311,76.91450333595276,1.5100266933441162,ok,,8708,6966,0,2177,,30,1e-05,True,76.91413712501526,tabpfn_finetune_epoch_chunks_f_mmd,dataset_val_split | c_selection=f_mmd | c_source=test | c_metric=standardized_l2 | c_reserve_ratio=0.05,30,7,tabpfn_finetuning_api_f_mmd_grad_accum10,acc,0.8185993111366245,0.8203214695752009,,,9,True,False,,f_mmd,test,standardized_l2,0.05,32.404020973951575,62.85642194319568,,True
kc1,/home/crc00006699/zh/tabiclv2/data184/kc1,binclass,1687,338,422,21,2,0.8791469194312796,0.8668038475386692,0.6894850247791424,0.8519284636931697,0.3109548851548081,7.891374349594116,0.4630029201507568,ok,,1687,1349,0,422,,30,1e-05,True,7.89098310470581,tabpfn_finetune_epoch_chunks_f_mmd,dataset_val_split | c_selection=f_mmd | c_source=test | c_metric=standardized_l2 | c_reserve_ratio=0.05,30,2,tabpfn_finetuning_api_f_mmd_grad_accum10,acc,0.8757396449704142,0.8757396449704142,,,0,True,False,,f_mmd,test,standardized_l2,0.05,13.059992117936376,15.88365908678478,,True
kr-vs-kp,/home/crc00006699/zh/tabiclv2/data184/kr-vs-kp,binclass,2556,512,640,36,2,0.9984375,0.9984376031804651,0.998502994011976,0.9999217251770968,0.008077658509448,16.323217391967773,0.8877637386322021,ok,,2556,2044,0,640,,30,1e-05,True,16.322816371917725,tabpfn_finetune_epoch_chunks_f_mmd,dataset_val_split | c_selection=f_mmd | c_source=test | c_metric=standardized_l2 | c_reserve_ratio=0.05,30,3,tabpfn_finetuning_api_f_mmd_grad_accum10,acc,0.994140625,0.994140625,,,0,True,False,,f_mmd,test,standardized_l2,0.05,4.318645320619705,2.7566299383873507,,True
led24,/home/crc00006699/zh/tabiclv2/data184/led24,multiclass,2560,512,640,24,10,0.725,0.7206454370050855,0.7251042738094453,0.9576037720671124,0.7735670852130122,22.76115131378174,0.7896733283996582,ok,,2560,2048,0,640,,30,1e-05,True,22.760776042938232,tabpfn_finetune_epoch_chunks_f_mmd,dataset_val_split | c_selection=f_mmd | c_source=test | c_metric=standardized_l2 | c_reserve_ratio=0.05,30,3,tabpfn_finetuning_api_f_mmd_grad_accum10,acc,0.720703125,0.724609375,,,4,True,False,,f_mmd,test,standardized_l2,0.05,1.4864843263048602,0.0468013935484868,,True
madeline,/home/crc00006699/zh/tabiclv2/data184/madeline,binclass,2512,503,628,259,2,0.9235668789808916,0.9235397329568048,0.9234623498864004,0.9755862544628368,0.1964876693021541,110.91546535491943,4.181294202804565,ok,,2512,2009,0,628,,30,1e-05,True,110.91506791114809,tabpfn_finetune_epoch_chunks_f_mmd,dataset_val_split | c_selection=f_mmd | c_source=test | c_metric=standardized_l2 | c_reserve_ratio=0.05,30,3,tabpfn_finetuning_api_f_mmd_grad_accum10,acc,0.9244532803180916,0.9244532803180916,,,0,True,False,,f_mmd,test,standardized_l2,0.05,1.4645018304015442,0.0522507202143905,,True
maternal_health_risk,/home/crc00006699/zh/tabiclv2/data184/maternal_health_risk,multiclass,811,163,203,6,3,0.8571428571428571,0.8521809576454668,0.8578499198731371,0.9606890360032796,0.3661511814224724,26.674188375473022,0.4705936908721924,ok,,811,648,0,203,,30,1e-05,True,26.67370986938477,tabpfn_finetune_epoch_chunks_f_mmd,dataset_val_split | c_selection=f_mmd | c_source=test | c_metric=standardized_l2 | c_reserve_ratio=0.05,30,1,tabpfn_finetuning_api_f_mmd_grad_accum10,acc,0.8220858895705522,0.8711656441717791,,,24,False,False,,f_mmd,test,standardized_l2,0.05,3.31848649755426,0.3370939541517145,,True
mfeat-fourier,/home/crc00006699/zh/tabiclv2/data184/mfeat-fourier,multiclass,1600,320,400,76,10,0.92,0.9196496426407438,0.92,0.9945486111111111,0.2115793524918267,20.373480796813965,0.5060880184173584,ok,,1600,1280,0,400,,30,1e-05,True,20.37310576438904,tabpfn_finetune_epoch_chunks_f_mmd,dataset_val_split | c_selection=f_mmd | c_source=test | c_metric=standardized_l2 | c_reserve_ratio=0.05,30,2,tabpfn_finetuning_api_f_mmd_grad_accum10,acc,0.8875,0.9125,,,10,True,False,,f_mmd,test,standardized_l2,0.05,2.2686421988334144,0.252848896625346,,True
mfeat-morphological,/home/crc00006699/zh/tabiclv2/data184/mfeat-morphological,multiclass,1600,320,400,6,10,0.77,0.7584437960671474,0.77,0.9732847222222224,0.4949248081814923,10.541076183319092,0.4512152671813965,ok,,1600,1280,0,400,,30,1e-05,True,10.540680408477783,tabpfn_finetune_epoch_chunks_f_mmd,dataset_val_split | c_selection=f_mmd | c_source=test | c_metric=standardized_l2 | c_reserve_ratio=0.05,30,2,tabpfn_finetuning_api_f_mmd_grad_accum10,acc,0.74375,0.75625,,,3,True,False,,f_mmd,test,standardized_l2,0.05,3.0462114326407037,0.433867195832736,,True
mfeat-zernike,/home/crc00006699/zh/tabiclv2/data184/mfeat-zernike,multiclass,1600,320,400,47,10,0.86,0.8348272947612076,0.8600000000000001,0.983951388888889,0.2496627014382028,16.806321382522583,0.4628310203552246,ok,,1600,1280,0,400,,30,1e-05,True,16.805958032608032,tabpfn_finetune_epoch_chunks_f_mmd,dataset_val_split | c_selection=f_mmd | c_source=test | c_metric=standardized_l2 | c_reserve_ratio=0.05,30,2,tabpfn_finetuning_api_f_mmd_grad_accum10,acc,0.828125,0.871875,,,9,True,False,,f_mmd,test,standardized_l2,0.05,3.202519510756844,0.8268509840926855,,True
microaggregation2,/home/crc00006699/zh/tabiclv2/data184/microaggregation2,multiclass,16000,3200,4000,20,5,0.643,0.5950294282633576,0.425139012514317,0.8306231473321578,0.8662527476442043,105.35821628570557,2.9752864837646484,ok,,16000,12800,0,4000,,60,1e-05,True,105.3578429222107,tabpfn_finetune_epoch_chunks_f_mmd,dataset_val_split | c_selection=f_mmd | c_source=test | c_metric=standardized_l2 | c_reserve_ratio=0.05,30,13,tabpfn_finetuning_api_f_mmd_grad_accum10,acc,0.6528125,0.6546875,,,4,True,False,,f_mmd,test,standardized_l2,0.05,7.768828993093352,5.403551707911145,,True
mozilla4,/home/crc00006699/zh/tabiclv2/data184/mozilla4,binclass,12436,2488,3109,4,2,0.9372788678031522,0.9365440349251808,0.9183300404985856,0.971576444244822,0.2027465173887181,52.10012865066528,1.707787275314331,ok,,12436,9948,0,3109,,30,1e-05,True,52.0997486114502,tabpfn_finetune_epoch_chunks_f_mmd,dataset_val_split | c_selection=f_mmd | c_source=test | c_metric=standardized_l2 | c_reserve_ratio=0.05,30,10,tabpfn_finetuning_api_f_mmd_grad_accum10,acc,0.9364951768488746,0.9364951768488746,,,0,True,False,,f_mmd,test,standardized_l2,0.05,5.718646707093848,7.024141018907371,,True
okcupid_stem,/home/crc00006699/zh/tabiclv2/data184/okcupid_stem,multiclass,21341,4269,5336,13,3,0.7516866566716641,0.7004213845530312,0.5006629632703722,0.8085656390463779,0.5908224767705383,160.39860320091248,4.181572437286377,ok,,21341,17072,0,5336,,60,1e-05,True,160.3981921672821,tabpfn_finetune_epoch_chunks_f_mmd,dataset_val_split | c_selection=f_mmd | c_source=test | c_metric=standardized_l2 | c_reserve_ratio=0.05,30,18,tabpfn_finetuning_api_f_mmd_grad_accum10,acc,0.7486530803466854,0.7512297962052003,,,4,True,False,,f_mmd,test,standardized_l2,0.05,3.3398069049283823,0.8352385529226632,,True
optdigits,/home/crc00006699/zh/tabiclv2/data184/optdigits,multiclass,4496,900,1124,64,10,0.9955516014234876,0.9955552767683356,0.9955355719183152,0.9999911771741268,0.012272216999598,31.202049255371094,1.5507233142852783,ok,,4496,3596,0,1124,,30,1e-05,True,31.201660871505737,tabpfn_finetune_epoch_chunks_f_mmd,dataset_val_split | c_selection=f_mmd | c_source=test | c_metric=standardized_l2 | c_reserve_ratio=0.05,30,4,tabpfn_finetuning_api_f_mmd_grad_accum10,acc,0.9911111111111112,0.9933333333333332,,,3,True,False,,f_mmd,test,standardized_l2,0.05,5.034493933043065,4.608687768788889,,True
ozone_level,/home/crc00006699/zh/tabiclv2/data184/ozone_level,binclass,2028,406,508,36,2,0.9822834645669292,0.973504367068317,0.5,0.8145179247383656,0.0821383237786348,9.682698488235474,0.8823277950286865,ok,,2028,1622,0,508,,30,1e-05,True,9.682323694229126,tabpfn_finetune_epoch_chunks_f_mmd,dataset_val_split | c_selection=f_mmd | c_source=test | c_metric=standardized_l2 | c_reserve_ratio=0.05,30,2,tabpfn_finetuning_api_f_mmd_grad_accum10,acc,0.9655172413793104,0.9655172413793104,,,0,True,False,,f_mmd,test,standardized_l2,0.05,4.099503720039605,0.2111521155279482,,True
pc1,/home/crc00006699/zh/tabiclv2/data184/pc1,binclass,887,178,222,21,2,0.9504504504504504,0.9367483892561292,0.6333333333333333,0.8829307568438004,0.171217062242011,7.476109027862549,0.4423770904541015,ok,,887,709,0,222,,30,1e-05,True,7.475752592086792,tabpfn_finetune_epoch_chunks_f_mmd,dataset_val_split | c_selection=f_mmd | c_source=test | c_metric=standardized_l2 | c_reserve_ratio=0.05,30,1,tabpfn_finetuning_api_f_mmd_grad_accum10,acc,0.9606741573033708,0.9606741573033708,,,0,True,False,,f_mmd,test,standardized_l2,0.05,14.86032532681965,34.442359465042536,,True
pc4,/home/crc00006699/zh/tabiclv2/data184/pc4,binclass,1166,234,292,37,2,0.9178082191780822,0.915709386653674,0.7860243055555556,0.958984375,0.182042936920649,16.740710735321045,0.4565773010253906,ok,,1166,932,0,292,,30,1e-05,True,16.740349292755127,tabpfn_finetune_epoch_chunks_f_mmd,dataset_val_split | c_selection=f_mmd | c_source=test | c_metric=standardized_l2 | c_reserve_ratio=0.05,30,1,tabpfn_finetuning_api_f_mmd_grad_accum10,acc,0.9273504273504274,0.935897435897436,,,10,True,False,,f_mmd,test,standardized_l2,0.05,10.75574672843578,14.540866632121263,,True
phoneme,/home/crc00006699/zh/tabiclv2/data184/phoneme,binclass,4323,865,1081,5,2,0.904717853839038,0.9038311356463554,0.876298577964226,0.957764216228715,0.2460859073241431,24.517974138259888,0.5866978168487549,ok,,4323,3458,0,1081,,30,1e-05,True,24.517600297927856,tabpfn_finetune_epoch_chunks_f_mmd,dataset_val_split | c_selection=f_mmd | c_source=test | c_metric=standardized_l2 | c_reserve_ratio=0.05,30,4,tabpfn_finetuning_api_f_mmd_grad_accum10,acc,0.9248554913294798,0.9271676300578034,,,3,True,False,,f_mmd,test,standardized_l2,0.05,2.922566524247808,0.438491876596345,,True
predict_students_dropout_and_academic_success,/home/crc00006699/zh/tabiclv2/data184/predict_students_dropout_and_academic_success,multiclass,3539,708,885,34,3,0.7796610169491526,0.772702742339602,0.7036886839883509,0.8905016736779391,0.5627289548086563,16.686161994934082,0.9458680152893066,ok,,3539,2831,0,885,,30,1e-05,True,16.685760259628296,tabpfn_finetune_epoch_chunks_f_mmd,dataset_val_split | c_selection=f_mmd | c_source=test | c_metric=standardized_l2 | c_reserve_ratio=0.05,30,3,tabpfn_finetuning_api_f_mmd_grad_accum10,acc,0.78954802259887,0.78954802259887,,,0,True,False,,f_mmd,test,standardized_l2,0.05,3.7359238409568585,1.0008435831988076,,True
ringnorm,/home/crc00006699/zh/tabiclv2/data184/ringnorm,binclass,5920,1184,1480,20,2,0.9743243243243244,0.9743051740207256,0.9741046952703948,0.9974650763125262,0.0818259126981142,24.718633890151978,1.023113489151001,ok,,5920,4736,0,1480,,30,1e-05,True,24.718197107315063,tabpfn_finetune_epoch_chunks_f_mmd,dataset_val_split | c_selection=f_mmd | c_source=test | c_metric=standardized_l2 | c_reserve_ratio=0.05,30,5,tabpfn_finetuning_api_f_mmd_grad_accum10,acc,0.9797297297297296,0.9797297297297296,,,0,True,False,,f_mmd,test,standardized_l2,0.05,2.905761322084438,0.3091530381078788,,True
satimage,/home/crc00006699/zh/tabiclv2/data184/satimage,multiclass,5144,1029,1286,36,6,0.9339035769828928,0.93199798611842,0.9109671241646896,0.9954319258429656,0.1569126672402146,56.43271088600159,1.2423994541168213,ok,,5144,4115,0,1286,,30,1e-05,True,56.43233847618103,tabpfn_finetune_epoch_chunks_f_mmd,dataset_val_split | c_selection=f_mmd | c_source=test | c_metric=standardized_l2 | c_reserve_ratio=0.05,30,5,tabpfn_finetuning_api_f_mmd_grad_accum10,acc,0.933916423712342,0.9426627793974732,,,10,True,False,,f_mmd,test,standardized_l2,0.05,4.538653775380489,0.8075559919248085,,True
seismic+bumps,/home/crc00006699/zh/tabiclv2/data184/seismic+bumps,binclass,2067,414,517,18,2,0.9342359767891684,0.9024719535783364,0.5,0.7007063695043235,0.2324178903124328,16.60924005508423,0.637427568435669,ok,,2067,1653,0,517,,30,1e-05,True,16.608861446380615,tabpfn_finetune_epoch_chunks_f_mmd,dataset_val_split | c_selection=f_mmd | c_source=test | c_metric=standardized_l2 | c_reserve_ratio=0.05,30,2,tabpfn_finetuning_api_f_mmd_grad_accum10,acc,0.9347826086956522,0.9371980676328504,,,8,True,False,,f_mmd,test,standardized_l2,0.05,6.7471506196877575,8.626049890033777,,True
shill-bidding,/home/crc00006699/zh/tabiclv2/data184/shill-bidding,binclass,5056,1012,1265,3,2,0.9051383399209486,0.8773175349262304,0.5755736981465137,0.8999705795822301,0.2139856822678928,40.660982608795166,0.6109695434570312,ok,,5056,4044,0,1265,,30,1e-05,True,40.66061162948608,tabpfn_finetune_epoch_chunks_f_mmd,dataset_val_split | c_selection=f_mmd | c_source=test | c_metric=standardized_l2 | c_reserve_ratio=0.05,30,5,tabpfn_finetuning_api_f_mmd_grad_accum10,acc,0.8903162055335968,0.8972332015810277,,,6,True,False,,f_mmd,test,standardized_l2,0.05,2.252150371337573,0.3182324732361734,,True
shuttle,/home/crc00006699/zh/tabiclv2/data184/shuttle,multiclass,0,0,0,0,0,,,,,,0.0,0.0,fail,"ValueError: could not broadcast input array from shape (6,) into shape (5,)",0,0,0,0,,0,,False,0.0,,,0,0,,,,,,,0,False,False,,,,,,,,,True
splice,/home/crc00006699/zh/tabiclv2/data184/splice,multiclass,2552,511,638,60,3,0.9608150470219436,0.9608144483213632,0.9538764390372708,0.9963372782789314,0.1017054622969541,23.682360649108887,1.1955924034118652,ok,,2552,2041,0,638,,30,1e-05,True,23.68196940422058,tabpfn_finetune_epoch_chunks_f_mmd,dataset_val_split | c_selection=f_mmd | c_source=test | c_metric=standardized_l2 | c_reserve_ratio=0.05,30,3,tabpfn_finetuning_api_f_mmd_grad_accum10,acc,0.9726027397260274,0.974559686888454,,,2,True,False,,f_mmd,test,standardized_l2,0.05,1.7257484710285498,0.0799479843259361,,True
statlog,/home/crc00006699/zh/tabiclv2/data184/statlog,binclass,800,160,200,20,2,0.71,0.6955301455301455,0.6166666666666667,0.7554761904761904,0.5245816969022795,17.262325763702393,0.4782273769378662,ok,,800,640,0,200,,30,1e-05,True,17.261859893798828,tabpfn_finetune_epoch_chunks_f_mmd,dataset_val_split | c_selection=f_mmd | c_source=test | c_metric=standardized_l2 | c_reserve_ratio=0.05,30,1,tabpfn_finetuning_api_f_mmd_grad_accum10,acc,0.76875,0.8125,,,9,True,False,,f_mmd,test,standardized_l2,0.05,2.655811727331582,0.4089732914725956,,True
svmguide3,/home/crc00006699/zh/tabiclv2/data184/svmguide3,binclass,994,199,249,22,2,0.8554216867469879,0.8386477172548287,0.7150493421052632,0.8904422514619883,0.3510359334656112,12.812896966934204,0.4510045051574707,ok,,994,795,0,249,,30,1e-05,True,12.812458038330078,tabpfn_finetune_epoch_chunks_f_mmd,dataset_val_split | c_selection=f_mmd | c_source=test | c_metric=standardized_l2 | c_reserve_ratio=0.05,30,1,tabpfn_finetuning_api_f_mmd_grad_accum10,acc,0.8492462311557789,0.864321608040201,,,6,True,False,,f_mmd,test,standardized_l2,0.05,6.8476941755736,3.0258432213239086,,True
taiwanese_bankruptcy_prediction,/home/crc00006699/zh/tabiclv2/data184/taiwanese_bankruptcy_prediction,binclass,5455,1091,1364,95,2,0.9706744868035192,0.9607206044353448,0.5674242424242424,0.9295798898071626,0.0880244532173862,33.58243560791016,2.394196033477783,ok,,5455,4364,0,1364,,30,1e-05,True,33.58205318450928,tabpfn_finetune_epoch_chunks_f_mmd,dataset_val_split | c_selection=f_mmd | c_source=test | c_metric=standardized_l2 | c_reserve_ratio=0.05,30,5,tabpfn_finetuning_api_f_mmd_grad_accum10,acc,0.9697525206232814,0.9697525206232814,,,0,True,False,,f_mmd,test,standardized_l2,0.05,1.015960851074566e+39,3.787648454293628e+39,,True
thyroid,/home/crc00006699/zh/tabiclv2/data184/thyroid,multiclass,5760,1152,1440,21,3,0.9916666666666668,0.9916879170258818,0.9533410174820528,0.9995556259455745,0.0185232091908199,33.98034191131592,1.013615369796753,ok,,5760,4608,0,1440,,30,1e-05,True,33.97989654541016,tabpfn_finetune_epoch_chunks_f_mmd,dataset_val_split | c_selection=f_mmd | c_source=test | c_metric=standardized_l2 | c_reserve_ratio=0.05,30,5,tabpfn_finetuning_api_f_mmd_grad_accum10,acc,0.9921875,0.9939236111111112,,,3,True,False,,f_mmd,test,standardized_l2,0.05,6.635392232346665,3.2981283918491275,,True
thyroid-dis,/home/crc00006699/zh/tabiclv2/data184/thyroid-dis,multiclass,2240,448,560,26,5,0.6982142857142857,0.6775468305551873,0.409625481552087,0.8863103352964206,0.7053947540019146,12.205158710479736,0.7832381725311279,ok,,2240,1792,0,560,,30,1e-05,True,12.20395040512085,tabpfn_finetune_epoch_chunks_f_mmd,dataset_val_split | c_selection=f_mmd | c_source=test | c_metric=standardized_l2 | c_reserve_ratio=0.05,30,2,tabpfn_finetuning_api_f_mmd_grad_accum10,acc,0.7254464285714286,0.7299107142857143,,,2,True,False,,f_mmd,test,standardized_l2,0.05,6.195405562608837,7.622980425488729,,True
twonorm,/home/crc00006699/zh/tabiclv2/data184/twonorm,binclass,5920,1184,1480,20,2,0.979054054054054,0.9790526865249536,0.9790658858032976,0.9984678569537198,0.0541227412983762,24.725187301635746,1.028581142425537,ok,,5920,4736,0,1480,,30,1e-05,True,24.72479772567749,tabpfn_finetune_epoch_chunks_f_mmd,dataset_val_split | c_selection=f_mmd | c_source=test | c_metric=standardized_l2 | c_reserve_ratio=0.05,30,5,tabpfn_finetuning_api_f_mmd_grad_accum10,acc,0.977195945945946,0.977195945945946,,,0,True,False,,f_mmd,test,standardized_l2,0.05,2.00871357013019,0.1783274494492358,,True
wall-robot-navigation,/home/crc00006699/zh/tabiclv2/data184/wall-robot-navigation,multiclass,4364,873,1092,24,4,0.98992673992674,0.9899244537373584,0.9898294166151308,0.9999190626252964,0.0287792133812989,19.38910031318665,0.8643014430999756,ok,,4364,3491,0,1092,,30,1e-05,True,19.388721227645878,tabpfn_finetune_epoch_chunks_f_mmd,dataset_val_split | c_selection=f_mmd | c_source=test | c_metric=standardized_l2 | c_reserve_ratio=0.05,30,4,tabpfn_finetuning_api_f_mmd_grad_accum10,acc,0.981672394043528,0.981672394043528,,,0,True,False,,f_mmd,test,standardized_l2,0.05,2.665011473072892,0.2985726105927348,,True
waveform-5000,/home/crc00006699/zh/tabiclv2/data184/waveform-5000,multiclass,4000,800,1000,40,3,0.868,0.8678695488312729,0.8682165692391117,0.9786503396605952,0.2572861325158767,20.429993629455566,1.0991628170013428,ok,,4000,3200,0,1000,,30,1e-05,True,20.429620265960693,tabpfn_finetune_epoch_chunks_f_mmd,dataset_val_split | c_selection=f_mmd | c_source=test | c_metric=standardized_l2 | c_reserve_ratio=0.05,30,4,tabpfn_finetuning_api_f_mmd_grad_accum10,acc,0.86625,0.86625,,,0,True,False,,f_mmd,test,standardized_l2,0.05,1.8450068487479656,0.1061889908939598,,True
website_phishing,/home/crc00006699/zh/tabiclv2/data184/website_phishing,multiclass,1082,217,271,9,3,0.915129151291513,0.9156841692359478,0.9117604617604615,0.976951086896656,0.2606976829710514,16.024420499801636,0.4510958194732666,ok,,1082,865,0,271,,30,1e-05,True,16.024051666259766,tabpfn_finetune_epoch_chunks_f_mmd,dataset_val_split | c_selection=f_mmd | c_source=test | c_metric=standardized_l2 | c_reserve_ratio=0.05,30,1,tabpfn_finetuning_api_f_mmd_grad_accum10,acc,0.9216589861751152,0.9308755760368664,,,9,True,False,,f_mmd,test,standardized_l2,0.05,2.228709432720396,0.1456178526679961,,True
wine-quality-red,/home/crc00006699/zh/tabiclv2/data184/wine-quality-red,multiclass,1279,256,320,4,6,0.6625,0.6450255074806692,0.3339613970588235,0.8053967086286232,0.8577819278016683,12.798738479614258,0.4495255947113037,ok,,1279,1023,0,320,,30,1e-05,True,12.798359394073486,tabpfn_finetune_epoch_chunks_f_mmd,dataset_val_split | c_selection=f_mmd | c_source=test | c_metric=standardized_l2 | c_reserve_ratio=0.05,30,2,tabpfn_finetuning_api_f_mmd_grad_accum10,acc,0.6484375,0.6640625,,,6,True,False,,f_mmd,test,standardized_l2,0.05,5.6754549366480544,3.454121389757765,,True
yeast,/home/crc00006699/zh/tabiclv2/data184/yeast,multiclass,1187,238,297,8,10,0.6127946127946128,0.606420399236706,0.5741299982733779,0.8697762003392204,0.9933247058570692,23.60590386390686,0.448793888092041,ok,,1187,949,0,297,,30,1e-05,True,23.605539560317997,tabpfn_finetune_epoch_chunks_f_mmd,dataset_val_split | c_selection=f_mmd | c_source=test | c_metric=standardized_l2 | c_reserve_ratio=0.05,30,1,tabpfn_finetuning_api_f_mmd_grad_accum10,acc,0.5672268907563025,0.592436974789916,,,18,True,False,,f_mmd,test,standardized_l2,0.05,7.800245991400502,5.639655367910229,,True
