dataset_name,dataset_dir,task_type,n_train,n_val,n_test,n_features,n_classes,accuracy,f1,balanced_accuracy,roc_auc,log_loss,fit_seconds,predict_seconds,status,error,n_train_a,n_train_b,n_holdout_c,n_test_d,ttt_loss,ttt_wise_ft,ttt_wise_alpha,ttt_wise_applied,ttt_steps,ttt_lr,ttt_applied,ttt_update_seconds,ttt_split_strategy,ttt_split_reason,ttt_epochs,ttt_chunks_per_epoch,ttt_batch_mode,ttt_val_eval_metric,ttt_val_baseline_metric,ttt_val_best_metric,ttt_val_baseline_accuracy,ttt_val_best_accuracy,ttt_best_epoch,ttt_stopped_early,ttt_oom_fallback,ttt_fallback_reason,ttt_c_selection,ttt_c_source,ttt_c_metric,ttt_c_f_distance_mean,ttt_c_f_distance_std,ttt_c_fallback_reason,ttt_c_label_coverage_ok
Amazon_employee_access,/home/crc00006699/zh/tabiclv2/data184/Amazon_employee_access,binclass,26215,5243,6554,7,2,0.9449191333536772,0.9318332970251072,0.5918526273060366,0.839035604029355,0.1662353152296399,34.279528856277466,11.934966325759888,ok,,26215,20972,0,6554,0.149409145116806,True,0.1,False,36,1e-05,True,34.04816222190857,full_train_epoch_chunks,full train set chunked per epoch | validation=dataset_val_split | c_selection=f_mmd c_source=test c_metric=standardized_l2 | f_mmd_reserved_context=5% source=test | wise_ft_skipped rows=32769>=2000,30,3,epoch_chunk,accuracy,0.949074957085638,0.9506008010680908,0.949074957085638,0.9506008010680908,4,True,False,,f_mmd,test,standardized_l2,3.4619756433109408,0.7290008275458928,,True
BNG(breast-w),/home/crc00006699/zh/tabiclv2/data184/BNG(breast-w),binclass,31492,6299,7874,9,2,0.9884429768859536,0.9884525223048544,0.9880311835668778,0.99915926868132,0.0336551776261205,46.18743991851807,19.03242230415344,ok,,31492,25193,0,7874,0.0440305043011903,True,0.1,False,45,1e-05,True,45.93289971351624,full_train_epoch_chunks,full train set chunked per epoch | validation=dataset_val_split | c_selection=f_mmd c_source=test c_metric=standardized_l2 | f_mmd_reserved_context=5% source=test | wise_ft_skipped rows=39366>=2000,30,3,epoch_chunk,accuracy,0.9858707731385934,0.98714081600254,0.9858707731385934,0.98714081600254,7,True,False,,f_mmd,test,standardized_l2,4.03468127466638,0.7850725487970153,,True
BNG(tic-tac-toe),/home/crc00006699/zh/tabiclv2/data184/BNG(tic-tac-toe),binclass,31492,6299,7874,9,2,0.8155956311912624,0.8129795781323306,0.7842304744941284,0.8847228606996567,0.4019433101875195,77.61966252326965,19.146854877471924,ok,,31492,25193,0,7874,0.4299984276294708,True,0.1,False,75,1e-05,True,77.28897714614868,full_train_epoch_chunks,full train set chunked per epoch | validation=dataset_val_split | c_selection=f_mmd c_source=test c_metric=standardized_l2 | f_mmd_reserved_context=5% source=test | wise_ft_skipped rows=39366>=2000,30,3,epoch_chunk,accuracy,0.805524686458168,0.8102873471979679,0.805524686458168,0.8102873471979679,17,True,False,,f_mmd,test,standardized_l2,1.585180139223586,0.1122770358924837,,True
Basketball_c,/home/crc00006699/zh/tabiclv2/data184/Basketball_c,binclass,1072,215,268,11,2,0.7126865671641791,0.7112085072156479,0.6905858729033783,0.7452752185211434,0.5781301735411971,5.273240327835083,0.3144559860229492,ok,,1072,857,0,268,0.5592306852340698,True,0.1,True,17,1e-05,True,5.237355947494507,full_train_epoch_chunks,full train set chunked per epoch | validation=dataset_val_split | c_selection=f_mmd c_source=test c_metric=standardized_l2 | f_mmd_reserved_context=5% source=test | wise_ft=alpha0.1 rows=1340<2000,30,1,epoch_chunk,accuracy,0.7395348837209302,0.7534883720930232,0.7395348837209302,0.7534883720930232,9,True,False,,f_mmd,test,standardized_l2,4.639848744988571,2.2692785611157227,,True
Cardiovascular-Disease-dataset,/home/crc00006699/zh/tabiclv2/data184/Cardiovascular-Disease-dataset,binclass,56000,11200,14000,11,2,0.7334285714285714,0.7330517576611436,0.7334071782554051,0.7999662203971332,0.5435231847219208,65.81807088851929,59.02283930778504,ok,,56000,44800,0,14000,0.5450765788555145,True,0.1,False,50,1e-05,True,65.31625008583069,full_train_epoch_chunks,full train set chunked per epoch | validation=dataset_val_split | c_selection=f_mmd c_source=test c_metric=standardized_l2 | f_mmd_reserved_context=5% source=test | wise_ft_skipped rows=70000>=2000,30,5,epoch_chunk,accuracy,0.7308928571428571,0.7334821428571429,0.7308928571428571,0.7334821428571429,2,True,False,,f_mmd,test,standardized_l2,9.176271858979922,71.74893279752875,,True
Contaminant-detection-in-packaged-cocoa-hazelnut-spread-jars-using-Microwaves-Sensing-and-Machine-Learning-10.0GHz(Urbinati),/home/crc00006699/zh/tabiclv2/data184/Contaminant-detection-in-packaged-cocoa-hazelnut-spread-jars-using-Microwaves-Sensing-and-Machine-Learning-10.0GHz(Urbinati),binclass,1920,384,480,30,2,0.9708333333333332,0.970836877955057,0.9717741935483872,0.99278712458287,0.097761838008299,7.152517080307007,0.7180564403533936,ok,,1920,1536,0,480,0.0985137037932872,True,0.1,False,15,1e-05,True,7.076290607452393,full_train_epoch_chunks,full train set chunked per epoch | validation=dataset_val_split | c_selection=f_mmd c_source=test c_metric=standardized_l2 | f_mmd_reserved_context=5% source=test | wise_ft_skipped rows=2400>=2000,30,1,epoch_chunk,accuracy,0.9635416666666666,0.9713541666666666,0.9635416666666666,0.9713541666666666,7,True,False,,f_mmd,test,standardized_l2,3.235187064973895,0.57722955952411,,True
Contaminant-detection-in-packaged-cocoa-hazelnut-spread-jars-using-Microwaves-Sensing-and-Machine-Learning-11.0GHz(Urbinati),/home/crc00006699/zh/tabiclv2/data184/Contaminant-detection-in-packaged-cocoa-hazelnut-spread-jars-using-Microwaves-Sensing-and-Machine-Learning-11.0GHz(Urbinati),binclass,1920,384,480,30,2,0.95625,0.9562619654353574,0.9568270300333704,0.9885636818687432,0.1352049854599748,3.952564001083374,0.709820032119751,ok,,1920,1536,0,480,0.1147165969014167,True,0.1,False,8,1e-05,True,3.8835289478302,full_train_epoch_chunks,full train set chunked per epoch | validation=dataset_val_split | c_selection=f_mmd c_source=test c_metric=standardized_l2 | f_mmd_reserved_context=5% source=test | wise_ft_skipped rows=2400>=2000,30,1,epoch_chunk,accuracy,0.9609375,0.9609375,0.9609375,0.9609375,0,True,False,,f_mmd,test,standardized_l2,2.4236105300425663,0.2842333772813796,,True
Contaminant-detection-in-packaged-cocoa-hazelnut-spread-jars-using-Microwaves-Sensing-and-Machine-Learning-9.5GHz(Urbinati),/home/crc00006699/zh/tabiclv2/data184/Contaminant-detection-in-packaged-cocoa-hazelnut-spread-jars-using-Microwaves-Sensing-and-Machine-Learning-9.5GHz(Urbinati),binclass,1920,384,480,30,2,0.95625,0.9562619654353574,0.9568270300333704,0.990301724137931,0.1185630784023313,3.87099814414978,0.6986734867095947,ok,,1920,1536,0,480,0.111199177801609,True,0.1,False,8,1e-05,True,3.800604104995728,full_train_epoch_chunks,full train set chunked per epoch | validation=dataset_val_split | c_selection=f_mmd c_source=test c_metric=standardized_l2 | f_mmd_reserved_context=5% source=test | wise_ft_skipped rows=2400>=2000,30,1,epoch_chunk,accuracy,0.9401041666666666,0.9401041666666666,0.9401041666666666,0.9401041666666666,0,True,False,,f_mmd,test,standardized_l2,2.7887292983382865,0.2439985671109501,,True
Customer_Personality_Analysis,/home/crc00006699/zh/tabiclv2/data184/Customer_Personality_Analysis,binclass,1792,359,448,24,2,0.8861607142857143,0.87374563422967,0.693207192384534,0.8934657421553649,0.2674558618536252,5.886652946472168,0.6186699867248535,ok,,1792,1433,0,448,0.2365414276719093,True,0.1,False,12,1e-05,True,5.818372011184692,full_train_epoch_chunks,full train set chunked per epoch | validation=dataset_val_split | c_selection=f_mmd c_source=test c_metric=standardized_l2 | f_mmd_reserved_context=5% source=test | wise_ft_skipped rows=2240>=2000,30,1,epoch_chunk,accuracy,0.8885793871866295,0.8941504178272981,0.8885793871866295,0.8941504178272981,4,True,False,,f_mmd,test,standardized_l2,5.096833339744328,1.5476323432049612,,True
E-CommereShippingData,/home/crc00006699/zh/tabiclv2/data184/E-CommereShippingData,binclass,8799,1760,2200,10,2,0.6772727272727272,0.6662362558035447,0.7259689979057744,0.7244393288517994,0.505194640522849,14.914234399795532,2.7132134437561035,ok,,8799,7039,0,2200,0.4929956197738647,True,0.1,False,17,1e-05,True,14.823909044265749,full_train_epoch_chunks,full train set chunked per epoch | validation=dataset_val_split | c_selection=f_mmd c_source=test c_metric=standardized_l2 | f_mmd_reserved_context=5% source=test | wise_ft_skipped rows=10999>=2000,30,1,epoch_chunk,accuracy,0.6823863636363636,0.6857954545454545,0.6823863636363636,0.6857954545454545,9,True,False,,f_mmd,test,standardized_l2,2.21504584139602,0.4201014222702063,,True
FICO-HELOC-cleaned,/home/crc00006699/zh/tabiclv2/data184/FICO-HELOC-cleaned,binclass,7896,1580,1975,23,2,0.7458227848101265,0.7456581080869986,0.7448953073190374,0.8236325853915087,0.5160068179376018,17.94521427154541,2.83862853050232,ok,,7896,6316,0,1975,0.5408047437667847,True,0.1,False,16,1e-05,True,17.778589248657227,full_train_epoch_chunks,full train set chunked per epoch | validation=dataset_val_split | c_selection=f_mmd c_source=test c_metric=standardized_l2 | f_mmd_reserved_context=5% source=test | wise_ft_skipped rows=9871>=2000,30,1,epoch_chunk,accuracy,0.7462025316455696,0.7474683544303797,0.7462025316455696,0.7474683544303797,8,True,False,,f_mmd,test,standardized_l2,4.745602402145034,5.103662296088192,,True
FOREX_audcad-hour-High,/home/crc00006699/zh/tabiclv2/data184/FOREX_audcad-hour-High,binclass,35060,7012,8765,10,2,0.7114660581859669,0.7115060955575566,0.711904150716782,0.784712279871269,0.5605571257821943,90.91478633880617,23.571391582489014,ok,,35060,28048,0,8765,0.5251266956329346,True,0.1,False,78,1e-05,True,90.61397361755373,full_train_epoch_chunks,full train set chunked per epoch | validation=dataset_val_split | c_selection=f_mmd c_source=test c_metric=standardized_l2 | f_mmd_reserved_context=5% source=test | wise_ft_skipped rows=43825>=2000,30,3,epoch_chunk,accuracy,0.70750142612664,0.7183399885909869,0.70750142612664,0.7183399885909869,18,True,False,,f_mmd,test,standardized_l2,5.431161515320862,4.318763294310374,,True
FOREX_audjpy-day-High,/home/crc00006699/zh/tabiclv2/data184/FOREX_audjpy-day-High,binclass,1465,293,367,10,2,0.7656675749318801,0.7653010159569658,0.7646394387967421,0.8388324118661198,0.4966925565754932,3.356608867645264,0.37646484375,ok,,1465,1172,0,367,0.511197030544281,True,0.1,True,10,1e-05,True,3.324617624282837,full_train_epoch_chunks,full train set chunked per epoch | validation=dataset_val_split | c_selection=f_mmd c_source=test c_metric=standardized_l2 | f_mmd_reserved_context=5% source=test | wise_ft=alpha0.1 rows=1832<2000,30,1,epoch_chunk,accuracy,0.7440273037542662,0.7474402730375427,0.7440273037542662,0.7474402730375427,2,True,False,,f_mmd,test,standardized_l2,5.1941268865742245,1.7303308194988347,,True
FOREX_audsgd-hour-High,/home/crc00006699/zh/tabiclv2/data184/FOREX_audsgd-hour-High,binclass,35060,7012,8765,10,2,0.7074729035938392,0.7075305199737192,0.7077908762358819,0.7772403407773902,0.5801891576351615,96.35985493659972,23.12779235839844,ok,,35060,28048,0,8765,0.5544890761375427,True,0.1,False,81,1e-05,True,96.02022361755373,full_train_epoch_chunks,full train set chunked per epoch | validation=dataset_val_split | c_selection=f_mmd c_source=test c_metric=standardized_l2 | f_mmd_reserved_context=5% source=test | wise_ft_skipped rows=43825>=2000,30,3,epoch_chunk,accuracy,0.6896748431260696,0.7187678265830005,0.6896748431260696,0.7187678265830005,19,True,False,,f_mmd,test,standardized_l2,4.03607579564577,1.5740468869546762,,True
FOREX_cadjpy-day-High,/home/crc00006699/zh/tabiclv2/data184/FOREX_cadjpy-day-High,binclass,1467,294,367,10,2,0.7111716621253406,0.711051531503527,0.7112289142314089,0.7788815633167023,0.5687146472230509,3.803264617919922,0.3720729351043701,ok,,1467,1173,0,367,0.6003447771072388,True,0.1,True,11,1e-05,True,3.76824688911438,full_train_epoch_chunks,full train set chunked per epoch | validation=dataset_val_split | c_selection=f_mmd c_source=test c_metric=standardized_l2 | f_mmd_reserved_context=5% source=test | wise_ft=alpha0.1 rows=1834<2000,30,1,epoch_chunk,accuracy,0.717687074829932,0.7244897959183674,0.717687074829932,0.7244897959183674,3,True,False,,f_mmd,test,standardized_l2,5.95742834159038,2.3244018602193224,,True
Firm-Teacher_Clave-Direction_Classification,/home/crc00006699/zh/tabiclv2/data184/Firm-Teacher_Clave-Direction_Classification,multiclass,8640,1728,2160,16,4,0.8819444444444444,0.8811154237668657,0.7980910713689899,0.9712803659347812,0.3086541523659539,31.70182514190674,2.9289956092834477,ok,,8640,6912,0,2160,0.3278447091579437,True,0.1,False,30,1e-05,True,31.542319297790527,full_train_epoch_chunks,full train set chunked per epoch | validation=dataset_val_split | c_selection=f_mmd c_source=test c_metric=standardized_l2 | f_mmd_reserved_context=5% source=test | wise_ft_skipped rows=10800>=2000,30,1,epoch_chunk,accuracy,0.8657407407407407,0.875,0.8657407407407407,0.875,27,False,False,,f_mmd,test,standardized_l2,1.0247220199075835,0.0032795510111868,,True
GAMETES_Epistasis_2-Way_20atts_0.1H_EDM-1_1,/home/crc00006699/zh/tabiclv2/data184/GAMETES_Epistasis_2-Way_20atts_0.1H_EDM-1_1,binclass,1280,256,320,20,2,0.66875,0.6617605998962945,0.66875,0.72193359375,0.6148509882224472,3.3266382217407227,0.4022102355957031,ok,,1280,1024,0,320,0.6209746897220612,True,0.1,True,8,1e-05,True,3.2679848670959477,full_train_epoch_chunks,full train set chunked per epoch | validation=dataset_val_split | c_selection=f_mmd c_source=test c_metric=standardized_l2 | f_mmd_reserved_context=5% source=test | wise_ft=alpha0.1 rows=1600<2000,30,1,epoch_chunk,accuracy,0.65234375,0.65234375,0.65234375,0.65234375,0,True,False,,f_mmd,test,standardized_l2,2.129731276553802,0.3116304635087812,,True
Gender_Gap_in_Spanish_WP,/home/crc00006699/zh/tabiclv2/data184/Gender_Gap_in_Spanish_WP,multiclass,3796,760,950,13,3,0.6052631578947368,0.5533827339563654,0.4168164247860448,0.7043046281324076,0.7948401018856113,3.9183716773986816,1.030637264251709,ok,,3796,3036,0,950,0.8062387108802795,True,0.1,False,8,1e-05,True,3.868028163909912,full_train_epoch_chunks,full train set chunked per epoch | validation=dataset_val_split | c_selection=f_mmd c_source=test c_metric=standardized_l2 | f_mmd_reserved_context=5% source=test | wise_ft_skipped rows=4746>=2000,30,1,epoch_chunk,accuracy,0.625,0.625,0.625,0.625,0,True,False,,f_mmd,test,standardized_l2,3951.416581077398,34220.31982152177,,True
HR_Analytics_Job_Change_of_Data_Scientists,/home/crc00006699/zh/tabiclv2/data184/HR_Analytics_Job_Change_of_Data_Scientists,binclass,15326,3066,3832,13,2,0.8001043841336117,0.8011923567703101,0.7385103374479306,0.8077118216874397,0.4325401317030365,16.973045587539673,6.299408674240112,ok,,15326,12260,0,3832,0.4412343949079513,True,0.1,False,18,1e-05,True,16.758931398391724,full_train_epoch_chunks,full train set chunked per epoch | validation=dataset_val_split | c_selection=f_mmd c_source=test c_metric=standardized_l2 | f_mmd_reserved_context=5% source=test | wise_ft_skipped rows=19158>=2000,30,2,epoch_chunk,accuracy,0.8111545988258317,0.8114807566862361,0.8111545988258317,0.8114807566862361,1,True,False,,f_mmd,test,standardized_l2,2.3975781381500814,0.3149186105650035,,True
INNHotelsGroup,/home/crc00006699/zh/tabiclv2/data184/INNHotelsGroup,binclass,29020,5804,7255,17,2,0.9011716057891108,0.9005103781328089,0.8815340845877958,0.9609094639537056,0.2283230061885776,74.12086462974548,17.772830724716187,ok,,29020,23216,0,7255,0.3304543197154999,True,0.1,False,63,1e-05,True,73.67877101898193,full_train_epoch_chunks,full train set chunked per epoch | validation=dataset_val_split | c_selection=f_mmd c_source=test c_metric=standardized_l2 | f_mmd_reserved_context=5% source=test | wise_ft_skipped rows=36275>=2000,30,3,epoch_chunk,accuracy,0.8962784286698828,0.9047208821502412,0.8962784286698828,0.9047208821502412,13,True,False,,f_mmd,test,standardized_l2,7.023015649516078,14.89995502738334,,True
Intersectional-Bias-Assessment,/home/crc00006699/zh/tabiclv2/data184/Intersectional-Bias-Assessment,binclass,8800,1760,2200,19,2,0.9440909090909092,0.9440907358108778,0.9440857522329416,0.989934716364547,0.1327831266457145,28.22352170944214,3.0922727584838867,ok,,8800,7040,0,2200,0.1312694326043129,True,0.1,False,26,1e-05,True,28.068544387817383,full_train_epoch_chunks,full train set chunked per epoch | validation=dataset_val_split | c_selection=f_mmd c_source=test c_metric=standardized_l2 | f_mmd_reserved_context=5% source=test | wise_ft_skipped rows=11000>=2000,30,1,epoch_chunk,accuracy,0.9477272727272728,0.95,0.9477272727272728,0.95,18,True,False,,f_mmd,test,standardized_l2,1.9859182395441872,0.2820640766134658,,True
JapaneseVowels,/home/crc00006699/zh/tabiclv2/data184/JapaneseVowels,multiclass,7968,1594,1993,14,9,0.9989964877069744,0.998996661619066,0.9988039501624582,0.9999983215146566,0.0027673401163203,10.01033091545105,2.5518786907196045,ok,,7968,6374,0,1993,0.0104560730978846,True,0.1,False,11,1e-05,True,9.908087491989136,full_train_epoch_chunks,full train set chunked per epoch | validation=dataset_val_split | c_selection=f_mmd c_source=test c_metric=standardized_l2 | f_mmd_reserved_context=5% source=test | wise_ft_skipped rows=9961>=2000,30,1,epoch_chunk,accuracy,0.9962358845671268,0.9968632371392724,0.9962358845671268,0.9968632371392724,3,True,False,,f_mmd,test,standardized_l2,2.195606571922101,0.3318559491095919,,True
KDDCup09_upselling,/home/crc00006699/zh/tabiclv2/data184/KDDCup09_upselling,binclass,4102,821,1026,49,2,0.8187134502923976,0.817548032796916,0.8187134502923976,0.9116309291747888,0.3539382612640807,15.377623558044434,1.9134297370910645,ok,,4102,3281,0,1026,0.3364190757274627,True,0.1,False,15,1e-05,True,15.169724941253662,full_train_epoch_chunks,full train set chunked per epoch | validation=dataset_val_split | c_selection=f_mmd c_source=test c_metric=standardized_l2 | f_mmd_reserved_context=5% source=test | wise_ft_skipped rows=5128>=2000,30,1,epoch_chunk,accuracy,0.7953714981729598,0.8002436053593179,0.7953714981729598,0.8002436053593179,7,True,False,,f_mmd,test,standardized_l2,23.151876111253067,99.985039969184,,True
MIC,/home/crc00006699/zh/tabiclv2/data184/MIC,binclass,1319,264,330,104,2,0.9090909090909092,0.8983150470219436,0.7379295804343242,0.8888186098812285,0.2576171147342778,11.926835060119627,1.0583932399749756,ok,,1319,1055,0,330,0.4145066738128662,True,0.1,True,11,1e-05,True,11.665036916732788,full_train_epoch_chunks,full train set chunked per epoch | validation=dataset_val_split | c_selection=f_mmd c_source=test c_metric=standardized_l2 | f_mmd_reserved_context=5% source=test | wise_ft=alpha0.1 rows=1649<2000,30,1,epoch_chunk,accuracy,0.8636363636363636,0.8674242424242424,0.8636363636363636,0.8674242424242424,3,True,False,,f_mmd,test,standardized_l2,2494949752511.604,2919085368573.207,,True
Marketing_Campaign,/home/crc00006699/zh/tabiclv2/data184/Marketing_Campaign,binclass,1792,359,448,27,2,0.890625,0.8808956647730533,0.7142829161280213,0.9146394014181064,0.2495382691193774,3.615365505218506,0.6111304759979248,ok,,1792,1433,0,448,0.2290873602032661,True,0.1,False,8,1e-05,True,3.542790651321411,full_train_epoch_chunks,full train set chunked per epoch | validation=dataset_val_split | c_selection=f_mmd c_source=test c_metric=standardized_l2 | f_mmd_reserved_context=5% source=test | wise_ft_skipped rows=2240>=2000,30,1,epoch_chunk,accuracy,0.8857938718662952,0.8857938718662952,0.8857938718662952,0.8857938718662952,0,True,False,,f_mmd,test,standardized_l2,5.243853995006287,4.300549736090943,,True
National_Health_and_Nutrition_Health_Survey,/home/crc00006699/zh/tabiclv2/data184/National_Health_and_Nutrition_Health_Survey,binclass,1822,365,456,7,2,0.8377192982456141,0.7927597786030364,0.5430451732894596,0.7739904860688865,0.3779349295428849,3.804543495178223,0.4086613655090332,ok,,1822,1457,0,456,0.3999117463827133,True,0.1,False,14,1e-05,True,3.775977849960327,full_train_epoch_chunks,full train set chunked per epoch | validation=dataset_val_split | c_selection=f_mmd c_source=test c_metric=standardized_l2 | f_mmd_reserved_context=5% source=test | wise_ft_skipped rows=2278>=2000,30,1,epoch_chunk,accuracy,0.8547945205479452,0.8575342465753425,0.8547945205479452,0.8575342465753425,6,True,False,,f_mmd,test,standardized_l2,8.537261899240962,10.66735469090294,,True
PhishingWebsites,/home/crc00006699/zh/tabiclv2/data184/PhishingWebsites,binclass,8844,1769,2211,30,2,0.9782903663500678,0.9782659293283812,0.9769666274308262,0.9984449344319368,0.0505191443434413,26.42209029197693,3.552976131439209,ok,,8844,7075,0,2211,0.0542809087783098,True,0.1,False,19,1e-05,True,26.159793615341187,full_train_epoch_chunks,full train set chunked per epoch | validation=dataset_val_split | c_selection=f_mmd c_source=test c_metric=standardized_l2 | f_mmd_reserved_context=5% source=test | wise_ft_skipped rows=11055>=2000,30,1,epoch_chunk,accuracy,0.9768230638778972,0.9807801017524024,0.9768230638778972,0.9807801017524024,11,True,False,,f_mmd,test,standardized_l2,3.0044363137708614,0.4290420136807055,,True
Pima_Indians_Diabetes_Database,/home/crc00006699/zh/tabiclv2/data184/Pima_Indians_Diabetes_Database,binclass,614,123,154,8,2,0.7467532467532467,0.7371540246262263,0.6942592592592592,0.8625925925925926,0.4567516485790747,2.340921401977539,0.3192946910858154,ok,,614,491,0,154,0.4748052209615707,True,0.1,True,8,1e-05,True,2.317652702331543,full_train_epoch_chunks,full train set chunked per epoch | validation=dataset_val_split | c_selection=f_mmd c_source=test c_metric=standardized_l2 | f_mmd_reserved_context=5% source=test | wise_ft=alpha0.1 rows=768<2000,30,1,epoch_chunk,accuracy,0.7967479674796748,0.7967479674796748,0.7967479674796748,0.7967479674796748,0,True,False,,f_mmd,test,standardized_l2,4.170886126569888,1.1361623471663993,,True
Pumpkin_Seeds,/home/crc00006699/zh/tabiclv2/data184/Pumpkin_Seeds,binclass,2000,400,500,12,2,0.874,0.8737828380425132,0.8727564102564103,0.9451602564102564,0.3074380050947694,4.9077653884887695,0.5064873695373535,ok,,2000,1600,0,500,0.2427346110343933,True,0.1,False,16,1e-05,True,4.871793746948242,full_train_epoch_chunks,full train set chunked per epoch | validation=dataset_val_split | c_selection=f_mmd c_source=test c_metric=standardized_l2 | f_mmd_reserved_context=5% source=test | wise_ft_skipped rows=2500>=2000,30,1,epoch_chunk,accuracy,0.865,0.8825,0.865,0.8825,8,True,False,,f_mmd,test,standardized_l2,3.9059742385061424,1.2309593081691983,,True
Rain_in_Australia,/home/crc00006699/zh/tabiclv2/data184/Rain_in_Australia,multiclass,116368,23274,29092,18,3,0.8539804757321601,0.8457026090302556,0.6821433921003589,0.909077209279416,0.3625964959174655,429.4035577774048,306.06190180778503,ok,,116368,93094,0,29092,0.4172912538051605,True,0.1,False,220,1e-05,True,427.7079203128815,full_train_epoch_chunks,full train set chunked per epoch | validation=dataset_val_split | c_selection=f_mmd c_source=test c_metric=standardized_l2 | f_mmd_reserved_context=5% source=test | wise_ft_skipped rows=145460>=2000,30,10,epoch_chunk,accuracy,0.8458795222136289,0.8519377846524018,0.8458795222136289,0.8519377846524018,14,True,False,,f_mmd,test,standardized_l2,3.066544989904409,3.6013257237401555,,True
Shipping,/home/crc00006699/zh/tabiclv2/data184/Shipping,binclass,8799,1760,2200,9,2,0.6868181818181818,0.6782113047221767,0.7271550161052923,0.7389487830371808,0.4998954934416321,20.515620470047,2.65181303024292,ok,,8799,7039,0,2200,0.5160997211933136,True,0.1,False,25,1e-05,True,20.43075728416443,full_train_epoch_chunks,full train set chunked per epoch | validation=dataset_val_split | c_selection=f_mmd c_source=test c_metric=standardized_l2 | f_mmd_reserved_context=5% source=test | wise_ft_skipped rows=10999>=2000,30,1,epoch_chunk,accuracy,0.6727272727272727,0.6829545454545455,0.6727272727272727,0.6829545454545455,17,True,False,,f_mmd,test,standardized_l2,2.2708184893091983,0.4586166733843018,,True
VulNoneVul,/home/crc00006699/zh/tabiclv2/data184/VulNoneVul,binclass,4553,911,1139,16,2,0.9894644424934153,0.9842245601854184,0.5,0.8626515823720793,0.0480277531601013,4.9838950634002686,1.3391411304473877,ok,,4553,3642,0,1139,0.0321327913552522,True,0.1,False,8,1e-05,True,4.909322738647461,full_train_epoch_chunks,full train set chunked per epoch | validation=dataset_val_split | c_selection=f_mmd c_source=test c_metric=standardized_l2 | f_mmd_reserved_context=5% source=test | wise_ft_skipped rows=5692>=2000,30,1,epoch_chunk,accuracy,0.9890230515916576,0.9890230515916576,0.9890230515916576,0.9890230515916576,0,True,False,,f_mmd,test,standardized_l2,10.558260699854262,15.555495637622768,,True
Waterstress,/home/crc00006699/zh/tabiclv2/data184/Waterstress,binclass,950,190,238,22,2,0.7773109243697479,0.7772755413271711,0.7783315659243548,0.8434782608695652,0.4886861878313785,3.5806002616882324,0.5883731842041016,ok,,950,760,0,238,0.4375442415475845,True,0.1,True,10,1e-05,True,3.537407875061035,full_train_epoch_chunks,full train set chunked per epoch | validation=dataset_val_split | c_selection=f_mmd c_source=test c_metric=standardized_l2 | f_mmd_reserved_context=5% source=test | wise_ft=alpha0.1 rows=1188<2000,30,1,epoch_chunk,accuracy,0.7578947368421053,0.7736842105263158,0.7578947368421053,0.7736842105263158,2,True,False,,f_mmd,test,standardized_l2,4.578801312572221,1.1806652322809337,,True
abalone,/home/crc00006699/zh/tabiclv2/data184/abalone,multiclass,3341,669,836,8,3,0.6435406698564593,0.6469805176214674,0.6413644919969345,0.8292940990192953,0.7467629908847554,5.219353914260864,0.7988851070404053,ok,,3341,2672,0,836,0.7080479562282562,True,0.1,False,14,1e-05,True,5.177842617034912,full_train_epoch_chunks,full train set chunked per epoch | validation=dataset_val_split | c_selection=f_mmd c_source=test c_metric=standardized_l2 | f_mmd_reserved_context=5% source=test | wise_ft_skipped rows=4177>=2000,30,1,epoch_chunk,accuracy,0.6771300448430493,0.6875934230194319,0.6771300448430493,0.6875934230194319,6,True,False,,f_mmd,test,standardized_l2,5.15629399052212,7.388965350260179,,True
ada,/home/crc00006699/zh/tabiclv2/data184/ada,binclass,3317,664,830,48,2,0.844578313253012,0.8391484318597346,0.761684714961414,0.9091711787403536,0.3232040958300105,13.45724391937256,1.472701072692871,ok,,3317,2653,0,830,0.3536337167024612,True,0.1,False,17,1e-05,True,13.324131965637209,full_train_epoch_chunks,full train set chunked per epoch | validation=dataset_val_split | c_selection=f_mmd c_source=test c_metric=standardized_l2 | f_mmd_reserved_context=5% source=test | wise_ft_skipped rows=4147>=2000,30,1,epoch_chunk,accuracy,0.8614457831325302,0.8719879518072289,0.8614457831325302,0.8719879518072289,9,True,False,,f_mmd,test,standardized_l2,415726876111.47,4776338167304.483,,True
ada_prior,/home/crc00006699/zh/tabiclv2/data184/ada_prior,binclass,3649,730,913,14,2,0.8411829134720701,0.8329491374983845,0.745463068802096,0.8865414007012496,0.355947730004213,4.045732498168945,1.0194227695465088,ok,,3649,2919,0,913,0.3434486836194992,True,0.1,False,8,1e-05,True,3.97795844078064,full_train_epoch_chunks,full train set chunked per epoch | validation=dataset_val_split | c_selection=f_mmd c_source=test c_metric=standardized_l2 | f_mmd_reserved_context=5% source=test | wise_ft_skipped rows=4562>=2000,30,1,epoch_chunk,accuracy,0.8397260273972603,0.8397260273972603,0.8397260273972603,0.8397260273972603,0,True,False,,f_mmd,test,standardized_l2,3.360482379662278,2.3191427667938544,,True
airlines_seed_0_nrows_2000_nclasses_10_ncols_100_stratify_True,/home/crc00006699/zh/tabiclv2/data184/airlines_seed_0_nrows_2000_nclasses_10_ncols_100_stratify_True,binclass,1600,320,400,7,2,0.6125,0.5949158874729891,0.5902166211154976,0.6657429901811924,0.6312654662312088,3.486289501190185,0.360497236251831,ok,,1600,1280,0,400,0.6540802121162415,True,0.1,False,12,1e-05,True,3.4543166160583496,full_train_epoch_chunks,full train set chunked per epoch | validation=dataset_val_split | c_selection=f_mmd c_source=test c_metric=standardized_l2 | f_mmd_reserved_context=5% source=test | wise_ft_skipped rows=2000>=2000,30,1,epoch_chunk,accuracy,0.61875,0.653125,0.61875,0.653125,4,True,False,,f_mmd,test,standardized_l2,2.2024571055919666,0.4402763890554259,,True
allrep,/home/crc00006699/zh/tabiclv2/data184/allrep,multiclass,3017,604,755,29,4,0.9854304635761588,0.9831416823013608,0.7198507827788649,0.9958765564472164,0.0406153898307427,7.159446001052856,1.0444328784942627,ok,,3017,2413,0,755,0.0257986672222614,True,0.1,False,12,1e-05,True,7.0551722049713135,full_train_epoch_chunks,full train set chunked per epoch | validation=dataset_val_split | c_selection=f_mmd c_source=test c_metric=standardized_l2 | f_mmd_reserved_context=5% source=test | wise_ft_skipped rows=3772>=2000,30,1,epoch_chunk,accuracy,0.9867549668874172,0.98841059602649,0.9867549668874172,0.98841059602649,4,True,False,,f_mmd,test,standardized_l2,687945401713.0775,7536064296949.785,,True
artificial-characters,/home/crc00006699/zh/tabiclv2/data184/artificial-characters,multiclass,8174,1635,2044,7,10,0.8918786692759295,0.8915410481637196,0.8836688265516109,0.9963121152102652,0.2238858080387396,11.016460418701172,2.315491914749145,ok,,8174,6539,0,2044,0.411948561668396,True,0.1,False,15,1e-05,True,10.9475736618042,full_train_epoch_chunks,full train set chunked per epoch | validation=dataset_val_split | c_selection=f_mmd c_source=test c_metric=standardized_l2 | f_mmd_reserved_context=5% source=test | wise_ft_skipped rows=10218>=2000,30,1,epoch_chunk,accuracy,0.8103975535168195,0.8440366972477065,0.8103975535168195,0.8440366972477065,7,True,False,,f_mmd,test,standardized_l2,3.3050585605959486,0.9687616399671904,,True
autoUniv-au7-1100,/home/crc00006699/zh/tabiclv2/data184/autoUniv-au7-1100,multiclass,880,176,220,12,5,0.4045454545454545,0.3789268280895075,0.3921614380956675,0.7282686672248923,1.3615597000840514,3.3120508193969727,0.4486722946166992,ok,,880,704,0,220,1.203402757644653,True,0.1,True,11,1e-05,True,3.277770757675171,full_train_epoch_chunks,full train set chunked per epoch | validation=dataset_val_split | c_selection=f_mmd c_source=test c_metric=standardized_l2 | f_mmd_reserved_context=5% source=test | wise_ft=alpha0.1 rows=1100<2000,30,1,epoch_chunk,accuracy,0.4261363636363636,0.4318181818181818,0.4261363636363636,0.4318181818181818,3,True,False,,f_mmd,test,standardized_l2,1.5804263971158186,0.0858809798421328,,True
banknote_authentication,/home/crc00006699/zh/tabiclv2/data184/banknote_authentication,binclass,1097,220,275,4,2,0.5490909090909091,0.4006953633368727,0.4942944390871102,0.5084378013500482,0.6874021725812687,2.2327888011932373,0.1489441394805908,ok,,1097,877,0,275,0.6855580508708954,True,0.1,True,8,1e-05,True,2.2131381034851074,full_train_epoch_chunks,full train set chunked per epoch | validation=dataset_val_split | c_selection=f_mmd c_source=test c_metric=standardized_l2 | f_mmd_reserved_context=5% source=test | wise_ft=alpha0.1 rows=1372<2000,30,1,epoch_chunk,accuracy,0.5545454545454546,0.5545454545454546,0.5545454545454546,0.5545454545454546,0,True,False,,f_mmd,test,standardized_l2,4.310600397241112,1.26382239704713,,True
car-evaluation,/home/crc00006699/zh/tabiclv2/data184/car-evaluation,multiclass,1382,277,346,21,4,0.976878612716763,0.9770804550448846,0.9500726546181092,0.9990539313333616,0.0538916990513959,6.260958909988403,0.4400653839111328,ok,,1382,1105,0,346,0.0026288471417501,True,0.1,True,17,1e-05,True,6.200625419616699,full_train_epoch_chunks,full train set chunked per epoch | validation=dataset_val_split | c_selection=f_mmd c_source=test c_metric=standardized_l2 | f_mmd_reserved_context=5% source=test | wise_ft=alpha0.1 rows=1728<2000,30,1,epoch_chunk,accuracy,0.9819494584837544,1.0,0.9819494584837544,1.0,9,True,False,,f_mmd,test,standardized_l2,1.0626940286377764,0.0069607824700083,,True
cmc,/home/crc00006699/zh/tabiclv2/data184/cmc,multiclass,1178,236,295,9,3,0.5898305084745763,0.5846626795239974,0.5556043312847527,0.7609192154686193,0.8747483510245629,2.6101436614990234,0.3035337924957275,ok,,1178,942,0,295,0.8843974173069,True,0.1,True,8,1e-05,True,2.577197551727295,full_train_epoch_chunks,full train set chunked per epoch | validation=dataset_val_split | c_selection=f_mmd c_source=test c_metric=standardized_l2 | f_mmd_reserved_context=5% source=test | wise_ft=alpha0.1 rows=1473<2000,30,1,epoch_chunk,accuracy,0.5211864406779662,0.5211864406779662,0.5211864406779662,0.5211864406779662,0,True,False,,f_mmd,test,standardized_l2,2.8544457917077994,0.5620698218187822,,True
compass,/home/crc00006699/zh/tabiclv2/data184/compass,binclass,13315,2663,3329,17,2,0.8831480925202764,0.8830709639064064,0.883140412046662,0.9484797297297298,0.2783440336238093,37.67334818840027,5.334990978240967,ok,,13315,10652,0,3329,0.5923105776309967,True,0.1,False,44,1e-05,True,37.46648478507996,full_train_epoch_chunks,full train set chunked per epoch | validation=dataset_val_split | c_selection=f_mmd c_source=test c_metric=standardized_l2 | f_mmd_reserved_context=5% source=test | wise_ft_skipped rows=16644>=2000,30,2,epoch_chunk,accuracy,0.8006008261359369,0.8839654524971836,0.8006008261359369,0.8839654524971836,14,True,False,,f_mmd,test,standardized_l2,5.223260629557692,5.640205112214474,,True
contraceptive_method_choice,/home/crc00006699/zh/tabiclv2/data184/contraceptive_method_choice,multiclass,1178,236,295,9,3,0.6271186440677966,0.6203589451118585,0.5893641038504954,0.7967481821046422,0.822727837344145,4.787166357040405,0.3090879917144775,ok,,1178,942,0,295,0.8926193714141846,True,0.1,True,17,1e-05,True,4.755688905715942,full_train_epoch_chunks,full train set chunked per epoch | validation=dataset_val_split | c_selection=f_mmd c_source=test c_metric=standardized_l2 | f_mmd_reserved_context=5% source=test | wise_ft=alpha0.1 rows=1473<2000,30,1,epoch_chunk,accuracy,0.5169491525423728,0.5423728813559322,0.5169491525423728,0.5423728813559322,9,True,False,,f_mmd,test,standardized_l2,2.531386759294043,0.5033566163809283,,True
credit-g,/home/crc00006699/zh/tabiclv2/data184/credit-g,binclass,800,160,200,20,2,0.785,0.7676703752849511,0.6892857142857143,0.8413095238095237,0.4465087930502336,5.464732646942139,0.4879360198974609,ok,,800,640,0,200,0.4981908202171325,True,0.1,True,17,1e-05,True,5.410966396331787,full_train_epoch_chunks,full train set chunked per epoch | validation=dataset_val_split | c_selection=f_mmd c_source=test c_metric=standardized_l2 | f_mmd_reserved_context=5% source=test | wise_ft=alpha0.1 rows=1000<2000,30,1,epoch_chunk,accuracy,0.73125,0.79375,0.73125,0.79375,9,True,False,,f_mmd,test,standardized_l2,2.5971271849374844,0.3732470410597031,,True
dabetes_130-us_hospitals,/home/crc00006699/zh/tabiclv2/data184/dabetes_130-us_hospitals,binclass,81412,16283,20354,20,2,0.6399233565883856,0.6342017447433057,0.6305347632893301,0.6978444965063484,0.622456515219036,196.9146752357483,119.6273684501648,ok,,81412,65129,0,20354,0.630906879901886,True,0.1,False,105,1e-05,True,194.85469484329224,full_train_epoch_chunks,full train set chunked per epoch | validation=dataset_val_split | c_selection=f_mmd c_source=test c_metric=standardized_l2 | f_mmd_reserved_context=5% source=test | wise_ft_skipped rows=101766>=2000,30,7,epoch_chunk,accuracy,0.6449057299023522,0.6491432782656759,0.6449057299023522,0.6491432782656759,7,True,False,,f_mmd,test,standardized_l2,3.18824033329699,7.454093537094825,,True
delta_ailerons,/home/crc00006699/zh/tabiclv2/data184/delta_ailerons,binclass,5703,1141,1426,5,2,0.9516129032258064,0.9516107771657324,0.9513844871878412,0.981752768875646,0.160320801606414,7.740324974060059,0.9267690181732178,ok,,5703,4562,0,1426,0.1541969254612922,True,0.1,False,16,1e-05,True,7.702778816223144,full_train_epoch_chunks,full train set chunked per epoch | validation=dataset_val_split | c_selection=f_mmd c_source=test c_metric=standardized_l2 | f_mmd_reserved_context=5% source=test | wise_ft_skipped rows=7129>=2000,30,1,epoch_chunk,accuracy,0.9404031551270816,0.9430324276950044,0.9404031551270816,0.9430324276950044,8,True,False,,f_mmd,test,standardized_l2,3.657665579636249,1.143844509690615,,True
dna,/home/crc00006699/zh/tabiclv2/data184/dna,multiclass,2548,510,638,180,3,0.9655172413793104,0.9655500295706584,0.9626989982419164,0.996517252513926,0.1065558496281989,57.10115933418274,3.1528849601745605,ok,,2548,2038,0,638,0.1739197671413421,True,0.1,False,28,1e-05,True,56.48775601387024,full_train_epoch_chunks,full train set chunked per epoch | validation=dataset_val_split | c_selection=f_mmd c_source=test c_metric=standardized_l2 | f_mmd_reserved_context=5% source=test | wise_ft_skipped rows=3186>=2000,30,1,epoch_chunk,accuracy,0.8941176470588236,0.9392156862745098,0.8941176470588236,0.9392156862745098,20,True,False,,f_mmd,test,standardized_l2,1.1780108593624985,0.0348247238163944,,True
dry_bean_dataset,/home/crc00006699/zh/tabiclv2/data184/dry_bean_dataset,multiclass,10888,2178,2723,16,7,0.9283878075651856,0.9284242303841036,0.938516633685986,0.9958910216346626,0.1907792130141595,25.07661485671997,3.968305349349976,ok,,10888,8710,0,2723,0.1799662560224533,True,0.1,False,19,1e-05,True,24.91123914718628,full_train_epoch_chunks,full train set chunked per epoch | validation=dataset_val_split | c_selection=f_mmd c_source=test c_metric=standardized_l2 | f_mmd_reserved_context=5% source=test | wise_ft_skipped rows=13611>=2000,30,1,epoch_chunk,accuracy,0.9292929292929292,0.9325068870523416,0.9292929292929292,0.9325068870523416,11,True,False,,f_mmd,test,standardized_l2,5.742783700351929,2.1457207190744363,,True
electricity,/home/crc00006699/zh/tabiclv2/data184/electricity,binclass,36249,7250,9063,8,2,0.925190334326382,0.9251378096728698,0.9227675394621704,0.9801125411863668,0.1791448681535791,102.29088616371156,25.16999387741089,ok,,36249,28999,0,9063,0.2718391120433807,True,0.1,False,90,1e-05,True,102.00539708137512,full_train_epoch_chunks,full train set chunked per epoch | validation=dataset_val_split | c_selection=f_mmd c_source=test c_metric=standardized_l2 | f_mmd_reserved_context=5% source=test | wise_ft_skipped rows=45312>=2000,30,3,epoch_chunk,accuracy,0.896,0.933103448275862,0.896,0.933103448275862,25,False,False,,f_mmd,test,standardized_l2,6.053094169866894,53.54712337484384,,True
eucalyptus,/home/crc00006699/zh/tabiclv2/data184/eucalyptus,multiclass,588,118,148,19,5,0.7094594594594594,0.7136638894533631,0.6905901591948103,0.9403550010068118,0.5995493039066213,4.064405202865601,0.3660049438476562,ok,,588,470,0,148,0.6490470170974731,True,0.1,True,13,1e-05,True,4.021655321121216,full_train_epoch_chunks,full train set chunked per epoch | validation=dataset_val_split | c_selection=f_mmd c_source=test c_metric=standardized_l2 | f_mmd_reserved_context=5% source=test | wise_ft=alpha0.1 rows=736<2000,30,1,epoch_chunk,accuracy,0.7033898305084746,0.7203389830508474,0.7033898305084746,0.7203389830508474,5,True,False,,f_mmd,test,standardized_l2,3.610248365227743,5.765886056923073,,True
eye_movements_bin,/home/crc00006699/zh/tabiclv2/data184/eye_movements_bin,binclass,6086,1218,1522,20,2,0.6813403416557161,0.6813369025741444,0.6813403416557161,0.7606225641964287,0.5731263557760113,24.729543447494507,2.207737922668457,ok,,6086,4868,0,1522,0.530474841594696,True,0.1,False,30,1e-05,True,24.604043006896973,full_train_epoch_chunks,full train set chunked per epoch | validation=dataset_val_split | c_selection=f_mmd c_source=test c_metric=standardized_l2 | f_mmd_reserved_context=5% source=test | wise_ft_skipped rows=7608>=2000,30,1,epoch_chunk,accuracy,0.6133004926108374,0.7331691297208539,0.6133004926108374,0.7331691297208539,24,False,False,,f_mmd,test,standardized_l2,7.755779069194227,5.221569339889184,,True
golf_play_dataset_extended,/home/crc00006699/zh/tabiclv2/data184/golf_play_dataset_extended,binclass,876,176,219,9,2,0.9360730593607306,0.9360730593607306,0.9036818296054284,0.9786378487057048,0.1506836497253622,2.415649652481079,0.4474122524261474,ok,,876,700,0,219,0.1422316282987594,True,0.1,True,8,1e-05,True,2.385363817214966,full_train_epoch_chunks,full train set chunked per epoch | validation=dataset_val_split | c_selection=f_mmd c_source=test c_metric=standardized_l2 | f_mmd_reserved_context=5% source=test | wise_ft=alpha0.1 rows=1095<2000,30,1,epoch_chunk,accuracy,0.9261363636363636,0.9261363636363636,0.9261363636363636,0.9261363636363636,0,True,False,,f_mmd,test,standardized_l2,4.822633304434,0.1819762793356976,,True
hill-valley,/home/crc00006699/zh/tabiclv2/data184/hill-valley,binclass,969,194,243,100,2,0.9300411522633744,0.9299747337591234,0.9299214198618072,0.9806259314456036,0.2382992612508462,20.39900851249695,0.8112504482269287,ok,,969,775,0,243,0.1878176182508468,True,0.1,True,30,1e-05,True,20.255427360534668,full_train_epoch_chunks,full train set chunked per epoch | validation=dataset_val_split | c_selection=f_mmd c_source=test c_metric=standardized_l2 | f_mmd_reserved_context=5% source=test | wise_ft=alpha0.1 rows=1212<2000,30,1,epoch_chunk,accuracy,0.8298969072164949,0.922680412371134,0.8298969072164949,0.922680412371134,23,False,False,,f_mmd,test,standardized_l2,10.408316818988588,6.637803755725998,,True
htru,/home/crc00006699/zh/tabiclv2/data184/htru,binclass,14318,2864,3580,8,2,0.9793296089385476,0.9791854875192508,0.9310555605556056,0.9862973629736296,0.0655481205269436,11.723161458969116,5.305696487426758,ok,,14318,11454,0,3580,0.0672867335379123,True,0.1,False,16,1e-05,True,11.62328004837036,full_train_epoch_chunks,full train set chunked per epoch | validation=dataset_val_split | c_selection=f_mmd c_source=test c_metric=standardized_l2 | f_mmd_reserved_context=5% source=test | wise_ft_skipped rows=17898>=2000,30,2,epoch_chunk,accuracy,0.979050279329609,0.979050279329609,0.979050279329609,0.979050279329609,0,True,False,,f_mmd,test,standardized_l2,8.423732365700445,3.614463327402937,,True
in_vehicle_coupon_recommendation,/home/crc00006699/zh/tabiclv2/data184/in_vehicle_coupon_recommendation,binclass,10147,2030,2537,21,2,0.7914860070949941,0.7902608956993337,0.7828409299615577,0.8624446639940722,0.4543898943185631,15.486771583557127,3.8146276473999023,ok,,10147,8117,0,2537,0.4894746541976928,True,0.1,False,11,1e-05,True,15.243866682052612,full_train_epoch_chunks,full train set chunked per epoch | validation=dataset_val_split | c_selection=f_mmd c_source=test c_metric=standardized_l2 | f_mmd_reserved_context=5% source=test | wise_ft_skipped rows=12684>=2000,30,1,epoch_chunk,accuracy,0.7591133004926108,0.7605911330049261,0.7591133004926108,0.7605911330049261,3,True,False,,f_mmd,test,standardized_l2,1.4574786005071252,0.0956186976103311,,True
jasmine,/home/crc00006699/zh/tabiclv2/data184/jasmine,binclass,2387,478,597,144,2,0.8107202680067002,0.8081957132288883,0.8109133352786694,0.875642522053377,0.3942564768911897,22.65409016609192,2.722043514251709,ok,,2387,1909,0,597,0.3772845417261123,True,0.1,False,13,1e-05,True,22.176974534988403,full_train_epoch_chunks,full train set chunked per epoch | validation=dataset_val_split | c_selection=f_mmd c_source=test c_metric=standardized_l2 | f_mmd_reserved_context=5% source=test | wise_ft_skipped rows=2984>=2000,30,1,epoch_chunk,accuracy,0.8242677824267782,0.8326359832635983,0.8242677824267782,0.8326359832635983,5,True,False,,f_mmd,test,standardized_l2,138165547175.4543,1346671173825.972,,True
jungle_chess_2pcs_raw_endgame_complete,/home/crc00006699/zh/tabiclv2/data184/jungle_chess_2pcs_raw_endgame_complete,multiclass,35855,7171,8964,6,3,0.9582775546630968,0.95804011152111,0.9328873889955412,0.9940060081364016,0.1455564068658404,94.8845362663269,24.30983304977417,ok,,35855,28684,0,8964,0.1109031587839126,True,0.1,False,90,1e-05,True,94.7062554359436,full_train_epoch_chunks,full train set chunked per epoch | validation=dataset_val_split | c_selection=f_mmd c_source=test c_metric=standardized_l2 | f_mmd_reserved_context=5% source=test | wise_ft_skipped rows=44819>=2000,30,3,epoch_chunk,accuracy,0.8722632826662948,0.987588899735044,0.8722632826662948,0.987588899735044,26,False,False,,f_mmd,test,standardized_l2,1.6842624684719274,0.1188326255471405,,True
kdd_ipums_la_97-small,/home/crc00006699/zh/tabiclv2/data184/kdd_ipums_la_97-small,binclass,4150,830,1038,20,2,0.8892100192678227,0.8886892334318348,0.8892100192678227,0.9495843867523508,0.2593269906311881,6.952262163162232,1.3122215270996094,ok,,4150,3320,0,1038,0.2818360179662704,True,0.1,False,11,1e-05,True,6.870099306106567,full_train_epoch_chunks,full train set chunked per epoch | validation=dataset_val_split | c_selection=f_mmd c_source=test c_metric=standardized_l2 | f_mmd_reserved_context=5% source=test | wise_ft_skipped rows=5188>=2000,30,1,epoch_chunk,accuracy,0.8831325301204819,0.8855421686746988,0.8831325301204819,0.8855421686746988,3,True,False,,f_mmd,test,standardized_l2,2.8931288887307254,0.6358918142971975,,True
law-school-admission-bianry,/home/crc00006699/zh/tabiclv2/data184/law-school-admission-bianry,binclass,16640,3328,4160,11,2,1.0,1.0,1.0,1.0,2.1302956319616174e-07,14.166867733001707,6.919905424118042,ok,,16640,13312,0,4160,1.800744553470679e-10,True,0.1,False,16,1e-05,True,14.001317501068115,full_train_epoch_chunks,full train set chunked per epoch | validation=dataset_val_split | c_selection=f_mmd c_source=test c_metric=standardized_l2 | f_mmd_reserved_context=5% source=test | wise_ft_skipped rows=20800>=2000,30,2,epoch_chunk,accuracy,1.0,1.0,1.0,1.0,0,True,False,,f_mmd,test,standardized_l2,3.112586008945274,0.8474250258118484,,True
led7,/home/crc00006699/zh/tabiclv2/data184/led7,multiclass,2560,512,640,7,10,0.7375,0.7329358924132119,0.7358894125883456,0.9590936088764952,0.7874825250265258,2.859217643737793,0.6286828517913818,ok,,2560,2048,0,640,0.8038884401321411,True,0.1,False,8,1e-05,True,2.821523666381836,full_train_epoch_chunks,full train set chunked per epoch | validation=dataset_val_split | c_selection=f_mmd c_source=test c_metric=standardized_l2 | f_mmd_reserved_context=5% source=test | wise_ft_skipped rows=3200>=2000,30,1,epoch_chunk,accuracy,0.724609375,0.724609375,0.724609375,0.724609375,0,True,False,,f_mmd,test,standardized_l2,1.8215096776673143,0.1369328259101731,,True
mammography,/home/crc00006699/zh/tabiclv2/data184/mammography,binclass,8946,1790,2237,6,2,0.9901654000894056,0.989537479044571,0.8353942967787362,0.9857859531772576,0.0315865483304772,14.053407192230225,1.9863371849060056,ok,,8946,7156,0,2237,0.0265490869060158,True,0.1,False,18,1e-05,True,13.984500646591188,full_train_epoch_chunks,full train set chunked per epoch | validation=dataset_val_split | c_selection=f_mmd c_source=test c_metric=standardized_l2 | f_mmd_reserved_context=5% source=test | wise_ft_skipped rows=11183>=2000,30,1,epoch_chunk,accuracy,0.987709497206704,0.9899441340782122,0.987709497206704,0.9899441340782122,10,True,False,,f_mmd,test,standardized_l2,7.970916834701686,14.781896406581865,,True
mfeat-factors,/home/crc00006699/zh/tabiclv2/data184/mfeat-factors,multiclass,1600,320,400,216,10,0.9775,0.9774667916862012,0.9775,0.9996736111111112,0.0916621526671796,29.057319164276123,2.3599257469177246,ok,,1600,1280,0,400,0.0119638973847031,True,0.1,False,18,1e-05,True,28.677988290786743,full_train_epoch_chunks,full train set chunked per epoch | validation=dataset_val_split | c_selection=f_mmd c_source=test c_metric=standardized_l2 | f_mmd_reserved_context=5% source=test | wise_ft_skipped rows=2000>=2000,30,1,epoch_chunk,accuracy,0.975,0.9875,0.975,0.9875,10,True,False,,f_mmd,test,standardized_l2,1.797599941987325,0.2074111681229176,,True
mfeat-karhunen,/home/crc00006699/zh/tabiclv2/data184/mfeat-karhunen,multiclass,1600,320,400,64,10,0.975,0.9749923943067405,0.975,0.9997083333333334,0.1071919168656371,5.480921983718872,0.960289478302002,ok,,1600,1280,0,400,0.0379675328731536,True,0.1,False,8,1e-05,True,5.358067750930786,full_train_epoch_chunks,full train set chunked per epoch | validation=dataset_val_split | c_selection=f_mmd c_source=test c_metric=standardized_l2 | f_mmd_reserved_context=5% source=test | wise_ft_skipped rows=2000>=2000,30,1,epoch_chunk,accuracy,0.98125,0.98125,0.98125,0.98125,0,True,False,,f_mmd,test,standardized_l2,1.4833980234349975,0.0835337499785578,,True
mfeat-pixel,/home/crc00006699/zh/tabiclv2/data184/mfeat-pixel,multiclass,1600,320,400,240,10,0.975,0.9749835464631388,0.975,0.9995208333333334,0.1164585017485897,18.139461994171143,2.7024052143096924,ok,,1600,1280,0,400,0.0440201535820961,True,0.1,False,8,1e-05,True,17.484604597091675,full_train_epoch_chunks,full train set chunked per epoch | validation=dataset_val_split | c_selection=f_mmd c_source=test c_metric=standardized_l2 | f_mmd_reserved_context=5% source=test | wise_ft_skipped rows=2000>=2000,30,1,epoch_chunk,accuracy,0.98125,0.98125,0.98125,0.98125,0,True,False,,f_mmd,test,standardized_l2,1.454736479764788,0.0851544454049786,,True
mice_protein_expression,/home/crc00006699/zh/tabiclv2/data184/mice_protein_expression,multiclass,864,173,216,75,8,1.0,1.0,1.0,1.0,1.790794516787066e-05,4.8477044105529785,0.6279938220977783,ok,,864,691,0,216,1.7469344129494857e-05,True,0.1,True,8,1e-05,True,4.734822034835815,full_train_epoch_chunks,full train set chunked per epoch | validation=dataset_val_split | c_selection=f_mmd c_source=test c_metric=standardized_l2 | f_mmd_reserved_context=5% source=test | wise_ft=alpha0.1 rows=1080<2000,30,1,epoch_chunk,accuracy,1.0,1.0,1.0,1.0,0,True,False,,f_mmd,test,standardized_l2,2.7442066627269504,0.7115219973976314,,True
mobile_c36_oversampling,/home/crc00006699/zh/tabiclv2/data184/mobile_c36_oversampling,binclass,41408,8282,10352,6,2,0.99217542503864,0.9921721728621512,0.9913878921479344,0.9992775975194448,0.0267511402723776,42.10886764526367,22.72160792350769,ok,,41408,33126,0,10352,0.0851403810083866,True,0.1,False,44,1e-05,True,41.925434827804565,full_train_epoch_chunks,full train set chunked per epoch | validation=dataset_val_split | c_selection=f_mmd c_source=test c_metric=standardized_l2 | f_mmd_reserved_context=5% source=test | wise_ft_skipped rows=51760>=2000,30,4,epoch_chunk,accuracy,0.9902197536826852,0.993962810915238,0.9902197536826852,0.993962810915238,3,True,False,,f_mmd,test,standardized_l2,3.6527846337416503,1.0369087279793705,,True
national-longitudinal-survey-binary,/home/crc00006699/zh/tabiclv2/data184/national-longitudinal-survey-binary,binclass,3926,786,982,16,2,1.0,1.0,1.0,1.0,0.0032160545185283,4.81917929649353,1.1397957801818848,ok,,3926,3140,0,982,0.0059069949202239,True,0.1,False,8,1e-05,True,4.740614652633667,full_train_epoch_chunks,full train set chunked per epoch | validation=dataset_val_split | c_selection=f_mmd c_source=test c_metric=standardized_l2 | f_mmd_reserved_context=5% source=test | wise_ft_skipped rows=4908>=2000,30,1,epoch_chunk,accuracy,0.9987277353689568,0.9987277353689568,0.9987277353689568,0.9987277353689568,0,True,False,,f_mmd,test,standardized_l2,2.495915587824656,0.4043416212163706,,True
online_shoppers,/home/crc00006699/zh/tabiclv2/data184/online_shoppers,binclass,9864,1973,2466,14,2,0.9038929440389294,0.8995115560709003,0.7763777371345881,0.9281505310970648,0.2303949504535715,15.57604432106018,3.347126007080078,ok,,9864,7891,0,2466,0.225327268242836,True,0.1,False,14,1e-05,True,15.428205490112305,full_train_epoch_chunks,full train set chunked per epoch | validation=dataset_val_split | c_selection=f_mmd c_source=test c_metric=standardized_l2 | f_mmd_reserved_context=5% source=test | wise_ft_skipped rows=12330>=2000,30,1,epoch_chunk,accuracy,0.900658895083629,0.9052204764318296,0.900658895083629,0.9052204764318296,6,True,False,,f_mmd,test,standardized_l2,3.509864498114766,2.697652877655743,,True
ozone-level-8hr,/home/crc00006699/zh/tabiclv2/data184/ozone-level-8hr,binclass,2027,406,507,72,2,0.9566074950690336,0.9485210998588924,0.6853947368421053,0.9353947368421052,0.1325780369676212,6.940255880355835,1.230471134185791,ok,,2027,1621,0,507,0.1684606298804283,True,0.1,False,8,1e-05,True,6.781027793884277,full_train_epoch_chunks,full train set chunked per epoch | validation=dataset_val_split | c_selection=f_mmd c_source=test c_metric=standardized_l2 | f_mmd_reserved_context=5% source=test | wise_ft_skipped rows=2534>=2000,30,1,epoch_chunk,accuracy,0.9507389162561576,0.9507389162561576,0.9507389162561576,0.9507389162561576,0,True,False,,f_mmd,test,standardized_l2,3.640077308972662,1.068289197665083,,True
page-blocks,/home/crc00006699/zh/tabiclv2/data184/page-blocks,multiclass,4378,876,1095,10,5,0.9789954337899544,0.9788471633048544,0.9084294222690436,0.993408126064092,0.0859284409648606,4.098552942276001,1.1617584228515625,ok,,4378,3502,0,1095,0.0713601931929588,True,0.1,False,8,1e-05,True,4.048441171646118,full_train_epoch_chunks,full train set chunked per epoch | validation=dataset_val_split | c_selection=f_mmd c_source=test c_metric=standardized_l2 | f_mmd_reserved_context=5% source=test | wise_ft_skipped rows=5473>=2000,30,1,epoch_chunk,accuracy,0.9748858447488584,0.9748858447488584,0.9748858447488584,0.9748858447488584,0,True,False,,f_mmd,test,standardized_l2,12.757393955219287,30.614221119910603,,True
pc3,/home/crc00006699/zh/tabiclv2/data184/pc3,binclass,1250,250,313,37,2,0.9009584664536742,0.8670917428274079,0.54331628113879,0.8404693060498221,0.2607114372243238,9.755526781082152,0.5422523021697998,ok,,1250,1000,0,313,0.178736887872219,True,0.1,True,21,1e-05,True,9.68097996711731,full_train_epoch_chunks,full train set chunked per epoch | validation=dataset_val_split | c_selection=f_mmd c_source=test c_metric=standardized_l2 | f_mmd_reserved_context=5% source=test | wise_ft=alpha0.1 rows=1563<2000,30,1,epoch_chunk,accuracy,0.888,0.904,0.888,0.904,13,True,False,,f_mmd,test,standardized_l2,21.94413297514876,53.81827503926653,,True
pendigits,/home/crc00006699/zh/tabiclv2/data184/pendigits,multiclass,8793,1759,2199,16,10,0.9972714870395636,0.997273276642423,0.9972681553840104,0.9996949275642107,0.0142902516922091,8.666242122650146,2.9476044178009038,ok,,8793,7034,0,2199,0.0053951174486428,True,0.1,False,8,1e-05,True,8.538798093795776,full_train_epoch_chunks,full train set chunked per epoch | validation=dataset_val_split | c_selection=f_mmd c_source=test c_metric=standardized_l2 | f_mmd_reserved_context=5% source=test | wise_ft_skipped rows=10992>=2000,30,1,epoch_chunk,accuracy,0.9965889710062537,0.9965889710062537,0.9965889710062537,0.9965889710062537,0,True,False,,f_mmd,test,standardized_l2,2.1886864949826115,0.5111119886651195,,True
pol,/home/crc00006699/zh/tabiclv2/data184/pol,binclass,8065,1613,2017,26,2,0.9846306395637084,0.984629846178284,0.9846343228404676,0.9992871694432646,0.0359528350723696,32.69277739524841,3.022178888320923,ok,,8065,6452,0,2017,0.0269744591787457,True,0.1,False,30,1e-05,True,32.53939366340637,full_train_epoch_chunks,full train set chunked per epoch | validation=dataset_val_split | c_selection=f_mmd c_source=test c_metric=standardized_l2 | f_mmd_reserved_context=5% source=test | wise_ft_skipped rows=10082>=2000,30,1,epoch_chunk,accuracy,0.9783013019218848,0.986360818350899,0.9783013019218848,0.986360818350899,23,False,False,,f_mmd,test,standardized_l2,7.999090254317199,3.5220047343063343,,True
rice_cammeo_and_osmancik,/home/crc00006699/zh/tabiclv2/data184/rice_cammeo_and_osmancik,binclass,3048,610,762,7,2,0.926509186351706,0.9263867708236077,0.9233973096189564,0.976803906118084,0.193730310437795,3.698864221572876,0.6934442520141602,ok,,3048,2438,0,762,0.1791349351406097,True,0.1,False,11,1e-05,True,3.667695999145508,full_train_epoch_chunks,full train set chunked per epoch | validation=dataset_val_split | c_selection=f_mmd c_source=test c_metric=standardized_l2 | f_mmd_reserved_context=5% source=test | wise_ft_skipped rows=3810>=2000,30,1,epoch_chunk,accuracy,0.9327868852459016,0.9377049180327868,0.9327868852459016,0.9377049180327868,3,True,False,,f_mmd,test,standardized_l2,3.64435312706218,0.9587593970817954,,True
rl,/home/crc00006699/zh/tabiclv2/data184/rl,binclass,3976,796,994,12,2,0.8591549295774648,0.8591087280502818,0.8591549295774648,0.9347513653348664,0.3295662209304296,13.24307632446289,1.04351806640625,ok,,3976,3180,0,994,0.3669271171092987,True,0.1,False,30,1e-05,True,13.181076288223268,full_train_epoch_chunks,full train set chunked per epoch | validation=dataset_val_split | c_selection=f_mmd c_source=test c_metric=standardized_l2 | f_mmd_reserved_context=5% source=test | wise_ft_skipped rows=4970>=2000,30,1,epoch_chunk,accuracy,0.8404522613065326,0.8668341708542714,0.8404522613065326,0.8668341708542714,26,False,False,,f_mmd,test,standardized_l2,4.331501638673813,1.352529392666789,,True
segment,/home/crc00006699/zh/tabiclv2/data184/segment,multiclass,1848,370,462,17,7,0.935064935064935,0.9351749353122562,0.9350649350649352,0.9965947352310988,0.1631765287817685,3.0638885498046875,0.5428144931793213,ok,,1848,1478,0,462,0.1613233685493469,True,0.1,False,8,1e-05,True,3.017773389816284,full_train_epoch_chunks,full train set chunked per epoch | validation=dataset_val_split | c_selection=f_mmd c_source=test c_metric=standardized_l2 | f_mmd_reserved_context=5% source=test | wise_ft_skipped rows=2310>=2000,30,1,epoch_chunk,accuracy,0.945945945945946,0.945945945945946,0.945945945945946,0.945945945945946,0,True,False,,f_mmd,test,standardized_l2,4.673877413366434,6.964756634065663,,True
semeion,/home/crc00006699/zh/tabiclv2/data184/semeion,multiclass,1274,255,319,256,10,0.9592476489028212,0.95954578257791,0.9592741935483872,0.9987786145142558,0.1344347709685975,43.38990235328674,2.292832374572754,ok,,1274,1019,0,319,0.2129350677132606,True,0.1,True,25,1e-05,True,42.93722724914551,full_train_epoch_chunks,full train set chunked per epoch | validation=dataset_val_split | c_selection=f_mmd c_source=test c_metric=standardized_l2 | f_mmd_reserved_context=5% source=test | wise_ft=alpha0.1 rows=1593<2000,30,1,epoch_chunk,accuracy,0.9058823529411764,0.9333333333333332,0.9058823529411764,0.9333333333333332,17,True,False,,f_mmd,test,standardized_l2,1.2567126074262516,0.0692987756638273,,True
shrutime,/home/crc00006699/zh/tabiclv2/data184/shrutime,binclass,8000,1600,2000,10,2,0.869,0.8570928734365365,0.7210802998132563,0.8779682343761992,0.3141821900221117,11.450852394104004,2.401352643966675,ok,,8000,6400,0,2000,0.336504116654396,True,0.1,False,14,1e-05,True,11.35784149169922,full_train_epoch_chunks,full train set chunked per epoch | validation=dataset_val_split | c_selection=f_mmd c_source=test c_metric=standardized_l2 | f_mmd_reserved_context=5% source=test | wise_ft_skipped rows=10000>=2000,30,1,epoch_chunk,accuracy,0.866875,0.870625,0.866875,0.870625,6,True,False,,f_mmd,test,standardized_l2,1.979149733578361,0.3821365240737275,,True
spambase,/home/crc00006699/zh/tabiclv2/data184/spambase,binclass,3680,736,921,57,2,0.9598262757871878,0.9598547952857028,0.9586628750851623,0.9907234613979482,0.1187263561442807,8.385976076126099,1.8768789768218996,ok,,3680,2944,0,921,0.1080910637974739,True,0.1,False,8,1e-05,True,8.213687419891357,full_train_epoch_chunks,full train set chunked per epoch | validation=dataset_val_split | c_selection=f_mmd c_source=test c_metric=standardized_l2 | f_mmd_reserved_context=5% source=test | wise_ft_skipped rows=4601>=2000,30,1,epoch_chunk,accuracy,0.9605978260869564,0.9605978260869564,0.9605978260869564,0.9605978260869564,0,True,False,,f_mmd,test,standardized_l2,14.631184390913331,18.713219754946216,,True
sports_articles_for_objectivity_analysis,/home/crc00006699/zh/tabiclv2/data184/sports_articles_for_objectivity_analysis,binclass,800,160,200,59,2,0.855,0.8527182148705282,0.8304929349584727,0.8917053176572106,0.4003406564971479,7.1225104331970215,0.8236470222473145,ok,,800,640,0,200,0.3040091842412948,True,0.1,True,13,1e-05,True,7.012893438339233,full_train_epoch_chunks,full train set chunked per epoch | validation=dataset_val_split | c_selection=f_mmd c_source=test c_metric=standardized_l2 | f_mmd_reserved_context=5% source=test | wise_ft=alpha0.1 rows=1000<2000,30,1,epoch_chunk,accuracy,0.83125,0.84375,0.83125,0.84375,5,True,False,,f_mmd,test,standardized_l2,339513540762.89,1890331392914.6987,,True
steel_plates_faults,/home/crc00006699/zh/tabiclv2/data184/steel_plates_faults,multiclass,1552,311,389,27,7,0.8380462724935732,0.837253776117814,0.8874284665951333,0.9780760473914496,0.4045181525173615,5.624048233032227,0.559375524520874,ok,,1552,1241,0,389,0.4312273859977722,True,0.1,True,13,1e-05,True,5.555420160293579,full_train_epoch_chunks,full train set chunked per epoch | validation=dataset_val_split | c_selection=f_mmd c_source=test c_metric=standardized_l2 | f_mmd_reserved_context=5% source=test | wise_ft=alpha0.1 rows=1941<2000,30,1,epoch_chunk,accuracy,0.7845659163987139,0.8135048231511254,0.7845659163987139,0.8135048231511254,5,True,False,,f_mmd,test,standardized_l2,2.849300401863275,1.789397759747487,,True
sylvine,/home/crc00006699/zh/tabiclv2/data184/sylvine,binclass,4099,820,1025,20,2,0.9707317073170731,0.9707231804289526,0.9707488121345028,0.9972968445419104,0.0726019294612672,9.564836025238035,1.280412197113037,ok,,4099,3279,0,1025,0.0612237527966499,True,0.1,False,16,1e-05,True,9.47455096244812,full_train_epoch_chunks,full train set chunked per epoch | validation=dataset_val_split | c_selection=f_mmd c_source=test c_metric=standardized_l2 | f_mmd_reserved_context=5% source=test | wise_ft_skipped rows=5124>=2000,30,1,epoch_chunk,accuracy,0.9707317073170731,0.974390243902439,0.9707317073170731,0.974390243902439,8,True,False,,f_mmd,test,standardized_l2,2.499759462915297,0.4835628761936736,,True
telco-customer-churn,/home/crc00006699/zh/tabiclv2/data184/telco-customer-churn,binclass,5634,1127,1409,18,2,0.8055358410220014,0.7979828032047752,0.7182166937921414,0.8497261618744993,0.4117912723668465,8.819974899291992,1.7808620929718018,ok,,5634,4507,0,1409,0.3892264068126678,True,0.1,False,11,1e-05,True,8.694257497787476,full_train_epoch_chunks,full train set chunked per epoch | validation=dataset_val_split | c_selection=f_mmd c_source=test c_metric=standardized_l2 | f_mmd_reserved_context=5% source=test | wise_ft_skipped rows=7043>=2000,30,1,epoch_chunk,accuracy,0.8092280390417036,0.8154392191659272,0.8092280390417036,0.8154392191659272,3,True,False,,f_mmd,test,standardized_l2,1.713291805771265,0.0963931681357882,,True
thyroid-ann,/home/crc00006699/zh/tabiclv2/data184/thyroid-ann,multiclass,3017,604,755,21,3,0.9920529801324504,0.9919737363445972,0.9376413813904388,0.9994885865724784,0.0196175259855334,6.688087463378906,0.9223859310150146,ok,,3017,2413,0,755,0.0073896995745599,True,0.1,False,14,1e-05,True,6.62292742729187,full_train_epoch_chunks,full train set chunked per epoch | validation=dataset_val_split | c_selection=f_mmd c_source=test c_metric=standardized_l2 | f_mmd_reserved_context=5% source=test | wise_ft_skipped rows=3772>=2000,30,1,epoch_chunk,accuracy,0.98841059602649,0.9917218543046358,0.98841059602649,0.9917218543046358,6,True,False,,f_mmd,test,standardized_l2,950019840460.8036,10406945933882.355,,True
turiye_student_evaluation,/home/crc00006699/zh/tabiclv2/data184/turiye_student_evaluation,multiclass,4656,932,1164,32,5,0.5223367697594502,0.4895088030115773,0.4099981070671882,0.7543940424955291,1.2027388777449246,7.048184871673584,1.7347958087921145,ok,,4656,3724,0,1164,1.1993314623832705,True,0.1,False,8,1e-05,True,6.911558866500855,full_train_epoch_chunks,full train set chunked per epoch | validation=dataset_val_split | c_selection=f_mmd c_source=test c_metric=standardized_l2 | f_mmd_reserved_context=5% source=test | wise_ft_skipped rows=5820>=2000,30,1,epoch_chunk,accuracy,0.5032188841201717,0.5032188841201717,0.5032188841201717,0.5032188841201717,0,True,False,,f_mmd,test,standardized_l2,2.548276027395312,0.105000513211854,,True
vehicle,/home/crc00006699/zh/tabiclv2/data184/vehicle,multiclass,676,136,170,18,4,0.8705882352941177,0.8697403393215838,0.8717532467532467,0.9723152281746033,0.2614439000327771,4.296997547149658,0.3902058601379394,ok,,676,540,0,170,0.2084052190184593,True,0.1,True,15,1e-05,True,4.25900936126709,full_train_epoch_chunks,full train set chunked per epoch | validation=dataset_val_split | c_selection=f_mmd c_source=test c_metric=standardized_l2 | f_mmd_reserved_context=5% source=test | wise_ft=alpha0.1 rows=846<2000,30,1,epoch_chunk,accuracy,0.8529411764705882,0.8970588235294118,0.8529411764705882,0.8970588235294118,7,True,False,,f_mmd,test,standardized_l2,8.128469240664241,10.098560536286532,,True
water_quality,/home/crc00006699/zh/tabiclv2/data184/water_quality,binclass,6396,1280,1600,20,2,0.90875,0.8975280776190179,0.6803189758055767,0.9102221826128738,0.2141997338161879,13.781720399856567,2.0039305686950684,ok,,6396,5116,0,1600,0.2652662843465805,True,0.1,False,19,1e-05,True,13.69781231880188,full_train_epoch_chunks,full train set chunked per epoch | validation=dataset_val_split | c_selection=f_mmd c_source=test c_metric=standardized_l2 | f_mmd_reserved_context=5% source=test | wise_ft_skipped rows=7996>=2000,30,1,epoch_chunk,accuracy,0.89765625,0.90234375,0.89765625,0.90234375,11,True,False,,f_mmd,test,standardized_l2,2.184871844324284,0.6855332423111686,,True
waveform_database_generator_version_1,/home/crc00006699/zh/tabiclv2/data184/waveform_database_generator_version_1,multiclass,4000,800,1000,21,3,0.869,0.8685439424392932,0.8689065467381897,0.972000440910117,0.2993788625104518,11.117806196212769,1.2614421844482422,ok,,4000,3200,0,1000,0.2361366003751754,True,0.1,False,19,1e-05,True,11.035148859024048,full_train_epoch_chunks,full train set chunked per epoch | validation=dataset_val_split | c_selection=f_mmd c_source=test c_metric=standardized_l2 | f_mmd_reserved_context=5% source=test | wise_ft_skipped rows=5000>=2000,30,1,epoch_chunk,accuracy,0.85125,0.85625,0.85125,0.85625,11,True,False,,f_mmd,test,standardized_l2,1.882549090208192,0.1979372705495605,,True
wine,/home/crc00006699/zh/tabiclv2/data184/wine,binclass,2043,409,511,4,2,0.7749510763209393,0.7740373723435575,0.775076593137255,0.8736519607843137,0.4541843004299861,2.215994358062744,0.2254247665405273,ok,,2043,1634,0,511,0.4288662075996399,True,0.1,False,8,1e-05,True,2.194762945175171,full_train_epoch_chunks,full train set chunked per epoch | validation=dataset_val_split | c_selection=f_mmd c_source=test c_metric=standardized_l2 | f_mmd_reserved_context=5% source=test | wise_ft_skipped rows=2554>=2000,30,1,epoch_chunk,accuracy,0.8215158924205379,0.8215158924205379,0.8215158924205379,0.8215158924205379,0,True,False,,f_mmd,test,standardized_l2,2.8824947638964247,0.9327613221191888,,True
wine-quality-white,/home/crc00006699/zh/tabiclv2/data184/wine-quality-white,multiclass,3918,784,980,11,7,0.6836734693877551,0.6757900216034669,0.4027442795299937,0.9086673988666332,0.7555911084501418,4.594653606414795,1.0286355018615725,ok,,3918,3134,0,980,0.7782031893730164,True,0.1,False,10,1e-05,True,4.540761709213257,full_train_epoch_chunks,full train set chunked per epoch | validation=dataset_val_split | c_selection=f_mmd c_source=test c_metric=standardized_l2 | f_mmd_reserved_context=5% source=test | wise_ft_skipped rows=4898>=2000,30,1,epoch_chunk,accuracy,0.6747448979591837,0.6836734693877551,0.6747448979591837,0.6836734693877551,2,True,False,,f_mmd,test,standardized_l2,3.673236654260074,3.411157006688522,,True
BLE_RSSI_dataset_for_Indoor_localization,/home/crc00006699/zh/tabiclv2/data184/BLE_RSSI_dataset_for_Indoor_localization,multiclass,7987,1598,1997,3,3,0.7696544817225839,0.7692152793793673,0.7692037511976247,0.9211972232218608,0.5325788345668592,20.04218602180481,1.2251191139221191,ok,,7987,6389,0,1997,0.5577152073383331,True,0.1,False,27,1e-05,True,20.007582426071167,full_train_epoch_chunks,full train set chunked per epoch | validation=dataset_val_split | c_selection=f_mmd c_source=test c_metric=standardized_l2 | f_mmd_reserved_context=5% source=test | wise_ft_skipped rows=9984>=2000,30,1,epoch_chunk,accuracy,0.7509386733416771,0.7809762202753442,0.7509386733416771,0.7809762202753442,19,True,False,,f_mmd,test,standardized_l2,2.7880152284378377,0.5126020498832063,,True
BNG(cmc),/home/crc00006699/zh/tabiclv2/data184/BNG(cmc),multiclass,44236,8848,11060,9,3,0.5875226039783001,0.5860752125714799,0.5681797063017763,0.7645655486838446,0.8752879458645348,81.64049220085144,34.299938917160034,ok,,44236,35388,0,11060,0.8912358582019806,True,0.1,False,72,1e-05,True,81.23716855049133,full_train_epoch_chunks,full train set chunked per epoch | validation=dataset_val_split | c_selection=f_mmd c_source=test c_metric=standardized_l2 | f_mmd_reserved_context=5% source=test | wise_ft_skipped rows=55296>=2000,30,4,epoch_chunk,accuracy,0.5758363471971067,0.579000904159132,0.5758363471971067,0.579000904159132,10,True,False,,f_mmd,test,standardized_l2,2.7943211930958416,0.414596457863072,,True
Bank_Customer_Churn_Dataset,/home/crc00006699/zh/tabiclv2/data184/Bank_Customer_Churn_Dataset,binclass,8000,1600,2000,10,2,0.88,0.8693301339732054,0.7472325946902219,0.878546497190565,0.3172459408642639,13.973906517028809,2.399815559387207,ok,,8000,6400,0,2000,0.3152616769075393,True,0.1,False,17,1e-05,True,13.88494086265564,full_train_epoch_chunks,full train set chunked per epoch | validation=dataset_val_split | c_selection=f_mmd c_source=test c_metric=standardized_l2 | f_mmd_reserved_context=5% source=test | wise_ft_skipped rows=10000>=2000,30,1,epoch_chunk,accuracy,0.86625,0.87125,0.86625,0.87125,9,True,False,,f_mmd,test,standardized_l2,1.971439636592256,0.3832377446610424,,True
California-Housing-Classification,/home/crc00006699/zh/tabiclv2/data184/California-Housing-Classification,binclass,16512,3303,4128,8,2,0.9188468992248062,0.9188462181950532,0.9188455891241862,0.9778582402505108,0.1912093531371188,40.11658382415772,6.548605442047119,ok,,16512,13209,0,4128,0.2452631667256355,True,0.1,False,52,1e-05,True,39.9790632724762,full_train_epoch_chunks,full train set chunked per epoch | validation=dataset_val_split | c_selection=f_mmd c_source=test c_metric=standardized_l2 | f_mmd_reserved_context=5% source=test | wise_ft_skipped rows=20640>=2000,30,2,epoch_chunk,accuracy,0.9006963366636391,0.9149258250075688,0.9006963366636391,0.9149258250075688,18,True,False,,f_mmd,test,standardized_l2,7.588304091144052,12.422353217839715,,True
Click_prediction_small,/home/crc00006699/zh/tabiclv2/data184/Click_prediction_small,binclass,31958,6392,7990,3,2,0.8319148936170213,0.7559605235423814,0.5011144130757801,0.6247047353274537,0.438847986278841,52.92854428291321,6.929082155227661,ok,,31958,25566,0,7990,0.4419941306114197,True,0.1,False,63,1e-05,True,52.83900284767151,full_train_epoch_chunks,full train set chunked per epoch | validation=dataset_val_split | c_selection=f_mmd c_source=test c_metric=standardized_l2 | f_mmd_reserved_context=5% source=test | wise_ft_skipped rows=39948>=2000,30,3,epoch_chunk,accuracy,0.8324468085106383,0.8327596996245307,0.8324468085106383,0.8327596996245307,13,True,False,,f_mmd,test,standardized_l2,186.67616031451536,5491.7885200562905,,True
Contaminant-detection-in-packaged-cocoa-hazelnut-spread-jars-using-Microwaves-Sensing-and-Machine-Learning-10.5GHz(Urbinati),/home/crc00006699/zh/tabiclv2/data184/Contaminant-detection-in-packaged-cocoa-hazelnut-spread-jars-using-Microwaves-Sensing-and-Machine-Learning-10.5GHz(Urbinati),binclass,1920,384,480,30,2,0.9666666666666668,0.9666753509914604,0.9670467185761956,0.9931347330367074,0.0961258336264445,5.854475498199463,0.7785663604736328,ok,,1920,1536,0,480,0.1077697090804576,True,0.1,False,12,1e-05,True,5.783502817153931,full_train_epoch_chunks,full train set chunked per epoch | validation=dataset_val_split | c_selection=f_mmd c_source=test c_metric=standardized_l2 | f_mmd_reserved_context=5% source=test | wise_ft_skipped rows=2400>=2000,30,1,epoch_chunk,accuracy,0.9609375,0.9765625,0.9609375,0.9765625,4,True,False,,f_mmd,test,standardized_l2,2.9673940492514586,0.4280873122957919,,True
Contaminant-detection-in-packaged-cocoa-hazelnut-spread-jars-using-Microwaves-Sensing-and-Machine-Learning-9.0GHz(Urbinati),/home/crc00006699/zh/tabiclv2/data184/Contaminant-detection-in-packaged-cocoa-hazelnut-spread-jars-using-Microwaves-Sensing-and-Machine-Learning-9.0GHz(Urbinati),binclass,1920,384,480,30,2,0.9541666666666668,0.9541794016856536,0.9546718576195774,0.9921092880978866,0.1197850825287538,5.4023261070251465,0.7078852653503418,ok,,1920,1536,0,480,0.0827953517436981,True,0.1,False,11,1e-05,True,5.328727006912232,full_train_epoch_chunks,full train set chunked per epoch | validation=dataset_val_split | c_selection=f_mmd c_source=test c_metric=standardized_l2 | f_mmd_reserved_context=5% source=test | wise_ft_skipped rows=2400>=2000,30,1,epoch_chunk,accuracy,0.9557291666666666,0.9583333333333334,0.9557291666666666,0.9583333333333334,3,True,False,,f_mmd,test,standardized_l2,2.671667848824469,0.3750358422935173,,True
Credit_c,/home/crc00006699/zh/tabiclv2/data184/Credit_c,multiclass,80000,16000,20000,22,3,0.80145,0.8015291459962679,0.8016235225050673,0.9226264791860213,0.4671153479614159,362.32899284362793,110.8385453224182,ok,,80000,64000,0,20000,0.6827816963195801,True,0.1,False,203,1e-05,True,360.6955349445343,full_train_epoch_chunks,full train set chunked per epoch | validation=dataset_val_split | c_selection=f_mmd c_source=test c_metric=standardized_l2 | f_mmd_reserved_context=5% source=test | wise_ft_skipped rows=100000>=2000,30,7,epoch_chunk,accuracy,0.786875,0.817875,0.786875,0.817875,21,True,False,,f_mmd,test,standardized_l2,2.7378888322606523,11.934273427643102,,True
Diabetic_Retinopathy_Debrecen,/home/crc00006699/zh/tabiclv2/data184/Diabetic_Retinopathy_Debrecen,binclass,920,184,231,19,2,0.7489177489177489,0.7485577064444988,0.7467253839205059,0.8351400180668472,0.504228536768335,3.37100887298584,0.5342428684234619,ok,,920,736,0,231,0.4878858029842376,True,0.1,True,8,1e-05,True,3.3272008895874023,full_train_epoch_chunks,full train set chunked per epoch | validation=dataset_val_split | c_selection=f_mmd c_source=test c_metric=standardized_l2 | f_mmd_reserved_context=5% source=test | wise_ft=alpha0.1 rows=1151<2000,30,1,epoch_chunk,accuracy,0.7282608695652174,0.7282608695652174,0.7282608695652174,0.7282608695652174,0,True,False,,f_mmd,test,standardized_l2,5.664250304322983,5.561929671744885,,True
Employee,/home/crc00006699/zh/tabiclv2/data184/Employee,binclass,3722,745,931,8,2,0.8528464017185822,0.8461611592905416,0.8045417348608839,0.87274191898527,0.3625654256567184,3.432006597518921,0.9130203723907472,ok,,3722,2977,0,931,0.3464778065681457,True,0.1,False,8,1e-05,True,3.3853771686553955,full_train_epoch_chunks,full train set chunked per epoch | validation=dataset_val_split | c_selection=f_mmd c_source=test c_metric=standardized_l2 | f_mmd_reserved_context=5% source=test | wise_ft_skipped rows=4653>=2000,30,1,epoch_chunk,accuracy,0.8550335570469799,0.8550335570469799,0.8550335570469799,0.8550335570469799,0,True,False,,f_mmd,test,standardized_l2,2.4707915483393923,0.3079936704936881,,True
FOREX_audcad-day-High,/home/crc00006699/zh/tabiclv2/data184/FOREX_audcad-day-High,binclass,1467,294,367,10,2,0.7438692098092643,0.7430788240971372,0.7431533297689064,0.826412404206024,0.5167269875826169,3.156402111053467,0.3703668117523193,ok,,1467,1173,0,367,0.5744148790836334,True,0.1,True,10,1e-05,True,3.124889612197876,full_train_epoch_chunks,full train set chunked per epoch | validation=dataset_val_split | c_selection=f_mmd c_source=test c_metric=standardized_l2 | f_mmd_reserved_context=5% source=test | wise_ft=alpha0.1 rows=1834<2000,30,1,epoch_chunk,accuracy,0.7380952380952381,0.7414965986394558,0.7380952380952381,0.7414965986394558,2,True,False,,f_mmd,test,standardized_l2,6.945461230026011,6.1315912058359245,,True
FOREX_audchf-day-High,/home/crc00006699/zh/tabiclv2/data184/FOREX_audchf-day-High,binclass,1466,294,367,10,2,0.7547683923705722,0.754757467940439,0.7549456424879701,0.827778767896394,0.5071290525153939,3.274818181991577,0.381138801574707,ok,,1466,1172,0,367,0.598373293876648,True,0.1,True,10,1e-05,True,3.2403149604797363,full_train_epoch_chunks,full train set chunked per epoch | validation=dataset_val_split | c_selection=f_mmd c_source=test c_metric=standardized_l2 | f_mmd_reserved_context=5% source=test | wise_ft=alpha0.1 rows=1833<2000,30,1,epoch_chunk,accuracy,0.6938775510204082,0.6972789115646258,0.6938775510204082,0.6972789115646258,2,True,False,,f_mmd,test,standardized_l2,3.7277986010223416,0.7163133752509514,,True
FOREX_audjpy-hour-High,/home/crc00006699/zh/tabiclv2/data184/FOREX_audjpy-hour-High,binclass,35060,7012,8765,10,2,0.7179691956645751,0.7180240463738741,0.7183318017278011,0.7943010255764054,0.5560857764201403,69.29759478569031,22.813799142837524,ok,,35060,28048,0,8765,0.5313670337200165,True,0.1,False,60,1e-05,True,69.02953219413757,full_train_epoch_chunks,full train set chunked per epoch | validation=dataset_val_split | c_selection=f_mmd c_source=test c_metric=standardized_l2 | f_mmd_reserved_context=5% source=test | wise_ft_skipped rows=43825>=2000,30,3,epoch_chunk,accuracy,0.6989446662863662,0.7153451226468911,0.6989446662863662,0.7153451226468911,12,True,False,,f_mmd,test,standardized_l2,4.451297781660737,4.825160442342949,,True
FOREX_audusd-hour-High,/home/crc00006699/zh/tabiclv2/data184/FOREX_audusd-hour-High,binclass,35060,7012,8765,10,2,0.7024529378208785,0.7026908384537588,0.7026398657064337,0.7734048171672387,0.5737349393619149,53.93533110618591,22.859164237976078,ok,,35060,28048,0,8765,0.5613850355148315,True,0.1,False,45,1e-05,True,53.60728931427002,full_train_epoch_chunks,full train set chunked per epoch | validation=dataset_val_split | c_selection=f_mmd c_source=test c_metric=standardized_l2 | f_mmd_reserved_context=5% source=test | wise_ft_skipped rows=43825>=2000,30,3,epoch_chunk,accuracy,0.6814033086138049,0.7143468339988591,0.6814033086138049,0.7143468339988591,7,True,False,,f_mmd,test,standardized_l2,4.069167608838232,3.072548828432783,,True
FOREX_cadjpy-hour-High,/home/crc00006699/zh/tabiclv2/data184/FOREX_cadjpy-hour-High,binclass,35060,7012,8765,10,2,0.7070165430690245,0.706832931733257,0.70838026580802,0.7766019939511455,0.5734525966039657,39.37143015861511,22.86570286750793,ok,,35060,28048,0,8765,0.5677888989448547,True,0.1,False,33,1e-05,True,39.086400508880615,full_train_epoch_chunks,full train set chunked per epoch | validation=dataset_val_split | c_selection=f_mmd c_source=test c_metric=standardized_l2 | f_mmd_reserved_context=5% source=test | wise_ft_skipped rows=43825>=2000,30,3,epoch_chunk,accuracy,0.7009412435824302,0.7142042213348545,0.7009412435824302,0.7142042213348545,3,True,False,,f_mmd,test,standardized_l2,5.075102638327335,5.1872386067639225,,True
Fitness_Club_c,/home/crc00006699/zh/tabiclv2/data184/Fitness_Club_c,binclass,1200,240,300,6,2,0.7866666666666666,0.782957328117076,0.73210999526789,0.8210736631789263,0.4547705693255413,5.021517753601074,0.2459564208984375,ok,,1200,960,0,300,0.5340676307678223,True,0.1,True,18,1e-05,True,4.994978904724121,full_train_epoch_chunks,full train set chunked per epoch | validation=dataset_val_split | c_selection=f_mmd c_source=test c_metric=standardized_l2 | f_mmd_reserved_context=5% source=test | wise_ft=alpha0.1 rows=1500<2000,30,1,epoch_chunk,accuracy,0.7666666666666667,0.775,0.7666666666666667,0.775,10,True,False,,f_mmd,test,standardized_l2,2.847059097133309,1.3371855765451688,,True
GAMETES_Heterogeneity_20atts_1600_Het_0.4_0.2_50_EDM-2_001,/home/crc00006699/zh/tabiclv2/data184/GAMETES_Heterogeneity_20atts_1600_Het_0.4_0.2_50_EDM-2_001,binclass,1280,256,320,20,2,0.68125,0.6808011265842591,0.68125,0.75125,0.5481076115113909,3.4235551357269287,0.4203460216522217,ok,,1280,1024,0,320,0.5171962678432465,True,0.1,True,8,1e-05,True,3.3647725582122803,full_train_epoch_chunks,full train set chunked per epoch | validation=dataset_val_split | c_selection=f_mmd c_source=test c_metric=standardized_l2 | f_mmd_reserved_context=5% source=test | wise_ft=alpha0.1 rows=1600<2000,30,1,epoch_chunk,accuracy,0.68359375,0.68359375,0.68359375,0.68359375,0,True,False,,f_mmd,test,standardized_l2,2.760004018332749,0.7851864701644636,,True
GesturePhaseSegmentationProcessed,/home/crc00006699/zh/tabiclv2/data184/GesturePhaseSegmentationProcessed,multiclass,7898,1580,1975,32,5,0.8268354430379747,0.8256108368083096,0.8048544739267124,0.9637942719083704,0.4968759380435293,25.49455451965332,3.1886260509490967,ok,,7898,6318,0,1975,0.639737606048584,True,0.1,False,20,1e-05,True,25.278578519821167,full_train_epoch_chunks,full train set chunked per epoch | validation=dataset_val_split | c_selection=f_mmd c_source=test c_metric=standardized_l2 | f_mmd_reserved_context=5% source=test | wise_ft_skipped rows=9873>=2000,30,1,epoch_chunk,accuracy,0.7398734177215189,0.7930379746835443,0.7398734177215189,0.7930379746835443,12,True,False,,f_mmd,test,standardized_l2,10.16451320420658,8.802748713724554,,True
Heart-Disease-Dataset-(Comprehensive),/home/crc00006699/zh/tabiclv2/data184/Heart-Disease-Dataset-(Comprehensive),binclass,952,191,238,11,2,0.953781512605042,0.9536614172576188,0.9511664407505172,0.9820931725761576,0.158901200365347,4.348465204238892,0.507472038269043,ok,,952,761,0,238,0.1602717787027359,True,0.1,True,14,1e-05,True,4.3185319900512695,full_train_epoch_chunks,full train set chunked per epoch | validation=dataset_val_split | c_selection=f_mmd c_source=test c_metric=standardized_l2 | f_mmd_reserved_context=5% source=test | wise_ft=alpha0.1 rows=1190<2000,30,1,epoch_chunk,accuracy,0.8900523560209425,0.9109947643979056,0.8900523560209425,0.9109947643979056,6,True,False,,f_mmd,test,standardized_l2,2.297013720855799,0.7238989973059439,,True
Insurance,/home/crc00006699/zh/tabiclv2/data184/Insurance,binclass,18838,3768,4710,10,2,0.7575371549893843,0.6530303380048618,0.5,0.5041266060251466,0.555512055028185,15.471996068954468,8.169038534164429,ok,,18838,15070,0,4710,0.5393477380275726,True,0.1,False,16,1e-05,True,15.271141529083252,full_train_epoch_chunks,full train set chunked per epoch | validation=dataset_val_split | c_selection=f_mmd c_source=test c_metric=standardized_l2 | f_mmd_reserved_context=5% source=test | wise_ft_skipped rows=23548>=2000,30,2,epoch_chunk,accuracy,0.7579617834394905,0.7579617834394905,0.7579617834394905,0.7579617834394905,0,True,False,,f_mmd,test,standardized_l2,2.30414368210648,0.3510525874002378,,True
Is-this-a-good-customer,/home/crc00006699/zh/tabiclv2/data184/Is-this-a-good-customer,binclass,1378,276,345,13,2,0.8840579710144928,0.829654403567447,0.5,0.7297950819672131,0.3269279532014728,4.12810492515564,0.357490062713623,ok,,1378,1102,0,345,0.3137601763010025,True,0.1,True,12,1e-05,True,4.086573123931885,full_train_epoch_chunks,full train set chunked per epoch | validation=dataset_val_split | c_selection=f_mmd c_source=test c_metric=standardized_l2 | f_mmd_reserved_context=5% source=test | wise_ft=alpha0.1 rows=1723<2000,30,1,epoch_chunk,accuracy,0.9094202898550724,0.9130434782608696,0.9094202898550724,0.9130434782608696,4,True,False,,f_mmd,test,standardized_l2,3.3130180020188167,3.2744317919795605,,True
KDD,/home/crc00006699/zh/tabiclv2/data184/KDD,binclass,4025,805,1007,45,2,0.8063555114200596,0.8056153465355712,0.8072079536039768,0.9023296642600702,0.3728894552684837,9.730450630187988,1.7777771949768066,ok,,4025,3220,0,1007,0.3504711091518402,True,0.1,False,10,1e-05,True,9.534381866455078,full_train_epoch_chunks,full train set chunked per epoch | validation=dataset_val_split | c_selection=f_mmd c_source=test c_metric=standardized_l2 | f_mmd_reserved_context=5% source=test | wise_ft_skipped rows=5032>=2000,30,1,epoch_chunk,accuracy,0.8012422360248447,0.808695652173913,0.8012422360248447,0.808695652173913,2,True,False,,f_mmd,test,standardized_l2,9.623342928874228,31.048839996463798,,True
Long,/home/crc00006699/zh/tabiclv2/data184/Long,binclass,3581,717,896,19,2,0.9888392857142856,0.9888654436383928,0.9886427747933376,0.9995523339956338,0.0251670392424162,4.535554647445679,1.094944715499878,ok,,3581,2864,0,896,0.0157206705771386,True,0.1,False,8,1e-05,True,4.465067148208618,full_train_epoch_chunks,full train set chunked per epoch | validation=dataset_val_split | c_selection=f_mmd c_source=test c_metric=standardized_l2 | f_mmd_reserved_context=5% source=test | wise_ft_skipped rows=4477>=2000,30,1,epoch_chunk,accuracy,0.98884239888424,0.98884239888424,0.98884239888424,0.98884239888424,0,True,False,,f_mmd,test,standardized_l2,13.848161857679845,55.50582326621205,,True
MagicTelescope,/home/crc00006699/zh/tabiclv2/data184/MagicTelescope,binclass,15216,3044,3804,9,2,0.8885383806519453,0.8867194930646519,0.8639469884600977,0.9439507344731396,0.2746793459476634,25.62055969238281,5.881306409835815,ok,,15216,12172,0,3804,0.336239218711853,True,0.1,False,34,1e-05,True,25.490268230438232,full_train_epoch_chunks,full train set chunked per epoch | validation=dataset_val_split | c_selection=f_mmd c_source=test c_metric=standardized_l2 | f_mmd_reserved_context=5% source=test | wise_ft_skipped rows=19020>=2000,30,2,epoch_chunk,accuracy,0.8768068331143233,0.8807490144546649,0.8768068331143233,0.8807490144546649,9,True,False,,f_mmd,test,standardized_l2,5.48179955387368,2.4001339544912046,,True
Mobile_Price_Classification,/home/crc00006699/zh/tabiclv2/data184/Mobile_Price_Classification,multiclass,1600,320,400,20,4,0.97,0.9700153956846052,0.97,0.9993,0.0657135968739267,8.438255310058594,0.5028753280639648,ok,,1600,1280,0,400,0.0536107122898101,True,0.1,False,22,1e-05,True,8.381876707077026,full_train_epoch_chunks,full train set chunked per epoch | validation=dataset_val_split | c_selection=f_mmd c_source=test c_metric=standardized_l2 | f_mmd_reserved_context=5% source=test | wise_ft_skipped rows=2000>=2000,30,1,epoch_chunk,accuracy,0.8875,0.965625,0.8875,0.965625,14,True,False,,f_mmd,test,standardized_l2,1.5343548494813246,0.1224897196632286,,True
Performance-Prediction,/home/crc00006699/zh/tabiclv2/data184/Performance-Prediction,binclass,1072,215,268,19,2,0.753731343283582,0.7484717407560818,0.7189647958878729,0.8042555734863427,0.5257080941275584,6.887637376785278,0.3212718963623047,ok,,1072,857,0,268,0.5625665485858917,True,0.1,True,21,1e-05,True,6.841275453567505,full_train_epoch_chunks,full train set chunked per epoch | validation=dataset_val_split | c_selection=f_mmd c_source=test c_metric=standardized_l2 | f_mmd_reserved_context=5% source=test | wise_ft=alpha0.1 rows=1340<2000,30,1,epoch_chunk,accuracy,0.6790697674418604,0.7023255813953488,0.6790697674418604,0.7023255813953488,13,True,False,,f_mmd,test,standardized_l2,4.579056413479401,1.961193385442056,,True
PieChart3,/home/crc00006699/zh/tabiclv2/data184/PieChart3,binclass,861,173,216,37,2,0.875,0.8322138202879896,0.5317460317460317,0.8591024887321184,0.2750856506607159,5.689633846282959,0.680999755859375,ok,,861,688,0,216,0.2647692710161209,True,0.1,True,13,1e-05,True,5.620102405548096,full_train_epoch_chunks,full train set chunked per epoch | validation=dataset_val_split | c_selection=f_mmd c_source=test c_metric=standardized_l2 | f_mmd_reserved_context=5% source=test | wise_ft=alpha0.1 rows=1077<2000,30,1,epoch_chunk,accuracy,0.8728323699421965,0.8786127167630058,0.8728323699421965,0.8786127167630058,5,True,False,,f_mmd,test,standardized_l2,22.461270819800948,43.998542942870415,,True
PizzaCutter3,/home/crc00006699/zh/tabiclv2/data184/PizzaCutter3,binclass,834,167,209,37,2,0.8803827751196173,0.8243787817913973,0.5,0.8865217391304349,0.2532667965489075,4.517290353775024,0.669590950012207,ok,,834,667,0,209,0.294243186712265,True,0.1,True,10,1e-05,True,4.449419021606445,full_train_epoch_chunks,full train set chunked per epoch | validation=dataset_val_split | c_selection=f_mmd c_source=test c_metric=standardized_l2 | f_mmd_reserved_context=5% source=test | wise_ft=alpha0.1 rows=1043<2000,30,1,epoch_chunk,accuracy,0.8862275449101796,0.8922155688622755,0.8862275449101796,0.8922155688622755,2,True,False,,f_mmd,test,standardized_l2,88.72763149086336,425.0092942499962,,True
QSAR_biodegradation,/home/crc00006699/zh/tabiclv2/data184/QSAR_biodegradation,binclass,843,169,211,41,2,0.8862559241706162,0.8839085412054851,0.8552816901408451,0.9517102615694164,0.2733898573981215,4.6731462478637695,0.7016069889068604,ok,,843,674,0,211,0.393533706665039,True,0.1,True,8,1e-05,True,4.558267831802368,full_train_epoch_chunks,full train set chunked per epoch | validation=dataset_val_split | c_selection=f_mmd c_source=test c_metric=standardized_l2 | f_mmd_reserved_context=5% source=test | wise_ft=alpha0.1 rows=1054<2000,30,1,epoch_chunk,accuracy,0.8579881656804734,0.8579881656804734,0.8579881656804734,0.8579881656804734,0,True,False,,f_mmd,test,standardized_l2,10.759187905894857,27.080394262185187,,True
SDSS17,/home/crc00006699/zh/tabiclv2/data184/SDSS17,multiclass,80000,16000,20000,12,3,0.97665,0.9765264578530634,0.9716021032650216,0.9967672093233584,0.0741954790469857,170.34449195861816,105.00652050971983,ok,,80000,64000,0,20000,0.0629005338996648,True,0.1,False,119,1e-05,True,169.56056380271912,full_train_epoch_chunks,full train set chunked per epoch | validation=dataset_val_split | c_selection=f_mmd c_source=test c_metric=standardized_l2 | f_mmd_reserved_context=5% source=test | wise_ft_skipped rows=100000>=2000,30,7,epoch_chunk,accuracy,0.9746875,0.97525,0.9746875,0.97525,9,True,False,,f_mmd,test,standardized_l2,1.8090733536893493,0.942855187594326,,True
Telecom_Churn_Dataset,/home/crc00006699/zh/tabiclv2/data184/Telecom_Churn_Dataset,binclass,2666,534,667,17,2,0.9565217391304348,0.9554227742917364,0.8890124796527401,0.9192439862542956,0.1562367709827792,8.335247039794922,0.7864720821380615,ok,,2666,2132,0,667,0.1489961370825767,True,0.1,False,19,1e-05,True,8.27510929107666,full_train_epoch_chunks,full train set chunked per epoch | validation=dataset_val_split | c_selection=f_mmd c_source=test c_metric=standardized_l2 | f_mmd_reserved_context=5% source=test | wise_ft_skipped rows=3333>=2000,30,1,epoch_chunk,accuracy,0.9344569288389512,0.951310861423221,0.9344569288389512,0.951310861423221,11,True,False,,f_mmd,test,standardized_l2,2.279330185285039,0.3898723748210592,,True
Water_Quality_and_Potability,/home/crc00006699/zh/tabiclv2/data184/Water_Quality_and_Potability,binclass,2620,524,656,8,2,0.649390243902439,0.5766576757677527,0.5634375,0.6695751953125001,0.6271562104909042,5.072406530380249,0.6351923942565918,ok,,2620,2096,0,656,0.6612502336502075,True,0.1,False,16,1e-05,True,5.039572715759277,full_train_epoch_chunks,full train set chunked per epoch | validation=dataset_val_split | c_selection=f_mmd c_source=test c_metric=standardized_l2 | f_mmd_reserved_context=5% source=test | wise_ft_skipped rows=3276>=2000,30,1,epoch_chunk,accuracy,0.6278625954198473,0.6412213740458015,0.6278625954198473,0.6412213740458015,8,True,False,,f_mmd,test,standardized_l2,2.743256022518112,0.5957934012043967,,True
Wilt,/home/crc00006699/zh/tabiclv2/data184/Wilt,binclass,3856,772,965,5,2,0.9927461139896372,0.9926443320683423,0.9508277866711602,0.9919538293032268,0.0328996907438083,4.175084352493286,0.6096301078796387,ok,,3856,3084,0,965,0.025553798303008,True,0.1,False,11,1e-05,True,4.133152484893799,full_train_epoch_chunks,full train set chunked per epoch | validation=dataset_val_split | c_selection=f_mmd c_source=test c_metric=standardized_l2 | f_mmd_reserved_context=5% source=test | wise_ft_skipped rows=4821>=2000,30,1,epoch_chunk,accuracy,0.9870466321243524,0.9896373056994818,0.9870466321243524,0.9896373056994818,3,True,False,,f_mmd,test,standardized_l2,9.790203970837483,23.866550266749208,,True
accelerometer,/home/crc00006699/zh/tabiclv2/data184/accelerometer,multiclass,122403,24481,30601,4,4,0.7446815463546943,0.742437680434836,0.8085049019607842,0.9286948394254032,0.5360345635020278,284.0781774520874,230.32995772361755,ok,,122403,97922,0,30601,0.5698159337043762,True,0.1,False,180,1e-05,True,283.65486335754395,full_train_epoch_chunks,full train set chunked per epoch | validation=dataset_val_split | c_selection=f_mmd c_source=test c_metric=standardized_l2 | f_mmd_reserved_context=5% source=test | wise_ft_skipped rows=153004>=2000,30,10,epoch_chunk,accuracy,0.7368163065234263,0.7413912830358237,0.7368163065234263,0.7413912830358237,10,True,False,,f_mmd,test,standardized_l2,10.267611682774596,6.231884767974691,,True
ada_agnostic,/home/crc00006699/zh/tabiclv2/data184/ada_agnostic,binclass,3649,730,913,48,2,0.8400876232201533,0.8369995571982437,0.7683146889970589,0.8909563195951762,0.3480467905106483,8.501420021057129,1.6536407470703125,ok,,3649,2919,0,913,0.3329471200704574,True,0.1,False,8,1e-05,True,8.35463809967041,full_train_epoch_chunks,full train set chunked per epoch | validation=dataset_val_split | c_selection=f_mmd c_source=test c_metric=standardized_l2 | f_mmd_reserved_context=5% source=test | wise_ft_skipped rows=4562>=2000,30,1,epoch_chunk,accuracy,0.8342465753424657,0.8342465753424657,0.8342465753424657,0.8342465753424657,0,True,False,,f_mmd,test,standardized_l2,416666715572.8049,5017331663346.411,,True
adult,/home/crc00006699/zh/tabiclv2/data184/adult,binclass,32561,6513,16281,14,2,0.8583010871568085,0.8540490043774484,0.7771230680349048,0.9136437713238325,0.3041380535250069,39.50135135650635,24.882572174072266,ok,,32561,26048,0,16281,0.3191699832677841,True,0.1,False,30,1e-05,True,39.08610272407532,full_train_epoch_chunks,full train set chunked per epoch | validation=dataset_val_split | c_selection=f_mmd c_source=test c_metric=standardized_l2 | f_mmd_reserved_context=5% source=test | wise_ft_skipped rows=48842>=2000,30,3,epoch_chunk,accuracy,0.8569015814524796,0.8587440503608168,0.8569015814524796,0.8587440503608168,2,True,False,,f_mmd,test,standardized_l2,4.078601887331979,3.090963586866193,,True
allbp,/home/crc00006699/zh/tabiclv2/data184/allbp,multiclass,3017,604,755,29,3,0.9788079470198676,0.9749902435560656,0.5328716528162512,0.9850130531315764,0.0680842796609531,6.412741184234619,1.151190996170044,ok,,3017,2413,0,755,0.0523990578949451,True,0.1,False,8,1e-05,True,6.153589725494385,full_train_epoch_chunks,full train set chunked per epoch | validation=dataset_val_split | c_selection=f_mmd c_source=test c_metric=standardized_l2 | f_mmd_reserved_context=5% source=test | wise_ft_skipped rows=3772>=2000,30,1,epoch_chunk,accuracy,0.9834437086092715,0.9834437086092715,0.9834437086092715,0.9834437086092715,0,True,False,,f_mmd,test,standardized_l2,687945401712.3317,7536064296949.487,,True
analcatdata_authorship,/home/crc00006699/zh/tabiclv2/data184/analcatdata_authorship,multiclass,672,135,169,69,4,0.9881656804733728,0.9881656804733728,0.9918564618644068,0.9999242768178148,0.0191145108579577,6.7951250076293945,0.4899549484252929,ok,,672,537,0,169,3.811577698797919e-05,True,0.1,True,8,1e-05,True,6.639657258987427,full_train_epoch_chunks,full train set chunked per epoch | validation=dataset_val_split | c_selection=f_mmd c_source=test c_metric=standardized_l2 | f_mmd_reserved_context=5% source=test | wise_ft=alpha0.1 rows=841<2000,30,1,epoch_chunk,accuracy,1.0,1.0,1.0,1.0,0,True,False,,f_mmd,test,standardized_l2,2.073671286872028,0.4557773109299677,,True
autoUniv-au4-2500,/home/crc00006699/zh/tabiclv2/data184/autoUniv-au4-2500,multiclass,2000,400,500,100,3,0.522,0.5002305191983453,0.3769346639051026,0.6136107211692783,0.8968307070282804,10.462274551391602,1.4898805618286133,ok,,2000,1600,0,500,0.8893692195415497,True,0.1,False,8,1e-05,True,10.203615427017212,full_train_epoch_chunks,full train set chunked per epoch | validation=dataset_val_split | c_selection=f_mmd c_source=test c_metric=standardized_l2 | f_mmd_reserved_context=5% source=test | wise_ft_skipped rows=2500>=2000,30,1,epoch_chunk,accuracy,0.535,0.535,0.535,0.535,0,True,False,,f_mmd,test,standardized_l2,1.1886135338841908,0.0346595516588325,,True
bank,/home/crc00006699/zh/tabiclv2/data184/bank,binclass,36168,7234,9043,16,2,0.9096538759261308,0.906605682665166,0.7504149438988272,0.9422509478428952,0.1875678865495941,68.04502487182617,25.14653587341309,ok,,36168,28934,0,9043,0.1746385097503662,True,0.1,False,48,1e-05,True,67.54018425941467,full_train_epoch_chunks,full train set chunked per epoch | validation=dataset_val_split | c_selection=f_mmd c_source=test c_metric=standardized_l2 | f_mmd_reserved_context=5% source=test | wise_ft_skipped rows=45211>=2000,30,3,epoch_chunk,accuracy,0.913602432955488,0.9176112800663532,0.913602432955488,0.9176112800663532,8,True,False,,f_mmd,test,standardized_l2,5.251497438960647,31.8773697136556,,True
baseball,/home/crc00006699/zh/tabiclv2/data184/baseball,multiclass,1072,215,268,16,3,0.9477611940298508,0.9377872893290616,0.6406926406926406,0.97455824280508,0.130169832660406,4.283788442611694,0.3145160675048828,ok,,1072,857,0,268,0.1205743812024593,True,0.1,True,12,1e-05,True,4.240904092788696,full_train_epoch_chunks,full train set chunked per epoch | validation=dataset_val_split | c_selection=f_mmd c_source=test c_metric=standardized_l2 | f_mmd_reserved_context=5% source=test | wise_ft=alpha0.1 rows=1340<2000,30,1,epoch_chunk,accuracy,0.9395348837209302,0.958139534883721,0.9395348837209302,0.958139534883721,4,True,False,,f_mmd,test,standardized_l2,6.137480174137877,2.802939858618149,,True
churn,/home/crc00006699/zh/tabiclv2/data184/churn,binclass,4000,800,1000,20,2,0.958,0.9564885941644562,0.8807041009255361,0.9268818269635648,0.1460896746877667,11.621970176696776,1.2350456714630127,ok,,4000,3200,0,1000,0.0871400497853756,True,0.1,False,20,1e-05,True,11.53303337097168,full_train_epoch_chunks,full train set chunked per epoch | validation=dataset_val_split | c_selection=f_mmd c_source=test c_metric=standardized_l2 | f_mmd_reserved_context=5% source=test | wise_ft_skipped rows=5000>=2000,30,1,epoch_chunk,accuracy,0.95125,0.9675,0.95125,0.9675,12,True,False,,f_mmd,test,standardized_l2,2.0868351368055773,0.3287816775703739,,True
company_bankruptcy_prediction,/home/crc00006699/zh/tabiclv2/data184/company_bankruptcy_prediction,binclass,5455,1091,1364,95,2,0.9721407624633432,0.9664351571763908,0.634090909090909,0.9669077134986226,0.0699986183730379,29.53720712661743,3.848933696746826,ok,,5455,4364,0,1364,0.0611028540879488,True,0.1,False,15,1e-05,True,29.097302198410038,full_train_epoch_chunks,full train set chunked per epoch | validation=dataset_val_split | c_selection=f_mmd c_source=test c_metric=standardized_l2 | f_mmd_reserved_context=5% source=test | wise_ft_skipped rows=6819>=2000,30,1,epoch_chunk,accuracy,0.9670027497708524,0.9688359303391384,0.9670027497708524,0.9688359303391384,7,True,False,,f_mmd,test,standardized_l2,1049182312704.701,5988977632699.357,,True
connect-4,/home/crc00006699/zh/tabiclv2/data184/connect-4,multiclass,54045,10809,13512,42,3,0.8501332149200711,0.8299167946042183,0.6542314750353213,0.9347692039784248,0.3751434674308083,324.7041094303131,151.56369304656982,ok,,54045,43236,0,13512,0.531836986541748,True,0.1,False,150,1e-05,True,322.5641942024231,full_train_epoch_chunks,full train set chunked per epoch | validation=dataset_val_split | c_selection=f_mmd c_source=test c_metric=standardized_l2 | f_mmd_reserved_context=5% source=test | wise_ft_skipped rows=67557>=2000,30,5,epoch_chunk,accuracy,0.8303265797021001,0.857433620131372,0.8303265797021001,0.857433620131372,27,False,False,,f_mmd,test,standardized_l2,6.046356006733755,7.753435716183738,,True
credit,/home/crc00006699/zh/tabiclv2/data184/credit,binclass,13371,2675,3343,10,2,0.7837271911456776,0.7837125598956809,0.7837247558262392,0.8649751674354811,0.4620044792011486,16.858354091644287,4.900767803192139,ok,,13371,10696,0,3343,0.5012420415878296,True,0.1,False,22,1e-05,True,16.733099460601807,full_train_epoch_chunks,full train set chunked per epoch | validation=dataset_val_split | c_selection=f_mmd c_source=test c_metric=standardized_l2 | f_mmd_reserved_context=5% source=test | wise_ft_skipped rows=16714>=2000,30,2,epoch_chunk,accuracy,0.7786915887850467,0.7805607476635514,0.7786915887850467,0.7805607476635514,3,True,False,,f_mmd,test,standardized_l2,42.98922320197784,381.15770751012826,,True
customer_satisfaction_in_airline,/home/crc00006699/zh/tabiclv2/data184/customer_satisfaction_in_airline,binclass,103904,20781,25976,21,2,0.9628503233754234,0.9628934189283098,0.963885725239328,0.995450149832481,0.0834432256899218,413.6451303958893,273.06361865997314,ok,,103904,83123,0,25976,0.1000279411673545,True,0.1,False,216,1e-05,True,411.6154756546021,full_train_epoch_chunks,full train set chunked per epoch | validation=dataset_val_split | c_selection=f_mmd c_source=test c_metric=standardized_l2 | f_mmd_reserved_context=5% source=test | wise_ft_skipped rows=129880>=2000,30,9,epoch_chunk,accuracy,0.9567393291949376,0.9630912853086956,0.9567393291949376,0.9630912853086956,16,True,False,,f_mmd,test,standardized_l2,2.8979229500158583,4.576942283393958,,True
default_of_credit_card_clients,/home/crc00006699/zh/tabiclv2/data184/default_of_credit_card_clients,binclass,24000,4800,6000,23,2,0.8271666666666667,0.8071825607752615,0.6683534989359097,0.7987675838576916,0.4157551716661555,52.58067727088928,13.629604578018188,ok,,24000,19200,0,6000,0.4186349064111709,True,0.1,False,32,1e-05,True,52.06428933143616,full_train_epoch_chunks,full train set chunked per epoch | validation=dataset_val_split | c_selection=f_mmd c_source=test c_metric=standardized_l2 | f_mmd_reserved_context=5% source=test | wise_ft_skipped rows=30000>=2000,30,2,epoch_chunk,accuracy,0.8191666666666667,0.8214583333333333,0.8191666666666667,0.8214583333333333,8,True,False,,f_mmd,test,standardized_l2,8.922397598482114,26.875165802131637,,True
dis,/home/crc00006699/zh/tabiclv2/data184/dis,binclass,3017,604,755,29,2,0.9841059602649008,0.9801750046543792,0.5819874383131449,0.9705024674742038,0.0459595772472512,11.08181619644165,1.0227351188659668,ok,,3017,2413,0,755,0.0144512513652443,True,0.1,False,19,1e-05,True,10.974464416503906,full_train_epoch_chunks,full train set chunked per epoch | validation=dataset_val_split | c_selection=f_mmd c_source=test c_metric=standardized_l2 | f_mmd_reserved_context=5% source=test | wise_ft_skipped rows=3772>=2000,30,1,epoch_chunk,accuracy,0.9801324503311258,0.9850993377483444,0.9801324503311258,0.9850993377483444,11,True,False,,f_mmd,test,standardized_l2,687945401713.162,7536064296949.645,,True
drug_consumption,/home/crc00006699/zh/tabiclv2/data184/drug_consumption,multiclass,1507,302,377,12,7,0.403183023872679,0.2316968605998004,0.1428571428571428,0.5112715208612714,1.5085509256762653,2.7573862075805664,0.3826849460601806,ok,,1507,1205,0,377,1.4958708882331848,True,0.1,True,8,1e-05,True,2.72208571434021,full_train_epoch_chunks,full train set chunked per epoch | validation=dataset_val_split | c_selection=f_mmd c_source=test c_metric=standardized_l2 | f_mmd_reserved_context=5% source=test | wise_ft=alpha0.1 rows=1884<2000,30,1,epoch_chunk,accuracy,0.4039735099337748,0.4039735099337748,0.4039735099337748,0.4039735099337748,0,True,False,,f_mmd,test,standardized_l2,3.8862233013522007,4.405816908006386,,True
eeg-eye-state,/home/crc00006699/zh/tabiclv2/data184/eeg-eye-state,binclass,11984,2397,2996,14,2,0.9936582109479306,0.993657548956457,0.9934880065928277,0.9997311531368844,0.0188948826843253,26.94055724143982,4.347702026367188,ok,,11984,9587,0,2996,0.0305801425129175,True,0.1,False,20,1e-05,True,26.79522132873535,full_train_epoch_chunks,full train set chunked per epoch | validation=dataset_val_split | c_selection=f_mmd c_source=test c_metric=standardized_l2 | f_mmd_reserved_context=5% source=test | wise_ft_skipped rows=14980>=2000,30,1,epoch_chunk,accuracy,0.985398414685023,0.9912390488110138,0.985398414685023,0.9912390488110138,12,True,False,,f_mmd,test,standardized_l2,88567.84271924397,1938094.3486493696,,True
estimation_of_obesity_levels,/home/crc00006699/zh/tabiclv2/data184/estimation_of_obesity_levels,multiclass,1688,338,423,16,7,0.9858156028368794,0.9858510184092196,0.9852216748768472,0.999837203171676,0.0294155641525147,3.9793407917022714,0.4598150253295898,ok,,1688,1350,0,423,0.0209382195025682,True,0.1,False,11,1e-05,True,3.929118633270264,full_train_epoch_chunks,full train set chunked per epoch | validation=dataset_val_split | c_selection=f_mmd c_source=test c_metric=standardized_l2 | f_mmd_reserved_context=5% source=test | wise_ft_skipped rows=2111>=2000,30,1,epoch_chunk,accuracy,0.9822485207100592,0.985207100591716,0.9822485207100592,0.985207100591716,3,True,False,,f_mmd,test,standardized_l2,3.109400304285977,0.8554877525001707,,True
eye_movements,/home/crc00006699/zh/tabiclv2/data184/eye_movements,multiclass,8748,1750,2188,27,3,0.783363802559415,0.783051708112384,0.7925967509529682,0.924937162826316,0.4960151483968413,38.72152924537659,3.376175165176392,ok,,8748,6998,0,2188,0.42852883040905,True,0.1,False,30,1e-05,True,38.48833107948303,full_train_epoch_chunks,full train set chunked per epoch | validation=dataset_val_split | c_selection=f_mmd c_source=test c_metric=standardized_l2 | f_mmd_reserved_context=5% source=test | wise_ft_skipped rows=10936>=2000,30,1,epoch_chunk,accuracy,0.6857142857142857,0.8457142857142858,0.6857142857142857,0.8457142857142858,27,False,False,,f_mmd,test,standardized_l2,6.182171826153057,3.578734870729693,,True
first-order-theorem-proving,/home/crc00006699/zh/tabiclv2/data184/first-order-theorem-proving,multiclass,4894,979,1224,51,6,0.6356209150326797,0.6187629672815201,0.5113151867806416,0.852349236604624,1.0499818942914356,28.016823053359985,2.384416103363037,ok,,4894,3915,0,1224,1.066996693611145,True,0.1,False,24,1e-05,True,27.795421361923218,full_train_epoch_chunks,full train set chunked per epoch | validation=dataset_val_split | c_selection=f_mmd c_source=test c_metric=standardized_l2 | f_mmd_reserved_context=5% source=test | wise_ft_skipped rows=6118>=2000,30,1,epoch_chunk,accuracy,0.6179775280898876,0.6302349336057201,0.6179775280898876,0.6302349336057201,16,True,False,,f_mmd,test,standardized_l2,38.38795054206259,375.7377047579412,,True
heloc,/home/crc00006699/zh/tabiclv2/data184/heloc,binclass,8000,1600,2000,22,2,0.7265,0.7262776690366751,0.7264999999999999,0.8032855,0.5400394430759081,24.286592721939087,2.8425309658050537,ok,,8000,6400,0,2000,0.5270464718341827,True,0.1,False,23,1e-05,True,24.135555744171143,full_train_epoch_chunks,full train set chunked per epoch | validation=dataset_val_split | c_selection=f_mmd c_source=test c_metric=standardized_l2 | f_mmd_reserved_context=5% source=test | wise_ft_skipped rows=10000>=2000,30,1,epoch_chunk,accuracy,0.7225,0.72625,0.7225,0.72625,15,True,False,,f_mmd,test,standardized_l2,7.810766012110639,2.226264101312891,,True
house_16H,/home/crc00006699/zh/tabiclv2/data184/house_16H,binclass,10790,2158,2698,16,2,0.890659747961453,0.890657209369099,0.8906597479614529,0.956254557503815,0.2695013785794034,14.588235139846802,4.199255466461182,ok,,10790,8632,0,2698,0.2432191148400306,True,0.1,False,11,1e-05,True,14.431666374206545,full_train_epoch_chunks,full train set chunked per epoch | validation=dataset_val_split | c_selection=f_mmd c_source=test c_metric=standardized_l2 | f_mmd_reserved_context=5% source=test | wise_ft_skipped rows=13488>=2000,30,1,epoch_chunk,accuracy,0.8836886005560705,0.8855421686746988,0.8836886005560705,0.8855421686746988,3,True,False,,f_mmd,test,standardized_l2,7.473396841696051,19.360452637589024,,True
ibm-employee-performance,/home/crc00006699/zh/tabiclv2/data184/ibm-employee-performance,binclass,1176,236,294,30,2,1.0,1.0,1.0,1.0,0.0008096931696831,4.502992868423462,0.468158483505249,ok,,1176,940,0,294,1.0870872756640892e-05,True,0.1,True,8,1e-05,True,4.432552337646484,full_train_epoch_chunks,full train set chunked per epoch | validation=dataset_val_split | c_selection=f_mmd c_source=test c_metric=standardized_l2 | f_mmd_reserved_context=5% source=test | wise_ft=alpha0.1 rows=1470<2000,30,1,epoch_chunk,accuracy,1.0,1.0,1.0,1.0,0,True,False,,f_mmd,test,standardized_l2,1.964645718604722,0.3322900508176678,,True
internet_firewall,/home/crc00006699/zh/tabiclv2/data184/internet_firewall,multiclass,52425,10485,13107,7,4,0.9310292210269322,0.92839777077415,0.7766913064096516,0.9893932481192776,0.1116077855063835,42.89175724983215,45.96805143356323,ok,,52425,41940,0,13107,0.1231279633939266,True,0.1,False,40,1e-05,True,42.645458459854126,full_train_epoch_chunks,full train set chunked per epoch | validation=dataset_val_split | c_selection=f_mmd c_source=test c_metric=standardized_l2 | f_mmd_reserved_context=5% source=test | wise_ft_skipped rows=65532>=2000,30,5,epoch_chunk,accuracy,0.9346685741535526,0.9346685741535526,0.9346685741535526,0.9346685741535526,0,True,False,,f_mmd,test,standardized_l2,16470.270904650773,706506.9606975722,,True
jm1,/home/crc00006699/zh/tabiclv2/data184/jm1,binclass,8708,1742,2177,21,2,0.823610473128158,0.7902899230841766,0.5999234386075025,0.7630370795210449,0.4239969004057329,19.430927515029907,3.210416555404663,ok,,8708,6966,0,2177,0.3883083313703537,True,0.1,False,16,1e-05,True,19.27125239372253,full_train_epoch_chunks,full train set chunked per epoch | validation=dataset_val_split | c_selection=f_mmd c_source=test c_metric=standardized_l2 | f_mmd_reserved_context=5% source=test | wise_ft_skipped rows=10885>=2000,30,1,epoch_chunk,accuracy,0.8208955223880597,0.8254879448909299,0.8208955223880597,0.8254879448909299,8,True,False,,f_mmd,test,standardized_l2,8.672431670097861,29.63471039300055,,True
kc1,/home/crc00006699/zh/tabiclv2/data184/kc1,binclass,1687,338,422,21,2,0.8815165876777251,0.8616718765755772,0.6594268476621418,0.8590390002154707,0.3055401736942517,3.748590230941773,0.5406663417816162,ok,,1687,1349,0,422,0.2694634646177292,True,0.1,False,8,1e-05,True,3.694944381713867,full_train_epoch_chunks,full train set chunked per epoch | validation=dataset_val_split | c_selection=f_mmd c_source=test c_metric=standardized_l2 | f_mmd_reserved_context=5% source=test | wise_ft_skipped rows=2109>=2000,30,1,epoch_chunk,accuracy,0.8727810650887574,0.8727810650887574,0.8727810650887574,0.8727810650887574,0,True,False,,f_mmd,test,standardized_l2,17.70368834832587,23.440896113892087,,True
kr-vs-kp,/home/crc00006699/zh/tabiclv2/data184/kr-vs-kp,binclass,2556,512,640,36,2,0.9984375,0.9984376031804651,0.998502994011976,0.9999706469414114,0.0062070938767765,6.538220882415772,1.2512545585632324,ok,,2556,2044,0,640,0.0106552261859178,True,0.1,False,8,1e-05,True,6.40180778503418,full_train_epoch_chunks,full train set chunked per epoch | validation=dataset_val_split | c_selection=f_mmd c_source=test c_metric=standardized_l2 | f_mmd_reserved_context=5% source=test | wise_ft_skipped rows=3196>=2000,30,1,epoch_chunk,accuracy,0.998046875,0.998046875,0.998046875,0.998046875,0,True,False,,f_mmd,test,standardized_l2,3.3365956922599134,2.093658835891804,,True
led24,/home/crc00006699/zh/tabiclv2/data184/led24,multiclass,2560,512,640,24,10,0.7296875,0.7263322404473048,0.729212851849544,0.9571637715802662,0.78752288318067,14.28764271736145,0.8586909770965576,ok,,2560,2048,0,640,0.8221202194690704,True,0.1,False,30,1e-05,True,14.194194316864014,full_train_epoch_chunks,full train set chunked per epoch | validation=dataset_val_split | c_selection=f_mmd c_source=test c_metric=standardized_l2 | f_mmd_reserved_context=5% source=test | wise_ft_skipped rows=3200>=2000,30,1,epoch_chunk,accuracy,0.71484375,0.728515625,0.71484375,0.728515625,26,False,False,,f_mmd,test,standardized_l2,1.246039053993022,0.0463505429728573,,True
madeline,/home/crc00006699/zh/tabiclv2/data184/madeline,binclass,2512,503,628,259,2,0.804140127388535,0.8040820106481208,0.8042640376501136,0.897593111002921,0.4414181302461789,75.45760726928711,4.759347438812256,ok,,2512,2009,0,628,0.3992019146680832,True,0.1,False,30,1e-05,True,74.84598135948181,full_train_epoch_chunks,full train set chunked per epoch | validation=dataset_val_split | c_selection=f_mmd c_source=test c_metric=standardized_l2 | f_mmd_reserved_context=5% source=test | wise_ft_skipped rows=3140>=2000,30,1,epoch_chunk,accuracy,0.6779324055666004,0.8011928429423459,0.6779324055666004,0.8011928429423459,23,False,False,,f_mmd,test,standardized_l2,1.2161044084964665,0.0516059365668643,,True
maternal_health_risk,/home/crc00006699/zh/tabiclv2/data184/maternal_health_risk,multiclass,811,163,203,6,3,0.8719211822660099,0.8701077326808658,0.8734096074062906,0.9608554559973134,0.3391124105747586,2.7547926902771,0.6959786415100098,ok,,811,648,0,203,0.4776977449655533,True,0.1,True,8,1e-05,True,2.7338242530822754,full_train_epoch_chunks,full train set chunked per epoch | validation=dataset_val_split | c_selection=f_mmd c_source=test c_metric=standardized_l2 | f_mmd_reserved_context=5% source=test | wise_ft=alpha0.1 rows=1014<2000,30,1,epoch_chunk,accuracy,0.8282208588957055,0.8282208588957055,0.8282208588957055,0.8282208588957055,0,True,False,,f_mmd,test,standardized_l2,2.8651601197264247,0.2930476432656921,,True
mfeat-fourier,/home/crc00006699/zh/tabiclv2/data184/mfeat-fourier,multiclass,1600,320,400,76,10,0.8925,0.8916901930393667,0.8925000000000001,0.9921527777777778,0.2327961422151114,14.867119789123535,1.2889297008514404,ok,,1600,1280,0,400,0.2720045000314712,True,0.1,False,17,1e-05,True,14.720898866653442,full_train_epoch_chunks,full train set chunked per epoch | validation=dataset_val_split | c_selection=f_mmd c_source=test c_metric=standardized_l2 | f_mmd_reserved_context=5% source=test | wise_ft_skipped rows=2000>=2000,30,1,epoch_chunk,accuracy,0.865625,0.88125,0.865625,0.88125,9,True,False,,f_mmd,test,standardized_l2,2.075592569060178,0.272994434658135,,True
mfeat-morphological,/home/crc00006699/zh/tabiclv2/data184/mfeat-morphological,multiclass,1600,320,400,6,10,0.76,0.7559016408712855,0.76,0.9726666666666668,0.49501937211242,2.297590732574463,0.3762633800506592,ok,,1600,1280,0,400,0.5292400419712067,True,0.1,False,8,1e-05,True,2.2731120586395264,full_train_epoch_chunks,full train set chunked per epoch | validation=dataset_val_split | c_selection=f_mmd c_source=test c_metric=standardized_l2 | f_mmd_reserved_context=5% source=test | wise_ft_skipped rows=2000>=2000,30,1,epoch_chunk,accuracy,0.765625,0.765625,0.765625,0.765625,0,True,False,,f_mmd,test,standardized_l2,2.826168198711411,0.4466100761311203,,True
mfeat-zernike,/home/crc00006699/zh/tabiclv2/data184/mfeat-zernike,multiclass,1600,320,400,47,10,0.8875,0.8861405926833491,0.8875,0.9917361111111112,0.2348585635614322,9.04091501235962,0.7934136390686035,ok,,1600,1280,0,400,0.1777107790112495,True,0.1,False,16,1e-05,True,8.93824815750122,full_train_epoch_chunks,full train set chunked per epoch | validation=dataset_val_split | c_selection=f_mmd c_source=test c_metric=standardized_l2 | f_mmd_reserved_context=5% source=test | wise_ft_skipped rows=2000>=2000,30,1,epoch_chunk,accuracy,0.878125,0.90625,0.878125,0.90625,8,True,False,,f_mmd,test,standardized_l2,2.949952197919472,0.8003382614280132,,True
microaggregation2,/home/crc00006699/zh/tabiclv2/data184/microaggregation2,multiclass,16000,3200,4000,20,5,0.63875,0.59243350571853,0.4206708865542555,0.8280501655744068,0.877415373803042,23.044918298721317,7.586593151092529,ok,,16000,12800,0,4000,0.9748669862747192,True,0.1,False,22,1e-05,True,22.428094625473022,full_train_epoch_chunks,full train set chunked per epoch | validation=dataset_val_split | c_selection=f_mmd c_source=test c_metric=standardized_l2 | f_mmd_reserved_context=5% source=test | wise_ft_skipped rows=20000>=2000,30,2,epoch_chunk,accuracy,0.6478125,0.6525,0.6478125,0.6525,3,True,False,,f_mmd,test,standardized_l2,7.760386354983574,5.846089285902546,,True
mozilla4,/home/crc00006699/zh/tabiclv2/data184/mozilla4,binclass,12436,2488,3109,4,2,0.941781923448054,0.9409565150992094,0.9214344788397468,0.9725795320392664,0.173206432806446,12.119276523590088,2.3037798404693604,ok,,12436,9948,0,3109,0.2163989692926406,True,0.1,False,10,1e-05,True,12.05716848373413,full_train_epoch_chunks,full train set chunked per epoch | validation=dataset_val_split | c_selection=f_mmd c_source=test c_metric=standardized_l2 | f_mmd_reserved_context=5% source=test | wise_ft_skipped rows=15545>=2000,30,1,epoch_chunk,accuracy,0.935289389067524,0.9364951768488746,0.935289389067524,0.9364951768488746,2,True,False,,f_mmd,test,standardized_l2,5.4235358312866895,7.008580170893903,,True
okcupid_stem,/home/crc00006699/zh/tabiclv2/data184/okcupid_stem,multiclass,21341,4269,5336,13,3,0.7477511244377811,0.6849794404902462,0.4850058387531222,0.8037410727276749,0.5961390540402951,28.471174240112305,10.41655135154724,ok,,21341,17072,0,5336,0.6018040478229523,True,0.1,False,24,1e-05,True,28.184778928756717,full_train_epoch_chunks,full train set chunked per epoch | validation=dataset_val_split | c_selection=f_mmd c_source=test c_metric=standardized_l2 | f_mmd_reserved_context=5% source=test | wise_ft_skipped rows=26677>=2000,30,2,epoch_chunk,accuracy,0.7425626610447411,0.7486530803466854,0.7425626610447411,0.7486530803466854,4,True,False,,f_mmd,test,standardized_l2,3.149709937965849,0.9124517443517138,,True
optdigits,/home/crc00006699/zh/tabiclv2/data184/optdigits,multiclass,4496,900,1124,64,10,0.9955516014234876,0.9955553468062516,0.9955433346880715,0.9999903151083072,0.010872554208072,12.046191930770874,2.7335379123687744,ok,,4496,3596,0,1124,0.0226501766592264,True,0.1,False,8,1e-05,True,11.797695875167848,full_train_epoch_chunks,full train set chunked per epoch | validation=dataset_val_split | c_selection=f_mmd c_source=test c_metric=standardized_l2 | f_mmd_reserved_context=5% source=test | wise_ft_skipped rows=5620>=2000,30,1,epoch_chunk,accuracy,0.99,0.99,0.99,0.99,0,True,False,,f_mmd,test,standardized_l2,312326485513.6084,2946482171258.6685,,True
ozone_level,/home/crc00006699/zh/tabiclv2/data184/ozone_level,binclass,2028,406,508,36,2,0.9803149606299212,0.9725192154161644,0.4989979959919839,0.8726341572032954,0.0781169923227857,6.935701608657837,0.851503849029541,ok,,2028,1622,0,508,0.0861878991127014,True,0.1,False,10,1e-05,True,6.793177604675293,full_train_epoch_chunks,full train set chunked per epoch | validation=dataset_val_split | c_selection=f_mmd c_source=test c_metric=standardized_l2 | f_mmd_reserved_context=5% source=test | wise_ft_skipped rows=2536>=2000,30,1,epoch_chunk,accuracy,0.9655172413793104,0.9679802955665024,0.9655172413793104,0.9679802955665024,2,True,False,,f_mmd,test,standardized_l2,4.148307381103008,0.3036468978766795,,True
pc1,/home/crc00006699/zh/tabiclv2/data184/pc1,binclass,887,178,222,21,2,0.9414414414414416,0.9330171853150268,0.6594202898550725,0.8996779388083737,0.1541772844812614,4.672793865203857,0.5340931415557861,ok,,887,709,0,222,0.1440110802650451,True,0.1,True,14,1e-05,True,4.628413677215576,full_train_epoch_chunks,full train set chunked per epoch | validation=dataset_val_split | c_selection=f_mmd c_source=test c_metric=standardized_l2 | f_mmd_reserved_context=5% source=test | wise_ft=alpha0.1 rows=1109<2000,30,1,epoch_chunk,accuracy,0.9269662921348316,0.949438202247191,0.9269662921348316,0.949438202247191,6,True,False,,f_mmd,test,standardized_l2,11.125933531469434,26.702626696384275,,True
pc4,/home/crc00006699/zh/tabiclv2/data184/pc4,binclass,1166,234,292,37,2,0.9143835616438356,0.9116029244097732,0.7721354166666667,0.9619140625,0.174739181480114,6.906538248062134,0.509850263595581,ok,,1166,932,0,292,0.1390165388584137,True,0.1,True,15,1e-05,True,6.833770990371704,full_train_epoch_chunks,full train set chunked per epoch | validation=dataset_val_split | c_selection=f_mmd c_source=test c_metric=standardized_l2 | f_mmd_reserved_context=5% source=test | wise_ft=alpha0.1 rows=1458<2000,30,1,epoch_chunk,accuracy,0.9145299145299144,0.9230769230769232,0.9145299145299144,0.9230769230769232,7,True,False,,f_mmd,test,standardized_l2,16.153503508236025,37.60305142934611,,True
phoneme,/home/crc00006699/zh/tabiclv2/data184/phoneme,binclass,4323,865,1081,5,2,0.902867715078631,0.9022607404330292,0.8768353510495979,0.9646762019588088,0.2375696810335842,7.900824785232544,0.6712982654571533,ok,,4323,3458,0,1081,0.1857100576162338,True,0.1,False,21,1e-05,True,7.866865634918213,full_train_epoch_chunks,full train set chunked per epoch | validation=dataset_val_split | c_selection=f_mmd c_source=test c_metric=standardized_l2 | f_mmd_reserved_context=5% source=test | wise_ft_skipped rows=5404>=2000,30,1,epoch_chunk,accuracy,0.908670520231214,0.9144508670520232,0.908670520231214,0.9144508670520232,13,True,False,,f_mmd,test,standardized_l2,2.7404465402045703,0.4800843746351527,,True
predict_students_dropout_and_academic_success,/home/crc00006699/zh/tabiclv2/data184/predict_students_dropout_and_academic_success,multiclass,3539,708,885,34,3,0.7627118644067796,0.7575290003644134,0.6889363730119697,0.8839593668086895,0.5812168222152804,6.558138847351074,1.356618881225586,ok,,3539,2831,0,885,0.5200841426849365,True,0.1,False,8,1e-05,True,6.405547618865967,full_train_epoch_chunks,full train set chunked per epoch | validation=dataset_val_split | c_selection=f_mmd c_source=test c_metric=standardized_l2 | f_mmd_reserved_context=5% source=test | wise_ft_skipped rows=4424>=2000,30,1,epoch_chunk,accuracy,0.7909604519774012,0.7909604519774012,0.7909604519774012,0.7909604519774012,0,True,False,,f_mmd,test,standardized_l2,3.178959492227599,0.6719897009959964,,True
ringnorm,/home/crc00006699/zh/tabiclv2/data184/ringnorm,binclass,5920,1184,1480,20,2,0.9797297297297296,0.9797243968514688,0.9796128579803524,0.9969938873273904,0.0634838549134939,7.632355690002441,2.2502429485321045,ok,,5920,4736,0,1480,0.0701059699058532,True,0.1,False,8,1e-05,True,7.527047872543335,full_train_epoch_chunks,full train set chunked per epoch | validation=dataset_val_split | c_selection=f_mmd c_source=test c_metric=standardized_l2 | f_mmd_reserved_context=5% source=test | wise_ft_skipped rows=7400>=2000,30,1,epoch_chunk,accuracy,0.9805743243243245,0.9805743243243245,0.9805743243243245,0.9805743243243245,0,True,False,,f_mmd,test,standardized_l2,2.747028854489127,0.3293774769992377,,True
satimage,/home/crc00006699/zh/tabiclv2/data184/satimage,multiclass,5144,1029,1286,36,6,0.9346811819595644,0.932673450840424,0.9133607690663628,0.994857604165602,0.1645104795192549,15.881417274475098,2.316141128540039,ok,,5144,4115,0,1286,0.1738372594118118,True,0.1,False,15,1e-05,True,15.720205068588257,full_train_epoch_chunks,full train set chunked per epoch | validation=dataset_val_split | c_selection=f_mmd c_source=test c_metric=standardized_l2 | f_mmd_reserved_context=5% source=test | wise_ft_skipped rows=6430>=2000,30,1,epoch_chunk,accuracy,0.9222546161321672,0.9271137026239068,0.9222546161321672,0.9271137026239068,7,True,False,,f_mmd,test,standardized_l2,4.272404297459221,0.7978666392829579,,True
seismic+bumps,/home/crc00006699/zh/tabiclv2/data184/seismic+bumps,binclass,2067,414,517,18,2,0.9342359767891684,0.9024719535783364,0.5,0.7186091828035562,0.2341060089409529,4.348947286605835,0.5873556137084961,ok,,2067,1653,0,517,0.1928274855017662,True,0.1,False,12,1e-05,True,4.296690225601196,full_train_epoch_chunks,full train set chunked per epoch | validation=dataset_val_split | c_selection=f_mmd c_source=test c_metric=standardized_l2 | f_mmd_reserved_context=5% source=test | wise_ft_skipped rows=2584>=2000,30,1,epoch_chunk,accuracy,0.9347826086956522,0.9371980676328504,0.9347826086956522,0.9371980676328504,4,True,False,,f_mmd,test,standardized_l2,4.562025277111943,5.192427614330208,,True
shill-bidding,/home/crc00006699/zh/tabiclv2/data184/shill-bidding,binclass,5056,1012,1265,3,2,0.9019762845849802,0.8702746870359778,0.5570756104736687,0.9018862499665676,0.2132579714481227,6.641423940658569,0.4493477344512939,ok,,5056,4044,0,1265,0.2250096872448921,True,0.1,False,11,1e-05,True,6.611498832702637,full_train_epoch_chunks,full train set chunked per epoch | validation=dataset_val_split | c_selection=f_mmd c_source=test c_metric=standardized_l2 | f_mmd_reserved_context=5% source=test | wise_ft_skipped rows=6321>=2000,30,1,epoch_chunk,accuracy,0.8843873517786561,0.8853754940711462,0.8843873517786561,0.8853754940711462,3,True,False,,f_mmd,test,standardized_l2,2.0413201483413843,0.3177568350216614,,True
shuttle,/home/crc00006699/zh/tabiclv2/data184/shuttle,multiclass,46400,9280,11600,9,7,0.9994827586206896,0.9994652375985246,0.9158705054807972,0.999994477686686,0.001506786020539,59.78803515434265,37.79504084587097,ok,,46400,37120,0,11600,0.0017387781990692,True,0.1,False,48,1e-05,True,59.43924140930176,full_train_epoch_chunks,full train set chunked per epoch | validation=dataset_val_split | c_selection=f_mmd c_source=test c_metric=standardized_l2 | f_mmd_reserved_context=5% source=test | wise_ft_skipped rows=58000>=2000,30,4,epoch_chunk,accuracy,0.9994612068965516,0.9996767241379312,0.9994612068965516,0.9996767241379312,4,True,False,,f_mmd,test,standardized_l2,22.80700584394661,221.7299504238051,,True
splice,/home/crc00006699/zh/tabiclv2/data184/splice,multiclass,2552,511,638,60,3,0.9655172413793104,0.9654889440553228,0.9592266397846636,0.9958651788724878,0.1054135385964158,16.26897668838501,1.370905876159668,ok,,2552,2041,0,638,0.0947722941637039,True,0.1,False,18,1e-05,True,16.054600715637207,full_train_epoch_chunks,full train set chunked per epoch | validation=dataset_val_split | c_selection=f_mmd c_source=test c_metric=standardized_l2 | f_mmd_reserved_context=5% source=test | wise_ft_skipped rows=3190>=2000,30,1,epoch_chunk,accuracy,0.9569471624266144,0.9686888454011742,0.9569471624266144,0.9686888454011742,10,True,False,,f_mmd,test,standardized_l2,1.5115603133141056,0.0862894879792774,,True
statlog,/home/crc00006699/zh/tabiclv2/data184/statlog,binclass,800,160,200,20,2,0.745,0.7268498942917547,0.6464285714285715,0.7695238095238095,0.5154574594344045,2.8461408615112305,0.4827444553375244,ok,,800,640,0,200,0.5409709215164185,True,0.1,True,8,1e-05,True,2.7947704792022705,full_train_epoch_chunks,full train set chunked per epoch | validation=dataset_val_split | c_selection=f_mmd c_source=test c_metric=standardized_l2 | f_mmd_reserved_context=5% source=test | wise_ft=alpha0.1 rows=1000<2000,30,1,epoch_chunk,accuracy,0.75625,0.75625,0.75625,0.75625,0,True,False,,f_mmd,test,standardized_l2,2.74364933734693,0.4201239668637038,,True
svmguide3,/home/crc00006699/zh/tabiclv2/data184/svmguide3,binclass,994,199,249,22,2,0.8594377510040161,0.8486950282519657,0.7423245614035088,0.9015899122807016,0.3195801822928941,3.295372724533081,0.5988404750823975,ok,,994,795,0,249,0.3233745843172073,True,0.1,True,8,1e-05,True,3.2289299964904785,full_train_epoch_chunks,full train set chunked per epoch | validation=dataset_val_split | c_selection=f_mmd c_source=test c_metric=standardized_l2 | f_mmd_reserved_context=5% source=test | wise_ft=alpha0.1 rows=1243<2000,30,1,epoch_chunk,accuracy,0.8492462311557789,0.8492462311557789,0.8492462311557789,0.8492462311557789,0,True,False,,f_mmd,test,standardized_l2,15.49867858206968,11.778998009371666,,True
taiwanese_bankruptcy_prediction,/home/crc00006699/zh/tabiclv2/data184/taiwanese_bankruptcy_prediction,binclass,5455,1091,1364,95,2,0.9706744868035192,0.9632550524302907,0.6003787878787878,0.9385847107438016,0.0860544983995521,16.54521369934082,3.8076016902923584,ok,,5455,4364,0,1364,0.0637085102498531,True,0.1,False,8,1e-05,True,16.11892318725586,full_train_epoch_chunks,full train set chunked per epoch | validation=dataset_val_split | c_selection=f_mmd c_source=test c_metric=standardized_l2 | f_mmd_reserved_context=5% source=test | wise_ft_skipped rows=6819>=2000,30,1,epoch_chunk,accuracy,0.9688359303391384,0.9688359303391384,0.9688359303391384,0.9688359303391384,0,True,False,,f_mmd,test,standardized_l2,629656202859.0387,4527013016994.145,,True
thyroid,/home/crc00006699/zh/tabiclv2/data184/thyroid,multiclass,5760,1152,1440,21,3,0.99375,0.9936297268806006,0.9442402574435584,0.9997438609996,0.0161246374259744,7.359297275543213,1.880495309829712,ok,,5760,4608,0,1440,0.0102834720164537,True,0.1,False,8,1e-05,True,7.267084360122681,full_train_epoch_chunks,full train set chunked per epoch | validation=dataset_val_split | c_selection=f_mmd c_source=test c_metric=standardized_l2 | f_mmd_reserved_context=5% source=test | wise_ft_skipped rows=7200>=2000,30,1,epoch_chunk,accuracy,0.9921875,0.9921875,0.9921875,0.9921875,0,True,False,,f_mmd,test,standardized_l2,11781.249630798431,178547.55553335187,,True
thyroid-dis,/home/crc00006699/zh/tabiclv2/data184/thyroid-dis,multiclass,2240,448,560,26,5,0.6875,0.6658996943371944,0.4008697724294054,0.8698585391111028,0.7081018592441158,10.095383405685425,0.775425910949707,ok,,2240,1792,0,560,0.6803955435752869,True,0.1,False,20,1e-05,True,10.005001544952393,full_train_epoch_chunks,full train set chunked per epoch | validation=dataset_val_split | c_selection=f_mmd c_source=test c_metric=standardized_l2 | f_mmd_reserved_context=5% source=test | wise_ft_skipped rows=2800>=2000,30,1,epoch_chunk,accuracy,0.7321428571428571,0.7388392857142857,0.7321428571428571,0.7388392857142857,12,True,False,,f_mmd,test,standardized_l2,766239554859.5498,7228689503083.428,,True
twonorm,/home/crc00006699/zh/tabiclv2/data184/twonorm,binclass,5920,1184,1480,20,2,0.979054054054054,0.979053719358804,0.9790604073418688,0.9984057677241924,0.0525985285319263,7.187824487686157,1.965064287185669,ok,,5920,4736,0,1480,0.064941618591547,True,0.1,False,8,1e-05,True,6.98930549621582,full_train_epoch_chunks,full train set chunked per epoch | validation=dataset_val_split | c_selection=f_mmd c_source=test c_metric=standardized_l2 | f_mmd_reserved_context=5% source=test | wise_ft_skipped rows=7400>=2000,30,1,epoch_chunk,accuracy,0.9755067567567568,0.9755067567567568,0.9755067567567568,0.9755067567567568,0,True,False,,f_mmd,test,standardized_l2,1.761686861999127,0.1743646596808319,,True
wall-robot-navigation,/home/crc00006699/zh/tabiclv2/data184/wall-robot-navigation,multiclass,4364,873,1092,24,4,0.9862637362637364,0.9862691526258968,0.9852891156462584,0.9997752116775936,0.0343339476976991,9.357776880264282,1.5759119987487793,ok,,4364,3491,0,1092,0.0317756496369838,True,0.1,False,13,1e-05,True,9.250882148742676,full_train_epoch_chunks,full train set chunked per epoch | validation=dataset_val_split | c_selection=f_mmd c_source=test c_metric=standardized_l2 | f_mmd_reserved_context=5% source=test | wise_ft_skipped rows=5456>=2000,30,1,epoch_chunk,accuracy,0.97709049255441,0.981672394043528,0.97709049255441,0.981672394043528,5,True,False,,f_mmd,test,standardized_l2,2.5274459566071394,0.3062365322860261,,True
waveform-5000,/home/crc00006699/zh/tabiclv2/data184/waveform-5000,multiclass,4000,800,1000,40,3,0.866,0.8658989791501335,0.8661816144967434,0.9777070653862736,0.2621689678814785,7.225427627563477,1.665844440460205,ok,,4000,3200,0,1000,0.2438002824783325,True,0.1,False,8,1e-05,True,7.081555604934692,full_train_epoch_chunks,full train set chunked per epoch | validation=dataset_val_split | c_selection=f_mmd c_source=test c_metric=standardized_l2 | f_mmd_reserved_context=5% source=test | wise_ft_skipped rows=5000>=2000,30,1,epoch_chunk,accuracy,0.86875,0.86875,0.86875,0.86875,0,True,False,,f_mmd,test,standardized_l2,1.5964716001350108,0.1043261650836458,,True
website_phishing,/home/crc00006699/zh/tabiclv2/data184/website_phishing,multiclass,1082,217,271,9,3,0.911439114391144,0.9115135523667396,0.881096681096681,0.97926662672431,0.2419726066895778,2.5142157077789307,0.2849035263061523,ok,,1082,865,0,271,0.2041885703802108,True,0.1,True,8,1e-05,True,2.482208490371704,full_train_epoch_chunks,full train set chunked per epoch | validation=dataset_val_split | c_selection=f_mmd c_source=test c_metric=standardized_l2 | f_mmd_reserved_context=5% source=test | wise_ft=alpha0.1 rows=1353<2000,30,1,epoch_chunk,accuracy,0.9216589861751152,0.9216589861751152,0.9216589861751152,0.9216589861751152,0,True,False,,f_mmd,test,standardized_l2,2.183467463771005,0.1504512705193601,,True
wine-quality-red,/home/crc00006699/zh/tabiclv2/data184/wine-quality-red,multiclass,1279,256,320,4,6,0.675,0.6602838837287214,0.3905586192810457,0.8413283117951172,0.7885644056367391,5.529037952423096,0.3075203895568847,ok,,1279,1023,0,320,0.723953127861023,True,0.1,True,20,1e-05,True,5.509085893630981,full_train_epoch_chunks,full train set chunked per epoch | validation=dataset_val_split | c_selection=f_mmd c_source=test c_metric=standardized_l2 | f_mmd_reserved_context=5% source=test | wise_ft=alpha0.1 rows=1599<2000,30,1,epoch_chunk,accuracy,0.64453125,0.65625,0.64453125,0.65625,12,True,False,,f_mmd,test,standardized_l2,7.576596067748486,6.863023109459584,,True
yeast,/home/crc00006699/zh/tabiclv2/data184/yeast,multiclass,1187,238,297,8,10,0.6296296296296297,0.6224319492977938,0.5797689080008096,0.8854398555172655,0.985270778958132,2.529097557067871,0.3140387535095215,ok,,1187,949,0,297,1.0142824053764343,True,0.1,True,8,1e-05,True,2.501596450805664,full_train_epoch_chunks,full train set chunked per epoch | validation=dataset_val_split | c_selection=f_mmd c_source=test c_metric=standardized_l2 | f_mmd_reserved_context=5% source=test | wise_ft=alpha0.1 rows=1484<2000,30,1,epoch_chunk,accuracy,0.5672268907563025,0.5672268907563025,0.5672268907563025,0.5672268907563025,0,True,False,,f_mmd,test,standardized_l2,12.46185473875808,11.962263109816169,,True
